run_id,task_id,base_graph_id,base_instance_id,size_stratum,stress_level,n_edges,feasible_state_fraction,dilution_score,arm,optimizer,source_p2_seed,eval_budget,budget_multiplier,reused_from_continuation,initial_parameters,terminal_parameters,best_evaluated_parameters,objective_start,objective_final,terminal_objective,best_evaluated_objective,objective_improvement,best_evaluated_objective_improvement,p_feas_start,p_feas_final,p_feas_best_evaluated,p_opt_start,p_opt_final,p_opt_best_evaluated,p_opt_given_feasible_start,p_opt_given_feasible_final,p_opt_given_feasible_best_evaluated,G_feas_start,G_feas_final,G_feas_best_evaluated,state_norm_start,state_norm_final,state_norm_best_evaluated,expected_routing_component,expected_flow_penalty,expected_resource_penalty,expected_total_penalty,component_sum,component_sum_error,mass_valid_flow_resource_feasible,mass_flow_invalid_resource_feasible,mass_flow_valid_resource_violating,mass_both_flow_and_resource_violating,mass_flow_invalid,mass_resource_violating,mass_category_sum,classification,optimizer_nfev,tracked_optimizer_evaluations,diagnostic_start_evaluations,total_objective_evaluations,optimizer_status,optimizer_message,scipy_success,numerically_valid,runtime_s,peak_memory_mb,execution_status,failure_reason,config_sha256,optimizer_seed,original_p3_objective,original_p3_p_feas,original_p3_p_opt,original_p3_G_feas,continuation_objective_recovery_vs_random,continuation_delta_p_feas_vs_random,continuation_delta_p_opt_vs_random,continuation_delta_G_vs_random
diag-run-a1101b3de2cee30ccf54,task-v2-4e78b3f98433,g-553bb3c5ba0f2136,v2-S1-b001-g-553bb3c5ba0f2136,S1,D1,7,0.0078125,2.1072099696478683,P3_CONTINUATION_B1,COBYLA,1103,120,1,False,"[1.6943290289611375, 4.238012900972635, 0.0, 2.425342072178163, 0.1685275075675178, 0.0]","[1.6940759091301048, 4.237260355347124, -0.00016307840191711283, 2.4254343208967497, 0.16854473116246974, -0.00010933819734880424]","[1.6940759091301048, 4.237260355347124, -0.00016307840191711283, 2.4254343208967497, 0.16854473116246974, -0.00010933819734880424]",1.7075527106223567,1.707552271199142,1.707552271199142,1.707552271199142,4.394232147042487e-07,4.394232147042487e-07,0.054451953239791,0.05442038810524,0.05442038810524,0.054451953239791,0.05442038810524,0.05442038810524,1.0,1.0,1.0,0.8432234325467988,0.8429716043235651,0.8429716043235651,0.9999999999999998,1.0000000000000009,1.0000000000000009,0.0672277027074785,1.2142583261089754,0.426066242382688,1.6403245684916634,1.707552271199142,0.0,0.05442038810524,0.5909598916998657,0.0478372689545024,0.3067824512403923,0.8977423429402581,0.3546197201948948,1.0000000000000009,OBJECTIVE_IMPROVES_FEASIBILITY_WORSENS,60,60,1,61,0,Return from COBYLA because the trust region radius reaches its lower bound.,True,True,0.1316566886380314,134.60546875,SUCCESS,,4125a14ecf0cf9f70644007cd1634ecf6f1e07fa3cd07fca5698b5513f958820,1103,1.6231261882965546,0.002835945218821,0.002835945218821,-0.4400921929079322,-0.08442608290258735,0.051584442886418995,0.051584442886418995,1.2830637972314973
diag-run-047317764f00700e3c8b,task-v2-4e78b3f98433,g-553bb3c5ba0f2136,v2-S1-b001-g-553bb3c5ba0f2136,S1,D1,7,0.0078125,2.1072099696478683,P3_CONTINUATION_B1,COBYLA,2207,120,1,False,"[3.2617673516882473, 5.94505017619575, 0.0, 2.3753965412699434, -0.40746338949101585, 0.0]","[3.3146909765764327, 5.711794846944455, 0.6801956364282501, 2.321119796845838, -0.32536254030451095, -0.13756896433670238]","[3.3146909765764327, 5.711794846944455, 0.6801956364282501, 2.321119796845838, -0.32536254030451095, -0.13756896433670238]",1.687431451865166,1.6713865897185811,1.6713865897185811,1.6713865897185811,0.0160448621465847,0.0160448621465847,0.0159270138085219,0.0163314931363076,0.0163314931363076,0.0159270138085219,0.0163314931363076,0.0163314931363076,1.0,1.0,1.0,0.3093443262367397,0.3202358623585042,0.3202358623585042,0.9999999999999998,1.0,1.0,0.0589124523476843,1.1762431989231028,0.4362309384477941,1.6124741373708968,1.6713865897185811,0.0,0.0163314931363076,0.6004113604923301,0.0541243112164288,0.3291328351549333,0.9295441956472634,0.3832571463713621,1.0,OBJECTIVE_AND_FEASIBILITY_IMPROVE,120,120,1,121,3,Return from COBYLA because the objective function has been evaluated MAXFUN times.,False,True,0.2733830418437719,134.73046875,SUCCESS,,4125a14ecf0cf9f70644007cd1634ecf6f1e07fa3cd07fca5698b5513f958820,2207,1.626826618338895,0.0523015211587626,0.0523015211587626,0.8257242898965877,-0.044559971379686036,-0.035970028022455,-0.035970028022455,-0.5054884275380835
diag-run-6a91092c5c2a3bf0ee6e,task-v2-4e78b3f98433,g-553bb3c5ba0f2136,v2-S1-b001-g-553bb3c5ba0f2136,S1,D1,7,0.0078125,2.1072099696478683,P3_CONTINUATION_B1,COBYLA,3301,120,1,False,"[1.307318752691071, 1.2991391804027617, 0.0, 2.67102286333235, -0.3163059091851462, 0.0]","[0.9519604968838986, 0.9936566016347889, 0.9787610956601508, 2.7086269823648403, -0.3786333011627684, -0.23563701507750037]","[0.9519604968838986, 0.9936566016347889, 0.9787610956601508, 2.7086269823648403, -0.3786333011627684, -0.23563701507750037]",1.4079863839740818,1.240018148374048,1.240018148374048,1.240018148374048,0.1679682356000338,0.1679682356000338,0.1002946856020147,0.1385015721301386,0.1385015721301386,0.1002946856020147,0.1385015721301386,0.1385015721301386,1.0,1.0,1.0,1.1084878909547582,1.2486646727491948,1.2486646727491948,1.0000000000000002,1.0000000000000004,1.0000000000000004,0.0437734594434764,1.0179267927088622,0.1783178962217093,1.1962446889305716,1.240018148374048,0.0,0.1385015721301386,0.7027996822130533,0.0525829887449973,0.106115756911811,0.8089154391248644,0.1586987456568083,1.0000000000000002,OBJECTIVE_AND_FEASIBILITY_IMPROVE,120,120,1,121,3,Return from COBYLA because the objective function has been evaluated MAXFUN times.,False,True,0.2666617929935455,134.76171875,SUCCESS,,4125a14ecf0cf9f70644007cd1634ecf6f1e07fa3cd07fca5698b5513f958820,3301,1.74080725528821,0.0071046297218334,0.0071046297218334,-0.0412485820020806,0.5007891069141619,0.1313969424083052,0.1313969424083052,1.2899132547512755
diag-run-ee124198b9bcf6240e44,task-v2-f83834022ee2,g-553bb3c5ba0f2136,v2-S1-b001-g-553bb3c5ba0f2136,S1,D2,7,0.015625,1.806179973983887,P3_CONTINUATION_B1,COBYLA,1103,120,1,False,"[1.413635163902173, 4.73105758961043, 0.0, 2.584346588403444, 0.1602227979409323, 0.0]","[1.412396668108301, 4.734880973376411, -0.0007108946666977598, 2.5840854239505577, 0.16154826542242945, -0.0015616167266850258]","[1.412396668108301, 4.734880973376411, -0.0007108946666977598, 2.5840854239505577, 0.16154826542242945, -0.0015616167266850258]",1.5389477825874605,1.5389364989001957,1.5389364989001957,1.5389364989001957,1.128368726477369e-05,1.128368726477369e-05,0.1165600690762756,0.1165549475247032,0.1165549475247032,0.0503655621948515,0.0504001496250785,0.0504001496250785,0.4320996254891792,0.4324153602694261,0.4324153602694261,0.8727297701191603,0.8727106871650077,0.8727106871650077,0.9999999999999988,0.999999999999999,0.999999999999999,0.074441065051404,1.1754216853670272,0.2890737484817645,1.4644954338487917,1.5389364989001957,0.0,0.1165549475247032,0.6307207676801586,0.0202529754421272,0.2324713093530098,0.8631920770331687,0.2527242847951371,0.9999999999999988,OBJECTIVE_IMPROVES_FEASIBILITY_WORSENS,71,71,1,72,0,Return from COBYLA because the trust region radius reaches its lower bound.,True,True,0.1592083536088466,134.35546875,SUCCESS,,4125a14ecf0cf9f70644007cd1634ecf6f1e07fa3cd07fca5698b5513f958820,1103,1.5653773961432011,0.019653529095641,0.0146852274056855,0.0996205200005613,0.026440897243005468,0.0969014184290622,0.035714922219393,0.7730901671644463
diag-run-3259ded59e93db7cc1bb,task-v2-f83834022ee2,g-553bb3c5ba0f2136,v2-S1-b001-g-553bb3c5ba0f2136,S1,D2,7,0.015625,1.806179973983887,P3_CONTINUATION_B1,COBYLA,2207,120,1,False,"[3.446785770283552, 4.257463579873268, 0.0, 1.2003831452582399, 1.1523700333710754, 0.0]","[3.887258763464037, 4.366601001296419, -0.6759563051287164, 1.0924551637366233, 1.0390872832754583, 0.30485719360176133]","[3.887258763464037, 4.366601001296419, -0.6759563051287164, 1.0924551637366233, 1.0390872832754583, 0.30485719360176133]",1.827662903124119,1.701986188806698,1.701986188806698,1.701986188806698,0.1256767143174209,0.1256767143174209,0.0449529338661405,0.1514539887061607,0.1514539887061607,0.0392537323610066,0.1062070182277365,0.1062070182277365,0.8732184750809625,0.7012493968302883,0.7012493968302883,0.4589380153322296,0.98646068942275,0.98646068942275,1.0000000000000004,0.9999999999999992,0.9999999999999992,0.0845387285582128,1.0624744045313388,0.5549730557171464,1.6174474602484852,1.701986188806698,0.0,0.1514539887061607,0.3330308568566638,0.0271026613168502,0.4884124931203243,0.821443349976988,0.5155151544371745,0.9999999999999992,OBJECTIVE_AND_FEASIBILITY_IMPROVE,120,120,1,121,3,Return from COBYLA because the objective function has been evaluated MAXFUN times.,False,True,0.2682903185486793,134.4140625,SUCCESS,,4125a14ecf0cf9f70644007cd1634ecf6f1e07fa3cd07fca5698b5513f958820,2207,1.563838853115599,0.1631932816201947,0.1472291357609023,1.018882249631292,-0.13814733569109916,-0.011739292914034,-0.0410221175331658,-0.03242156020854192
diag-run-e36645468ddc3f3a586e,task-v2-f83834022ee2,g-553bb3c5ba0f2136,v2-S1-b001-g-553bb3c5ba0f2136,S1,D2,7,0.015625,1.806179973983887,P3_CONTINUATION_B1,COBYLA,3301,120,1,False,"[3.6693799678389927, 4.195975796142059, 0.0, 1.1770428549108263, 1.1657648504052525, 0.0]","[3.9044202650652604, 4.345815655609408, -0.6578430748435581, 1.1031393673161973, 1.0667169409754877, 0.2877649037619789]","[3.9044202650652604, 4.345815655609408, -0.6578430748435581, 1.1031393673161973, 1.0667169409754877, 0.2877649037619789]",1.8248685186398348,1.7020559260147752,1.7020559260147752,1.7020559260147752,0.1228125926250596,0.1228125926250596,0.0561079146934678,0.1539408815565751,0.1539408815565751,0.0473607757066428,0.1080184437303003,0.1080184437303003,0.8441015134030045,0.7016878339143604,0.7016878339143604,0.5552041020003146,0.9935339432416462,0.9935339432416462,0.9999999999999996,1.0000000000000004,1.0000000000000004,0.0846657607143213,1.0568586870761283,0.5605314782243254,1.617390165300454,1.7020559260147752,0.0,0.1539408815565751,0.3235868069205997,0.0271914723037631,0.4952808392190623,0.8188676461396622,0.5224723115228255,1.0000000000000004,OBJECTIVE_AND_FEASIBILITY_IMPROVE,120,120,1,121,3,Return from COBYLA because the objective function has been evaluated MAXFUN times.,False,True,0.2710035648196935,134.4140625,SUCCESS,,4125a14ecf0cf9f70644007cd1634ecf6f1e07fa3cd07fca5698b5513f958820,3301,1.3190617115071412,0.2568082858807293,0.1368163414472526,1.2157890060529188,-0.38299421450763393,-0.1028674043241542,-0.028797897716952306,-0.2222550628112726
diag-run-d1d7d24c71266a194961,task-v2-d7382a83ef13,g-548c8c6335dd2a2e,v2-S1-b000-g-548c8c6335dd2a2e,S1,D2,7,0.015625,1.806179973983887,P3_CONTINUATION_B1,COBYLA,1103,120,1,False,"[1.3782086668752445, 4.601681502666781, 0.0, 2.554680337050873, 0.14831440667307677, 0.0]","[1.3749997365313709, 4.637543622402393, -0.009803079957066868, 2.556798513484951, 0.1454636940034902, 0.0009081655717915359]","[1.3749997365313709, 4.637543622402393, -0.009803079957066868, 2.556798513484951, 0.1454636940034902, 0.0009081655717915359]",1.5767358274755168,1.5762993418256328,1.5762993418256328,1.5762993418256328,0.0004364856498839,0.0004364856498839,0.099888333195524,0.100996100294191,0.100996100294191,0.0449298070060725,0.0454701971616978,0.0454701971616978,0.4498003477355632,0.4502173552171614,0.4502173552171614,0.8056947402409731,0.8104845789208777,0.8104845789208777,1.0000000000000004,1.0000000000000002,1.0000000000000002,0.0691109124757556,1.2110816075730473,0.2961068217768297,1.507188429349877,1.5762993418256326,-2.220446049250313e-16,0.100996100294191,0.6342626845303175,0.0201828861579593,0.2445583290175325,0.8788210135478499,0.2647412151754919,1.0000000000000004,OBJECTIVE_AND_FEASIBILITY_IMPROVE,120,120,1,121,3,Return from COBYLA because the objective function has been evaluated MAXFUN times.,False,True,0.2776658060029149,135.03125,SUCCESS,,4125a14ecf0cf9f70644007cd1634ecf6f1e07fa3cd07fca5698b5513f958820,1103,1.6156165692792386,0.0421490590487546,0.0168402995746246,0.4309678577015876,0.039317227453605774,0.058847041245436396,0.028629897587073197,0.3795167212192901
diag-run-3f386b00c80b08252b03,task-v2-d7382a83ef13,g-548c8c6335dd2a2e,v2-S1-b000-g-548c8c6335dd2a2e,S1,D2,7,0.015625,1.806179973983887,P3_CONTINUATION_B1,COBYLA,2207,120,1,False,"[4.8842099188213615, 6.738175990251219, 0.0, 2.4882356625947186, -0.32227751464685306, 0.0]","[5.713097476069165, 6.838705741886849, -0.26189851981221557, 2.5066611881809764, -0.4725378580412556, 0.2052356132359491]","[5.713097476069165, 6.838705741886849, -0.26189851981221557, 2.5066611881809764, -0.4725378580412556, 0.2052356132359491]",1.4805575381283131,1.3651376944024782,1.3651376944024782,1.3651376944024782,0.1154198437258349,0.1154198437258349,0.150843954523465,0.196569425804615,0.196569425804615,0.0935704573434424,0.1129773092559736,0.1129773092559736,0.6203129428623327,0.5747450743854245,0.5747450743854245,0.9847078833261091,1.099695943039874,1.099695943039874,1.0000000000000009,1.0000000000000009,1.0000000000000009,0.0569408970486958,0.9832610226816282,0.324935774672154,1.3081967973537822,1.365137694402478,-2.220446049250313e-16,0.196569425804615,0.4901909232824035,0.056314617207902,0.2569250337050804,0.7471159569874839,0.3132396509129825,1.0000000000000009,OBJECTIVE_AND_FEASIBILITY_IMPROVE,120,120,1,121,3,Return from COBYLA because the objective function has been evaluated MAXFUN times.,False,True,0.2647293042391538,135.12890625,SUCCESS,,4125a14ecf0cf9f70644007cd1634ecf6f1e07fa3cd07fca5698b5513f958820,2207,1.8041013009278049,0.111912938734673,0.0823014552601957,0.8550602740620825,0.4389636065253266,0.084656487069942,0.030675853995777908,0.24463566897779154
diag-run-7a3f89189f1eff1e07f4,task-v2-d7382a83ef13,g-548c8c6335dd2a2e,v2-S1-b000-g-548c8c6335dd2a2e,S1,D2,7,0.015625,1.806179973983887,P3_CONTINUATION_B1,COBYLA,3301,120,1,False,"[3.032761243412031, 3.331088620118533, 0.0, 3.069783442292192, -0.4785774234800611, 0.0]","[3.0196062126783967, 3.3421832736198254, -0.0027404542223078577, 3.0695497487419634, -0.47983293794475884, 0.0013029040316764422]","[3.0196062126783967, 3.3421832736198254, -0.0027404542223078577, 3.0695497487419634, -0.47983293794475884, 0.0013029040316764422]",1.5136882839514054,1.5135918259351904,1.5135918259351904,1.5135918259351904,9.64580162150508e-05,9.64580162150508e-05,0.1643406008826411,0.1643950641131905,0.1643950641131905,0.1002075385582622,0.1002141149732669,0.1002141149732669,0.6097552158143952,0.6095932108050812,0.6095932108050812,1.0219248445461495,1.022068747889956,1.022068747889956,1.0000000000000004,1.0000000000000009,1.0000000000000009,0.067295231223772,0.9977337248440478,0.4485628698673706,1.4462965947114184,1.5135918259351906,2.220446049250313e-16,0.1643950641131905,0.4036869706726547,0.0651691230919185,0.3667488421222369,0.7704358127948916,0.4319179652141555,1.0000000000000009,OBJECTIVE_AND_FEASIBILITY_IMPROVE,120,120,1,121,3,Return from COBYLA because the objective function has been evaluated MAXFUN times.,False,True,0.2686195308342576,135.12890625,SUCCESS,,4125a14ecf0cf9f70644007cd1634ecf6f1e07fa3cd07fca5698b5513f958820,3301,1.481547803454795,0.1825729760713611,0.1085732820625467,1.0676164689147287,-0.032044022480395284,-0.018177911958170617,-0.008359167089279793,-0.04554772102477278
diag-run-eed8981d8c69cc401ce5,task-v2-73f419868dc6,g-553bb3c5ba0f2136,v2-S1-b001-g-553bb3c5ba0f2136,S1,D3,7,0.0234375,1.630088714928206,P3_CONTINUATION_B1,COBYLA,1103,120,1,False,"[1.7438488525076061, 4.877360859857171, 0.0, 3.125380496550806, -0.4764872455989399, 0.0]","[1.7272974498069331, 4.894940496695847, -0.0036631354262039117, 3.124670070452152, -0.47674312995644363, 0.0020442547312915947]","[1.7272974498069331, 4.894940496695847, -0.0036631354262039117, 3.124670070452152, -0.47674312995644363, 0.0020442547312915947]",1.16418401734986,1.1640335944273337,1.1640335944273337,1.1640335944273337,0.0001504229225262,0.0001504229225262,0.2692989412267526,0.2693789267546866,0.2693789267546866,0.1084846192300934,0.1084377940177412,0.1084377940177412,0.4028408679807927,0.4025474276111119,0.4025474276111119,1.060323360874871,1.0604523332189524,1.0604523332189524,0.9999999999999992,1.0,1.0,0.0744924027628918,0.938690725962126,0.1508504657023159,1.089541191664442,1.164033594427334,2.220446049250313e-16,0.2693789267546866,0.5836353016447029,0.0,0.1469857716006104,0.7306210732453131,0.1469857716006104,1.0,OBJECTIVE_AND_FEASIBILITY_IMPROVE,120,120,1,121,3,Return from COBYLA because the objective function has been evaluated MAXFUN times.,False,True,0.2855452904477715,134.42578125,SUCCESS,,4125a14ecf0cf9f70644007cd1634ecf6f1e07fa3cd07fca5698b5513f958820,1103,1.3177432845047,0.1488099095693424,0.0446035192265474,0.8027205676971045,0.15370969007736623,0.12056901718534421,0.0638342747911938,0.25773176552184784
diag-run-9c8f9a8d34b0b630d916,task-v2-73f419868dc6,g-553bb3c5ba0f2136,v2-S1-b001-g-553bb3c5ba0f2136,S1,D3,7,0.0234375,1.630088714928206,P3_CONTINUATION_B1,COBYLA,2207,120,1,False,"[3.5453770475857507, 3.4895461137174135, 0.0, 1.9042726016470402, 0.5662903258296381, 0.0]","[3.3474388305074165, 3.2989488352071814, 0.22761034734683588, 1.8828950148782884, 0.7254592920298178, -0.15375878844112376]","[3.3474388305074165, 3.2989488352071814, 0.22761034734683588, 1.8828950148782884, 0.7254592920298178, -0.15375878844112376]",1.6916894781543337,1.678406837975018,1.678406837975018,1.678406837975018,0.0132826401793153,0.0132826401793153,0.0148914964532499,0.0177622087377657,0.0177622087377657,0.0049619827868113,0.0078860649745147,0.0078860649745147,0.3332091440500234,0.4439799740528642,0.4439799740528642,-0.1969729426766816,-0.1204143155785328,-0.1204143155785328,1.0,0.9999999999999992,0.9999999999999992,0.0789971804861643,1.356455061680646,0.2429545958082078,1.5994096574888537,1.678406837975018,0.0,0.0177622087377657,0.7542131170023421,0.0,0.2280246742598914,0.9822377912622337,0.2280246742598914,0.9999999999999992,OBJECTIVE_AND_FEASIBILITY_IMPROVE,120,120,1,121,3,Return from COBYLA because the objective function has been evaluated MAXFUN times.,False,True,0.2549589015543461,134.515625,SUCCESS,,4125a14ecf0cf9f70644007cd1634ecf6f1e07fa3cd07fca5698b5513f958820,2207,1.4488393896334535,0.1683437761720976,0.0635915667606933,0.8562857796732255,-0.22956744834156462,-0.15058156743433188,-0.0557055017861786,-0.9767000952517583
diag-run-1c4815b4d7261472acde,task-v2-73f419868dc6,g-553bb3c5ba0f2136,v2-S1-b001-g-553bb3c5ba0f2136,S1,D3,7,0.0234375,1.630088714928206,P3_CONTINUATION_B1,COBYLA,3301,120,1,False,"[3.2011129338142457, 3.180561205852778, 0.0, 1.8769222911534662, 0.5378481181089453, 0.0]","[2.9211964325359006, 3.025199556554887, 0.24724588468135505, 1.8684301039657636, 0.6831459343245954, -0.18198476492672194]","[2.9211964325359006, 3.025199556554887, 0.24724588468135505, 1.8684301039657636, 0.6831459343245954, -0.18198476492672194]",1.6858682581219162,1.6695619378862376,1.6695619378862376,1.6695619378862376,0.0163063202356785,0.0163063202356785,0.0158531358790671,0.0145183128592673,0.0145183128592673,0.0059285552609935,0.0052753023069306,0.0052753023069306,0.3739673529715804,0.3633550508290143,0.3633550508290143,-0.1697961030436427,-0.2079951341679369,-0.2079951341679369,1.0000000000000004,1.0,1.0,0.0795762901859396,1.3592472411707528,0.2307384065295449,1.5899856477002978,1.6695619378862374,-2.220446049250313e-16,0.0145183128592673,0.7707205283531562,0.0,0.2147611587875764,0.9854816871407328,0.2147611587875764,1.0,OBJECTIVE_IMPROVES_FEASIBILITY_WORSENS,120,120,1,121,3,Return from COBYLA because the objective function has been evaluated MAXFUN times.,False,True,0.2705400111153722,134.54296875,SUCCESS,,4125a14ecf0cf9f70644007cd1634ecf6f1e07fa3cd07fca5698b5513f958820,3301,1.3251717992960712,0.1839235935239739,0.0840942694206591,0.894726158576479,-0.34439013859016643,-0.1694052806647066,-0.0788189671137285,-1.1027212927444159
diag-run-70fba1795cc9f4122c4a,task-v2-e442db508705,g-548c8c6335dd2a2e,v2-S1-b000-g-548c8c6335dd2a2e,S1,D1,7,0.0078125,2.1072099696478683,P3_CONTINUATION_B1,COBYLA,1103,120,1,False,"[1.477800657813748, 4.34993797619227, 0.0, 2.440640577618369, 0.14039436331164015, 0.0]","[1.481008805893397, 4.329444237852024, -0.00026446230901212424, 2.4410662664973093, 0.1407904296964016, -0.000880761713396926]","[1.481008805893397, 4.329444237852024, -0.00026446230901212424, 2.4410662664973093, 0.1407904296964016, -0.000880761713396926]",1.6117171955819425,1.61169639078071,1.61169639078071,1.61169639078071,2.080480123245465e-05,2.080480123245465e-05,0.0309282430236393,0.0304806582237248,0.0304806582237248,0.0309282430236393,0.0304806582237248,0.0304806582237248,1.0,1.0,1.0,0.597565218884431,0.5912343109192681,0.5912343109192681,0.9999999999999998,0.9999999999999998,0.9999999999999998,0.0628725463334897,1.2694348815210958,0.2793889629261243,1.5488238444472202,1.61169639078071,0.0,0.0304806582237248,0.7223868815665919,0.034358072218046,0.2127743879916371,0.935161269558229,0.2471324602096831,1.0,OBJECTIVE_IMPROVES_FEASIBILITY_WORSENS,120,120,1,121,3,Return from COBYLA because the objective function has been evaluated MAXFUN times.,False,True,0.2717592157423496,134.98828125,SUCCESS,,4125a14ecf0cf9f70644007cd1634ecf6f1e07fa3cd07fca5698b5513f958820,1103,1.6109772782424756,0.0155910675250959,0.0155910675250959,0.3000858221289474,-0.0007191125382344232,0.0148895906986289,0.0148895906986289,0.29114848879032074
diag-run-8689bb93647d4ab410cf,task-v2-e442db508705,g-548c8c6335dd2a2e,v2-S1-b000-g-548c8c6335dd2a2e,S1,D1,7,0.0078125,2.1072099696478683,P3_CONTINUATION_B1,COBYLA,2207,120,1,False,"[3.879273207878719, 6.298057187376657, 0.0, 2.550077674081783, -0.3874335713792828, 0.0]","[4.825705627687259, 6.524096310251698, -0.04687518099554512, 2.561766993276884, -0.35549925316791986, 0.07533360324009399]","[4.825705627687259, 6.524096310251698, -0.04687518099554512, 2.561766993276884, -0.35549925316791986, 0.07533360324009399]",1.6710622921516056,1.563286069125227,1.563286069125227,1.563286069125227,0.1077762230263785,0.1077762230263785,0.0735805162119946,0.0920310314539043,0.0920310314539043,0.0735805162119946,0.0920310314539043,0.0920310314539043,1.0,1.0,1.0,0.973972799993131,1.0711442591331763,1.0711442591331763,0.9999999999999996,0.9999999999999998,0.9999999999999998,0.0658114526110444,1.039869318821974,0.4576052976922089,1.4974746165141828,1.5632860691252273,2.220446049250313e-16,0.0920310314539043,0.4703210325730605,0.1038313320501414,0.3338166039228932,0.8041376364959538,0.4376479359730347,0.9999999999999996,OBJECTIVE_AND_FEASIBILITY_IMPROVE,120,120,1,121,3,Return from COBYLA because the objective function has been evaluated MAXFUN times.,False,True,0.2720403261482715,135.07421875,SUCCESS,,4125a14ecf0cf9f70644007cd1634ecf6f1e07fa3cd07fca5698b5513f958820,2207,1.907990357995459,0.0474608763650312,0.0474608763650312,0.7835457228503703,0.34470428887023186,0.044570155088873104,0.044570155088873104,0.28759853628280607
diag-run-409d9ce94fd179d008dd,task-v2-e442db508705,g-548c8c6335dd2a2e,v2-S1-b000-g-548c8c6335dd2a2e,S1,D1,7,0.0078125,2.1072099696478683,P3_CONTINUATION_B1,COBYLA,3301,120,1,False,"[2.7723638353221602, 3.568660695598161, 0.0, 3.0688492111878953, -0.4992284504091515, 0.0]","[2.680905561166849, 3.5056763867596046, 0.5259695758720643, 3.0544283694540417, -0.4101686224880786, -0.11569698587035417]","[2.680905561166849, 3.5056763867596046, 0.5259695758720643, 3.0544283694540417, -0.4101686224880786, -0.11569698587035417]",1.5859170053675018,1.5648622119105828,1.5648622119105828,1.5648622119105828,0.0210547934569189,0.0210547934569189,0.0955316564577685,0.0994848900082902,0.0994848900082902,0.0955316564577685,0.0994848900082902,0.0994848900082902,1.0,1.0,1.0,1.087357277847213,1.1049670937671032,1.1049670937671032,1.0,1.0000000000000004,1.0000000000000004,0.0658021075084569,1.0072352906796749,0.4918248137224512,1.499060104402126,1.5648622119105828,0.0,0.0994848900082902,0.4280664692158118,0.1227006400265539,0.3497480007493442,0.7778144699651561,0.4724486407758981,1.0000000000000002,OBJECTIVE_AND_FEASIBILITY_IMPROVE,120,120,1,121,3,Return from COBYLA because the objective function has been evaluated MAXFUN times.,False,True,0.2767477873712778,135.07421875,SUCCESS,,4125a14ecf0cf9f70644007cd1634ecf6f1e07fa3cd07fca5698b5513f958820,3301,1.5936407386978046,0.0320556620705403,0.0320556620705403,0.6131147207822333,0.028778526787221814,0.06742922793774989,0.06742922793774989,0.49185237298486995
diag-run-d708f3ed32640ac2abfb,task-v2-ce7fc44fc7b5,g-548c8c6335dd2a2e,v2-S1-b000-g-548c8c6335dd2a2e,S1,D3,7,0.0234375,1.630088714928206,P3_CONTINUATION_B1,COBYLA,1103,120,1,False,"[1.2230132147294046, 4.782995288064548, 0.0, 2.701315695909157, 0.11815955664767501, 0.0]","[1.222382655752871, 4.804024094073824, -0.0030879796521699142, 2.6985770583842705, 0.12229434007616986, -0.0026221530556022983]","[1.222382655752871, 4.804024094073824, -0.0030879796521699142, 2.6985770583842705, 0.12229434007616986, -0.0026221530556022983]",1.4606063228435135,1.4604830995534934,1.4604830995534934,1.4604830995534934,0.0001232232900201,0.0001232232900201,0.1354543708242046,0.1355326454564772,0.1355326454564772,0.0506567742558499,0.0505069000850622,0.0505069000850622,0.3739766679186252,0.3726548678730044,0.3726548678730044,0.7618817382819428,0.7621326303156719,0.7621326303156719,0.9999999999999996,1.0000000000000009,1.0000000000000009,0.0762773538457023,1.1840873311324274,0.2001184145753636,1.384205745707791,1.4604830995534934,0.0,0.1355326454564772,0.6811188283033921,0.0,0.1833485262401314,0.8644673545435235,0.1833485262401314,1.0000000000000009,OBJECTIVE_AND_FEASIBILITY_IMPROVE,120,120,1,121,3,Return from COBYLA because the objective function has been evaluated MAXFUN times.,False,True,0.2859584996476769,134.6875,SUCCESS,,4125a14ecf0cf9f70644007cd1634ecf6f1e07fa3cd07fca5698b5513f958820,1103,1.4671321646577955,0.1269645324561242,0.0438775516157423,0.7337711326569516,0.0066490651043020765,0.008568113000352984,0.006629348469319903,0.028361497658720314
diag-run-a72646e397e9bd902842,task-v2-ce7fc44fc7b5,g-548c8c6335dd2a2e,v2-S1-b000-g-548c8c6335dd2a2e,S1,D3,7,0.0234375,1.630088714928206,P3_CONTINUATION_B1,COBYLA,2207,120,1,False,"[6.057428853187273, 4.377771129103387, 0.0, 2.7001753060835285, 0.12927775915703282, 0.0]","[6.105255901979322, 4.373888994771447, 0.0017303756358086244, 2.6998740366129894, 0.12657818951640518, -0.0032653094013129175]","[6.105255901979322, 4.373888994771447, 0.0017303756358086244, 2.6998740366129894, 0.12657818951640518, -0.0032653094013129175]",1.261482475324296,1.2602882371218822,1.2602882371218822,1.2602882371218822,0.0011942382024137,0.0011942382024137,0.297342946902572,0.2970689639076634,0.2970689639076634,0.1153029515555255,0.1158993787652253,0.1158993787652253,0.3877776579422477,0.3901430066630919,0.3901430066630919,1.1033463562413153,1.1029459964602044,1.1029459964602044,1.0,0.9999999999999996,0.9999999999999996,0.075969361188115,0.9210101173787985,0.2633087585549687,1.184318875933767,1.2602882371218822,0.0,0.2970689639076634,0.4497627513453514,0.0,0.2531682847469846,0.7029310360923361,0.2531682847469846,0.9999999999999994,OBJECTIVE_IMPROVES_FEASIBILITY_WORSENS,120,120,1,121,3,Return from COBYLA because the objective function has been evaluated MAXFUN times.,False,True,0.2631901884451508,134.7734375,SUCCESS,,4125a14ecf0cf9f70644007cd1634ecf6f1e07fa3cd07fca5698b5513f958820,2207,1.2835095463474888,0.2934359991382947,0.1198432230583082,1.0976021075576956,0.023221309225606612,0.003632964769368696,-0.003943844293082907,0.005343888902508809
diag-run-bf0a0dd7e8b9d72b3a7d,task-v2-ce7fc44fc7b5,g-548c8c6335dd2a2e,v2-S1-b000-g-548c8c6335dd2a2e,S1,D3,7,0.0234375,1.630088714928206,P3_CONTINUATION_B1,COBYLA,3301,120,1,False,"[1.9479617096463702, 0.6266568289030283, 0.0, 1.576806729659442, 1.1946472781263702, 0.0]","[1.1540017419480708, 0.3537023611411845, 1.0496244305440023, 1.5308248640302606, 1.2212628288122238, -0.2797627609407787]","[1.1540017419480708, 0.3537023611411845, 1.0496244305440023, 1.5308248640302606, 1.2212628288122238, -0.2797627609407787]",1.5752417685566071,1.1558830707093692,1.1558830707093692,1.1558830707093692,0.4193586978472379,0.4193586978472379,0.1053807211098925,0.2204212232718358,0.2204212232718358,0.0411706656423204,0.0880158572229679,0.0880158572229679,0.3906849868619425,0.3993075436044643,0.3993075436044643,0.6528498810094969,0.9733421231936842,0.9733421231936842,0.9999999999999992,0.999999999999999,0.999999999999999,0.061344263538791,1.0013984861509568,0.0931403210196211,1.094538807170578,1.155883070709369,-2.220446049250313e-16,0.2204212232718358,0.6940043784763106,0.0,0.0855743982518525,0.779578776728163,0.0855743982518525,0.999999999999999,OBJECTIVE_AND_FEASIBILITY_IMPROVE,120,120,1,121,3,Return from COBYLA because the objective function has been evaluated MAXFUN times.,False,True,0.3040982075035572,134.796875,SUCCESS,,4125a14ecf0cf9f70644007cd1634ecf6f1e07fa3cd07fca5698b5513f958820,3301,1.5277552278697757,0.1164617461164536,0.0341752428959285,0.696272012146681,0.37187215716040645,0.1039594771553822,0.0538406143270394,0.2770701110470032
diag-run-75449ac1c5a18de3fb46,task-v2-3f363bac5736,g-60667963f6db3f1b,v2-S2-b000-g-60667963f6db3f1b,S2,D1,10,0.0009765625,3.010299956639812,P3_CONTINUATION_B1,COBYLA,1103,120,1,False,"[2.0768976884211376, 4.188858657666209, 0.0, 2.386172634502439, 0.10584506695084335, 0.0]","[2.0828458935026313, 4.1466809553517106, -0.028474701841916306, 2.3828378291532326, 0.0996870986664349, 0.007329731372361594]","[2.0828458935026313, 4.1466809553517106, -0.028474701841916306, 2.3828378291532326, 0.0996870986664349, 0.007329731372361594]",1.93726317638217,1.9368052276356675,1.9368052276356675,1.9368052276356675,0.0004579487465024,0.0004579487465024,0.0064054210845946,0.0061513064499553,0.0061513064499553,0.0064054210845946,0.0061513064499553,0.0061513064499553,1.0,1.0,1.0,0.8168476416502248,0.799267320179471,0.799267320179471,0.9999999999999982,0.9999999999999996,0.9999999999999996,0.1139769085559521,1.3745545074122938,0.4482738116674217,1.822828319079716,1.936805227635668,2.220446049250313e-16,0.0061513064499553,0.5990224715880251,0.0120452643772212,0.3827809575847979,0.9818034291728228,0.3948262219620191,0.9999999999999996,OBJECTIVE_IMPROVES_FEASIBILITY_WORSENS,120,120,1,121,3,Return from COBYLA because the objective function has been evaluated MAXFUN times.,False,True,0.343929149210453,135.21875,SUCCESS,,4125a14ecf0cf9f70644007cd1634ecf6f1e07fa3cd07fca5698b5513f958820,1103,1.7348423196756952,0.0004633833497598,0.0004633833497598,-0.323759618647958,-0.2019629079599723,0.0056879231001955004,0.0056879231001955004,1.123026938827429
diag-run-942bee48ff7c822f8077,task-v2-3f363bac5736,g-60667963f6db3f1b,v2-S2-b000-g-60667963f6db3f1b,S2,D1,10,0.0009765625,3.010299956639812,P3_CONTINUATION_B1,COBYLA,2207,120,1,False,"[4.784719897843099, 3.929300037215576, 0.0, 2.515327043692428, 0.14820513845737432, 0.0]","[5.5893484284335315, 4.0190426224411135, -0.020185405678734097, 2.5436737613734035, 0.1275010650187834, 0.008396546564441248]","[5.5893484284335315, 4.0190426224411135, -0.020185405678734097, 2.5436737613734035, 0.1275010650187834, 0.008396546564441248]",1.8763979305029184,1.7528666243413893,1.7528666243413893,1.7528666243413893,0.1235313061615293,0.1235313061615293,0.0155399771465292,0.0254181109118392,0.0254181109118392,0.0155399771465292,0.0254181109118392,0.0254181109118392,1.0,1.0,1.0,1.201750332421082,1.4154432270493689,1.4154432270493689,0.9999999999999988,0.9999999999999994,0.9999999999999994,0.1060085036096937,1.1594590439244732,0.4873990768072223,1.6468581207316957,1.7528666243413893,0.0,0.0254181109118392,0.5089462132853433,0.0956922364752073,0.3699434393276096,0.8788896526129529,0.465635675802817,0.9999999999999994,OBJECTIVE_AND_FEASIBILITY_IMPROVE,120,120,1,121,3,Return from COBYLA because the objective function has been evaluated MAXFUN times.,False,True,0.3407156737521291,135.30078125,SUCCESS,,4125a14ecf0cf9f70644007cd1634ecf6f1e07fa3cd07fca5698b5513f958820,2207,1.7611338958773326,0.0001684157655081,0.0001684157655081,-0.7633172997078159,0.00826727153594331,0.0252496951463311,0.0252496951463311,2.178760526757185
diag-run-610a32e5a73bb37e641e,task-v2-3f363bac5736,g-60667963f6db3f1b,v2-S2-b000-g-60667963f6db3f1b,S2,D1,10,0.0009765625,3.010299956639812,P3_CONTINUATION_B1,COBYLA,3301,120,1,False,"[2.160715597332026, 3.7799114624427643, 0.0, 2.376668882563157, 0.09990672968278555, 0.0]","[2.08262433220259, 4.203404594182482, 0.0405928566895433, 2.384366218318168, 0.12239427305854494, -0.016895203270094177]","[2.08262433220259, 4.203404594182482, 0.0405928566895433, 2.384366218318168, 0.12239427305854494, -0.016895203270094177]",1.9474382224519056,1.937259285159501,1.937259285159501,1.937259285159501,0.0101789372924048,0.0101789372924048,0.0042403499805832,0.0063837539188774,0.0063837539188774,0.0042403499805832,0.0063837539188774,0.0063837539188774,1.0,1.0,1.0,0.6377016595446661,0.8153760941094484,0.8153760941094484,1.0000000000000009,1.000000000000001,1.000000000000001,0.1140250767217032,1.3743338834693808,0.4489003249684168,1.8232342084377977,1.937259285159501,0.0,0.0063837539188774,0.5980800691230292,0.0121199058603173,0.3834162710977773,0.9814963402208066,0.3955361769580946,1.000000000000001,OBJECTIVE_AND_FEASIBILITY_IMPROVE,120,120,1,121,3,Return from COBYLA because the objective function has been evaluated MAXFUN times.,False,True,0.3366381712257862,135.40625,SUCCESS,,4125a14ecf0cf9f70644007cd1634ecf6f1e07fa3cd07fca5698b5513f958820,3301,1.79951651670905,0.0001513256565989,0.0001513256565989,-0.8097874763766114,-0.13774276845045086,0.0062324282622785,0.0062324282622785,1.6251635704860599
diag-run-33f28ed14d3468b273d7,task-v2-f1a738d52e35,g-60667963f6db3f1b,v2-S2-b000-g-60667963f6db3f1b,S2,D2,10,0.001953125,2.709269960975831,P3_CONTINUATION_B1,COBYLA,1103,120,1,False,"[1.955596815775932, 4.284139006759231, 0.0, 2.4393506953469357, 0.0866672880719361, 0.0]","[1.9188548725527823, 4.291045301206458, 2.164473563493792e-05, 2.4384241799506885, 0.09144866831571688, -0.002883540731333506]","[1.9188548725527823, 4.291045301206458, 2.164473563493792e-05, 2.4384241799506885, 0.09144866831571688, -0.002883540731333506]",1.8938721248452108,1.893528083838059,1.893528083838059,1.893528083838059,0.0003440410071517,0.0003440410071517,0.0114882753098701,0.0112950398883719,0.0112950398883719,0.0047393104042268,0.0045804039144373,0.0045804039144373,0.4125345429487678,0.4055234828477944,0.4055234828477944,0.7695247956147193,0.7621577299435205,0.7621577299435205,1.0000000000000002,1.0000000000000004,1.0000000000000004,0.1145225408526916,1.3644909787475394,0.414514564237828,1.7790055429853675,1.89352808383806,2.220446049250313e-16,0.0112950398883719,0.619842519223007,0.0056036453509053,0.3632587955377163,0.9831013147607232,0.3688624408886217,1.0000000000000009,OBJECTIVE_IMPROVES_FEASIBILITY_WORSENS,120,120,1,121,3,Return from COBYLA because the objective function has been evaluated MAXFUN times.,False,True,0.3476180797442794,135.22265625,SUCCESS,,4125a14ecf0cf9f70644007cd1634ecf6f1e07fa3cd07fca5698b5513f958820,1103,1.730182208754327,0.0079283861104386,0.0069522158064065,0.6084547530017002,-0.163345875083732,0.0033666537779333,-0.0023718118919692005,0.15370297694182034
diag-run-e38b97f19793231a6dce,task-v2-f1a738d52e35,g-60667963f6db3f1b,v2-S2-b000-g-60667963f6db3f1b,S2,D2,10,0.001953125,2.709269960975831,P3_CONTINUATION_B1,COBYLA,2207,120,1,False,"[1.7807333527346352, 6.511052433574562, 0.0, 2.4245827064658805, -0.4038890372916536, 0.0]","[1.3304849682902533, 6.407306644671434, 0.6355870931576176, 2.385261937724801, -0.3403718184934731, -0.10995518482364867]","[1.3304849682902533, 6.407306644671434, 0.6355870931576176, 2.385261937724801, -0.3403718184934731, -0.10995518482364867]",1.5242604748595223,1.4719813714922196,1.4719813714922196,1.4719813714922196,0.0522791033673029,0.0522791033673029,0.0282440787250293,0.0547896297996338,0.0547896297996338,0.0120701078875866,0.028648685181793,0.028648685181793,0.4273500298981393,0.5228851752888558,0.5228851752888558,1.160197374314016,1.4479683269969728,1.4479683269969728,1.0000000000000009,0.9999999999999996,0.9999999999999996,0.0753724199927087,1.150822010050052,0.2457869414494586,1.3966089514995108,1.4719813714922196,0.0,0.0547896297996338,0.7118206668040188,0.0275469554556663,0.2058427479406806,0.9176634147446994,0.2333897033963469,0.9999999999999996,OBJECTIVE_AND_FEASIBILITY_IMPROVE,120,120,1,121,3,Return from COBYLA because the objective function has been evaluated MAXFUN times.,False,True,0.3489638352766633,135.40234375,SUCCESS,,4125a14ecf0cf9f70644007cd1634ecf6f1e07fa3cd07fca5698b5513f958820,2207,1.7310942254080857,0.0036703094195684,0.0036585676688503,0.2739726392733455,0.259112853915866,0.051119320380065406,0.0249901175129427,1.1739956877236273
diag-run-e0f6b0943cc6241a299c,task-v2-f1a738d52e35,g-60667963f6db3f1b,v2-S2-b000-g-60667963f6db3f1b,S2,D2,10,0.001953125,2.709269960975831,P3_CONTINUATION_B1,COBYLA,3301,120,1,False,"[1.4095912197959284, 1.9465685943560067, 0.0, 2.062214668905843, -0.5496863513999996, 0.0]","[1.2586754377023266, 1.5532745089377527, 0.47109208122249563, 2.4872130437960935, -0.3081930278606591, -0.19126379253353598]","[1.2586754377023266, 1.5532745089377527, 0.47109208122249563, 2.4872130437960935, -0.3081930278606591, -0.19126379253353598]",1.789972766722728,1.6042373327536907,1.6042373327536907,1.6042373327536907,0.1857354339690371,0.1857354339690371,0.0197278087985491,0.0161508302241751,0.0161508302241751,0.0129553906094396,0.0084449185350804,0.0084449185350804,0.6567070241674476,0.5228782928099738,0.5228782928099738,1.0043488110761574,0.9174648128758076,0.9174648128758076,0.9999999999999998,0.9999999999999974,0.9999999999999974,0.0802577030571952,1.292096855170282,0.231882774526213,1.5239796296964951,1.6042373327536903,-2.220446049250313e-16,0.0161508302241751,0.775193611458124,0.0030863460024813,0.2055692123152169,0.9807628237733408,0.2086555583176982,0.9999999999999976,OBJECTIVE_IMPROVES_FEASIBILITY_WORSENS,120,120,1,121,3,Return from COBYLA because the objective function has been evaluated MAXFUN times.,False,True,0.3448567716404795,135.40234375,SUCCESS,,4125a14ecf0cf9f70644007cd1634ecf6f1e07fa3cd07fca5698b5513f958820,3301,1.8771922605396312,0.0300942771688124,0.0265291230121422,1.1877538774897345,0.27295492778594044,-0.0139434469446373,-0.0180842044770618,-0.2702890646139269
diag-run-9fd5795addb35e0bae6f,task-v2-4d2b9f5eb099,g-6aa6775bed3bc2cc,v2-S2-b001-g-6aa6775bed3bc2cc,S2,D1,10,0.0009765625,3.010299956639812,P3_CONTINUATION_B1,COBYLA,1103,120,1,False,"[2.1450982007237074, 4.482779151310205, 0.0, 2.279926225258401, 0.12233595615805042, 0.0]","[2.1461629588715097, 4.4810107959583485, -0.0002464781553330344, 2.2802400935360354, 0.12201156082461315, 0.00027186679532457974]","[2.1461629588715097, 4.4810107959583485, -0.0002464781553330344, 2.2802400935360354, 0.12201156082461315, 0.00027186679532457974]",1.805285959498969,1.805282801011604,1.805282801011604,1.805282801011604,3.1584873652068524e-06,3.1584873652068524e-06,0.0051368521648854,0.0051350753184487,0.0051350753184487,0.0051368521648854,0.0051350753184487,0.0051350753184487,1.0,1.0,1.0,0.7209970238439334,0.7208467746114325,0.7208467746114325,1.0000000000000018,1.000000000000001,1.000000000000001,0.1019825467402939,1.2714942666297808,0.4318059876415291,1.7033002542713098,1.805282801011604,0.0,0.0051350753184487,0.6232079231642619,0.0044326747569375,0.3672243267603533,0.9904322499246152,0.3716570015172908,1.0000000000000016,OBJECTIVE_IMPROVES_FEASIBILITY_WORSENS,65,65,1,66,0,Return from COBYLA because the trust region radius reaches its lower bound.,True,True,0.1651726681739092,135.1484375,SUCCESS,,4125a14ecf0cf9f70644007cd1634ecf6f1e07fa3cd07fca5698b5513f958820,1103,1.6199367613052311,0.0007063208723795,0.0007063208723795,-0.1406980031499282,-0.18534603970637287,0.0044287544460692,0.0044287544460692,0.8615447777613607
diag-run-1300fab9be985291e7d3,task-v2-4d2b9f5eb099,g-6aa6775bed3bc2cc,v2-S2-b001-g-6aa6775bed3bc2cc,S2,D1,10,0.0009765625,3.010299956639812,P3_CONTINUATION_B1,COBYLA,2207,120,1,False,"[3.3845201324537864, 6.764256654954441, 0.0, 2.4656432901734386, -0.3924608655984018, 0.0]","[2.541435396200047, 6.545458456934564, -0.6605062863060563, 2.4058286861193503, -0.5782086075262346, 0.19618264266057686]","[2.541435396200047, 6.545458456934564, -0.6605062863060563, 2.4058286861193503, -0.5782086075262346, 0.19618264266057686]",1.6436858706178623,1.518138438970197,1.518138438970197,1.518138438970197,0.1255474316476654,0.1255474316476654,0.0066963918651979,0.0087072146676146,0.0087072146676146,0.0066963918651979,0.0087072146676146,0.0087072146676146,1.0,1.0,1.0,0.8361408167853355,0.9501792083246856,0.9501792083246856,1.0,0.9999999999999992,0.9999999999999992,0.0638467268060121,1.155949188351781,0.2983425238124039,1.454291712164185,1.518138438970197,0.0,0.0087072146676146,0.7159746667596161,0.0170379473660924,0.2582801712066759,0.974254837966292,0.2753181185727684,0.9999999999999992,OBJECTIVE_AND_FEASIBILITY_IMPROVE,120,120,1,121,3,Return from COBYLA because the objective function has been evaluated MAXFUN times.,False,True,0.3517142422497272,135.171875,SUCCESS,,4125a14ecf0cf9f70644007cd1634ecf6f1e07fa3cd07fca5698b5513f958820,2207,1.748934135420376,0.0083261396641272,0.0083261396641272,0.9307436481834904,0.23079569645017894,0.00038107500348740116,0.00038107500348740116,0.019435560141195185
diag-run-01b8033d298f32d77c6f,task-v2-4d2b9f5eb099,g-6aa6775bed3bc2cc,v2-S2-b001-g-6aa6775bed3bc2cc,S2,D1,10,0.0009765625,3.010299956639812,P3_CONTINUATION_B1,COBYLA,3301,120,1,False,"[1.989718223424795, 1.8239627287977078, 0.0, 2.2752762050858175, -0.21611021563015606, 0.0]","[1.9098391921769913, 1.769748339637357, 0.0011722131361171521, 2.2896339026446, -0.21154093870600868, -0.0033489162464523025]","[1.9098391921769913, 1.769748339637357, 0.0011722131361171521, 2.2896339026446, -0.21154093870600868, -0.0033489162464523025]",1.6566276406834683,1.6519263986442865,1.6519263986442865,1.6519263986442865,0.0047012420391818,0.0047012420391818,0.0054770428902372,0.005960918718698,0.005960918718698,0.0054770428902372,0.005960918718698,0.005960918718698,1.0,1.0,1.0,0.7488460985034981,0.7856131566002056,0.7856131566002056,0.999999999999999,0.9999999999999992,0.9999999999999992,0.086497421814775,1.2346448396458092,0.3307841371837024,1.5654289768295115,1.6519263986442865,0.0,0.005960918718698,0.7023332682117959,0.0069746741526294,0.2847311389168758,0.987064407128672,0.2917058130695052,0.9999999999999992,OBJECTIVE_AND_FEASIBILITY_IMPROVE,120,120,1,121,3,Return from COBYLA because the objective function has been evaluated MAXFUN times.,False,True,0.3402950661256909,135.171875,SUCCESS,,4125a14ecf0cf9f70644007cd1634ecf6f1e07fa3cd07fca5698b5513f958820,3301,1.7079828469880065,0.00023880866542,0.00023880866542,-0.6116499617913697,0.05605644834372003,0.005722110053278001,0.005722110053278001,1.3972631183915754
diag-run-c46d6d86b0e5a1d6f7b9,task-v2-a0f813383468,g-60667963f6db3f1b,v2-S2-b000-g-60667963f6db3f1b,S2,D3,10,0.0029296875,2.533178701920149,P3_CONTINUATION_B1,COBYLA,1103,120,1,False,"[1.810195493725013, 4.304895532019816, 0.0, 2.4328348053488718, 0.09093273598858453, 0.0]","[1.8320176383563656, 4.33477060122683, 0.0010067230254257218, 2.437162866634806, 0.08911337323865111, 0.0015569457866806639]","[1.8320176383563656, 4.33477060122683, 0.0010067230254257218, 2.437162866634806, 0.08911337323865111, 0.0015569457866806639]",1.8736319855723045,1.8731062030658907,1.8731062030658907,1.8731062030658907,0.0005257825064135,0.0005257825064135,0.0140469351739137,0.0149762972873526,0.0149762972873526,0.0039304144048983,0.0043596709570464,0.0043596709570464,0.279805833531388,0.2911047285852284,0.2911047285852284,0.6807602800934447,0.7085831543728967,0.7085831543728967,1.0000000000000004,1.000000000000001,1.000000000000001,0.1147486610777828,1.369392602335702,0.3889649396524055,1.7583575419881077,1.8731062030658905,-2.220446049250313e-16,0.0149762972873526,0.6386594873714759,0.0020341008418022,0.3443301144993703,0.9829896018708462,0.3463642153411725,1.000000000000001,OBJECTIVE_AND_FEASIBILITY_IMPROVE,120,120,1,121,3,Return from COBYLA because the objective function has been evaluated MAXFUN times.,False,True,0.3332925429567694,134.7734375,SUCCESS,,4125a14ecf0cf9f70644007cd1634ecf6f1e07fa3cd07fca5698b5513f958820,1103,1.7168371425882276,0.0110490620587291,0.0074836411602986,0.5765041147822554,-0.1562690604776631,0.0039272352286235,-0.0031239702032522,0.13207903959064127
diag-run-c3bf5d0c2476cf3fce7e,task-v2-a0f813383468,g-60667963f6db3f1b,v2-S2-b000-g-60667963f6db3f1b,S2,D3,10,0.0029296875,2.533178701920149,P3_CONTINUATION_B1,COBYLA,2207,120,1,False,"[1.448251790673219, 6.460818290119395, 0.0, 2.427962575891561, -0.4227616333666228, 0.0]","[1.2601109026522779, 6.512209359815549, 0.2396081067714385, 2.41831690880465, -0.27438788131256353, -0.13302428711913097]","[1.2601109026522779, 6.512209359815549, 0.2396081067714385, 2.41831690880465, -0.27438788131256353, -0.13302428711913097]",1.4862253921164332,1.4569166913173148,1.4569166913173148,1.4569166913173148,0.0293087007991184,0.0293087007991184,0.0565617081331557,0.076174141889041,0.076174141889041,0.0174692452770211,0.0247643368866644,0.0247643368866644,0.308852859179846,0.3251016194279857,0.3251016194279857,1.285701218366742,1.414986272462338,1.414986272462338,0.9999999999999992,1.0000000000000022,1.0000000000000022,0.0764103025875649,1.1474079871228304,0.2330984016069197,1.3805063887297502,1.456916691317315,2.220446049250313e-16,0.076174141889041,0.7026715221961615,0.007319711745712,0.2138346241690876,0.9165061463652492,0.2211543359147996,1.0000000000000022,OBJECTIVE_AND_FEASIBILITY_IMPROVE,120,120,1,121,3,Return from COBYLA because the objective function has been evaluated MAXFUN times.,False,True,0.3791613643988967,134.7734375,SUCCESS,,4125a14ecf0cf9f70644007cd1634ecf6f1e07fa3cd07fca5698b5513f958820,2207,1.725537173604421,0.005551227793741,0.0042944371155506,0.2775677508219852,0.2686204822871061,0.0706229140953,0.020469899771113798,1.137418521640353
diag-run-82a82b112ed8c31d7016,task-v2-a0f813383468,g-60667963f6db3f1b,v2-S2-b000-g-60667963f6db3f1b,S2,D3,10,0.0029296875,2.533178701920149,P3_CONTINUATION_B1,COBYLA,3301,120,1,False,"[1.6551175236196038, 6.25512558171863, 0.0, 2.4422554668440046, -0.41919510185957665, 0.0]","[1.2785725005154134, 6.604964614455575, -0.181586649841843, 2.445449006318661, -0.4936326161843189, 0.06876294064169466]","[1.2785725005154134, 6.604964614455575, -0.181586649841843, 2.445449006318661, -0.4936326161843189, 0.06876294064169466]",1.519600850974557,1.467968714280397,1.467968714280397,1.467968714280397,0.0516321366941601,0.0516321366941601,0.0453993938747525,0.0677923966615964,0.0677923966615964,0.0128918693315081,0.0216764502993654,0.0216764502993654,0.2839656707108057,0.3197475139810908,0.3197475139810908,1.1902287565700391,1.3643596896945789,1.3643596896945789,1.0000000000000016,0.9999999999999988,0.9999999999999988,0.074545089361291,1.1594126425903115,0.2340109823287943,1.393423624919106,1.4679687142803972,2.220446049250313e-16,0.0677923966615964,0.7098171474869943,0.0061234143741702,0.216267041477238,0.9260841889642324,0.2223904558514082,0.9999999999999992,OBJECTIVE_AND_FEASIBILITY_IMPROVE,120,120,1,121,3,Return from COBYLA because the objective function has been evaluated MAXFUN times.,False,True,0.3328739609569311,134.7734375,SUCCESS,,4125a14ecf0cf9f70644007cd1634ecf6f1e07fa3cd07fca5698b5513f958820,3301,1.6957575501871576,0.0989222287668508,0.0407849261264707,1.5284725945896014,0.22778883590676058,-0.031129832105254412,-0.0191084758271053,-0.1641129048950225
diag-run-3702d0e3f89bb9bece7a,task-v2-6996479d6302,g-60667963f6db3f1b,v2-S2-b000-g-60667963f6db3f1b,S2,D4,10,0.00390625,2.4082399653118496,P3_CONTINUATION_B1,COBYLA,1103,120,1,False,"[1.3117964969211644, 4.575373130391077, 0.0, 1.000298449563627, 1.4488474187930573, 0.0]","[1.2880099380817494, 4.553177189855283, 0.10269993612067449, 1.004998340357199, 1.5262141902123236, -0.07863982689903108]","[1.2880099380817494, 4.553177189855283, 0.10269993612067449, 1.004998340357199, 1.5262141902123236, -0.07863982689903108]",1.5711715778007558,1.566300093658842,1.566300093658842,1.566300093658842,0.0048714841419137,0.0048714841419137,0.0208944086691845,0.022579999095469,0.022579999095469,0.0050861899095585,0.0055077845802074,0.0055077845802074,0.2434234914271455,0.2439231532703046,0.2439231532703046,0.7282700500356153,0.7619638855034194,0.7619638855034194,1.0000000000000004,1.0000000000000009,1.0000000000000009,0.1147995468844304,1.3087102314552128,0.1427903153191988,1.4515005467744118,1.566300093658842,0.0,0.022579999095469,0.8462378047027325,0.0,0.1311821962017994,0.9774200009045318,0.1311821962017994,1.0000000000000009,OBJECTIVE_AND_FEASIBILITY_IMPROVE,120,120,1,121,3,Return from COBYLA because the objective function has been evaluated MAXFUN times.,False,True,0.3414989309385419,134.4296875,SUCCESS,,4125a14ecf0cf9f70644007cd1634ecf6f1e07fa3cd07fca5698b5513f958820,1103,1.571181160049544,0.0221681232691571,0.0054239310975243,0.7539688930520073,0.00488106639070196,0.0004118758263118999,8.385348268310014e-05,0.007994992451412108
diag-run-d712112a4bf1f21b508a,task-v2-6996479d6302,g-60667963f6db3f1b,v2-S2-b000-g-60667963f6db3f1b,S2,D4,10,0.00390625,2.4082399653118496,P3_CONTINUATION_B1,COBYLA,2207,120,1,False,"[6.357931285509614, 3.8449562185494717, 0.0, 2.6155911839506403, 0.12235468941507413, 0.0]","[6.3179899099790955, 4.292951304256797, 0.05840189714651484, 2.605611926985269, 0.1529248261423991, -0.03254468530049579]","[6.3179899099790955, 4.292951304256797, 0.05840189714651484, 2.605611926985269, 0.1529248261423991, -0.03254468530049579]",1.359232437207909,1.3489138730961896,1.3489138730961896,1.3489138730961896,0.0103185641117193,0.0103185641117193,0.166007622981611,0.1671055495543222,0.1671055495543222,0.0554235551986498,0.0528834243560825,0.0528834243560825,0.3338615070995215,0.3164671939209976,0.3164671939209976,1.628367996381045,1.6312308383099596,1.6312308383099596,1.0000000000000009,0.9999999999999992,0.9999999999999992,0.1163539015820679,1.0909813999949196,0.141578571519202,1.2325599715141216,1.3489138730961894,-2.220446049250313e-16,0.1671055495543222,0.694659342158549,0.0,0.1382351082871279,0.8328944504456768,0.1382351082871279,0.9999999999999992,OBJECTIVE_AND_FEASIBILITY_IMPROVE,120,120,1,121,3,Return from COBYLA because the objective function has been evaluated MAXFUN times.,False,True,0.345774264074862,134.4296875,SUCCESS,,4125a14ecf0cf9f70644007cd1634ecf6f1e07fa3cd07fca5698b5513f958820,2207,1.8923871728250523,0.0389518345687185,0.004953181671165,0.9987678823732744,0.5434732997288627,0.12815371498560368,0.0479302426849175,0.6324629559366852
diag-run-614f3cbda5e993e405e5,task-v2-6996479d6302,g-60667963f6db3f1b,v2-S2-b000-g-60667963f6db3f1b,S2,D4,10,0.00390625,2.4082399653118496,P3_CONTINUATION_B1,COBYLA,3301,120,1,False,"[3.4410415080893064, 2.0624397849985283, 0.0, 1.575700986275079, 1.0528469041010955, 0.0]","[3.3203247495226713, 1.9193035802386054, -0.06197653357217131, 1.5795890206009358, 1.0267209995485167, 0.02940698451592915]","[3.3203247495226713, 1.9193035802386054, -0.06197653357217131, 1.5795890206009358, 1.0267209995485167, 0.02940698451592915]",1.7364900131746082,1.7230637787493943,1.7230637787493943,1.7230637787493943,0.0134262344252136,0.0134262344252136,0.0575229919921651,0.0587185613964843,0.0587185613964843,0.01637879063906,0.0167296658046172,0.0167296658046172,0.2847346786358214,0.284912732988362,0.284912732988362,1.168081432601368,1.1770153721445578,1.1770153721445578,1.0000000000000009,1.0000000000000004,1.0000000000000004,0.132337972366999,1.273460939122541,0.3172648672598544,1.5907258063823957,1.7230637787493943,0.0,0.0587185613964843,0.6375884865781655,0.0,0.3036929520253506,0.941281438603516,0.3036929520253506,1.0000000000000004,OBJECTIVE_AND_FEASIBILITY_IMPROVE,120,120,1,121,3,Return from COBYLA because the objective function has been evaluated MAXFUN times.,False,True,0.3374494258314371,134.4296875,SUCCESS,,4125a14ecf0cf9f70644007cd1634ecf6f1e07fa3cd07fca5698b5513f958820,3301,1.3623349023653857,0.1683527505044137,0.0564455057404368,1.6344601814866926,-0.36072887638400863,-0.10963418910792941,-0.039715839935819605,-0.45744480934213483
diag-run-644bfd72c1fd9736915f,task-v2-3cd2eda112d3,g-6aa6775bed3bc2cc,v2-S2-b001-g-6aa6775bed3bc2cc,S2,D3,10,0.0029296875,2.533178701920149,P3_CONTINUATION_B1,COBYLA,1103,120,1,False,"[1.3024465937729401, 4.403992215368902, 0.0, 2.4101933504152044, 0.08757065220475269, 0.0]","[1.3026134826924465, 4.38179257882014, 8.067405243947042e-05, 2.4125159661139004, 0.08727438933118678, 1.9902065554090446e-05]","[1.3026134826924465, 4.38179257882014, 8.067405243947042e-05, 2.4125159661139004, 0.08727438933118678, 1.9902065554090446e-05]",1.4826819988714406,1.4826735436600798,1.4826735436600798,1.4826735436600798,8.455211360836046e-06,8.455211360836046e-06,0.0149713906481671,0.0150287329477722,0.0150287329477722,0.0102554963417362,0.0102854945187296,0.0102854945187296,0.6850062617925018,0.6843886676590576,0.6843886676590576,0.708440844465927,0.7101010692677661,0.7101010692677661,0.9999999999999998,0.9999999999999998,0.9999999999999998,0.1024727592116607,1.257900028573386,0.122300755875033,1.3802007844484192,1.48267354366008,2.220446049250313e-16,0.0150287329477722,0.8744352803527404,0.0002091803273835,0.1103268063721036,0.984762086724844,0.1105359866994871,1.0,OBJECTIVE_AND_FEASIBILITY_IMPROVE,95,95,1,96,0,Return from COBYLA because the trust region radius reaches its lower bound.,True,True,0.2513459846377373,135.09765625,SUCCESS,,4125a14ecf0cf9f70644007cd1634ecf6f1e07fa3cd07fca5698b5513f958820,1103,1.481556340808822,0.005974626108089,0.0051503050915594,0.3094894342558894,-0.0011172028512578258,0.0090541068396832,0.0051351894271702,0.4006116350118767
diag-run-47ad6c67212cc764cabb,task-v2-3cd2eda112d3,g-6aa6775bed3bc2cc,v2-S2-b001-g-6aa6775bed3bc2cc,S2,D3,10,0.0029296875,2.533178701920149,P3_CONTINUATION_B1,COBYLA,2207,120,1,False,"[6.289045021028471, 4.266169369375171, 0.0, 2.5852374279898886, 0.1238655085588723, 0.0]","[6.3817346642216215, 4.3664650856253555, -0.020328013324839123, 2.585595975579392, 0.10954990940193374, 0.013371452862212576]","[6.3817346642216215, 4.3664650856253555, -0.020328013324839123, 2.585595975579392, 0.10954990940193374, 0.013371452862212576]",1.3145104902933211,1.3100103531321745,1.3100103531321745,1.3100103531321745,0.0045001371611466,0.0045001371611466,0.0819841059638221,0.0823824288543792,0.0823824288543792,0.0556558061479468,0.0557221796299239,0.0557221796299239,0.6788609266838445,0.6763842776281764,0.6763842776281764,1.446908366971341,1.449013293892386,1.449013293892386,1.000000000000001,0.9999999999999996,0.9999999999999996,0.0944241931134928,1.092127267229113,0.1234588927895691,1.215586160018682,1.3100103531321747,2.220446049250313e-16,0.0823824288543792,0.7971139361866031,0.0140818098452048,0.1064218251138124,0.9035357613004154,0.1205036349590172,0.9999999999999996,OBJECTIVE_AND_FEASIBILITY_IMPROVE,120,120,1,121,3,Return from COBYLA because the objective function has been evaluated MAXFUN times.,False,True,0.3442851100116968,135.09765625,SUCCESS,,4125a14ecf0cf9f70644007cd1634ecf6f1e07fa3cd07fca5698b5513f958820,2207,1.3763874155761244,0.0497323641392279,0.0343568950720125,1.2298178068032242,0.06637706244394992,0.0326500647151513,0.021365284557911403,0.21919548708916192
diag-run-d65d6b8db9c6c5de2f41,task-v2-3cd2eda112d3,g-6aa6775bed3bc2cc,v2-S2-b001-g-6aa6775bed3bc2cc,S2,D3,10,0.0029296875,2.533178701920149,P3_CONTINUATION_B1,COBYLA,3301,120,1,False,"[3.707449088578744, 2.3916690587128415, 0.0, 1.5878295487815681, 0.9990471066789114, 0.0]","[3.563306877007855, 2.2442441493879803, -0.29065376406819454, 1.590369366822715, 0.8513076955925836, 0.16560164706353397]","[3.563306877007855, 2.2442441493879803, -0.29065376406819454, 1.590369366822715, 0.8513076955925836, 0.16560164706353397]",1.79086577526221,1.748926887483193,1.748926887483193,1.748926887483193,0.041938887779017,0.041938887779017,0.0275603140949762,0.0377822820354125,0.0377822820354125,0.016935087894596,0.0232865805329167,0.0232865805329167,0.6144736898221002,0.6163359987385273,0.6163359987385273,0.9734628646817778,1.1104668875191008,1.1104668875191008,1.0000000000000002,0.999999999999999,0.999999999999999,0.1337286429900235,1.2287054184582331,0.3864928260349363,1.6151982444931694,1.748926887483193,0.0,0.0377822820354125,0.6002647866730662,0.0028495405178066,0.3591033907737136,0.9593681774467796,0.3619529312915203,0.999999999999999,OBJECTIVE_AND_FEASIBILITY_IMPROVE,120,120,1,121,3,Return from COBYLA because the objective function has been evaluated MAXFUN times.,False,True,0.3390039466321468,135.09765625,SUCCESS,,4125a14ecf0cf9f70644007cd1634ecf6f1e07fa3cd07fca5698b5513f958820,3301,1.4390173276530491,0.0012562541913762,0.001194257968625,-0.3677437743293775,-0.3099095598301438,0.0365260278440363,0.0220923225642917,1.4782106618484783
diag-run-52cadb4bb80c2d00ce07,task-v2-2d64318cb7be,g-6aa6775bed3bc2cc,v2-S2-b001-g-6aa6775bed3bc2cc,S2,D2,10,0.001953125,2.709269960975831,P3_CONTINUATION_B1,COBYLA,1103,120,1,False,"[1.8872525720181654, 4.423457762907781, 0.0, 2.278458800349386, 0.12049562539199202, 0.0]","[1.8554550272605468, 4.4003953478102416, 0.004218068847611933, 2.2817492793683467, 0.1245155528463832, -0.005752549618037694]","[1.8554550272605468, 4.4003953478102416, 0.004218068847611933, 2.2817492793683467, 0.1245155528463832, -0.005752549618037694]",1.7297229423839835,1.7293961354657394,1.7293961354657394,1.7293961354657394,0.000326806918244,0.000326806918244,0.0086736605452379,0.0087070103528567,0.0087070103528567,0.004957855194538,0.0049736626783975,0.0049736626783975,0.571598942416531,0.5712250791990522,0.5712250791990522,0.6474723824530009,0.6491390218228309,0.6491390218228309,0.9999999999999996,0.9999999999999984,0.9999999999999984,0.102125988814977,1.269959904963167,0.3573102416875953,1.6272701466507622,1.7293961354657392,-2.220446049250313e-16,0.0087070103528567,0.6813015314963142,0.0028118929538902,0.3071795651969373,0.9884810966932516,0.3099914581508275,0.9999999999999986,OBJECTIVE_AND_FEASIBILITY_IMPROVE,120,120,1,121,3,Return from COBYLA because the objective function has been evaluated MAXFUN times.,False,True,0.3388143703341484,134.546875,SUCCESS,,4125a14ecf0cf9f70644007cd1634ecf6f1e07fa3cd07fca5698b5513f958820,1103,1.622348278007437,0.0003720006508744,0.0002309703471334,-0.7201863392741403,-0.10704785745830248,0.0083350097019823,0.0047426923312641,1.3693253610969713
diag-run-f1504ff35dca2c612d43,task-v2-2d64318cb7be,g-6aa6775bed3bc2cc,v2-S2-b001-g-6aa6775bed3bc2cc,S2,D2,10,0.001953125,2.709269960975831,P3_CONTINUATION_B1,COBYLA,2207,120,1,False,"[2.135855943816076, 6.043253439112003, 0.0, 2.5173232462610784, -0.42044304575646113, 0.0]","[1.4582299004410693, 6.673536245952339, 0.5200739739336435, 2.3602112308474363, -0.23479651934645762, -0.15451144333576897]","[1.4582299004410693, 6.673536245952339, 0.5200739739336435, 2.3602112308474363, -0.23479651934645762, -0.15451144333576897]",1.564057493309508,1.4122457098897476,1.4122457098897476,1.4122457098897476,0.1518117834197603,0.1518117834197603,0.0134284105747309,0.0453660624894026,0.0453660624894026,0.008505523714043,0.0291564009038673,0.0291564009038673,0.6333976509512105,0.6426919001550605,0.6426919001550605,0.8372945723434444,1.3660010476402722,1.3660010476402722,1.0000000000000004,0.999999999999999,0.999999999999999,0.0672290612499154,1.1253370826175553,0.219679566022277,1.3450166486398325,1.4122457098897476,0.0,0.0453660624894026,0.749920270708236,0.005647353437311,0.1990663133650492,0.9489865840732854,0.2047136668023603,0.9999999999999988,OBJECTIVE_AND_FEASIBILITY_IMPROVE,120,120,1,121,3,Return from COBYLA because the objective function has been evaluated MAXFUN times.,False,True,0.3473872514441609,134.5859375,SUCCESS,,4125a14ecf0cf9f70644007cd1634ecf6f1e07fa3cd07fca5698b5513f958820,2207,1.677869052046442,0.0173147143960702,0.0091010012444031,0.9476852932902065,0.2656233421566945,0.0280513480933324,0.0200553996594642,0.41831575435006574
diag-run-b8f1f012086082cb4472,task-v2-2d64318cb7be,g-6aa6775bed3bc2cc,v2-S2-b001-g-6aa6775bed3bc2cc,S2,D2,10,0.001953125,2.709269960975831,P3_CONTINUATION_B1,COBYLA,3301,120,1,False,"[1.7321811018954694, 1.8208516674860495, 0.0, 2.2035211534336727, -0.206424357239407, 0.0]","[1.548896588210829, 1.4757400767333477, 0.7043268967125544, 2.2509789079941194, -0.1848847412995622, -0.10049434710159343]","[1.548896588210829, 1.4757400767333477, 0.7043268967125544, 2.2509789079941194, -0.1848847412995622, -0.10049434710159343]",1.608616420859187,1.5619253874660934,1.5619253874660934,1.5619253874660934,0.0466910333930938,0.0466910333930938,0.0127221086448705,0.0225345292061502,0.0225345292061502,0.0077000854112304,0.0136410431908304,0.0136410431908304,0.6052522915951529,0.6053396130906289,0.6053396130906289,0.8138290610409236,1.062118450149773,1.062118450149773,0.9999999999999996,0.9999999999999986,0.9999999999999986,0.0869850550643549,1.2187695469437667,0.2561707854579718,1.4749403324017385,1.5619253874660934,0.0,0.0225345292061502,0.7476330118443826,0.0032905443906388,0.2265419145588268,0.9741749264032096,0.2298324589494657,0.9999999999999984,OBJECTIVE_AND_FEASIBILITY_IMPROVE,120,120,1,121,3,Return from COBYLA because the objective function has been evaluated MAXFUN times.,False,True,0.343259435147047,134.5859375,SUCCESS,,4125a14ecf0cf9f70644007cd1634ecf6f1e07fa3cd07fca5698b5513f958820,3301,1.5497861594203717,0.0396688631600812,0.0236004535440767,1.3077197155115368,-0.012139228045721762,-0.017134333953931,-0.0099594103532463,-0.24560126536176385
diag-run-f00fc235141d531d425b,task-v2-f4789f22d2c1,g-6aa6775bed3bc2cc,v2-S2-b001-g-6aa6775bed3bc2cc,S2,D4,10,0.00390625,2.4082399653118496,P3_CONTINUATION_B1,COBYLA,1103,120,1,False,"[1.251038109130302, 4.461620234289888, 0.0, 2.493187229475474, 0.05415861378670805, 0.0]","[1.2461465019706865, 4.411210155626915, 0.0020657839226955227, 2.4954291785474267, 0.05678897541984876, -0.0018531278548972515]","[1.2461465019706865, 4.411210155626915, 0.0020657839226955227, 2.4954291785474267, 0.05678897541984876, -0.0018531278548972515]",1.4475328873882962,1.4472692712522233,1.4472692712522233,1.4472692712522233,0.0002636161360729,0.0002636161360729,0.0132429488106605,0.0134571151704459,0.0134571151704459,0.0072645676774662,0.00741087249702,0.00741087249702,0.5485611838670148,0.5507029109251863,0.5507029109251863,0.5302246656425632,0.5371919345730127,0.5371919345730127,1.0000000000000002,1.000000000000001,1.000000000000001,0.106630608222513,1.2581398367349907,0.0824988262947195,1.3406386630297102,1.4472692712522233,0.0,0.0134571151704459,0.9103792818713936,0.0,0.0761636029581617,0.9865428848295554,0.0761636029581617,1.000000000000001,OBJECTIVE_AND_FEASIBILITY_IMPROVE,120,120,1,121,3,Return from COBYLA because the objective function has been evaluated MAXFUN times.,False,True,0.3606173722073436,134.80078125,SUCCESS,,4125a14ecf0cf9f70644007cd1634ecf6f1e07fa3cd07fca5698b5513f958820,1103,1.4461835723589087,0.0049589867571743,0.0036984600202052,0.1036329138340937,-0.0010856988933145573,0.008498128413271602,0.0037124124768147995,0.43355902073891905
diag-run-60fe2f5eaf1800b791ad,task-v2-f4789f22d2c1,g-6aa6775bed3bc2cc,v2-S2-b001-g-6aa6775bed3bc2cc,S2,D4,10,0.00390625,2.4082399653118496,P3_CONTINUATION_B1,COBYLA,2207,120,1,False,"[3.63284506636174, 4.04031944683832, 0.0, 1.169727701730444, -1.0409076136041355, 0.0]","[3.4675572932788143, 3.7562976762439666, 0.04878721812124402, 1.159262829447361, -1.0594967067611605, 0.010919935893076438]","[3.4675572932788143, 3.7562976762439666, 0.04878721812124402, 1.159262829447361, -1.0594967067611605, 0.010919935893076438]",1.6068369693945606,1.5876882908801853,1.5876882908801853,1.5876882908801853,0.0191486785143752,0.0191486785143752,0.0054904300724983,0.0050191384394118,0.0050191384394118,0.0029494702702015,0.0026568364669723,0.0026568364669723,0.537202046334315,0.5293411407244871,0.5293411407244871,0.1478463299436146,0.1088691400023676,0.1088691400023676,1.0000000000000018,0.9999999999999988,0.9999999999999988,0.1210920278717057,1.3434065780757232,0.1231896849327567,1.46659626300848,1.5876882908801857,4.440892098500626e-16,0.0050191384394118,0.8757503730953279,0.0,0.1192304884652591,0.994980861560587,0.1192304884652591,0.9999999999999988,OBJECTIVE_IMPROVES_FEASIBILITY_WORSENS,120,120,1,121,3,Return from COBYLA because the objective function has been evaluated MAXFUN times.,False,True,0.351580137386918,134.80078125,SUCCESS,,4125a14ecf0cf9f70644007cd1634ecf6f1e07fa3cd07fca5698b5513f958820,2207,1.2968862023668164,0.0690417636399208,0.0414179945220214,1.247351842012381,-0.29080208851336886,-0.064022625200509,-0.0387611580550491,-1.1384827020100134
diag-run-bdd16fae9a32fad2041d,task-v2-f4789f22d2c1,g-6aa6775bed3bc2cc,v2-S2-b001-g-6aa6775bed3bc2cc,S2,D4,10,0.00390625,2.4082399653118496,P3_CONTINUATION_B1,COBYLA,3301,120,1,False,"[3.132259562599636, 3.2757675391423544, 0.0, 1.6595877722546832, 1.2674228986354614, 0.0]","[2.964249458544831, 3.1521998277865566, -0.03746311254564984, 1.644702265025029, 1.254296473881765, 0.03913931385472431]","[2.964249458544831, 3.1521998277865566, -0.03746311254564984, 1.644702265025029, 1.254296473881765, 0.03913931385472431]",1.7251436737011885,1.7185890276642284,1.7185890276642284,1.7185890276642284,0.0065546460369598,0.0065546460369598,0.0031960433456359,0.0032371893061447,0.0032371893061447,0.0014108225185536,0.0015816517830848,0.0015816517830848,0.4414278424853141,0.488587979727516,0.488587979727516,-0.0871473739827233,-0.0815919376303002,-0.0815919376303002,1.0000000000000009,0.9999999999999978,0.9999999999999978,0.1452727208659179,1.3351517199582492,0.2381645868400613,1.5733163067983105,1.7185890276642284,0.0,0.0032371893061447,0.7675527404541503,0.0,0.2292100702397026,0.996762810693853,0.2292100702397026,0.9999999999999978,OBJECTIVE_AND_FEASIBILITY_IMPROVE,120,120,1,121,3,Return from COBYLA because the objective function has been evaluated MAXFUN times.,False,True,0.3664814233779907,134.80859375,SUCCESS,,4125a14ecf0cf9f70644007cd1634ecf6f1e07fa3cd07fca5698b5513f958820,3301,1.5557881264804203,0.0104007387112487,0.0058289647016906,0.4253041514207966,-0.16280090118380808,-0.007163549405104001,-0.0042473129186057995,-0.5068960890510967
diag-run-fa3a3aa9ac7a41b582ea,task-v2-8f4071cbe937,g-8a16a856f5377a40,v2-S3-b000-g-8a16a856f5377a40,S3,D2,13,0.000244140625,3.612359947967774,P3_CONTINUATION_B1,COBYLA,1103,120,1,False,"[2.1168240366329436, 4.723762899386075, 0.0, 3.256906727770692, -0.7870703560194641, 0.0]","[2.235672699881083, 4.676766730269493, -0.19848829136225402, 3.221897206118447, -0.8523766080846071, 0.09775903021243706]","[2.235672699881083, 4.676766730269493, -0.19848829136225402, 3.221897206118447, -0.8523766080846071, 0.09775903021243706]",1.553451696088962,1.532127414646346,1.532127414646346,1.532127414646346,0.021324281442616,0.021324281442616,0.0063045427600074,0.00878418872176,0.00878418872176,0.0030173718268976,0.0042411043780332,0.0042411043780332,0.4786028014653404,0.4828111635998041,0.4828111635998041,1.4120135426030578,1.5560616056678906,1.5560616056678906,1.0000000000000002,1.0000000000000004,1.0000000000000004,0.0624857629401358,1.096824766402258,0.3728168853039526,1.4696416517062103,1.5321274146463464,4.440892098500626e-16,0.00878418872176,0.6297127308603089,0.0226431242298731,0.3388599561880582,0.9685726870483672,0.3615030804179314,1.0000000000000002,OBJECTIVE_AND_FEASIBILITY_IMPROVE,120,120,1,121,3,Return from COBYLA because the objective function has been evaluated MAXFUN times.,False,True,0.6806348375976086,136.7265625,SUCCESS,,4125a14ecf0cf9f70644007cd1634ecf6f1e07fa3cd07fca5698b5513f958820,1103,1.3700371591508504,0.00018080444173,6.649516902297725e-05,-0.1304309566719667,-0.1620902554954955,0.008603384280030001,0.0041746092090102225,1.6864925623398572
diag-run-bfc46a4897cd0549a72f,task-v2-8f4071cbe937,g-8a16a856f5377a40,v2-S3-b000-g-8a16a856f5377a40,S3,D2,13,0.000244140625,3.612359947967774,P3_CONTINUATION_B1,COBYLA,2207,120,1,False,"[5.343318955948739, 4.032572872322911, 0.0, 2.395916115792995, 0.1357736133742755, 0.0]","[6.137661026005555, 4.134547283086639, 0.05409141306886722, 2.436801272989834, 0.18118593372689018, -0.055098026851336]","[6.137661026005555, 4.134547283086639, 0.05409141306886722, 2.436801272989834, 0.18118593372689018, -0.055098026851336]",1.6202989530598306,1.5072976508032223,1.5072976508032223,1.5072976508032223,0.1130013022566083,0.1130013022566083,0.0102504871982776,0.0142543062302367,0.0142543062302367,0.0043210120367367,0.0063351729226922,0.0063351729226922,0.4215421133800126,0.4444392326337055,0.4444392326337055,1.6231044555542025,1.7663060326288929,1.7663060326288929,1.0000000000000018,1.0000000000000004,1.0000000000000004,0.0784918690241031,1.0768090377431694,0.3519967440359506,1.42880578177912,1.5072976508032232,8.881784197001252e-16,0.0142543062302367,0.6488746839056864,0.0466448525382848,0.2902261573257925,0.9391008412314787,0.3368710098640773,1.0000000000000004,OBJECTIVE_AND_FEASIBILITY_IMPROVE,120,120,1,121,3,Return from COBYLA because the objective function has been evaluated MAXFUN times.,False,True,0.6984552592039108,136.7265625,SUCCESS,,4125a14ecf0cf9f70644007cd1634ecf6f1e07fa3cd07fca5698b5513f958820,2207,1.3120680130486255,5.788802992208579e-05,2.9719877789439017e-05,-0.6250512823674074,-0.19522963775459679,0.014196418200314614,0.00630545304490276,2.3913573149963003
diag-run-d5c3d92762d6a2a11dd2,task-v2-8f4071cbe937,g-8a16a856f5377a40,v2-S3-b000-g-8a16a856f5377a40,S3,D2,13,0.000244140625,3.612359947967774,P3_CONTINUATION_B1,COBYLA,3301,120,1,False,"[4.336174421362953, 4.000800523865128, 0.0, 2.3361730754122445, 0.13262829830803868, 0.0]","[5.3945455496408545, 4.166040443725356, 0.09498334180533416, 2.442522861310673, 0.19694472496516868, -0.05424291854696985]","[5.3945455496408545, 4.166040443725356, 0.09498334180533416, 2.442522861310673, 0.19694472496516868, -0.05424291854696985]",1.7841999004970264,1.611166309559399,1.611166309559399,1.611166309559399,0.173033590937627,0.173033590937627,0.0060773820197287,0.0150414963018639,0.0150414963018639,0.0024545190596027,0.0067233620204302,0.0067233620204302,0.4038776979355218,0.4469875792607865,0.4469875792607865,1.396076484602337,1.7896509892313397,1.7896509892313397,0.9999999999999996,1.0000000000000016,1.0000000000000016,0.0893784701427792,1.0934100253724297,0.4283778140441899,1.5217878394166195,1.6111663095593989,-4.440892098500626e-16,0.0150414963018639,0.5787228411116214,0.0437586302433979,0.3624770323431183,0.9411998734547398,0.4062356625865163,1.0000000000000018,OBJECTIVE_AND_FEASIBILITY_IMPROVE,120,120,1,121,3,Return from COBYLA because the objective function has been evaluated MAXFUN times.,False,True,0.6901005590334535,136.7265625,SUCCESS,,4125a14ecf0cf9f70644007cd1634ecf6f1e07fa3cd07fca5698b5513f958820,3301,1.459896567386291,0.001159882583891,0.0005169028983737,0.6767739753419605,-0.15126974217310818,0.013881613717972899,0.0062064591220565,1.112877013889379
diag-run-334cedfc73c578d363bb,task-v2-4968f3a685c2,g-8a16a856f5377a40,v2-S3-b000-g-8a16a856f5377a40,S3,D1,13,0.0001220703125,3.9133899436317554,P3_CONTINUATION_B1,COBYLA,1103,120,1,False,"[2.3572979579313866, 5.058713558072617, 0.0, 3.71953118117793, -0.9818183631331936, 0.0]","[3.2754066719459916, 5.696030862403348, 0.7964327068323276, 3.9456665639908413, -0.8764869420615133, -0.2006026959629187]","[3.2754066719459916, 5.696030862403348, 0.7964327068323276, 3.9456665639908413, -0.8764869420615133, -0.2006026959629187]",1.5661662043649591,1.35518580831047,1.35518580831047,1.35518580831047,0.2109803960544891,0.2109803960544891,0.000757162743766,0.0016950581864339,0.0016950581864339,0.000757162743766,0.0016950581864339,0.0016950581864339,1.0,1.0,1.0,0.7925791799656814,1.1425745544973889,1.1425745544973889,0.9999999999999996,0.9999999999999984,0.9999999999999984,0.0405870836405623,1.0930799394367503,0.2215187852331563,1.314598724669907,1.355185808310469,-8.881784197001252e-16,0.0016950581864339,0.7812812416117566,0.0113281156355545,0.2056955845662531,0.9869768261780096,0.2170237002018077,0.9999999999999984,OBJECTIVE_AND_FEASIBILITY_IMPROVE,120,120,1,121,3,Return from COBYLA because the objective function has been evaluated MAXFUN times.,False,True,0.6990048885345459,136.78515625,SUCCESS,,4125a14ecf0cf9f70644007cd1634ecf6f1e07fa3cd07fca5698b5513f958820,1103,1.4040450075077988,0.0002844438852502,0.0002844438852502,0.3673865457164641,0.04885919919732884,0.0014106143011836999,0.0014106143011836999,0.7751880087809248
diag-run-247be021030988cab799,task-v2-4968f3a685c2,g-8a16a856f5377a40,v2-S3-b000-g-8a16a856f5377a40,S3,D1,13,0.0001220703125,3.9133899436317554,P3_CONTINUATION_B1,COBYLA,2207,120,1,False,"[4.95466250134755, 3.9014339141787193, 0.0, 2.39102458528959, 0.1400986467793451, 0.0]","[5.842891553649822, 4.040641706878781, 0.015564904750892814, 2.416101594623518, 0.08642792287431601, 0.056236966294789664]","[5.842891553649822, 4.040641706878781, 0.015564904750892814, 2.416101594623518, 0.08642792287431601, 0.056236966294789664]",1.723243703630919,1.5958108737473833,1.5958108737473833,1.5958108737473833,0.1274328298835356,0.1274328298835356,0.0036516813599151,0.0062298409824092,0.0062298409824092,0.0036516813599151,0.0062298409824092,0.0062298409824092,1.0,1.0,1.0,1.475882818280445,1.7078669050030326,1.7078669050030326,1.0000000000000004,0.9999999999999994,0.9999999999999994,0.0790212133301744,1.084602154128682,0.4321875062885267,1.5167896604172089,1.5958108737473833,0.0,0.0062298409824092,0.5827928882514699,0.051784009014423,0.3591932617516973,0.9419861500031672,0.4109772707661203,0.9999999999999994,OBJECTIVE_AND_FEASIBILITY_IMPROVE,120,120,1,121,3,Return from COBYLA because the objective function has been evaluated MAXFUN times.,False,True,0.7040290413424373,136.78515625,SUCCESS,,4125a14ecf0cf9f70644007cd1634ecf6f1e07fa3cd07fca5698b5513f958820,2207,1.3634444461393376,1.117364248697446e-06,1.117364248697446e-06,-2.038415284853149,-0.2323664276080457,0.006228723618160503,0.006228723618160503,3.7462821898561818
diag-run-03d1ed8f39b7ce04c187,task-v2-4968f3a685c2,g-8a16a856f5377a40,v2-S3-b000-g-8a16a856f5377a40,S3,D1,13,0.0001220703125,3.9133899436317554,P3_CONTINUATION_B1,COBYLA,3301,120,1,False,"[4.873460008371536, 4.005431361233183, 0.0, 2.365097705196825, 0.14007590962037544, 0.0]","[5.578427026273613, 4.061797538042384, 0.04762642295855751, 2.4103297501255434, 0.14712594359386694, -0.011783992561498537]","[5.578427026273613, 4.061797538042384, 0.04762642295855751, 2.4103297501255434, 0.14712594359386694, -0.011783992561498537]",1.7325285318060049,1.626937085848066,1.626937085848066,1.626937085848066,0.1055914459579387,0.1055914459579387,0.0038786435284181,0.0057666075149767,0.0057666075149767,0.0038786435284181,0.0057666075149767,0.0057666075149767,1.0,1.0,1.0,1.5020698106886523,1.674310337234367,1.674310337234367,1.0,0.9999999999999998,0.9999999999999998,0.0814199668604234,1.093532828862028,0.4519842901256137,1.5455171189876415,1.626937085848065,-1.1102230246251563e-15,0.0057666075149767,0.565466747533104,0.0485123798949575,0.3802542650569615,0.9457210125900656,0.4287666449519191,0.9999999999999998,OBJECTIVE_AND_FEASIBILITY_IMPROVE,120,120,1,121,3,Return from COBYLA because the objective function has been evaluated MAXFUN times.,False,True,0.7004069508984685,136.78515625,SUCCESS,,4125a14ecf0cf9f70644007cd1634ecf6f1e07fa3cd07fca5698b5513f958820,3301,1.4957194048050328,0.0003941397380256,0.0003941397380256,0.5090401672190599,-0.13121768104303322,0.0053724677769511,0.0053724677769511,1.1652701700153072
diag-run-3cf3f211a2b14c7e0f1f,task-v2-5de325b6f026,g-8a16a856f5377a40,v2-S3-b000-g-8a16a856f5377a40,S3,D3,13,0.0003662109375,3.436268688912093,P3_CONTINUATION_B1,COBYLA,1103,120,1,False,"[2.0522876013912557, 4.8079350627351785, 0.0, 3.254631144510704, -0.7771932871610482, 0.0]","[2.067910367267188, 4.7801884633270975, -0.22666575496348434, 3.230033372377574, -0.8830160068498246, 0.13995414928879046]","[2.067910367267188, 4.7801884633270975, -0.22666575496348434, 3.230033372377574, -0.8830160068498246, 0.13995414928879046]",1.5459860591715722,1.51398918308655,1.51398918308655,1.51398918308655,0.0319968760850222,0.0319968760850222,0.009742829274044,0.0143260770529153,0.0143260770529153,0.0063252609773233,0.00933856749265,0.00933856749265,0.6492221919740025,0.6518579690837004,0.6518579690837004,1.4249537812812472,1.5923959715971825,1.5923959715971825,1.0,0.9999999999999972,0.9999999999999972,0.0626762391117432,1.0907183750377587,0.3605945689370483,1.451312943974807,1.5139891830865502,2.220446049250313e-16,0.0143260770529153,0.6362003827539539,0.0204377002628374,0.3290358399302905,0.9652362226842444,0.349473540193128,0.9999999999999972,OBJECTIVE_AND_FEASIBILITY_IMPROVE,120,120,1,121,3,Return from COBYLA because the objective function has been evaluated MAXFUN times.,False,True,0.7383273020386696,136.53125,SUCCESS,,4125a14ecf0cf9f70644007cd1634ecf6f1e07fa3cd07fca5698b5513f958820,1103,1.368878263466886,0.0002870434807039,0.0001644616076857,-0.1057836234148621,-0.14511091961966405,0.014039033572211401,0.0091741058849643,1.6981795950120446
diag-run-940332b18ffb6604fdb5,task-v2-5de325b6f026,g-8a16a856f5377a40,v2-S3-b000-g-8a16a856f5377a40,S3,D3,13,0.0003662109375,3.436268688912093,P3_CONTINUATION_B1,COBYLA,2207,120,1,False,"[5.401688835417383, 4.219518712455906, 0.0, 2.3999252208882966, 0.12171550989365058, 0.0]","[6.317090943935659, 4.298119397556833, 0.11682511644401354, 2.436237196078235, 0.17543143717490225, -0.043512678253776416]","[6.317090943935659, 4.298119397556833, 0.11682511644401354, 2.436237196078235, 0.17543143717490225, -0.043512678253776416]",1.6044433005653302,1.4793001448973029,1.4793001448973029,1.4793001448973029,0.1251431556680275,0.1251431556680275,0.0172299150196937,0.0256664681553701,0.0256664681553701,0.0106597267859091,0.0162446887925883,0.0162446887925883,0.6186755287954164,0.6329148480520302,0.6329148480520302,1.672551824365398,1.8456348004287804,1.8456348004287804,0.9999999999999996,0.9999999999999988,0.9999999999999988,0.0774683026195276,1.0720453567324322,0.329786485545343,1.4018318422777751,1.4793001448973029,0.0,0.0256664681553701,0.6590909699122549,0.0382311312040235,0.2770114307283502,0.9361024006406052,0.3152425619323737,0.9999999999999988,OBJECTIVE_AND_FEASIBILITY_IMPROVE,120,120,1,121,3,Return from COBYLA because the objective function has been evaluated MAXFUN times.,False,True,0.7405420336872339,136.53125,SUCCESS,,4125a14ecf0cf9f70644007cd1634ecf6f1e07fa3cd07fca5698b5513f958820,2207,1.3213400887533846,5.485345535543948e-05,3.5160951432990195e-05,-0.8245273210270436,-0.15796005614391828,0.025611614700014662,0.01620952784115531,2.670162121455824
diag-run-c2648c4ec412a5303b8b,task-v2-5de325b6f026,g-8a16a856f5377a40,v2-S3-b000-g-8a16a856f5377a40,S3,D3,13,0.0003662109375,3.436268688912093,P3_CONTINUATION_B1,COBYLA,3301,120,1,False,"[4.267269136216224, 4.093449287093491, 0.0, 2.351608707020882, 0.11452906070144965, 0.0]","[5.2313533298306165, 4.203541489341565, 0.4289325889536686, 2.3950673426395293, 0.32575823082395916, -0.18785700614823136]","[5.2313533298306165, 4.203541489341565, 0.4289325889536686, 2.3950673426395293, 0.32575823082395916, -0.18785700614823136]",1.784244648455573,1.596326846748857,1.596326846748857,1.596326846748857,0.187917801706716,0.187917801706716,0.0088456744928828,0.0196737316536992,0.0196737316536992,0.0051282575523219,0.0114448531418859,0.0114448531418859,0.5797474863503201,0.581732705484673,0.581732705484673,1.382999642875611,1.7301554323038,1.7301554323038,0.9999999999999988,0.9999999999999984,0.9999999999999984,0.0874718583719603,1.1089310650346431,0.3999239233422533,1.508854988376897,1.5963268467488572,2.220446049250313e-16,0.0196737316536992,0.6044095478637044,0.0302677085754483,0.3456490119071465,0.9500585597708509,0.3759167204825948,0.9999999999999984,OBJECTIVE_AND_FEASIBILITY_IMPROVE,120,120,1,121,3,Return from COBYLA because the objective function has been evaluated MAXFUN times.,False,True,0.733132790774107,136.53125,SUCCESS,,4125a14ecf0cf9f70644007cd1634ecf6f1e07fa3cd07fca5698b5513f958820,3301,1.4610271831979866,0.0014370096251193,0.0008432544769369,0.5937283659692263,-0.1352996635508703,0.0182367220285799,0.010601598664949,1.1364270663345737
diag-run-59ec4fbc29d0a2b6d6f8,task-v2-0c6c4504c3d3,g-8a16a856f5377a40,v2-S3-b000-g-8a16a856f5377a40,S3,D5,13,0.0006103515625,3.2144199392957367,P3_CONTINUATION_B1,COBYLA,1103,120,1,False,"[2.853339307711231, 4.364054076487135, 0.0, 2.312596769104051, 0.10473061984598919, 0.0]","[3.5679314433886473, 4.362943707236035, 0.029275541705931295, 2.2998712426692483, 0.11726014220835043, -0.021077874680564542]","[3.5679314433886473, 4.362943707236035, 0.029275541705931295, 2.2998712426692483, 0.11726014220835043, -0.021077874680564542]",1.860672100206132,1.8322400735562727,1.8322400735562727,1.8322400735562727,0.0284320266498587,0.0284320266498587,0.011093043916203,0.0107410783717357,0.0107410783717357,0.001895092682433,0.0017337601745906,0.0017337601745906,0.1708361290867094,0.1614139767523614,0.1614139767523614,1.2594706716146264,1.2454678246987514,1.2454678246987514,0.9999999999999988,1.0000000000000002,1.0000000000000002,0.1172272242749225,1.2257839255231602,0.4892289237581904,1.7150128492813506,1.8322400735562727,0.0,0.0107410783717357,0.5570445114046483,0.0030239413898973,0.4291904688337188,0.9862349802383672,0.4322144102236162,1.0000000000000002,OBJECTIVE_IMPROVES_FEASIBILITY_WORSENS,120,120,1,121,3,Return from COBYLA because the objective function has been evaluated MAXFUN times.,False,True,0.7217998513951898,135.79296875,SUCCESS,,4125a14ecf0cf9f70644007cd1634ecf6f1e07fa3cd07fca5698b5513f958820,1103,1.3855528032441755,0.0034412948326484,0.0028169805097968,0.7511418216542655,-0.4466872703120972,0.007299783539087301,-0.0010832203352062,0.49432600304448593
diag-run-53a30bd2806f71fefa94,task-v2-0c6c4504c3d3,g-8a16a856f5377a40,v2-S3-b000-g-8a16a856f5377a40,S3,D5,13,0.0006103515625,3.2144199392957367,P3_CONTINUATION_B1,COBYLA,2207,120,1,False,"[5.633014571174835, 4.166480396683977, 0.0, 2.4485288277994526, 0.12896163233685734, 0.0]","[6.323973188684103, 4.632034433132568, 0.06267440667000913, 2.458500500391587, 0.15754605997894983, -0.04137969260524426]","[6.323973188684103, 4.632034433132568, 0.06267440667000913, 2.458500500391587, 0.15754605997894983, -0.04137969260524426]",1.5069255612077626,1.3818848379630095,1.3818848379630095,1.3818848379630095,0.125040723244753,0.125040723244753,0.0357096089109574,0.0594315954172992,0.0594315954172992,0.0087005428264611,0.018221719642884,0.018221719642884,0.2436471048494579,0.3065998736015767,0.3065998736015767,1.767205033152949,1.9884373281712988,1.9884373281712988,0.9999999999999996,1.0000000000000022,1.0000000000000022,0.0829085461074977,1.0627426163063167,0.2362336755491946,1.2989762918555114,1.381884837963009,-2.220446049250313e-16,0.0594315954172992,0.7140088614808027,0.0143521548195665,0.2122073882823336,0.9262162497631364,0.2265595431019001,1.0000000000000022,OBJECTIVE_AND_FEASIBILITY_IMPROVE,120,120,1,121,3,Return from COBYLA because the objective function has been evaluated MAXFUN times.,False,True,0.7198332641273737,135.79296875,SUCCESS,,4125a14ecf0cf9f70644007cd1634ecf6f1e07fa3cd07fca5698b5513f958820,2207,1.2719140178881192,0.0109396252868735,0.0106855097005541,1.253422385732804,-0.10997082007489034,0.0484919701304257,0.0075362099423299,0.7350149424384949
diag-run-895a39f60fbd43c033b6,task-v2-0c6c4504c3d3,g-8a16a856f5377a40,v2-S3-b000-g-8a16a856f5377a40,S3,D5,13,0.0006103515625,3.2144199392957367,P3_CONTINUATION_B1,COBYLA,3301,120,1,False,"[4.682520769585472, 3.772770230251288, 0.0, 2.3939969807495394, 0.13513522349157267, 0.0]","[5.635738059230124, 4.291567705397881, 0.04462227201128249, 2.454991416956498, 0.13703895973359087, 0.0025471556509141253]","[5.635738059230124, 4.291567705397881, 0.04462227201128249, 2.454991416956498, 0.13703895973359087, 0.0025471556509141253]",1.7271813585777376,1.5012079817543331,1.5012079817543331,1.5012079817543331,0.2259733768234044,0.2259733768234044,0.0135893597665916,0.0429131821809719,0.0429131821809719,0.0012769129042623,0.0111405645381165,0.0111405645381165,0.0939641694821783,0.259607047809574,0.259607047809574,1.3476189356613344,1.8470106596637563,1.8470106596637563,1.000000000000001,1.0000000000000024,1.0000000000000024,0.0937643083911385,1.0959414551143982,0.3115022182487963,1.4074436733631943,1.5012079817543331,0.0,0.0429131821809719,0.661560565605265,0.0155019956907047,0.2800242565230607,0.9415848221283256,0.2955262522137654,1.0000000000000024,OBJECTIVE_AND_FEASIBILITY_IMPROVE,120,120,1,121,3,Return from COBYLA because the objective function has been evaluated MAXFUN times.,False,True,0.7265401901677251,135.79296875,SUCCESS,,4125a14ecf0cf9f70644007cd1634ecf6f1e07fa3cd07fca5698b5513f958820,3301,1.518761906560829,0.0341245131949279,0.0258227633901698,1.74748640393753,0.01755392480649598,0.008788668986043996,-0.014682198852053302,0.09952425572622636
diag-run-4c66c3c5391617d1f246,task-v2-f0ef0f25a74e,g-8a16a856f5377a40,v2-S3-b000-g-8a16a856f5377a40,S3,D6,13,0.000732421875,3.135238693248112,P3_CONTINUATION_B1,COBYLA,1103,120,1,False,"[2.403160274171025, 4.486461953335328, 0.0, 2.285528945747223, 0.10596286308144709, 0.0]","[2.430041262300027, 4.502461534687394, 0.5096338125823261, 2.3029550108919365, 0.17007913837043265, -0.06685948930972019]","[2.430041262300027, 4.502461534687394, 0.5096338125823261, 2.3029550108919365, 0.17007913837043265, -0.06685948930972019]",1.8119808439914964,1.8037083148294129,1.8037083148294129,1.8037083148294129,0.0082725291620837,0.0082725291620837,0.0130400081673173,0.0159201992920305,0.0159201992920305,0.003286634310557,0.0036362886288541,0.0036362886288541,0.252042350617114,0.2284072304719477,0.2284072304719477,1.2505165566547314,1.3371871932632926,1.3371871932632926,0.9999999999999992,0.9999999999999984,0.9999999999999984,0.1269667110910287,1.2441669220200344,0.432574681718349,1.6767416037383835,1.803708314829412,-4.440892098500626e-16,0.0159201992920305,0.6068815931127365,0.0008351838900656,0.3763630237051658,0.9832446168179022,0.3771982075952314,0.9999999999999984,OBJECTIVE_AND_FEASIBILITY_IMPROVE,120,120,1,121,3,Return from COBYLA because the objective function has been evaluated MAXFUN times.,False,True,0.7346540484577417,136.5078125,SUCCESS,,4125a14ecf0cf9f70644007cd1634ecf6f1e07fa3cd07fca5698b5513f958820,1103,1.3607286723749443,0.0038824157746185,0.0033265860819369,0.7243407361380407,-0.4429796424544685,0.012037783517412,0.00030970254691720014,0.6128464571252519
diag-run-30bd6da58681e0f9ed59,task-v2-f0ef0f25a74e,g-8a16a856f5377a40,v2-S3-b000-g-8a16a856f5377a40,S3,D6,13,0.000732421875,3.135238693248112,P3_CONTINUATION_B1,COBYLA,2207,120,1,False,"[5.411947977517282, 4.118635098447074, 0.0, 2.457470432297963, 0.14401380171856928, 0.0]","[6.3915694427524254, 4.541600251419476, 0.12266899828650332, 2.4847652250765826, 0.2626375465444069, -0.1416009420177953]","[6.3915694427524254, 4.541600251419476, 0.12266899828650332, 2.4847652250765826, 0.2626375465444069, -0.1416009420177953]",1.5372532578913214,1.3064991606534662,1.3064991606534662,1.3064991606534662,0.2307540972378552,0.2307540972378552,0.0440126649001908,0.0808605483677423,0.0808605483677423,0.0146293224789591,0.0305063915389925,0.0305063915389925,0.3323889274174744,0.3772716380830589,0.3772716380830589,1.778816358480202,2.042975375487877,2.042975375487877,0.999999999999998,1.0000000000000009,1.0000000000000009,0.0866199563228392,1.0462958579426878,0.1735833463879394,1.2198792043306272,1.3064991606534666,4.440892098500626e-16,0.0808605483677423,0.7523309769797759,0.0065760642081033,0.1602324104443794,0.9125633874241552,0.1668084746524828,1.000000000000001,OBJECTIVE_AND_FEASIBILITY_IMPROVE,120,120,1,121,3,Return from COBYLA because the objective function has been evaluated MAXFUN times.,False,True,0.7272241795435548,136.5078125,SUCCESS,,4125a14ecf0cf9f70644007cd1634ecf6f1e07fa3cd07fca5698b5513f958820,2207,1.3769420469493512,0.0264472466113435,0.0116661978224095,1.5576191581356305,0.07044288629588502,0.0544133017563988,0.018840193716583,0.48535621735224654
diag-run-d9fc23154eb2fe57aae3,task-v2-f0ef0f25a74e,g-8a16a856f5377a40,v2-S3-b000-g-8a16a856f5377a40,S3,D6,13,0.000732421875,3.135238693248112,P3_CONTINUATION_B1,COBYLA,3301,120,1,False,"[2.1661095265763564, 1.8648525946711887, 0.0, 2.2889542059110757, -0.1880815918125395, 0.0]","[2.164307860989338, 1.6780951751392765, 0.10659683258985284, 2.3230490041781358, -0.14179463815019105, -0.0512039147710943]","[2.164307860989338, 1.6780951751392765, 0.10659683258985284, 2.3230490041781358, -0.14179463815019105, -0.0512039147710943]",1.6852294122733902,1.6743117492258428,1.6743117492258428,1.6743117492258428,0.0109176630475473,0.0109176630475473,0.0182296846892534,0.0200955083435889,0.0200955083435889,0.0041670702890922,0.0047356016146065,0.0047356016146065,0.228587074330957,0.2356547310791119,0.2356547310791119,1.3960178501695957,1.438337689992798,1.438337689992798,1.0000000000000009,1.0000000000000004,1.0000000000000004,0.1126992893813151,1.2045834223290348,0.3570290375154931,1.561612459844528,1.674311749225843,2.220446049250313e-16,0.0200955083435889,0.6617463830161336,0.0005272615824794,0.3176308470577981,0.9793772300739316,0.3181581086402776,1.0000000000000002,OBJECTIVE_AND_FEASIBILITY_IMPROVE,120,120,1,121,3,Return from COBYLA because the objective function has been evaluated MAXFUN times.,False,True,0.7331927511841059,136.5078125,SUCCESS,,4125a14ecf0cf9f70644007cd1634ecf6f1e07fa3cd07fca5698b5513f958820,3301,1.536779615676418,0.0472765839574313,0.0362536043092416,1.8098847816366448,-0.13753213354942484,-0.0271810756138424,-0.0315180026946351,-0.3715470916438468
diag-run-ab569068d856ab47b984,task-v2-69173fedcdae,g-8a16a856f5377a40,v2-S3-b000-g-8a16a856f5377a40,S3,D7,13,0.0008544921875,3.0682919036174985,P3_CONTINUATION_B1,COBYLA,1103,120,1,False,"[1.8934236172164045, 4.496711874635474, 0.0, 2.266711729638974, 0.11075925032389869, 0.0]","[1.8628028985969973, 4.43678022999607, -0.015808494390240492, 2.2694724964831825, 0.10660232187105087, 0.004991873100178446]","[1.8628028985969973, 4.43678022999607, -0.015808494390240492, 2.2694724964831825, 0.10660232187105087, 0.004991873100178446]",1.6812927526463834,1.6798101135502872,1.6798101135502872,1.6798101135502872,0.0014826390960962,0.0014826390960962,0.0149246886815461,0.0151704255557895,0.0151704255557895,0.0040588375847567,0.0041423780554853,0.0041423780554853,0.2719545895637588,0.27305615391287,0.27305615391287,1.2421971844375506,1.249289667261111,1.249289667261111,1.0,0.9999999999999994,0.9999999999999994,0.1285666822867074,1.2559013020532206,0.2953421292103596,1.5512434312635803,1.6798101135502876,4.440892098500626e-16,0.0151704255557895,0.7266621529047235,0.0,0.2581674215394864,0.98482957444421,0.2581674215394864,0.9999999999999994,OBJECTIVE_AND_FEASIBILITY_IMPROVE,120,120,1,121,3,Return from COBYLA because the objective function has been evaluated MAXFUN times.,False,True,0.7269347663968801,135.93359375,SUCCESS,,4125a14ecf0cf9f70644007cd1634ecf6f1e07fa3cd07fca5698b5513f958820,1103,1.359327304408583,0.0060999342358516,0.0055273958839622,0.8536170564707748,-0.32048280914170424,0.0090704913199379,-0.0013850178284769005,0.3956726107903361
diag-run-1021d7d5f4daae64a96b,task-v2-69173fedcdae,g-8a16a856f5377a40,v2-S3-b000-g-8a16a856f5377a40,S3,D7,13,0.0008544921875,3.0682919036174985,P3_CONTINUATION_B1,COBYLA,2207,120,1,False,"[1.0066855960067225, 6.737128967179567, 0.0, 2.8781035626707694, -0.5777751815110356, 0.0]","[0.7422897833213317, 6.903344047427995, 0.26516713339264747, 2.899043118920492, -0.4217741995845111, -0.17812667132818852]","[0.7422897833213317, 6.903344047427995, 0.26516713339264747, 2.899043118920492, -0.4217741995845111, -0.17812667132818852]",1.252634297757721,1.2105800681757295,1.2105800681757295,1.2105800681757295,0.0420542295819912,0.0420542295819912,0.0452609953912153,0.064224652080595,0.064224652080595,0.014108682627872,0.0208523482125508,0.0208523482125508,0.3117183461371785,0.3246782588465156,0.3246782588465156,1.724016004454913,1.875993663891235,1.875993663891235,0.999999999999999,0.9999999999999992,0.9999999999999992,0.0663324773833254,1.0455827180979609,0.0986648726944443,1.144247590792405,1.2105800681757304,6.661338147750939e-16,0.064224652080595,0.8392627977427299,0.0,0.0965125501766744,0.9357753479194044,0.0965125501766744,0.9999999999999994,OBJECTIVE_AND_FEASIBILITY_IMPROVE,120,120,1,121,3,Return from COBYLA because the objective function has been evaluated MAXFUN times.,False,True,0.7066348968073726,135.93359375,SUCCESS,,4125a14ecf0cf9f70644007cd1634ecf6f1e07fa3cd07fca5698b5513f958820,2207,1.2979051459430204,0.0376391866945274,0.0143649179204729,1.643932134262863,0.08732507776729093,0.026585465386067597,0.006487430292077899,0.2320615296283719
diag-run-99edc844e94355ba0af3,task-v2-69173fedcdae,g-8a16a856f5377a40,v2-S3-b000-g-8a16a856f5377a40,S3,D7,13,0.0008544921875,3.0682919036174985,P3_CONTINUATION_B1,COBYLA,3301,120,1,False,"[1.8998040538300824, 4.277136001694996, 0.0, 2.2755545795975127, 0.1088488178213923, 0.0]","[1.8632728555752338, 4.3334406471025, 0.0006319753787624313, 2.272859609338344, 0.11102725009562908, 0.0008494248634698264]","[1.8632728555752338, 4.3334406471025, 0.0006319753787624313, 2.272859609338344, 0.11102725009562908, 0.0008494248634698264]",1.6804249421250606,1.6793981932960067,1.6793981932960067,1.6793981932960067,0.0010267488290538,0.0010267488290538,0.0154426785922761,0.0154833173081311,0.0154833173081311,0.0041899926547951,0.0042272134706662,0.0042272134706662,0.271325510646247,0.2730172989767696,0.2730172989767696,1.2570145362072225,1.2581559177338166,1.2581559177338166,0.9999999999999998,0.9999999999999994,0.9999999999999994,0.1283887386739898,1.2542578753355524,0.2967515792864645,1.551009454622017,1.679398193296007,2.220446049250313e-16,0.0154833173081311,0.7249388471163166,0.0,0.2595778355755515,0.9845166826918682,0.2595778355755515,0.9999999999999992,OBJECTIVE_AND_FEASIBILITY_IMPROVE,120,120,1,121,3,Return from COBYLA because the objective function has been evaluated MAXFUN times.,False,True,0.70824043918401,135.93359375,SUCCESS,,4125a14ecf0cf9f70644007cd1634ecf6f1e07fa3cd07fca5698b5513f958820,3301,1.5249098080859995,0.0601433360023674,0.045999017943402,1.8474794172928417,-0.15448838521000718,-0.044660018694236296,-0.0417718044727358,-0.5893234995590251
diag-run-d1b05e8c56cf8482fc91,task-v2-eb1005d46905,g-8a16a856f5377a40,v2-S3-b000-g-8a16a856f5377a40,S3,D4,13,0.00048828125,3.311329952303793,P3_CONTINUATION_B1,COBYLA,1103,120,1,False,"[2.8426933144772715, 4.26334162639579, 0.0, 2.323998914921688, 0.11077766136798751, 0.0]","[3.478582620518987, 4.293646951017124, -0.032913060833893705, 2.307612776917407, 0.09505296288031419, 0.003625730201528973]","[3.478582620518987, 4.293646951017124, -0.032913060833893705, 2.307612776917407, 0.09505296288031419, 0.003625730201528973]",1.87126558778754,1.8390298408911083,1.8390298408911083,1.8390298408911083,0.0322357468964311,0.0322357468964311,0.0091570515128475,0.0089086071635006,0.0089086071635006,0.0018330235279534,0.0017643800745884,0.0017643800745884,0.2001761730161334,0.1980534153326729,0.1980534153326729,1.2730856096141434,1.2611397608871644,1.2611397608871644,0.9999999999999988,1.000000000000001,1.000000000000001,0.1175883284868464,1.224315120765461,0.497126391638801,1.721441512404262,1.8390298408911083,0.0,0.0089086071635006,0.5510305979165675,0.0047279123567659,0.4353328825631672,0.9863634804797348,0.4400607949199331,1.000000000000001,OBJECTIVE_IMPROVES_FEASIBILITY_WORSENS,120,120,1,121,3,Return from COBYLA because the objective function has been evaluated MAXFUN times.,False,True,0.8017168724909425,136.15234375,SUCCESS,,4125a14ecf0cf9f70644007cd1634ecf6f1e07fa3cd07fca5698b5513f958820,1103,1.379885248250827,0.0046015382583044,0.0040406261283472,0.9742329895109731,-0.4591445926402813,0.004307068905196199,-0.0022762460537588004,0.28690677137619125
diag-run-baebd63fb4f8c3dcef6c,task-v2-eb1005d46905,g-8a16a856f5377a40,v2-S3-b000-g-8a16a856f5377a40,S3,D4,13,0.00048828125,3.311329952303793,P3_CONTINUATION_B1,COBYLA,2207,120,1,False,"[5.646268770461309, 4.087709939516235, 0.0, 2.451268107417907, 0.13357294455980182, 0.0]","[6.375009547100259, 4.534787505172351, 0.017418613187467954, 2.4688427188500985, 0.14121061099605303, -0.024762632562151544]","[6.375009547100259, 4.534787505172351, 0.017418613187467954, 2.4688427188500985, 0.14121061099605303, -0.024762632562151544]",1.515837039047168,1.392208428368228,1.392208428368228,1.392208428368228,0.1236286106789399,0.1236286106789399,0.0275997342222596,0.0484803814600285,0.0484803814600285,0.0077774862786999,0.0176856339520718,0.0176856339520718,0.2817956947001063,0.3647998101387349,0.3647998101387349,1.7522348522544526,1.9968959806512487,1.9968959806512487,0.9999999999999992,0.9999999999999992,0.9999999999999992,0.0824654281233852,1.0613143260267837,0.2484286742180587,1.3097430002448425,1.3922084283682277,-4.440892098500626e-16,0.0484803814600285,0.7127236598252025,0.0239737721453226,0.2148221865694455,0.927545846394648,0.2387959587147682,0.9999999999999992,OBJECTIVE_AND_FEASIBILITY_IMPROVE,120,120,1,121,3,Return from COBYLA because the objective function has been evaluated MAXFUN times.,False,True,0.7479066913947463,136.15234375,SUCCESS,,4125a14ecf0cf9f70644007cd1634ecf6f1e07fa3cd07fca5698b5513f958820,2207,1.2863456020319182,0.0156268209871174,0.0153670607461927,1.5052005894288027,-0.10586282633630972,0.032853560472911096,0.0023185732058790993,0.491695391222446
diag-run-e00633e420ec9c1b1701,task-v2-eb1005d46905,g-8a16a856f5377a40,v2-S3-b000-g-8a16a856f5377a40,S3,D4,13,0.00048828125,3.311329952303793,P3_CONTINUATION_B1,COBYLA,3301,120,1,False,"[4.509241470476661, 3.6659926750969, 0.0, 2.3993750512580925, 0.13074545995770717, 0.0]","[5.580444782709805, 4.241223408592196, 0.13972422709787477, 2.4306648262940906, 0.19388988379736602, -0.07284139607604936]","[5.580444782709805, 4.241223408592196, 0.13972422709787477, 2.4306648262940906, 0.19388988379736602, -0.07284139607604936]",1.762903332195945,1.5185177445552809,1.5185177445552809,1.5185177445552809,0.2443855876406642,0.2443855876406642,0.0087706267156351,0.0287312632695861,0.0287312632695861,0.0007495579806446,0.0086530424535144,0.0086530424535144,0.0854623055965216,0.3011716669859839,0.3011716669859839,1.2543605798109256,1.7696846739779206,1.7696846739779206,0.9999999999999996,0.9999999999999992,0.9999999999999992,0.0914117053614281,1.107107034823367,0.3199990043704857,1.4271060391938526,1.5185177445552809,-2.220446049250313e-16,0.0287312632695861,0.6679621752813657,0.0203580421903003,0.282948519258747,0.9509106945401128,0.3033065614490473,0.9999999999999992,OBJECTIVE_AND_FEASIBILITY_IMPROVE,120,120,1,121,3,Return from COBYLA because the objective function has been evaluated MAXFUN times.,False,True,0.7486196206882596,136.15234375,SUCCESS,,4125a14ecf0cf9f70644007cd1634ecf6f1e07fa3cd07fca5698b5513f958820,3301,1.5241612544202598,0.0321550435432471,0.0258490890090168,1.8185790543295348,0.005643509864978968,-0.0034237802736610014,-0.0171960465555024,-0.0488943803516142
diag-run-de85f4528b1f7244096d,task-v2-8792ce3c54d5,g-a712031e7959d564,v2-S3-b001-g-a712031e7959d564,S3,D1,13,0.0001220703125,3.9133899436317554,P3_CONTINUATION_B1,COBYLA,1103,120,1,False,"[3.7891991776554947, 4.454716512640481, 0.0, 2.327954576639622, 0.13488641688017622, 0.0]","[5.133492773667142, 4.310150215913373, -0.003810371671277586, 2.3724582380626593, 0.15033782704517468, -0.006648350383315014]","[5.133492773667142, 4.310150215913373, -0.003810371671277586, 2.3724582380626593, 0.15033782704517468, -0.006648350383315014]",1.8614742912093265,1.652321553669363,1.652321553669363,1.652321553669363,0.2091527375399635,0.2091527375399635,0.0066751139502125,0.0100241689050141,0.0100241689050141,0.0066751139502125,0.0100241689050141,0.0100241689050141,1.0,1.0,1.0,1.7378486275299625,1.9144383194448245,1.9144383194448245,0.999999999999998,1.0000000000000009,1.0000000000000009,0.0589392494633785,1.115051892452637,0.4783304117533475,1.5933823042059845,1.652321553669363,0.0,0.0100241689050141,0.5391871775569683,0.0442128533670043,0.4065758001710141,0.9457629777279823,0.4507886535380184,1.0000000000000009,OBJECTIVE_AND_FEASIBILITY_IMPROVE,120,120,1,121,3,Return from COBYLA because the objective function has been evaluated MAXFUN times.,False,True,0.7603963790461421,136.16015625,SUCCESS,,4125a14ecf0cf9f70644007cd1634ecf6f1e07fa3cd07fca5698b5513f958820,1103,1.3360128356209424,6.75373281040229e-05,6.75373281040229e-05,-0.2570661811857055,-0.31630871804842053,0.009956631576910078,0.009956631576910078,2.17150450063053
diag-run-355c217819ee66632405,task-v2-8792ce3c54d5,g-a712031e7959d564,v2-S3-b001-g-a712031e7959d564,S3,D1,13,0.0001220703125,3.9133899436317554,P3_CONTINUATION_B1,COBYLA,2207,120,1,False,"[5.0029460925648035, 3.979640214938352, 0.0, 2.389496325220441, 0.14849377373478165, 0.0]","[5.672486710036282, 4.04254644782914, 0.007944094497754607, 2.4073699456484428, 0.154105699324919, -0.01105918807093277]","[5.672486710036282, 4.04254644782914, 0.007944094497754607, 2.4073699456484428, 0.154105699324919, -0.01105918807093277]",1.6704437635456042,1.6037100698716134,1.6037100698716134,1.6037100698716134,0.0667336936739908,0.0667336936739908,0.0063657223241751,0.0083921929355916,0.0083921929355916,0.0063657223241751,0.0083921929355916,0.0083921929355916,1.0,1.0,1.0,1.7172376341987676,1.8372654033143552,1.8372654033143552,1.0000000000000016,0.9999999999999996,0.9999999999999996,0.054320555554549,1.0902917939299166,0.4590977203871476,1.5493895143170642,1.6037100698716134,0.0,0.0083921929355916,0.5541893640741361,0.05327122979737,0.3841472131929018,0.938336577267038,0.4374184429902719,0.9999999999999996,OBJECTIVE_AND_FEASIBILITY_IMPROVE,120,120,1,121,3,Return from COBYLA because the objective function has been evaluated MAXFUN times.,False,True,0.7368224319070578,136.16015625,SUCCESS,,4125a14ecf0cf9f70644007cd1634ecf6f1e07fa3cd07fca5698b5513f958820,2207,1.3416299380188574,0.0004633303505832,0.0004633303505832,0.5792806933472985,-0.2620801318527559,0.007928862585008401,0.007928862585008401,1.2579847099670567
diag-run-d01052c2e7945ca969a1,task-v2-8792ce3c54d5,g-a712031e7959d564,v2-S3-b001-g-a712031e7959d564,S3,D1,13,0.0001220703125,3.9133899436317554,P3_CONTINUATION_B1,COBYLA,3301,120,1,False,"[4.493028886125917, 4.1137511090690095, 0.0, 2.3681191939829174, 0.13012519523742738, 0.0]","[5.355307308024706, 4.156201531399548, 0.028851012995885314, 2.3949755171664426, 0.1567740572630655, -0.01607130293751715]","[5.355307308024706, 4.156201531399548, 0.028851012995885314, 2.3949755171664426, 0.1567740572630655, -0.01607130293751715]",1.7372070895330716,1.626760469090449,1.626760469090449,1.626760469090449,0.1104466204426226,0.1104466204426226,0.0059405166357819,0.0091375153205607,0.0091375153205607,0.0059405166357819,0.0091375153205607,0.0091375153205607,1.0,1.0,1.0,1.687214160046009,1.8742180617650483,1.8742180617650483,0.9999999999999992,1.0,1.0,0.0568016473319235,1.099825969360007,0.4701328523985179,1.569958821758525,1.6267604690904485,-4.440892098500626e-16,0.0091375153205607,0.5449834612895764,0.0502632735899838,0.3956157497998792,0.9405992110894554,0.445879023389863,1.0000000000000002,OBJECTIVE_AND_FEASIBILITY_IMPROVE,120,120,1,121,3,Return from COBYLA because the objective function has been evaluated MAXFUN times.,False,True,0.7611561780795455,136.16015625,SUCCESS,,4125a14ecf0cf9f70644007cd1634ecf6f1e07fa3cd07fca5698b5513f958820,3301,1.429404327379575,9.089776884822254e-05,9.089776884822254e-05,-0.1280568330890412,-0.197356141710874,0.009046617551712478,0.009046617551712478,2.0022748948540894
diag-run-aa43fbb2f41a00974c3c,task-v2-ef23e17da545,g-a712031e7959d564,v2-S3-b001-g-a712031e7959d564,S3,D3,13,0.0003662109375,3.436268688912093,P3_CONTINUATION_B1,COBYLA,1103,120,1,False,"[2.2714872943911133, 4.250133703158532, 0.0, 3.2430257322725558, -0.7625701804350202, 0.0]","[2.0999222535639226, 4.049236899777224, 0.3806077611206724, 3.2471670823195127, -0.5648861467401389, -0.20282806818642463]","[2.0999222535639226, 4.049236899777224, 0.3806077611206724, 3.2471670823195127, -0.5648861467401389, -0.20282806818642463]",1.493807417621046,1.4165767151067548,1.4165767151067548,1.4165767151067548,0.0772307025142913,0.0772307025142913,0.0159821127216309,0.0283848760656733,0.0283848760656733,0.0084041043771827,0.0137635074674036,0.0137635074674036,0.5258443938896902,0.4848887638459067,0.4848887638459067,1.6399028783266807,1.889355691256802,1.889355691256802,0.999999999999998,1.000000000000002,1.000000000000002,0.0414730096070243,1.0773077685779266,0.2977959369218047,1.3751037054997313,1.4165767151067556,8.881784197001252e-16,0.0283848760656733,0.6823143841164746,0.0250471454041896,0.2642535944136644,0.946567978530139,0.289300739817854,1.000000000000002,OBJECTIVE_AND_FEASIBILITY_IMPROVE,120,120,1,121,3,Return from COBYLA because the objective function has been evaluated MAXFUN times.,False,True,0.7003606148064137,136.84375,SUCCESS,,4125a14ecf0cf9f70644007cd1634ecf6f1e07fa3cd07fca5698b5513f958820,1103,1.3147084168547702,0.0004395778371526,0.0003451788175746,0.0793044767469546,-0.10186829825198451,0.0279452982285207,0.013418328649829,1.8100512145098473
diag-run-4c86beb6d583432fa8d8,task-v2-ef23e17da545,g-a712031e7959d564,v2-S3-b001-g-a712031e7959d564,S3,D3,13,0.0003662109375,3.436268688912093,P3_CONTINUATION_B1,COBYLA,2207,120,1,False,"[5.2616132205943265, 4.092351903530169, 0.0, 2.4287248207611687, 0.1427300393204812, 0.0]","[5.939665753458643, 4.2019766242613334, 0.03544016427917983, 2.4562715494185188, 0.15861996325546107, -0.0284401200374801]","[5.939665753458643, 4.2019766242613334, 0.03544016427917983, 2.4562715494185188, 0.15861996325546107, -0.0284401200374801]",1.5402577376571769,1.4519085011629334,1.4519085011629334,1.4519085011629334,0.0883492364942433,0.0883492364942433,0.0274615062148492,0.0350097570384652,0.0350097570384652,0.0134150509300055,0.0169729397881896,0.0169729397881896,0.4885038287794887,0.4848059862152547,0.4848059862152547,1.874993042747208,1.9804577857605312,1.9804577857605312,0.9999999999999992,1.0000000000000018,1.0000000000000018,0.0578591849992517,1.0699402198341563,0.324109096329525,1.394049316163681,1.4519085011629331,-2.220446049250313e-16,0.0350097570384652,0.6544257014649718,0.0404497906492731,0.2701147508472915,0.9245404523122632,0.3105645414965646,1.0000000000000018,OBJECTIVE_AND_FEASIBILITY_IMPROVE,120,120,1,121,3,Return from COBYLA because the objective function has been evaluated MAXFUN times.,False,True,0.712889214977622,136.84375,SUCCESS,,4125a14ecf0cf9f70644007cd1634ecf6f1e07fa3cd07fca5698b5513f958820,2207,1.305341458090839,0.0010543416536876,0.0008869811436563,0.4592500533636531,-0.14656704307209445,0.0339554153847776,0.0160859586445333,1.5212077323968782
diag-run-d954e9319490a97ed284,task-v2-ef23e17da545,g-a712031e7959d564,v2-S3-b001-g-a712031e7959d564,S3,D3,13,0.0003662109375,3.436268688912093,P3_CONTINUATION_B1,COBYLA,3301,120,1,False,"[4.57371302373506, 3.652751477909695, 0.0, 2.4176599920853015, 0.12555934794714407, 0.0]","[5.48922981840413, 4.187462773114746, 0.04701000585952475, 2.448641269660999, 0.16707070871104943, -0.03329866751386054]","[5.48922981840413, 4.187462773114746, 0.04701000585952475, 2.448641269660999, 0.16707070871104943, -0.03329866751386054]",1.677877050265888,1.502008830442005,1.502008830442005,1.502008830442005,0.175868219823883,0.175868219823883,0.011499434633958,0.0320076378286222,0.0320076378286222,0.0063971436687368,0.0152954167327685,0.0152954167327685,0.5563007115015814,0.4778677144081817,0.4778677144081817,1.4969451778406622,1.941522313201531,1.941522313201531,0.9999999999999992,0.9999999999999992,0.9999999999999992,0.0623456960158844,1.0833270093010725,0.3563361251250478,1.4396631344261204,1.5020088304420047,-2.220446049250313e-16,0.0320076378286222,0.6287641278119113,0.03955626714616,0.2996719672133057,0.9284360950252172,0.3392282343594657,0.9999999999999992,OBJECTIVE_AND_FEASIBILITY_IMPROVE,120,120,1,121,3,Return from COBYLA because the objective function has been evaluated MAXFUN times.,False,True,0.7018529754132032,136.84375,SUCCESS,,4125a14ecf0cf9f70644007cd1634ecf6f1e07fa3cd07fca5698b5513f958820,3301,1.4412407998978038,0.0014615086358821,0.0007495550062939,0.6010700748080056,-0.0607680305442011,0.030546129192740096,0.0145458617264746,1.3404522383935253
diag-run-0028a2826a3e013ff963,task-v2-5acbf653f95a,g-a712031e7959d564,v2-S3-b001-g-a712031e7959d564,S3,D2,13,0.000244140625,3.612359947967774,P3_CONTINUATION_B1,COBYLA,1103,120,1,False,"[1.8096526448457124, 4.427765583131744, 0.0, 3.298075240497105, -0.7925145293331105, 0.0]","[1.7636829708276016, 4.2849396241740285, 0.21621080583948607, 3.333641381232542, -0.7384519718091709, -0.08973146321057981]","[1.7636829708276016, 4.2849396241740285, 0.21621080583948607, 3.333641381232542, -0.7384519718091709, -0.08973146321057981]",1.5454985842359965,1.5212758110814677,1.5212758110814677,1.5212758110814677,0.0242227731545288,0.0242227731545288,0.0112678715127597,0.0123372661721066,0.0123372661721066,0.0076071163492277,0.0081940618448052,0.0081940618448052,0.6751156454538434,0.6641716025654996,0.6641716025654996,1.6642018340612763,1.7035788825511513,1.7035788825511513,0.9999999999999988,1.0000000000000004,1.0000000000000004,0.042204889446329,1.111048671413182,0.3680222502219566,1.4790709216351383,1.521275811081468,4.440892098500626e-16,0.0123372661721066,0.633747780988247,0.0194081012503204,0.3345068515893262,0.9682546325775732,0.3539149528396467,1.0000000000000004,OBJECTIVE_AND_FEASIBILITY_IMPROVE,120,120,1,121,3,Return from COBYLA because the objective function has been evaluated MAXFUN times.,False,True,0.7141276709735394,136.7265625,SUCCESS,,4125a14ecf0cf9f70644007cd1634ecf6f1e07fa3cd07fca5698b5513f958820,1103,1.317649718412082,6.20052530240203e-05,3.164715937668992e-05,-0.5952115679742083,-0.2036260926693858,0.012275260919082579,0.00816241468542851,2.2987904505253596
diag-run-f466d1c79f16b25b562b,task-v2-5acbf653f95a,g-a712031e7959d564,v2-S3-b001-g-a712031e7959d564,S3,D2,13,0.000244140625,3.612359947967774,P3_CONTINUATION_B1,COBYLA,2207,120,1,False,"[5.199240217596663, 4.116129482099739, 0.0, 2.423293068603699, 0.13635530308038885, 0.0]","[5.868740248413588, 4.162209047721508, 0.0007409521429930403, 2.4496401876144627, 0.13975458285895592, -0.005524767110011973]","[5.868740248413588, 4.162209047721508, 0.0007409521429930403, 2.4496401876144627, 0.13975458285895592, -0.005524767110011973]",1.5795989005784794,1.5063772094490169,1.5063772094490169,1.5063772094490169,0.0732216911294625,0.0732216911294625,0.0180745211641587,0.0227377350586128,0.0227377350586128,0.0110665911988594,0.0140711804182433,0.0140711804182433,0.6122757609094585,0.6188470567526184,0.6188470567526184,1.8694267486221343,1.969107149720713,1.969107149720713,1.0000000000000009,0.9999999999999994,0.9999999999999994,0.0570515988320451,1.0717409146016574,0.3775846960153144,1.4493256106169718,1.506377209449017,2.220446049250313e-16,0.0227377350586128,0.615771622485938,0.0509611799389975,0.310529462516451,0.9263010850023892,0.3614906424554486,0.9999999999999992,OBJECTIVE_AND_FEASIBILITY_IMPROVE,120,120,1,121,3,Return from COBYLA because the objective function has been evaluated MAXFUN times.,False,True,0.7768316138535738,136.84765625,SUCCESS,,4125a14ecf0cf9f70644007cd1634ecf6f1e07fa3cd07fca5698b5513f958820,2207,1.6256222603928714,0.0170503575944847,0.0101174172643376,1.8440934397820936,0.11924505094385451,0.005687377464128101,0.0039537631539057,0.1250137099386195
diag-run-4d88c75706a2c794c7d5,task-v2-5acbf653f95a,g-a712031e7959d564,v2-S3-b001-g-a712031e7959d564,S3,D2,13,0.000244140625,3.612359947967774,P3_CONTINUATION_B1,COBYLA,3301,120,1,False,"[4.126723889992096, 3.952591857521462, 0.0, 2.3780168945115645, 0.12538119979410842, 0.0]","[5.066089745930028, 4.03596528697844, 0.014878517973976393, 2.412511597147188, 0.13912805420608557, -0.0029528287090819574]","[5.066089745930028, 4.03596528697844, 0.014878517973976393, 2.412511597147188, 0.13912805420608557, -0.0029528287090819574]",1.7413387916410563,1.5997400237539798,1.5997400237539798,1.5997400237539798,0.1415987678870767,0.1415987678870767,0.0085703615046103,0.0154178102690867,0.0154178102690867,0.0052746550763997,0.0095559117828482,0.0095559117828482,0.6154530440241381,0.619796950154985,0.619796950154985,1.545359089161244,1.8003826449264346,1.8003826449264346,0.9999999999999988,0.9999999999999996,0.9999999999999996,0.0640142250075109,1.1108681614131464,0.4248576373333225,1.5357257987464688,1.5997400237539798,0.0,0.0154178102690867,0.5838282854869943,0.0413157935252002,0.3594381107187184,0.9432663962057126,0.4007539042439186,0.9999999999999998,OBJECTIVE_AND_FEASIBILITY_IMPROVE,120,120,1,121,3,Return from COBYLA because the objective function has been evaluated MAXFUN times.,False,True,0.6910495571792126,136.84765625,SUCCESS,,4125a14ecf0cf9f70644007cd1634ecf6f1e07fa3cd07fca5698b5513f958820,3301,1.4549157630954046,0.0013909516661811,0.0009462003912587,0.7556719870356513,-0.14482426065857523,0.0140268586029056,0.0086097113915895,1.0447106578907834
diag-run-2e4ea5e2152d2ee00463,task-v2-5b0627539151,g-a712031e7959d564,v2-S3-b001-g-a712031e7959d564,S3,D5,13,0.0006103515625,3.2144199392957367,P3_CONTINUATION_B1,COBYLA,1103,120,1,False,"[2.4330112841393183, 4.389605378769126, 0.0, 2.3029537218791774, 0.10464907407348244, 0.0]","[2.4537287806516876, 4.353828022462326, -0.002561203479732386, 2.3030008629926257, 0.10472659799122311, -0.00020618565263432327]","[2.4537287806516876, 4.353828022462326, -0.002561203479732386, 2.3030008629926257, 0.10472659799122311, -0.00020618565263432327]",1.7830465414097272,1.782717170043938,1.782717170043938,1.782717170043938,0.0003293713657892,0.0003293713657892,0.0138750218354611,0.013853817591174,0.013853817591174,0.0009948898812567,0.0009624377130878,0.0009624377130878,0.0717036623837283,0.069470938732511,0.069470938732511,1.356653614550833,1.355989404416387,1.355989404416387,0.9999999999999998,1.0000000000000009,1.0000000000000009,0.0971552432694846,1.2711967642947704,0.4143651624796832,1.6855619267744535,1.7827171700439384,4.440892098500626e-16,0.013853817591174,0.6269994651727938,0.001165276300906,0.3579814409351268,0.9849809061079208,0.359146717236033,1.0000000000000009,OBJECTIVE_IMPROVES_FEASIBILITY_WORSENS,120,120,1,121,3,Return from COBYLA because the objective function has been evaluated MAXFUN times.,False,True,0.7175149917602539,135.79296875,SUCCESS,,4125a14ecf0cf9f70644007cd1634ecf6f1e07fa3cd07fca5698b5513f958820,1103,1.28128683834156,0.0096326386650848,0.0081320489972751,1.1981652088414254,-0.5014303317023778,0.004221178926089199,-0.007169611284187301,0.15782419557496152
diag-run-5ef10d2f17a0ed6cca35,task-v2-5b0627539151,g-a712031e7959d564,v2-S3-b001-g-a712031e7959d564,S3,D5,13,0.0006103515625,3.2144199392957367,P3_CONTINUATION_B1,COBYLA,2207,120,1,False,"[5.2009922809922795, 4.161063086824106, 0.0, 2.485157653110636, 0.143541581977541, 0.0]","[5.977112114126929, 4.623168607726498, 0.05084954830854476, 2.4789559336208566, 0.16987655099214274, -0.04023347313900839]","[5.977112114126929, 4.623168607726498, 0.05084954830854476, 2.4789559336208566, 0.16987655099214274, -0.04023347313900839]",1.5066793519298336,1.331781631488741,1.331781631488741,1.331781631488741,0.1748977204410926,0.1748977204410926,0.0507838893067955,0.0784632903164632,0.0784632903164632,0.0104706074244344,0.020559977124802,0.020559977124802,0.2061797071346673,0.2620330735797364,0.2620330735797364,1.9201458977435948,2.1090864553798707,2.1090864553798707,0.9999999999999988,0.9999999999999982,0.9999999999999982,0.0666372955307233,1.0587446966101226,0.2063996393478949,1.2651443359580177,1.3317816314887407,-2.220446049250313e-16,0.0784632903164632,0.7232317910763288,0.0141287827276999,0.1841761358795062,0.9074079269558352,0.1983049186072061,0.9999999999999982,OBJECTIVE_AND_FEASIBILITY_IMPROVE,120,120,1,121,3,Return from COBYLA because the objective function has been evaluated MAXFUN times.,False,True,0.7175155831500888,135.79296875,SUCCESS,,4125a14ecf0cf9f70644007cd1634ecf6f1e07fa3cd07fca5698b5513f958820,2207,1.377748357705175,0.036847785180058,0.0119307941412088,1.7808313280176256,0.04596672621643405,0.0416155051364052,0.008629182983593199,0.32825512736224516
diag-run-b92184dafc959dd7beb1,task-v2-5b0627539151,g-a712031e7959d564,v2-S3-b001-g-a712031e7959d564,S3,D5,13,0.0006103515625,3.2144199392957367,P3_CONTINUATION_B1,COBYLA,3301,120,1,False,"[5.977239576058943, 1.2087261362850337, 0.0, 2.5991040921869644, -0.1643585769637043, 0.0]","[6.478089696358356, 0.9805916760578591, -0.008413430964126474, 2.600605088770717, -0.19275336252719052, 0.035764518208263596]","[6.478089696358356, 0.9805916760578591, -0.008413430964126474, 2.600605088770717, -0.19275336252719052, 0.035764518208263596]",1.3261650789954538,1.2863288492755005,1.2863288492755005,1.2863288492755005,0.0398362297199534,0.0398362297199534,0.0696973986053847,0.0756226711195635,0.0756226711195635,0.0126895223707475,0.0148318833900557,0.0148318833900557,0.1820659396858351,0.1961301177342142,0.1961301177342142,2.057636508033484,2.093071952602592,2.093071952602592,0.999999999999999,0.9999999999999998,0.9999999999999998,0.0485309486144365,1.0410523565750176,0.1967455440860463,1.237797900661064,1.2863288492755005,2.220446049250313e-16,0.0756226711195635,0.7315327454176869,0.0111273044791357,0.1817172789836137,0.9132500244013004,0.1928445834627494,1.0,OBJECTIVE_AND_FEASIBILITY_IMPROVE,120,120,1,121,3,Return from COBYLA because the objective function has been evaluated MAXFUN times.,False,True,0.7194664292037487,135.79296875,SUCCESS,,4125a14ecf0cf9f70644007cd1634ecf6f1e07fa3cd07fca5698b5513f958820,3301,1.552872593235889,0.0361098508844455,0.0243945442385498,1.7720456343081028,0.2665437439603886,0.039512820235118,-0.009562660848494099,0.32102631829448924
diag-run-54a38e54bda034120e06,task-v2-8c0a098a6f8b,g-a712031e7959d564,v2-S3-b001-g-a712031e7959d564,S3,D7,13,0.0008544921875,3.0682919036174985,P3_CONTINUATION_B1,COBYLA,1103,120,1,False,"[1.8422025864405218, 4.409652894068981, 0.0, 2.2728148668200467, 0.10972787732837062, 0.0]","[1.8514838112752698, 4.333733709395664, 0.04355853915964971, 2.2790817593046873, 0.13547832318078634, -0.027090265301050458]","[1.8514838112752698, 4.333733709395664, 0.04355853915964971, 2.2790817593046873, 0.13547832318078634, -0.027090265301050458]",1.677140736173965,1.6756581634688148,1.6756581634688148,1.6756581634688148,0.0014825727051501,0.0014825727051501,0.0150502905298607,0.0152672110815846,0.0152672110815846,0.0015701644934274,0.0015278098213323,0.0015278098213323,0.1043278526957426,0.1000713105470317,0.1000713105470317,1.245836787221613,1.252051613725667,1.252051613725667,0.9999999999999992,1.0000000000000009,1.0000000000000009,0.0994947367912403,1.2828922213937717,0.2932712052838027,1.5761634266775744,1.6756581634688148,0.0,0.0152672110815846,0.7292409392525295,0.0,0.2554918496658865,0.984732788918416,0.2554918496658865,1.0000000000000009,OBJECTIVE_AND_FEASIBILITY_IMPROVE,120,120,1,121,3,Return from COBYLA because the objective function has been evaluated MAXFUN times.,False,True,0.7090492844581604,135.93359375,SUCCESS,,4125a14ecf0cf9f70644007cd1634ecf6f1e07fa3cd07fca5698b5513f958820,1103,1.3330938557471852,0.0068283303206524,0.0058669177628871,0.902606425574942,-0.3425643077216296,0.008438880760932198,-0.0043391079415548,0.349445188150725
diag-run-4cc232e2e1527dfa8a31,task-v2-8c0a098a6f8b,g-a712031e7959d564,v2-S3-b001-g-a712031e7959d564,S3,D7,13,0.0008544921875,3.0682919036174985,P3_CONTINUATION_B1,COBYLA,2207,120,1,False,"[1.3488180561191172, 6.360526345375118, 0.0, 2.7133820627201475, -0.48986656290072805, 0.0]","[0.8141747012819418, 6.545663455564605, -0.4821962483276972, 2.8427331959509066, -0.7205870517363296, 0.18500604706478374]","[0.8141747012819418, 6.545663455564605, -0.4821962483276972, 2.8427331959509066, -0.7205870517363296, 0.18500604706478374]",1.2850374712580763,1.2001219614274192,1.2001219614274192,1.2001219614274192,0.0849155098306571,0.0849155098306571,0.0516444172323505,0.0857988205831076,0.0857988205831076,0.007742839323689,0.0143376026781468,0.0143376026781468,0.1499259695167754,0.1671072233942764,0.1671072233942764,1.7813152847252764,2.00177322156214,2.00177322156214,0.9999999999999998,0.9999999999999988,0.9999999999999988,0.0518147592583739,1.0306979621547876,0.1176092400142574,1.148307202169045,1.200121961427419,-2.220446049250313e-16,0.0857988205831076,0.7997588728600162,0.0,0.1144423065568747,0.9142011794168908,0.1144423065568747,0.9999999999999988,OBJECTIVE_AND_FEASIBILITY_IMPROVE,120,120,1,121,3,Return from COBYLA because the objective function has been evaluated MAXFUN times.,False,True,0.7286134567111731,135.93359375,SUCCESS,,4125a14ecf0cf9f70644007cd1634ecf6f1e07fa3cd07fca5698b5513f958820,2207,1.3137926631224042,0.0541149922494663,0.0144001354913055,1.801609504199234,0.11367070169498494,0.0316838283336413,-6.253281315869892e-05,0.20016371736290628
diag-run-7a05b33011dd1bd492e7,task-v2-8c0a098a6f8b,g-a712031e7959d564,v2-S3-b001-g-a712031e7959d564,S3,D7,13,0.0008544921875,3.0682919036174985,P3_CONTINUATION_B1,COBYLA,3301,120,1,False,"[2.056419542957042, 3.9788901984071177, 0.0, 2.2782207863196877, 0.09393773585511214, 0.0]","[1.863400053688624, 4.377204603923362, 0.12671118610801607, 2.2805548338897683, 0.17946296230508296, -0.07205104566231552]","[1.863400053688624, 4.377204603923362, 0.12671118610801607, 2.2805548338897683, 0.17946296230508296, -0.07205104566231552]",1.6912612291709046,1.6729585921858954,1.6729585921858954,1.6729585921858954,0.0183026369850092,0.0183026369850092,0.0137492542805886,0.0160433109175277,0.0160433109175277,0.0010956221253779,0.0015601717372926,0.0015601717372926,0.0796859308162453,0.097247491201338,0.097247491201338,1.206571047557751,1.2735859037768895,1.2735859037768895,1.000000000000001,0.9999999999999992,0.9999999999999992,0.0993004813908098,1.2811679612880926,0.2924901495069932,1.573658110795086,1.6729585921858958,4.440892098500626e-16,0.0160433109175277,0.7293728998010149,0.0,0.2545837892814567,0.9839566890824716,0.2545837892814567,0.9999999999999992,OBJECTIVE_AND_FEASIBILITY_IMPROVE,120,120,1,121,3,Return from COBYLA because the objective function has been evaluated MAXFUN times.,False,True,0.7465183110907674,135.93359375,SUCCESS,,4125a14ecf0cf9f70644007cd1634ecf6f1e07fa3cd07fca5698b5513f958820,3301,1.546679894520525,0.0417827831653975,0.0284461200417832,1.689289268728449,-0.12627869766537048,-0.025739472247869797,-0.0268859483044906,-0.4157033649515596
diag-run-01fdcf317c6dd31753ae,task-v2-ac528a9510be,g-a712031e7959d564,v2-S3-b001-g-a712031e7959d564,S3,D4,13,0.00048828125,3.311329952303793,P3_CONTINUATION_B1,COBYLA,1103,120,1,False,"[2.211330322619683, 4.142834361128571, 0.0, 3.250568861354951, -0.7625095119854509, 0.0]","[2.099421837959501, 4.18258753756746, 0.46370501675338077, 3.2198667241618457, -0.5095495126285406, -0.2279095811006685]","[2.099421837959501, 4.18258753756746, 0.46370501675338077, 3.2198667241618457, -0.5095495126285406, -0.2279095811006685]",1.4686282741603391,1.3784627899220805,1.3784627899220805,1.3784627899220805,0.0901654842382588,0.0901654842382588,0.0198077834232984,0.0427553576555398,0.0427553576555398,0.0037751730709685,0.0089190471671947,0.0089190471671947,0.1905903851174014,0.2086065386015815,0.2086065386015815,1.608165831129046,1.94232049603338,1.94232049603338,1.0000000000000002,1.000000000000002,1.000000000000002,0.0422535142222345,1.0598541095749523,0.2763551661248936,1.3362092756998458,1.3784627899220805,2.220446049250313e-16,0.0427553576555398,0.6875872392498317,0.0231610068378614,0.246496396256769,0.9340836355066008,0.2696574030946305,1.000000000000002,OBJECTIVE_AND_FEASIBILITY_IMPROVE,120,120,1,121,3,Return from COBYLA because the objective function has been evaluated MAXFUN times.,False,True,0.735700111836195,136.53125,SUCCESS,,4125a14ecf0cf9f70644007cd1634ecf6f1e07fa3cd07fca5698b5513f958820,1103,1.333461140761226,0.0003729218415256,1.201680639010443e-05,-0.1170522275521652,-0.04500164916085447,0.0423824358140142,0.008907030360804596,2.059372723585545
diag-run-1429e27b5fc1b4b7ee84,task-v2-ac528a9510be,g-a712031e7959d564,v2-S3-b001-g-a712031e7959d564,S3,D4,13,0.00048828125,3.311329952303793,P3_CONTINUATION_B1,COBYLA,2207,120,1,False,"[5.440467180769739, 4.113856819790943, 0.0, 2.4486484340005896, 0.1454917203504002, 0.0]","[6.271071399539648, 4.455155421739815, 0.21789350860515685, 2.5147800335834543, 0.35564324594823105, -0.23654470403962788]","[6.271071399539648, 4.455155421739815, 0.21789350860515685, 2.5147800335834543, 0.35564324594823105, -0.23654470403962788]",1.495901513162344,1.3888616762845944,1.3888616762845944,1.3888616762845944,0.1070398368777496,0.1070398368777496,0.0403844253838819,0.065727615025707,0.065727615025707,0.008321825837552,0.0146168047763601,0.0146168047763601,0.2060652283262014,0.2223845300128921,0.2223845300128921,1.9175438601380856,2.1290778261790684,2.1290778261790684,1.0000000000000002,0.999999999999998,0.999999999999998,0.0584730103383504,1.0303625407621442,0.3000261251841005,1.3303886659462447,1.3888616762845951,6.661338147750939e-16,0.065727615025707,0.6450121020321233,0.0362162908558754,0.253043992086292,0.8980560941184155,0.2892602829421674,0.9999999999999978,OBJECTIVE_AND_FEASIBILITY_IMPROVE,120,120,1,121,3,Return from COBYLA because the objective function has been evaluated MAXFUN times.,False,True,0.7658532792702317,136.640625,SUCCESS,,4125a14ecf0cf9f70644007cd1634ecf6f1e07fa3cd07fca5698b5513f958820,2207,1.5206913604906729,0.0235076867374432,0.0044450999515367,1.6825398469926454,0.13182968420607843,0.04221992828826379,0.0101717048248234,0.446537979186423
diag-run-6bf03b184442bee2900e,task-v2-ac528a9510be,g-a712031e7959d564,v2-S3-b001-g-a712031e7959d564,S3,D4,13,0.00048828125,3.311329952303793,P3_CONTINUATION_B1,COBYLA,3301,120,1,False,"[5.044852182629291, 3.8905706916132896, 0.0, 2.479627921793169, 0.16726928274639694, 0.0]","[5.809764597896357, 4.358716013748208, 0.07999732734849112, 2.442356965226146, 0.19151094257164594, -0.04997848134769625]","[5.809764597896357, 4.358716013748208, 0.07999732734849112, 2.442356965226146, 0.19151094257164594, -0.04997848134769625]",1.5914371774609704,1.4353598852487943,1.4353598852487943,1.4353598852487943,0.156077292212176,0.156077292212176,0.0335991011779439,0.0504014428001446,0.0504014428001446,0.0061749594068085,0.0112209210154004,0.0112209210154004,0.1837834701025305,0.2226309484808686,0.2226309484808686,1.8376576118757693,2.013772921113855,2.013772921113855,0.9999999999999996,1.0000000000000009,1.0000000000000009,0.0609931296953749,1.071466440058902,0.3029003154945172,1.3743667555534191,1.435359885248794,-2.220446049250313e-16,0.0504014428001446,0.6602420064093687,0.0299400696862331,0.2594164811042546,0.9196584875136232,0.2893565507904877,1.000000000000001,OBJECTIVE_AND_FEASIBILITY_IMPROVE,120,120,1,121,3,Return from COBYLA because the objective function has been evaluated MAXFUN times.,False,True,0.8847244083881378,136.640625,SUCCESS,,4125a14ecf0cf9f70644007cd1634ecf6f1e07fa3cd07fca5698b5513f958820,3301,1.4598028559635194,0.001409420162956,0.0003240717610355,0.4603704324620151,0.02444297071472512,0.048992022637188604,0.010896849254364899,1.5534024886518398
diag-run-09d562279c7b3b7a7ef2,task-v2-c5ed7c8b71f4,g-a712031e7959d564,v2-S3-b001-g-a712031e7959d564,S3,D6,13,0.000732421875,3.135238693248112,P3_CONTINUATION_B1,COBYLA,1103,120,1,False,"[1.974012705848051, 4.4953847125085336, 0.0, 2.271417731883845, 0.10536584587393963, 0.0]","[1.969958360973733, 4.416587068362051, -0.0004014245672957796, 2.27643805904212, 0.09898090884370628, 0.006924547619347869]","[1.969958360973733, 4.416587068362051, -0.0004014245672957796, 2.27643805904212, 0.09898090884370628, 0.006924547619347869]",1.7097135041663634,1.707771437053066,1.707771437053066,1.707771437053066,0.0019420671132974,0.0019420671132974,0.0142088374370746,0.0144772032879823,0.0144772032879823,0.001248396305237,0.0012173586078924,0.0012173586078924,0.0878605523334136,0.084087968074813,0.084087968074813,1.2877972387816372,1.2959233660272431,1.2959233660272431,1.0000000000000009,1.0000000000000009,1.0000000000000009,0.0995281489839571,1.282834825154891,0.325408462914218,1.6082432880691089,1.707771437053066,2.220446049250313e-16,0.0144772032879823,0.7027165452493429,0.000410359587845,0.2823958918748303,0.9851124371241732,0.2828062514626753,1.0000000000000004,OBJECTIVE_AND_FEASIBILITY_IMPROVE,120,120,1,121,3,Return from COBYLA because the objective function has been evaluated MAXFUN times.,False,True,0.7872237013652921,136.5078125,SUCCESS,,4125a14ecf0cf9f70644007cd1634ecf6f1e07fa3cd07fca5698b5513f958820,1103,1.3563268630348726,0.0189604212659619,0.0141426681584917,1.4130866755882503,-0.3514445740181935,-0.0044832179779795995,-0.0129253095505993,-0.11716330956100718
diag-run-a96ffe6732140aacc93a,task-v2-c5ed7c8b71f4,g-a712031e7959d564,v2-S3-b001-g-a712031e7959d564,S3,D6,13,0.000732421875,3.135238693248112,P3_CONTINUATION_B1,COBYLA,2207,120,1,False,"[1.968627019042767, 6.201683206494898, 0.0, 2.5794908705155093, -0.46207662941925265, 0.0]","[1.3758997818133445, 6.360625250027989, 0.2984041423042966, 2.5958178803541023, -0.2803588180874316, -0.17521200036702728]","[1.3758997818133445, 6.360625250027989, 0.2984041423042966, 2.5958178803541023, -0.2803588180874316, -0.17521200036702728]",1.3571879478504911,1.2566182888792197,1.2566182888792197,1.2566182888792197,0.1005696589712716,0.1005696589712716,0.0361619139248604,0.0683009834150155,0.0683009834150155,0.0049309073279703,0.0105250055773344,0.0105250055773344,0.1363563703573903,0.1540974236546733,0.1540974236546733,1.6934901013625228,1.9696656500576089,1.9696656500576089,1.0000000000000004,0.999999999999999,0.999999999999999,0.0571650076525003,1.0520660847828902,0.1473871964438293,1.1994532812267196,1.25661828887922,2.220446049250313e-16,0.0683009834150155,0.7917350660298296,0.0027685169223843,0.1371954336327695,0.9289304996625992,0.1399639505551538,0.999999999999999,OBJECTIVE_AND_FEASIBILITY_IMPROVE,120,120,1,121,3,Return from COBYLA because the objective function has been evaluated MAXFUN times.,False,True,0.7845569243654609,136.5078125,SUCCESS,,4125a14ecf0cf9f70644007cd1634ecf6f1e07fa3cd07fca5698b5513f958820,2207,1.318139734272331,0.0476424842187323,0.0129319492810956,1.813233092036156,0.06152144539311144,0.020658499196283202,-0.0024069437037612003,0.15643255802145295
diag-run-6a402779bed71aba3ccd,task-v2-c5ed7c8b71f4,g-a712031e7959d564,v2-S3-b001-g-a712031e7959d564,S3,D6,13,0.000732421875,3.135238693248112,P3_CONTINUATION_B1,COBYLA,3301,120,1,False,"[1.7688578361939598, 1.8020761521506146, 0.0, 2.213576427452788, -0.17154000546986406, 0.0]","[1.6818314494999669, 1.492423392957644, 0.1631595445085397, 2.423602654303626, -0.1569932959436055, -0.06894125867638738]","[1.6818314494999669, 1.492423392957644, 0.1631595445085397, 2.423602654303626, -0.1569932959436055, -0.06894125867638738]",1.596556342621679,1.5687574487496203,1.5687574487496203,1.5687574487496203,0.0277988938720583,0.0277988938720583,0.0202206531001479,0.0255248238035855,0.0255248238035855,0.0019065422944088,0.0013923322281041,0.0013923322281041,0.0942868801005687,0.0545481621662956,0.0545481621662956,1.4410338718626277,1.5422014461071725,1.5422014461071725,0.999999999999998,1.0000000000000022,1.0000000000000022,0.0862544709910406,1.2078993237487183,0.2746036540098612,1.4825029777585796,1.5687574487496203,0.0,0.0255248238035855,0.7264140920408639,0.0002947397341869,0.2477663444213657,0.9741804364622296,0.2480610841555527,1.0000000000000022,OBJECTIVE_AND_FEASIBILITY_IMPROVE,120,120,1,121,3,Return from COBYLA because the objective function has been evaluated MAXFUN times.,False,True,0.8904712507501245,136.5078125,SUCCESS,,4125a14ecf0cf9f70644007cd1634ecf6f1e07fa3cd07fca5698b5513f958820,3301,1.562012100608622,0.0321072158902191,0.0242178774405905,1.6418413415135673,-0.006745348140998253,-0.0065823920866336025,-0.0228255452124864,-0.09963989540639484
diag-run-5432e37cbdbed43724e6,task-v2-3f11ce371857,g-3ff7063ef9ea5cfb,v2-S4-b000-g-3ff7063ef9ea5cfb,S4,D1,16,1.52587890625e-05,4.816479930623699,P3_CONTINUATION_B1,COBYLA,1103,120,1,False,"[4.206576848588073, 3.6833823222925894, 0.0, 0.4480349083452544, -1.0714407406078148, 0.0]","[4.834726745602966, 4.545189823598627, 1.0842579019745875, 0.7071644086105813, -1.0665198444210418, -0.1898052863597936]","[4.834726745602966, 4.545189823598627, 1.0842579019745875, 0.7071644086105813, -1.0665198444210418, -0.1898052863597936]",1.8543460248744967,1.601944742471454,1.601944742471454,1.601944742471454,0.2524012824030426,0.2524012824030426,0.0011415392461981,0.0043850217112904,0.0043850217112904,0.0011415392461981,0.0043850217112904,0.0043850217112904,1.0,1.0,1.0,1.8739707777809247,2.458451678626854,2.458451678626854,1.0000000000000009,0.9999999999999966,0.9999999999999966,0.061197245793335,1.086543349694024,0.4542041469840956,1.5407474966781196,1.6019447424714546,4.440892098500626e-16,0.0043850217112904,0.5486528249828628,0.0035043696123824,0.4434577836934605,0.9921106086763234,0.4469621533058431,0.9999999999999964,OBJECTIVE_AND_FEASIBILITY_IMPROVE,120,120,1,121,3,Return from COBYLA because the objective function has been evaluated MAXFUN times.,False,True,5.912970184348524,154.296875,SUCCESS,,4125a14ecf0cf9f70644007cd1634ecf6f1e07fa3cd07fca5698b5513f958820,1103,1.7520555883616231,0.0005210703941788,0.0005210703941788,1.5333763290447069,0.1501108458901692,0.0038639513171116,0.0038639513171116,0.9250753495821471
diag-run-8a570a0dd9238c5a6671,task-v2-3f11ce371857,g-3ff7063ef9ea5cfb,v2-S4-b000-g-3ff7063ef9ea5cfb,S4,D1,16,1.52587890625e-05,4.816479930623699,P3_CONTINUATION_B1,COBYLA,2207,120,1,False,"[5.29061800547773, 3.974895940860116, 0.0, 3.0219833054095835, -0.6702008582181382, 0.0]","[5.334440580932284, 3.898929470289732, -0.11582146118114316, 3.0069407298351245, -0.7410088819394277, 0.08489955846613832]","[5.334440580932284, 3.898929470289732, -0.11582146118114316, 3.0069407298351245, -0.7410088819394277, 0.08489955846613832]",1.86851219103618,1.855965627703876,1.855965627703876,1.855965627703876,0.0125465633323047,0.0125465633323047,0.0018929231603186,0.0021547384071332,0.0021547384071332,0.0018929231603186,0.0021547384071332,0.0021547384071332,1.0,1.0,1.0,2.0936129155716987,2.149874483433915,2.149874483433915,1.000000000000001,1.0000000000000002,1.0000000000000002,0.0755230625490639,1.1021897263711065,0.6782528387837053,1.7804425651548117,1.855965627703876,4.440892098500626e-16,0.0021547384071332,0.3364585775646906,0.0064557756056051,0.6549309084225714,0.9913894859872618,0.6613866840281766,1.0000000000000004,OBJECTIVE_AND_FEASIBILITY_IMPROVE,120,120,1,121,3,Return from COBYLA because the objective function has been evaluated MAXFUN times.,False,True,6.03594219032675,155.17578125,SUCCESS,,4125a14ecf0cf9f70644007cd1634ecf6f1e07fa3cd07fca5698b5513f958820,2207,1.7116157342010991,0.0002394387418482,0.0002394387418482,1.195674352423684,-0.14434989350277694,0.0019152996652850001,0.0019152996652850001,0.9542001310102313
diag-run-32958f4b3c378e1db7f8,task-v2-3f11ce371857,g-3ff7063ef9ea5cfb,v2-S4-b000-g-3ff7063ef9ea5cfb,S4,D1,16,1.52587890625e-05,4.816479930623699,P3_CONTINUATION_B1,COBYLA,3301,120,1,False,"[4.770822663705205, 3.4355952085205335, 0.0, 3.1488250012875327, -0.7680397685009225, 0.0]","[5.22701184053425, 3.4187134168724334, 0.4733535316886951, 3.072514960284024, -0.5051736723703449, -0.22066744229234245]","[5.22701184053425, 3.4187134168724334, 0.4733535316886951, 3.072514960284024, -0.5051736723703449, -0.22066744229234245]",1.876425750099424,1.7906806808271287,1.7906806808271287,1.7906806808271287,0.0857450692722945,0.0857450692722945,0.0017590831238279,0.0040751305012246,0.0040751305012246,0.0017590831238279,0.0040751305012246,0.0040751305012246,1.0,1.0,1.0,2.06176629274564,2.426621451688465,2.426621451688465,1.0000000000000009,0.9999999999999962,0.9999999999999962,0.0733813099615119,1.0928160446915085,0.62448332617411,1.7172993708656183,1.7906806808271305,1.5543122344752197e-15,0.0040751305012246,0.3873275052146651,0.0121114882258631,0.5964858760582432,0.9838133812729084,0.6085973642841063,0.9999999999999962,OBJECTIVE_AND_FEASIBILITY_IMPROVE,120,120,1,121,3,Return from COBYLA because the objective function has been evaluated MAXFUN times.,False,True,5.958979053422809,155.27734375,SUCCESS,,4125a14ecf0cf9f70644007cd1634ecf6f1e07fa3cd07fca5698b5513f958820,3301,1.68770899430782,0.0036590135448396,0.0036590135448396,2.3798439477731224,-0.10297168651930866,0.00041611695638499964,0.00041611695638499964,0.046777503915342855
diag-run-4822770ed1a82e6fc736,task-v2-095187356858,g-3ff7063ef9ea5cfb,v2-S4-b000-g-3ff7063ef9ea5cfb,S4,D2,16,3.0517578125e-05,4.515449934959718,P3_CONTINUATION_B1,COBYLA,1103,120,1,False,"[2.2653518965550097, 5.2307998085259095, 0.0, 3.252486969482005, -0.8185802628619073, 0.0]","[2.7003696657005056, 5.234205748305231, -0.5095159176420869, 3.1613517509894407, -0.9411607555686312, 0.181312875590286]","[2.7003696657005056, 5.234205748305231, -0.5095159176420869, 3.1613517509894407, -0.9411607555686312, 0.181312875590286]",1.6678211694716716,1.5760613067653573,1.5760613067653573,1.5760613067653573,0.0917598627063143,0.0917598627063143,0.001884664389846,0.0033747821400627,0.0033747821400627,0.0014234701970546,0.0025510940878667,0.0025510940878667,0.7552910771402223,0.7559285257505208,0.7559285257505208,1.7906839597324833,2.0436956770386185,2.0436956770386185,1.0000000000000022,1.000000000000001,1.000000000000001,0.0776394588839265,1.1010200082669697,0.3974018396144605,1.4984218478814302,1.5760613067653566,-6.661338147750939e-16,0.0033747821400627,0.6088123209394878,0.0061372916285884,0.3816756052918625,0.9904879262313502,0.3878128969204509,1.000000000000001,OBJECTIVE_AND_FEASIBILITY_IMPROVE,120,120,1,121,3,Return from COBYLA because the objective function has been evaluated MAXFUN times.,False,True,5.913037495687604,154.3203125,SUCCESS,,4125a14ecf0cf9f70644007cd1634ecf6f1e07fa3cd07fca5698b5513f958820,1103,1.5748019597965617,0.0002433471173536,0.000207852974189,0.90167614099513,-0.0012593469687955938,0.0031314350227091,0.0023432411136777,1.1420195360434886
diag-run-2c24ade01d6279f0a87e,task-v2-095187356858,g-3ff7063ef9ea5cfb,v2-S4-b000-g-3ff7063ef9ea5cfb,S4,D2,16,3.0517578125e-05,4.515449934959718,P3_CONTINUATION_B1,COBYLA,2207,120,1,False,"[5.170122267360293, 4.126450622870586, 0.0, 2.351694951548885, 0.11373798526713204, 0.0]","[5.943074123289479, 4.172146981430146, -0.010692454732863763, 2.3581745104975385, 0.1273062232603154, -0.0033596671314210344]","[5.943074123289479, 4.172146981430146, -0.010692454732863763, 2.3581745104975385, 0.1273062232603154, -0.0033596671314210344]",1.7895243331246615,1.6686685073806111,1.6686685073806111,1.6686685073806111,0.1208558257440504,0.1208558257440504,0.003414473052017,0.0045242178755998,0.0045242178755998,0.0025002735892268,0.0033039837354162,0.0033039837354162,0.7322575258720572,0.7302883782930548,0.7302883782930548,2.0487736244533115,2.1709934463087004,2.1709934463087004,1.0000000000000022,0.9999999999999982,0.9999999999999982,0.1049449827242609,1.1150156886130838,0.4487078360432668,1.5637235246563506,1.6686685073806116,4.440892098500626e-16,0.0045242178755998,0.5629314376786035,0.0107968764923888,0.4217474679534059,0.9846789056320094,0.4325443444457947,0.999999999999998,OBJECTIVE_AND_FEASIBILITY_IMPROVE,120,120,1,121,3,Return from COBYLA because the objective function has been evaluated MAXFUN times.,False,True,6.024874902330339,155.1953125,SUCCESS,,4125a14ecf0cf9f70644007cd1634ecf6f1e07fa3cd07fca5698b5513f958820,2207,1.460399502953621,0.0003306209036606,0.0002944551664688,1.0347802435342004,-0.20826900442699015,0.0041935969719392,0.0030095285689474,1.1362132027745
diag-run-6ff97e7c9cf07fec6c71,task-v2-095187356858,g-3ff7063ef9ea5cfb,v2-S4-b000-g-3ff7063ef9ea5cfb,S4,D2,16,3.0517578125e-05,4.515449934959718,P3_CONTINUATION_B1,COBYLA,3301,120,1,False,"[4.898797722882811, 3.9192555035661614, 0.0, 2.3624842653067186, 0.11951964745550542, 0.0]","[5.877367209553035, 4.419951150818674, 0.5395701840529021, 2.334433655271741, 0.3354572690226118, -0.20777700452327366]","[5.877367209553035, 4.419951150818674, 0.5395701840529021, 2.334433655271741, 0.3354572690226118, -0.20777700452327366]",1.8419544507962824,1.6266153595564268,1.6266153595564268,1.6266153595564268,0.2153390912398556,0.2153390912398556,0.0028751605127881,0.0071149546106315,0.0071149546106315,0.0022014683444749,0.0052045982364065,0.0052045982364065,0.765685371193472,0.7315012563298132,0.7315012563298132,1.974112030201808,2.3676220688367846,2.3676220688367846,1.000000000000001,0.9999999999999988,0.9999999999999988,0.1015760625421877,1.1117235540797852,0.4133157429344543,1.5250392970142397,1.6266153595564272,4.440892098500626e-16,0.0071149546106315,0.5955924294267749,0.0104341495729137,0.3868584663896786,0.9824508958164534,0.3972926159625922,0.9999999999999988,OBJECTIVE_AND_FEASIBILITY_IMPROVE,120,120,1,121,3,Return from COBYLA because the objective function has been evaluated MAXFUN times.,False,True,6.013496508821845,155.30078125,SUCCESS,,4125a14ecf0cf9f70644007cd1634ecf6f1e07fa3cd07fca5698b5513f958820,3301,1.507038113933482,0.0043857255145347,0.0032421591145125,2.1574913823529265,-0.1195772456229447,0.0027292290960968003,0.001962439121894,0.21013068648385813
diag-run-5cc0ac9c0e332792eb3d,task-v2-606c43f06406,g-3ff7063ef9ea5cfb,v2-S4-b000-g-3ff7063ef9ea5cfb,S4,D4,16,6.103515625e-05,4.214419939295737,P3_CONTINUATION_B1,COBYLA,1103,120,1,False,"[2.4084554011520796, 4.963910099709779, 0.0, 3.2261732434850257, -0.8010686431749112, 0.0]","[3.04949027575544, 4.871394863693739, -0.5539171439258082, 3.1562660264139075, -0.9375333222744737, 0.1803809028135727]","[3.04949027575544, 4.871394863693739, -0.5539171439258082, 3.1562660264139075, -0.9375333222744737, 0.1803809028135727]",1.618351920785332,1.5228660704232224,1.5228660704232224,1.5228660704232224,0.0954858503621094,0.0954858503621094,0.0039036974597187,0.0058535673869019,0.0058535673869019,0.0013724131225755,0.0016972285199537,0.0016972285199537,0.3515674912661995,0.2899477203852646,0.2899477203852646,1.8058960913574915,1.981840561660016,1.981840561660016,0.9999999999999968,1.000000000000004,1.000000000000004,0.078702772364702,1.1014574440752496,0.3427058539832725,1.4441632980585222,1.5228660704232242,1.7763568394002505e-15,0.0058535673869019,0.6603331187283785,0.0040496780957761,0.3297636357889474,0.990096754517326,0.3338133138847236,1.000000000000004,OBJECTIVE_AND_FEASIBILITY_IMPROVE,120,120,1,121,3,Return from COBYLA because the objective function has been evaluated MAXFUN times.,False,True,5.9253048757091165,154.87890625,SUCCESS,,4125a14ecf0cf9f70644007cd1634ecf6f1e07fa3cd07fca5698b5513f958820,1103,1.4750087926710318,0.0008307313280443,0.0005173468496482,1.133880527924239,-0.04785727775219062,0.0050228360588576,0.0011798816703055,0.8479600337357771
diag-run-00d70c7952fbd01f1c52,task-v2-606c43f06406,g-3ff7063ef9ea5cfb,v2-S4-b000-g-3ff7063ef9ea5cfb,S4,D4,16,6.103515625e-05,4.214419939295737,P3_CONTINUATION_B1,COBYLA,2207,120,1,False,"[5.756985282058634, 4.1886011140729815, 0.0, 2.3570011008835774, 0.12089434373995776, 0.0]","[6.5209086236176095, 4.2445121601678, -0.039572527689082995, 2.381459415569272, 0.12369969719494704, -0.003754692581716672]","[6.5209086236176095, 4.2445121601678, -0.039572527689082995, 2.381459415569272, 0.12369969719494704, -0.003754692581716672]",1.6556790539460058,1.549349452661028,1.549349452661028,1.549349452661028,0.1063296012849777,0.1063296012849777,0.0074898536268675,0.0099201408359835,0.0099201408359835,0.0020602171127518,0.0029049365492956,0.0029049365492956,0.2750677403576294,0.2928321883050819,0.2928321883050819,2.0888932697235227,2.2109377771612406,2.2109377771612406,1.0000000000000004,1.0000000000000036,1.0000000000000036,0.0987109339651797,1.102546092636038,0.3480924260598116,1.4506385186958497,1.5493494526610294,1.3322676295501878e-15,0.0099201408359835,0.6528014435419465,0.008740106785561,0.3285383088365124,0.9813397523784588,0.3372784156220735,1.0000000000000036,OBJECTIVE_AND_FEASIBILITY_IMPROVE,120,120,1,121,3,Return from COBYLA because the objective function has been evaluated MAXFUN times.,False,True,6.072560532018542,155.73046875,SUCCESS,,4125a14ecf0cf9f70644007cd1634ecf6f1e07fa3cd07fca5698b5513f958820,2207,1.4189007021446225,0.0011604029523434,0.0008740298279769,1.279028764377106,-0.1304487505164056,0.0087597378836401,0.0020309067213187004,0.9319090127841345
diag-run-50d11de198316bd5813e,task-v2-606c43f06406,g-3ff7063ef9ea5cfb,v2-S4-b000-g-3ff7063ef9ea5cfb,S4,D4,16,6.103515625e-05,4.214419939295737,P3_CONTINUATION_B1,COBYLA,3301,120,1,False,"[5.054698119540659, 3.85340009793263, 0.0, 2.3556056408497468, 0.11676885962759215, 0.0]","[5.975922251458712, 4.349422834418489, 0.0897184563858562, 2.366153445379158, 0.24894365632561485, -0.12968383982776582]","[5.975922251458712, 4.349422834418489, 0.0897184563858562, 2.366153445379158, 0.24894365632561485, -0.12968383982776582]",1.7873643084968989,1.6080752651233052,1.6080752651233052,1.6080752651233052,0.1792890433735936,0.1792890433735936,0.0043229011029104,0.0099285297831718,0.0099285297831718,0.0009240164953928,0.0029299133332341,0.0029299133332341,0.2137491636740785,0.2951004224412067,0.2951004224412067,1.8501952393791048,2.211304882219273,2.211304882219273,0.9999999999999962,1.0000000000000018,1.0000000000000018,0.1057165177727818,1.1117060270493222,0.3906527203012017,1.5023587473505238,1.608075265123306,6.661338147750939e-16,0.0099285297831718,0.6132303968581292,0.0081357876434631,0.3687052857152375,0.9819356825733668,0.3768410733587006,1.0000000000000018,OBJECTIVE_AND_FEASIBILITY_IMPROVE,120,120,1,121,3,Return from COBYLA because the objective function has been evaluated MAXFUN times.,False,True,6.11861355882138,155.92578125,SUCCESS,,4125a14ecf0cf9f70644007cd1634ecf6f1e07fa3cd07fca5698b5513f958820,3301,1.5460784196777138,0.0050215197721834,0.0011781854842804,1.915255116357785,-0.061996845445591475,0.0049070100109884,0.0017517278489537,0.296049765861488
diag-run-f4c04b69c2ede3b64116,task-v2-0b71cbcaebc2,g-3ff7063ef9ea5cfb,v2-S4-b000-g-3ff7063ef9ea5cfb,S4,D3,16,4.57763671875e-05,4.339358675904037,P3_CONTINUATION_B1,COBYLA,1103,120,1,False,"[3.176230981602957, 5.674042409120552, 0.0, 3.7979473976669467, -1.0383617347001624, 0.0]","[4.037882079316276, 6.347932818379035, -0.6893145564743652, 3.9489351784141595, -1.2562159757354234, 0.18779426254589665]","[4.037882079316276, 6.347932818379035, -0.6893145564743652, 3.9489351784141595, -1.2562159757354234, 0.18779426254589665]",1.5682571975225854,1.3727250642647302,1.3727250642647302,1.3727250642647302,0.1955321332578552,0.1955321332578552,0.0012391277545523,0.0017012864497189,0.0017012864497189,0.000442523332109,0.0002500087447151,0.0002500087447151,0.3571248650377487,0.1469527631613709,0.1469527631613709,1.432474760518087,1.5701361188867544,1.5701361188867544,0.999999999999998,0.999999999999998,0.999999999999998,0.0636692246751417,1.0958386571232677,0.2132171824663206,1.3090558395895884,1.3727250642647302,0.0,0.0017012864497189,0.7875823224174364,0.0011833672243045,0.209533023908538,0.9971153463259744,0.2107163911328425,0.999999999999998,OBJECTIVE_AND_FEASIBILITY_IMPROVE,120,120,1,121,3,Return from COBYLA because the objective function has been evaluated MAXFUN times.,False,True,6.064244531095028,154.87890625,SUCCESS,,4125a14ecf0cf9f70644007cd1634ecf6f1e07fa3cd07fca5698b5513f958820,1103,1.491398971055638,0.0008641086649319,0.0005895051951491,1.2759270359904389,0.11867390679090772,0.000837177784787,-0.00033949645043400005,0.29420908289631553
diag-run-af526d3fd1c47e6dc05a,task-v2-0b71cbcaebc2,g-3ff7063ef9ea5cfb,v2-S4-b000-g-3ff7063ef9ea5cfb,S4,D3,16,4.57763671875e-05,4.339358675904037,P3_CONTINUATION_B1,COBYLA,2207,120,1,False,"[5.382693999144022, 4.06232536533594, 0.0, 2.3582558890585053, 0.11763937384472527, 0.0]","[6.299781464867221, 4.141607349152906, -0.03667997025847209, 2.384036006920689, 0.15073574673171636, -0.024536086613245134]","[6.299781464867221, 4.141607349152906, -0.03667997025847209, 2.384036006920689, 0.15073574673171636, -0.024536086613245134]",1.729332625088736,1.589264520522549,1.589264520522549,1.589264520522549,0.1400681045661869,0.1400681045661869,0.0050570749493314,0.0077759479367913,0.0077759479367913,0.0013469669025307,0.0023541462495544,0.0023541462495544,0.2663529641198573,0.3027471722664221,0.3027471722664221,2.043258066127416,2.230112020049629,2.230112020049629,1.0000000000000022,0.9999999999999964,0.9999999999999964,0.1019358908359001,1.1049266406225615,0.3824019890640873,1.4873286296866488,1.5892645205225489,-2.220446049250313e-16,0.0077759479367913,0.6222903431115359,0.0101855343455513,0.3597481746061177,0.9820385177176536,0.3699337089516691,0.9999999999999962,OBJECTIVE_AND_FEASIBILITY_IMPROVE,120,120,1,121,3,Return from COBYLA because the objective function has been evaluated MAXFUN times.,False,True,6.177248766645789,155.73828125,SUCCESS,,4125a14ecf0cf9f70644007cd1634ecf6f1e07fa3cd07fca5698b5513f958820,2207,1.4308215752966449,0.0012225537788793,0.0009922011497298,1.426626648286074,-0.15844294522590419,0.006553394157912,0.0013619450998245998,0.8034853717635551
diag-run-f767c252ed61c3c9d9ca,task-v2-0b71cbcaebc2,g-3ff7063ef9ea5cfb,v2-S4-b000-g-3ff7063ef9ea5cfb,S4,D3,16,4.57763671875e-05,4.339358675904037,P3_CONTINUATION_B1,COBYLA,3301,120,1,False,"[4.590970157217498, 3.6209572379158437, 0.0, 2.3568347942876007, 0.10931802244243921, 0.0]","[5.556415093742382, 4.206539100939814, 0.02639790985673549, 2.346272679685175, 0.14599656546148657, -0.025237714078970443]","[5.556415093742382, 4.206539100939814, 0.02639790985673549, 2.346272679685175, 0.14599656546148657, -0.025237714078970443]",1.8884274615100032,1.6964000431199326,1.6964000431199326,1.6964000431199326,0.1920274183900705,0.1920274183900705,0.0022787042065133,0.0058619197227371,0.0058619197227371,0.0003223748482263,0.0017195785995548,0.0017195785995548,0.1414728806419259,0.2933473470960296,0.2933473470960296,1.6970466299495706,2.1073985425122497,2.1073985425122497,0.9999999999999972,1.0000000000000018,1.0000000000000018,0.1127157414065336,1.126510520414211,0.4571737812991875,1.5836843017133986,1.6964000431199322,-4.440892098500626e-16,0.0058619197227371,0.5554358602325693,0.0074852777019647,0.4312169423427304,0.9866528025753,0.4387022200446953,1.0000000000000018,OBJECTIVE_AND_FEASIBILITY_IMPROVE,120,120,1,121,3,Return from COBYLA because the objective function has been evaluated MAXFUN times.,False,True,6.185559989884496,155.91796875,SUCCESS,,4125a14ecf0cf9f70644007cd1634ecf6f1e07fa3cd07fca5698b5513f958820,3301,1.541138042332002,0.0043483742853029,0.0009786523556285,1.977685594723495,-0.15526200078793062,0.0015135454374342007,0.0007409262439263,0.12971294778875464
diag-run-4a5d6acc72eb84268e47,task-v2-9f1427c2fbd8,g-3ff7063ef9ea5cfb,v2-S4-b000-g-3ff7063ef9ea5cfb,S4,D5,16,9.1552734375e-05,4.038328680240055,P3_CONTINUATION_B1,COBYLA,1103,120,1,False,"[2.512655054356327, 4.4678502950217425, 0.0, 2.2830617712591095, 0.09193215380077013, 0.0]","[3.181010380361618, 4.380843117388649, 0.03928435740035463, 2.260741599403458, 0.1350601824935504, -0.04560220782776067]","[3.181010380361618, 4.380843117388649, 0.03928435740035463, 2.260741599403458, 0.1350601824935504, -0.04560220782776067]",1.9368107640822307,1.8952928895063708,1.8952928895063708,1.8952928895063708,0.0415178745758599,0.0415178745758599,0.0036972676243617,0.0042080145120906,0.0042080145120906,0.0013649382782657,0.0015154522289507,0.0015154522289507,0.3691748655877816,0.3601347439740276,0.3601347439740276,1.606209568080372,1.662405909130511,1.662405909130511,1.000000000000001,0.9999999999999972,0.9999999999999972,0.1674879195147365,1.21818836556303,0.5096166044286041,1.7278049699916342,1.8952928895063708,0.0,0.0042080145120906,0.5355602213191297,0.0005698052146436,0.4596619589541333,0.995222180273263,0.4602317641687768,0.9999999999999972,OBJECTIVE_AND_FEASIBILITY_IMPROVE,120,120,1,121,3,Return from COBYLA because the objective function has been evaluated MAXFUN times.,False,True,5.904573769308627,153.96875,SUCCESS,,4125a14ecf0cf9f70644007cd1634ecf6f1e07fa3cd07fca5698b5513f958820,1103,1.465189009143439,0.0021048803321331,0.0011425727844835,1.3615560903540007,-0.4301038803629318,0.0021031341799575003,0.00037287944446720003,0.3008498187765103
diag-run-bec43d5e97cebb8af1a5,task-v2-9f1427c2fbd8,g-3ff7063ef9ea5cfb,v2-S4-b000-g-3ff7063ef9ea5cfb,S4,D5,16,9.1552734375e-05,4.038328680240055,P3_CONTINUATION_B1,COBYLA,2207,120,1,False,"[5.303644729290461, 4.027358540448379, 0.0, 2.4010940755396004, 0.10583187323471438, 0.0]","[6.104575648753448, 4.53224060109211, 0.0819165245856447, 2.4131483904186726, 0.1743132611649207, -0.0650123331697672]","[6.104575648753448, 4.53224060109211, 0.0819165245856447, 2.4131483904186726, 0.1743132611649207, -0.0650123331697672]",1.642801402145231,1.4484159448785463,1.4484159448785463,1.4484159448785463,0.1943854572666847,0.1943854572666847,0.0100376317334309,0.0177117934411683,0.0177117934411683,0.0046130173645278,0.0083571261952198,0.0083571261952198,0.4595722862758439,0.4718396374132817,0.4718396374132817,2.039959938225596,2.2865912189664463,2.2865912189664463,1.0000000000000018,0.9999999999999988,0.9999999999999988,0.1142910229187458,1.1075942601873443,0.2265306617724556,1.3341249219598,1.448415944878546,-4.440892098500626e-16,0.0177117934411683,0.7626191097934782,0.003997074299947,0.2156720224654049,0.9782911322588832,0.219669096765352,0.9999999999999988,OBJECTIVE_AND_FEASIBILITY_IMPROVE,120,120,1,121,3,Return from COBYLA because the objective function has been evaluated MAXFUN times.,False,True,5.926360650919378,154.84765625,SUCCESS,,4125a14ecf0cf9f70644007cd1634ecf6f1e07fa3cd07fca5698b5513f958820,2207,1.2828260233031794,0.0032872178480296,0.0016066476894754,1.5551571665127697,-0.1655899215753669,0.0144245755931387,0.0067504785057444,0.7314340524536767
diag-run-e3eed797a72e6cc026b6,task-v2-9f1427c2fbd8,g-3ff7063ef9ea5cfb,v2-S4-b000-g-3ff7063ef9ea5cfb,S4,D5,16,9.1552734375e-05,4.038328680240055,P3_CONTINUATION_B1,COBYLA,3301,120,1,False,"[4.070078101141399, 2.0380828836674536, 0.0, 2.1500803485901265, -0.12542276076495393, 0.0]","[5.625054204904939, 1.2463942368635414, -0.4416395923657574, 2.473595767150478, -0.3651999376589801, 0.1582919800969685]","[5.625054204904939, 1.2463942368635414, -0.4416395923657574, 2.473595767150478, -0.3651999376589801, 0.1582919800969685]",1.834902869362549,1.4832645107835838,1.4832645107835838,1.4832645107835838,0.3516383585789655,0.3516383585789655,0.0034449325598519,0.0121520868412577,0.0121520868412577,0.0012270256164095,0.004692395421607,0.004692395421607,0.3561827684842293,0.3861390626074025,0.3861390626074025,1.5755094045473137,2.1229795446616304,2.1229795446616304,0.999999999999998,0.9999999999999972,0.9999999999999972,0.1010791831767218,1.1241150151038584,0.2580703125030036,1.382185327606862,1.483264510783584,2.220446049250313e-16,0.0121520868412577,0.7406760616950248,0.0011778252296252,0.2459940262340894,0.986670087929114,0.2471718514637146,0.9999999999999972,OBJECTIVE_AND_FEASIBILITY_IMPROVE,120,120,1,121,3,Return from COBYLA because the objective function has been evaluated MAXFUN times.,False,True,6.084007658995688,154.95703125,SUCCESS,,4125a14ecf0cf9f70644007cd1634ecf6f1e07fa3cd07fca5698b5513f958820,3301,1.5503462003284736,0.0060946056190509,0.0032759229001037,1.8232742879776385,0.0670816895448898,0.0060574812222068,0.0014164725215033004,0.29970525668399195
diag-run-2e1a25bb43408795091e,task-v2-07b8f456a957,g-3ff7063ef9ea5cfb,v2-S4-b000-g-3ff7063ef9ea5cfb,S4,D6,16,0.0001220703125,3.9133899436317554,P3_CONTINUATION_B1,COBYLA,1103,120,1,False,"[2.3413935938301136, 4.482997935421066, 0.0, 2.2498782787312113, 0.09524867206701002, 0.0]","[2.7545577204112894, 4.4194492767033315, 0.018888714495850088, 2.2316326108605216, 0.08912349155167579, -0.0008168198975975181]","[2.7545577204112894, 4.4194492767033315, 0.018888714495850088, 2.2316326108605216, 0.08912349155167579, -0.0008168198975975181]",1.86709005235098,1.8598748484463496,1.8598748484463496,1.8598748484463496,0.0072152039046302,0.0072152039046302,0.0043045015504061,0.0043482626806974,0.0043482626806974,0.0014478666802359,0.0014658574292917,0.0014658574292917,0.3363610544173928,0.3371133569733387,0.3371133569733387,1.5473128122109383,1.5517057157827854,1.5517057157827854,0.9999999999999998,1.0000000000000024,1.0000000000000024,0.1740697490264678,1.2325990684857528,0.4532060309341288,1.6858050994198817,1.8598748484463488,-4.440892098500626e-16,0.0043482626806974,0.5921737353455667,0.0001097510363745,0.4033682509373636,0.9955419862829304,0.4034780019737383,1.0000000000000022,OBJECTIVE_AND_FEASIBILITY_IMPROVE,120,120,1,121,3,Return from COBYLA because the objective function has been evaluated MAXFUN times.,False,True,5.90652653388679,154.1015625,SUCCESS,,4125a14ecf0cf9f70644007cd1634ecf6f1e07fa3cd07fca5698b5513f958820,1103,1.4097168265151274,0.0024811563027167,0.0013060832335365,1.3080440675449263,-0.45015802193122223,0.0018671063779807,0.00015977419575519992,0.24366164823785907
diag-run-ece12c7ce95f3f0a5fef,task-v2-07b8f456a957,g-3ff7063ef9ea5cfb,v2-S4-b000-g-3ff7063ef9ea5cfb,S4,D6,16,0.0001220703125,3.9133899436317554,P3_CONTINUATION_B1,COBYLA,2207,120,1,False,"[5.437078136252932, 4.171705917822636, 0.0, 2.4287773603919556, 0.11332324323113886, 0.0]","[6.321788126875408, 4.241860050347122, 0.0708692000962805, 2.4707723041137646, 0.1219430572671619, -0.02617791623030647]","[6.321788126875408, 4.241860050347122, 0.0708692000962805, 2.4707723041137646, 0.1219430572671619, -0.02617791623030647]",1.579760419530829,1.3786348177288883,1.3786348177288883,1.3786348177288883,0.2011256018019405,0.2011256018019405,0.0148475636082494,0.0228166989917394,0.0228166989917394,0.0062492155491638,0.0093311101556837,0.0093311101556837,0.420891650242985,0.4089596904031542,0.4089596904031542,2.0850451381400057,2.2716427566600044,2.2716427566600044,1.0000000000000022,1.0000000000000002,1.0000000000000002,0.1155503019133427,1.096470357745206,0.1666141580703391,1.263084515815545,1.3786348177288876,-8.881784197001252e-16,0.0228166989917394,0.8146718246528253,0.0020002873217209,0.1605111890337143,0.9751830136865396,0.1625114763554352,1.0,OBJECTIVE_AND_FEASIBILITY_IMPROVE,120,120,1,121,3,Return from COBYLA because the objective function has been evaluated MAXFUN times.,False,True,5.926521045155823,154.98046875,SUCCESS,,4125a14ecf0cf9f70644007cd1634ecf6f1e07fa3cd07fca5698b5513f958820,2207,1.285952888261363,0.0013857991656339,0.0002498690292187,1.055090239147928,-0.0926819294675254,0.0214308998261055,0.009081241126465,1.2165525175120764
diag-run-4f719ba34ccb40eb929c,task-v2-07b8f456a957,g-3ff7063ef9ea5cfb,v2-S4-b000-g-3ff7063ef9ea5cfb,S4,D6,16,0.0001220703125,3.9133899436317554,P3_CONTINUATION_B1,COBYLA,3301,120,1,False,"[2.751854310985398, 3.9822176540998773, 0.0, 2.2493765706924034, 0.08596923530720434, 0.0]","[2.6700271662682646, 4.450590174456873, 0.031970512691751364, 2.233440565736603, 0.10410659426585696, -0.014680394391469431]","[2.6700271662682646, 4.450590174456873, 0.031970512691751364, 2.233440565736603, 0.10410659426585696, -0.014680394391469431]",1.8703129311423388,1.8590139078493328,1.8590139078493328,1.8590139078493328,0.0112990232930061,0.0112990232930061,0.0042130412131122,0.0043588144647583,0.0043588144647583,0.0014543375598621,0.0014696952310258,0.0014696952310258,0.3451989872151662,0.3371777447534262,0.3371777447534262,1.5379856511658403,1.552758327068683,1.552758327068683,0.9999999999999974,0.9999999999999982,0.9999999999999982,0.1744947118582843,1.23317501011302,0.4513441858780288,1.6845191959910486,1.859013907849333,4.440892098500626e-16,0.0043588144647583,0.593442552639895,0.000100297008878,0.4020983358864668,0.9955408885263618,0.4021986328953448,0.9999999999999982,OBJECTIVE_AND_FEASIBILITY_IMPROVE,120,120,1,121,3,Return from COBYLA because the objective function has been evaluated MAXFUN times.,False,True,6.054213164374232,155.1171875,SUCCESS,,4125a14ecf0cf9f70644007cd1634ecf6f1e07fa3cd07fca5698b5513f958820,3301,1.5400514118247657,0.007383599491839,0.0035940795500467,1.7816580748779942,-0.31896249602456717,-0.0030247850270807,-0.0021243843190209,-0.2288997478093111
diag-run-3ebd1797a7119f731183,task-v2-59a464f36e13,g-bd62d2d752385cc7,v2-S4-b001-g-bd62d2d752385cc7,S4,D1,16,1.52587890625e-05,4.816479930623699,P3_CONTINUATION_B1,COBYLA,1103,120,1,False,"[4.512211673038156, 3.9304391078697862, 0.0, 0.42840996606582415, -1.0352903038052013, 0.0]","[5.2447289424005, 4.600263663349119, 0.4533297187476489, 0.6171159717936815, -0.9825378965148791, -0.1765861188288323]","[5.2447289424005, 4.600263663349119, 0.4533297187476489, 0.6171159717936815, -0.9825378965148791, -0.1765861188288323]",1.698750440470401,1.51181256356806,1.51181256356806,1.51181256356806,0.1869378769023411,0.1869378769023411,0.0014027996531793,0.0024640367152609,0.0024640367152609,0.0014027996531793,0.0024640367152609,0.0024640367152609,1.0,1.0,1.0,1.9634755804605448,2.2081271053484057,2.2081271053484057,1.0000000000000009,1.000000000000001,1.000000000000001,0.0553064999278865,1.083086514397947,0.3734195492422262,1.4565060636401728,1.5118125635680593,-6.661338147750939e-16,0.0024640367152609,0.6286209108154585,0.0030032062200306,0.3659118462492513,0.9945327570647098,0.3689150524692819,1.000000000000001,OBJECTIVE_AND_FEASIBILITY_IMPROVE,120,120,1,121,3,Return from COBYLA because the objective function has been evaluated MAXFUN times.,False,True,6.034765142947435,154.625,SUCCESS,,4125a14ecf0cf9f70644007cd1634ecf6f1e07fa3cd07fca5698b5513f958820,1103,1.5398282466424114,0.0003040755140594,0.0003040755140594,1.2994613802416792,0.028015683074351427,0.0021599612012015,0.0021599612012015,0.9086657251067265
diag-run-d56278bfe90cdb63f09d,task-v2-59a464f36e13,g-bd62d2d752385cc7,v2-S4-b001-g-bd62d2d752385cc7,S4,D1,16,1.52587890625e-05,4.816479930623699,P3_CONTINUATION_B1,COBYLA,2207,120,1,False,"[5.291018513749455, 4.0288023231111945, 0.0, 3.1521187102059898, -0.7736586421575486, 0.0]","[5.3047634346511385, 3.862306539431566, 0.47636302441870115, 3.392722456805539, -0.7270218228406777, -0.23653890422245588]","[5.3047634346511385, 3.862306539431566, 0.47636302441870115, 3.392722456805539, -0.7270218228406777, -0.23653890422245588]",1.720570564194971,1.6243421411655998,1.6243421411655998,1.6243421411655998,0.0962284230293708,0.0962284230293708,0.0016900544212418,0.0028412930676539,0.0028412930676539,0.0016900544212418,0.0028412930676539,0.0028412930676539,1.0,1.0,1.0,2.044380620127612,2.269995962340522,2.269995962340522,0.9999999999999988,1.0000000000000009,1.0000000000000009,0.0669946866211944,1.0909385762728392,0.4664088782715668,1.5573474545444062,1.6243421411656005,6.661338147750939e-16,0.0028412930676539,0.539398377111886,0.0083350163637152,0.4494253134567455,0.9888236905686314,0.4577603298204608,1.0000000000000009,OBJECTIVE_AND_FEASIBILITY_IMPROVE,120,120,1,121,3,Return from COBYLA because the objective function has been evaluated MAXFUN times.,False,True,6.122230041772127,155.48828125,SUCCESS,,4125a14ecf0cf9f70644007cd1634ecf6f1e07fa3cd07fca5698b5513f958820,2207,1.680208763142972,0.0014885651729823,0.0014885651729823,1.9892477844851555,0.055866621977372244,0.0013527278946715998,0.0013527278946715998,0.28074817785536665
diag-run-cdbbc0f59bd9646943cd,task-v2-59a464f36e13,g-bd62d2d752385cc7,v2-S4-b001-g-bd62d2d752385cc7,S4,D1,16,1.52587890625e-05,4.816479930623699,P3_CONTINUATION_B1,COBYLA,3301,120,1,False,"[5.3690328735065425, 3.8945786734393733, 0.0, 2.3283792101969993, 0.12479535038857366, 0.0]","[6.249594261950171, 4.384863089961471, 0.4870940964055756, 2.330456637702271, 0.31009927517240904, -0.18988671810292654]","[6.249594261950171, 4.384863089961471, 0.4870940964055756, 2.330456637702271, 0.31009927517240904, -0.18988671810292654]",1.9172856306326176,1.7250204685672972,1.7250204685672972,1.7250204685672972,0.1922651620653204,0.1922651620653204,0.0014433649974096,0.0039528744975612,0.0039528744975612,0.0014433649974096,0.0039528744975612,0.0039528744975612,1.0,1.0,1.0,1.9758560997743493,2.4133929564815,2.4133929564815,1.0000000000000009,1.0000000000000004,1.0000000000000004,0.0970672984065849,1.098893691563157,0.5290594785975552,1.6279531701607124,1.7250204685672972,0.0,0.0039528744975612,0.486064928034392,0.014681540751419,0.4953006567166281,0.98136558475102,0.5099821974680472,1.0000000000000004,OBJECTIVE_AND_FEASIBILITY_IMPROVE,120,120,1,121,3,Return from COBYLA because the objective function has been evaluated MAXFUN times.,False,True,6.1330222254619,155.6171875,SUCCESS,,4125a14ecf0cf9f70644007cd1634ecf6f1e07fa3cd07fca5698b5513f958820,3301,1.554118631450407,0.0041731467141265,0.0041731467141265,2.4369435839708093,-0.17090183711689022,-0.00022027221656530007,-0.00022027221656530007,-0.02355062748930914
diag-run-cb09f5876264267bc866,task-v2-b5e00db3fe1a,g-3ff7063ef9ea5cfb,v2-S4-b000-g-3ff7063ef9ea5cfb,S4,D7,16,0.0001373291015625,3.8622374211843744,P3_CONTINUATION_B1,COBYLA,1103,120,1,False,"[2.300300982539269, 4.442745398995102, 0.0, 2.2343038136424895, 0.09165869751592806, 0.0]","[2.3251903096142215, 4.408931616952198, 0.0008340618776189873, 2.2365116538404495, 0.09408250466691931, 0.00010541399529685627]","[2.3251903096142215, 4.408931616952198, 0.0008340618776189873, 2.2365116538404495, 0.09408250466691931, 0.00010541399529685627]",1.8352987326486063,1.8343944141673585,1.8343944141673585,1.8343944141673585,0.0009043184812482,0.0009043184812482,0.0042496884974053,0.0043830409506665,0.0043830409506665,0.0014565190277447,0.0015049385597339,0.0015049385597339,0.3427354801732039,0.3433548937079992,0.3433548937079992,1.490594518572094,1.504012949462206,1.504012949462206,0.9999999999999996,1.0,1.0,0.1765027756190867,1.2365940689651822,0.4212975695830878,1.65789163854827,1.8343944141673567,-1.5543122344752197e-15,0.0043830409506665,0.6195036023384457,0.0,0.3761133567108875,0.9956169590493332,0.3761133567108875,0.9999999999999998,OBJECTIVE_AND_FEASIBILITY_IMPROVE,120,120,1,121,3,Return from COBYLA because the objective function has been evaluated MAXFUN times.,False,True,6.2335604866966605,154.67578125,SUCCESS,,4125a14ecf0cf9f70644007cd1634ecf6f1e07fa3cd07fca5698b5513f958820,1103,1.3923781098684005,0.0033968820255897,0.0015078188749534,1.3933178851797865,-0.442016304298958,0.0009861589250767999,-2.8803152195000514e-06,0.1106950642824196
diag-run-48cb288a23de927bf067,task-v2-b5e00db3fe1a,g-3ff7063ef9ea5cfb,v2-S4-b000-g-3ff7063ef9ea5cfb,S4,D7,16,0.0001373291015625,3.8622374211843744,P3_CONTINUATION_B1,COBYLA,2207,120,1,False,"[5.535584271122773, 4.160638289638407, 0.0, 2.4431431169128643, 0.10750746679110089, 0.0]","[6.447059213417792, 4.650496506521095, 0.48425410853453615, 2.444916999219464, 0.29235519608515576, -0.18165913128368877]","[6.447059213417792, 4.650496506521095, 0.48425410853453615, 2.444916999219464, 0.29235519608515576, -0.18165913128368877]",1.543476268796984,1.3012890180956682,1.3012890180956682,1.3012890180956682,0.2421872507013156,0.2421872507013156,0.0159453503348824,0.0367226297559987,0.0367226297559987,0.0066844151798636,0.0141532945081059,0.0141532945081059,0.4192077965976486,0.3854107018518717,0.3854107018518717,2.0648714867410782,2.427171195228416,2.427171195228416,0.9999999999999992,0.9999999999999996,0.9999999999999996,0.1109950333006823,1.082049926055054,0.1082440587399327,1.1902939847949867,1.301289018095669,8.881784197001252e-16,0.0367226297559987,0.8581196954533699,0.0,0.105157674790631,0.9632773702440008,0.105157674790631,0.9999999999999998,OBJECTIVE_AND_FEASIBILITY_IMPROVE,120,120,1,121,3,Return from COBYLA because the objective function has been evaluated MAXFUN times.,False,True,6.192190853878856,155.546875,SUCCESS,,4125a14ecf0cf9f70644007cd1634ecf6f1e07fa3cd07fca5698b5513f958820,2207,1.228301931187317,0.0031104313112007,0.0011153932319734,1.3550580362840936,-0.07298708690835132,0.033612198444798,0.0130379012761325,1.0721131589443225
diag-run-4e2d22c5111c4d73a5c2,task-v2-b5e00db3fe1a,g-3ff7063ef9ea5cfb,v2-S4-b000-g-3ff7063ef9ea5cfb,S4,D7,16,0.0001373291015625,3.8622374211843744,P3_CONTINUATION_B1,COBYLA,3301,120,1,False,"[2.5836030223586706, 3.977940502714396, 0.0, 2.2406329922659984, 0.08611558495832809, 0.0]","[2.4870040076418207, 4.4499038730329294, 0.03337645651858129, 2.2267305876228027, 0.10155545817286273, -0.011656057538242736]","[2.4870040076418207, 4.4499038730329294, 0.03337645651858129, 2.2267305876228027, 0.10155545817286273, -0.011656057538242736]",1.8478810619972128,1.833967003974838,1.833967003974838,1.833967003974838,0.0139140580223751,0.0139140580223751,0.0042304888987007,0.004328528534186,0.004328528534186,0.0015110040080898,0.0014790087621997,0.0014790087621997,0.3571700681105377,0.3416885785824736,0.3416885785824736,1.488627980932624,1.4985777059691163,1.4985777059691163,0.999999999999998,0.9999999999999984,0.9999999999999984,0.1758154961313357,1.2364133261455008,0.4217381816980008,1.6581515078435016,1.8339670039748373,-8.881784197001252e-16,0.004328528534186,0.6209214332528454,0.0,0.374750038212967,0.9956714714658124,0.374750038212967,0.9999999999999986,OBJECTIVE_AND_FEASIBILITY_IMPROVE,120,120,1,121,3,Return from COBYLA because the objective function has been evaluated MAXFUN times.,False,True,6.202728143893182,155.69140625,SUCCESS,,4125a14ecf0cf9f70644007cd1634ecf6f1e07fa3cd07fca5698b5513f958820,3301,1.5278685996489545,0.0072944523356372,0.0032917231816713,1.7252301119938045,-0.3060984043258834,-0.0029659238014512,-0.0018127144194715998,-0.22665240602468817
diag-run-b767fb0f8331580bb59b,task-v2-a2561503b5d0,g-bd62d2d752385cc7,v2-S4-b001-g-bd62d2d752385cc7,S4,D2,16,3.0517578125e-05,4.515449934959718,P3_CONTINUATION_B1,COBYLA,1103,120,1,False,"[2.68412702054293, 5.249363752773528, 0.0, 3.188827735811626, -0.7909104594807059, 0.0]","[3.2570923252803157, 5.163948488496895, -0.4805207681101778, 3.1418062427045297, -0.9697845029915197, 0.2133267983964785]","[3.2570923252803157, 5.163948488496895, -0.4805207681101778, 3.1418062427045297, -0.9697845029915197, 0.2133267983964785]",1.5606313946049768,1.471458518066532,1.471458518066532,1.471458518066532,0.0891728765384447,0.0891728765384447,0.0039389911785468,0.0052378826037714,0.0052378826037714,0.0022961116992394,0.0028848647109603,0.0028848647109603,0.5829187208503749,0.5507692571962449,0.5507692571962449,2.1108349431583666,2.2346056953517968,2.2346056953517968,1.0,1.000000000000001,1.000000000000001,0.0788749295343095,1.0961726261455569,0.296410962386665,1.3925835885322218,1.4714585180665312,-8.881784197001252e-16,0.0052378826037714,0.7055360239396211,0.0044649943394475,0.2847610991171609,0.990297123056782,0.2892260934566085,1.000000000000001,OBJECTIVE_AND_FEASIBILITY_IMPROVE,120,120,1,121,3,Return from COBYLA because the objective function has been evaluated MAXFUN times.,False,True,5.999839728698134,155.27734375,SUCCESS,,4125a14ecf0cf9f70644007cd1634ecf6f1e07fa3cd07fca5698b5513f958820,1103,1.3944291448611557,0.0017515802764144,0.0015620175483147,1.7588799811552016,-0.0770293732053764,0.003486302327357,0.0013228471626456002,0.47572571419659515
diag-run-bc00ee0fe8054275fd04,task-v2-a2561503b5d0,g-bd62d2d752385cc7,v2-S4-b001-g-bd62d2d752385cc7,S4,D2,16,3.0517578125e-05,4.515449934959718,P3_CONTINUATION_B1,COBYLA,2207,120,1,False,"[5.34222760112521, 4.212479534895196, 0.0, 2.3365333010306846, 0.10393585706282553, 0.0]","[6.164576918276806, 4.251766013458689, -0.024245460179007562, 2.3765730465327026, 0.0926242314441339, 0.013683572797962496]","[6.164576918276806, 4.251766013458689, -0.024245460179007562, 2.3765730465327026, 0.0926242314441339, 0.013683572797962496]",1.7453037910749445,1.5953504737257624,1.5953504737257624,1.5953504737257624,0.149953317349182,0.149953317349182,0.0043756810028621,0.0067031766832009,0.0067031766832009,0.0013725343300982,0.0024192990676111,0.0024192990676111,0.3136733068979347,0.3609182902301034,0.3609182902301034,2.156495588379584,2.3417306016946244,2.3417306016946244,1.0000000000000018,0.9999999999999988,0.9999999999999988,0.1110180672650184,1.1071929114040888,0.3771394950566551,1.484332406460744,1.5953504737257624,0.0,0.0067031766832009,0.6274640954147765,0.0087267637319434,0.3571059641700776,0.9845700595848542,0.3658327279020211,0.9999999999999986,OBJECTIVE_AND_FEASIBILITY_IMPROVE,120,120,1,121,3,Return from COBYLA because the objective function has been evaluated MAXFUN times.,False,True,6.175982392393053,155.27734375,SUCCESS,,4125a14ecf0cf9f70644007cd1634ecf6f1e07fa3cd07fca5698b5513f958820,2207,1.3430545443533883,0.0017413254344057,0.0016303151946381,1.7563298784830756,-0.2522959293723741,0.0049618512487952,0.0007889838729730001,0.5854007232115488
diag-run-f360e9c150ce558785e0,task-v2-a2561503b5d0,g-bd62d2d752385cc7,v2-S4-b001-g-bd62d2d752385cc7,S4,D2,16,3.0517578125e-05,4.515449934959718,P3_CONTINUATION_B1,COBYLA,3301,120,1,False,"[5.034280354286156, 3.7126374294697504, 0.0, 2.359884500089478, 0.10421524253570232, 0.0]","[5.882556052796986, 4.268905758500504, -0.012180316915360995, 2.365435629035558, 0.054936178852820934, 0.04484800464967788]","[5.882556052796986, 4.268905758500504, -0.012180316915360995, 2.365435629035558, 0.054936178852820934, 0.04484800464967788]",1.824764564124827,1.6451873496599547,1.6451873496599547,1.6451873496599547,0.1795772144648721,0.1795772144648721,0.0028432608202754,0.0056924585799789,0.0056924585799789,0.0003867576876107,0.0020392513761172,0.0020392513761172,0.1360261024429124,0.3582373674688643,0.3582373674688643,1.969266635526279,2.270749814202625,2.270749814202625,0.9999999999999998,0.9999999999999988,0.9999999999999988,0.1159764195418864,1.1153366388927024,0.4138742912253663,1.5292109301180687,1.6451873496599552,4.440892098500626e-16,0.0056924585799789,0.5935311499802782,0.0077738174670664,0.3930025739726752,0.9865337239529536,0.4007763914397415,0.9999999999999988,OBJECTIVE_AND_FEASIBILITY_IMPROVE,120,120,1,121,3,Return from COBYLA because the objective function has been evaluated MAXFUN times.,False,True,6.122963948175311,155.29296875,SUCCESS,,4125a14ecf0cf9f70644007cd1634ecf6f1e07fa3cd07fca5698b5513f958820,3301,1.4795527341462424,0.0017960396412754,0.0011808599344669,1.7697658529241922,-0.16563461551371228,0.0038964189387035,0.0008583914416503001,0.5009839612784326
diag-run-aa757cfa051334d0b2a5,task-v2-f6d986d24578,g-bd62d2d752385cc7,v2-S4-b001-g-bd62d2d752385cc7,S4,D3,16,4.57763671875e-05,4.339358675904037,P3_CONTINUATION_B1,COBYLA,1103,120,1,False,"[2.647501350374748, 5.319563819718795, 0.0, 3.1790621588205346, -0.78739489745014, 0.0]","[3.1872217162409546, 5.31287139666951, 0.6248564507208789, 3.107353976876036, -0.5267090036225937, -0.217991205386327]","[3.1872217162409546, 5.31287139666951, 0.6248564507208789, 3.107353976876036, -0.5267090036225937, -0.217991205386327]",1.5510844743229253,1.448191028335852,1.448191028335852,1.448191028335852,0.1028934459870734,0.1028934459870734,0.0052136097810402,0.0130439332021348,0.0130439332021348,0.0023008172151225,0.0050075181316008,0.0050075181316008,0.4413098240473844,0.3838963335676452,0.3838963335676452,2.056497198654473,2.4547672420254965,2.4547672420254965,1.0000000000000004,1.0000000000000009,1.0000000000000009,0.07938867750968,1.0832771842916538,0.2855251665345176,1.3688023508261713,1.4481910283358514,-4.440892098500626e-16,0.0130439332021348,0.7084530901397519,0.0075091745795688,0.270993802078545,0.9794468922182968,0.2785029766581138,1.0000000000000004,OBJECTIVE_AND_FEASIBILITY_IMPROVE,120,120,1,121,3,Return from COBYLA because the objective function has been evaluated MAXFUN times.,False,True,6.021545651368797,155.30078125,SUCCESS,,4125a14ecf0cf9f70644007cd1634ecf6f1e07fa3cd07fca5698b5513f958820,1103,1.3796136841591309,0.0020573155433731,0.0015836834177314,1.6526595831728907,-0.06857734417672101,0.0109866176587617,0.0034238347138693995,0.8021076588526057
diag-run-9ad2c8763028433b1e56,task-v2-f6d986d24578,g-bd62d2d752385cc7,v2-S4-b001-g-bd62d2d752385cc7,S4,D3,16,4.57763671875e-05,4.339358675904037,P3_CONTINUATION_B1,COBYLA,2207,120,1,False,"[5.236161746479105, 4.1991827760952205, 0.0, 2.354446167321232, 0.11018317647910121, 0.0]","[6.168044577193489, 4.410642820791682, 0.6095995958621512, 2.363564699901547, 0.3024535990262183, -0.1857172090013106]","[6.168044577193489, 4.410642820791682, 0.6095995958621512, 2.363564699901547, 0.3024535990262183, -0.1857172090013106]",1.758745927609906,1.5311388513405348,1.5311388513405348,1.5311388513405348,0.2276070762693711,0.2276070762693711,0.0056632093637948,0.0130042211933144,0.0130042211933144,0.0014864362050667,0.0029494392258354,0.0029494392258354,0.2624724091201061,0.2268062948169311,0.2268062948169311,2.092421293306666,2.4534430238566185,2.4534430238566185,0.9999999999999988,1.0000000000000009,1.0000000000000009,0.1053199981218659,1.097745094134282,0.3280737590843873,1.425818853218669,1.5311388513405353,4.440892098500626e-16,0.0130042211933144,0.6694569550900803,0.0080884313840462,0.3094503923325596,0.9789073474226402,0.3175388237166059,1.0000000000000009,OBJECTIVE_AND_FEASIBILITY_IMPROVE,120,120,1,121,3,Return from COBYLA because the objective function has been evaluated MAXFUN times.,False,True,6.163539775647223,155.3125,SUCCESS,,4125a14ecf0cf9f70644007cd1634ecf6f1e07fa3cd07fca5698b5513f958820,2207,1.3272841379727334,0.0024571602725289,0.0019322123306646,1.729792160916808,-0.20385471336780148,0.0105470609207855,0.0010172268951708,0.7236508629398104
diag-run-a59272ae74daba0f990c,task-v2-f6d986d24578,g-bd62d2d752385cc7,v2-S4-b001-g-bd62d2d752385cc7,S4,D3,16,4.57763671875e-05,4.339358675904037,P3_CONTINUATION_B1,COBYLA,3301,120,1,False,"[5.708367919029502, 3.9937589813505925, 0.0, 2.3854070761958712, 0.10852645605789317, 0.0]","[6.594646689023504, 4.502678533086699, 0.13427367505380783, 2.36694949576074, 0.21143205409032573, -0.11051204192918346]","[6.594646689023504, 4.502678533086699, 0.13427367505380783, 2.36694949576074, 0.21143205409032573, -0.11051204192918346]",1.678917019365078,1.507359507096223,1.507359507096223,1.507359507096223,0.171557512268855,0.171557512268855,0.0059734645957361,0.010592454063067,0.010592454063067,0.0013850207731905,0.0033801410079481,0.0033801410079481,0.2318622218300594,0.3191083943175843,0.3191083943175843,2.1155849699107403,2.364355265150136,2.364355265150136,1.0000000000000004,1.000000000000003,1.000000000000003,0.1023904850187971,1.10006343128028,0.3049055907971465,1.4049690220774265,1.5073595070962236,6.661338147750939e-16,0.010592454063067,0.6931225786998232,0.0066691419871441,0.2896158252499687,0.982738403949792,0.2962849672371129,1.000000000000003,OBJECTIVE_AND_FEASIBILITY_IMPROVE,120,120,1,121,3,Return from COBYLA because the objective function has been evaluated MAXFUN times.,False,True,6.105184918269515,155.3125,SUCCESS,,4125a14ecf0cf9f70644007cd1634ecf6f1e07fa3cd07fca5698b5513f958820,3301,1.4732202070132483,0.0021036840447622,0.0010801685232888,1.6623391889901906,-0.03413930008297461,0.008488770018304802,0.0022999724846593005,0.7020160761599452
diag-run-5a5547e31cc7f13c9118,task-v2-5d31ef4af595,g-bd62d2d752385cc7,v2-S4-b001-g-bd62d2d752385cc7,S4,D4,16,6.103515625e-05,4.214419939295737,P3_CONTINUATION_B1,COBYLA,1103,120,1,False,"[2.710358359514951, 4.45024395215792, 0.0, 2.2948412335999326, 0.09071943097895667, 0.0]","[3.2928612480327657, 4.412157239617572, -0.007541760393926469, 2.266714738021599, 0.08435331980769017, 0.0034969843357788998]","[3.2928612480327657, 4.412157239617572, -0.007541760393926469, 2.266714738021599, 0.08435331980769017, 0.0034969843357788998]",1.9925596946169544,1.9412624060326,1.9412624060326,1.9412624060326,0.0512972885843547,0.0512972885843547,0.0029309809049273,0.0031385215241045,0.0031385215241045,0.0008790222618303,0.000912762358485,0.000912762358485,0.2999071950119473,0.2908255850644276,0.2908255850644276,1.6814329283545462,1.7111450507013857,1.7111450507013857,1.0000000000000004,0.9999999999999988,0.9999999999999988,0.1849334811916012,1.2135738370806572,0.54275508776034,1.7563289248409972,1.9412624060325985,-1.1102230246251563e-15,0.0031385215241045,0.498645514305822,0.0009873834572508,0.4972285807128214,0.9958740950186432,0.4982159641700722,0.9999999999999988,OBJECTIVE_AND_FEASIBILITY_IMPROVE,120,120,1,121,3,Return from COBYLA because the objective function has been evaluated MAXFUN times.,False,True,6.3737416584044695,155.92578125,SUCCESS,,4125a14ecf0cf9f70644007cd1634ecf6f1e07fa3cd07fca5698b5513f958820,1103,1.4190728579974936,0.0034239702878865,0.002685754331607,1.7489499266492978,-0.5221895480351064,-0.0002854487637820001,-0.0017729919731219999,-0.03780487594791215
diag-run-105f2ff9568bf5c8e321,task-v2-5d31ef4af595,g-bd62d2d752385cc7,v2-S4-b001-g-bd62d2d752385cc7,S4,D4,16,6.103515625e-05,4.214419939295737,P3_CONTINUATION_B1,COBYLA,2207,120,1,False,"[5.500610459534838, 4.202293684052995, 0.0, 2.40403986351072, 0.09293122088557976, 0.0]","[6.25457257053079, 4.257766984692937, 0.026774427997574807, 2.410577989678082, 0.0841514884312584, 0.016417162081717136]","[6.25457257053079, 4.257766984692937, 0.026774427997574807, 2.410577989678082, 0.0841514884312584, 0.016417162081717136]",1.6256199212116391,1.4611777554097989,1.4611777554097989,1.4611777554097989,0.1644421658018406,0.1644421658018406,0.0082642080413517,0.0119090302426906,0.0119090302426906,0.0030535211092855,0.0044484019948722,0.0044484019948722,0.3694874444116879,0.3735318413186891,0.3735318413186891,2.131621180778482,2.290296337437172,2.290296337437172,0.9999999999999992,0.9999999999999982,0.9999999999999982,0.1197250488936088,1.1047144523109418,0.2367382542052479,1.3414527065161896,1.4611777554097984,-2.220446049250313e-16,0.0119090302426906,0.757382038513246,0.0061574990735738,0.2245514321704876,0.9819334706837336,0.2307089312440615,0.999999999999998,OBJECTIVE_AND_FEASIBILITY_IMPROVE,120,120,1,121,3,Return from COBYLA because the objective function has been evaluated MAXFUN times.,False,True,6.361391824670136,155.92578125,SUCCESS,,4125a14ecf0cf9f70644007cd1634ecf6f1e07fa3cd07fca5698b5513f958820,2207,1.259948731612452,0.0029858691797164,0.0023971161488018,1.6894907152996643,-0.20122902379734686,0.0089231610629742,0.0020512858460704,0.6008056221375078
diag-run-2dcdddb63bb5082ac026,task-v2-5d31ef4af595,g-bd62d2d752385cc7,v2-S4-b001-g-bd62d2d752385cc7,S4,D4,16,6.103515625e-05,4.214419939295737,P3_CONTINUATION_B1,COBYLA,3301,120,1,False,"[6.089635855056756, 1.270232980290997, 0.0, 2.5952946372317545, -0.34509165296780636, 0.0]","[6.883763029695233, 1.220313720760483, 0.15792658552527872, 2.505223724246676, -0.0839744486846133, -0.06324195186480645]","[6.883763029695233, 1.220313720760483, 0.15792658552527872, 2.505223724246676, -0.0839744486846133, -0.06324195186480645]",1.4537201462314218,1.3393885841037412,1.3393885841037412,1.3393885841037412,0.1143315621276805,0.1143315621276805,0.0052972315664891,0.0163207610533896,0.0163207610533896,0.0016164887921359,0.0052489678182208,0.0052489678182208,0.3051572829781611,0.3216129322064114,0.3216129322064114,1.9384688976665336,2.427160345771249,2.427160345771249,0.9999999999999978,0.9999999999999996,0.9999999999999996,0.0908805186931032,1.0893357158208898,0.1591723495897494,1.2485080654106393,1.3393885841037425,1.3322676295501878e-15,0.0163207610533896,0.8279293756523883,0.0038511536362195,0.1518987096580021,0.9798280853103906,0.1557498632942216,0.9999999999999996,OBJECTIVE_AND_FEASIBILITY_IMPROVE,120,120,1,121,3,Return from COBYLA because the objective function has been evaluated MAXFUN times.,False,True,6.333889204077423,155.92578125,SUCCESS,,4125a14ecf0cf9f70644007cd1634ecf6f1e07fa3cd07fca5698b5513f958820,3301,1.49246420070966,0.0063154622053538,0.0030353778706151,2.014825079759378,0.15307561660591884,0.0100052988480358,0.0022135899476057003,0.4123352660118713
diag-run-e7d12320929bc9ac8e5b,task-v2-e243a3cd3e64,g-bd62d2d752385cc7,v2-S4-b001-g-bd62d2d752385cc7,S4,D7,16,0.0001220703125,3.9133899436317554,P3_CONTINUATION_B1,COBYLA,1103,120,1,False,"[2.4818672507609434, 4.420440065960103, 0.0, 2.2247874926464264, 0.0882034950461033, 0.0]","[2.5446227197462723, 4.396977133788762, 0.000435306950340689, 2.2210432869526566, 0.08576231696774382, 0.0007353037650107371]","[2.5446227197462723, 4.396977133788762, 0.000435306950340689, 2.2210432869526566, 0.08576231696774382, 0.0007353037650107371]",1.8947006535092088,1.8924799005488064,1.8924799005488064,1.8924799005488064,0.0022207529604028,0.0022207529604028,0.0033667042185197,0.0033429030689374,0.0033429030689374,0.0008775112735207,0.0008734670742135,0.0008734670742135,0.260644005699614,0.261289979458237,0.261289979458237,1.4405949067952202,1.4375137275722458,1.4375137275722458,1.0000000000000016,1.000000000000005,1.000000000000005,0.1962225711159821,1.23754925706446,0.4587080723683648,1.6962573294328247,1.8924799005488069,4.440892098500626e-16,0.0033429030689374,0.5829406524280565,0.0,0.4137164445030112,0.9966570969310676,0.4137164445030112,1.000000000000005,OBJECTIVE_IMPROVES_FEASIBILITY_WORSENS,120,120,1,121,3,Return from COBYLA because the objective function has been evaluated MAXFUN times.,False,True,6.220510224811733,155.12109375,SUCCESS,,4125a14ecf0cf9f70644007cd1634ecf6f1e07fa3cd07fca5698b5513f958820,1103,1.3538882927477247,0.0052610374542036,0.0028706419379524,1.634461337254817,-0.5385916078010817,-0.0019181343852661997,-0.0019971748637389,-0.19694760968257108
diag-run-8fe2d38058e813c0b318,task-v2-e243a3cd3e64,g-bd62d2d752385cc7,v2-S4-b001-g-bd62d2d752385cc7,S4,D7,16,0.0001220703125,3.9133899436317554,P3_CONTINUATION_B1,COBYLA,2207,120,1,False,"[5.5387399529802535, 4.030823317524362, 0.0, 2.4503859118970626, 0.08671474556053564, 0.0]","[6.399375485873579, 4.520711435753399, 0.012733100082035381, 2.435103339613167, 0.09112353644733251, 0.0034383056576287796]","[6.399375485873579, 4.520711435753399, 0.012733100082035381, 2.435103339613167, 0.09112353644733251, 0.0034383056576287796]",1.5854349278900393,1.3691432463354896,1.3691432463354896,1.3691432463354896,0.2162916815545497,0.2162916815545497,0.0115603740520122,0.0207738309464289,0.0207738309464289,0.003357884617217,0.0051516599774958,0.0051516599774958,0.2904650491505979,0.2479879609485995,0.2479879609485995,1.9763618301467785,2.230906536723256,2.230906536723256,1.0000000000000002,1.0000000000000018,1.0000000000000018,0.124375384929651,1.1005623807210425,0.1442054806847946,1.2447678614058368,1.369143246335488,-1.5543122344752197e-15,0.0207738309464289,0.8383542600834829,0.0,0.14087190897009,0.979226169053573,0.14087190897009,1.0000000000000018,OBJECTIVE_AND_FEASIBILITY_IMPROVE,120,120,1,121,3,Return from COBYLA because the objective function has been evaluated MAXFUN times.,False,True,6.263450608588755,155.125,SUCCESS,,4125a14ecf0cf9f70644007cd1634ecf6f1e07fa3cd07fca5698b5513f958820,2207,1.2146434975744642,0.0028136419461616,0.0021095572053819,1.3626587735108469,-0.15449974876102535,0.0179601890002673,0.0030421027721139,0.8682477632124093
diag-run-40e382fcedbdf3de4815,task-v2-e243a3cd3e64,g-bd62d2d752385cc7,v2-S4-b001-g-bd62d2d752385cc7,S4,D7,16,0.0001220703125,3.9133899436317554,P3_CONTINUATION_B1,COBYLA,3301,120,1,False,"[5.607334200093741, 2.055472429760336, 0.0, 3.148106631075005, -0.7441190841142521, 0.0]","[5.482589297984025, 2.084831403580622, -0.4044346958062795, 3.1606958596771375, -0.9299875293399263, 0.18375180715901704]","[5.482589297984025, 2.084831403580622, -0.4044346958062795, 3.1606958596771375, -0.9299875293399263, 0.18375180715901704]",1.374779677032396,1.32999934632616,1.32999934632616,1.32999934632616,0.0447803307062359,0.0447803307062359,0.0086239629563606,0.0112103952248079,0.0112103952248079,0.0024417702758207,0.0028469454871638,0.0028469454871638,0.2831378437241292,0.2539558534799664,0.2539558534799664,1.849096825996366,1.963010867638638,1.963010867638638,0.9999999999999978,1.000000000000001,1.000000000000001,0.094738062609326,1.1006406240877156,0.1346206596291196,1.235261283716835,1.329999346326161,8.881784197001252e-16,0.0112103952248079,0.859721305868223,0.0,0.1290682989069703,0.9887896047751934,0.1290682989069703,1.000000000000001,OBJECTIVE_AND_FEASIBILITY_IMPROVE,120,120,1,121,3,Return from COBYLA because the objective function has been evaluated MAXFUN times.,False,True,6.255147444084287,155.13671875,SUCCESS,,4125a14ecf0cf9f70644007cd1634ecf6f1e07fa3cd07fca5698b5513f958820,3301,1.4817977948940593,0.0102879772250811,0.0031838101415407,1.9257199377973884,0.15179844856789937,0.0009224179997267996,-0.0003368646543769,0.0372909298412496
diag-run-3a5ead527b918b8cb74f,task-v2-cf1a83d8dbf9,g-bd62d2d752385cc7,v2-S4-b001-g-bd62d2d752385cc7,S4,D6,16,9.1552734375e-05,4.038328680240055,P3_CONTINUATION_B1,COBYLA,1103,120,1,False,"[2.621614057247582, 4.461914212542854, 0.0, 2.2603067047797856, 0.08774937765496452, 0.0]","[3.2569809369699985, 4.402099097069549, 0.01663024730331805, 2.246546436174178, 0.09089403187167347, -0.00630312917180296]","[3.2569809369699985, 4.402099097069549, 0.01663024730331805, 2.246546436174178, 0.09089403187167347, -0.00630312917180296]",1.97074534007116,1.9272633109685453,1.9272633109685453,1.9272633109685453,0.0434820291026145,0.0434820291026145,0.0032263975049916,0.0034053647078272,0.0034053647078272,0.0008911254446083,0.0009098217823659,0.0009098217823659,0.2761982809711751,0.2671730814249397,0.2671730814249397,1.547046553395088,1.5704923110600535,1.5704923110600535,0.9999999999999984,1.0,1.0,0.187288415578908,1.218927524297071,0.5210473710925648,1.739974895389636,1.927263310968544,-1.7763568394002505e-15,0.0034053647078272,0.5209833800440079,0.0004310953522329,0.4751801598959317,0.9961635399399398,0.4756112552481647,1.0,OBJECTIVE_AND_FEASIBILITY_IMPROVE,120,120,1,121,3,Return from COBYLA because the objective function has been evaluated MAXFUN times.,False,True,6.228608419187367,154.95703125,SUCCESS,,4125a14ecf0cf9f70644007cd1634ecf6f1e07fa3cd07fca5698b5513f958820,1103,1.386306201082544,0.003486442307474,0.0020376734164085,1.580711163275048,-0.5409571098860013,-8.107759964679981e-05,-0.0011278516340426,-0.010218852214994412
diag-run-31a59cbd6af99ee5f173,task-v2-cf1a83d8dbf9,g-bd62d2d752385cc7,v2-S4-b001-g-bd62d2d752385cc7,S4,D6,16,9.1552734375e-05,4.038328680240055,P3_CONTINUATION_B1,COBYLA,2207,120,1,False,"[6.201001262929512, 4.0711430130357975, 0.0, 2.423600647401147, 0.09792080092044632, 0.0]","[6.835127899582646, 4.5797793833651586, 0.5427256403277546, 2.416367475710195, 0.19745775954749137, -0.0980880562647036]","[6.835127899582646, 4.5797793833651586, 0.5427256403277546, 2.416367475710195, 0.19745775954749137, -0.0980880562647036]",1.4597950213728927,1.3330814828014057,1.3330814828014057,1.3330814828014057,0.126713538571487,0.126713538571487,0.014106868042303,0.0257337415569877,0.0257337415569877,0.0047156609372846,0.0078442884425534,0.0078442884425534,0.334281211332206,0.3048250261308555,0.3048250261308555,2.187759284148428,2.4488316152812963,2.4488316152812963,1.0000000000000004,1.0000000000000004,1.0000000000000004,0.1085575109818077,1.0831265109549395,0.1413974608646575,1.2245239718195973,1.333081482801405,-6.661338147750939e-16,0.0257337415569877,0.8367788112570522,0.0030946371005173,0.1343928100854429,0.971171621342495,0.1374874471859603,1.0000000000000004,OBJECTIVE_AND_FEASIBILITY_IMPROVE,120,120,1,121,3,Return from COBYLA because the objective function has been evaluated MAXFUN times.,False,True,6.34944711625576,154.95703125,SUCCESS,,4125a14ecf0cf9f70644007cd1634ecf6f1e07fa3cd07fca5698b5513f958820,2207,1.2307022796542304,0.003234222009544,0.0024423208300743,1.5480985084915158,-0.1023792031471753,0.0224995195474437,0.005401967612479099,0.9007331067897806
diag-run-e2f6ecd38df756b628aa,task-v2-cf1a83d8dbf9,g-bd62d2d752385cc7,v2-S4-b001-g-bd62d2d752385cc7,S4,D6,16,9.1552734375e-05,4.038328680240055,P3_CONTINUATION_B1,COBYLA,3301,120,1,False,"[4.1605605247002835, 2.170285388743379, 0.0, 2.114669228493137, -0.11540578748458219, 0.0]","[5.1045089101797165, 1.8761472779813362, -0.17867310599105501, 2.417055607017293, -0.24712752916717073, 0.09300875257505647]","[5.1045089101797165, 1.8761472779813362, -0.17867310599105501, 2.417055607017293, -0.24712752916717073, 0.09300875257505647]",1.87742201063398,1.662927403132015,1.662927403132015,1.662927403132015,0.2144946075019647,0.2144946075019647,0.002476910798392,0.0093751376784409,0.0093751376784409,0.0006490820817053,0.0026271682211072,0.0026271682211072,0.2620530711589338,0.2802271615859762,0.2802271615859762,1.4322390467517483,2.010306334511614,2.010306334511614,1.0000000000000004,0.999999999999998,0.999999999999998,0.1333741673963878,1.1401903486979277,0.3893628870377011,1.5295532357356287,1.6629274031320165,1.5543122344752197e-15,0.0093751376784409,0.6182695044164757,0.0009435496226313,0.3714118082824501,0.9896813126989256,0.3723553579050814,0.999999999999998,OBJECTIVE_AND_FEASIBILITY_IMPROVE,120,120,1,121,3,Return from COBYLA because the objective function has been evaluated MAXFUN times.,False,True,6.284601199440658,154.96875,SUCCESS,,4125a14ecf0cf9f70644007cd1634ecf6f1e07fa3cd07fca5698b5513f958820,3301,1.490208677686519,0.0087536354095119,0.0032329119997018,1.9805171344506085,-0.17271872544549582,0.0006215022689290001,-0.0006057437785946,0.029789200061005383
diag-run-7113c77ca0548ce5faa0,task-v2-5b5a3995de2b,g-bd62d2d752385cc7,v2-S4-b001-g-bd62d2d752385cc7,S4,D5,16,7.62939453125e-05,4.11750992628768,P3_CONTINUATION_B1,COBYLA,1103,120,1,False,"[2.773650382576821, 4.397274207763687, 0.0, 2.2840309570386834, 0.09031578044979562, 0.0]","[3.3916042980702445, 4.3568410401069215, 0.026959737799255704, 2.2536828765162755, 0.10378147044307481, -0.0201456941561681]","[3.3916042980702445, 4.3568410401069215, 0.026959737799255704, 2.2536828765162755, 0.10378147044307481, -0.0201456941561681]",1.9634324701349053,1.924248626399036,1.924248626399036,1.924248626399036,0.0391838437358704,0.0391838437358704,0.0032792023111756,0.0032460970487338,0.0032460970487338,0.0009142033755373,0.0008719394452446,0.0008719394452446,0.2787883420372316,0.268611637962196,0.268611637962196,1.633278137686176,1.6288714260969186,1.6288714260969186,1.0000000000000022,1.0,1.0,0.1849426997424847,1.214481119544958,0.5248248071115926,1.7393059266565507,1.924248626399036,2.220446049250313e-16,0.0032460970487338,0.5161638407224183,0.0006578993042201,0.4799321629246276,0.996096003647046,0.4805900622288477,1.0,OBJECTIVE_IMPROVES_FEASIBILITY_WORSENS,120,120,1,121,3,Return from COBYLA because the objective function has been evaluated MAXFUN times.,False,True,6.516129117459059,155.91796875,SUCCESS,,4125a14ecf0cf9f70644007cd1634ecf6f1e07fa3cd07fca5698b5513f958820,1103,1.4016698068432565,0.0030643260796143,0.0022423826357311,1.6038449036458258,-0.5225788195557795,0.00018177096911949986,-0.0013704431904864999,0.025026522451092825
diag-run-3d85278542bd5fbfe350,task-v2-5b5a3995de2b,g-bd62d2d752385cc7,v2-S4-b001-g-bd62d2d752385cc7,S4,D5,16,7.62939453125e-05,4.11750992628768,P3_CONTINUATION_B1,COBYLA,2207,120,1,False,"[5.698741696704778, 4.093949542587866, 0.0, 2.421309056216148, 0.10642663591831496, 0.0]","[6.518589063020158, 4.544945610018975, 0.08148698741862156, 2.4175980917879856, 0.17307902595094032, -0.07235122204827295]","[6.518589063020158, 4.544945610018975, 0.08148698741862156, 2.4175980917879856, 0.17307902595094032, -0.07235122204827295]",1.5700904745513848,1.3952958462295526,1.3952958462295526,1.3952958462295526,0.1747946283218322,0.1747946283218322,0.0112721749114478,0.0167958251921121,0.0167958251921121,0.0039003383357499,0.0054407215128249,0.0054407215128249,0.3460147102391745,0.3239329684962487,0.3239329684962487,2.1695176454314984,2.34271127221928,2.34271127221928,0.9999999999999992,0.9999999999999988,0.9999999999999988,0.1158783555669016,1.096497573221689,0.1829199174409629,1.279417490662652,1.3952958462295535,8.881784197001252e-16,0.0167958251921121,0.8048490871422247,0.0047101807414755,0.1736449069241861,0.978493994066411,0.1783550876656616,0.9999999999999988,OBJECTIVE_AND_FEASIBILITY_IMPROVE,120,120,1,121,3,Return from COBYLA because the objective function has been evaluated MAXFUN times.,False,True,6.538932202383876,155.91796875,SUCCESS,,4125a14ecf0cf9f70644007cd1634ecf6f1e07fa3cd07fca5698b5513f958820,2207,1.2351989414276217,0.0039453432851876,0.0032616076060359,1.7135947235356557,-0.16009690480193095,0.012850481906924501,0.0021791139067889997,0.6291165486836243
diag-run-3091ded5cc6f13bb3bc2,task-v2-5b5a3995de2b,g-bd62d2d752385cc7,v2-S4-b001-g-bd62d2d752385cc7,S4,D5,16,7.62939453125e-05,4.11750992628768,P3_CONTINUATION_B1,COBYLA,3301,120,1,False,"[4.408227601389611, 2.0263073719290916, 0.0, 2.1634192573821203, -0.10604399414763346, 0.0]","[5.561299996521168, 1.5415282841913904, 0.1603340903228739, 2.5541607277127305, -0.10598680776703563, -0.07222018129015641]","[5.561299996521168, 1.5415282841913904, 0.1603340903228739, 2.5541607277127305, -0.10598680776703563, -0.07222018129015641]",1.8574530493091648,1.5328503479227038,1.5328503479227038,1.5328503479227038,0.3246027013864616,0.3246027013864616,0.0022342016990503,0.0141832200890784,0.0141832200890784,0.0005201283167842,0.0039980545528681,0.0039980545528681,0.232802757694294,0.281886237945837,0.281886237945837,1.4666323040334464,2.2692847684291886,2.2692847684291886,1.0000000000000002,1.000000000000003,1.000000000000003,0.1169139325959174,1.1051351176393167,0.3108012976874708,1.4159364153267875,1.532850347922705,1.1102230246251563e-15,0.0141832200890784,0.6840948609088751,0.0030753754561275,0.2986465435459219,0.9827414044547972,0.3017219190020495,1.000000000000003,OBJECTIVE_AND_FEASIBILITY_IMPROVE,120,120,1,121,3,Return from COBYLA because the objective function has been evaluated MAXFUN times.,False,True,6.488140434026718,155.9296875,SUCCESS,,4125a14ecf0cf9f70644007cd1634ecf6f1e07fa3cd07fca5698b5513f958820,3301,1.492335719343098,0.0072912881759174,0.0031394950893927,1.980314189622119,-0.04051462857960586,0.006891931913161,0.0008585594634754005,0.28897057880706956
diag-run-dd4fec38e0229acf5933,task-v2-4746dcc3bd93,g-a87f1b9ac089cc45,v2-S5-b000-g-a87f1b9ac089cc45,S5,D1,19,1.9073486328125e-06,5.719569917615643,P3_CONTINUATION_B1,COBYLA,1103,120,1,False,"[3.8102321809137987, 6.314816841899302, 0.0, 3.5202669297640834, -0.9771540043965765, 0.0]","[4.58336850927939, 7.136100009263115, 0.6922111681453553, 3.8026159101309234, -0.8903752760318846, -0.17288586211964152]","[4.58336850927939, 7.136100009263115, 0.6922111681453553, 3.8026159101309234, -0.8903752760318846, -0.17288586211964152]",1.5411848323389508,1.2776703661110784,1.2776703661110784,1.2776703661110784,0.2635144662278723,0.2635144662278723,0.0013405078361813,0.0020493527473411,0.0020493527473411,0.0013405078361813,0.0020493527473411,0.0020493527473411,1.0,1.0,1.0,2.846839274689028,3.0311866359184845,3.0311866359184845,1.0000000000000004,0.999999999999998,0.999999999999998,0.0421786187611393,1.062274693906312,0.1732170534436287,1.2354917473499407,1.2776703661110802,1.7763568394002505e-15,0.0020493527473411,0.8267421895173438,0.0016089254127518,0.1695995323225613,0.9963417218399052,0.1712084577353131,0.999999999999998,OBJECTIVE_AND_FEASIBILITY_IMPROVE,120,120,1,121,3,Return from COBYLA because the objective function has been evaluated MAXFUN times.,False,True,125.30847038980572,209.44140625,SUCCESS,,4125a14ecf0cf9f70644007cd1634ecf6f1e07fa3cd07fca5698b5513f958820,1103,1.3444411306926336,0.0004563434435189,0.0004563434435189,2.3788617328324566,0.06677076458155518,0.0015930093038221999,0.0015930093038221999,0.6523249030860279
diag-run-16c9e5c3e0b9de5411e2,task-v2-4746dcc3bd93,g-a87f1b9ac089cc45,v2-S5-b000-g-a87f1b9ac089cc45,S5,D1,19,1.9073486328125e-06,5.719569917615643,P3_CONTINUATION_B1,COBYLA,2207,120,1,False,"[5.653657126494847, 4.512969025923965, 0.0, 3.520385584742521, -1.021562749074859, 0.0]","[6.410711030308999, 5.207394789104771, 0.5333007442168413, 3.7044438969711826, -0.9606263806176272, -0.1908344290654604]","[6.410711030308999, 5.207394789104771, 0.5333007442168413, 3.7044438969711826, -0.9606263806176272, -0.1908344290654604]",1.549704857262723,1.336360493060378,1.336360493060378,1.336360493060378,0.2133443642023449,0.2133443642023449,0.00187669873022,0.0029203298956374,0.0029203298956374,0.00187669873022,0.0029203298956374,0.0029203298956374,1.0,1.0,1.0,2.9929644777679374,3.1850018319963413,3.1850018319963413,1.0000000000000004,0.9999999999999986,0.9999999999999986,0.0455124783072205,1.0647102894660063,0.2261377252871507,1.2908480147531574,1.336360493060378,-2.220446049250313e-16,0.0029203298956374,0.7736680010226464,0.0024272885532366,0.2209843805284781,0.9946523815511245,0.2234116690817147,0.9999999999999986,OBJECTIVE_AND_FEASIBILITY_IMPROVE,120,120,1,121,3,Return from COBYLA because the objective function has been evaluated MAXFUN times.,False,True,128.64538005180657,209.44140625,SUCCESS,,4125a14ecf0cf9f70644007cd1634ecf6f1e07fa3cd07fca5698b5513f958820,2207,1.317309294211496,0.0003028967936232,0.0003028967936232,2.20086459365864,-0.019051198848882178,0.0026174331020141998,0.0026174331020141998,0.9841372383377012
diag-run-f742811c21c11918e44e,task-v2-4746dcc3bd93,g-a87f1b9ac089cc45,v2-S5-b000-g-a87f1b9ac089cc45,S5,D1,19,1.9073486328125e-06,5.719569917615643,P3_CONTINUATION_B1,COBYLA,3301,120,1,False,"[5.416836331103599, 4.215089772190831, 0.0, 3.448931571555684, -1.0004989938553175, 0.0]","[6.339480897995741, 5.175143388601824, -0.7214017214818034, 3.744083235793431, -1.2955582569685307, 0.16577797254821253]","[6.339480897995741, 5.175143388601824, -0.7214017214818034, 3.744083235793431, -1.2955582569685307, 0.16577797254821253]",1.600463758313535,1.3246501405183115,1.3246501405183115,1.3246501405183115,0.2758136177952235,0.2758136177952235,0.0016825356939664,0.0030637004088716,0.0030637004088716,0.0016825356939664,0.0030637004088716,0.0030637004088716,1.0,1.0,1.0,2.945534203901384,3.205816212148252,3.205816212148252,0.999999999999997,0.9999999999999944,0.9999999999999944,0.0466259300029999,1.0633377771358623,0.2146864333794456,1.278024210515308,1.324650140518308,-3.552713678800501e-15,0.0030637004088716,0.7848989252566757,0.0021326381791597,0.2099047361552873,0.994803661411963,0.2120373743344471,0.9999999999999944,OBJECTIVE_AND_FEASIBILITY_IMPROVE,120,120,1,121,3,Return from COBYLA because the objective function has been evaluated MAXFUN times.,False,True,128.1477735945955,209.44140625,SUCCESS,,4125a14ecf0cf9f70644007cd1634ecf6f1e07fa3cd07fca5698b5513f958820,3301,1.5119233825477822,0.0018559118546712,0.0018559118546712,2.988127263453792,0.1872732420294707,0.0012077885542004002,0.0012077885542004002,0.21768894869445976
diag-run-cb182e46b8bb8695ad10,task-v2-7d4ec5aed494,g-a87f1b9ac089cc45,v2-S5-b000-g-a87f1b9ac089cc45,S5,D2,19,3.814697265625e-06,5.418539921951662,P3_CONTINUATION_B1,COBYLA,1103,120,1,False,"[3.1080823017054375, 6.074614465097657, 0.0, 3.4664588203460105, -0.9297911719790833, 0.0]","[3.870394106404937, 6.892060721393125, 0.8312268998250604, 3.7181551554159364, -0.8469173646535585, -0.18158314640493253]","[3.870394106404937, 6.892060721393125, 0.8312268998250604, 3.7181551554159364, -0.8469173646535585, -0.18158314640493253]",1.6116499675274527,1.3144186380095602,1.3144186380095602,1.3144186380095602,0.2972313295178925,0.2972313295178925,0.0017291184772473,0.003977705862845,0.003977705862845,0.0014666198222582,0.0032749957201883,0.0032749957201883,0.8481893181738281,0.82333783168317,0.82333783168317,2.656364673613052,3.0181725874001524,3.0181725874001524,1.0000000000000022,1.0,1.0,0.0474572956116005,1.0659499665504586,0.2010113758474981,1.2669613423979569,1.3144186380095575,-2.664535259100376e-15,0.003977705862845,0.7979121358168839,0.0019322585658328,0.1961778997544381,0.994090035571322,0.198110158320271,1.0,OBJECTIVE_AND_FEASIBILITY_IMPROVE,120,120,1,121,3,Return from COBYLA because the objective function has been evaluated MAXFUN times.,False,True,126.4736033976078,209.54296875,SUCCESS,,4125a14ecf0cf9f70644007cd1634ecf6f1e07fa3cd07fca5698b5513f958820,1103,1.3499417307354746,0.0006909497764124,0.0006029283989017,2.257986402582524,0.035523092725914474,0.0032867560864326,0.0026720673212866,0.7601861848176283
diag-run-9bb4da59867716605222,task-v2-7d4ec5aed494,g-a87f1b9ac089cc45,v2-S5-b000-g-a87f1b9ac089cc45,S5,D2,19,3.814697265625e-06,5.418539921951662,P3_CONTINUATION_B1,COBYLA,2207,120,1,False,"[4.926428521645657, 5.463179799577873, 0.0, 3.566159815773168, -1.0140254178605792, 0.0]","[5.7971542677846495, 6.326901910680563, 0.5547500850865975, 3.762785109147096, -0.9294389656641068, -0.1861078764326466]","[5.7971542677846495, 6.326901910680563, 0.5547500850865975, 3.762785109147096, -0.9294389656641068, -0.1861078764326466]",1.5133563193917063,1.2810850492950214,1.2810850492950214,1.2810850492950214,0.2322712700966849,0.2322712700966849,0.0019152374194713,0.0025417765942192,0.0025417765942192,0.0016403271379984,0.002110292702324,0.002110292702324,0.8564615129811035,0.8302431878252016,0.8302431878252016,2.7007625402432978,2.82367729816116,2.82367729816116,1.0000000000000009,1.0000000000000024,1.0000000000000024,0.0433963156406558,1.063214227863062,0.1744745057913018,1.2376887336543638,1.2810850492950197,-1.7763568394002505e-15,0.0025417765942192,0.8246380819496738,0.0011363242597754,0.1716838171963339,0.9963218991460078,0.1728201414561093,1.0000000000000022,OBJECTIVE_AND_FEASIBILITY_IMPROVE,120,120,1,121,3,Return from COBYLA because the objective function has been evaluated MAXFUN times.,False,True,130.68794539757073,209.54296875,SUCCESS,,4125a14ecf0cf9f70644007cd1634ecf6f1e07fa3cd07fca5698b5513f958820,2207,1.3451439482496226,0.0007084899810283,0.0006116349003954,2.268873635088598,0.06405889895460115,0.0018332866131909,0.0014986578019286,0.5548036630725623
diag-run-b2e4cd39bd9c843baa96,task-v2-7d4ec5aed494,g-a87f1b9ac089cc45,v2-S5-b000-g-a87f1b9ac089cc45,S5,D2,19,3.814697265625e-06,5.418539921951662,P3_CONTINUATION_B1,COBYLA,3301,120,1,False,"[5.96948073493069, 4.879706219990906, 0.0, 3.5865686657715794, -1.0513028615592015, 0.0]","[6.6138877979973305, 5.626361225612009, 0.42275888659318117, 3.743773827546675, -0.9556214431185892, -0.17889124253313388]","[6.6138877979973305, 5.626361225612009, 0.42275888659318117, 3.743773827546675, -0.9556214431185892, -0.17889124253313388]",1.4812518649174269,1.3139421696951634,1.3139421696951634,1.3139421696951634,0.1673096952222632,0.1673096952222632,0.0021003118887103,0.0028982974108346,0.0028982974108346,0.0017897741847382,0.0024012400072337,0.0024012400072337,0.8521468617869304,0.8285002078313884,0.8285002078313884,2.7408237126324027,2.880682870808354,2.880682870808354,0.999999999999998,1.0000000000000002,1.0000000000000002,0.0458009201418966,1.0640184156292414,0.2041228339240297,1.2681412495532711,1.313942169695168,4.440892098500626e-15,0.0028982974108346,0.7949349023066798,0.001552970888708,0.2006138293937777,0.9955487317004575,0.2021668002824858,1.0000000000000002,OBJECTIVE_AND_FEASIBILITY_IMPROVE,120,120,1,121,3,Return from COBYLA because the objective function has been evaluated MAXFUN times.,False,True,129.71589071583003,209.54296875,SUCCESS,,4125a14ecf0cf9f70644007cd1634ecf6f1e07fa3cd07fca5698b5513f958820,3301,1.4615152939227067,0.0016620060029199,0.0014562811450375,2.6391725100100496,0.14757312422754332,0.0012362914079147,0.0009449588621961999,0.24151036079830446
diag-run-e9d7728978f554723306,task-v2-c95d7e1ff6e7,g-a87f1b9ac089cc45,v2-S5-b000-g-a87f1b9ac089cc45,S5,D6,19,1.52587890625e-05,4.816479930623699,P3_CONTINUATION_B1,COBYLA,1103,120,1,False,"[2.4973023032769386, 4.459010848409388, 0.0, 2.2396582916962138, 0.09065704775873534, 0.0]","[2.978522641875805, 4.427405836047122, -0.0009179089523171544, 2.2132885323837077, 0.0900166755200449, -0.005492175768651814]","[2.978522641875805, 4.427405836047122, -0.0009179089523171544, 2.2132885323837077, 0.0900166755200449, -0.005492175768651814]",1.953129236940592,1.947096569767372,1.947096569767372,1.947096569767372,0.00603266717322,0.00603266717322,0.0012262805583594,0.001348367870432,0.001348367870432,0.000241392038232,0.0003049256350754,0.0003049256350754,0.196848948298549,0.226144245767109,0.226144245767109,1.9050697735695128,1.9462883260149804,1.9462883260149804,1.0000000000000018,1.0000000000000029,1.0000000000000029,0.1953698732713086,1.2315311418208088,0.5201955546752557,1.7517266964960645,1.9470965697673728,1.3322676295501878e-15,0.001348367870432,0.5312155421490468,5.180036084002941e-05,0.4673842896196838,0.9985998317687304,0.4674360899805238,1.0000000000000029,OBJECTIVE_AND_FEASIBILITY_IMPROVE,120,120,1,121,3,Return from COBYLA because the objective function has been evaluated MAXFUN times.,False,True,126.74488972872496,208.9609375,SUCCESS,,4125a14ecf0cf9f70644007cd1634ecf6f1e07fa3cd07fca5698b5513f958820,1103,1.318465089655528,0.0064047110280526,0.0024720819822199,2.6229794703635334,-0.628631480111844,-0.0050563431576206,-0.0021671563471445,-0.676691144348553
diag-run-b31e208425eba1088758,task-v2-c95d7e1ff6e7,g-a87f1b9ac089cc45,v2-S5-b000-g-a87f1b9ac089cc45,S5,D6,19,1.52587890625e-05,4.816479930623699,P3_CONTINUATION_B1,COBYLA,2207,120,1,False,"[5.081952603947341, 3.127935499730127, 0.0, 3.1464629182892114, -0.754637417330586, 0.0]","[4.95216031708634, 3.0597105961196482, 0.19536945341580902, 3.152360620680431, -0.6665956141488077, -0.09742646961917023]","[4.95216031708634, 3.0597105961196482, 0.19536945341580902, 3.152360620680431, -0.6665956141488077, -0.09742646961917023]",1.4405345852132978,1.412615898623212,1.412615898623212,1.412615898623212,0.0279186865900857,0.0279186865900857,0.0037839597345418,0.004987803532022,0.004987803532022,0.0013719157989419,0.0017607419266161,0.0017607419266161,0.362560887320873,0.3530094790847506,0.3530094790847506,2.394426437011143,2.514389269047061,2.514389269047061,1.000000000000001,0.9999999999999998,0.9999999999999998,0.0968209210649529,1.110881365788137,0.2049136117701209,1.3157949775582578,1.412615898623211,-1.3322676295501878e-15,0.004987803532022,0.8004147208941633,0.0002549333629355,0.1943425422108789,0.9947572631050422,0.1945974755738145,1.0,OBJECTIVE_AND_FEASIBILITY_IMPROVE,120,120,1,121,3,Return from COBYLA because the objective function has been evaluated MAXFUN times.,False,True,126.68837268836796,208.9609375,SUCCESS,,4125a14ecf0cf9f70644007cd1634ecf6f1e07fa3cd07fca5698b5513f958820,2207,1.1962786162289976,0.0008227791909541,0.0002698035314298,1.73176322997107,-0.21633728239421446,0.0041650243410679,0.0014909383951863,0.7826260390759912
diag-run-f3591ee7a3b059d01442,task-v2-c95d7e1ff6e7,g-a87f1b9ac089cc45,v2-S5-b000-g-a87f1b9ac089cc45,S5,D6,19,1.52587890625e-05,4.816479930623699,P3_CONTINUATION_B1,COBYLA,3301,120,1,False,"[2.1150476099639195, 2.08803740505908, 0.0, 2.4733721332841783, -0.4153136182378925, 0.0]","[2.044438278727583, 1.8804525216521932, -0.11010783430719855, 2.4669186616394683, -0.48293152729609407, 0.06597768633114343]","[2.044438278727583, 1.8804525216521932, -0.11010783430719855, 2.4669186616394683, -0.48293152729609407, 0.06597768633114343]",1.824352827292272,1.7986895713050972,1.7986895713050972,1.7986895713050972,0.0256632559871745,0.0256632559871745,0.0006649557676505,0.0006236351010282,0.0006236351010282,0.0001817057214162,0.0001704381540716,0.0001704381540716,0.2732598621684144,0.2732978849179707,0.2732978849179707,1.6392726879505886,1.6114104819029798,1.6114104819029798,0.9999999999999988,1.0000000000000004,1.0000000000000004,0.1685326540561385,1.193422134244201,0.4367347830047542,1.6301569172489554,1.798689571305094,-3.3306690738754696e-15,0.0006236351010282,0.5971442392914497,1.1145990651002934e-05,0.4022209796168715,0.9993652189083212,0.4022321256075225,1.0000000000000004,OBJECTIVE_IMPROVES_FEASIBILITY_WORSENS,120,120,1,121,3,Return from COBYLA because the objective function has been evaluated MAXFUN times.,False,True,125.84519693348555,208.9609375,SUCCESS,,4125a14ecf0cf9f70644007cd1634ecf6f1e07fa3cd07fca5698b5513f958820,3301,1.4890539464046113,0.0040838585063571,0.0014444449139414,2.427550617277345,-0.3096356249004859,-0.0034602234053288995,-0.0012740067598698,-0.8161401353743651
diag-run-9fb0e8b29d372ae6f3c2,task-v2-f5c9b9bdeb27,g-a87f1b9ac089cc45,v2-S5-b000-g-a87f1b9ac089cc45,S5,D7,19,1.9073486328125e-05,4.719569917615643,P3_CONTINUATION_B1,COBYLA,1103,120,1,False,"[2.197957776992403, 4.542662398662879, 0.0, 2.189133895079163, 0.08969170490899049, 0.0]","[2.194296088594535, 4.501257578910358, -0.0018771893628099176, 2.1898234775526233, 0.09013355631040318, 8.538807279551283e-05]","[2.194296088594535, 4.501257578910358, -0.0018771893628099176, 2.1898234775526233, 0.09013355631040318, 8.538807279551283e-05]",1.8397922328992635,1.839462845016027,1.839462845016027,1.839462845016027,0.0003293878832364,0.0003293878832364,0.0011279486052409,0.0011441517423558,0.0011441517423558,0.0001935481479274,0.0001965384069303,0.0001965384069303,0.1715930557723034,0.1717765219896812,0.1717765219896812,1.7718592291701043,1.7780535439061942,1.7780535439061942,1.0000000000000009,0.9999999999999986,0.9999999999999986,0.199994550336845,1.2433102027601617,0.3961580919190209,1.6394682946791828,1.8394628450160275,4.440892098500626e-16,0.0011441517423558,0.6434384567692307,0.0,0.355417391488412,0.9988558482576428,0.355417391488412,0.9999999999999986,OBJECTIVE_AND_FEASIBILITY_IMPROVE,120,120,1,121,3,Return from COBYLA because the objective function has been evaluated MAXFUN times.,False,True,127.12668801657856,208.72265625,SUCCESS,,4125a14ecf0cf9f70644007cd1634ecf6f1e07fa3cd07fca5698b5513f958820,1103,1.312618512473818,0.006366673880631,0.0022650485496464,2.523482522235301,-0.526844332542209,-0.005222522138275201,-0.0020685101427161,-0.7454289783291066
diag-run-83a03708a2995b8180e4,task-v2-f5c9b9bdeb27,g-a87f1b9ac089cc45,v2-S5-b000-g-a87f1b9ac089cc45,S5,D7,19,1.9073486328125e-05,4.719569917615643,P3_CONTINUATION_B1,COBYLA,2207,120,1,False,"[6.487422177937001, 4.489335658746522, 0.0, 2.4302172968027707, 0.09463589246260522, 0.0]","[7.231260715309553, 4.540096578082909, 0.021274348748935783, 2.387430247613423, 0.10170232843052894, -0.02233652419739887]","[7.231260715309553, 4.540096578082909, 0.021274348748935783, 2.387430247613423, 0.10170232843052894, -0.02233652419739887]",1.4127457292647132,1.3260430211283492,1.3260430211283492,1.3260430211283492,0.086702708136364,0.086702708136364,0.0068132273416553,0.0084463718304962,0.0084463718304962,0.0015204493637917,0.0025005728602707,0.0025005728602707,0.2231614017186675,0.2960528982683788,0.2960528982683788,2.552922798200298,2.646240113858948,2.646240113858948,1.0000000000000029,1.0000000000000004,1.0000000000000004,0.113487083706878,1.1154889978877316,0.0970669395337379,1.2125559374214696,1.3260430211283476,-1.5543122344752197e-15,0.0084463718304962,0.8992183895540761,0.0,0.092335238615428,0.991553628169504,0.092335238615428,1.0000000000000004,OBJECTIVE_AND_FEASIBILITY_IMPROVE,120,120,1,121,3,Return from COBYLA because the objective function has been evaluated MAXFUN times.,False,True,126.80698083620518,208.72265625,SUCCESS,,4125a14ecf0cf9f70644007cd1634ecf6f1e07fa3cd07fca5698b5513f958820,2207,1.7058474229262064,0.0031161999410096,0.0008858475717362,2.213195232627539,0.37980440179785724,0.0053301718894866006,0.0016147252885345001,0.4330448812314094
diag-run-dfcad14b918574f48257,task-v2-f5c9b9bdeb27,g-a87f1b9ac089cc45,v2-S5-b000-g-a87f1b9ac089cc45,S5,D7,19,1.9073486328125e-05,4.719569917615643,P3_CONTINUATION_B1,COBYLA,3301,120,1,False,"[2.200733833414021, 4.372390561604945, 0.0, 2.197852658414611, 0.09015247066101743, 0.0]","[2.1859366248302243, 4.436749280696731, 0.4771825442453397, 2.1565588238486946, 0.17577070014599902, -0.07705640244306708]","[2.1859366248302243, 4.436749280696731, 0.4771825442453397, 2.1565588238486946, 0.17577070014599902, -0.07705640244306708]",1.8404694544486124,1.8279670656048737,1.8279670656048737,1.8279670656048737,0.0125023888437387,0.0125023888437387,0.001209967282575,0.001522719406706,0.001522719406706,0.0002135512976087,0.0002405953006032,0.0002405953006032,0.1764934479503157,0.1580037001850946,0.1580037001850946,1.80234354480052,1.9021898003698217,1.9021898003698217,1.0,0.9999999999999992,0.9999999999999992,0.1993456450920389,1.2437247742385726,0.3848966462742635,1.6286214205128362,1.8279670656048752,1.5543122344752197e-15,0.001522719406706,0.6538590426731261,0.0,0.3446182379201669,0.9984772805932932,0.3446182379201669,0.9999999999999992,OBJECTIVE_AND_FEASIBILITY_IMPROVE,120,120,1,121,3,Return from COBYLA because the objective function has been evaluated MAXFUN times.,False,True,126.52191423531622,208.72265625,SUCCESS,,4125a14ecf0cf9f70644007cd1634ecf6f1e07fa3cd07fca5698b5513f958820,3301,1.4272475110717069,0.004682152600795,0.0013127255348363,2.3900154817398547,-0.40071955453316677,-0.0031594331940889998,-0.0010721302342331,-0.487825681370033
diag-run-84bed8aecb9d96272397,task-v2-11173062a501,g-a87f1b9ac089cc45,v2-S5-b000-g-a87f1b9ac089cc45,S5,D5,19,1.1444091796875e-05,4.941418667231999,P3_CONTINUATION_B1,COBYLA,1103,120,1,False,"[3.1749066575287777, 5.437569107023978, 0.0, 3.4120280287950466, -0.890396999791317, 0.0]","[4.592464442995022, 6.430744806445671, 0.9441405529729892, 3.695938272288876, -0.8522681383271544, -0.12988264038296676]","[4.592464442995022, 6.430744806445671, 0.9441405529729892, 3.695938272288876, -0.8522681383271544, -0.12988264038296676]",1.5637343724398405,1.2440000007213836,1.2440000007213836,1.2440000007213836,0.3197343717184568,0.3197343717184568,0.0031708231760073,0.0108770702696158,0.0108770702696158,0.0013883516769821,0.0046191706900304,0.0046191706900304,0.4378521285852194,0.4246704834603902,0.4246704834603902,2.44259069108644,2.977930601465551,2.977930601465551,0.999999999999998,0.9999999999999996,0.9999999999999996,0.0639113069608629,1.0714141869293756,0.1086745068311447,1.1800886937605204,1.2440000007213834,-2.220446049250313e-16,0.0108770702696158,0.8822257410930421,0.0008057866122051,0.1060914020251367,0.9883171431181786,0.1068971886373419,0.9999999999999998,OBJECTIVE_AND_FEASIBILITY_IMPROVE,120,120,1,121,3,Return from COBYLA because the objective function has been evaluated MAXFUN times.,False,True,128.61953016091138,209.75,SUCCESS,,4125a14ecf0cf9f70644007cd1634ecf6f1e07fa3cd07fca5698b5513f958820,1103,1.3526440048513035,0.0049724402971885,0.002291505522762,2.6379882445976603,0.10864400412991992,0.005904629972427299,0.0023276651672683997,0.33994235686789054
diag-run-b4b35c0a70785eb49735,task-v2-11173062a501,g-a87f1b9ac089cc45,v2-S5-b000-g-a87f1b9ac089cc45,S5,D5,19,1.1444091796875e-05,4.941418667231999,P3_CONTINUATION_B1,COBYLA,2207,120,1,False,"[5.2286187237450585, 4.146076661945227, 0.0, 2.3059942489842524, 0.11395062740996487, 0.0]","[5.985625000782491, 4.214805270557156, -0.026379862462485436, 2.37550878219862, 0.07591663509277097, 0.03305917315609263]","[5.985625000782491, 4.214805270557156, -0.026379862462485436, 2.37550878219862, 0.07591663509277097, 0.03305917315609263]",1.8520764660525808,1.6958462568229475,1.6958462568229475,1.6958462568229475,0.1562302092296337,0.1562302092296337,0.0037641124021094,0.0060045685113298,0.0060045685113298,0.0013542531864322,0.0021235542489715,0.0021235542489715,0.359780219547451,0.3536564275958707,0.3536564275958707,2.517081250873247,2.719900471663459,2.719900471663459,1.0000000000000024,0.9999999999999972,0.9999999999999972,0.1308051312894713,1.1330366124039069,0.4320045131295684,1.5650411255334753,1.6958462568229469,-8.881784197001252e-16,0.0060045685113298,0.577996134571266,0.0012315586161158,0.4147677383012856,0.9927638728725516,0.4159992969174014,0.9999999999999972,OBJECTIVE_AND_FEASIBILITY_IMPROVE,120,120,1,121,3,Return from COBYLA because the objective function has been evaluated MAXFUN times.,False,True,128.11491015180945,209.75,SUCCESS,,4125a14ecf0cf9f70644007cd1634ecf6f1e07fa3cd07fca5698b5513f958820,2207,1.3827212609851782,0.0051886949782224,0.0022628054053096,2.656476808312661,-0.3131249958377693,0.0008158735331073993,-0.00013925115633809998,0.06342366335079808
diag-run-7db8c1ec0c71a0d4f34d,task-v2-11173062a501,g-a87f1b9ac089cc45,v2-S5-b000-g-a87f1b9ac089cc45,S5,D5,19,1.1444091796875e-05,4.941418667231999,P3_CONTINUATION_B1,COBYLA,3301,120,1,False,"[4.8147342045464265, 3.771374559770481, 0.0, 2.303021650952555, 0.10275334619635582, 0.0]","[5.87229061402941, 4.28590310945057, 0.18237790757795017, 2.365698342158588, 0.21524947680451997, -0.1095793786178926]","[5.87229061402941, 4.28590310945057, 0.18237790757795017, 2.365698342158588, 0.21524947680451997, -0.1095793786178926]",1.9323240481316672,1.700036063939118,1.700036063939118,1.700036063939118,0.2322879841925491,0.2322879841925491,0.0027642352278982,0.006441342076069,0.006441342076069,0.001018211028815,0.0022362162862605,0.0022362162862605,0.3683518025306683,0.3471662054044013,0.3471662054044013,2.382993664628584,2.7503950307885177,2.7503950307885177,0.9999999999999996,1.000000000000002,1.000000000000002,0.1317377482194245,1.1348987794085306,0.4333995363111649,1.5682983157196957,1.70003606393912,1.9984014443252818e-15,0.006441342076069,0.5769741065932898,0.0012094264038258,0.4153751249268173,0.992349231520107,0.4165845513306431,1.0000000000000022,OBJECTIVE_AND_FEASIBILITY_IMPROVE,120,120,1,121,3,Return from COBYLA because the objective function has been evaluated MAXFUN times.,False,True,127.90660963580012,209.75,SUCCESS,,4125a14ecf0cf9f70644007cd1634ecf6f1e07fa3cd07fca5698b5513f958820,3301,1.4496953036732858,0.0065608559157571,0.0028278595333879,2.75837916746778,-0.2503407602658323,-0.00011951383968810021,-0.0005916432471273999,-0.007984136679262122
diag-run-08692e7d6eccba5125cc,task-v2-7133b996bac7,g-a87f1b9ac089cc45,v2-S5-b000-g-a87f1b9ac089cc45,S5,D3,19,5.7220458984375e-06,5.24244866289598,P3_CONTINUATION_B1,COBYLA,1103,120,1,False,"[3.3044483883013265, 5.995854955421595, 0.0, 3.4313619716123083, -0.92538659008274, 0.0]","[4.2736084701991155, 7.312157572484581, -0.7206059257232897, 3.778532220813761, -1.1604843415465245, 0.1687952199090724]","[4.2736084701991155, 7.312157572484581, -0.7206059257232897, 3.778532220813761, -1.1604843415465245, 0.1687952199090724]",1.602607948306059,1.283894998584272,1.283894998584272,1.283894998584272,0.3187129497217866,0.3187129497217866,0.0022692118501601,0.0024470174801482,0.0024470174801482,0.0015105729299285,0.0017045994996874,0.0017045994996874,0.6656817563428102,0.6966029108971595,0.6966029108971595,2.598323705744632,2.631085734619983,2.631085734619983,1.0000000000000022,1.0000000000000029,1.0000000000000029,0.0452562885246759,1.0646879063708634,0.1739508036887387,1.238638710059602,1.283894998584278,5.9952043329758445e-15,0.0024470174801482,0.8255746076141441,0.0006561316401681,0.1713222432655419,0.996896850879686,0.17197837490571,1.0000000000000024,OBJECTIVE_AND_FEASIBILITY_IMPROVE,120,120,1,121,3,Return from COBYLA because the objective function has been evaluated MAXFUN times.,False,True,129.01587242726237,209.11328125,SUCCESS,,4125a14ecf0cf9f70644007cd1634ecf6f1e07fa3cd07fca5698b5513f958820,1103,1.372919707611956,0.0011716047540416,0.0007653365057644,2.311229788153617,0.08902470902768389,0.0012754127261066,0.000939262993923,0.31985594646636617
diag-run-9cd4ee20727711853a26,task-v2-7133b996bac7,g-a87f1b9ac089cc45,v2-S5-b000-g-a87f1b9ac089cc45,S5,D3,19,5.7220458984375e-06,5.24244866289598,P3_CONTINUATION_B1,COBYLA,2207,120,1,False,"[5.5562435213009245, 5.685944369417065, 0.0, 3.642771129607981, -1.0505536819076824, 0.0]","[6.307743384084228, 6.476522517006378, 0.6285873390362807, 3.803656382926736, -0.9606610115851297, -0.17770235333428203]","[6.307743384084228, 6.476522517006378, 0.6285873390362807, 3.803656382926736, -0.9606610115851297, -0.17770235333428203]",1.4448078123453976,1.2538385200034343,1.2538385200034343,1.2538385200034343,0.190969292341963,0.190969292341963,0.0022064114852885,0.0027628503772803,0.0027628503772803,0.001515486952384,0.001864625133701,0.001864625133701,0.6868559933125569,0.674891825136238,0.674891825136238,2.5861351724168613,2.683806029144023,2.683806029144023,0.9999999999999992,1.0000000000000016,1.0000000000000016,0.0419470482326169,1.0614345402146987,0.1504569315561179,1.211891471770817,1.2538385200034337,-8.881784197001252e-16,0.0027628503772803,0.8481690566543172,0.0007794664487415,0.1482886265196626,0.9964576831739796,0.1490680929684041,1.0000000000000018,OBJECTIVE_AND_FEASIBILITY_IMPROVE,120,120,1,121,3,Return from COBYLA because the objective function has been evaluated MAXFUN times.,False,True,128.87962934188545,209.11328125,SUCCESS,,4125a14ecf0cf9f70644007cd1634ecf6f1e07fa3cd07fca5698b5513f958820,2207,1.4792694609394017,0.0027622534599986,0.0018786249345011,2.6837121891402003,0.22543094093596738,5.969172817000927e-07,-1.3999800800099842e-05,9.384000382262059e-05
diag-run-487fb49c5d813723c93c,task-v2-7133b996bac7,g-a87f1b9ac089cc45,v2-S5-b000-g-a87f1b9ac089cc45,S5,D3,19,5.7220458984375e-06,5.24244866289598,P3_CONTINUATION_B1,COBYLA,3301,120,1,False,"[5.856422404041593, 4.495682629008839, 0.0, 3.4873510162301637, -0.9742909604231572, 0.0]","[6.646942878793445, 5.249792066403244, 0.41837316785273726, 3.715446298866283, -0.9341896821844498, -0.1939806958930978]","[6.646942878793445, 5.249792066403244, 0.41837316785273726, 3.715446298866283, -0.9341896821844498, -0.1939806958930978]",1.5262408820915705,1.3314764243189128,1.3314764243189128,1.3314764243189128,0.1947644577726577,0.1947644577726577,0.0036029017007548,0.0041177618351664,0.0041177618351664,0.0023714651354709,0.0027045216819854,0.0027045216819854,0.6582097799043778,0.6567941008361262,0.6567941008361262,2.7991010761697743,2.857109886998259,2.857109886998259,0.9999999999999978,0.9999999999999986,0.9999999999999986,0.0473260532759795,1.064094632799609,0.2200557382433264,1.2841503710429354,1.331476424318915,2.220446049250313e-15,0.0041177618351664,0.7780635944636476,0.0014829075708633,0.2163357361303211,0.9943993305939686,0.2178186437011844,0.9999999999999984,OBJECTIVE_AND_FEASIBILITY_IMPROVE,120,120,1,121,3,Return from COBYLA because the objective function has been evaluated MAXFUN times.,False,True,129.38640187308192,209.11328125,SUCCESS,,4125a14ecf0cf9f70644007cd1634ecf6f1e07fa3cd07fca5698b5513f958820,3301,1.5144664661513518,0.0023682693308206,0.0015846264101082,2.616879753783786,0.18299004183243905,0.0017494925043457996,0.0011198952718772,0.24023013321447317
diag-run-7fe7bcab1761e8ca294b,task-v2-b9b3757d64c0,g-a87f1b9ac089cc45,v2-S5-b000-g-a87f1b9ac089cc45,S5,D4,19,7.62939453125e-06,5.11750992628768,P3_CONTINUATION_B1,COBYLA,1103,120,1,False,"[3.598029142093777, 6.135909442258457, 0.0, 3.515109583760944, -0.9515024582442685, 0.0]","[4.6101885947872265, 7.027922106289522, 0.7179167770153954, 3.775481843591857, -0.8625061659818185, -0.18028887913831024]","[4.6101885947872265, 7.027922106289522, 0.7179167770153954, 3.775481843591857, -0.8625061659818185, -0.18028887913831024]",1.5597795772327272,1.274405297375237,1.274405297375237,1.274405297375237,0.2853742798574905,0.2853742798574905,0.0030850084799784,0.0048027312277691,0.0048027312277691,0.0015864070142035,0.0025018510081621,0.0025018510081621,0.514231006008334,0.5209225520879774,0.5209225520879774,2.60676628843418,2.798998209457392,2.798998209457392,1.0000000000000009,1.0000000000000018,1.0000000000000018,0.0446186598967716,1.0617834026392123,0.1680032348392511,1.2297866374784634,1.2744052973752351,-1.5543122344752197e-15,0.0048027312277691,0.8290665587143111,0.0007851910941403,0.1653455189637813,0.9944120776780924,0.1661307100579216,1.000000000000002,OBJECTIVE_AND_FEASIBILITY_IMPROVE,120,120,1,121,3,Return from COBYLA because the objective function has been evaluated MAXFUN times.,False,True,129.07643440831453,209.0703125,SUCCESS,,4125a14ecf0cf9f70644007cd1634ecf6f1e07fa3cd07fca5698b5513f958820,1103,1.3630556624253145,0.0013706407633693,0.000686831228806,2.254433570041574,0.08865036505007762,0.0034320904643997995,0.0018150197793561002,0.5445646394158179
diag-run-3de2bdf78da27b5972a6,task-v2-b9b3757d64c0,g-a87f1b9ac089cc45,v2-S5-b000-g-a87f1b9ac089cc45,S5,D4,19,7.62939453125e-06,5.11750992628768,P3_CONTINUATION_B1,COBYLA,2207,120,1,False,"[5.855801609338279, 4.260759453863629, 0.0, 3.5442501732782845, -1.0321503420098712, 0.0]","[6.716471533017356, 5.202572701170464, 0.7289669619877459, 3.738638682031246, -0.970888078284737, -0.18941097957469072]","[6.716471533017356, 5.202572701170464, 0.7289669619877459, 3.738638682031246, -0.970888078284737, -0.18941097957469072]",1.5355529277920832,1.288782617382278,1.288782617382278,1.288782617382278,0.2467703104098051,0.2467703104098051,0.0038895256473578,0.0068134110920728,0.0068134110920728,0.0020029263401976,0.0034605195522302,0.0034605195522302,0.5149538843016251,0.5078982473634187,0.5078982473634187,2.707406565840505,2.95087451948844,2.95087451948844,1.0000000000000016,0.9999999999999988,0.9999999999999988,0.0462673685256997,1.060731819461414,0.1817834293951689,1.2425152488565832,1.288782617382283,4.884981308350689e-15,0.0068134110920728,0.8135846449155064,0.0010517952236439,0.1785501487687754,0.992134793684282,0.1796019439924194,0.9999999999999988,OBJECTIVE_AND_FEASIBILITY_IMPROVE,120,120,1,121,3,Return from COBYLA because the objective function has been evaluated MAXFUN times.,False,True,129.1756288530305,209.0703125,SUCCESS,,4125a14ecf0cf9f70644007cd1634ecf6f1e07fa3cd07fca5698b5513f958820,2207,1.4726932394969965,0.0037307851849825,0.0018918249538936,2.6893101697904425,0.18391062211471843,0.0030826259070903,0.0015686945983366,0.2615643496979976
diag-run-a51b9e8f5a4fbc7550db,task-v2-b9b3757d64c0,g-a87f1b9ac089cc45,v2-S5-b000-g-a87f1b9ac089cc45,S5,D4,19,7.62939453125e-06,5.11750992628768,P3_CONTINUATION_B1,COBYLA,3301,120,1,False,"[5.530560640170587, 4.910928931805477, 0.0, 3.5357921849832588, -1.0149117847322668, 0.0]","[6.186887864440247, 5.541178697104269, 0.4021249875838579, 3.711865657836354, -0.9200932755439749, -0.20489914529188644]","[6.186887864440247, 5.541178697104269, 0.4021249875838579, 3.711865657836354, -0.9200932755439749, -0.20489914529188644]",1.5075165545486606,1.3283033902083514,1.3283033902083514,1.3283033902083514,0.1792131643403092,0.1792131643403092,0.0035961190546599,0.0045716456476987,0.0045716456476987,0.0018674160058223,0.0023759986078605,0.0023759986078605,0.519286480074262,0.5197250161014956,0.5197250161014956,2.673343987526288,2.77758248676571,2.77758248676571,0.9999999999999988,0.999999999999997,0.999999999999997,0.0468252267911957,1.0651470970112018,0.2163310664059541,1.281478163417156,1.3283033902083516,2.220446049250313e-16,0.0045716456476987,0.7811985753742019,0.0005909533968967,0.2136388255811995,0.9948374009554014,0.2142297789780962,0.9999999999999968,OBJECTIVE_AND_FEASIBILITY_IMPROVE,120,120,1,121,3,Return from COBYLA because the objective function has been evaluated MAXFUN times.,False,True,129.88830542284995,209.0703125,SUCCESS,,4125a14ecf0cf9f70644007cd1634ecf6f1e07fa3cd07fca5698b5513f958820,3301,1.4663588287799918,0.0030928941224263,0.0016335164696191,2.6078749795488547,0.13805543857164038,0.0014787515252724002,0.0007424821382414001,0.16970750721685546
diag-run-b3921aaf4907e37403d8,task-v2-420d9636beee,g-e0c69f84d376b633,v2-S5-b001-g-e0c69f84d376b633,S5,D1,19,1.9073486328125e-06,5.719569917615643,P3_CONTINUATION_B1,COBYLA,1103,120,1,False,"[4.612840705462802, 4.410757818983318, 0.0, 0.5539584149385368, -1.1370973824703121, 0.0]","[5.115729234231051, 5.302522268090343, 0.63630629706898, 0.7472997521196892, -1.0654119576346623, -0.1617125902749346]","[5.115729234231051, 5.302522268090343, 0.63630629706898, 0.7472997521196892, -1.0654119576346623, -0.1617125902749346]",1.6363143864257583,1.430296780991104,1.430296780991104,1.430296780991104,0.2060176054346545,0.2060176054346545,0.0008834380034333,0.0022351139992961,0.0022351139992961,0.0008834380034333,0.0022351139992961,0.0022351139992961,1.0,1.0,1.0,2.6657459952710743,3.068869596315217,3.068869596315217,1.0000000000000009,1.0000000000000022,1.0000000000000022,0.0474632381706438,1.081037634566824,0.3017959082536375,1.3828335428204617,1.4302967809911054,1.3322676295501878e-15,0.0022351139992961,0.6990763496068376,0.0030898410148232,0.2955986953790452,0.9946750449858826,0.2986885363938684,1.0000000000000022,OBJECTIVE_AND_FEASIBILITY_IMPROVE,120,120,1,121,3,Return from COBYLA because the objective function has been evaluated MAXFUN times.,False,True,129.3224922819063,209.75,SUCCESS,,4125a14ecf0cf9f70644007cd1634ecf6f1e07fa3cd07fca5698b5513f958820,1103,1.5729888954802085,0.0005028094008096,0.0005028094008096,2.4209733065213843,0.14269211448910446,0.0017323045984864998,0.0017323045984864998,0.6478962897938327
diag-run-f86fab816ae5ba52dffa,task-v2-420d9636beee,g-e0c69f84d376b633,v2-S5-b001-g-e0c69f84d376b633,S5,D1,19,1.9073486328125e-06,5.719569917615643,P3_CONTINUATION_B1,COBYLA,2207,120,1,False,"[5.392604447868736, 4.151854663178419, 0.0, 2.929015438523116, -0.6059251944186202, 0.0]","[5.210322791363064, 4.721160926743077, 0.8077399694295623, 2.820640958777088, -0.4065851938462035, -0.14844274082307754]","[5.210322791363064, 4.721160926743077, 0.8077399694295623, 2.820640958777088, -0.4065851938462035, -0.14844274082307754]",1.7947162104684629,1.6878999414455005,1.6878999414455005,1.6878999414455005,0.1068162690229623,0.1068162690229623,0.0016326294325412,0.0050181005162641,0.0050181005162641,0.0016326294325412,0.0050181005162641,0.0050181005162641,1.0,1.0,1.0,2.93245753917697,3.4201092739209846,3.4201092739209846,0.9999999999999988,1.0000000000000009,1.0000000000000009,0.0676241116411653,1.0765071250084564,0.5437687047958787,1.620275829804335,1.6878999414455005,0.0,0.0050181005162641,0.4610114317478753,0.0198332501192114,0.5141372176166497,0.975148649364525,0.5339704677358612,1.0000000000000004,OBJECTIVE_AND_FEASIBILITY_IMPROVE,120,120,1,121,3,Return from COBYLA because the objective function has been evaluated MAXFUN times.,False,True,130.49600634165108,209.75,SUCCESS,,4125a14ecf0cf9f70644007cd1634ecf6f1e07fa3cd07fca5698b5513f958820,2207,1.41318814452266,0.0002244189548216,0.0002244189548216,2.0706294530286184,-0.27471179692284053,0.0047936815614425,0.0047936815614425,1.3494798208923662
diag-run-78204bf7d3efeae878ba,task-v2-420d9636beee,g-e0c69f84d376b633,v2-S5-b001-g-e0c69f84d376b633,S5,D1,19,1.9073486328125e-06,5.719569917615643,P3_CONTINUATION_B1,COBYLA,3301,120,1,False,"[5.584981185237419, 3.1662429007720676, 0.0, 3.6278522782793137, -1.1577251018233496, 0.0]","[6.0408289155067445, 3.847556556712147, 0.21974181346280286, 3.781149647752285, -1.1106090043636867, -0.16456296783690982]","[6.0408289155067445, 3.847556556712147, 0.21974181346280286, 3.781149647752285, -1.1106090043636867, -0.16456296783690982]",1.7096684948536054,1.6035255453214772,1.6035255453214772,1.6035255453214772,0.1061429495321282,0.1061429495321282,0.0010539537281499,0.0017252700426642,0.0017252700426642,0.0010539537281499,0.0017252700426642,0.0017252700426642,1.0,1.0,1.0,2.7423914620308185,2.9564269989728693,2.9564269989728693,0.9999999999999982,0.9999999999999948,0.9999999999999948,0.0573804541947235,1.0901686719750765,0.4559764191516726,1.546145091126749,1.6035255453214723,-4.6629367034256575e-15,0.0017252700426642,0.5477701536075552,0.0049108900169829,0.4455936863327925,0.9933638399403476,0.4505045763497755,0.9999999999999948,OBJECTIVE_AND_FEASIBILITY_IMPROVE,120,120,1,121,3,Return from COBYLA because the objective function has been evaluated MAXFUN times.,False,True,129.61817823257297,209.75,SUCCESS,,4125a14ecf0cf9f70644007cd1634ecf6f1e07fa3cd07fca5698b5513f958820,3301,1.5317005181327583,0.0004468920777324,0.0004468920777324,2.369772573400242,-0.07182502718871886,0.0012783779649318,0.0012783779649318,0.5866544255726271
diag-run-afac594a238ba9310257,task-v2-e449b07a1126,g-e0c69f84d376b633,v2-S5-b001-g-e0c69f84d376b633,S5,D2,19,3.814697265625e-06,5.418539921951662,P3_CONTINUATION_B1,COBYLA,1103,120,1,False,"[4.690231578889802, 4.3110646063551235, 0.0, 0.5706562313838119, -1.1416019197896545, 0.0]","[5.172554734877988, 5.0393637484220815, 0.4146814184242169, 0.7129147474244272, -1.054999036707331, -0.16141755407809985]","[5.172554734877988, 5.0393637484220815, 0.4146814184242169, 0.7129147474244272, -1.054999036707331, -0.16141755407809985]",1.5647111707147203,1.4103711734454836,1.4103711734454836,1.4103711734454836,0.1543399972692369,0.1543399972692369,0.0015425371695886,0.0029748878603969,0.0029748878603969,0.0009785908186547,0.0018910039197715,0.0018910039197715,0.6344033958778066,0.6356555300606396,0.6356555300606396,2.606775559715444,2.8920105214183405,2.8920105214183405,1.0000000000000004,0.9999999999999968,0.9999999999999968,0.0503477360693722,1.0835126022821109,0.2765108350940121,1.3600234373761229,1.4103711734454951,1.176836406102666e-14,0.0029748878603969,0.7232962134773544,0.002410977395582,0.2713179212666632,0.9946141347440176,0.2737288986622452,0.9999999999999966,OBJECTIVE_AND_FEASIBILITY_IMPROVE,120,120,1,121,3,Return from COBYLA because the objective function has been evaluated MAXFUN times.,False,True,87.55350290518254,209.44140625,SUCCESS,,4125a14ecf0cf9f70644007cd1634ecf6f1e07fa3cd07fca5698b5513f958820,1103,1.4933201008390191,0.0008463859709642,0.0005900447303227,2.346108378174784,0.08294892739353554,0.0021285018894327,0.0013009591894488002,0.5459021432435565
diag-run-ac48fdc494c9ab79a08a,task-v2-e449b07a1126,g-e0c69f84d376b633,v2-S5-b001-g-e0c69f84d376b633,S5,D2,19,3.814697265625e-06,5.418539921951662,P3_CONTINUATION_B1,COBYLA,2207,120,1,False,"[5.288233206159967, 4.011541237048803, 0.0, 2.977292453010212, -0.6446038881925995, 0.0]","[5.282998596589448, 4.0045648771238165, 0.21689131900927294, 2.954494879312033, -0.4880659726423327, -0.135735223466058]","[5.282998596589448, 4.0045648771238165, 0.21689131900927294, 2.954494879312033, -0.4880659726423327, -0.135735223466058]",1.732716071401865,1.6978771628738838,1.6978771628738838,1.6978771628738838,0.0348389085279812,0.0348389085279812,0.0025727970993679,0.0042109885760535,0.0042109885760535,0.0015509166748923,0.0025533697225379,0.0025533697225379,0.6028134419435149,0.6063587389094551,0.6063587389094551,2.8289454593864725,3.0429239851806136,3.0429239851806136,0.9999999999999992,0.9999999999999978,0.9999999999999978,0.0717433010163863,1.0918346826818033,0.5342991791756981,1.6261338618575014,1.6978771628738878,3.9968028886505635e-15,0.0042109885760535,0.4706150114719033,0.0104063616665455,0.5147676382854955,0.9853826497573988,0.5251739999520411,0.999999999999998,OBJECTIVE_AND_FEASIBILITY_IMPROVE,120,120,1,121,3,Return from COBYLA because the objective function has been evaluated MAXFUN times.,False,True,79.99824337195605,209.44140625,SUCCESS,,4125a14ecf0cf9f70644007cd1634ecf6f1e07fa3cd07fca5698b5513f958820,2207,1.3601823746106014,0.0003071851690178,0.0002486431299872,1.905940165963521,-0.33769478826328236,0.0039038034070357,0.0023047265925507,1.1369838192170927
diag-run-44d36e5885931b6650b5,task-v2-e449b07a1126,g-e0c69f84d376b633,v2-S5-b001-g-e0c69f84d376b633,S5,D2,19,3.814697265625e-06,5.418539921951662,P3_CONTINUATION_B1,COBYLA,3301,120,1,False,"[5.446338094186081, 3.1887061554063987, 0.0, 3.6553261453233645, -1.1594341404395945, 0.0]","[5.865336697057876, 4.0758539366730115, 0.4299236676558952, 3.797808840271815, -1.069220604776729, -0.19313554887748613]","[5.865336697057876, 4.0758539366730115, 0.4299236676558952, 3.797808840271815, -1.069220604776729, -0.19313554887748613]",1.6394869840368211,1.4801584418923155,1.4801584418923155,1.4801584418923155,0.1593285421445056,0.1593285421445056,0.0019337433956376,0.0035999324112174,0.0035999324112174,0.0011868966326138,0.002190657822903,0.002190657822903,0.6137818674863492,0.6085274868152877,0.6085274868152877,2.7049387654047847,2.974834268910384,2.974834268910384,1.0000000000000016,1.000000000000004,1.000000000000004,0.0551206055964413,1.085943945675873,0.3390938906200035,1.4250378362958769,1.480158441892318,2.4424906541753444e-15,0.0035999324112174,0.6613638654612244,0.004352430625704,0.330683771501858,0.9920476369630826,0.3350362021275621,1.000000000000004,OBJECTIVE_AND_FEASIBILITY_IMPROVE,120,120,1,121,3,Return from COBYLA because the objective function has been evaluated MAXFUN times.,False,True,80.21178843919188,209.44140625,SUCCESS,,4125a14ecf0cf9f70644007cd1634ecf6f1e07fa3cd07fca5698b5513f958820,3301,1.4668953041696384,0.0006978247879466,0.0004864335438037,2.2622863142308884,-0.013263137722677065,0.0029021076232708,0.0017042242790993,0.7125479546794957
diag-run-d8cb64f1fb0bc0616879,task-v2-6e79cb6720c5,g-e0c69f84d376b633,v2-S5-b001-g-e0c69f84d376b633,S5,D3,19,5.7220458984375e-06,5.24244866289598,P3_CONTINUATION_B1,COBYLA,1103,120,1,False,"[4.041301902757362, 3.790747055344355, 0.0, 0.45082919067880844, -1.0641471062209131, 0.0]","[4.743585445638853, 4.469063240865178, 0.40553417515453044, 0.636738380020846, -0.9858731800291273, -0.1810887940443849]","[4.743585445638853, 4.469063240865178, 0.40553417515453044, 0.636738380020846, -0.9858731800291273, -0.1810887940443849]",1.6231563047088224,1.416946744726821,1.416946744726821,1.416946744726821,0.2062095599820015,0.2062095599820015,0.0023166171378229,0.0044358089489834,0.0044358089489834,0.0010357467817765,0.0021655719065741,0.0021655719065741,0.4470945003669802,0.4882022493485604,0.4882022493485604,2.6073029277304114,2.88942149564158,2.88942149564158,1.000000000000001,1.0000000000000018,1.0000000000000018,0.0554933018695864,1.0846606725772754,0.2767927702799506,1.361453442857226,1.4169467447268125,-8.437694987151191e-15,0.0044358089489834,0.7215419242187913,0.0029206215385483,0.2711016452936786,0.9926435695124698,0.2740222668322269,1.0000000000000018,OBJECTIVE_AND_FEASIBILITY_IMPROVE,120,120,1,121,3,Return from COBYLA because the objective function has been evaluated MAXFUN times.,False,True,88.05775975063443,209.54296875,SUCCESS,,4125a14ecf0cf9f70644007cd1634ecf6f1e07fa3cd07fca5698b5513f958820,1103,1.454780776859595,0.0011355330855833,0.0005586289483169,2.297648455504536,0.03783403213277414,0.0033002758634000998,0.0016069429582571998,0.5917730401370438
diag-run-624ae8424b561c649c7a,task-v2-6e79cb6720c5,g-e0c69f84d376b633,v2-S5-b001-g-e0c69f84d376b633,S5,D3,19,5.7220458984375e-06,5.24244866289598,P3_CONTINUATION_B1,COBYLA,2207,120,1,False,"[5.244550684509011, 4.05109256276494, 0.0, 3.0023703267231894, -0.6555387766306715, 0.0]","[5.24746658512982, 4.164201559775821, 0.20081076310456417, 2.998630612116231, -0.5700888498293823, -0.09538718770113383]","[5.24746658512982, 4.164201559775821, 0.20081076310456417, 2.998630612116231, -0.5700888498293823, -0.09538718770113383]",1.691179998887825,1.6690303563154387,1.6690303563154387,1.6690303563154387,0.0221496425723866,0.0221496425723866,0.0043495568421924,0.0054017637285978,0.0054017637285978,0.0016447727487882,0.0020176007541633,0.0020176007541633,0.3781472017639338,0.3735077755218833,0.3735077755218833,2.8808936736909327,2.974984247262363,2.974984247262363,1.000000000000001,0.9999999999999998,0.9999999999999998,0.0724455947838986,1.0965325699944777,0.5000521915370634,1.596584761531541,1.6690303563154396,8.881784197001252e-16,0.0054017637285978,0.5028979485343388,0.0072575267613664,0.4844427609756966,0.9873407095100356,0.491700287737063,0.9999999999999996,OBJECTIVE_AND_FEASIBILITY_IMPROVE,120,120,1,121,3,Return from COBYLA because the objective function has been evaluated MAXFUN times.,False,True,80.4993419451639,209.54296875,SUCCESS,,4125a14ecf0cf9f70644007cd1634ecf6f1e07fa3cd07fca5698b5513f958820,2207,1.33194909175055,0.0004097861744599,0.000316308261068,1.8550059647965391,-0.3370812645648886,0.0049919775541378995,0.0017012924930953,1.119978282465824
diag-run-d27b173d5be181edff5e,task-v2-6e79cb6720c5,g-e0c69f84d376b633,v2-S5-b001-g-e0c69f84d376b633,S5,D3,19,5.7220458984375e-06,5.24244866289598,P3_CONTINUATION_B1,COBYLA,3301,120,1,False,"[4.851866199560048, 3.4288866659457335, 0.0, 3.589289051834762, -1.1049385472890896, 0.0]","[5.410048398188887, 4.276808493369856, 0.704197739654969, 3.8455087044524072, -1.085108854571993, -0.16679763336872258]","[5.410048398188887, 4.276808493369856, 0.704197739654969, 3.8455087044524072, -1.085108854571993, -0.16679763336872258]",1.6020673986687362,1.382891630179395,1.382891630179395,1.382891630179395,0.2191757684893411,0.2191757684893411,0.0023315984168096,0.0070606076300206,0.0070606076300206,0.0010160432393623,0.0034478280640309,0.0034478280640309,0.4357711139436384,0.4883188876508749,0.4883188876508749,2.610102414651008,3.091290740578039,3.091290740578039,0.9999999999999982,0.9999999999999976,0.9999999999999976,0.0554821630521174,1.0791447166291528,0.248264750498126,1.327409467127279,1.3828916301793963,1.3322676295501878e-15,0.0070606076300206,0.7476392194258867,0.0040598614024865,0.2412403115416035,0.9888795309674904,0.2453001729440901,0.9999999999999976,OBJECTIVE_AND_FEASIBILITY_IMPROVE,120,120,1,121,3,Return from COBYLA because the objective function has been evaluated MAXFUN times.,False,True,80.73121580667794,209.54296875,SUCCESS,,4125a14ecf0cf9f70644007cd1634ecf6f1e07fa3cd07fca5698b5513f958820,3301,1.426386895866003,0.000919210442974,0.0005051907909514,2.2058636125407745,0.04349526568660811,0.0061413971870466,0.0029426372730795,0.8854271280372648
diag-run-4d44f634c27acec1923a,task-v2-526a936f38d9,g-e0c69f84d376b633,v2-S5-b001-g-e0c69f84d376b633,S5,D4,19,7.62939453125e-06,5.11750992628768,P3_CONTINUATION_B1,COBYLA,1103,120,1,False,"[4.546961637857658, 3.7207730821589418, 0.0, 0.4932665102013446, -1.1240530393861021, 0.0]","[5.17170470254167, 4.586512888520083, 0.4079819483795092, 0.6920132886196129, -1.0373564804978912, -0.16693827871461075]","[5.17170470254167, 4.586512888520083, 0.4079819483795092, 0.6920132886196129, -1.0373564804978912, -0.16693827871461075]",1.5713309703445288,1.3860756364316091,1.3860756364316091,1.3860756364316091,0.1852553339129197,0.1852553339129197,0.0028269043281469,0.0059138249316307,0.0059138249316307,0.0006836105127935,0.0013836497394781,0.0013836497394781,0.2418230097095916,0.2339686675670054,0.2339686675670054,2.5688210370549065,2.889378390144994,2.889378390144994,0.9999999999999978,1.000000000000001,1.000000000000001,0.054737955285677,1.082550886291594,0.2487867948543355,1.3313376811459297,1.3860756364316067,-2.4424906541753444e-15,0.0059138249316307,0.7478474733363085,0.0018612770613998,0.2443774246706621,0.9922248980069708,0.2462387017320619,1.000000000000001,OBJECTIVE_AND_FEASIBILITY_IMPROVE,120,120,1,121,3,Return from COBYLA because the objective function has been evaluated MAXFUN times.,False,True,127.16541846841574,208.9609375,SUCCESS,,4125a14ecf0cf9f70644007cd1634ecf6f1e07fa3cd07fca5698b5513f958820,1103,1.435300908985479,0.0016118171493694,0.0003280199666953,2.3248256985433304,0.04922527255386977,0.0043020077822613,0.0010556297727828002,0.5645526916016634
diag-run-646d19694f6f39c9b7b1,task-v2-526a936f38d9,g-e0c69f84d376b633,v2-S5-b001-g-e0c69f84d376b633,S5,D4,19,7.62939453125e-06,5.11750992628768,P3_CONTINUATION_B1,COBYLA,2207,120,1,False,"[5.366710245058421, 4.065930261554098, 0.0, 2.9894826686925104, -0.6403164127774875, 0.0]","[5.334736145502582, 4.068766638179264, 0.003020124885379036, 2.9933810891988317, -0.641201497510685, -0.0029225802745837157]","[5.334736145502582, 4.068766638179264, 0.003020124885379036, 2.9933810891988317, -0.641201497510685, -0.0029225802745837157]",1.6719383963790266,1.6718564133504767,1.6718564133504767,1.6718564133504767,8.198302854989237e-05,8.198302854989237e-05,0.0061762824514543,0.0061375244736049,0.0061375244736049,0.0016212749432969,0.0016101487202905,0.0016101487202905,0.2625001294937913,0.2623449775581597,0.2623449775581597,2.9082370750634,2.9055031631874013,2.9055031631874013,1.0000000000000009,1.0,1.0,0.0740152250968233,1.096569611946057,0.5012715763075959,1.597841188253653,1.6718564133504763,-4.440892098500626e-16,0.0061375244736049,0.5007592931884559,0.0055096932659264,0.4875934890720127,0.9883527822604686,0.4931031823379391,1.0,OBJECTIVE_IMPROVES_FEASIBILITY_WORSENS,120,120,1,121,3,Return from COBYLA because the objective function has been evaluated MAXFUN times.,False,True,117.1994348373264,208.9609375,SUCCESS,,4125a14ecf0cf9f70644007cd1634ecf6f1e07fa3cd07fca5698b5513f958820,2207,1.3084464335994177,0.0004046355947508,5.713643460999544e-05,1.7245740101696354,-0.36340997975105904,0.0057328888788541,0.0015530122856805045,1.180929153017766
diag-run-c6717531bd7c7fd94b4e,task-v2-526a936f38d9,g-e0c69f84d376b633,v2-S5-b001-g-e0c69f84d376b633,S5,D4,19,7.62939453125e-06,5.11750992628768,P3_CONTINUATION_B1,COBYLA,3301,120,1,False,"[4.472775870021817, 3.6533088265524114, 0.0, 3.561377339268325, -1.0801913238593404, 0.0]","[5.109896888165021, 4.367657392231764, 0.22246838428243892, 3.7886988474752927, -1.071235616329207, -0.11171993026586123]","[5.109896888165021, 4.367657392231764, 0.22246838428243892, 3.7886988474752927, -1.071235616329207, -0.11171993026586123]",1.5888321573676103,1.4408396835973083,1.4408396835973083,1.4408396835973083,0.1479924737703022,0.1479924737703022,0.0027866696039408,0.0047690877714028,0.0047690877714028,0.0006762318329877,0.0011763822267753,0.0011763822267753,0.2426666699315512,0.2466681854398647,0.2466681854398647,2.5625954067730428,2.7959452416519626,2.7959452416519626,0.9999999999999966,1.000000000000003,1.000000000000003,0.0577953546129181,1.086484699759026,0.2965596292253701,1.383044328984396,1.4408396835973143,5.995204332975845e-15,0.0047690877714028,0.7015851049766022,0.0019260220486179,0.2917197852033801,0.9933048901799826,0.2936458072519981,1.000000000000003,OBJECTIVE_AND_FEASIBILITY_IMPROVE,120,120,1,121,3,Return from COBYLA because the objective function has been evaluated MAXFUN times.,False,True,77.51301480922848,208.9609375,SUCCESS,,4125a14ecf0cf9f70644007cd1634ecf6f1e07fa3cd07fca5698b5513f958820,3301,1.4753860319220853,0.0021934095975304,0.0004974841880222,2.458629665734028,0.03454634832477699,0.0025756781738724,0.0006788980387531001,0.3373155759179345
diag-run-408800c644d160489091,task-v2-89b7591232ff,g-e0c69f84d376b633,v2-S5-b001-g-e0c69f84d376b633,S5,D5,19,1.1444091796875e-05,4.941418667231999,P3_CONTINUATION_B1,COBYLA,1103,120,1,False,"[4.124730436373567, 5.435781119745411, 0.0, 0.668255002243609, -1.1079747454416848, 0.0]","[4.620519304124852, 6.139486318097832, 0.468246082316408, 0.793528149129447, -1.0344795473137012, -0.15229734700377337]","[4.620519304124852, 6.139486318097832, 0.468246082316408, 0.793528149129447, -1.0344795473137012, -0.15229734700377337]",1.3848332393466691,1.2840792248895196,1.2840792248895196,1.2840792248895196,0.1007540144571494,0.1007540144571494,0.002497846144413,0.002927785548743,0.002927785548743,0.0003709432935997,0.0001238014935514,0.0001238014935514,0.1485052609943495,0.0422850278786907,0.0422850278786907,2.338984351594283,2.407957930052655,2.407957930052655,0.9999999999999988,1.000000000000001,1.000000000000001,0.0483864795750208,1.0837509214776455,0.151941823836858,1.2356927453145037,1.2840792248895243,4.884981308350689e-15,0.002927785548743,0.8463721260339139,0.0004349931911248,0.1502650952262197,0.9966372212601338,0.1507000884173446,1.0000000000000016,OBJECTIVE_AND_FEASIBILITY_IMPROVE,120,120,1,121,3,Return from COBYLA because the objective function has been evaluated MAXFUN times.,False,True,127.2065844181925,208.72265625,SUCCESS,,4125a14ecf0cf9f70644007cd1634ecf6f1e07fa3cd07fca5698b5513f958820,1103,1.394294509319547,0.0021381699134375,0.0004808275269184,2.271460881451925,0.11021528443002726,0.0007896156353054996,-0.000357026033367,0.13649704860072998
diag-run-2816bcb27f62bb17db76,task-v2-89b7591232ff,g-e0c69f84d376b633,v2-S5-b001-g-e0c69f84d376b633,S5,D5,19,1.1444091796875e-05,4.941418667231999,P3_CONTINUATION_B1,COBYLA,2207,120,1,False,"[5.009460986657945, 4.066039434095129, 0.0, 3.079019659119416, -0.7038382503700975, 0.0]","[4.80117647084238, 3.902681515426353, 0.571391835168891, 3.041324252837201, -0.5148430658373112, -0.1680180501266771]","[4.80117647084238, 3.902681515426353, 0.571391835168891, 3.041324252837201, -0.5148430658373112, -0.1680180501266771]",1.6239837047452403,1.5463659465852284,1.5463659465852284,1.5463659465852284,0.0776177581600119,0.0776177581600119,0.0096636577832017,0.0208761892290834,0.0208761892290834,0.0025302365963082,0.0045490398947382,0.0045490398947382,0.2618301116484638,0.2179056649094185,0.2179056649094185,2.9265602092149066,3.261069892030401,3.261069892030401,0.9999999999999996,0.9999999999999972,0.9999999999999972,0.0733636947632303,1.0790466460406838,0.3939556057813133,1.4730022518219972,1.5463659465852273,-1.1102230246251563e-15,0.0208761892290834,0.5919446991439292,0.0046017683230941,0.3825773433038903,0.9745220424478196,0.3871791116269845,0.9999999999999972,OBJECTIVE_AND_FEASIBILITY_IMPROVE,120,120,1,121,3,Return from COBYLA because the objective function has been evaluated MAXFUN times.,False,True,117.15753567870706,208.72265625,SUCCESS,,4125a14ecf0cf9f70644007cd1634ecf6f1e07fa3cd07fca5698b5513f958820,2207,1.2824229690469875,0.0005752198139565,9.139490803235832e-05,1.7012525045229698,-0.2639429775382409,0.0203009694151269,0.004457644986705841,1.5598173875074313
diag-run-fd25c0e40fad3038f17c,task-v2-89b7591232ff,g-e0c69f84d376b633,v2-S5-b001-g-e0c69f84d376b633,S5,D5,19,1.1444091796875e-05,4.941418667231999,P3_CONTINUATION_B1,COBYLA,3301,120,1,False,"[4.83487535714174, 3.7821311499166557, 0.0, 3.6419797141764945, -1.1515617871867156, 0.0]","[5.322973516169642, 4.561457389508705, 0.2756949107865034, 3.825621804424841, -1.0623741692956752, -0.160352595937826]","[5.322973516169642, 4.561457389508705, 0.2756949107865034, 3.825621804424841, -1.0623741692956752, -0.160352595937826]",1.5085125792595853,1.3690910820253692,1.3690910820253692,1.3690910820253692,0.139421497234216,0.139421497234216,0.0036489108332068,0.0066998355512596,0.0066998355512596,0.0007591786143564,0.0010753360072007,0.0010753360072007,0.2080562252844231,0.1605018509743248,0.1605018509743248,2.5035819180673613,2.7674828102228286,2.7674828102228286,1.000000000000002,1.0000000000000009,1.0000000000000009,0.0566804206401331,1.0855153284430126,0.2268953329422157,1.3124106613852284,1.3690910820253617,-7.549516567451064e-15,0.0066998355512596,0.7686615167714614,0.0004297342284241,0.2242089134488559,0.9928704302203172,0.22463864767728,1.000000000000001,OBJECTIVE_AND_FEASIBILITY_IMPROVE,120,120,1,121,3,Return from COBYLA because the objective function has been evaluated MAXFUN times.,False,True,77.85756914876401,208.72265625,SUCCESS,,4125a14ecf0cf9f70644007cd1634ecf6f1e07fa3cd07fca5698b5513f958820,3301,1.36671462119747,0.0014767160332308,0.0003283801807367,2.1107156574270736,-0.0023764608278993293,0.0052231195180288004,0.000746955826464,0.656767152795755
diag-run-36fa369d6bbf2acfb2a7,task-v2-780e1209d403,g-e0c69f84d376b633,v2-S5-b001-g-e0c69f84d376b633,S5,D7,19,2.288818359375e-05,4.640388671568018,P3_CONTINUATION_B1,COBYLA,1103,120,1,False,"[2.826317875976803, 4.41880551242167, 0.0, 2.294388402124577, 0.08409954002166752, 0.0]","[3.522898663861295, 4.366124012796269, -0.02327235754099701, 2.2867729903710523, 0.0710275832331375, 0.006760147034067737]","[3.522898663861295, 4.366124012796269, -0.02327235754099701, 2.2867729903710523, 0.0710275832331375, 0.006760147034067737]",1.9847857722433064,1.908388393600132,1.908388393600132,1.908388393600132,0.0763973786431742,0.0763973786431742,0.0027088792235656,0.003861511277877,0.003861511277877,0.0003366410483675,0.0005232138006845,0.0005232138006845,0.1242731848060869,0.1354945675497824,0.1354945675497824,2.073178313844356,2.227145979138786,2.227145979138786,1.000000000000001,0.9999999999999978,0.9999999999999978,0.2002043386737174,1.2412046985471807,0.4669793563792349,1.7081840549264156,1.908388393600133,8.881784197001252e-16,0.003861511277877,0.5676360202297075,0.0,0.4285024684924132,0.9961384887221209,0.4285024684924132,0.9999999999999978,OBJECTIVE_AND_FEASIBILITY_IMPROVE,120,120,1,121,3,Return from COBYLA because the objective function has been evaluated MAXFUN times.,False,True,122.86549358814956,209.11328125,SUCCESS,,4125a14ecf0cf9f70644007cd1634ecf6f1e07fa3cd07fca5698b5513f958820,1103,1.2818126348389425,0.002072649235995,0.0005112825307578,1.956914482218926,-0.6265757587611895,0.0017888620418819996,1.1931269926699988e-05,0.27023149691986026
diag-run-516ae8866c9bd57a4714,task-v2-780e1209d403,g-e0c69f84d376b633,v2-S5-b001-g-e0c69f84d376b633,S5,D7,19,2.288818359375e-05,4.640388671568018,P3_CONTINUATION_B1,COBYLA,2207,120,1,False,"[5.145699043434732, 3.9675356700938718, 0.0, 2.414351374012279, 0.0903440502029396, 0.0]","[6.048287168339986, 4.482449204235787, 0.13647606355504205, 2.4534382144680476, 0.19061958476675628, -0.09937737769907622]","[6.048287168339986, 4.482449204235787, 0.13647606355504205, 2.4534382144680476, 0.19061958476675628, -0.09937737769907622]",1.6284727185750805,1.3982465400800916,1.3982465400800916,1.3982465400800916,0.2302261784949888,0.2302261784949888,0.0101886776700694,0.0184221950457609,0.0184221950457609,0.0014860613500854,0.0025597972512018,0.0025597972512018,0.1458541920951087,0.1389518048659929,0.1389518048659929,2.6485064946464,2.905730047671278,2.905730047671278,0.9999999999999992,1.0000000000000018,1.0000000000000018,0.1365416462029575,1.1178358255937588,0.1438690682833726,1.2617048938771314,1.3982465400800888,-2.886579864025407e-15,0.0184221950457609,0.8418298977428091,0.0,0.1397479072114317,0.9815778049542409,0.1397479072114317,1.0000000000000018,OBJECTIVE_AND_FEASIBILITY_IMPROVE,120,120,1,121,3,Return from COBYLA because the objective function has been evaluated MAXFUN times.,False,True,119.02101413160564,209.11328125,SUCCESS,,4125a14ecf0cf9f70644007cd1634ecf6f1e07fa3cd07fca5698b5513f958820,2207,1.164529503018576,0.0018040101713187,0.0005407019403769,1.8966276534076127,-0.2337170370615156,0.0166181848744422,0.0020190953108249,1.0091023942636654
diag-run-ca9f53568dcfe7d60488,task-v2-780e1209d403,g-e0c69f84d376b633,v2-S5-b001-g-e0c69f84d376b633,S5,D7,19,2.288818359375e-05,4.640388671568018,P3_CONTINUATION_B1,COBYLA,3301,120,1,False,"[4.867747314408956, 3.826453622199428, 0.0, 2.4091042666643605, 0.10477381204094019, 0.0]","[6.067411068326576, 4.370434947553698, 0.062143705034381415, 2.44285409901882, 0.049327884390350525, 0.03862500201939705]","[6.067411068326576, 4.370434947553698, 0.062143705034381415, 2.44285409901882, 0.049327884390350525, 0.03862500201939705]",1.705040256324339,1.4068932246447812,1.4068932246447812,1.4068932246447812,0.2981470316795578,0.2981470316795578,0.009763565124409,0.0165039872369522,0.0165039872369522,0.0014300319211268,0.0023635978277763,0.0023635978277763,0.1464661630157782,0.1432137454932286,0.1432137454932286,2.629997098983032,2.857977550679783,2.857977550679783,1.0,0.9999999999999984,0.9999999999999984,0.1354641091586469,1.1211492523070703,0.1502798631790604,1.2714291154861308,1.4068932246447776,-3.552713678800501e-15,0.0165039872369522,0.8373851620193963,0.0,0.1461108507436497,0.983496012763046,0.1461108507436497,0.9999999999999982,OBJECTIVE_AND_FEASIBILITY_IMPROVE,120,120,1,121,3,Return from COBYLA because the objective function has been evaluated MAXFUN times.,False,True,77.82983230333775,209.11328125,SUCCESS,,4125a14ecf0cf9f70644007cd1634ecf6f1e07fa3cd07fca5698b5513f958820,3301,1.3879970569560551,0.0121271680899876,0.0026130405603029,2.7241480687676307,-0.01889616768872604,0.004376819146964599,-0.00024944273252660003,0.13382948191215238
diag-run-a3aab5fdea67586be165,task-v2-5f165c277bb9,g-e0c69f84d376b633,v2-S5-b001-g-e0c69f84d376b633,S5,D6,19,1.52587890625e-05,4.816479930623699,P3_CONTINUATION_B1,COBYLA,1103,120,1,False,"[5.4492782392475805, 4.471370721884905, 0.0, 2.3390483602077117, 0.09279248029164885, 0.0]","[6.17536486151791, 4.39211576848674, -0.04075661111084732, 2.3663857561185297, 0.06606773812951437, 0.044941225674076594]","[6.17536486151791, 4.39211576848674, -0.04075661111084732, 2.3663857561185297, 0.06606773812951437, 0.044941225674076594]",1.6703762751625049,1.5277854617909108,1.5277854617909108,1.5277854617909108,0.142590813371594,0.142590813371594,0.0109438168998166,0.0174341379802081,0.0174341379802081,0.0018199616818262,0.003021827661635,0.003021827661635,0.1663004506094024,0.1733281946641452,0.1733281946641452,2.8556487489119755,3.057880409453905,3.057880409453905,0.9999999999999972,1.0000000000000004,1.0000000000000004,0.1136756505815528,1.1136865285506,0.300423282658761,1.4141098112093613,1.527785461790914,3.3306690738754696e-15,0.0174341379802081,0.6916357746138169,0.0026945787447906,0.2882355086611848,0.9798712832750016,0.2909300874059754,1.0000000000000004,OBJECTIVE_AND_FEASIBILITY_IMPROVE,120,120,1,121,3,Return from COBYLA because the objective function has been evaluated MAXFUN times.,False,True,122.97256250400096,209.75,SUCCESS,,4125a14ecf0cf9f70644007cd1634ecf6f1e07fa3cd07fca5698b5513f958820,1103,1.2421751865209072,0.0011097381122566,0.0002531945655471,1.86170043209405,-0.2856102752700036,0.016324399867951502,0.0027686330960879,1.196179977359855
diag-run-1ee9ee51d21795397ca3,task-v2-5f165c277bb9,g-e0c69f84d376b633,v2-S5-b001-g-e0c69f84d376b633,S5,D6,19,1.52587890625e-05,4.816479930623699,P3_CONTINUATION_B1,COBYLA,2207,120,1,False,"[5.281851450170591, 3.916807107803078, 0.0, 2.359946114923027, 0.11712446658849246, 0.0]","[5.99329159289332, 4.376601666048969, 0.06815272542893648, 2.367904528030108, 0.14858175496275425, -0.04426974024811175]","[5.99329159289332, 4.376601666048969, 0.06815272542893648, 2.367904528030108, 0.14858175496275425, -0.04426974024811175]",1.708990620847093,1.5553004599196876,1.5553004599196876,1.5553004599196876,0.1536901609274055,0.1536901609274055,0.0113939559528611,0.0161254253680066,0.0161254253680066,0.0017701415866263,0.0027641563908994,0.0027641563908994,0.1553579453834731,0.1714160295196663,0.1714160295196663,2.873154466837364,3.023991110212648,3.023991110212648,1.0000000000000009,1.000000000000003,1.000000000000003,0.1168162297235993,1.1179676222137431,0.3205166079823391,1.4384842301960823,1.5553004599196816,-5.9952043329758445e-15,0.0161254253680066,0.6736982785828686,0.0025863918283584,0.3075899042207696,0.9812881828036382,0.310176296049128,1.000000000000003,OBJECTIVE_AND_FEASIBILITY_IMPROVE,120,120,1,121,3,Return from COBYLA because the objective function has been evaluated MAXFUN times.,False,True,119.10965129174292,209.75,SUCCESS,,4125a14ecf0cf9f70644007cd1634ecf6f1e07fa3cd07fca5698b5513f958820,2207,1.2127354854409509,0.0004637948313658,0.0001160709336585,1.482805835077035,-0.3425649744787367,0.0156616305366408,0.0026480854572408998,1.541185275135613
diag-run-fde576034dc4442d2aca,task-v2-5f165c277bb9,g-e0c69f84d376b633,v2-S5-b001-g-e0c69f84d376b633,S5,D6,19,1.52587890625e-05,4.816479930623699,P3_CONTINUATION_B1,COBYLA,3301,120,1,False,"[4.476824248759472, 3.5317757914776675, 0.0, 3.1776539669668233, -0.7687144975486355, 0.0]","[4.986497397398519, 3.496248458730934, 0.07037111207738996, 3.1650040056311526, -0.716227791281953, -0.04468266106271795]","[4.986497397398519, 3.496248458730934, 0.07037111207738996, 3.1650040056311526, -0.716227791281953, -0.04468266106271795]",1.4855773001892705,1.4748023209062435,1.4748023209062435,1.4748023209062435,0.0107749792830267,0.0107749792830267,0.0090981600918224,0.0100777668321826,0.0100777668321826,0.002091314957879,0.0024098836647729,0.0024098836647729,0.2298613056675851,0.2391287380332244,0.2391287380332244,2.7754335050590946,2.819844236551775,2.819844236551775,0.9999999999999996,1.0000000000000024,1.0000000000000024,0.0795889944861571,1.0998465595033171,0.2953667669167665,1.395213326420084,1.474802320906241,-2.664535259100376e-15,0.0100777668321826,0.7000611628402073,0.0016801609937761,0.2881809093338365,0.9882420721740438,0.2898610703276127,1.0000000000000029,OBJECTIVE_AND_FEASIBILITY_IMPROVE,120,120,1,121,3,Return from COBYLA because the objective function has been evaluated MAXFUN times.,False,True,78.5652565965429,209.75,SUCCESS,,4125a14ecf0cf9f70644007cd1634ecf6f1e07fa3cd07fca5698b5513f958820,3301,1.2624998163689338,0.0015286186201811,0.0003615112317111,2.0007790760680377,-0.2123025045373097,0.008549148212001501,0.0020483724330618,0.8190651604837371
