run_id,evidence_identity,task_id,base_graph_id,base_instance_id,size_stratum,stress_level,n_edges,dilution_score,feasible_state_fraction,objective_id,objective_name,objective_definition,objective_role,objective_start,objective_final,objective_improvement,mean_energy,expected_routing_component,expected_flow_penalty,expected_resource_penalty,expected_total_penalty,p_feas,p_opt,p_opt_given_feasible,feasibility_amplification,log_feasibility_gain,expected_route_cost_given_feasible,cvar_alpha,cvar_value,cvar_cutoff_energy,cvar_tail_fully_feasible,cvar_tail_feasible_mass,cvar_fractional_cutoff_mass,penalty_bound_lower_margin,penalty_bound_upper_margin,penalty_bound_pass,state_norm,depth,optimizer,eval_budget,source_p2_seed,source_p2_objective_final,initialization_rule,initial_parameters,terminal_parameters,best_evaluated_parameters,nfev,tracked_optimizer_evaluations,total_objective_evaluations,runtime_s,terminal_objective,best_evaluated_objective,optimizer_status,optimizer_message,scipy_success,numerically_valid,execution_status,failure_reason,historical_reuse,historical_source_path,historical_source_run_id,config_sha256,source_results_sha256,ansatz_cost_phase_hamiltonian,raw_statevector_persisted,peak_memory_mb
objective-run-113bdcd2c5c9cbcb86b9,PHASE1_2_OBJECTIVE_ALIGNMENT_AND_FEASIBILITY_CAPACITY_DIAGNOSTIC,task-v2-e442db508705,g-548c8c6335dd2a2e,v2-S1-b000-g-548c8c6335dd2a2e,S1,D1,7,2.1072099696478683,0.0078125,O0,MEAN_ENERGY,E_theta[H_C],HISTORICAL_MEAN_ENERGY_BASELINE,1.5859170053675018,1.564602864759968,0.0213141406075336,1.564602864759968,0.0658986948844682,1.0062696697227642,0.4924345001527356,1.4987041698755,0.0997230459935713,0.0997230459935713,1.0,12.764549887177132,1.1060055050030368,4.0,0.1,0.0262222175606769,1.0943374875644152,False,0.0997230459935713,0.0002769540064286,0.5984272158690711,2.102403646150215,True,1.0,3,COBYLA,240,3301,1.5859170053675018,minimum_frozen_p2_objective_final_then_append_zero_gamma3_beta3,"[2.7723638353221602, 3.568660695598161, 0.0, 3.0688492111878953, -0.4992284504091515, 0.0]","[2.660851691179496, 3.4913362719296943, 0.5237116484485305, 3.0571436018557976, -0.40379786288929637, -0.12345250117005166]","[2.660851691179496, 3.4913362719296943, 0.5237116484485305, 3.0571436018557976, -0.40379786288929637, -0.12345250117005166]",240,240,241,0.6208354234695435,1.564602864759968,1.564602864759968,3,Return from COBYLA because the objective function has been evaluated MAXFUN times.,False,True,SUCCESS,,True,results/phase1_1_optimization_diagnostic/p3_budget_scaling.csv,diag-run-caef85823bd3ba1436e2,5ed3034be5800fc501893bfcd05423aa5bc6cd01c88acc190d885cfd8bf202e8,bc0c3beeae21d5c1ff6d7feb5d6398a497f53f2e11df68b8435eae8d14e546bb,normalized_mean_energy_H_C,False,
objective-run-d8208e362f8bb90f4f5f,PHASE1_2_OBJECTIVE_ALIGNMENT_AND_FEASIBILITY_CAPACITY_DIAGNOSTIC,task-v2-e442db508705,g-548c8c6335dd2a2e,v2-S1-b000-g-548c8c6335dd2a2e,S1,D1,7,2.1072099696478683,0.0078125,O1,EXPECTED_PENALTY,E_theta[P_flow + P_resource],FEASIBILITY_ALIGNED_MECHANISTIC_OBJECTIVE_CONTROL,1.5198130451380818,1.5006538596756531,0.0191591854624286,1.567346717073283,0.06669285739763,0.9955137553072652,0.505140104368388,1.5006538596756531,0.0998113019968593,0.0998113019968593,1.0,12.775846655597991,1.10638969046392,4.0,0.1,0.0252769236835978,1.0943374875644152,False,0.0998113019968593,0.0001886980031406,0.600465161672513,2.100100932336909,True,1.0,3,COBYLA,240,3301,1.5859170053675018,minimum_frozen_p2_objective_final_then_append_zero_gamma3_beta3,"[2.7723638353221602, 3.568660695598161, 0.0, 3.0688492111878953, -0.4992284504091515, 0.0]","[2.654569243524453, 3.5748991759679267, -0.3581762257039463, 3.043597997581926, -0.6453012184804816, 0.1775564747118912]","[2.654569243524453, 3.5748991759679267, -0.3581762257039463, 3.043597997581926, -0.6453012184804816, 0.1775564747118912]",240,240,241,1.1252701878547668,1.5006538596756531,1.5006538596756531,3,Return from COBYLA because the objective function has been evaluated MAXFUN times.,False,True,SUCCESS,,False,,,5ed3034be5800fc501893bfcd05423aa5bc6cd01c88acc190d885cfd8bf202e8,,normalized_mean_energy_H_C,False,123.66796875
objective-run-a272fbab81febace160d,PHASE1_2_OBJECTIVE_ALIGNMENT_AND_FEASIBILITY_CAPACITY_DIAGNOSTIC,task-v2-e442db508705,g-548c8c6335dd2a2e,v2-S1-b000-g-548c8c6335dd2a2e,S1,D1,7,2.1072099696478683,0.0078125,O2,EXACT_FEASIBILITY_CONTROL,1 - P_feas(theta),STATEVECTOR_MECHANISTIC_CONTROL,0.9044683435422316,0.8674183906846398,0.0370499528575917,1.7184276176903412,0.075424980031838,1.0142027259826194,0.6287999116758837,1.643002637658503,0.1325816093153602,0.1325816093153602,1.0,16.97044599236611,1.2296932559581228,4.0,0.1,0.0232558139534883,0.0232558139534883,True,0.1,0.1,0.7755842469738627,1.8266709250800568,True,1.0000000000000004,3,COBYLA,240,3301,1.5859170053675018,minimum_frozen_p2_objective_final_then_append_zero_gamma3_beta3,"[2.7723638353221602, 3.568660695598161, 0.0, 3.0688492111878953, -0.4992284504091515, 0.0]","[3.2409449111453132, 3.073241756505673, -0.6850410690170831, 2.888572901222339, -0.4442441287599981, 0.17022686810763554]","[3.2409449111453132, 3.073241756505673, -0.6850410690170831, 2.888572901222339, -0.4442441287599981, 0.17022686810763554]",240,240,241,1.1662461729720237,0.8674183906846398,0.8674183906846398,3,Return from COBYLA because the objective function has been evaluated MAXFUN times.,False,True,SUCCESS,,False,,,5ed3034be5800fc501893bfcd05423aa5bc6cd01c88acc190d885cfd8bf202e8,,normalized_mean_energy_H_C,False,123.3125
objective-run-9eb5aefb53de2735269e,PHASE1_2_OBJECTIVE_ALIGNMENT_AND_FEASIBILITY_CAPACITY_DIAGNOSTIC,task-v2-e442db508705,g-548c8c6335dd2a2e,v2-S1-b000-g-548c8c6335dd2a2e,S1,D1,7,2.1072099696478683,0.0078125,O3,CVAR_ENERGY,exact_weighted_lowest_energy_CVaR_alpha_0.10,EXACT_DISTRIBUTIONAL_ENERGY_CONTROL,0.0711154227483071,0.0232558139534883,0.0478596087948187,1.6368082375047612,0.0697852276987829,0.992992648274521,0.5740303615314573,1.5670230098059783,0.1005090369008199,0.1005090369008199,1.0,12.865156723304956,1.109415081152813,4.0,0.1,0.0232558139534883,0.0232558139534883,True,0.1,0.1,0.6675320467068011,2.0309408425907387,True,0.9999999999999982,3,COBYLA,240,3301,1.5859170053675018,minimum_frozen_p2_objective_final_then_append_zero_gamma3_beta3,"[2.7723638353221602, 3.568660695598161, 0.0, 3.0688492111878953, -0.4992284504091515, 0.0]","[2.769060588290222, 3.5302182472932775, 0.5304331182335383, 3.024125073356583, -0.4225954335488902, 0.022748356453668118]","[2.769060588290222, 3.5302182472932775, 0.5304331182335383, 3.024125073356583, -0.4225954335488902, 0.022748356453668118]",38,38,39,0.2198285860940814,0.0232558139534883,0.0232558139534883,0,Return from COBYLA because the trust region radius reaches its lower bound.,True,True,SUCCESS,,False,,,5ed3034be5800fc501893bfcd05423aa5bc6cd01c88acc190d885cfd8bf202e8,,normalized_mean_energy_H_C,False,123.15625
objective-run-e603f25baa3db5bb6b85,PHASE1_2_OBJECTIVE_ALIGNMENT_AND_FEASIBILITY_CAPACITY_DIAGNOSTIC,task-v2-d7382a83ef13,g-548c8c6335dd2a2e,v2-S1-b000-g-548c8c6335dd2a2e,S1,D2,7,1.806179973983887,0.015625,O0,MEAN_ENERGY,E_theta[H_C],HISTORICAL_MEAN_ENERGY_BASELINE,1.4805575381283131,1.3511155951615004,0.1294419429668127,1.3511155951615006,0.0563572713213468,0.972361326715482,0.3223969971246715,1.2947583238401537,0.2052811670564627,0.1182081460887929,0.5758353178900221,13.137994691613615,1.118529082055763,9.938305549539692,0.1,0.0232558139534883,0.0232558139534883,True,0.1,0.1,0.5000394908966157,1.884117007933996,True,1.0000000000000004,3,COBYLA,240,2207,1.4805575381283131,minimum_frozen_p2_objective_final_then_append_zero_gamma3_beta3,"[4.8842099188213615, 6.738175990251219, 0.0, 2.4882356625947186, -0.32227751464685306, 0.0]","[5.863041846165946, 6.769714497826122, -0.34948122400143655, 2.5101701878653713, -0.49746904074694986, 0.2541214451313107]","[5.863041846165946, 6.769714497826122, -0.34948122400143655, 2.5101701878653713, -0.49746904074694986, 0.2541214451313107]",240,240,241,0.6004927596077323,1.3511155951615004,1.3511155951615004,3,Return from COBYLA because the objective function has been evaluated MAXFUN times.,False,True,SUCCESS,,True,results/phase1_1_optimization_diagnostic/p3_budget_scaling.csv,diag-run-dbbdfb52cdffc2535dbb,5ed3034be5800fc501893bfcd05423aa5bc6cd01c88acc190d885cfd8bf202e8,bc0c3beeae21d5c1ff6d7feb5d6398a497f53f2e11df68b8435eae8d14e546bb,normalized_mean_energy_H_C,False,
objective-run-5c182c6d4821770e3beb,PHASE1_2_OBJECTIVE_ALIGNMENT_AND_FEASIBILITY_CAPACITY_DIAGNOSTIC,task-v2-d7382a83ef13,g-548c8c6335dd2a2e,v2-S1-b000-g-548c8c6335dd2a2e,S1,D2,7,1.806179973983887,0.015625,O1,EXPECTED_PENALTY,E_theta[P_flow + P_resource],FEASIBILITY_ALIGNED_MECHANISTIC_OBJECTIVE_CONTROL,1.4173948901185955,1.2946808376587784,0.1227140524598171,1.3517703702425174,0.057089532583739,0.962310866637906,0.3323699710208723,1.2946808376587784,0.2093414506181197,0.1192740380811751,0.5697583432664493,13.397852839559665,1.1270352032417523,10.02338319426971,0.1,0.0232558139534883,0.0232558139534883,True,0.1,0.1,0.5040222882769012,1.8679533598687383,True,0.999999999999998,3,COBYLA,240,2207,1.4805575381283131,minimum_frozen_p2_objective_final_then_append_zero_gamma3_beta3,"[4.8842099188213615, 6.738175990251219, 0.0, 2.4882356625947186, -0.32227751464685306, 0.0]","[5.95504136967061, 6.813967866381134, -0.30648804951535746, 2.5235984007446346, -0.4762298199026301, 0.2393199846805939]","[5.95504136967061, 6.813967866381134, -0.30648804951535746, 2.5235984007446346, -0.4762298199026301, 0.2393199846805939]",240,240,241,0.7473506294190884,1.2946808376587784,1.2946808376587784,3,Return from COBYLA because the objective function has been evaluated MAXFUN times.,False,True,SUCCESS,,False,,,5ed3034be5800fc501893bfcd05423aa5bc6cd01c88acc190d885cfd8bf202e8,,normalized_mean_energy_H_C,False,230.4375
objective-run-f928b883564756fcd4e4,PHASE1_2_OBJECTIVE_ALIGNMENT_AND_FEASIBILITY_CAPACITY_DIAGNOSTIC,task-v2-d7382a83ef13,g-548c8c6335dd2a2e,v2-S1-b000-g-548c8c6335dd2a2e,S1,D2,7,1.806179973983887,0.015625,O2,EXACT_FEASIBILITY_CONTROL,1 - P_feas(theta),STATEVECTOR_MECHANISTIC_CONTROL,0.849156045476535,0.8096701509657277,0.0394858945108073,1.4004370252916023,0.062382988830813,0.9904508122758476,0.3476032241849417,1.3380540364607891,0.1903298490342723,0.1108139775452902,0.582220697949149,12.18111033819343,1.0856868771123165,9.848910228711912,0.1,0.0232558139534883,0.0232558139534883,True,0.1,0.1,0.528383885495062,1.9006265674021208,True,0.9999999999999998,3,COBYLA,240,2207,1.4805575381283131,minimum_frozen_p2_objective_final_then_append_zero_gamma3_beta3,"[4.8842099188213615, 6.738175990251219, 0.0, 2.4882356625947186, -0.32227751464685306, 0.0]","[5.093172365977921, 6.466171144889405, -0.5773256269705275, 2.490652688573617, -0.4764031543536911, 0.2458444454240871]","[5.093172365977921, 6.466171144889405, -0.5773256269705275, 2.490652688573617, -0.4764031543536911, 0.2458444454240871]",240,240,241,0.7561656180769205,0.8096701509657277,0.8096701509657277,3,Return from COBYLA because the objective function has been evaluated MAXFUN times.,False,True,SUCCESS,,False,,,5ed3034be5800fc501893bfcd05423aa5bc6cd01c88acc190d885cfd8bf202e8,,normalized_mean_energy_H_C,False,230.40234375
objective-run-551af2c864e43ba7b576,PHASE1_2_OBJECTIVE_ALIGNMENT_AND_FEASIBILITY_CAPACITY_DIAGNOSTIC,task-v2-d7382a83ef13,g-548c8c6335dd2a2e,v2-S1-b000-g-548c8c6335dd2a2e,S1,D2,7,1.806179973983887,0.015625,O3,CVAR_ENERGY,exact_weighted_lowest_energy_CVaR_alpha_0.10,EXACT_DISTRIBUTIONAL_ENERGY_CONTROL,0.0284891626274306,0.0232558139534883,0.0052333486739422,1.4901435059296144,0.0659871519747305,1.0317757193749602,0.3923806345799237,1.4241563539548838,0.1525829334476858,0.1005240038359168,0.6588155147140503,9.765307740651895,0.9896859340510162,8.776582794003295,0.1,0.0232558139534883,0.0232558139534883,True,0.1,0.1,0.576739287402569,1.9655119122543736,True,1.0000000000000004,3,COBYLA,240,2207,1.4805575381283131,minimum_frozen_p2_objective_final_then_append_zero_gamma3_beta3,"[4.8842099188213615, 6.738175990251219, 0.0, 2.4882356625947186, -0.32227751464685306, 0.0]","[4.836743105923118, 6.623246839052828, -0.020419164537160882, 2.5187731025304503, -0.333204056808858, 0.061159639788524685]","[4.836743105923118, 6.623246839052828, -0.020419164537160882, 2.5187731025304503, -0.333204056808858, 0.061159639788524685]",39,39,40,0.1360636204481125,0.0232558139534883,0.0232558139534883,0,Return from COBYLA because the trust region radius reaches its lower bound.,True,True,SUCCESS,,False,,,5ed3034be5800fc501893bfcd05423aa5bc6cd01c88acc190d885cfd8bf202e8,,normalized_mean_energy_H_C,False,230.63671875
objective-run-d2817bd597a1ac455436,PHASE1_2_OBJECTIVE_ALIGNMENT_AND_FEASIBILITY_CAPACITY_DIAGNOSTIC,task-v2-ce7fc44fc7b5,g-548c8c6335dd2a2e,v2-S1-b000-g-548c8c6335dd2a2e,S1,D3,7,1.630088714928206,0.0234375,O0,MEAN_ENERGY,E_theta[H_C],HISTORICAL_MEAN_ENERGY_BASELINE,1.261482475324296,1.2599712440211557,0.0015112313031404,1.2599712440211557,0.0759398744295814,0.9203609606896124,0.2636704089019616,1.184031369591574,0.2976010907628769,0.1162579880527167,0.3906504097639511,12.697646539216082,1.1037232335743266,11.28247118105827,0.1,0.0232558139534883,0.0232558139534883,True,0.1,0.1,0.4816324603544519,1.6255642673569164,True,0.9999999999999994,3,COBYLA,240,2207,1.261482475324296,minimum_frozen_p2_objective_final_then_append_zero_gamma3_beta3,"[6.057428853187273, 4.377771129103387, 0.0, 2.7001753060835285, 0.12927775915703282, 0.0]","[6.122137130927386, 4.357334398315218, 0.019913452078069774, 2.701885104928857, 0.13702846227192517, -0.014850469041828527]","[6.122137130927386, 4.357334398315218, 0.019913452078069774, 2.701885104928857, 0.13702846227192517, -0.014850469041828527]",240,240,241,0.6284830691292882,1.2599712440211557,1.2599712440211557,3,Return from COBYLA because the objective function has been evaluated MAXFUN times.,False,True,SUCCESS,,True,results/phase1_1_optimization_diagnostic/p3_budget_scaling.csv,diag-run-da76429541431d330dcc,5ed3034be5800fc501893bfcd05423aa5bc6cd01c88acc190d885cfd8bf202e8,bc0c3beeae21d5c1ff6d7feb5d6398a497f53f2e11df68b8435eae8d14e546bb,normalized_mean_energy_H_C,False,
objective-run-41bff35e473d52fce28c,PHASE1_2_OBJECTIVE_ALIGNMENT_AND_FEASIBILITY_CAPACITY_DIAGNOSTIC,task-v2-ce7fc44fc7b5,g-548c8c6335dd2a2e,v2-S1-b000-g-548c8c6335dd2a2e,S1,D3,7,1.630088714928206,0.0234375,O1,EXPECTED_PENALTY,E_theta[P_flow + P_resource],FEASIBILITY_ALIGNED_MECHANISTIC_OBJECTIVE_CONTROL,1.1851255485598535,1.184030182800668,0.0010953657591858,1.2602670467268866,0.0762368639262186,0.919460691242543,0.2645694915581248,1.184030182800668,0.2987004009338344,0.1161456449545215,0.3888365887404655,12.744550439843602,1.1053245204691773,11.30718677925575,0.1,0.0232558139534883,0.0232558139534883,True,0.1,0.1,0.4827305837345017,1.621168213463995,True,1.0000000000000004,3,COBYLA,240,2207,1.261482475324296,minimum_frozen_p2_objective_final_then_append_zero_gamma3_beta3,"[6.057428853187273, 4.377771129103387, 0.0, 2.7001753060835285, 0.12927775915703282, 0.0]","[6.112545939538081, 4.34861049369313, -0.0001879479891375301, 2.7053053790750328, 0.12793823893107317, -0.0009063294528164969]","[6.112545939538081, 4.34861049369313, -0.0001879479891375301, 2.7053053790750328, 0.12793823893107317, -0.0009063294528164969]",240,240,241,0.7320743845775723,1.184030182800668,1.184030182800668,3,Return from COBYLA because the objective function has been evaluated MAXFUN times.,False,True,SUCCESS,,False,,,5ed3034be5800fc501893bfcd05423aa5bc6cd01c88acc190d885cfd8bf202e8,,normalized_mean_energy_H_C,False,230.41796875
objective-run-9bd3b09abc48bad03b86,PHASE1_2_OBJECTIVE_ALIGNMENT_AND_FEASIBILITY_CAPACITY_DIAGNOSTIC,task-v2-ce7fc44fc7b5,g-548c8c6335dd2a2e,v2-S1-b000-g-548c8c6335dd2a2e,S1,D3,7,1.630088714928206,0.0234375,O2,EXACT_FEASIBILITY_CONTROL,1 - P_feas(theta),STATEVECTOR_MECHANISTIC_CONTROL,0.702657053097428,0.6836925232656654,0.0189645298317625,1.2534538735486866,0.0778442465165762,0.902586168743948,0.2730234582881625,1.1756096270321104,0.3163074767343345,0.1187803891146161,0.3755219141227552,13.495785673998272,1.1301981726235273,11.491860704890492,0.1,0.0232558139534883,0.0232558139534883,True,0.1,0.1,0.491917103766447,1.5591604660305485,True,0.9999999999999988,3,COBYLA,240,2207,1.261482475324296,minimum_frozen_p2_objective_final_then_append_zero_gamma3_beta3,"[6.057428853187273, 4.377771129103387, 0.0, 2.7001753060835285, 0.12927775915703282, 0.0]","[6.1993654348516705, 4.298032555604266, 0.2310822461713466, 2.7377276389292478, 0.35386415017569905, -0.20463038912962878]","[6.1993654348516705, 4.298032555604266, 0.2310822461713466, 2.7377276389292478, 0.35386415017569905, -0.20463038912962878]",240,240,241,0.7219799365848303,0.6836925232656654,0.6836925232656654,3,Return from COBYLA because the objective function has been evaluated MAXFUN times.,False,True,SUCCESS,,False,,,5ed3034be5800fc501893bfcd05423aa5bc6cd01c88acc190d885cfd8bf202e8,,normalized_mean_energy_H_C,False,230.69921875
objective-run-4f07e3fac302b366bf4a,PHASE1_2_OBJECTIVE_ALIGNMENT_AND_FEASIBILITY_CAPACITY_DIAGNOSTIC,task-v2-ce7fc44fc7b5,g-548c8c6335dd2a2e,v2-S1-b000-g-548c8c6335dd2a2e,S1,D3,7,1.630088714928206,0.0234375,O3,CVAR_ENERGY,exact_weighted_lowest_energy_CVaR_alpha_0.10,EXACT_DISTRIBUTIONAL_ENERGY_CONTROL,0.0232558139534883,0.0232558139534883,0.0,1.344857319470108,0.0757999294157822,0.9705365468279712,0.2985208432263546,1.2690573900543258,0.2604066546367299,0.102376144165154,0.3931395083123736,11.110683931167143,1.0457407932693794,11.194934361472653,0.1,0.0232558139534883,0.0232558139534883,True,0.1,0.1,0.5294640446910557,1.6893159913987548,True,1.0,3,COBYLA,240,2207,1.261482475324296,minimum_frozen_p2_objective_final_then_append_zero_gamma3_beta3,"[6.057428853187273, 4.377771129103387, 0.0, 2.7001753060835285, 0.12927775915703282, 0.0]","[6.557428853187273, 4.377771129103387, 0.0, 2.7001753060835285, 0.12927775915703282, 0.0]","[6.057428853187273, 4.377771129103387, 0.0, 2.7001753060835285, 0.12927775915703282, 0.0]",22,22,23,0.0695113381370902,0.0232558139534883,0.0232558139534883,0,Return from COBYLA because the trust region radius reaches its lower bound.,True,True,SUCCESS,,False,,,5ed3034be5800fc501893bfcd05423aa5bc6cd01c88acc190d885cfd8bf202e8,,normalized_mean_energy_H_C,False,230.51171875
objective-run-4129178f237c74e1fc62,PHASE1_2_OBJECTIVE_ALIGNMENT_AND_FEASIBILITY_CAPACITY_DIAGNOSTIC,task-v2-4e78b3f98433,g-553bb3c5ba0f2136,v2-S1-b001-g-553bb3c5ba0f2136,S1,D1,7,2.1072099696478683,0.0078125,O0,MEAN_ENERGY,E_theta[H_C],HISTORICAL_MEAN_ENERGY_BASELINE,1.4079863839740818,1.1859892931420446,0.2219970908320372,1.1859892931420444,0.0417032498745073,0.9982780670872676,0.1460079761802696,1.1442860432675372,0.1496859295673072,0.1496859295673072,1.0,19.159798984615325,1.2823909483578546,12.0,0.1,0.0697674418604651,0.0697674418604651,True,0.1,0.1,0.293971972834845,2.256970238463233,True,0.9999999999999996,3,COBYLA,240,3301,1.4079863839740818,minimum_frozen_p2_objective_final_then_append_zero_gamma3_beta3,"[1.307318752691071, 1.2991391804027617, 0.0, 2.67102286333235, -0.3163059091851462, 0.0]","[0.8857074124052404, 0.9975555086785161, 1.3457064817763664, 2.6904069741261436, -0.4224409250635784, -0.25142837109357735]","[0.8857074124052404, 0.9975555086785161, 1.3457064817763664, 2.6904069741261436, -0.4224409250635784, -0.25142837109357735]",240,240,241,0.6663558417931199,1.1859892931420446,1.1859892931420446,3,Return from COBYLA because the objective function has been evaluated MAXFUN times.,False,True,SUCCESS,,True,results/phase1_1_optimization_diagnostic/p3_budget_scaling.csv,diag-run-b216d8ddb60dac5067c9,5ed3034be5800fc501893bfcd05423aa5bc6cd01c88acc190d885cfd8bf202e8,bc0c3beeae21d5c1ff6d7feb5d6398a497f53f2e11df68b8435eae8d14e546bb,normalized_mean_energy_H_C,False,
objective-run-22f60d22f1eb48105a0a,PHASE1_2_OBJECTIVE_ALIGNMENT_AND_FEASIBILITY_CAPACITY_DIAGNOSTIC,task-v2-4e78b3f98433,g-553bb3c5ba0f2136,v2-S1-b001-g-553bb3c5ba0f2136,S1,D1,7,2.1072099696478683,0.0078125,O1,EXPECTED_PENALTY,E_theta[P_flow + P_resource],FEASIBILITY_ALIGNED_MECHANISTIC_OBJECTIVE_CONTROL,1.3548704235326987,1.3487641352984914,0.0061062882342073,1.4013704150369928,0.0526062797385013,1.0309120416031508,0.3178520936953406,1.3487641352984914,0.1031041292277914,0.1031041292277914,1.0,13.197328541157308,1.1204860283837017,12.000000000000002,0.1,0.0697674418604651,0.0697674418604651,True,0.1,0.1,0.4518682645262828,2.238819347790342,True,1.0,3,COBYLA,240,3301,1.4079863839740818,minimum_frozen_p2_objective_final_then_append_zero_gamma3_beta3,"[1.307318752691071, 1.2991391804027617, 0.0, 2.67102286333235, -0.3163059091851462, 0.0]","[1.2037903286978775, 1.2475058082261516, -0.005545707313233108, 2.6832328146970204, -0.33868744869827866, 0.004187878615012875]","[1.2037903286978775, 1.2475058082261516, -0.005545707313233108, 2.6832328146970204, -0.33868744869827866, 0.004187878615012875]",240,240,241,0.7876275423914194,1.3487641352984914,1.3487641352984914,3,Return from COBYLA because the objective function has been evaluated MAXFUN times.,False,True,SUCCESS,,False,,,5ed3034be5800fc501893bfcd05423aa5bc6cd01c88acc190d885cfd8bf202e8,,normalized_mean_energy_H_C,False,230.6796875
objective-run-fadf304d83d2fa9be9be,PHASE1_2_OBJECTIVE_ALIGNMENT_AND_FEASIBILITY_CAPACITY_DIAGNOSTIC,task-v2-4e78b3f98433,g-553bb3c5ba0f2136,v2-S1-b001-g-553bb3c5ba0f2136,S1,D1,7,2.1072099696478683,0.0078125,O2,EXACT_FEASIBILITY_CONTROL,1 - P_feas(theta),STATEVECTOR_MECHANISTIC_CONTROL,0.8997053143979853,0.8636519711065505,0.0360533432914348,1.3591789964616865,0.0556642922458389,0.9729316319227932,0.3305830722930544,1.3035147042158477,0.1363480288934495,0.1363480288934495,1.0,17.452547698361546,1.2418588336205247,12.0,0.1,0.0697674418604651,0.0697674418604651,True,0.1,0.1,0.4398627331092978,2.151093180210353,True,0.9999999999999996,3,COBYLA,240,3301,1.4079863839740818,minimum_frozen_p2_objective_final_then_append_zero_gamma3_beta3,"[1.307318752691071, 1.2991391804027617, 0.0, 2.67102286333235, -0.3163059091851462, 0.0]","[0.8905954869844094, 0.8261481890005855, -0.62700395418293, 2.7634947448884066, -0.5061867933398536, 0.2571037107739644]","[0.8905954869844094, 0.8261481890005855, -0.62700395418293, 2.7634947448884066, -0.5061867933398536, 0.2571037107739644]",240,240,241,0.7470506792888045,0.8636519711065505,0.8636519711065505,3,Return from COBYLA because the objective function has been evaluated MAXFUN times.,False,True,SUCCESS,,False,,,5ed3034be5800fc501893bfcd05423aa5bc6cd01c88acc190d885cfd8bf202e8,,normalized_mean_energy_H_C,False,230.35546875
objective-run-effa3b2fdabeaabbe5d1,PHASE1_2_OBJECTIVE_ALIGNMENT_AND_FEASIBILITY_CAPACITY_DIAGNOSTIC,task-v2-4e78b3f98433,g-553bb3c5ba0f2136,v2-S1-b001-g-553bb3c5ba0f2136,S1,D1,7,2.1072099696478683,0.0078125,O3,CVAR_ENERGY,exact_weighted_lowest_energy_CVaR_alpha_0.10,EXACT_DISTRIBUTIONAL_ENERGY_CONTROL,0.0697674418604651,0.0697674418604651,0.0,1.4079863839740816,0.0531159604413827,1.0278502676180672,0.3270201559146318,1.354870423532699,0.1002946856020147,0.1002946856020147,1.0,12.837719757057885,1.1084878909547582,12.0,0.1,0.0697674418604651,0.0697674418604651,True,0.1,0.1,0.4551651091347134,2.2439508340592424,True,1.0,3,COBYLA,240,3301,1.4079863839740818,minimum_frozen_p2_objective_final_then_append_zero_gamma3_beta3,"[1.307318752691071, 1.2991391804027617, 0.0, 2.67102286333235, -0.3163059091851462, 0.0]","[1.307318752691071, 1.2991391804027617, 0.5, 2.67102286333235, -0.3163059091851462, 0.0]","[1.307318752691071, 1.2991391804027617, 0.0, 2.67102286333235, -0.3163059091851462, 0.0]",31,31,32,0.0671478034928441,0.0697674418604651,0.0697674418604651,0,Return from COBYLA because the trust region radius reaches its lower bound.,True,True,SUCCESS,,False,,,5ed3034be5800fc501893bfcd05423aa5bc6cd01c88acc190d885cfd8bf202e8,,normalized_mean_energy_H_C,False,230.60546875
objective-run-1116de6f2c8188c0ba93,PHASE1_2_OBJECTIVE_ALIGNMENT_AND_FEASIBILITY_CAPACITY_DIAGNOSTIC,task-v2-f83834022ee2,g-553bb3c5ba0f2136,v2-S1-b001-g-553bb3c5ba0f2136,S1,D2,7,1.806179973983887,0.015625,O0,MEAN_ENERGY,E_theta[H_C],HISTORICAL_MEAN_ENERGY_BASELINE,1.5389477825874605,1.5389364989001957,1.128368726477369e-05,1.5389364989001957,0.074441065051404,1.1754216853670272,0.2890737484817645,1.4644954338487917,0.1165549475247032,0.0504001496250785,0.4324153602694261,7.459516641581005,0.8727106871650077,10.270338558922296,0.1,0.058046476831377,0.0697674418604651,True,0.1,0.0495998503749213,0.5810503813734965,2.0692847760523936,True,0.999999999999999,3,COBYLA,240,1103,1.5389477825874605,minimum_frozen_p2_objective_final_then_append_zero_gamma3_beta3,"[1.413635163902173, 4.73105758961043, 0.0, 2.584346588403444, 0.1602227979409323, 0.0]","[1.412396668108301, 4.734880973376411, -0.0007108946666977598, 2.5840854239505577, 0.16154826542242945, -0.0015616167266850258]","[1.412396668108301, 4.734880973376411, -0.0007108946666977598, 2.5840854239505577, 0.16154826542242945, -0.0015616167266850258]",71,71,72,0.1571987615898251,1.5389364989001957,1.5389364989001957,0,Return from COBYLA because the trust region radius reaches its lower bound.,True,True,SUCCESS,,True,results/phase1_1_optimization_diagnostic/p3_budget_scaling.csv,diag-run-8090e6989bad8ff2e7ab,5ed3034be5800fc501893bfcd05423aa5bc6cd01c88acc190d885cfd8bf202e8,bc0c3beeae21d5c1ff6d7feb5d6398a497f53f2e11df68b8435eae8d14e546bb,normalized_mean_energy_H_C,False,
objective-run-f1457b300346fb0ba71b,PHASE1_2_OBJECTIVE_ALIGNMENT_AND_FEASIBILITY_CAPACITY_DIAGNOSTIC,task-v2-f83834022ee2,g-553bb3c5ba0f2136,v2-S1-b001-g-553bb3c5ba0f2136,S1,D2,7,1.806179973983887,0.015625,O1,EXPECTED_PENALTY,E_theta[P_flow + P_resource],FEASIBILITY_ALIGNED_MECHANISTIC_OBJECTIVE_CONTROL,1.4644828444961322,1.464185415150273,0.0002974293458595,1.5392103026619024,0.0750248875116298,1.1735794470117291,0.2906059681385435,1.464185415150273,0.1181396841342912,0.0513930292440348,0.4350191861493004,7.560939784594641,0.8785757793500903,10.259923255402798,0.1,0.0578155745944105,0.0697674418604651,True,0.1,0.0486069707559651,0.5823250992845649,2.0632558483125614,True,0.9999999999999992,3,COBYLA,240,1103,1.5389477825874605,minimum_frozen_p2_objective_final_then_append_zero_gamma3_beta3,"[1.413635163902173, 4.73105758961043, 0.0, 2.584346588403444, 0.1602227979409323, 0.0]","[1.4040043983364334, 4.745543416258723, 0.012013727208324517, 2.5941897971611456, 0.15308894196634779, 0.0079494455302447]","[1.4040043983364334, 4.745543416258723, 0.012013727208324517, 2.5941897971611456, 0.15308894196634779, 0.0079494455302447]",240,240,241,0.7612510696053505,1.4641854151502725,1.4641854151502725,3,Return from COBYLA because the objective function has been evaluated MAXFUN times.,False,True,SUCCESS,,False,,,5ed3034be5800fc501893bfcd05423aa5bc6cd01c88acc190d885cfd8bf202e8,,normalized_mean_energy_H_C,False,230.859375
objective-run-7fe62abf444dd6adef90,PHASE1_2_OBJECTIVE_ALIGNMENT_AND_FEASIBILITY_CAPACITY_DIAGNOSTIC,task-v2-f83834022ee2,g-553bb3c5ba0f2136,v2-S1-b001-g-553bb3c5ba0f2136,S1,D2,7,1.806179973983887,0.015625,O2,EXACT_FEASIBILITY_CONTROL,1 - P_feas(theta),STATEVECTOR_MECHANISTIC_CONTROL,0.8834399309237244,0.8650331556906297,0.0184067752330947,1.5655058479964394,0.0816236440011139,1.171265707948897,0.3126164960464282,1.4838822039953252,0.1349668443093703,0.0611805374806076,0.4533004960860605,8.637878035799702,0.936407067649298,10.186798015655755,0.1,0.0555394098882307,0.0697674418604651,True,0.1,0.0388194625193923,0.6188490483046958,1.9762504187671928,True,1.0,3,COBYLA,240,1103,1.5389477825874605,minimum_frozen_p2_objective_final_then_append_zero_gamma3_beta3,"[1.413635163902173, 4.73105758961043, 0.0, 2.584346588403444, 0.1602227979409323, 0.0]","[1.2955106145236572, 4.747833382565209, -0.25564238148855867, 2.660834365037952, 0.564386719520668, -0.35955823369721024]","[1.2955106145236572, 4.747833382565209, -0.25564238148855867, 2.660834365037952, 0.564386719520668, -0.35955823369721024]",240,240,241,0.720636148005724,0.8650331556906297,0.8650331556906297,3,Return from COBYLA because the objective function has been evaluated MAXFUN times.,False,True,SUCCESS,,False,,,5ed3034be5800fc501893bfcd05423aa5bc6cd01c88acc190d885cfd8bf202e8,,normalized_mean_energy_H_C,False,230.7421875
objective-run-d0178203eb2386a96a0e,PHASE1_2_OBJECTIVE_ALIGNMENT_AND_FEASIBILITY_CAPACITY_DIAGNOSTIC,task-v2-f83834022ee2,g-553bb3c5ba0f2136,v2-S1-b001-g-553bb3c5ba0f2136,S1,D2,7,1.806179973983887,0.015625,O3,CVAR_ENERGY,exact_weighted_lowest_energy_CVaR_alpha_0.10,EXACT_DISTRIBUTIONAL_ENERGY_CONTROL,0.0580545204198019,0.0562638149072318,0.00179070551257,1.6039491985158287,0.0823429240838066,1.1997392778929832,0.321866996539039,1.5216062744320222,0.1229147310215653,0.0580655958989028,0.4724055075930258,7.866542785380185,0.8957839090916195,10.110377969627896,0.1,0.0562638149072318,0.0697674418604651,True,0.1,0.0419344041010971,0.6445210054535876,1.9867348014817163,True,1.0,3,COBYLA,240,1103,1.5389477825874605,minimum_frozen_p2_objective_final_then_append_zero_gamma3_beta3,"[1.413635163902173, 4.73105758961043, 0.0, 2.584346588403444, 0.1602227979409323, 0.0]","[1.1818343008867431, 4.907586269433231, 0.1364585516788826, 2.677760666757814, 0.12841598318584613, 0.06946569173802772]","[1.1818343008867431, 4.907586269433231, 0.1364585516788826, 2.677760666757814, 0.12841598318584613, 0.06946569173802772]",240,240,241,0.7711866656318307,0.0562638149072318,0.0562638149072318,3,Return from COBYLA because the objective function has been evaluated MAXFUN times.,False,True,SUCCESS,,False,,,5ed3034be5800fc501893bfcd05423aa5bc6cd01c88acc190d885cfd8bf202e8,,normalized_mean_energy_H_C,False,230.79296875
objective-run-7926d3612b425cf12f59,PHASE1_2_OBJECTIVE_ALIGNMENT_AND_FEASIBILITY_CAPACITY_DIAGNOSTIC,task-v2-73f419868dc6,g-553bb3c5ba0f2136,v2-S1-b001-g-553bb3c5ba0f2136,S1,D3,7,1.630088714928206,0.0234375,O0,MEAN_ENERGY,E_theta[H_C],HISTORICAL_MEAN_ENERGY_BASELINE,1.16418401734986,1.1065341418751495,0.0576498754747103,1.1065341418751495,0.0742415483428667,0.8992258099488643,0.1330667835834184,1.0322925935322826,0.3029750058558684,0.1205637533322878,0.3979330010794439,12.92693358318372,1.111495517468128,11.93989166432394,0.1,0.0465116279069767,0.0465116279069767,True,0.1,0.1,0.3352675993881487,1.7558073830442475,True,1.0000000000000018,3,COBYLA,240,1103,1.16418401734986,minimum_frozen_p2_objective_final_then_append_zero_gamma3_beta3,"[1.7438488525076061, 4.877360859857171, 0.0, 3.125380496550806, -0.4764872455989399, 0.0]","[1.623620953397948, 4.827779252802025, -0.40633849999842075, 3.116886733950527, -0.669223061703947, 0.22458204931691111]","[1.623620953397948, 4.827779252802025, -0.40633849999842075, 3.116886733950527, -0.669223061703947, 0.22458204931691111]",240,240,241,0.6365066971629858,1.1065341418751495,1.1065341418751495,3,Return from COBYLA because the objective function has been evaluated MAXFUN times.,False,True,SUCCESS,,True,results/phase1_1_optimization_diagnostic/p3_budget_scaling.csv,diag-run-6182b98e883f749362e2,5ed3034be5800fc501893bfcd05423aa5bc6cd01c88acc190d885cfd8bf202e8,bc0c3beeae21d5c1ff6d7feb5d6398a497f53f2e11df68b8435eae8d14e546bb,normalized_mean_energy_H_C,False,
objective-run-dd382602d6900664bc7d,PHASE1_2_OBJECTIVE_ALIGNMENT_AND_FEASIBILITY_CAPACITY_DIAGNOSTIC,task-v2-73f419868dc6,g-553bb3c5ba0f2136,v2-S1-b001-g-553bb3c5ba0f2136,S1,D3,7,1.630088714928206,0.0234375,O1,EXPECTED_PENALTY,E_theta[P_flow + P_resource],FEASIBILITY_ALIGNED_MECHANISTIC_OBJECTIVE_CONTROL,1.0897021605081665,1.0297546780125684,0.0599474824955978,1.1042337229523205,0.074479044939752,0.8961657613114757,0.1335889167010926,1.0297546780125684,0.3054185699298715,0.1210233926641621,0.3962542051452564,13.031192317007852,1.1149841542396062,11.957824876960208,0.1,0.0465116279069767,0.0465116279069767,True,0.1,0.1,0.3351732479424419,1.748571042267942,True,0.9999999999999984,3,COBYLA,240,1103,1.16418401734986,minimum_frozen_p2_objective_final_then_append_zero_gamma3_beta3,"[1.7438488525076061, 4.877360859857171, 0.0, 3.125380496550806, -0.4764872455989399, 0.0]","[1.5957907167217926, 4.847852969878502, -0.42771105540244586, 3.1138190212259564, -0.655139088000436, 0.2225372177441064]","[1.5957907167217926, 4.847852969878502, -0.42771105540244586, 3.1138190212259564, -0.655139088000436, 0.2225372177441064]",240,240,241,0.7583474349230528,1.0297546780125684,1.0297546780125684,3,Return from COBYLA because the objective function has been evaluated MAXFUN times.,False,True,SUCCESS,,False,,,5ed3034be5800fc501893bfcd05423aa5bc6cd01c88acc190d885cfd8bf202e8,,normalized_mean_energy_H_C,False,230.4375
objective-run-00ab1ac79642da8bf0f5,PHASE1_2_OBJECTIVE_ALIGNMENT_AND_FEASIBILITY_CAPACITY_DIAGNOSTIC,task-v2-73f419868dc6,g-553bb3c5ba0f2136,v2-S1-b001-g-553bb3c5ba0f2136,S1,D3,7,1.630088714928206,0.0234375,O2,EXACT_FEASIBILITY_CONTROL,1 - P_feas(theta),STATEVECTOR_MECHANISTIC_CONTROL,0.7307010587732474,0.6795987082378255,0.0511023505354218,1.13541265154049,0.0808490443365931,0.8808361190299638,0.1737274881739331,1.054563607203897,0.3204012917621744,0.1224874057615091,0.3822937326121279,13.67045511518611,1.1357829732893867,12.338366780253809,0.1,0.0465116279069767,0.0465116279069767,True,0.1,0.1,0.3749648989660715,1.663831225747405,True,1.0,3,COBYLA,240,1103,1.16418401734986,minimum_frozen_p2_objective_final_then_append_zero_gamma3_beta3,"[1.7438488525076061, 4.877360859857171, 0.0, 3.125380496550806, -0.4764872455989399, 0.0]","[1.5585370137629901, 4.5266670939227165, 0.5064227402140052, 3.18074592383865, -0.33067129205219337, -0.18468936035550812]","[1.5585370137629901, 4.5266670939227165, 0.5064227402140052, 3.18074592383865, -0.33067129205219337, -0.18468936035550812]",240,240,241,0.7469359058886766,0.6795987082378255,0.6795987082378255,3,Return from COBYLA because the objective function has been evaluated MAXFUN times.,False,True,SUCCESS,,False,,,5ed3034be5800fc501893bfcd05423aa5bc6cd01c88acc190d885cfd8bf202e8,,normalized_mean_energy_H_C,False,230.5546875
objective-run-8212d6b055ec10af1469,PHASE1_2_OBJECTIVE_ALIGNMENT_AND_FEASIBILITY_CAPACITY_DIAGNOSTIC,task-v2-73f419868dc6,g-553bb3c5ba0f2136,v2-S1-b001-g-553bb3c5ba0f2136,S1,D3,7,1.630088714928206,0.0234375,O3,CVAR_ENERGY,exact_weighted_lowest_energy_CVaR_alpha_0.10,EXACT_DISTRIBUTIONAL_ENERGY_CONTROL,0.0465116279069767,0.0465116279069767,0.0,1.16418401734986,0.0744818568416935,0.9388822312347274,0.1508199292734387,1.089702160508166,0.2692989412267525,0.1084846192300934,0.4028408679807927,11.490088159008108,1.060323360874871,11.9298403225234,0.1,0.0465116279069767,0.0465116279069767,True,0.1,0.1,0.3590011017349199,1.8331020745848217,True,0.9999999999999992,3,COBYLA,240,1103,1.16418401734986,minimum_frozen_p2_objective_final_then_append_zero_gamma3_beta3,"[1.7438488525076061, 4.877360859857171, 0.0, 3.125380496550806, -0.4764872455989399, 0.0]","[1.7438488525076061, 4.877360859857171, 0.5, 3.125380496550806, -0.4764872455989399, 0.0]","[1.7438488525076061, 4.877360859857171, 0.0, 3.125380496550806, -0.4764872455989399, 0.0]",28,28,29,0.0626671500504016,0.0465116279069767,0.0465116279069767,0,Return from COBYLA because the trust region radius reaches its lower bound.,True,True,SUCCESS,,False,,,5ed3034be5800fc501893bfcd05423aa5bc6cd01c88acc190d885cfd8bf202e8,,normalized_mean_energy_H_C,False,230.53125
objective-run-059121e2d9c6ad020498,PHASE1_2_OBJECTIVE_ALIGNMENT_AND_FEASIBILITY_CAPACITY_DIAGNOSTIC,task-v2-3f363bac5736,g-60667963f6db3f1b,v2-S2-b000-g-60667963f6db3f1b,S2,D1,10,3.010299956639812,0.0009765625,O0,MEAN_ENERGY,E_theta[H_C],HISTORICAL_MEAN_ENERGY_BASELINE,1.8763979305029184,1.73431049241351,0.1420874380894086,1.73431049241351,0.1036256507109823,1.1549655306325803,0.4757193110699473,1.6306848417025277,0.0285626067695536,0.0285626067695536,1.0,29.24810933202293,1.4660977974880067,23.0,0.1,0.8009571939640379,1.0889898822948867,False,0.0285626067695537,0.0290334971398535,0.6592474484720849,2.255064731219254,True,0.999999999999998,3,COBYLA,240,2207,1.8763979305029184,minimum_frozen_p2_objective_final_then_append_zero_gamma3_beta3,"[4.784719897843099, 3.929300037215576, 0.0, 2.515327043692428, 0.14820513845737432, 0.0]","[5.827407855015489, 4.160929214113354, -0.038109257719680614, 2.546616406030604, 0.113931983767239, 0.012413002886728572]","[5.827407855015489, 4.160929214113354, -0.038109257719680614, 2.546616406030604, 0.113931983767239, 0.012413002886728572]",240,240,241,0.8133666617795825,1.73431049241351,1.73431049241351,3,Return from COBYLA because the objective function has been evaluated MAXFUN times.,False,True,SUCCESS,,True,results/phase1_1_optimization_diagnostic/p3_budget_scaling.csv,diag-run-222c40e51ed3524a2011,5ed3034be5800fc501893bfcd05423aa5bc6cd01c88acc190d885cfd8bf202e8,bc0c3beeae21d5c1ff6d7feb5d6398a497f53f2e11df68b8435eae8d14e546bb,normalized_mean_energy_H_C,False,
objective-run-6809b38bd54e82ab23ba,PHASE1_2_OBJECTIVE_ALIGNMENT_AND_FEASIBILITY_CAPACITY_DIAGNOSTIC,task-v2-3f363bac5736,g-60667963f6db3f1b,v2-S2-b000-g-60667963f6db3f1b,S2,D1,10,3.010299956639812,0.0009765625,O1,EXPECTED_PENALTY,E_theta[P_flow + P_resource],FEASIBILITY_ALIGNED_MECHANISTIC_OBJECTIVE_CONTROL,1.7607679315730924,1.6373777651674195,0.1233901664056729,1.742438537995702,0.1050607728282825,1.1510386148359593,0.4863391503314602,1.6373777651674195,0.027647178164171,0.027647178164171,1.0,28.31071044011118,1.4519507678585208,23.0,0.1,0.8094604753436448,1.0889898822948867,False,0.027647178164171,0.0292743837919041,0.6650249433315899,2.252033522175897,True,1.0000000000000004,3,COBYLA,240,2207,1.8763979305029184,minimum_frozen_p2_objective_final_then_append_zero_gamma3_beta3,"[4.784719897843099, 3.929300037215576, 0.0, 2.515327043692428, 0.14820513845737432, 0.0]","[5.716930312636013, 4.051713426346518, 0.011569585621167623, 2.5552953846014272, 0.11660740668366663, 0.013213585711474969]","[5.716930312636013, 4.051713426346518, 0.011569585621167623, 2.5552953846014272, 0.11660740668366663, 0.013213585711474969]",240,240,241,0.9538432359695436,1.6373777651674195,1.6373777651674195,3,Return from COBYLA because the objective function has been evaluated MAXFUN times.,False,True,SUCCESS,,False,,,5ed3034be5800fc501893bfcd05423aa5bc6cd01c88acc190d885cfd8bf202e8,,normalized_mean_energy_H_C,False,230.515625
objective-run-310258aca30343acf5b9,PHASE1_2_OBJECTIVE_ALIGNMENT_AND_FEASIBILITY_CAPACITY_DIAGNOSTIC,task-v2-3f363bac5736,g-60667963f6db3f1b,v2-S2-b000-g-60667963f6db3f1b,S2,D1,10,3.010299956639812,0.0009765625,O2,EXACT_FEASIBILITY_CONTROL,1 - P_feas(theta),STATEVECTOR_MECHANISTIC_CONTROL,0.9844600228534708,0.950086315981097,0.0343737068723737,1.9157228647010136,0.1186652805671026,1.1919118713690813,0.6051457127648302,1.7970575841339116,0.0499136840189029,0.0499136840189029,1.0,51.111612435356605,1.7085195820065346,23.000000000000004,0.1,0.6066355445474234,1.1807903978437693,False,0.0499136840189029,0.0015120370942849,0.8469712681528141,2.003287679790477,True,1.0000000000000002,3,COBYLA,240,2207,1.8763979305029184,minimum_frozen_p2_objective_final_then_append_zero_gamma3_beta3,"[4.784719897843099, 3.929300037215576, 0.0, 2.515327043692428, 0.14820513845737432, 0.0]","[6.029971915797958, 4.489440615572844, -0.4483826629361184, 2.697806585747084, 0.13289941695599322, 0.10074875253462846]","[6.029971915797958, 4.489440615572844, -0.4483826629361184, 2.697806585747084, 0.13289941695599322, 0.10074875253462846]",240,240,241,1.1021909676492214,0.950086315981097,0.950086315981097,3,Return from COBYLA because the objective function has been evaluated MAXFUN times.,False,True,SUCCESS,,False,,,5ed3034be5800fc501893bfcd05423aa5bc6cd01c88acc190d885cfd8bf202e8,,normalized_mean_energy_H_C,False,230.7734375
objective-run-0f1854a4089c7539b781,PHASE1_2_OBJECTIVE_ALIGNMENT_AND_FEASIBILITY_CAPACITY_DIAGNOSTIC,task-v2-3f363bac5736,g-60667963f6db3f1b,v2-S2-b000-g-60667963f6db3f1b,S2,D1,10,3.010299956639812,0.0009765625,O3,CVAR_ENERGY,exact_weighted_lowest_energy_CVaR_alpha_0.10,EXACT_DISTRIBUTIONAL_ENERGY_CONTROL,0.9484111465918978,0.6477297390300665,0.3006814075618313,1.9002719832022688,0.1183595905049658,1.1736362520211674,0.6082761406761363,1.7819123926973035,0.0451292256647498,0.0451292256647498,1.0,46.2123270807038,1.6647578385222148,23.0,0.1,0.6477297390300665,1.1666666666666667,False,0.0451292256647498,0.0008503067368312,0.8270416183620535,2.0375707046436973,True,1.0,3,COBYLA,240,2207,1.8763979305029184,minimum_frozen_p2_objective_final_then_append_zero_gamma3_beta3,"[4.784719897843099, 3.929300037215576, 0.0, 2.515327043692428, 0.14820513845737432, 0.0]","[5.646693048842676, 4.436258220849195, -0.178929770449677, 2.689603745950498, 0.11133063900168112, 0.08920729763666753]","[5.646693048842676, 4.436258220849195, -0.178929770449677, 2.689603745950498, 0.11133063900168112, 0.08920729763666753]",240,240,241,0.9784625796601176,0.6477297390300665,0.6477297390300665,3,Return from COBYLA because the objective function has been evaluated MAXFUN times.,False,True,SUCCESS,,False,,,5ed3034be5800fc501893bfcd05423aa5bc6cd01c88acc190d885cfd8bf202e8,,normalized_mean_energy_H_C,False,230.56640625
objective-run-7d91b6f27ad495948f91,PHASE1_2_OBJECTIVE_ALIGNMENT_AND_FEASIBILITY_CAPACITY_DIAGNOSTIC,task-v2-f1a738d52e35,g-60667963f6db3f1b,v2-S2-b000-g-60667963f6db3f1b,S2,D2,10,2.709269960975831,0.001953125,O0,MEAN_ENERGY,E_theta[H_C],HISTORICAL_MEAN_ENERGY_BASELINE,1.5242604748595223,1.4584474215765026,0.0658130532830199,1.4584474215765026,0.0791081189120301,1.1271244449909488,0.2522148576735234,1.3793393026644722,0.0709677404945372,0.0399428483901102,0.5628310569248695,36.33548313320309,1.5603309391457416,15.120365203051833,0.1,0.3801949855020207,1.1666666666666667,False,0.0709677404945374,0.0026714133052447,0.4503070431590121,2.3367897353573754,True,0.999999999999998,3,COBYLA,240,2207,1.5242604748595223,minimum_frozen_p2_objective_final_then_append_zero_gamma3_beta3,"[1.7807333527346352, 6.511052433574562, 0.0, 2.4245827064658805, -0.4038890372916536, 0.0]","[1.1996868837660748, 6.271259053141975, 0.8658576909068391, 2.3229241439476938, -0.3554548925885653, -0.12332415258717856]","[1.1996868837660748, 6.271259053141975, 0.8658576909068391, 2.3229241439476938, -0.3554548925885653, -0.12332415258717856]",240,240,241,0.7629304369911551,1.4584474215765026,1.4584474215765026,3,Return from COBYLA because the objective function has been evaluated MAXFUN times.,False,True,SUCCESS,,True,results/phase1_1_optimization_diagnostic/p3_budget_scaling.csv,diag-run-20efc47fc1fc8fa6dd36,5ed3034be5800fc501893bfcd05423aa5bc6cd01c88acc190d885cfd8bf202e8,bc0c3beeae21d5c1ff6d7feb5d6398a497f53f2e11df68b8435eae8d14e546bb,normalized_mean_energy_H_C,False,
objective-run-5cb4c293f771cd8f37ca,PHASE1_2_OBJECTIVE_ALIGNMENT_AND_FEASIBILITY_CAPACITY_DIAGNOSTIC,task-v2-f1a738d52e35,g-60667963f6db3f1b,v2-S2-b000-g-60667963f6db3f1b,S2,D2,10,2.709269960975831,0.001953125,O1,EXPECTED_PENALTY,E_theta[P_flow + P_resource],FEASIBILITY_ALIGNED_MECHANISTIC_OBJECTIVE_CONTROL,1.451342020403375,1.399440479644964,0.0519015407584109,1.4765143174655506,0.0770738378205863,1.1393460400264146,0.2600944396185493,1.399440479644964,0.0594895413612713,0.0325428662081207,0.5470350832004686,30.45864517697092,1.483710581690393,15.34150883519344,0.1,0.5063150371389306,1.1666666666666667,False,0.0594895413612713,0.0160832989879639,0.4589300210062348,2.3626013549099514,True,1.0000000000000004,3,COBYLA,240,2207,1.5242604748595223,minimum_frozen_p2_objective_final_then_append_zero_gamma3_beta3,"[1.7807333527346352, 6.511052433574562, 0.0, 2.4245827064658805, -0.4038890372916536, 0.0]","[1.1958065765767623, 6.4539156757452485, -0.44621671018178793, 2.389489302639162, -0.5391443431504469, 0.13594021336306633]","[1.1958065765767623, 6.4539156757452485, -0.44621671018178793, 2.389489302639162, -0.5391443431504469, 0.13594021336306633]",240,240,241,0.9514196421951056,1.3994404796449644,1.3994404796449644,3,Return from COBYLA because the objective function has been evaluated MAXFUN times.,False,True,SUCCESS,,False,,,5ed3034be5800fc501893bfcd05423aa5bc6cd01c88acc190d885cfd8bf202e8,,normalized_mean_energy_H_C,False,230.76171875
objective-run-823f47e541eb847ca2bb,PHASE1_2_OBJECTIVE_ALIGNMENT_AND_FEASIBILITY_CAPACITY_DIAGNOSTIC,task-v2-f1a738d52e35,g-60667963f6db3f1b,v2-S2-b000-g-60667963f6db3f1b,S2,D2,10,2.709269960975831,0.001953125,O2,EXACT_FEASIBILITY_CONTROL,1 - P_feas(theta),STATEVECTOR_MECHANISTIC_CONTROL,0.9717559212749708,0.8898532015469724,0.0819027197279982,1.5856800232715134,0.0985250022459874,1.0823467648985532,0.4048082561269729,1.4871550210255262,0.1101467984530276,0.0612329739037705,0.5559215044265091,56.39516080795013,1.7512418393632936,15.217098938028872,0.1,0.0838801375201867,0.1337209302325581,True,0.1,0.0387670260962294,0.597301819478552,2.0722577851623654,True,1.0000000000000009,3,COBYLA,240,2207,1.5242604748595223,minimum_frozen_p2_objective_final_then_append_zero_gamma3_beta3,"[1.7807333527346352, 6.511052433574562, 0.0, 2.4245827064658805, -0.4038890372916536, 0.0]","[0.6258525835559605, 6.006870416260512, -1.093878205662917, 2.637663004391752, -0.442752818906368, 0.19724726761489056]","[0.6258525835559605, 6.006870416260512, -1.093878205662917, 2.637663004391752, -0.442752818906368, 0.19724726761489056]",240,240,241,1.1384892594069242,0.8898532015469724,0.8898532015469724,3,Return from COBYLA because the objective function has been evaluated MAXFUN times.,False,True,SUCCESS,,False,,,5ed3034be5800fc501893bfcd05423aa5bc6cd01c88acc190d885cfd8bf202e8,,normalized_mean_energy_H_C,False,230.875
objective-run-61f4269f3495adadd3d9,PHASE1_2_OBJECTIVE_ALIGNMENT_AND_FEASIBILITY_CAPACITY_DIAGNOSTIC,task-v2-f1a738d52e35,g-60667963f6db3f1b,v2-S2-b000-g-60667963f6db3f1b,S2,D2,10,2.709269960975831,0.001953125,O3,CVAR_ENERGY,exact_weighted_lowest_energy_CVaR_alpha_0.10,EXACT_DISTRIBUTIONAL_ENERGY_CONTROL,0.8547408451720434,0.0827662655987961,0.7719745795732473,1.5962294426639398,0.1002164629135971,1.0730017494840878,0.4230112302662548,1.4960129797503423,0.1108198594209653,0.0626014451214791,0.5648937424083753,56.73976802353423,1.753887555881671,15.091487606282744,0.1,0.0827662655987961,0.1337209302325581,True,0.1,0.0373985548785209,0.6068328391713064,2.060707582565798,True,1.0000000000000009,3,COBYLA,240,2207,1.5242604748595223,minimum_frozen_p2_objective_final_then_append_zero_gamma3_beta3,"[1.7807333527346352, 6.511052433574562, 0.0, 2.4245827064658805, -0.4038890372916536, 0.0]","[0.5106034926444267, 5.968414588004113, -1.0728957137879784, 2.668643563554756, -0.46499185976103097, 0.18780622983139]","[0.5106034926444267, 5.968414588004113, -1.0728957137879784, 2.668643563554756, -0.46499185976103097, 0.18780622983139]",240,240,241,0.9995426191017032,0.0827662655987961,0.0827662655987961,3,Return from COBYLA because the objective function has been evaluated MAXFUN times.,False,True,SUCCESS,,False,,,5ed3034be5800fc501893bfcd05423aa5bc6cd01c88acc190d885cfd8bf202e8,,normalized_mean_energy_H_C,False,230.5234375
objective-run-05f7e63e01b3405048f7,PHASE1_2_OBJECTIVE_ALIGNMENT_AND_FEASIBILITY_CAPACITY_DIAGNOSTIC,task-v2-a0f813383468,g-60667963f6db3f1b,v2-S2-b000-g-60667963f6db3f1b,S2,D3,10,2.533178701920149,0.0029296875,O0,MEAN_ENERGY,E_theta[H_C],HISTORICAL_MEAN_ENERGY_BASELINE,1.4862253921164332,1.438025353047643,0.0482000390687902,1.4380253530476428,0.0793393325486653,1.1267556821459557,0.2319303383530218,1.3586860204989777,0.0951604807438198,0.0345663411759442,0.3632426077060261,32.48144409389051,1.5116353293150206,15.240760318738332,0.1,0.1407219969623836,1.1654293627117465,False,0.0951604807438199,0.00483951925618,0.4538465012427982,2.260672056525742,True,0.9999999999999992,3,COBYLA,240,2207,1.4862253921164332,minimum_frozen_p2_objective_final_then_append_zero_gamma3_beta3,"[1.448251790673219, 6.460818290119395, 0.0, 2.427962575891561, -0.4227616333666228, 0.0]","[1.1371345052715154, 6.367408969720445, 0.4780525977232157, 2.3692584504712584, -0.30826055761149646, -0.13727155509804548]","[1.1371345052715154, 6.367408969720445, 0.4780525977232157, 2.3692584504712584, -0.30826055761149646, -0.13727155509804548]",240,240,241,0.784950029104948,1.438025353047643,1.438025353047643,3,Return from COBYLA because the objective function has been evaluated MAXFUN times.,False,True,SUCCESS,,True,results/phase1_1_optimization_diagnostic/p3_budget_scaling.csv,diag-run-497c8fe3d8cbcdd510d1,5ed3034be5800fc501893bfcd05423aa5bc6cd01c88acc190d885cfd8bf202e8,bc0c3beeae21d5c1ff6d7feb5d6398a497f53f2e11df68b8435eae8d14e546bb,normalized_mean_energy_H_C,False,
objective-run-92662d603c13e62f57a3,PHASE1_2_OBJECTIVE_ALIGNMENT_AND_FEASIBILITY_CAPACITY_DIAGNOSTIC,task-v2-a0f813383468,g-60667963f6db3f1b,v2-S2-b000-g-60667963f6db3f1b,S2,D3,10,2.533178701920149,0.0029296875,O1,EXPECTED_PENALTY,E_theta[P_flow + P_resource],FEASIBILITY_ALIGNED_MECHANISTIC_OBJECTIVE_CONTROL,1.4111526093356297,1.3672225344488014,0.0439300748868283,1.4450989790581703,0.077876444609369,1.1331748107477595,0.2340477237010419,1.3672225344488014,0.088573433796346,0.0309153963234644,0.3490368951320907,30.233065402486123,1.4804821835619075,15.429730129306758,0.1,0.2126522546089337,1.1666666666666667,False,0.0885734337963461,0.0021399065509925,0.4557959682451477,2.278483730365814,True,0.9999999999999996,3,COBYLA,240,2207,1.4862253921164332,minimum_frozen_p2_objective_final_then_append_zero_gamma3_beta3,"[1.448251790673219, 6.460818290119395, 0.0, 2.427962575891561, -0.4227616333666228, 0.0]","[1.1367583891771194, 6.430096708703122, 0.3658463220481556, 2.405983179431424, -0.2920983956754819, -0.14922706418634168]","[1.1367583891771194, 6.430096708703122, 0.3658463220481556, 2.405983179431424, -0.2920983956754819, -0.14922706418634168]",240,240,241,1.0186905357986689,1.3672225344488014,1.3672225344488014,3,Return from COBYLA because the objective function has been evaluated MAXFUN times.,False,True,SUCCESS,,False,,,5ed3034be5800fc501893bfcd05423aa5bc6cd01c88acc190d885cfd8bf202e8,,normalized_mean_energy_H_C,False,230.82421875
objective-run-783ebe350efc441480be,PHASE1_2_OBJECTIVE_ALIGNMENT_AND_FEASIBILITY_CAPACITY_DIAGNOSTIC,task-v2-a0f813383468,g-60667963f6db3f1b,v2-S2-b000-g-60667963f6db3f1b,S2,D3,10,2.533178701920149,0.0029296875,O2,EXACT_FEASIBILITY_CONTROL,1 - P_feas(theta),STATEVECTOR_MECHANISTIC_CONTROL,0.9434382918668442,0.8798318074722019,0.0636064843946423,1.5570588408380546,0.0940135961113228,1.0935642832365349,0.3694809614901967,1.4630452447267317,0.1201681925277981,0.0446633501546604,0.3716736452063104,41.01740971615509,1.6129682308373134,15.144237050429032,0.1,0.0788364631060007,0.1337209302325581,True,0.1,0.0154959082938969,0.5832134372545277,2.0562819851620784,True,1.000000000000001,3,COBYLA,240,2207,1.4862253921164332,minimum_frozen_p2_objective_final_then_append_zero_gamma3_beta3,"[1.448251790673219, 6.460818290119395, 0.0, 2.427962575891561, -0.4227616333666228, 0.0]","[0.4763678677279772, 6.093114482632389, 0.47992681945522225, 2.714934834906514, -0.3162132133042926, -0.15911605464928502]","[0.4763678677279772, 6.093114482632389, 0.47992681945522225, 2.714934834906514, -0.3162132133042926, -0.15911605464928502]",240,240,241,0.9812271129339932,0.8798318074722019,0.8798318074722019,3,Return from COBYLA because the objective function has been evaluated MAXFUN times.,False,True,SUCCESS,,False,,,5ed3034be5800fc501893bfcd05423aa5bc6cd01c88acc190d885cfd8bf202e8,,normalized_mean_energy_H_C,False,230.56640625
objective-run-d1b3ffd0e443243ef697,PHASE1_2_OBJECTIVE_ALIGNMENT_AND_FEASIBILITY_CAPACITY_DIAGNOSTIC,task-v2-a0f813383468,g-60667963f6db3f1b,v2-S2-b000-g-60667963f6db3f1b,S2,D3,10,2.533178701920149,0.0029296875,O3,CVAR_ENERGY,exact_weighted_lowest_energy_CVaR_alpha_0.10,EXACT_DISTRIBUTIONAL_ENERGY_CONTROL,0.5592713430674567,0.0657480230390603,0.4935233200283964,1.6119417241486629,0.1077760716944699,1.0670011653876377,0.4371644870665548,1.5041656524541924,0.1593461474040166,0.0615223339546936,0.3860923841397048,54.39015164723767,1.7355202696897196,14.906720712221452,0.1,0.0657480230390603,0.0872093023255814,True,0.1,0.0384776660453062,0.6635117998582132,1.858449757929736,True,0.9999999999999976,3,COBYLA,240,2207,1.4862253921164332,minimum_frozen_p2_objective_final_then_append_zero_gamma3_beta3,"[1.448251790673219, 6.460818290119395, 0.0, 2.427962575891561, -0.4227616333666228, 0.0]","[0.2799240892974367, 6.020277362371478, -0.9036400283881714, 2.8802680447404896, -0.49890630269320096, 0.1707384141641632]","[0.2799240892974367, 6.020277362371478, -0.9036400283881714, 2.8802680447404896, -0.49890630269320096, 0.1707384141641632]",240,240,241,0.9994132844731212,0.0657480230390603,0.0657480230390603,3,Return from COBYLA because the objective function has been evaluated MAXFUN times.,False,True,SUCCESS,,False,,,5ed3034be5800fc501893bfcd05423aa5bc6cd01c88acc190d885cfd8bf202e8,,normalized_mean_energy_H_C,False,230.53125
objective-run-1317225bc4ac5597558c,PHASE1_2_OBJECTIVE_ALIGNMENT_AND_FEASIBILITY_CAPACITY_DIAGNOSTIC,task-v2-6996479d6302,g-60667963f6db3f1b,v2-S2-b000-g-60667963f6db3f1b,S2,D4,10,2.4082399653118496,0.00390625,O0,MEAN_ENERGY,E_theta[H_C],HISTORICAL_MEAN_ENERGY_BASELINE,1.359232437207909,1.33086581115654,0.028366626051369,1.33086581115654,0.11594562344359,1.073287917589652,0.1416322701232977,1.2149201877129496,0.1808988761819973,0.0585444745211951,0.3236309465090051,46.31011230259132,1.665675834164625,16.248104702570554,0.1,0.0667868112135365,0.0872093023255814,True,0.1,0.0414555254788048,0.3958190638949475,2.06148430755906,True,1.0,3,COBYLA,240,2207,1.359232437207909,minimum_frozen_p2_objective_final_then_append_zero_gamma3_beta3,"[6.357931285509614, 3.8449562185494717, 0.0, 2.6155911839506403, 0.12235468941507413, 0.0]","[6.272122026788139, 4.273180307988336, 0.23020801924745307, 2.6057991417339332, 0.31631264571581535, -0.19291157302192585]","[6.272122026788139, 4.273180307988336, 0.23020801924745307, 2.6057991417339332, 0.31631264571581535, -0.19291157302192585]",240,240,241,0.7648562798276544,1.33086581115654,1.33086581115654,3,Return from COBYLA because the objective function has been evaluated MAXFUN times.,False,True,SUCCESS,,True,results/phase1_1_optimization_diagnostic/p3_budget_scaling.csv,diag-run-5f98abfb7c8dd7b1cf20,5ed3034be5800fc501893bfcd05423aa5bc6cd01c88acc190d885cfd8bf202e8,bc0c3beeae21d5c1ff6d7feb5d6398a497f53f2e11df68b8435eae8d14e546bb,normalized_mean_energy_H_C,False,
objective-run-d322c95d046bc90d3cdc,PHASE1_2_OBJECTIVE_ALIGNMENT_AND_FEASIBILITY_CAPACITY_DIAGNOSTIC,task-v2-6996479d6302,g-60667963f6db3f1b,v2-S2-b000-g-60667963f6db3f1b,S2,D4,10,2.4082399653118496,0.00390625,O1,EXPECTED_PENALTY,E_theta[P_flow + P_resource],FEASIBILITY_ALIGNED_MECHANISTIC_OBJECTIVE_CONTROL,1.2434282021155696,1.2185452835911217,0.0248829185244479,1.334800096192628,0.1162548126015063,1.0789157851882614,0.1396294984028603,1.2185452835911217,0.1779498664906944,0.0572881359491754,0.3219341327922332,45.55516582161778,1.6585376318164995,16.2866662761326,0.1,0.0672250688549388,0.0872093023255814,True,0.1,0.0427118640508246,0.3964951500818159,2.0696552504461008,True,1.0000000000000002,3,COBYLA,240,2207,1.359232437207909,minimum_frozen_p2_objective_final_then_append_zero_gamma3_beta3,"[6.357931285509614, 3.8449562185494717, 0.0, 2.6155911839506403, 0.12235468941507413, 0.0]","[6.287321874204477, 4.274999990004909, 0.18999076154000893, 2.601421716782486, 0.29016662343562594, -0.16145076468283096]","[6.287321874204477, 4.274999990004909, 0.18999076154000893, 2.601421716782486, 0.29016662343562594, -0.16145076468283096]",240,240,241,0.9654957558959724,1.218545283591122,1.218545283591122,3,Return from COBYLA because the objective function has been evaluated MAXFUN times.,False,True,SUCCESS,,False,,,5ed3034be5800fc501893bfcd05423aa5bc6cd01c88acc190d885cfd8bf202e8,,normalized_mean_energy_H_C,False,230.56640625
objective-run-f42e5d1d37443d302322,PHASE1_2_OBJECTIVE_ALIGNMENT_AND_FEASIBILITY_CAPACITY_DIAGNOSTIC,task-v2-6996479d6302,g-60667963f6db3f1b,v2-S2-b000-g-60667963f6db3f1b,S2,D4,10,2.4082399653118496,0.00390625,O2,EXACT_FEASIBILITY_CONTROL,1 - P_feas(theta),STATEVECTOR_MECHANISTIC_CONTROL,0.833992377018389,0.8151736830684893,0.0188186939498997,1.387151927869394,0.1235412172785054,1.0762685364150282,0.1873421741758602,1.2636107105908885,0.1848263169315107,0.0591514387513568,0.3200379671758323,47.31553713446675,1.6750037746440074,16.240508403541,0.1,0.0665750795053406,0.0872093023255814,True,0.1,0.0408485612486432,0.448437027522399,1.9970840216830688,True,1.0000000000000002,3,COBYLA,240,2207,1.359232437207909,minimum_frozen_p2_objective_final_then_append_zero_gamma3_beta3,"[6.357931285509614, 3.8449562185494717, 0.0, 2.6155911839506403, 0.12235468941507413, 0.0]","[6.170612312442034, 4.019479005762504, -0.3549766948528412, 2.6634847118858116, 0.09349434815021038, 0.09261228725991044]","[6.170612312442034, 4.019479005762504, -0.3549766948528412, 2.6634847118858116, 0.09349434815021038, 0.09261228725991044]",240,240,241,0.9683431116864084,0.8151736830684893,0.8151736830684893,3,Return from COBYLA because the objective function has been evaluated MAXFUN times.,False,True,SUCCESS,,False,,,5ed3034be5800fc501893bfcd05423aa5bc6cd01c88acc190d885cfd8bf202e8,,normalized_mean_energy_H_C,False,230.76171875
objective-run-acfc411de6ee416c92f7,PHASE1_2_OBJECTIVE_ALIGNMENT_AND_FEASIBILITY_CAPACITY_DIAGNOSTIC,task-v2-6996479d6302,g-60667963f6db3f1b,v2-S2-b000-g-60667963f6db3f1b,S2,D4,10,2.4082399653118496,0.00390625,O3,CVAR_ENERGY,exact_weighted_lowest_energy_CVaR_alpha_0.10,EXACT_DISTRIBUTIONAL_ENERGY_CONTROL,0.067875504000471,0.0662052584691196,0.0016702455313513,1.4192706937991693,0.1245854488061433,1.0827913847268589,0.2118938602661671,1.294685244993026,0.1801205095895208,0.0602115923885235,0.3342850435285833,46.11085045491734,1.6638031322925286,15.910191655383745,0.1,0.0662052584691196,0.0872093023255814,True,0.1,0.0397884076114763,0.4748057545825481,1.9848327166488888,True,0.9999999999999992,3,COBYLA,240,2207,1.359232437207909,minimum_frozen_p2_objective_final_then_append_zero_gamma3_beta3,"[6.357931285509614, 3.8449562185494717, 0.0, 2.6155911839506403, 0.12235468941507413, 0.0]","[6.163114018929236, 3.6975258852437904, -0.23948701076568155, 2.672008946373482, 0.09918165899097363, 0.09713884801715715]","[6.163114018929236, 3.6975258852437904, -0.23948701076568155, 2.672008946373482, 0.09918165899097363, 0.09713884801715715]",240,240,241,1.1561530698090792,0.0662052584691196,0.0662052584691196,3,Return from COBYLA because the objective function has been evaluated MAXFUN times.,False,True,SUCCESS,,False,,,5ed3034be5800fc501893bfcd05423aa5bc6cd01c88acc190d885cfd8bf202e8,,normalized_mean_energy_H_C,False,230.796875
objective-run-341fda7eb267276214b2,PHASE1_2_OBJECTIVE_ALIGNMENT_AND_FEASIBILITY_CAPACITY_DIAGNOSTIC,task-v2-4d2b9f5eb099,g-6aa6775bed3bc2cc,v2-S2-b001-g-6aa6775bed3bc2cc,S2,D1,10,3.010299956639812,0.0009765625,O0,MEAN_ENERGY,E_theta[H_C],HISTORICAL_MEAN_ENERGY_BASELINE,1.6436858706178623,1.4561097503402116,0.1875761202776509,1.4561097503402116,0.0651743016812362,1.1487564912667554,0.2421789573922199,1.3909354486589751,0.0201278141372789,0.0201278141372789,1.0,20.61088167657364,1.3140965700946317,13.0,0.1,0.9038245267023504,1.1169250645994833,False,0.0201278141372789,0.0196580883980031,0.4110632627962567,2.5285532947919065,True,0.9999999999999984,3,COBYLA,240,2207,1.6436858706178623,minimum_frozen_p2_objective_final_then_append_zero_gamma3_beta3,"[3.3845201324537864, 6.764256654954441, 0.0, 2.4656432901734386, -0.3924608655984018, 0.0]","[1.8951674116960657, 6.509008837907127, -0.9007925086624573, 2.3762565533265114, -0.4883214084648264, 0.17456054406803043]","[1.8951674116960657, 6.509008837907127, -0.9007925086624573, 2.3762565533265114, -0.4883214084648264, 0.17456054406803043]",240,240,241,0.864787369966507,1.4561097503402116,1.4561097503402116,3,Return from COBYLA because the objective function has been evaluated MAXFUN times.,False,True,SUCCESS,,True,results/phase1_1_optimization_diagnostic/p3_budget_scaling.csv,diag-run-bd6366159319f654d89d,5ed3034be5800fc501893bfcd05423aa5bc6cd01c88acc190d885cfd8bf202e8,bc0c3beeae21d5c1ff6d7feb5d6398a497f53f2e11df68b8435eae8d14e546bb,normalized_mean_energy_H_C,False,
objective-run-b2801a4c5d65806b866b,PHASE1_2_OBJECTIVE_ALIGNMENT_AND_FEASIBILITY_CAPACITY_DIAGNOSTIC,task-v2-4d2b9f5eb099,g-6aa6775bed3bc2cc,v2-S2-b001-g-6aa6775bed3bc2cc,S2,D1,10,3.010299956639812,0.0009765625,O1,EXPECTED_PENALTY,E_theta[P_flow + P_resource],FEASIBILITY_ALIGNED_MECHANISTIC_OBJECTIVE_CONTROL,1.5761870182806683,1.3833156638085349,0.1928713544721336,1.4486578151331817,0.0653421513246468,1.1454345451117385,0.2378811186967963,1.3833156638085349,0.0231046616490888,0.0231046616490888,1.0,23.65917352866693,1.3739995696153051,13.000000000000002,0.1,0.8729875556454405,1.1169250645994833,False,0.0231046616490887,0.0194718041559464,0.4064203254576227,2.524265689595111,True,1.0000000000000004,3,COBYLA,240,2207,1.6436858706178623,minimum_frozen_p2_objective_final_then_append_zero_gamma3_beta3,"[3.3845201324537864, 6.764256654954441, 0.0, 2.4656432901734386, -0.3924608655984018, 0.0]","[1.666066851116712, 6.734877591686922, -0.8037727181059182, 2.3364809624573306, -0.484143272384896, 0.167639870993094]","[1.666066851116712, 6.734877591686922, -0.8037727181059182, 2.3364809624573306, -0.484143272384896, 0.167639870993094]",240,240,241,1.064752976410091,1.3833156638085349,1.3833156638085349,3,Return from COBYLA because the objective function has been evaluated MAXFUN times.,False,True,SUCCESS,,False,,,5ed3034be5800fc501893bfcd05423aa5bc6cd01c88acc190d885cfd8bf202e8,,normalized_mean_energy_H_C,False,230.875
objective-run-c122b56d2050350290dd,PHASE1_2_OBJECTIVE_ALIGNMENT_AND_FEASIBILITY_CAPACITY_DIAGNOSTIC,task-v2-4d2b9f5eb099,g-6aa6775bed3bc2cc,v2-S2-b001-g-6aa6775bed3bc2cc,S2,D1,10,3.010299956639812,0.0009765625,O2,EXACT_FEASIBILITY_CONTROL,1 - P_feas(theta),STATEVECTOR_MECHANISTIC_CONTROL,0.993303608134802,0.9565811606853606,0.0367224474494415,1.7146640944128302,0.0867751349933723,1.0513061444004816,0.5765828150189767,1.6278889594194583,0.0434188393146394,0.0434188393146394,1.0,44.4608914581908,1.6479781662237856,13.0,0.1,0.6642826881307262,1.1196389813094534,False,0.0434188393146395,0.0191825480063974,0.6713077987340998,2.1984356833219816,True,0.9999999999999988,3,COBYLA,240,2207,1.6436858706178623,minimum_frozen_p2_objective_final_then_append_zero_gamma3_beta3,"[3.3845201324537864, 6.764256654954441, 0.0, 2.4656432901734386, -0.3924608655984018, 0.0]","[5.116148926669347, 6.829406230134643, -0.818470787830848, 2.7441014202057907, 0.6456776857756178, -0.8530900052021455]","[5.116148926669347, 6.829406230134643, -0.818470787830848, 2.7441014202057907, 0.6456776857756178, -0.8530900052021455]",240,240,241,0.9858311805874108,0.9565811606853606,0.9565811606853606,3,Return from COBYLA because the objective function has been evaluated MAXFUN times.,False,True,SUCCESS,,False,,,5ed3034be5800fc501893bfcd05423aa5bc6cd01c88acc190d885cfd8bf202e8,,normalized_mean_energy_H_C,False,230.56640625
objective-run-ccbaa66d655a58b8e54c,PHASE1_2_OBJECTIVE_ALIGNMENT_AND_FEASIBILITY_CAPACITY_DIAGNOSTIC,task-v2-4d2b9f5eb099,g-6aa6775bed3bc2cc,v2-S2-b001-g-6aa6775bed3bc2cc,S2,D1,10,3.010299956639812,0.0009765625,O3,CVAR_ENERGY,exact_weighted_lowest_energy_CVaR_alpha_0.10,EXACT_DISTRIBUTIONAL_ENERGY_CONTROL,1.0417679834630988,0.7971358499334832,0.2446321335296156,1.6196671196824282,0.0734025787594147,1.078069355929402,0.4681951849936118,1.5462645409230138,0.0305413482957717,0.0305413482957717,1.0,31.274340654870283,1.495188162395194,13.0,0.1,0.7971358499334832,1.1196389813094534,False,0.0305413482957717,0.0080550448517703,0.5768058892187842,2.3315700658939007,True,1.0000000000000009,3,COBYLA,240,2207,1.6436858706178623,minimum_frozen_p2_objective_final_then_append_zero_gamma3_beta3,"[3.3845201324537864, 6.764256654954441, 0.0, 2.4656432901734386, -0.3924608655984018, 0.0]","[4.983445090789963, 6.613415168015017, 0.29321528725902996, 2.6720378232399056, -0.1432625326050054, -0.11832309670135535]","[4.983445090789963, 6.613415168015017, 0.29321528725902996, 2.6720378232399056, -0.1432625326050054, -0.11832309670135535]",240,240,241,0.9913857467472552,0.7971358499334832,0.7971358499334832,3,Return from COBYLA because the objective function has been evaluated MAXFUN times.,False,True,SUCCESS,,False,,,5ed3034be5800fc501893bfcd05423aa5bc6cd01c88acc190d885cfd8bf202e8,,normalized_mean_energy_H_C,False,230.5234375
objective-run-e36a1f83384799fd757c,PHASE1_2_OBJECTIVE_ALIGNMENT_AND_FEASIBILITY_CAPACITY_DIAGNOSTIC,task-v2-2d64318cb7be,g-6aa6775bed3bc2cc,v2-S2-b001-g-6aa6775bed3bc2cc,S2,D2,10,2.709269960975831,0.001953125,O0,MEAN_ENERGY,E_theta[H_C],HISTORICAL_MEAN_ENERGY_BASELINE,1.564057493309508,1.363327692999374,0.2007298003101338,1.3633276929993745,0.0651038379531506,1.1034789114160652,0.1947449436301584,1.2982238550462235,0.0609591209177778,0.0387947143303191,0.6364054098261328,31.21106990990225,1.4943086564577848,16.63594590173867,0.1,0.4922454771006956,1.1111111111111112,False,0.0609591209177778,0.0319434382002659,0.3591829759640018,2.4579396612826647,True,0.9999999999999996,3,COBYLA,240,2207,1.564057493309508,minimum_frozen_p2_objective_final_then_append_zero_gamma3_beta3,"[2.135855943816076, 6.043253439112003, 0.0, 2.5173232462610784, -0.42044304575646113, 0.0]","[1.24092199866209, 6.584753197451973, 1.0048282907134949, 2.328280244965471, -0.3177461924670838, -0.16418464955499315]","[1.24092199866209, 6.584753197451973, 1.0048282907134949, 2.328280244965471, -0.3177461924670838, -0.16418464955499315]",240,240,241,0.8212465532124043,1.363327692999374,1.363327692999374,3,Return from COBYLA because the objective function has been evaluated MAXFUN times.,False,True,SUCCESS,,True,results/phase1_1_optimization_diagnostic/p3_budget_scaling.csv,diag-run-7a1b9418345916189bde,5ed3034be5800fc501893bfcd05423aa5bc6cd01c88acc190d885cfd8bf202e8,bc0c3beeae21d5c1ff6d7feb5d6398a497f53f2e11df68b8435eae8d14e546bb,normalized_mean_energy_H_C,False,
objective-run-c4b041b455d6deddfb2b,PHASE1_2_OBJECTIVE_ALIGNMENT_AND_FEASIBILITY_CAPACITY_DIAGNOSTIC,task-v2-2d64318cb7be,g-6aa6775bed3bc2cc,v2-S2-b001-g-6aa6775bed3bc2cc,S2,D2,10,2.709269960975831,0.001953125,O1,EXPECTED_PENALTY,E_theta[P_flow + P_resource],FEASIBILITY_ALIGNED_MECHANISTIC_OBJECTIVE_CONTROL,1.492320864628336,1.292219334431965,0.2001015301963709,1.3568819969294363,0.0646626624974712,1.0991324367556805,0.1930868976762846,1.292219334431965,0.064009951300379,0.0407816151786008,0.6371136729541509,32.77309506579408,1.515517457754738,16.62886327045849,0.1,0.4612369427608668,1.1111111111111112,False,0.064009951300379,0.0284000917462297,0.3562292857323424,2.4517408603665203,True,1.000000000000001,3,COBYLA,240,2207,1.564057493309508,minimum_frozen_p2_objective_final_then_append_zero_gamma3_beta3,"[2.135855943816076, 6.043253439112003, 0.0, 2.5173232462610784, -0.42044304575646113, 0.0]","[1.2079045249555822, 6.623150230649708, 1.1721927253905728, 2.3146453050892744, -0.3387765885797773, -0.15992973930043622]","[1.2079045249555822, 6.623150230649708, 1.1721927253905728, 2.3146453050892744, -0.3387765885797773, -0.15992973930043622]",240,240,241,0.9951992491260172,1.292219334431965,1.292219334431965,3,Return from COBYLA because the objective function has been evaluated MAXFUN times.,False,True,SUCCESS,,False,,,5ed3034be5800fc501893bfcd05423aa5bc6cd01c88acc190d885cfd8bf202e8,,normalized_mean_energy_H_C,False,230.82421875
objective-run-858b129e6eb0064efb07,PHASE1_2_OBJECTIVE_ALIGNMENT_AND_FEASIBILITY_CAPACITY_DIAGNOSTIC,task-v2-2d64318cb7be,g-6aa6775bed3bc2cc,v2-S2-b001-g-6aa6775bed3bc2cc,S2,D2,10,2.709269960975831,0.001953125,O2,EXACT_FEASIBILITY_CONTROL,1 - P_feas(theta),STATEVECTOR_MECHANISTIC_CONTROL,0.986571589425269,0.947136715997159,0.03943487342811,1.6377131451312703,0.0855490807752307,1.1003765518210924,0.4517875125349472,1.5521640643560397,0.052863284002841,0.02913339929017,0.5511083891156722,27.06600140945462,1.4324241000971212,17.48891610884328,0.1,0.5769553684701026,1.1169250645994833,False,0.052863284002841,0.0142245936363398,0.6050273483588803,2.2363827996325965,True,1.0000000000000002,3,COBYLA,240,2207,1.564057493309508,minimum_frozen_p2_objective_final_then_append_zero_gamma3_beta3,"[2.135855943816076, 6.043253439112003, 0.0, 2.5173232462610784, -0.42044304575646113, 0.0]","[1.2345343674612101, 4.941074754546281, 0.5127701702516814, 3.167782287668288, -0.3123979260343758, -0.17137472779609872]","[1.2345343674612101, 4.941074754546281, 0.5127701702516814, 3.167782287668288, -0.3123979260343758, -0.17137472779609872]",240,240,241,0.9600485302507876,0.947136715997159,0.947136715997159,3,Return from COBYLA because the objective function has been evaluated MAXFUN times.,False,True,SUCCESS,,False,,,5ed3034be5800fc501893bfcd05423aa5bc6cd01c88acc190d885cfd8bf202e8,,normalized_mean_energy_H_C,False,230.53125
objective-run-8768842b285b5139578b,PHASE1_2_OBJECTIVE_ALIGNMENT_AND_FEASIBILITY_CAPACITY_DIAGNOSTIC,task-v2-2d64318cb7be,g-6aa6775bed3bc2cc,v2-S2-b001-g-6aa6775bed3bc2cc,S2,D2,10,2.709269960975831,0.001953125,O3,CVAR_ENERGY,exact_weighted_lowest_energy_CVaR_alpha_0.10,EXACT_DISTRIBUTIONAL_ENERGY_CONTROL,0.9765706711484776,0.4024103006804189,0.5741603704680586,1.6880350900840315,0.0972199287309803,1.1034090808717656,0.4874060804812854,1.590815161353051,0.0700640126146216,0.0388437231450688,0.5544033476747029,35.87277445868626,1.554764967016106,17.45596652325297,0.1,0.4024103006804189,1.1111111111111112,False,0.0700640126146215,0.0112989244066591,0.6608791739676715,2.128928788188464,True,1.0000000000000009,3,COBYLA,240,2207,1.564057493309508,minimum_frozen_p2_objective_final_then_append_zero_gamma3_beta3,"[2.135855943816076, 6.043253439112003, 0.0, 2.5173232462610784, -0.42044304575646113, 0.0]","[1.3670293491127217, 5.0331353128798595, -0.7960684240540533, 3.128435625475001, -0.5146862823668042, 0.20675524707573653]","[1.3670293491127217, 5.0331353128798595, -0.7960684240540533, 3.128435625475001, -0.5146862823668042, 0.20675524707573653]",240,240,241,0.9973636139184237,0.4024103006804189,0.4024103006804189,3,Return from COBYLA because the objective function has been evaluated MAXFUN times.,False,True,SUCCESS,,False,,,5ed3034be5800fc501893bfcd05423aa5bc6cd01c88acc190d885cfd8bf202e8,,normalized_mean_energy_H_C,False,230.56640625
objective-run-e96a7399f4e5b8ec4f87,PHASE1_2_OBJECTIVE_ALIGNMENT_AND_FEASIBILITY_CAPACITY_DIAGNOSTIC,task-v2-3cd2eda112d3,g-6aa6775bed3bc2cc,v2-S2-b001-g-6aa6775bed3bc2cc,S2,D3,10,2.533178701920149,0.0029296875,O0,MEAN_ENERGY,E_theta[H_C],HISTORICAL_MEAN_ENERGY_BASELINE,1.3145104902933211,1.3089646458281547,0.0055458444651663,1.308964645828155,0.0942113318602477,1.093188748657126,0.1215645653107811,1.2147533139679072,0.0822313691186839,0.0557645871031901,0.6781425105874803,28.06830732584412,1.448216223065113,16.218574894125197,0.1,0.2755965247347656,1.1285529715762277,False,0.0822313691186839,0.0008072278388423,0.2969846830865911,2.456321209557357,True,1.0,3,COBYLA,240,2207,1.3145104902933211,minimum_frozen_p2_objective_final_then_append_zero_gamma3_beta3,"[6.289045021028471, 4.266169369375171, 0.0, 2.5852374279898886, 0.1238655085588723, 0.0]","[6.392535551029454, 4.440527583080991, -0.024107873523361068, 2.581342781250216, 0.11005945719527377, 0.013886922221094028]","[6.392535551029454, 4.440527583080991, -0.024107873523361068, 2.581342781250216, 0.11005945719527377, 0.013886922221094028]",240,240,241,0.8306348249316216,1.3089646458281547,1.3089646458281547,3,Return from COBYLA because the objective function has been evaluated MAXFUN times.,False,True,SUCCESS,,True,results/phase1_1_optimization_diagnostic/p3_budget_scaling.csv,diag-run-328ef4a722e42457528b,5ed3034be5800fc501893bfcd05423aa5bc6cd01c88acc190d885cfd8bf202e8,bc0c3beeae21d5c1ff6d7feb5d6398a497f53f2e11df68b8435eae8d14e546bb,normalized_mean_energy_H_C,False,
objective-run-843b3ede5d5f6c33882f,PHASE1_2_OBJECTIVE_ALIGNMENT_AND_FEASIBILITY_CAPACITY_DIAGNOSTIC,task-v2-3cd2eda112d3,g-6aa6775bed3bc2cc,v2-S2-b001-g-6aa6775bed3bc2cc,S2,D3,10,2.533178701920149,0.0029296875,O1,EXPECTED_PENALTY,E_theta[P_flow + P_resource],FEASIBILITY_ALIGNED_MECHANISTIC_OBJECTIVE_CONTROL,1.2190199992206163,1.2141158432895955,0.0049041559310207,1.3102268748150596,0.0961110315254639,1.0881283102123915,0.125987533077204,1.2141158432895955,0.0860911627654492,0.0584536418637076,0.678973776007202,29.38578355727333,1.4681372754507285,16.210262239927978,0.1,0.2360246288422491,1.1169250645994833,False,0.0860911627654491,0.0059299529598253,0.3002070060550438,2.4415195056486088,True,1.0000000000000009,3,COBYLA,240,2207,1.3145104902933211,minimum_frozen_p2_objective_final_then_append_zero_gamma3_beta3,"[6.289045021028471, 4.266169369375171, 0.0, 2.5852374279898886, 0.1238655085588723, 0.0]","[6.352005285036616, 4.419994776348923, -0.005345012939729942, 2.5955861095210557, 0.13891174022748123, -0.008670032435921024]","[6.352005285036616, 4.419994776348923, -0.005345012939729942, 2.5955861095210557, 0.13891174022748123, -0.008670032435921024]",240,240,241,0.9743045354261994,1.2141158432895955,1.2141158432895955,3,Return from COBYLA because the objective function has been evaluated MAXFUN times.,False,True,SUCCESS,,False,,,5ed3034be5800fc501893bfcd05423aa5bc6cd01c88acc190d885cfd8bf202e8,,normalized_mean_energy_H_C,False,230.76171875
objective-run-97fdd5a19e363e20bed0,PHASE1_2_OBJECTIVE_ALIGNMENT_AND_FEASIBILITY_CAPACITY_DIAGNOSTIC,task-v2-3cd2eda112d3,g-6aa6775bed3bc2cc,v2-S2-b001-g-6aa6775bed3bc2cc,S2,D3,10,2.533178701920149,0.0029296875,O2,EXACT_FEASIBILITY_CONTROL,1 - P_feas(theta),STATEVECTOR_MECHANISTIC_CONTROL,0.918015894036178,0.9000531180270593,0.0179627760091185,1.3646965178253485,0.1070540802627787,1.0862375399709083,0.1714048975916612,1.2576424375625697,0.0999468819729407,0.0660028447353683,0.6603792277705841,34.115202380097095,1.5329479519693976,16.396207722294157,0.1,0.0958663536741447,1.1111111111111112,False,0.0999468819729406,5.3118027059317896e-05,0.3575893195355101,2.342570034545668,True,1.0000000000000002,3,COBYLA,240,2207,1.3145104902933211,minimum_frozen_p2_objective_final_then_append_zero_gamma3_beta3,"[6.289045021028471, 4.266169369375171, 0.0, 2.5852374279898886, 0.1238655085588723, 0.0]","[6.320443804988991, 4.2517949641420545, -0.21639899592659279, 2.676414102451681, 0.10325382432713008, 0.08689946017952786]","[6.320443804988991, 4.2517949641420545, -0.21639899592659279, 2.676414102451681, 0.10325382432713008, 0.08689946017952786]",240,240,241,1.1245581796392798,0.9000531180270593,0.9000531180270593,3,Return from COBYLA because the objective function has been evaluated MAXFUN times.,False,True,SUCCESS,,False,,,5ed3034be5800fc501893bfcd05423aa5bc6cd01c88acc190d885cfd8bf202e8,,normalized_mean_energy_H_C,False,230.796875
objective-run-f7d02030f412ba641128,PHASE1_2_OBJECTIVE_ALIGNMENT_AND_FEASIBILITY_CAPACITY_DIAGNOSTIC,task-v2-3cd2eda112d3,g-6aa6775bed3bc2cc,v2-S2-b001-g-6aa6775bed3bc2cc,S2,D3,10,2.533178701920149,0.0029296875,O3,CVAR_ENERGY,exact_weighted_lowest_energy_CVaR_alpha_0.10,EXACT_DISTRIBUTIONAL_ENERGY_CONTROL,0.2782080838629374,0.0933531056109708,0.1848549782519666,1.325262475726062,0.1034931788898995,1.0755821841253976,0.1461871127107648,1.2217692968361624,0.1031378135327585,0.0694326583491302,0.6732027369096505,35.204373685848246,1.546596622274509,16.267972630903493,0.1,0.0933531056109708,0.1337209302325581,True,0.1,0.0305673416508697,0.3249071103689207,2.365679449032804,True,1.0000000000000002,3,COBYLA,240,2207,1.3145104902933211,minimum_frozen_p2_objective_final_then_append_zero_gamma3_beta3,"[6.289045021028471, 4.266169369375171, 0.0, 2.5852374279898886, 0.1238655085588723, 0.0]","[6.2137494417056205, 4.48217217982619, 0.30445576041599093, 2.6658362387112593, 0.35468727792948035, -0.20241853484229827]","[6.2137494417056205, 4.48217217982619, 0.30445576041599093, 2.6658362387112593, 0.35468727792948035, -0.20241853484229827]",240,240,241,1.1439798409119248,0.0933531056109708,0.0933531056109708,3,Return from COBYLA because the objective function has been evaluated MAXFUN times.,False,True,SUCCESS,,False,,,5ed3034be5800fc501893bfcd05423aa5bc6cd01c88acc190d885cfd8bf202e8,,normalized_mean_energy_H_C,False,230.875
objective-run-5e006d8837ff80257ec6,PHASE1_2_OBJECTIVE_ALIGNMENT_AND_FEASIBILITY_CAPACITY_DIAGNOSTIC,task-v2-f4789f22d2c1,g-6aa6775bed3bc2cc,v2-S2-b001-g-6aa6775bed3bc2cc,S2,D4,10,2.4082399653118496,0.00390625,O0,MEAN_ENERGY,E_theta[H_C],HISTORICAL_MEAN_ENERGY_BASELINE,1.4475328873882962,1.4471761864150197,0.0003567009732765,1.44717618641502,0.1066437767803313,1.2579851705586529,0.0825472390760361,1.340532409634689,0.0134820647217175,0.0074390003505226,0.5517701111862732,3.451408568759704,0.5379963729846222,17.482298888137265,0.1,1.0040562838982805,1.169250645994832,False,0.0134820647217175,0.0016329624492925,0.3540144743564055,2.605539331478442,True,1.0000000000000004,3,COBYLA,240,1103,1.4475328873882962,minimum_frozen_p2_objective_final_then_append_zero_gamma3_beta3,"[1.251038109130302, 4.461620234289888, 0.0, 2.493187229475474, 0.05415861378670805, 0.0]","[1.2444911052271919, 4.385219766558689, 0.0037302331627562914, 2.4962511379321453, 0.05694786697961945, -0.0022053964209141743]","[1.2444911052271919, 4.385219766558689, 0.0037302331627562914, 2.4962511379321453, 0.05694786697961945, -0.0022053964209141743]",240,240,241,0.7367839803919196,1.4471761864150197,1.4471761864150197,3,Return from COBYLA because the objective function has been evaluated MAXFUN times.,False,True,SUCCESS,,True,results/phase1_1_optimization_diagnostic/p3_budget_scaling.csv,diag-run-2cb0a187aa0575b5fa64,5ed3034be5800fc501893bfcd05423aa5bc6cd01c88acc190d885cfd8bf202e8,bc0c3beeae21d5c1ff6d7feb5d6398a497f53f2e11df68b8435eae8d14e546bb,normalized_mean_energy_H_C,False,
objective-run-4616eee1783211625042,PHASE1_2_OBJECTIVE_ALIGNMENT_AND_FEASIBILITY_CAPACITY_DIAGNOSTIC,task-v2-f4789f22d2c1,g-6aa6775bed3bc2cc,v2-S2-b001-g-6aa6775bed3bc2cc,S2,D4,10,2.4082399653118496,0.00390625,O1,EXPECTED_PENALTY,E_theta[P_flow + P_resource],FEASIBILITY_ALIGNED_MECHANISTIC_OBJECTIVE_CONTROL,1.341068784573716,1.3206964950116444,0.0203722895620714,1.4261984024594927,0.1055019074478486,1.25282372009818,0.0678727749134645,1.3206964950116444,0.025104805448016,0.0141882893515249,0.5651622905783645,6.426830194692096,0.8079968254304811,17.348377094216353,0.1,0.8858793100533557,1.1808785529715762,False,0.025104805448016,0.00209758086888,0.3458013004596608,2.578884283196292,True,0.9999999999999996,3,COBYLA,240,1103,1.4475328873882962,minimum_frozen_p2_objective_final_then_append_zero_gamma3_beta3,"[1.251038109130302, 4.461620234289888, 0.0, 2.493187229475474, 0.05415861378670805, 0.0]","[1.1735387012042788, 4.7428299950643, 0.5081419233393731, 2.5229591202985184, 0.3722850922293712, -0.29303967825820476]","[1.1735387012042788, 4.7428299950643, 0.5081419233393731, 2.5229591202985184, 0.3722850922293712, -0.29303967825820476]",240,240,241,0.9841911625117064,1.3206964950116444,1.3206964950116444,3,Return from COBYLA because the objective function has been evaluated MAXFUN times.,False,True,SUCCESS,,False,,,5ed3034be5800fc501893bfcd05423aa5bc6cd01c88acc190d885cfd8bf202e8,,normalized_mean_energy_H_C,False,230.56640625
objective-run-a9f842ce0d72f23cc0f4,PHASE1_2_OBJECTIVE_ALIGNMENT_AND_FEASIBILITY_CAPACITY_DIAGNOSTIC,task-v2-f4789f22d2c1,g-6aa6775bed3bc2cc,v2-S2-b001-g-6aa6775bed3bc2cc,S2,D4,10,2.4082399653118496,0.00390625,O2,EXACT_FEASIBILITY_CONTROL,1 - P_feas(theta),STATEVECTOR_MECHANISTIC_CONTROL,0.9867570511893394,0.8492580170643091,0.1374990341250302,1.2397898966779208,0.1074986338088755,1.0307253192267385,0.1015659436423072,1.1322912628690456,0.1507419829356908,0.0863517676088458,0.5728448434016222,38.58994763153686,1.5864741892127543,17.271551565983778,0.1,0.0835164141809035,0.1337209302325581,True,0.1,0.0136482323911541,0.2830332458047364,2.264740805388191,True,0.9999999999999998,3,COBYLA,240,1103,1.4475328873882962,minimum_frozen_p2_objective_final_then_append_zero_gamma3_beta3,"[1.251038109130302, 4.461620234289888, 0.0, 2.493187229475474, 0.05415861378670805, 0.0]","[1.5385038630403576, 4.616269678717601, -1.1795656211296532, 3.1794677064820775, -0.554063916738428, 0.2179220487685927]","[1.5385038630403576, 4.616269678717601, -1.1795656211296532, 3.1794677064820775, -0.554063916738428, 0.2179220487685927]",240,240,241,1.0030024964362385,0.8492580170643091,0.8492580170643091,3,Return from COBYLA because the objective function has been evaluated MAXFUN times.,False,True,SUCCESS,,False,,,5ed3034be5800fc501893bfcd05423aa5bc6cd01c88acc190d885cfd8bf202e8,,normalized_mean_energy_H_C,False,230.5234375
objective-run-820e37cbdbaaec5e5c89,PHASE1_2_OBJECTIVE_ALIGNMENT_AND_FEASIBILITY_CAPACITY_DIAGNOSTIC,task-v2-f4789f22d2c1,g-6aa6775bed3bc2cc,v2-S2-b001-g-6aa6775bed3bc2cc,S2,D4,10,2.4082399653118496,0.00390625,O3,CVAR_ENERGY,exact_weighted_lowest_energy_CVaR_alpha_0.10,EXACT_DISTRIBUTIONAL_ENERGY_CONTROL,1.0061792355551715,0.2709969342232384,0.7351823013319332,1.3471130244172893,0.1048804926811955,1.1138587132085094,0.1283738185275843,1.2422325317360938,0.0830858464542516,0.0488478726924662,0.587920503636713,21.26997669228841,1.327767014001644,17.12079496363287,0.1,0.2709969342232384,1.1169250645994833,False,0.0830858464542516,0.0061688494846689,0.3253183781903463,2.4254240824468987,True,0.9999999999999992,3,COBYLA,240,1103,1.4475328873882962,minimum_frozen_p2_objective_final_then_append_zero_gamma3_beta3,"[1.251038109130302, 4.461620234289888, 0.0, 2.493187229475474, 0.05415861378670805, 0.0]","[2.048385821064913, 4.603790353894961, -0.041775679011402535, 3.2226112792574537, 0.06335013339519535, -0.49442543260783384]","[2.048385821064913, 4.603790353894961, -0.041775679011402535, 3.2226112792574537, 0.06335013339519535, -0.49442543260783384]",240,240,241,1.029265540651977,0.2709969342232384,0.2709969342232384,3,Return from COBYLA because the objective function has been evaluated MAXFUN times.,False,True,SUCCESS,,False,,,5ed3034be5800fc501893bfcd05423aa5bc6cd01c88acc190d885cfd8bf202e8,,normalized_mean_energy_H_C,False,230.82421875
objective-run-7d5b28254448162cae12,PHASE1_2_OBJECTIVE_ALIGNMENT_AND_FEASIBILITY_CAPACITY_DIAGNOSTIC,task-v2-4968f3a685c2,g-8a16a856f5377a40,v2-S3-b000-g-8a16a856f5377a40,S3,D1,13,3.9133899436317554,0.0001220703125,O0,MEAN_ENERGY,E_theta[H_C],HISTORICAL_MEAN_ENERGY_BASELINE,1.5661662043649591,1.3355793197767845,0.2305868845881746,1.3355793197767845,0.0403943421501693,1.0949148373329196,0.200270140293695,1.2951849776266149,0.001712038194821,0.001712038194821,1.0,14.025016891974166,1.146903393000338,18.0,0.1,1.0492350296598143,1.0666666666666669,False,0.001712038194821,0.0911881599446107,0.2968970158214365,2.6979668695941004,True,0.9999999999999988,3,COBYLA,240,1103,1.5661662043649591,minimum_frozen_p2_objective_final_then_append_zero_gamma3_beta3,"[2.3572979579313866, 5.058713558072617, 0.0, 3.71953118117793, -0.9818183631331936, 0.0]","[3.570723009419962, 5.630118521362268, 0.9783720463944693, 3.966878744970165, -0.9377982046808627, -0.17921872210071113]","[3.570723009419962, 5.630118521362268, 0.9783720463944693, 3.966878744970165, -0.9377982046808627, -0.17921872210071113]",240,240,241,1.935254910029471,1.3355793197767845,1.3355793197767845,3,Return from COBYLA because the objective function has been evaluated MAXFUN times.,False,True,SUCCESS,,True,results/phase1_1_optimization_diagnostic/p3_budget_scaling.csv,diag-run-9a14c52b81b6ac896769,5ed3034be5800fc501893bfcd05423aa5bc6cd01c88acc190d885cfd8bf202e8,bc0c3beeae21d5c1ff6d7feb5d6398a497f53f2e11df68b8435eae8d14e546bb,normalized_mean_energy_H_C,False,
objective-run-03c8e7bec26292634f62,PHASE1_2_OBJECTIVE_ALIGNMENT_AND_FEASIBILITY_CAPACITY_DIAGNOSTIC,task-v2-4968f3a685c2,g-8a16a856f5377a40,v2-S3-b000-g-8a16a856f5377a40,S3,D1,13,3.9133899436317554,0.0001220703125,O1,EXPECTED_PENALTY,E_theta[P_flow + P_resource],FEASIBILITY_ALIGNED_MECHANISTIC_OBJECTIVE_CONTROL,1.511638720142903,1.2969212392535718,0.2147174808893308,1.3382552320662775,0.0413339928127053,1.0964906633622409,0.2004305758913311,1.2969212392535718,0.0020861625863867,0.0020861625863867,1.0,17.089843907680358,1.2327380960535237,18.0,0.1,1.0457229638860606,1.0666666666666669,False,0.0020861625863867,0.0914644059225702,0.2990074018399563,2.6947341104008835,True,1.0000000000000016,3,COBYLA,240,1103,1.5661662043649591,minimum_frozen_p2_objective_final_then_append_zero_gamma3_beta3,"[2.3572979579313866, 5.058713558072617, 0.0, 3.71953118117793, -0.9818183631331936, 0.0]","[3.442390607805864, 5.5322714765790595, 1.056550593576364, 3.9765073488483087, -0.9329745416881219, -0.18376434544934853]","[3.442390607805864, 5.5322714765790595, 1.056550593576364, 3.9765073488483087, -0.9329745416881219, -0.18376434544934853]",240,240,241,1.9985638549551368,1.2969212392535718,1.2969212392535718,3,Return from COBYLA because the objective function has been evaluated MAXFUN times.,False,True,SUCCESS,,False,,,5ed3034be5800fc501893bfcd05423aa5bc6cd01c88acc190d885cfd8bf202e8,,normalized_mean_energy_H_C,False,230.5546875
objective-run-d2fdef41c38590907c17,PHASE1_2_OBJECTIVE_ALIGNMENT_AND_FEASIBILITY_CAPACITY_DIAGNOSTIC,task-v2-4968f3a685c2,g-8a16a856f5377a40,v2-S3-b000-g-8a16a856f5377a40,S3,D1,13,3.9133899436317554,0.0001220703125,O2,EXACT_FEASIBILITY_CONTROL,1 - P_feas(theta),STATEVECTOR_MECHANISTIC_CONTROL,0.999242837256234,0.9852150788740788,0.0140277583821549,1.6496014206248182,0.0703738049477046,1.0170326119278343,0.5621950037492798,1.579227615677114,0.0147849211259211,0.0147849211259211,1.0,121.11807386354576,2.0832089556410955,18.0,0.1,0.9217709079895404,1.0768271448255022,False,0.0147849211259211,0.0109301600100016,0.5940125368030361,2.3616326998192005,True,0.9999999999999992,3,COBYLA,240,1103,1.5661662043649591,minimum_frozen_p2_objective_final_then_append_zero_gamma3_beta3,"[2.3572979579313866, 5.058713558072617, 0.0, 3.71953118117793, -0.9818183631331936, 0.0]","[3.14519805771218, 4.581428651416887, 0.7452723941878744, 3.018805894939089, -0.3549798274197811, -0.17630008146174295]","[3.14519805771218, 4.581428651416887, 0.7452723941878744, 3.018805894939089, -0.3549798274197811, -0.17630008146174295]",240,240,241,1.9834135277196765,0.9852150788740788,0.9852150788740788,3,Return from COBYLA because the objective function has been evaluated MAXFUN times.,False,True,SUCCESS,,False,,,5ed3034be5800fc501893bfcd05423aa5bc6cd01c88acc190d885cfd8bf202e8,,normalized_mean_energy_H_C,False,230.76953125
objective-run-20c65409582cbbc3c68f,PHASE1_2_OBJECTIVE_ALIGNMENT_AND_FEASIBILITY_CAPACITY_DIAGNOSTIC,task-v2-4968f3a685c2,g-8a16a856f5377a40,v2-S3-b000-g-8a16a856f5377a40,S3,D1,13,3.9133899436317554,0.0001220703125,O3,CVAR_ENERGY,exact_weighted_lowest_energy_CVaR_alpha_0.10,EXACT_DISTRIBUTIONAL_ENERGY_CONTROL,1.058505280217577,0.9254604767549474,0.1330448034626296,1.8981670814790177,0.0903129507262267,1.0825363575954272,0.7253177731573631,1.8078541307527904,0.0149150014151345,0.0149150014151345,1.0,122.18369159278237,2.087013242535677,18.0,0.1,0.9254604767549474,1.0939776548310336,False,0.0149150014151345,4.1120642256045614e-05,0.8227691321679239,2.1324858635866724,True,1.0000000000000004,3,COBYLA,240,1103,1.5661662043649591,minimum_frozen_p2_objective_final_then_append_zero_gamma3_beta3,"[2.3572979579313866, 5.058713558072617, 0.0, 3.71953118117793, -0.9818183631331936, 0.0]","[2.6063841345669134, 4.9443463010607225, -1.4470044045173747, 3.3933839621421704, -0.6878311627047758, 0.22675625770209049]","[2.6063841345669134, 4.9443463010607225, -1.4470044045173747, 3.3933839621421704, -0.6878311627047758, 0.22675625770209049]",240,240,241,2.0131023935973644,0.9254604767549474,0.9254604767549474,3,Return from COBYLA because the objective function has been evaluated MAXFUN times.,False,True,SUCCESS,,False,,,5ed3034be5800fc501893bfcd05423aa5bc6cd01c88acc190d885cfd8bf202e8,,normalized_mean_energy_H_C,False,230.578125
objective-run-df08db98fa5699ecc0c1,PHASE1_2_OBJECTIVE_ALIGNMENT_AND_FEASIBILITY_CAPACITY_DIAGNOSTIC,task-v2-8f4071cbe937,g-8a16a856f5377a40,v2-S3-b000-g-8a16a856f5377a40,S3,D2,13,3.612359947967774,0.000244140625,O0,MEAN_ENERGY,E_theta[H_C],HISTORICAL_MEAN_ENERGY_BASELINE,1.553451696088962,1.4624365623603526,0.0910151337286093,1.4624365623603524,0.0602379868125425,1.0808905461641758,0.3213080293836333,1.4021985755478092,0.0126409893610916,0.0060470783117035,0.4783706511387563,51.77749242303136,1.7141410137850115,17.043258697722486,0.1,0.9416116178423304,1.0666666666666669,False,0.0126409893610916,0.0703442152020127,0.4148395649089036,2.5472374670078213,True,0.9999999999999986,3,COBYLA,240,1103,1.553451696088962,minimum_frozen_p2_objective_final_then_append_zero_gamma3_beta3,"[2.1168240366329436, 4.723762899386075, 0.0, 3.256906727770692, -0.7870703560194641, 0.0]","[2.1161073558906165, 4.513419541413337, -0.7514781211896742, 3.2252803739217315, -0.924283551129821, 0.19822120486329645]","[2.1161073558906165, 4.513419541413337, -0.7514781211896742, 3.2252803739217315, -0.924283551129821, 0.19822120486329645]",240,240,241,1.7750141434371471,1.4624365623603526,1.4624365623603526,3,Return from COBYLA because the objective function has been evaluated MAXFUN times.,False,True,SUCCESS,,True,results/phase1_1_optimization_diagnostic/p3_budget_scaling.csv,diag-run-7626f2fdcf085aa0775f,5ed3034be5800fc501893bfcd05423aa5bc6cd01c88acc190d885cfd8bf202e8,bc0c3beeae21d5c1ff6d7feb5d6398a497f53f2e11df68b8435eae8d14e546bb,normalized_mean_energy_H_C,False,
objective-run-cdbcd26a21bb7f217014,PHASE1_2_OBJECTIVE_ALIGNMENT_AND_FEASIBILITY_CAPACITY_DIAGNOSTIC,task-v2-8f4071cbe937,g-8a16a856f5377a40,v2-S3-b000-g-8a16a856f5377a40,S3,D2,13,3.612359947967774,0.000244140625,O1,EXPECTED_PENALTY,E_theta[P_flow + P_resource],FEASIBILITY_ALIGNED_MECHANISTIC_OBJECTIVE_CONTROL,1.4906063393013844,1.413118886364582,0.0774874529368023,1.4732440933755997,0.0601252070110176,1.092336026077135,0.3207828602874468,1.413118886364582,0.0103370856317259,0.004928335733542,0.4767625914228967,42.340702747549486,1.62675806192265,17.046474817154206,0.1,0.9643200283779582,1.0666666666666669,False,0.0103370856317259,0.0752655837105044,0.4234559719963067,2.5455327711085154,True,1.0000000000000009,3,COBYLA,240,1103,1.553451696088962,minimum_frozen_p2_objective_final_then_append_zero_gamma3_beta3,"[2.1168240366329436, 4.723762899386075, 0.0, 3.256906727770692, -0.7870703560194641, 0.0]","[1.9844193455046053, 4.639965000427048, -0.6148830013898255, 3.2344392678584777, -0.9432227638300025, 0.18463960242576566]","[1.9844193455046053, 4.639965000427048, -0.6148830013898255, 3.2344392678584777, -0.9432227638300025, 0.18463960242576566]",240,240,241,2.2133365673944354,1.413118886364582,1.413118886364582,3,Return from COBYLA because the objective function has been evaluated MAXFUN times.,False,True,SUCCESS,,False,,,5ed3034be5800fc501893bfcd05423aa5bc6cd01c88acc190d885cfd8bf202e8,,normalized_mean_energy_H_C,False,230.81640625
objective-run-bb5b9a991b08556ceb35,PHASE1_2_OBJECTIVE_ALIGNMENT_AND_FEASIBILITY_CAPACITY_DIAGNOSTIC,task-v2-8f4071cbe937,g-8a16a856f5377a40,v2-S3-b000-g-8a16a856f5377a40,S3,D2,13,3.612359947967774,0.000244140625,O2,EXACT_FEASIBILITY_CONTROL,1 - P_feas(theta),STATEVECTOR_MECHANISTIC_CONTROL,0.9936954572399924,0.9565188485321908,0.0371766087078018,1.659569587250286,0.088276407671732,1.011764597275946,0.5595285823026074,1.5712931795785536,0.0434811514678092,0.0220845059886393,0.5079098699810046,178.09879641214675,2.2506609845203496,16.98418026003799,0.1,0.640546395846362,1.072590099507637,False,0.0434811514678092,0.0081179915780184,0.6147743310463625,2.2547822145502097,True,1.0000000000000002,3,COBYLA,240,1103,1.553451696088962,minimum_frozen_p2_objective_final_then_append_zero_gamma3_beta3,"[2.1168240366329436, 4.723762899386075, 0.0, 3.256906727770692, -0.7870703560194641, 0.0]","[2.51205597122294, 4.580959384060146, -1.231098989884182, 3.094728070161933, -0.5425796862353441, 0.20456311248399997]","[2.51205597122294, 4.580959384060146, -1.231098989884182, 3.094728070161933, -0.5425796862353441, 0.20456311248399997]",240,240,241,2.060109960846603,0.9565188485321908,0.9565188485321908,3,Return from COBYLA because the objective function has been evaluated MAXFUN times.,False,True,SUCCESS,,False,,,5ed3034be5800fc501893bfcd05423aa5bc6cd01c88acc190d885cfd8bf202e8,,normalized_mean_energy_H_C,False,230.88671875
objective-run-3c9f1161165b0d95a0d6,PHASE1_2_OBJECTIVE_ALIGNMENT_AND_FEASIBILITY_CAPACITY_DIAGNOSTIC,task-v2-8f4071cbe937,g-8a16a856f5377a40,v2-S3-b000-g-8a16a856f5377a40,S3,D2,13,3.612359947967774,0.000244140625,O3,CVAR_ENERGY,exact_weighted_lowest_energy_CVaR_alpha_0.10,EXACT_DISTRIBUTIONAL_ENERGY_CONTROL,1.003850967439684,0.6415283853563262,0.3623225820833579,1.6625542080451234,0.0885137534993618,1.0124991920311028,0.5615412625146583,1.5740404545457611,0.043377403443875,0.0219822577249357,0.5067674867486729,177.67384450611218,2.249623499708943,16.986465026502657,0.1,0.6415283853563262,1.072590099507637,False,0.043377403443875,0.0077647921700462,0.6174178579896369,2.252449931678738,True,0.9999999999999998,3,COBYLA,240,1103,1.553451696088962,minimum_frozen_p2_objective_final_then_append_zero_gamma3_beta3,"[2.1168240366329436, 4.723762899386075, 0.0, 3.256906727770692, -0.7870703560194641, 0.0]","[2.4388448529051483, 4.705453080751941, -1.2458163192786469, 3.089672367249568, -0.5379211591689369, 0.20404804990547298]","[2.4388448529051483, 4.705453080751941, -1.2458163192786469, 3.089672367249568, -0.5379211591689369, 0.20404804990547298]",240,240,241,2.0678202053532004,0.6415283853563262,0.6415283853563262,3,Return from COBYLA because the objective function has been evaluated MAXFUN times.,False,True,SUCCESS,,False,,,5ed3034be5800fc501893bfcd05423aa5bc6cd01c88acc190d885cfd8bf202e8,,normalized_mean_energy_H_C,False,230.57421875
objective-run-cc8418ab38d7a8e9d0ea,PHASE1_2_OBJECTIVE_ALIGNMENT_AND_FEASIBILITY_CAPACITY_DIAGNOSTIC,task-v2-5de325b6f026,g-8a16a856f5377a40,v2-S3-b000-g-8a16a856f5377a40,S3,D3,13,3.436268688912093,0.0003662109375,O0,MEAN_ENERGY,E_theta[H_C],HISTORICAL_MEAN_ENERGY_BASELINE,1.5459860591715722,1.4468135280779395,0.0991725310936324,1.4468135280779402,0.0619201326520143,1.0679558191571366,0.3169375762687891,1.3848933954259257,0.0228699675544266,0.0148383990619163,0.6488159209934817,62.450258068621,1.7955342373866392,16.702368158013034,0.1,0.8417852560525693,1.0666666666666669,False,0.0228699675544266,0.0576599240737245,0.4077633629803519,2.5236267343563683,True,1.0000000000000004,3,COBYLA,240,1103,1.5459860591715722,minimum_frozen_p2_objective_final_then_append_zero_gamma3_beta3,"[2.0522876013912557, 4.8079350627351785, 0.0, 3.254631144510704, -0.7771932871610482, 0.0]","[1.9840895988470826, 4.642986050458588, -0.8095241233480166, 3.214795051440177, -0.8659046048542873, 0.1686109294501774]","[1.9840895988470826, 4.642986050458588, -0.8095241233480166, 3.214795051440177, -0.8659046048542873, 0.1686109294501774]",240,240,241,1.7204000605270269,1.4468135280779395,1.4468135280779395,3,Return from COBYLA because the objective function has been evaluated MAXFUN times.,False,True,SUCCESS,,True,results/phase1_1_optimization_diagnostic/p3_budget_scaling.csv,diag-run-5924a9f408f9b98ca27b,5ed3034be5800fc501893bfcd05423aa5bc6cd01c88acc190d885cfd8bf202e8,bc0c3beeae21d5c1ff6d7feb5d6398a497f53f2e11df68b8435eae8d14e546bb,normalized_mean_energy_H_C,False,
objective-run-7c93b8302c994e98b2c1,PHASE1_2_OBJECTIVE_ALIGNMENT_AND_FEASIBILITY_CAPACITY_DIAGNOSTIC,task-v2-5de325b6f026,g-8a16a856f5377a40,v2-S3-b000-g-8a16a856f5377a40,S3,D3,13,3.436268688912093,0.0003662109375,O1,EXPECTED_PENALTY,E_theta[P_flow + P_resource],FEASIBILITY_ALIGNED_MECHANISTIC_OBJECTIVE_CONTROL,1.4829307953062538,1.3603017596596314,0.1226290356466224,1.4206011911254477,0.0602994314658156,1.0471710943465888,0.3131306653130424,1.3603017596596314,0.0324792194644236,0.0201201786055874,0.6194785138733452,88.6899219508529,1.947874272708852,16.761042972253307,0.1,0.7483630659254367,1.0666666666666669,False,0.0324792194644236,0.0454689510157118,0.3927809791240559,2.509781362482673,True,0.9999999999999996,3,COBYLA,240,1103,1.5459860591715722,minimum_frozen_p2_objective_final_then_append_zero_gamma3_beta3,"[2.0522876013912557, 4.8079350627351785, 0.0, 3.254631144510704, -0.7771932871610482, 0.0]","[1.9867352927960826, 4.589459339980222, 0.7996873447949131, 3.2066172931523336, -0.532076364936596, -0.20931623785326203]","[1.9867352927960826, 4.589459339980222, 0.7996873447949131, 3.2066172931523336, -0.532076364936596, -0.20931623785326203]",240,240,241,1.994256499223411,1.3603017596596314,1.3603017596596314,3,Return from COBYLA because the objective function has been evaluated MAXFUN times.,False,True,SUCCESS,,False,,,5ed3034be5800fc501893bfcd05423aa5bc6cd01c88acc190d885cfd8bf202e8,,normalized_mean_energy_H_C,False,230.55078125
objective-run-35fe49ee5a5dd71307ff,PHASE1_2_OBJECTIVE_ALIGNMENT_AND_FEASIBILITY_CAPACITY_DIAGNOSTIC,task-v2-5de325b6f026,g-8a16a856f5377a40,v2-S3-b000-g-8a16a856f5377a40,S3,D3,13,3.436268688912093,0.0003662109375,O2,EXACT_FEASIBILITY_CONTROL,1 - P_feas(theta),STATEVECTOR_MECHANISTIC_CONTROL,0.990257170725956,0.9444039734239889,0.0458531973019671,1.608631304679989,0.0838221409543821,1.0072380108427113,0.5175711528828955,1.5248091637256067,0.0555960265760112,0.03826004602778,0.6881795046174873,151.81421657022796,2.18131244276436,16.623640990765026,0.1,0.5225280326742533,1.0724253089596758,False,0.0555960265760112,0.0079159718913741,0.5804051903016172,2.2528067299703496,True,1.0000000000000004,3,COBYLA,240,1103,1.5459860591715722,minimum_frozen_p2_objective_final_then_append_zero_gamma3_beta3,"[2.0522876013912557, 4.8079350627351785, 0.0, 3.254631144510704, -0.7771932871610482, 0.0]","[2.0111038718928493, 4.803135715019507, -0.9795850417936681, 2.8262063993190893, -0.5513513767383875, 0.2061957079915381]","[2.0111038718928493, 4.803135715019507, -0.9795850417936681, 2.8262063993190893, -0.5513513767383875, 0.2061957079915381]",240,240,241,2.002291636541486,0.9444039734239889,0.9444039734239889,3,Return from COBYLA because the objective function has been evaluated MAXFUN times.,False,True,SUCCESS,,False,,,5ed3034be5800fc501893bfcd05423aa5bc6cd01c88acc190d885cfd8bf202e8,,normalized_mean_energy_H_C,False,230.83203125
objective-run-2d67288284104f5ff5d0,PHASE1_2_OBJECTIVE_ALIGNMENT_AND_FEASIBILITY_CAPACITY_DIAGNOSTIC,task-v2-5de325b6f026,g-8a16a856f5377a40,v2-S3-b000-g-8a16a856f5377a40,S3,D3,13,3.436268688912093,0.0003662109375,O3,CVAR_ENERGY,exact_weighted_lowest_energy_CVaR_alpha_0.10,EXACT_DISTRIBUTIONAL_ENERGY_CONTROL,0.970279565266696,0.4339926506914769,0.5362869145752189,1.6400332111228355,0.0887400574996224,1.0056399170321084,0.5456532365911048,1.551293153623213,0.0646689418357218,0.0435486617202059,0.6734092206245215,176.5893238394111,2.2469644436481886,16.65318155875096,0.1,0.4339926506914769,1.0547403525411967,False,0.0646689418357217,0.0136608550639365,0.6159620954589335,2.190031079033901,True,1.000000000000001,3,COBYLA,240,1103,1.5459860591715722,minimum_frozen_p2_objective_final_then_append_zero_gamma3_beta3,"[2.0522876013912557, 4.8079350627351785, 0.0, 3.254631144510704, -0.7771932871610482, 0.0]","[2.2933210571188973, 4.883005646465564, -1.1988689060451365, 3.0897307068061974, -0.5373909211860325, 0.20117793204726167]","[2.2933210571188973, 4.883005646465564, -1.1988689060451365, 3.0897307068061974, -0.5373909211860325, 0.20117793204726167]",240,240,241,2.048336199484765,0.4339926506914769,0.4339926506914769,3,Return from COBYLA because the objective function has been evaluated MAXFUN times.,False,True,SUCCESS,,False,,,5ed3034be5800fc501893bfcd05423aa5bc6cd01c88acc190d885cfd8bf202e8,,normalized_mean_energy_H_C,False,230.5546875
objective-run-9ab0bfe11699d8655ea5,PHASE1_2_OBJECTIVE_ALIGNMENT_AND_FEASIBILITY_CAPACITY_DIAGNOSTIC,task-v2-eb1005d46905,g-8a16a856f5377a40,v2-S3-b000-g-8a16a856f5377a40,S3,D4,13,3.311329952303793,0.00048828125,O0,MEAN_ENERGY,E_theta[H_C],HISTORICAL_MEAN_ENERGY_BASELINE,1.515837039047168,1.3588743799262764,0.1569626591208917,1.3588743799262764,0.0801375961103018,1.050653993663245,0.2280827901527289,1.278736783815974,0.0553571983251965,0.0195361860111679,0.3529113936800493,113.37154217000248,2.05450405429626,13.6229142600779,0.1,0.5206551598683455,1.084108527131783,False,0.0553571983251965,0.0056719087796802,0.3340939821411721,2.499834422883238,True,0.9999999999999992,3,COBYLA,240,2207,1.515837039047168,minimum_frozen_p2_objective_final_then_append_zero_gamma3_beta3,"[5.646268770461309, 4.087709939516235, 0.0, 2.451268107417907, 0.13357294455980182, 0.0]","[6.5765565531666, 4.580733636567525, 0.17184974006172918, 2.465056498558118, 0.2649851148089734, -0.14302498797221685]","[6.5765565531666, 4.580733636567525, 0.17184974006172918, 2.465056498558118, 0.2649851148089734, -0.14302498797221685]",240,240,241,1.720506734214723,1.3588743799262764,1.3588743799262764,3,Return from COBYLA because the objective function has been evaluated MAXFUN times.,False,True,SUCCESS,,True,results/phase1_1_optimization_diagnostic/p3_budget_scaling.csv,diag-run-b23a2f721b4ec0e1e6dd,5ed3034be5800fc501893bfcd05423aa5bc6cd01c88acc190d885cfd8bf202e8,bc0c3beeae21d5c1ff6d7feb5d6398a497f53f2e11df68b8435eae8d14e546bb,normalized_mean_energy_H_C,False,
objective-run-028e1e235f462de9c3ed,PHASE1_2_OBJECTIVE_ALIGNMENT_AND_FEASIBILITY_CAPACITY_DIAGNOSTIC,task-v2-eb1005d46905,g-8a16a856f5377a40,v2-S3-b000-g-8a16a856f5377a40,S3,D4,13,3.311329952303793,0.00048828125,O1,EXPECTED_PENALTY,E_theta[P_flow + P_resource],FEASIBILITY_ALIGNED_MECHANISTIC_OBJECTIVE_CONTROL,1.4235895799161131,1.3028122612410666,0.1207773186750464,1.3844999600620902,0.081687698821024,1.0593626066234,0.2434496546176665,1.3028122612410666,0.0494166859740635,0.0179816420442512,0.3638779430431449,101.20537287488207,2.005203569301934,13.516546373692192,0.1,0.5807849203170975,1.089922480620155,False,0.0494166859740635,9.272734135991334e-05,0.3522289472151317,2.499520994862677,True,0.9999999999999992,3,COBYLA,240,2207,1.515837039047168,minimum_frozen_p2_objective_final_then_append_zero_gamma3_beta3,"[5.646268770461309, 4.087709939516235, 0.0, 2.451268107417907, 0.13357294455980182, 0.0]","[6.465225759334281, 4.535910292792008, -0.018986097643136822, 2.4679503664779383, 0.1044532181125546, 0.014156548282309504]","[6.465225759334281, 4.535910292792008, -0.018986097643136822, 2.4679503664779383, 0.1044532181125546, 0.014156548282309504]",240,240,241,1.954748903401196,1.3028122612410669,1.3028122612410669,3,Return from COBYLA because the objective function has been evaluated MAXFUN times.,False,True,SUCCESS,,False,,,5ed3034be5800fc501893bfcd05423aa5bc6cd01c88acc190d885cfd8bf202e8,,normalized_mean_energy_H_C,False,230.7734375
objective-run-6823bfaff9fd53624365,PHASE1_2_OBJECTIVE_ALIGNMENT_AND_FEASIBILITY_CAPACITY_DIAGNOSTIC,task-v2-eb1005d46905,g-8a16a856f5377a40,v2-S3-b000-g-8a16a856f5377a40,S3,D4,13,3.311329952303793,0.00048828125,O2,EXACT_FEASIBILITY_CONTROL,1 - P_feas(theta),STATEVECTOR_MECHANISTIC_CONTROL,0.9724002657777404,0.9019950803456448,0.0704051854320955,1.5644841898843214,0.0975964151544391,1.0057080063666015,0.4611797683632807,1.4668877747298823,0.0980049196543551,0.043314916613689,0.441966758061254,200.7140754521194,2.3025778292729453,12.78513097575993,0.1,0.0937632951931815,1.0482848299592384,False,0.0980049196543551,0.0019950803456448,0.5648926943842371,2.1410925466526973,True,1.0000000000000002,3,COBYLA,240,2207,1.515837039047168,minimum_frozen_p2_objective_final_then_append_zero_gamma3_beta3,"[5.646268770461309, 4.087709939516235, 0.0, 2.451268107417907, 0.13357294455980182, 0.0]","[6.512913441317989, 4.497798364468251, 0.680801562641468, 2.6290627296322278, -0.17900792503338572, 0.2749906233717298]","[6.512913441317989, 4.497798364468251, 0.680801562641468, 2.6290627296322278, -0.17900792503338572, 0.2749906233717298]",240,240,241,1.967484728433192,0.9019950803456448,0.9019950803456448,3,Return from COBYLA because the objective function has been evaluated MAXFUN times.,False,True,SUCCESS,,False,,,5ed3034be5800fc501893bfcd05423aa5bc6cd01c88acc190d885cfd8bf202e8,,normalized_mean_energy_H_C,False,230.578125
objective-run-1a625342f194c0795820,PHASE1_2_OBJECTIVE_ALIGNMENT_AND_FEASIBILITY_CAPACITY_DIAGNOSTIC,task-v2-eb1005d46905,g-8a16a856f5377a40,v2-S3-b000-g-8a16a856f5377a40,S3,D4,13,3.311329952303793,0.00048828125,O3,CVAR_ENERGY,exact_weighted_lowest_energy_CVaR_alpha_0.10,EXACT_DISTRIBUTIONAL_ENERGY_CONTROL,0.8062580740429389,0.30736051123452,0.4988975628084189,1.4232000658931678,0.0894972388959124,1.0241178208696762,0.309585006127579,1.3337028269972553,0.0767570638525745,0.0263649579070876,0.3434857534119107,157.19846677007263,2.1964483058475097,13.682179553847114,0.1,0.30736051123452,1.0697761537667834,False,0.0767570638525745,0.0069504321653996,0.4104598908498291,2.3592689175924475,True,1.0,3,COBYLA,240,2207,1.515837039047168,minimum_frozen_p2_objective_final_then_append_zero_gamma3_beta3,"[5.646268770461309, 4.087709939516235, 0.0, 2.451268107417907, 0.13357294455980182, 0.0]","[6.780643617242035, 4.8736992788326505, 0.3054093436218293, 2.5603814840082895, 0.30116436045316625, -0.153343707215531]","[6.780643617242035, 4.8736992788326505, 0.3054093436218293, 2.5603814840082895, 0.30116436045316625, -0.153343707215531]",240,240,241,2.1154444590210915,0.30736051123452,0.30736051123452,3,Return from COBYLA because the objective function has been evaluated MAXFUN times.,False,True,SUCCESS,,False,,,5ed3034be5800fc501893bfcd05423aa5bc6cd01c88acc190d885cfd8bf202e8,,normalized_mean_energy_H_C,False,230.88671875
objective-run-16f37e9f2d8a16406613,PHASE1_2_OBJECTIVE_ALIGNMENT_AND_FEASIBILITY_CAPACITY_DIAGNOSTIC,task-v2-0c6c4504c3d3,g-8a16a856f5377a40,v2-S3-b000-g-8a16a856f5377a40,S3,D5,13,3.2144199392957367,0.0006103515625,O0,MEAN_ENERGY,E_theta[H_C],HISTORICAL_MEAN_ENERGY_BASELINE,1.5069255612077626,1.3385118277668702,0.1684137334408924,1.3385118277668704,0.0802423292237654,1.0457263625160484,0.2125431360270558,1.2582694985431042,0.0687499477902451,0.0199825441819598,0.2906554088291992,112.63991445953768,2.051692311988335,13.399356291322896,0.1,0.3865203205180219,1.084108527131783,False,0.0687499477902452,0.001314511524025,0.3270194463333508,2.4667307102959137,True,0.9999999999999988,3,COBYLA,240,2207,1.5069255612077626,minimum_frozen_p2_objective_final_then_append_zero_gamma3_beta3,"[5.633014571174835, 4.166480396683977, 0.0, 2.4485288277994526, 0.12896163233685734, 0.0]","[6.556739347628954, 4.622062658932104, 0.21875248344455056, 2.467389871644448, 0.2733151072382381, -0.15418448201262805]","[6.556739347628954, 4.622062658932104, 0.21875248344455056, 2.467389871644448, 0.2733151072382381, -0.15418448201262805]",240,240,241,1.8731596376746893,1.3385118277668702,1.3385118277668702,3,Return from COBYLA because the objective function has been evaluated MAXFUN times.,False,True,SUCCESS,,True,results/phase1_1_optimization_diagnostic/p3_budget_scaling.csv,diag-run-82832a36869b6d064249,5ed3034be5800fc501893bfcd05423aa5bc6cd01c88acc190d885cfd8bf202e8,bc0c3beeae21d5c1ff6d7feb5d6398a497f53f2e11df68b8435eae8d14e546bb,normalized_mean_energy_H_C,False,
objective-run-cae145bd8814e868948b,PHASE1_2_OBJECTIVE_ALIGNMENT_AND_FEASIBILITY_CAPACITY_DIAGNOSTIC,task-v2-0c6c4504c3d3,g-8a16a856f5377a40,v2-S3-b000-g-8a16a856f5377a40,S3,D5,13,3.2144199392957367,0.0006103515625,O1,EXPECTED_PENALTY,E_theta[P_flow + P_resource],FEASIBILITY_ALIGNED_MECHANISTIC_OBJECTIVE_CONTROL,1.4143882635360063,1.2755488715929666,0.1388393919430397,1.3587937279212752,0.0832448563283084,1.0460190908303666,0.2295297807625999,1.2755488715929666,0.0685553334302571,0.0200856491191225,0.2929844858760133,112.32105829213326,2.050461186739687,13.333656661221962,0.1,0.3887956263546128,1.084108527131783,False,0.0685553334302571,0.006468321966374,0.344104205023223,2.4502297946860057,True,1.0000000000000002,3,COBYLA,240,2207,1.5069255612077626,minimum_frozen_p2_objective_final_then_append_zero_gamma3_beta3,"[5.633014571174835, 4.166480396683977, 0.0, 2.4485288277994526, 0.12896163233685734, 0.0]","[6.457348057741503, 4.586864146357629, 0.12865379961497586, 2.485652891399462, 0.2268971498556479, -0.10250889173951515]","[6.457348057741503, 4.586864146357629, 0.12865379961497586, 2.485652891399462, 0.2268971498556479, -0.10250889173951515]",240,240,241,2.096079128794372,1.2755488715929664,1.2755488715929664,3,Return from COBYLA because the objective function has been evaluated MAXFUN times.,False,True,SUCCESS,,False,,,5ed3034be5800fc501893bfcd05423aa5bc6cd01c88acc190d885cfd8bf202e8,,normalized_mean_energy_H_C,False,230.81640625
objective-run-3a77dcd99fe222207a72,PHASE1_2_OBJECTIVE_ALIGNMENT_AND_FEASIBILITY_CAPACITY_DIAGNOSTIC,task-v2-0c6c4504c3d3,g-8a16a856f5377a40,v2-S3-b000-g-8a16a856f5377a40,S3,D5,13,3.2144199392957367,0.0006103515625,O2,EXACT_FEASIBILITY_CONTROL,1 - P_feas(theta),STATEVECTOR_MECHANISTIC_CONTROL,0.9642903910890426,0.9069140772515618,0.0573763138374807,1.4546750021267496,0.0952567798574222,1.0246547674265771,0.3347634548427503,1.3594182222693274,0.0930859227484381,0.0261939035175244,0.2813948956418757,152.51197583104104,2.1833039475066025,13.33239740716799,0.1,0.1446172031444763,1.0480449621386043,False,0.0930859227484381,0.0069140772515618,0.4525041450177667,2.2682380867369187,True,0.9999999999999992,3,COBYLA,240,2207,1.5069255612077626,minimum_frozen_p2_objective_final_then_append_zero_gamma3_beta3,"[5.633014571174835, 4.166480396683977, 0.0, 2.4485288277994526, 0.12896163233685734, 0.0]","[6.738610543947902, 4.862554490708732, -0.40945604001213, 2.5736615606149407, 0.10083317198616099, 0.08221533681627764]","[6.738610543947902, 4.862554490708732, -0.40945604001213, 2.5736615606149407, 0.10083317198616099, 0.08221533681627764]",240,240,241,1.9849749766290188,0.9069140772515618,0.9069140772515618,3,Return from COBYLA because the objective function has been evaluated MAXFUN times.,False,True,SUCCESS,,False,,,5ed3034be5800fc501893bfcd05423aa5bc6cd01c88acc190d885cfd8bf202e8,,normalized_mean_energy_H_C,False,230.55078125
objective-run-fa1d32dae2ed95a5aaf4,PHASE1_2_OBJECTIVE_ALIGNMENT_AND_FEASIBILITY_CAPACITY_DIAGNOSTIC,task-v2-0c6c4504c3d3,g-8a16a856f5377a40,v2-S3-b000-g-8a16a856f5377a40,S3,D5,13,3.2144199392957367,0.0006103515625,O3,CVAR_ENERGY,exact_weighted_lowest_energy_CVaR_alpha_0.10,EXACT_DISTRIBUTIONAL_ENERGY_CONTROL,0.7253953339322553,0.1754068890655492,0.5499884448667061,1.4190346949654762,0.0921257918345436,1.0235895420001224,0.3033193611308104,1.326908903130933,0.0899421242993366,0.0251821617425555,0.2799818431989306,147.36117645203308,2.168383080039165,13.365448944151732,0.1,0.1754068890655492,1.0666666666666669,False,0.0899421242993366,0.0005655431496006,0.41685102743027,2.31332259967172,True,0.9999999999999992,3,COBYLA,240,2207,1.5069255612077626,minimum_frozen_p2_objective_final_then_append_zero_gamma3_beta3,"[5.633014571174835, 4.166480396683977, 0.0, 2.4485288277994526, 0.12896163233685734, 0.0]","[6.538115557025828, 4.820519178902873, 0.24364166149419783, 2.5654547150783236, 0.3090364217195347, -0.15608433177794942]","[6.538115557025828, 4.820519178902873, 0.24364166149419783, 2.5654547150783236, 0.3090364217195347, -0.15608433177794942]",240,240,241,2.048065030016005,0.1754068890655492,0.1754068890655492,3,Return from COBYLA because the objective function has been evaluated MAXFUN times.,False,True,SUCCESS,,False,,,5ed3034be5800fc501893bfcd05423aa5bc6cd01c88acc190d885cfd8bf202e8,,normalized_mean_energy_H_C,False,230.57421875
objective-run-31d99af2834f66340abe,PHASE1_2_OBJECTIVE_ALIGNMENT_AND_FEASIBILITY_CAPACITY_DIAGNOSTIC,task-v2-f0ef0f25a74e,g-8a16a856f5377a40,v2-S3-b000-g-8a16a856f5377a40,S3,D6,13,3.135238693248112,0.000732421875,O0,MEAN_ENERGY,E_theta[H_C],HISTORICAL_MEAN_ENERGY_BASELINE,1.5372532578913214,1.2773972585547844,0.259855999336537,1.2773972585547844,0.0841518417905228,1.03231348877613,0.1609319279881315,1.1932454167642617,0.0904942450762064,0.0331811498310773,0.3666658559683554,123.55480927738056,2.091859654650914,12.88221775796696,0.1,0.1691897863002022,1.0782945736434109,False,0.0904942450762064,0.000154291715154,0.2837396618404679,2.4447776029309125,True,1.0,3,COBYLA,240,2207,1.5372532578913214,minimum_frozen_p2_objective_final_then_append_zero_gamma3_beta3,"[5.411947977517282, 4.118635098447074, 0.0, 2.457470432297963, 0.14401380171856928, 0.0]","[6.525286278887406, 4.620709949757027, 0.2616097873408746, 2.483737379397155, 0.3312579052055303, -0.20818724609406936]","[6.525286278887406, 4.620709949757027, 0.2616097873408746, 2.483737379397155, 0.3312579052055303, -0.20818724609406936]",240,240,241,1.7042182749137282,1.2773972585547844,1.2773972585547844,3,Return from COBYLA because the objective function has been evaluated MAXFUN times.,False,True,SUCCESS,,True,results/phase1_1_optimization_diagnostic/p3_budget_scaling.csv,diag-run-0d0f64de5170cff2a59e,5ed3034be5800fc501893bfcd05423aa5bc6cd01c88acc190d885cfd8bf202e8,bc0c3beeae21d5c1ff6d7feb5d6398a497f53f2e11df68b8435eae8d14e546bb,normalized_mean_energy_H_C,False,
objective-run-82ca44f01102de355513,PHASE1_2_OBJECTIVE_ALIGNMENT_AND_FEASIBILITY_CAPACITY_DIAGNOSTIC,task-v2-f0ef0f25a74e,g-8a16a856f5377a40,v2-S3-b000-g-8a16a856f5377a40,S3,D6,13,3.135238693248112,0.000732421875,O1,EXPECTED_PENALTY,E_theta[P_flow + P_resource],FEASIBILITY_ALIGNED_MECHANISTIC_OBJECTIVE_CONTROL,1.433436654375872,1.2198529860907272,0.2135836682851448,1.305453020508038,0.0856000344173109,1.0433896914674712,0.176463294623256,1.2198529860907272,0.0813916858985003,0.0312680338370907,0.3841674182309427,111.12678181341911,2.045818737537612,12.70131404478614,0.1,0.2598991805490143,1.084108527131783,False,0.0813916858985002,0.003775546129454,0.3012446719892261,2.4545802703152733,True,1.0000000000000009,3,COBYLA,240,2207,1.5372532578913214,minimum_frozen_p2_objective_final_then_append_zero_gamma3_beta3,"[5.411947977517282, 4.118635098447074, 0.0, 2.457470432297963, 0.14401380171856928, 0.0]","[6.586044912658967, 4.586670696767947, -0.018519025640117204, 2.4914416399805472, 0.10606257351819427, 0.015829422974382137]","[6.586044912658967, 4.586670696767947, -0.018519025640117204, 2.4914416399805472, 0.10606257351819427, 0.015829422974382137]",240,240,241,1.9984418312087653,1.2198529860907272,1.2198529860907272,3,Return from COBYLA because the objective function has been evaluated MAXFUN times.,False,True,SUCCESS,,False,,,5ed3034be5800fc501893bfcd05423aa5bc6cd01c88acc190d885cfd8bf202e8,,normalized_mean_energy_H_C,False,230.83203125
objective-run-2582d4794badbe5fcb4a,PHASE1_2_OBJECTIVE_ALIGNMENT_AND_FEASIBILITY_CAPACITY_DIAGNOSTIC,task-v2-f0ef0f25a74e,g-8a16a856f5377a40,v2-S3-b000-g-8a16a856f5377a40,S3,D6,13,3.135238693248112,0.000732421875,O2,EXACT_FEASIBILITY_CONTROL,1 - P_feas(theta),STATEVECTOR_MECHANISTIC_CONTROL,0.9559873350998092,0.884920853621056,0.0710664814787531,1.3972968932731589,0.1006280569776627,1.0235535987274642,0.2731152375680323,1.2966688362954966,0.1150791463789439,0.0404985515709968,0.351919116932265,157.1213945227182,2.1962353250179367,12.97423465863872,0.1,0.0710255357334455,0.1046511627906976,True,0.1,0.0053091418755867,0.4117479826744374,2.243014578188731,True,1.0000000000000022,3,COBYLA,240,2207,1.5372532578913214,minimum_frozen_p2_objective_final_then_append_zero_gamma3_beta3,"[5.411947977517282, 4.118635098447074, 0.0, 2.457470432297963, 0.14401380171856928, 0.0]","[6.719254861533321, 4.683540690013218, -0.6623684709952352, 2.5490997996812683, 0.13735828688468754, 0.09855742751346226]","[6.719254861533321, 4.683540690013218, -0.6623684709952352, 2.5490997996812683, 0.13735828688468754, 0.09855742751346226]",240,240,241,1.9955430664122105,0.884920853621056,0.884920853621056,3,Return from COBYLA because the objective function has been evaluated MAXFUN times.,False,True,SUCCESS,,False,,,5ed3034be5800fc501893bfcd05423aa5bc6cd01c88acc190d885cfd8bf202e8,,normalized_mean_energy_H_C,False,230.7734375
objective-run-0496c9efcc31592e5cc0,PHASE1_2_OBJECTIVE_ALIGNMENT_AND_FEASIBILITY_CAPACITY_DIAGNOSTIC,task-v2-f0ef0f25a74e,g-8a16a856f5377a40,v2-S3-b000-g-8a16a856f5377a40,S3,D6,13,3.135238693248112,0.000732421875,O3,CVAR_ENERGY,exact_weighted_lowest_energy_CVaR_alpha_0.10,EXACT_DISTRIBUTIONAL_ENERGY_CONTROL,0.6478684001793491,0.0740798046422092,0.5737885955371399,1.3372306073585,0.094975611533442,1.0267131025691818,0.215541893255876,1.242254995825058,0.1008587213938307,0.0374840394057315,0.3716489648858899,137.70577427637684,2.1389521514681764,12.78649587376025,0.1,0.0740798046422092,0.1046511627906976,True,0.1,0.0159368455684479,0.3431137172188881,2.35431011859962,True,1.0000000000000009,3,COBYLA,240,2207,1.5372532578913214,minimum_frozen_p2_objective_final_then_append_zero_gamma3_beta3,"[5.411947977517282, 4.118635098447074, 0.0, 2.457470432297963, 0.14401380171856928, 0.0]","[6.380780548576298, 4.690036262689889, 0.2613515718330485, 2.55297048008699, 0.31086935309290725, -0.15529382390813032]","[6.380780548576298, 4.690036262689889, 0.2613515718330485, 2.55297048008699, 0.31086935309290725, -0.15529382390813032]",240,240,241,2.0254570934921503,0.0740798046422092,0.0740798046422092,3,Return from COBYLA because the objective function has been evaluated MAXFUN times.,False,True,SUCCESS,,False,,,5ed3034be5800fc501893bfcd05423aa5bc6cd01c88acc190d885cfd8bf202e8,,normalized_mean_energy_H_C,False,230.5546875
objective-run-da280433f45a33e13c77,PHASE1_2_OBJECTIVE_ALIGNMENT_AND_FEASIBILITY_CAPACITY_DIAGNOSTIC,task-v2-69173fedcdae,g-8a16a856f5377a40,v2-S3-b000-g-8a16a856f5377a40,S3,D7,13,3.0682919036174985,0.0008544921875,O0,MEAN_ENERGY,E_theta[H_C],HISTORICAL_MEAN_ENERGY_BASELINE,1.252634297757721,1.1779410590331572,0.0746932387245637,1.1779410590331572,0.0692075353614842,1.0162965000895063,0.0924370235821666,1.1087335236716729,0.090472892299529,0.029622281537691,0.3274160998370701,105.87913338824885,2.0248103779802573,13.085090552992442,0.1,0.1704507372738486,1.0666666666666669,False,0.0904728922995291,0.0095271077004708,0.1992064159712033,2.529374907130209,True,0.9999999999999988,3,COBYLA,240,2207,1.252634297757721,minimum_frozen_p2_objective_final_then_append_zero_gamma3_beta3,"[1.0066855960067225, 6.737128967179567, 0.0, 2.8781035626707694, -0.5777751815110356, 0.0]","[0.5433659361022616, 6.753468337468632, 0.6469661454593065, 2.878167970483688, -0.41149118871028073, -0.18370596772520292]","[0.5433659361022616, 6.753468337468632, 0.6469661454593065, 2.878167970483688, -0.41149118871028073, -0.18370596772520292]",240,240,241,1.7153765503317118,1.1779410590331572,1.1779410590331572,3,Return from COBYLA because the objective function has been evaluated MAXFUN times.,False,True,SUCCESS,,True,results/phase1_1_optimization_diagnostic/p3_budget_scaling.csv,diag-run-ba1125499d6d7ecade69,5ed3034be5800fc501893bfcd05423aa5bc6cd01c88acc190d885cfd8bf202e8,bc0c3beeae21d5c1ff6d7feb5d6398a497f53f2e11df68b8435eae8d14e546bb,normalized_mean_energy_H_C,False,
objective-run-da2c870b7cb2e93c5ff5,PHASE1_2_OBJECTIVE_ALIGNMENT_AND_FEASIBILITY_CAPACITY_DIAGNOSTIC,task-v2-69173fedcdae,g-8a16a856f5377a40,v2-S3-b000-g-8a16a856f5377a40,S3,D7,13,3.0682919036174985,0.0008544921875,O1,EXPECTED_PENALTY,E_theta[P_flow + P_resource],FEASIBILITY_ALIGNED_MECHANISTIC_OBJECTIVE_CONTROL,1.1841400540167633,1.1038427744975223,0.0802972795192407,1.1756055193874508,0.0717627448899275,1.0118931789188506,0.091949595578672,1.1038427744975223,0.0954911439069204,0.0318345175435754,0.3333766487770422,111.75192155507033,2.0482549994870967,13.026288060923426,0.1,0.1204139503299788,1.0666666666666669,False,0.0954911439069204,0.0045088560930795,0.199333918404443,2.514192649874796,True,1.0,3,COBYLA,240,2207,1.252634297757721,minimum_frozen_p2_objective_final_then_append_zero_gamma3_beta3,"[1.0066855960067225, 6.737128967179567, 0.0, 2.8781035626707694, -0.5777751815110356, 0.0]","[0.47739302292717584, 6.6264932190921, 0.7480154847705813, 2.847097709643636, -0.41061476618469933, -0.17881598149854744]","[0.47739302292717584, 6.6264932190921, 0.7480154847705813, 2.847097709643636, -0.41061476618469933, -0.17881598149854744]",240,240,241,1.9449254432693124,1.1038427744975223,1.1038427744975223,3,Return from COBYLA because the objective function has been evaluated MAXFUN times.,False,True,SUCCESS,,False,,,5ed3034be5800fc501893bfcd05423aa5bc6cd01c88acc190d885cfd8bf202e8,,normalized_mean_energy_H_C,False,230.578125
objective-run-34ed6e666cdf2d628df9,PHASE1_2_OBJECTIVE_ALIGNMENT_AND_FEASIBILITY_CAPACITY_DIAGNOSTIC,task-v2-69173fedcdae,g-8a16a856f5377a40,v2-S3-b000-g-8a16a856f5377a40,S3,D7,13,3.0682919036174985,0.0008544921875,O2,EXACT_FEASIBILITY_CONTROL,1 - P_feas(theta),STATEVECTOR_MECHANISTIC_CONTROL,0.9547390046087848,0.8655103329825219,0.0892286716262628,1.2349462161927558,0.0889350812169589,0.9803602988273288,0.1656508361484683,1.1460111349757969,0.134489667017478,0.0429598551891475,0.3194286679553198,157.3913360295972,2.196980821936012,13.081907685736846,0.1,0.0678404884584594,0.0930232558139534,True,0.1,0.0058633279584203,0.2805008019932774,2.316030196954288,True,0.999999999999998,3,COBYLA,240,2207,1.252634297757721,minimum_frozen_p2_objective_final_then_append_zero_gamma3_beta3,"[1.0066855960067225, 6.737128967179567, 0.0, 2.8781035626707694, -0.5777751815110356, 0.0]","[0.6976571969411661, 6.547813434455413, -1.1829673826191685, 2.9188339534544343, -0.565013499266194, 0.20027525344033173]","[0.6976571969411661, 6.547813434455413, -1.1829673826191685, 2.9188339534544343, -0.565013499266194, 0.20027525344033173]",240,240,241,2.120703182183206,0.8655103329825219,0.8655103329825219,3,Return from COBYLA because the objective function has been evaluated MAXFUN times.,False,True,SUCCESS,,False,,,5ed3034be5800fc501893bfcd05423aa5bc6cd01c88acc190d885cfd8bf202e8,,normalized_mean_energy_H_C,False,230.88671875
objective-run-fafd079a8c4f4af2ea1b,PHASE1_2_OBJECTIVE_ALIGNMENT_AND_FEASIBILITY_CAPACITY_DIAGNOSTIC,task-v2-69173fedcdae,g-8a16a856f5377a40,v2-S3-b000-g-8a16a856f5377a40,S3,D7,13,3.0682919036174985,0.0008544921875,O3,CVAR_ENERGY,exact_weighted_lowest_energy_CVaR_alpha_0.10,EXACT_DISTRIBUTIONAL_ENERGY_CONTROL,0.6185774999826682,0.0661685673368394,0.5524089326458287,1.207977231648474,0.0884627121006395,0.972385055056232,0.1471294644916023,1.1195145195478344,0.1404557784554211,0.0461510611588459,0.3285807224620076,164.37339101525862,2.2158315147213488,13.004873649050843,0.1,0.0661685673368394,0.0930232558139534,True,0.1,0.0011203887329133,0.2599702980032541,2.318662366630483,True,1.000000000000001,3,COBYLA,240,2207,1.252634297757721,minimum_frozen_p2_objective_final_then_append_zero_gamma3_beta3,"[1.0066855960067225, 6.737128967179567, 0.0, 2.8781035626707694, -0.5777751815110356, 0.0]","[0.4730239852225853, 6.569535551191833, -1.3245674234567832, 2.921039074175727, -0.5823285196616752, 0.20057055310334945]","[0.4730239852225853, 6.569535551191833, -1.3245674234567832, 2.921039074175727, -0.5823285196616752, 0.20057055310334945]",240,240,241,1.9976744540035725,0.0661685673368394,0.0661685673368394,3,Return from COBYLA because the objective function has been evaluated MAXFUN times.,False,True,SUCCESS,,False,,,5ed3034be5800fc501893bfcd05423aa5bc6cd01c88acc190d885cfd8bf202e8,,normalized_mean_energy_H_C,False,230.55078125
objective-run-953ad88d26359d15bdcc,PHASE1_2_OBJECTIVE_ALIGNMENT_AND_FEASIBILITY_CAPACITY_DIAGNOSTIC,task-v2-8792ce3c54d5,g-a712031e7959d564,v2-S3-b001-g-a712031e7959d564,S3,D1,13,3.9133899436317554,0.0001220703125,O0,MEAN_ENERGY,E_theta[H_C],HISTORICAL_MEAN_ENERGY_BASELINE,1.6704437635456042,1.590720778349683,0.0797229851959211,1.5907207783496833,0.0532555367246839,1.0839599259085235,0.4535053157164759,1.5374652416249994,0.0104371312689123,0.0104371312689123,1.0,85.50097935492977,1.9319710893013409,10.0,0.1,0.9574524488070936,1.076863981878895,False,0.0104371312689123,0.005452227622135,0.547902372893912,2.420786233299351,True,0.9999999999999992,3,COBYLA,240,2207,1.6704437635456042,minimum_frozen_p2_objective_final_then_append_zero_gamma3_beta3,"[5.0029460925648035, 3.979640214938352, 0.0, 2.389496325220441, 0.14849377373478165, 0.0]","[5.845024069001269, 4.146941001601841, -0.0022122641029575256, 2.411320702927396, 0.15943793962764585, -0.015301996128484865]","[5.845024069001269, 4.146941001601841, -0.0022122641029575256, 2.411320702927396, 0.15943793962764585, -0.015301996128484865]",240,240,241,1.7548048701137304,1.590720778349683,1.590720778349683,3,Return from COBYLA because the objective function has been evaluated MAXFUN times.,False,True,SUCCESS,,True,results/phase1_1_optimization_diagnostic/p3_budget_scaling.csv,diag-run-7a0925ca19e9fa4d863a,5ed3034be5800fc501893bfcd05423aa5bc6cd01c88acc190d885cfd8bf202e8,bc0c3beeae21d5c1ff6d7feb5d6398a497f53f2e11df68b8435eae8d14e546bb,normalized_mean_energy_H_C,False,
objective-run-2e0ff31bf3c733bf8b9b,PHASE1_2_OBJECTIVE_ALIGNMENT_AND_FEASIBILITY_CAPACITY_DIAGNOSTIC,task-v2-8792ce3c54d5,g-a712031e7959d564,v2-S3-b001-g-a712031e7959d564,S3,D1,13,3.9133899436317554,0.0001220703125,O1,EXPECTED_PENALTY,E_theta[P_flow + P_resource],FEASIBILITY_ALIGNED_MECHANISTIC_OBJECTIVE_CONTROL,1.6096926856478495,1.5328384941463349,0.0768541915015148,1.5859409293274127,0.0531024351810785,1.0815565345993168,0.4512819595470179,1.5328384941463349,0.0111602739245005,0.0111602739245005,1.0,91.42496398950826,1.9610647979500773,10.0,0.1,0.9498972462945118,1.076863981878895,False,0.0111602739245005,0.004365172092294,0.5439987680708331,2.422520410155665,True,1.0000000000000009,3,COBYLA,240,2207,1.6704437635456042,minimum_frozen_p2_objective_final_then_append_zero_gamma3_beta3,"[5.0029460925648035, 3.979640214938352, 0.0, 2.389496325220441, 0.14849377373478165, 0.0]","[5.890553317995866, 4.185608353920126, 0.08315479746860117, 2.4122394796841693, 0.1935826235354046, -0.04658377053823432]","[5.890553317995866, 4.185608353920126, 0.08315479746860117, 2.4122394796841693, 0.1935826235354046, -0.04658377053823432]",240,240,241,2.1240515299141407,1.5328384941463342,1.5328384941463342,3,Return from COBYLA because the objective function has been evaluated MAXFUN times.,False,True,SUCCESS,,False,,,5ed3034be5800fc501893bfcd05423aa5bc6cd01c88acc190d885cfd8bf202e8,,normalized_mean_energy_H_C,False,230.81640625
objective-run-fad391603c2a1cd89252,PHASE1_2_OBJECTIVE_ALIGNMENT_AND_FEASIBILITY_CAPACITY_DIAGNOSTIC,task-v2-8792ce3c54d5,g-a712031e7959d564,v2-S3-b001-g-a712031e7959d564,S3,D1,13,3.9133899436317554,0.0001220703125,O2,EXACT_FEASIBILITY_CONTROL,1 - P_feas(theta),STATEVECTOR_MECHANISTIC_CONTROL,0.9936342776758248,0.9733455266295152,0.0202887510463095,1.7595040368013106,0.0684357756805499,1.058318289324112,0.6327499717966493,1.6910682611207617,0.0266544733704847,0.0266544733704847,1.0,218.3534458510112,2.339160049943053,10.0,0.1,0.79371576457495,1.0772425249169435,False,0.0266544733704847,0.0133760451114559,0.7177227344912473,2.202313845397298,True,0.9999999999999992,3,COBYLA,240,2207,1.6704437635456042,minimum_frozen_p2_objective_final_then_append_zero_gamma3_beta3,"[5.0029460925648035, 3.979640214938352, 0.0, 2.389496325220441, 0.14849377373478165, 0.0]","[5.86298066750839, 4.861539923903827, -0.22930387409840622, 2.5376692841689423, 0.10885801234344614, 0.08052516374394922]","[5.86298066750839, 4.861539923903827, -0.22930387409840622, 2.5376692841689423, 0.10885801234344614, 0.08052516374394922]",240,240,241,1.986539950594306,0.9733455266295152,0.9733455266295152,3,Return from COBYLA because the objective function has been evaluated MAXFUN times.,False,True,SUCCESS,,False,,,5ed3034be5800fc501893bfcd05423aa5bc6cd01c88acc190d885cfd8bf202e8,,normalized_mean_energy_H_C,False,230.8359375
objective-run-c002ca762e2be026b417,PHASE1_2_OBJECTIVE_ALIGNMENT_AND_FEASIBILITY_CAPACITY_DIAGNOSTIC,task-v2-8792ce3c54d5,g-a712031e7959d564,v2-S3-b001-g-a712031e7959d564,S3,D1,13,3.9133899436317554,0.0001220703125,O3,CVAR_ENERGY,exact_weighted_lowest_energy_CVaR_alpha_0.10,EXACT_DISTRIBUTIONAL_ENERGY_CONTROL,1.0015840389364774,0.7852981597440019,0.2162858791924755,1.7139673830275586,0.0647226216605898,1.0468156651206606,0.6024290962463082,1.649244761366969,0.0274199170435803,0.0274199170435803,1.0,224.62396042101057,2.351456080169503,9.999999999999998,0.1,0.7852981597440019,1.0772425249169435,False,0.0274199170435804,0.0067012767545213,0.6766646784105513,2.241075570458708,True,0.9999999999999988,3,COBYLA,240,2207,1.6704437635456042,minimum_frozen_p2_objective_final_then_append_zero_gamma3_beta3,"[5.0029460925648035, 3.979640214938352, 0.0, 2.389496325220441, 0.14849377373478165, 0.0]","[5.968779245888553, 4.863494065909995, 0.2163010544087674, 2.5343089767841716, 0.29082496944120956, -0.12596576883859012]","[5.968779245888553, 4.863494065909995, 0.2163010544087674, 2.5343089767841716, 0.29082496944120956, -0.12596576883859012]",240,240,241,2.0321760438382626,0.7852981597440019,0.7852981597440019,3,Return from COBYLA because the objective function has been evaluated MAXFUN times.,False,True,SUCCESS,,False,,,5ed3034be5800fc501893bfcd05423aa5bc6cd01c88acc190d885cfd8bf202e8,,normalized_mean_energy_H_C,False,230.57421875
objective-run-27463e5216b468d5af71,PHASE1_2_OBJECTIVE_ALIGNMENT_AND_FEASIBILITY_CAPACITY_DIAGNOSTIC,task-v2-5acbf653f95a,g-a712031e7959d564,v2-S3-b001-g-a712031e7959d564,S3,D2,13,3.612359947967774,0.000244140625,O0,MEAN_ENERGY,E_theta[H_C],HISTORICAL_MEAN_ENERGY_BASELINE,1.5454985842359965,1.4393707285695,0.1061278556664961,1.4393707285695,0.0406952934229136,1.0618475955148945,0.3368278396316924,1.3986754351465869,0.0254853558713653,0.0161071282431723,0.6320150412837632,104.38801764911264,2.018650650318288,11.10395487614871,0.1,0.8064436278800754,1.0714285714285714,False,0.0254853558713653,0.0475899640902949,0.4241607910179493,2.4993831413679546,True,1.0000000000000022,3,COBYLA,240,1103,1.5454985842359965,minimum_frozen_p2_objective_final_then_append_zero_gamma3_beta3,"[1.8096526448457124, 4.427765583131744, 0.0, 3.298075240497105, -0.7925145293331105, 0.0]","[1.729271669745737, 4.199332428539378, 0.6765035684526678, 3.2649904267930268, -0.5667305535000463, -0.20678189813645426]","[1.729271669745737, 4.199332428539378, 0.6765035684526678, 3.2649904267930268, -0.5667305535000463, -0.20678189813645426]",240,240,241,1.683102442882955,1.4393707285695,1.4393707285695,3,Return from COBYLA because the objective function has been evaluated MAXFUN times.,False,True,SUCCESS,,True,results/phase1_1_optimization_diagnostic/p3_budget_scaling.csv,diag-run-70db04b1da6f052ca198,5ed3034be5800fc501893bfcd05423aa5bc6cd01c88acc190d885cfd8bf202e8,bc0c3beeae21d5c1ff6d7feb5d6398a497f53f2e11df68b8435eae8d14e546bb,normalized_mean_energy_H_C,False,
objective-run-8077b64122adade7d2d8,PHASE1_2_OBJECTIVE_ALIGNMENT_AND_FEASIBILITY_CAPACITY_DIAGNOSTIC,task-v2-5acbf653f95a,g-a712031e7959d564,v2-S3-b001-g-a712031e7959d564,S3,D2,13,3.612359947967774,0.000244140625,O1,EXPECTED_PENALTY,E_theta[P_flow + P_resource],FEASIBILITY_ALIGNED_MECHANISTIC_OBJECTIVE_CONTROL,1.5030909701380897,1.409461551277225,0.0936294188608646,1.4501717351136807,0.0407101838364548,1.0603945483606765,0.3490670029165488,1.409461551277225,0.0254670669907325,0.0161312507562346,0.6334161198109232,104.31310639404047,2.0183388786758822,11.09975164056723,0.1,0.8063164293802794,1.0714285714285714,False,0.0254670669907325,0.0467935836047223,0.4349286182679598,2.4886701807598426,True,0.9999999999999988,3,COBYLA,240,1103,1.5454985842359965,minimum_frozen_p2_objective_final_then_append_zero_gamma3_beta3,"[1.8096526448457124, 4.427765583131744, 0.0, 3.298075240497105, -0.7925145293331105, 0.0]","[1.6628403652667358, 4.418321104704002, 0.6261253292261663, 3.2566720221664585, -0.5446747249300797, -0.21596859344742572]","[1.6628403652667358, 4.418321104704002, 0.6261253292261663, 3.2566720221664585, -0.5446747249300797, -0.21596859344742572]",240,240,241,1.945228480733931,1.4094615512772255,1.4094615512772255,3,Return from COBYLA because the objective function has been evaluated MAXFUN times.,False,True,SUCCESS,,False,,,5ed3034be5800fc501893bfcd05423aa5bc6cd01c88acc190d885cfd8bf202e8,,normalized_mean_energy_H_C,False,230.578125
objective-run-27daba28ca698823a9fe,PHASE1_2_OBJECTIVE_ALIGNMENT_AND_FEASIBILITY_CAPACITY_DIAGNOSTIC,task-v2-5acbf653f95a,g-a712031e7959d564,v2-S3-b001-g-a712031e7959d564,S3,D2,13,3.612359947967774,0.000244140625,O2,EXACT_FEASIBILITY_CONTROL,1 - P_feas(theta),STATEVECTOR_MECHANISTIC_CONTROL,0.9887321284872402,0.9649264019459534,0.0238057265412868,1.5600783519409849,0.0505638846428228,1.02667725370779,0.4828372135903713,1.5095144672981613,0.0350735980540465,0.0202284807228309,0.5767438142975795,143.66145762937484,2.1573402685930523,11.26976855710726,0.1,0.7073375349048705,1.0714285714285714,False,0.0350735980540464,0.0245306958351915,0.5445880653522036,2.3501911404856566,True,1.000000000000003,3,COBYLA,240,1103,1.5454985842359965,minimum_frozen_p2_objective_final_then_append_zero_gamma3_beta3,"[1.8096526448457124, 4.427765583131744, 0.0, 3.298075240497105, -0.7925145293331105, 0.0]","[2.5133390454530495, 4.562259218782852, 0.6826372761305698, 3.0698952975470837, -0.3886462574071003, -0.1791069869168622]","[2.5133390454530495, 4.562259218782852, 0.6826372761305698, 3.0698952975470837, -0.3886462574071003, -0.1791069869168622]",240,240,241,1.999639255926013,0.9649264019459534,0.9649264019459534,3,Return from COBYLA because the objective function has been evaluated MAXFUN times.,False,True,SUCCESS,,False,,,5ed3034be5800fc501893bfcd05423aa5bc6cd01c88acc190d885cfd8bf202e8,,normalized_mean_energy_H_C,False,230.7734375
objective-run-9abf1d1445914a2338e5,PHASE1_2_OBJECTIVE_ALIGNMENT_AND_FEASIBILITY_CAPACITY_DIAGNOSTIC,task-v2-5acbf653f95a,g-a712031e7959d564,v2-S3-b001-g-a712031e7959d564,S3,D2,13,3.612359947967774,0.000244140625,O3,CVAR_ENERGY,exact_weighted_lowest_energy_CVaR_alpha_0.10,EXACT_DISTRIBUTIONAL_ENERGY_CONTROL,0.9526760717780832,0.7088957243475349,0.2437803474305483,1.5554754204374872,0.0503178021331667,1.026392470149519,0.4787651481548024,1.5051576183043216,0.0349164064282016,0.0202081282647711,0.5787573903495766,143.01760072991414,2.155389488021037,11.26372782895127,0.1,0.7088957243475349,1.0714285714285714,False,0.0349164064282016,0.0247195557137718,0.540074024732522,2.355176755982873,True,1.0000000000000002,3,COBYLA,240,1103,1.5454985842359965,minimum_frozen_p2_objective_final_then_append_zero_gamma3_beta3,"[1.8096526448457124, 4.427765583131744, 0.0, 3.298075240497105, -0.7925145293331105, 0.0]","[2.469365450586563, 4.535851476374591, 0.6885428932077311, 3.0791383370333913, -0.39064428806879864, -0.18165535295823806]","[2.469365450586563, 4.535851476374591, 0.6885428932077311, 3.0791383370333913, -0.39064428806879864, -0.18165535295823806]",240,240,241,2.076465053483844,0.7088957243475349,0.7088957243475349,3,Return from COBYLA because the objective function has been evaluated MAXFUN times.,False,True,SUCCESS,,False,,,5ed3034be5800fc501893bfcd05423aa5bc6cd01c88acc190d885cfd8bf202e8,,normalized_mean_energy_H_C,False,230.5546875
objective-run-46825d8834ede4aed58a,PHASE1_2_OBJECTIVE_ALIGNMENT_AND_FEASIBILITY_CAPACITY_DIAGNOSTIC,task-v2-ef23e17da545,g-a712031e7959d564,v2-S3-b001-g-a712031e7959d564,S3,D3,13,3.436268688912093,0.0003662109375,O0,MEAN_ENERGY,E_theta[H_C],HISTORICAL_MEAN_ENERGY_BASELINE,1.493807417621046,1.3756491467116407,0.1181582709094053,1.375649146711641,0.0410755763995216,1.057213162794524,0.2773604075175955,1.3345735703121195,0.0362670575729008,0.0172982567524842,0.4769688502496471,99.03324521240128,1.9957810106438985,11.313183054591574,0.1,0.6981707562098585,1.0714285714285714,False,0.0362670575729008,0.03719977567365,0.3708406278850203,2.520358199396277,True,1.0000000000000009,3,COBYLA,240,1103,1.493807417621046,minimum_frozen_p2_objective_final_then_append_zero_gamma3_beta3,"[2.2714872943911133, 4.250133703158532, 0.0, 3.2430257322725558, -0.7625701804350202, 0.0]","[1.9331814312646707, 3.915724313218439, 0.7156609152111437, 3.2551403097300358, -0.5455999969103367, -0.22178586476205173]","[1.9331814312646707, 3.915724313218439, 0.7156609152111437, 3.2551403097300358, -0.5455999969103367, -0.22178586476205173]",240,240,241,1.6892213551327586,1.3756491467116407,1.3756491467116407,3,Return from COBYLA because the objective function has been evaluated MAXFUN times.,False,True,SUCCESS,,True,results/phase1_1_optimization_diagnostic/p3_budget_scaling.csv,diag-run-dffa9d4c47938d69515d,5ed3034be5800fc501893bfcd05423aa5bc6cd01c88acc190d885cfd8bf202e8,bc0c3beeae21d5c1ff6d7feb5d6398a497f53f2e11df68b8435eae8d14e546bb,normalized_mean_energy_H_C,False,
objective-run-31116427d746657d109c,PHASE1_2_OBJECTIVE_ALIGNMENT_AND_FEASIBILITY_CAPACITY_DIAGNOSTIC,task-v2-ef23e17da545,g-a712031e7959d564,v2-S3-b001-g-a712031e7959d564,S3,D3,13,3.436268688912093,0.0003662109375,O1,EXPECTED_PENALTY,E_theta[P_flow + P_resource],FEASIBILITY_ALIGNED_MECHANISTIC_OBJECTIVE_CONTROL,1.450987064642156,1.3299672525823405,0.1210198120598153,1.3715538513051926,0.0415865987228526,1.052862140066298,0.2771051125160427,1.3299672525823405,0.0379650117141486,0.0179174954354183,0.4719475808495785,103.66979198743532,2.0156522271281183,11.323771679783114,0.1,0.680879117789947,1.0714285714285714,False,0.0379650117141486,0.0342296103175739,0.367932264296487,2.5181727005610672,True,1.0000000000000018,3,COBYLA,240,1103,1.493807417621046,minimum_frozen_p2_objective_final_then_append_zero_gamma3_beta3,"[2.2714872943911133, 4.250133703158532, 0.0, 3.2430257322725558, -0.7625701804350202, 0.0]","[1.8947184532705512, 3.854327057819421, 0.8051943652434111, 3.2519756840975154, -0.547082732384429, -0.21606507965094365]","[1.8947184532705512, 3.854327057819421, 0.8051943652434111, 3.2519756840975154, -0.547082732384429, -0.21606507965094365]",240,240,241,2.0241714734584093,1.3299672525823407,1.3299672525823407,3,Return from COBYLA because the objective function has been evaluated MAXFUN times.,False,True,SUCCESS,,False,,,5ed3034be5800fc501893bfcd05423aa5bc6cd01c88acc190d885cfd8bf202e8,,normalized_mean_energy_H_C,False,230.5703125
objective-run-f9c99f328304034cb7b2,PHASE1_2_OBJECTIVE_ALIGNMENT_AND_FEASIBILITY_CAPACITY_DIAGNOSTIC,task-v2-ef23e17da545,g-a712031e7959d564,v2-S3-b001-g-a712031e7959d564,S3,D3,13,3.436268688912093,0.0003662109375,O2,EXACT_FEASIBILITY_CONTROL,1 - P_feas(theta),STATEVECTOR_MECHANISTIC_CONTROL,0.984017887278369,0.951804506814863,0.032213380463506,1.4877972952243472,0.0513196586588997,1.024953435529312,0.4115242010361349,1.436477636565447,0.048195493185137,0.0202652011795699,0.420479174302121,131.6058267242142,2.1192751176833693,11.459030156604832,0.1,0.5752982752828667,1.0714285714285714,False,0.048195493185137,0.0116660761032837,0.4846731297505832,2.3707403906940057,True,1.0000000000000009,3,COBYLA,240,1103,1.493807417621046,minimum_frozen_p2_objective_final_then_append_zero_gamma3_beta3,"[2.2714872943911133, 4.250133703158532, 0.0, 3.2430257322725558, -0.7625701804350202, 0.0]","[2.5057114920543446, 4.404940898245175, 0.7221944654609429, 3.0870457125746884, -0.384752881820221, -0.18827783819310628]","[2.5057114920543446, 4.404940898245175, 0.7221944654609429, 3.0870457125746884, -0.384752881820221, -0.18827783819310628]",240,240,241,1.9817889016121624,0.951804506814863,0.951804506814863,3,Return from COBYLA because the objective function has been evaluated MAXFUN times.,False,True,SUCCESS,,False,,,5ed3034be5800fc501893bfcd05423aa5bc6cd01c88acc190d885cfd8bf202e8,,normalized_mean_energy_H_C,False,230.8359375
objective-run-aca415d77deb13098083,PHASE1_2_OBJECTIVE_ALIGNMENT_AND_FEASIBILITY_CAPACITY_DIAGNOSTIC,task-v2-ef23e17da545,g-a712031e7959d564,v2-S3-b001-g-a712031e7959d564,S3,D3,13,3.436268688912093,0.0003662109375,O3,CVAR_ENERGY,exact_weighted_lowest_energy_CVaR_alpha_0.10,EXACT_DISTRIBUTIONAL_ENERGY_CONTROL,0.904285704583215,0.5632157895195744,0.3410699150636406,1.5072978195760975,0.052583952066899,1.023748017050968,0.4309658504582304,1.4547138675091982,0.0493774238832213,0.0201367596140585,0.4078130860306206,134.8332854837831,2.1297971171065075,11.488307081667452,0.1,0.5632157895195744,1.0714285714285714,False,0.0493774238832213,0.0093041320208495,0.5040912913924193,2.3477764369579166,True,1.0000000000000004,3,COBYLA,240,1103,1.493807417621046,minimum_frozen_p2_objective_final_then_append_zero_gamma3_beta3,"[2.2714872943911133, 4.250133703158532, 0.0, 3.2430257322725558, -0.7625701804350202, 0.0]","[2.8725997707924527, 4.237193611939282, 0.7239715935125268, 3.0637237793076735, -0.36844076680264914, -0.1885550155662244]","[2.8725997707924527, 4.237193611939282, 0.7239715935125268, 3.0637237793076735, -0.36844076680264914, -0.1885550155662244]",240,240,241,2.0181419728323817,0.5632157895195744,0.5632157895195744,3,Return from COBYLA because the objective function has been evaluated MAXFUN times.,False,True,SUCCESS,,False,,,5ed3034be5800fc501893bfcd05423aa5bc6cd01c88acc190d885cfd8bf202e8,,normalized_mean_energy_H_C,False,230.88671875
objective-run-74e8fee639190cda8d57,PHASE1_2_OBJECTIVE_ALIGNMENT_AND_FEASIBILITY_CAPACITY_DIAGNOSTIC,task-v2-ac528a9510be,g-a712031e7959d564,v2-S3-b001-g-a712031e7959d564,S3,D4,13,3.311329952303793,0.00048828125,O0,MEAN_ENERGY,E_theta[H_C],HISTORICAL_MEAN_ENERGY_BASELINE,1.4686282741603391,1.3541339161068209,0.1144943580535184,1.3541339161068209,0.0421288552822038,1.0488185150542924,0.2631865457703244,1.3120050608246168,0.0491003927918695,0.0103199779424937,0.2101811687380762,100.5576044377488,2.002414918696805,10.635288851178377,0.1,0.5677503144316777,1.0714285714285714,False,0.0491003927918694,0.0298352988224771,0.3611054536164835,2.4915933680079085,True,1.0000000000000022,3,COBYLA,240,1103,1.4686282741603391,minimum_frozen_p2_objective_final_then_append_zero_gamma3_beta3,"[2.211330322619683, 4.142834361128571, 0.0, 3.250568861354951, -0.7625095119854509, 0.0]","[2.016678223676149, 4.079046199197037, 0.6735035090037633, 3.221839797883613, -0.5210425792474391, -0.2221471324736706]","[2.016678223676149, 4.079046199197037, 0.6735035090037633, 3.221839797883613, -0.5210425792474391, -0.2221471324736706]",240,240,241,1.653567816130817,1.3541339161068209,1.3541339161068209,3,Return from COBYLA because the objective function has been evaluated MAXFUN times.,False,True,SUCCESS,,True,results/phase1_1_optimization_diagnostic/p3_budget_scaling.csv,diag-run-3dbc4e358f5989cad762,5ed3034be5800fc501893bfcd05423aa5bc6cd01c88acc190d885cfd8bf202e8,bc0c3beeae21d5c1ff6d7feb5d6398a497f53f2e11df68b8435eae8d14e546bb,normalized_mean_energy_H_C,False,
objective-run-fee7fe5803184570c097,PHASE1_2_OBJECTIVE_ALIGNMENT_AND_FEASIBILITY_CAPACITY_DIAGNOSTIC,task-v2-ac528a9510be,g-a712031e7959d564,v2-S3-b001-g-a712031e7959d564,S3,D4,13,3.311329952303793,0.00048828125,O1,EXPECTED_PENALTY,E_theta[P_flow + P_resource],FEASIBILITY_ALIGNED_MECHANISTIC_OBJECTIVE_CONTROL,1.4247154538760958,1.3484711246770416,0.0762443291990542,1.3930674070221851,0.0445962823451441,1.0571331368338093,0.2913379878432321,1.3484711246770416,0.0424280734374484,0.008774605207194,0.2068113043155354,86.89269439989445,1.9389832641910525,10.638950286215277,0.1,0.6349291094873035,1.0714285714285714,False,0.0424280734374484,0.0381664575878619,0.39089919811449,2.4818165815731645,True,1.0,3,COBYLA,240,1103,1.4686282741603391,minimum_frozen_p2_objective_final_then_append_zero_gamma3_beta3,"[2.211330322619683, 4.142834361128571, 0.0, 3.250568861354951, -0.7625095119854509, 0.0]","[2.2127591419803894, 4.100028742132023, -0.6653082786863536, 3.2353628712583653, -0.8571150419691027, 0.17486330307469988]","[2.2127591419803894, 4.100028742132023, -0.6653082786863536, 3.2353628712583653, -0.8571150419691027, 0.17486330307469988]",240,240,241,2.093426501378417,1.348471124677041,1.348471124677041,3,Return from COBYLA because the objective function has been evaluated MAXFUN times.,False,True,SUCCESS,,False,,,5ed3034be5800fc501893bfcd05423aa5bc6cd01c88acc190d885cfd8bf202e8,,normalized_mean_energy_H_C,False,230.57421875
objective-run-84873631424af7199cb2,PHASE1_2_OBJECTIVE_ALIGNMENT_AND_FEASIBILITY_CAPACITY_DIAGNOSTIC,task-v2-ac528a9510be,g-a712031e7959d564,v2-S3-b001-g-a712031e7959d564,S3,D4,13,3.311329952303793,0.00048828125,O2,EXACT_FEASIBILITY_CONTROL,1 - P_feas(theta),STATEVECTOR_MECHANISTIC_CONTROL,0.9801922165767016,0.935537488999929,0.0446547275767725,1.4464889055737746,0.0522468490752254,1.019577683773412,0.3746643727251373,1.3942420564985494,0.064462511000071,0.0156283624661341,0.2424411060580141,132.01922252814552,2.120637170827849,10.611943886720706,0.1,0.4106294588381508,1.0714285714285714,False,0.0644625110000711,0.0065206677683878,0.4587045674986211,2.3479078995011657,True,0.9999999999999992,3,COBYLA,240,1103,1.4686282741603391,minimum_frozen_p2_objective_final_then_append_zero_gamma3_beta3,"[2.211330322619683, 4.142834361128571, 0.0, 3.250568861354951, -0.7625095119854509, 0.0]","[2.5363662803633225, 4.326255237215995, 0.7713293940045086, 3.0807471895268783, -0.3910167665838429, -0.188620067841902]","[2.5363662803633225, 4.326255237215995, 0.7713293940045086, 3.0807471895268783, -0.3910167665838429, -0.188620067841902]",240,240,241,2.013171057216823,0.935537488999929,0.935537488999929,3,Return from COBYLA because the objective function has been evaluated MAXFUN times.,False,True,SUCCESS,,False,,,5ed3034be5800fc501893bfcd05423aa5bc6cd01c88acc190d885cfd8bf202e8,,normalized_mean_energy_H_C,False,230.81640625
objective-run-83951d9fc929ab50663c,PHASE1_2_OBJECTIVE_ALIGNMENT_AND_FEASIBILITY_CAPACITY_DIAGNOSTIC,task-v2-ac528a9510be,g-a712031e7959d564,v2-S3-b001-g-a712031e7959d564,S3,D4,13,3.311329952303793,0.00048828125,O3,CVAR_ENERGY,exact_weighted_lowest_energy_CVaR_alpha_0.10,EXACT_DISTRIBUTIONAL_ENERGY_CONTROL,0.8657826988467984,0.3960244320396627,0.4697582668071356,1.473382802004413,0.0537280176916319,1.0188742194275475,0.4007805648852328,1.4196547843127805,0.0658747604732703,0.0166019661233708,0.2520231725185148,134.91150944925766,2.130049001392312,10.599180152150016,0.1,0.3960244320396627,1.0714285714285714,False,0.0658747604732701,0.0041922797717967,0.4855295447860466,2.316846173794143,True,1.000000000000003,3,COBYLA,240,1103,1.4686282741603391,minimum_frozen_p2_objective_final_then_append_zero_gamma3_beta3,"[2.211330322619683, 4.142834361128571, 0.0, 3.250568861354951, -0.7625095119854509, 0.0]","[2.9128573010892596, 4.271904281784106, 0.7422249384987792, 3.0489288532853633, -0.3717402744836411, -0.18624301146620936]","[2.9128573010892596, 4.271904281784106, 0.7422249384987792, 3.0489288532853633, -0.3717402744836411, -0.18624301146620936]",240,240,241,2.117122778669,0.3960244320396627,0.3960244320396627,3,Return from COBYLA because the objective function has been evaluated MAXFUN times.,False,True,SUCCESS,,False,,,5ed3034be5800fc501893bfcd05423aa5bc6cd01c88acc190d885cfd8bf202e8,,normalized_mean_energy_H_C,False,230.578125
objective-run-915559b308d20165dd13,PHASE1_2_OBJECTIVE_ALIGNMENT_AND_FEASIBILITY_CAPACITY_DIAGNOSTIC,task-v2-5b0627539151,g-a712031e7959d564,v2-S3-b001-g-a712031e7959d564,S3,D5,13,3.2144199392957367,0.0006103515625,O0,MEAN_ENERGY,E_theta[H_C],HISTORICAL_MEAN_ENERGY_BASELINE,1.3261650789954538,1.279511971028392,0.0466531079670617,1.279511971028392,0.0488026812890822,1.0346647286856268,0.1960445610536829,1.2307092897393097,0.078445727603518,0.0171952782845131,0.2191996786800403,128.5254801056039,2.1089892348446546,9.00341059618055,0.1,0.2709717906645421,1.0714285714285714,False,0.0784457276035178,0.0155345233898386,0.3091550173428251,2.4555077998466213,True,1.0000000000000018,3,COBYLA,240,3301,1.3261650789954538,minimum_frozen_p2_objective_final_then_append_zero_gamma3_beta3,"[5.977239576058943, 1.2087261362850337, 0.0, 2.5991040921869644, -0.1643585769637043, 0.0]","[6.490208525121449, 0.8313149451703913, -0.014201682056683526, 2.6430392353310093, -0.21084512110379913, 0.031061392997751954]","[6.490208525121449, 0.8313149451703913, -0.014201682056683526, 2.6430392353310093, -0.21084512110379913, 0.031061392997751954]",240,240,241,1.6511311326175928,1.279511971028392,1.279511971028392,3,Return from COBYLA because the objective function has been evaluated MAXFUN times.,False,True,SUCCESS,,True,results/phase1_1_optimization_diagnostic/p3_budget_scaling.csv,diag-run-a6b43d82705b11a533ba,5ed3034be5800fc501893bfcd05423aa5bc6cd01c88acc190d885cfd8bf202e8,bc0c3beeae21d5c1ff6d7feb5d6398a497f53f2e11df68b8435eae8d14e546bb,normalized_mean_energy_H_C,False,
objective-run-3a8799fee9012c2441e5,PHASE1_2_OBJECTIVE_ALIGNMENT_AND_FEASIBILITY_CAPACITY_DIAGNOSTIC,task-v2-5b0627539151,g-a712031e7959d564,v2-S3-b001-g-a712031e7959d564,S3,D5,13,3.2144199392957367,0.0006103515625,O1,EXPECTED_PENALTY,E_theta[P_flow + P_resource],FEASIBILITY_ALIGNED_MECHANISTIC_OBJECTIVE_CONTROL,1.273100403326303,1.229240972539024,0.043859430787279,1.2787197825580652,0.0494788100190416,1.031634685665772,0.1976062868732517,1.229240972539024,0.0794822501701369,0.0180793107154866,0.227463498791072,130.2237186787523,2.114690092935335,8.936734209871316,0.1,0.2600497803947945,1.0714285714285714,False,0.0794822501701368,0.0142005877015477,0.3087232227091594,2.45283002678043,True,1.000000000000001,3,COBYLA,240,3301,1.3261650789954538,minimum_frozen_p2_objective_final_then_append_zero_gamma3_beta3,"[5.977239576058943, 1.2087261362850337, 0.0, 2.5991040921869644, -0.1643585769637043, 0.0]","[6.468971073740035, 0.7945627021194269, 0.012085780975869277, 2.6589570262345092, -0.1704147413478653, -0.011823025370685403]","[6.468971073740035, 0.7945627021194269, 0.012085780975869277, 2.6589570262345092, -0.1704147413478653, -0.011823025370685403]",240,240,241,1.9457525685429573,1.229240972539024,1.229240972539024,3,Return from COBYLA because the objective function has been evaluated MAXFUN times.,False,True,SUCCESS,,False,,,5ed3034be5800fc501893bfcd05423aa5bc6cd01c88acc190d885cfd8bf202e8,,normalized_mean_energy_H_C,False,230.7734375
objective-run-df7c623fb9744307df73,PHASE1_2_OBJECTIVE_ALIGNMENT_AND_FEASIBILITY_CAPACITY_DIAGNOSTIC,task-v2-5b0627539151,g-a712031e7959d564,v2-S3-b001-g-a712031e7959d564,S3,D5,13,3.2144199392957367,0.0006103515625,O2,EXACT_FEASIBILITY_CONTROL,1 - P_feas(theta),STATEVECTOR_MECHANISTIC_CONTROL,0.9303026013946152,0.9151124728622542,0.0151901285323611,1.2947634676709907,0.0516409608740395,1.017360448237287,0.2257620585596638,1.2431225067969511,0.0848875271377457,0.0179517794914518,0.2114772346038746,139.0797244624827,2.143263821610431,9.085171378424024,0.1,0.2054887728232532,1.0714285714285714,False,0.0848875271377458,0.0076939399432537,0.3280100339346976,2.417327384652065,True,0.9999999999999998,3,COBYLA,240,3301,1.3261650789954538,minimum_frozen_p2_objective_final_then_append_zero_gamma3_beta3,"[5.977239576058943, 1.2087261362850337, 0.0, 2.5991040921869644, -0.1643585769637043, 0.0]","[6.610171550410106, 0.7556073285904432, 0.16000835809881028, 2.7338674202812685, -0.10928845988632296, -0.0897468565849062]","[6.610171550410106, 0.7556073285904432, 0.16000835809881028, 2.7338674202812685, -0.10928845988632296, -0.0897468565849062]",240,240,241,1.933631175197661,0.9151124728622542,0.9151124728622542,3,Return from COBYLA because the objective function has been evaluated MAXFUN times.,False,True,SUCCESS,,False,,,5ed3034be5800fc501893bfcd05423aa5bc6cd01c88acc190d885cfd8bf202e8,,normalized_mean_energy_H_C,False,230.5703125
objective-run-ad5ea53744984b64c26e,PHASE1_2_OBJECTIVE_ALIGNMENT_AND_FEASIBILITY_CAPACITY_DIAGNOSTIC,task-v2-5b0627539151,g-a712031e7959d564,v2-S3-b001-g-a712031e7959d564,S3,D5,13,3.2144199392957367,0.0006103515625,O3,CVAR_ENERGY,exact_weighted_lowest_energy_CVaR_alpha_0.10,EXACT_DISTRIBUTIONAL_ENERGY_CONTROL,0.361290341914017,0.1324955101484477,0.2287948317655693,1.3018684618250729,0.0550213985103712,1.0065057024683628,0.2403413608463387,1.2468470633147015,0.0920212431323841,0.0197380925863392,0.2144949569736141,150.76760474809817,2.178308035230469,9.041647222695824,0.1,0.1324955101484477,1.0543251964745357,False,0.0920212431323839,0.007978756867616,0.3388683064470827,2.3850679641557653,True,1.0000000000000024,3,COBYLA,240,3301,1.3261650789954538,minimum_frozen_p2_objective_final_then_append_zero_gamma3_beta3,"[5.977239576058943, 1.2087261362850337, 0.0, 2.5991040921869644, -0.1643585769637043, 0.0]","[6.51395986271484, 0.6948645299540959, -0.34572270421662776, 2.78951896508681, -0.3504841950075933, 0.14607102432013952]","[6.51395986271484, 0.6948645299540959, -0.34572270421662776, 2.78951896508681, -0.3504841950075933, 0.14607102432013952]",240,240,241,3.1712485160678625,0.1324955101484477,0.1324955101484477,3,Return from COBYLA because the objective function has been evaluated MAXFUN times.,False,True,SUCCESS,,False,,,5ed3034be5800fc501893bfcd05423aa5bc6cd01c88acc190d885cfd8bf202e8,,normalized_mean_energy_H_C,False,230.5703125
objective-run-6649af143d8ded733545,PHASE1_2_OBJECTIVE_ALIGNMENT_AND_FEASIBILITY_CAPACITY_DIAGNOSTIC,task-v2-c5ed7c8b71f4,g-a712031e7959d564,v2-S3-b001-g-a712031e7959d564,S3,D6,13,3.135238693248112,0.000732421875,O0,MEAN_ENERGY,E_theta[H_C],HISTORICAL_MEAN_ENERGY_BASELINE,1.3571879478504911,1.1904499174265195,0.1667380304239716,1.1904499174265195,0.0563527391744845,1.0148117822967664,0.1192853959552685,1.134097178252035,0.0972704600792247,0.0159978737606142,0.1644679561254699,132.8066014948349,2.123219663296474,9.193284049908693,0.1,0.0811985990243191,1.0700775474098865,False,0.0972704600792246,0.0027295399207753,0.2313676383312579,2.476820981431068,True,1.000000000000001,3,COBYLA,240,2207,1.3571879478504911,minimum_frozen_p2_objective_final_then_append_zero_gamma3_beta3,"[1.968627019042767, 6.201683206494898, 0.0, 2.5794908705155093, -0.46207662941925265, 0.0]","[0.952887437529151, 6.518842841037327, 0.6525528381884325, 2.4797049825289403, -0.318722814138696, -0.1679310964297781]","[0.952887437529151, 6.518842841037327, 0.6525528381884325, 2.4797049825289403, -0.318722814138696, -0.1679310964297781]",240,240,241,1.6570460880175233,1.1904499174265195,1.1904499174265195,3,Return from COBYLA because the objective function has been evaluated MAXFUN times.,False,True,SUCCESS,,True,results/phase1_1_optimization_diagnostic/p3_budget_scaling.csv,diag-run-480ed3dd2c191268f657,5ed3034be5800fc501893bfcd05423aa5bc6cd01c88acc190d885cfd8bf202e8,bc0c3beeae21d5c1ff6d7feb5d6398a497f53f2e11df68b8435eae8d14e546bb,normalized_mean_energy_H_C,False,
objective-run-61b1d10605bcf2e05038,PHASE1_2_OBJECTIVE_ALIGNMENT_AND_FEASIBILITY_CAPACITY_DIAGNOSTIC,task-v2-c5ed7c8b71f4,g-a712031e7959d564,v2-S3-b001-g-a712031e7959d564,S3,D6,13,3.135238693248112,0.000732421875,O1,EXPECTED_PENALTY,E_theta[P_flow + P_resource],FEASIBILITY_ALIGNED_MECHANISTIC_OBJECTIVE_CONTROL,1.298298925861416,1.1264072104204306,0.1718917154409853,1.1888891338684475,0.0624819234480166,1.0012784963005463,0.1251287141198842,1.1264072104204306,0.1131431130802285,0.0204307180397599,0.1805741196573997,154.47806372553873,2.1888668172279404,9.056086753626897,0.1,0.0496379870690113,0.0755813953488372,True,0.1,0.005493031723397,0.2395503235006627,2.4210203372586507,True,0.9999999999999972,3,COBYLA,240,2207,1.3571879478504911,minimum_frozen_p2_objective_final_then_append_zero_gamma3_beta3,"[1.968627019042767, 6.201683206494898, 0.0, 2.5794908705155093, -0.46207662941925265, 0.0]","[0.9793572088886499, 6.464422348198327, -0.8984330926560978, 2.435324408619468, -0.540197082328242, 0.14551659981738915]","[0.9793572088886499, 6.464422348198327, -0.8984330926560978, 2.435324408619468, -0.540197082328242, 0.14551659981738915]",240,240,241,1.983169607818127,1.126407210420431,1.126407210420431,3,Return from COBYLA because the objective function has been evaluated MAXFUN times.,False,True,SUCCESS,,False,,,5ed3034be5800fc501893bfcd05423aa5bc6cd01c88acc190d885cfd8bf202e8,,normalized_mean_energy_H_C,False,230.8359375
objective-run-ee694d718b367750678a,PHASE1_2_OBJECTIVE_ALIGNMENT_AND_FEASIBILITY_CAPACITY_DIAGNOSTIC,task-v2-c5ed7c8b71f4,g-a712031e7959d564,v2-S3-b001-g-a712031e7959d564,S3,D6,13,3.135238693248112,0.000732421875,O2,EXACT_FEASIBILITY_CONTROL,1 - P_feas(theta),STATEVECTOR_MECHANISTIC_CONTROL,0.9638380860751397,0.8689949068605991,0.0948431792145404,1.2085024535865287,0.0575798275031551,0.983471298281335,0.1674513278020385,1.1509226260833736,0.1310050931394008,0.0148627093298752,0.1134513855431565,178.865620499662,2.25252687347899,9.60140335785326,0.1,0.0501262725484385,0.0697674418604651,True,0.1,0.0142903246136461,0.2819277192227759,2.325057001359021,True,0.9999999999999988,3,COBYLA,240,2207,1.3571879478504911,minimum_frozen_p2_objective_final_then_append_zero_gamma3_beta3,"[1.968627019042767, 6.201683206494898, 0.0, 2.5794908705155093, -0.46207662941925265, 0.0]","[1.1198373116319345, 7.053841203334324, 1.2598750598030823, 2.110393977980342, -0.3749800156956053, -0.18872199696609374]","[1.1198373116319345, 7.053841203334324, 1.2598750598030823, 2.110393977980342, -0.3749800156956053, -0.18872199696609374]",240,240,241,2.421910068020225,0.8689949068605991,0.8689949068605991,3,Return from COBYLA because the objective function has been evaluated MAXFUN times.,False,True,SUCCESS,,False,,,5ed3034be5800fc501893bfcd05423aa5bc6cd01c88acc190d885cfd8bf202e8,,normalized_mean_energy_H_C,False,230.91796875
objective-run-3ae366b7a35c529deb98,PHASE1_2_OBJECTIVE_ALIGNMENT_AND_FEASIBILITY_CAPACITY_DIAGNOSTIC,task-v2-c5ed7c8b71f4,g-a712031e7959d564,v2-S3-b001-g-a712031e7959d564,S3,D6,13,3.135238693248112,0.000732421875,O3,CVAR_ENERGY,exact_weighted_lowest_energy_CVaR_alpha_0.10,EXACT_DISTRIBUTIONAL_ENERGY_CONTROL,0.70565756770951,0.0504426730834479,0.6552148946260621,1.210936918724282,0.0596886529636073,1.0031767067520858,0.148071559008589,1.1512482657606748,0.1111990687945153,0.0190818758454536,0.1716010399395972,151.82379526077833,2.181339843631769,9.111603922118263,0.1,0.0504426730834479,0.0755813953488372,True,0.1,0.0068908325900641,0.2624473345551904,2.4039554590612635,True,1.0,3,COBYLA,240,2207,1.3571879478504911,minimum_frozen_p2_objective_final_then_append_zero_gamma3_beta3,"[1.968627019042767, 6.201683206494898, 0.0, 2.5794908705155093, -0.46207662941925265, 0.0]","[1.055649623887439, 6.536497240169506, 0.9206241572328273, 2.229618241161908, -0.3412177934370532, -0.1891820181417291]","[1.055649623887439, 6.536497240169506, 0.9206241572328273, 2.229618241161908, -0.3412177934370532, -0.1891820181417291]",240,240,241,2.945412273518741,0.0504426730834479,0.0504426730834479,3,Return from COBYLA because the objective function has been evaluated MAXFUN times.,False,True,SUCCESS,,False,,,5ed3034be5800fc501893bfcd05423aa5bc6cd01c88acc190d885cfd8bf202e8,,normalized_mean_energy_H_C,False,230.82421875
objective-run-fe92d0ca869a6fe0945e,PHASE1_2_OBJECTIVE_ALIGNMENT_AND_FEASIBILITY_CAPACITY_DIAGNOSTIC,task-v2-8c0a098a6f8b,g-a712031e7959d564,v2-S3-b001-g-a712031e7959d564,S3,D7,13,3.0682919036174985,0.0008544921875,O0,MEAN_ENERGY,E_theta[H_C],HISTORICAL_MEAN_ENERGY_BASELINE,1.2850374712580763,1.157452449258194,0.1275850219998824,1.157452449258194,0.0551745190794005,0.9938859062713524,0.1083920239074404,1.102277930178793,0.119771716779445,0.022014777224918,0.1838061423587787,140.16712912245913,2.146646178291801,9.167834860411531,0.1,0.048999787723602,0.0697674418604651,True,0.1,0.0075750888973642,0.2220496469582386,2.418635202703426,True,0.9999999999999996,3,COBYLA,240,2207,1.2850374712580763,minimum_frozen_p2_objective_final_then_append_zero_gamma3_beta3,"[1.3488180561191172, 6.360526345375118, 0.0, 2.7133820627201475, -0.48986656290072805, 0.0]","[0.49296984538216737, 6.545229813379338, -0.9605166336930971, 2.848488979646786, -0.6643759525338686, 0.15336177010731392]","[0.49296984538216737, 6.545229813379338, -0.9605166336930971, 2.848488979646786, -0.6643759525338686, 0.15336177010731392]",240,240,241,1.784706061705947,1.157452449258194,1.157452449258194,3,Return from COBYLA because the objective function has been evaluated MAXFUN times.,False,True,SUCCESS,,True,results/phase1_1_optimization_diagnostic/p3_budget_scaling.csv,diag-run-5d658825715ef536d30e,5ed3034be5800fc501893bfcd05423aa5bc6cd01c88acc190d885cfd8bf202e8,bc0c3beeae21d5c1ff6d7feb5d6398a497f53f2e11df68b8435eae8d14e546bb,normalized_mean_energy_H_C,False,
objective-run-5a3ef2085ea033329674,PHASE1_2_OBJECTIVE_ALIGNMENT_AND_FEASIBILITY_CAPACITY_DIAGNOSTIC,task-v2-8c0a098a6f8b,g-a712031e7959d564,v2-S3-b001-g-a712031e7959d564,S3,D7,13,3.0682919036174985,0.0008544921875,O1,EXPECTED_PENALTY,E_theta[P_flow + P_resource],FEASIBILITY_ALIGNED_MECHANISTIC_OBJECTIVE_CONTROL,1.229028644950295,1.0998089157842856,0.1292197291660093,1.1576435760239825,0.0578346602396968,0.9913486202325908,0.1084602955516948,1.0998089157842856,0.1225903398951461,0.0210124892844989,0.1714041196269735,143.4657234887196,2.1567481527923578,9.244251762375542,0.1,0.0490330471787637,0.0697674418604651,True,0.1,0.0053688274268242,0.2223992556794323,2.409829724635129,True,1.0,3,COBYLA,240,2207,1.2850374712580763,minimum_frozen_p2_objective_final_then_append_zero_gamma3_beta3,"[1.3488180561191172, 6.360526345375118, 0.0, 2.7133820627201475, -0.48986656290072805, 0.0]","[0.674410201208155, 6.631920573365854, 0.9145324757173645, 2.268776702408312, -0.34601420084790174, -0.17700050967285652]","[0.674410201208155, 6.631920573365854, 0.9145324757173645, 2.268776702408312, -0.34601420084790174, -0.17700050967285652]",240,240,241,2.2541589587926865,1.099808915784286,1.099808915784286,3,Return from COBYLA because the objective function has been evaluated MAXFUN times.,False,True,SUCCESS,,False,,,5ed3034be5800fc501893bfcd05423aa5bc6cd01c88acc190d885cfd8bf202e8,,normalized_mean_energy_H_C,False,230.57421875
objective-run-faa067b7d684576fd507,PHASE1_2_OBJECTIVE_ALIGNMENT_AND_FEASIBILITY_CAPACITY_DIAGNOSTIC,task-v2-8c0a098a6f8b,g-a712031e7959d564,v2-S3-b001-g-a712031e7959d564,S3,D7,13,3.0682919036174985,0.0008544921875,O2,EXACT_FEASIBILITY_CONTROL,1 - P_feas(theta),STATEVECTOR_MECHANISTIC_CONTROL,0.9483555827676494,0.8758575048634438,0.0724980779042056,1.166860870029118,0.0557759663212219,0.9915224935272804,0.1195624101806159,1.1110849037078965,0.1241424951365562,0.0194372884305477,0.1565724002016135,145.28218859409552,2.162212373627309,9.356995235914283,0.1,0.049513392444028,0.0697674418604651,True,0.1,0.0036973067325732,0.2352273988444524,2.39234511574588,True,1.0,3,COBYLA,240,2207,1.2850374712580763,minimum_frozen_p2_objective_final_then_append_zero_gamma3_beta3,"[1.3488180561191172, 6.360526345375118, 0.0, 2.7133820627201475, -0.48986656290072805, 0.0]","[0.6600978827993704, 6.558675561435501, 1.1107748410334588, 2.3639172708908576, -0.38668060975162305, -0.17536499678918657]","[0.6600978827993704, 6.558675561435501, 1.1107748410334588, 2.3639172708908576, -0.38668060975162305, -0.17536499678918657]",240,240,241,2.773069813847542,0.8758575048634438,0.8758575048634438,3,Return from COBYLA because the objective function has been evaluated MAXFUN times.,False,True,SUCCESS,,False,,,5ed3034be5800fc501893bfcd05423aa5bc6cd01c88acc190d885cfd8bf202e8,,normalized_mean_energy_H_C,False,230.7734375
objective-run-166a81652f928072874e,PHASE1_2_OBJECTIVE_ALIGNMENT_AND_FEASIBILITY_CAPACITY_DIAGNOSTIC,task-v2-8c0a098a6f8b,g-a712031e7959d564,v2-S3-b001-g-a712031e7959d564,S3,D7,13,3.0682919036174985,0.0008544921875,O3,CVAR_ENERGY,exact_weighted_lowest_energy_CVaR_alpha_0.10,EXACT_DISTRIBUTIONAL_ENERGY_CONTROL,0.5474175157837411,0.0520325808042154,0.4953849349795257,1.2073436315494763,0.0537153704585234,1.011452834150818,0.1421754269401348,1.1536282610909527,0.105444460863438,0.019478648159071,0.1847289843351567,123.40014619904068,2.09131567423044,9.158739806237302,0.1,0.0520325808042154,0.0755813953488372,True,0.1,0.0102856947639237,0.2590727219543935,2.424593895455291,True,0.9999999999999976,3,COBYLA,240,2207,1.2850374712580763,minimum_frozen_p2_objective_final_then_append_zero_gamma3_beta3,"[1.3488180561191172, 6.360526345375118, 0.0, 2.7133820627201475, -0.48986656290072805, 0.0]","[0.4698619022334811, 6.3630341602386435, 0.7475470637321231, 3.0823386565396316, -0.3904454901413158, -0.1967361056543109]","[0.4698619022334811, 6.3630341602386435, 0.7475470637321231, 3.0823386565396316, -0.3904454901413158, -0.1967361056543109]",240,240,241,2.684967959299684,0.0520325808042154,0.0520325808042154,3,Return from COBYLA because the objective function has been evaluated MAXFUN times.,False,True,SUCCESS,,False,,,5ed3034be5800fc501893bfcd05423aa5bc6cd01c88acc190d885cfd8bf202e8,,normalized_mean_energy_H_C,False,230.578125
objective-run-0316021ea758e285125e,PHASE1_2_OBJECTIVE_ALIGNMENT_AND_FEASIBILITY_CAPACITY_DIAGNOSTIC,task-v2-3f11ce371857,g-3ff7063ef9ea5cfb,v2-S4-b000-g-3ff7063ef9ea5cfb,S4,D1,16,4.816479930623699,1.52587890625e-05,O0,MEAN_ENERGY,E_theta[H_C],HISTORICAL_MEAN_ENERGY_BASELINE,1.8543460248744967,1.5812563544968534,0.2730896703776433,1.5812563544968523,0.0613312604833873,1.0860196163027862,0.4339054777106791,1.5199250940134654,0.0045762401687283,0.0045762401687283,1.0,299.9084756977827,2.4769887395066537,16.0,0.1,1.003068504334785,1.0512684989429175,False,0.0045762401687283,0.0206314367445254,0.524501334182194,2.461769945311621,True,1.0,3,COBYLA,240,1103,1.8543460248744967,minimum_frozen_p2_objective_final_then_append_zero_gamma3_beta3,"[4.206576848588073, 3.6833823222925894, 0.0, 0.4480349083452544, -1.0714407406078148, 0.0]","[4.885528202364654, 4.73724581391759, 1.3529636168879062, 0.7470633228893985, -1.1115823429545684, -0.18452922203622002]","[4.885528202364654, 4.73724581391759, 1.3529636168879062, 0.7470633228893985, -1.1115823429545684, -0.18452922203622002]",240,240,241,11.506610513664782,1.5812563544968534,1.5812563544968534,3,Return from COBYLA because the objective function has been evaluated MAXFUN times.,False,True,SUCCESS,,True,results/phase1_1_optimization_diagnostic/p3_budget_scaling.csv,diag-run-3cdeb189468e3df3a5e1,5ed3034be5800fc501893bfcd05423aa5bc6cd01c88acc190d885cfd8bf202e8,bc0c3beeae21d5c1ff6d7feb5d6398a497f53f2e11df68b8435eae8d14e546bb,normalized_mean_energy_H_C,False,
objective-run-eb1c37911b2c54c63c31,PHASE1_2_OBJECTIVE_ALIGNMENT_AND_FEASIBILITY_CAPACITY_DIAGNOSTIC,task-v2-3f11ce371857,g-3ff7063ef9ea5cfb,v2-S4-b000-g-3ff7063ef9ea5cfb,S4,D1,16,4.816479930623699,1.52587890625e-05,O1,EXPECTED_PENALTY,E_theta[P_flow + P_resource],FEASIBILITY_ALIGNED_MECHANISTIC_OBJECTIVE_CONTROL,1.781092652087146,1.5268068345156096,0.2542858175715363,1.5882368314008932,0.0614299968852832,1.0860667906272696,0.4407400438883401,1.5268068345156096,0.0046682569015,0.0046682569015,1.0,305.9388842967093,2.485634678561269,16.0,0.1,1.0022895001775047,1.0512684989429175,False,0.0046682569015,0.0223065790988233,0.5314750914171141,2.4545201378783856,True,0.9999999999999972,3,COBYLA,240,1103,1.8543460248744967,minimum_frozen_p2_objective_final_then_append_zero_gamma3_beta3,"[4.206576848588073, 3.6833823222925894, 0.0, 0.4480349083452544, -1.0714407406078148, 0.0]","[4.952639612580402, 4.622186987372096, 1.231586856592515, 0.7353700546396231, -1.108002788165588, -0.18401885538850155]","[4.952639612580402, 4.622186987372096, 1.231586856592515, 0.7353700546396231, -1.108002788165588, -0.18401885538850155]",240,240,241,43.31433108635247,1.5268068345156098,1.5268068345156098,3,Return from COBYLA because the objective function has been evaluated MAXFUN times.,False,True,SUCCESS,,False,,,5ed3034be5800fc501893bfcd05423aa5bc6cd01c88acc190d885cfd8bf202e8,,normalized_mean_energy_H_C,False,243.765625
objective-run-3be2354c8b5ffe9b22df,PHASE1_2_OBJECTIVE_ALIGNMENT_AND_FEASIBILITY_CAPACITY_DIAGNOSTIC,task-v2-3f11ce371857,g-3ff7063ef9ea5cfb,v2-S4-b000-g-3ff7063ef9ea5cfb,S4,D1,16,4.816479930623699,1.52587890625e-05,O2,EXACT_FEASIBILITY_CONTROL,1 - P_feas(theta),STATEVECTOR_MECHANISTIC_CONTROL,0.9988584607538018,0.9907683369780332,0.0080901237757685,1.8433681564424755,0.0805968379742347,1.048940032247332,0.7138312862209079,1.7627713184682396,0.0092316630219668,0.0092316630219668,1.0,605.0062678076164,2.7817598739254628,16.0,0.1,0.9614520279508332,1.0570824524312896,False,0.0092316630219668,0.0092055402127966,0.7720029814902103,2.200302029443889,True,0.9999999999999984,3,COBYLA,240,1103,1.8543460248744967,minimum_frozen_p2_objective_final_then_append_zero_gamma3_beta3,"[4.206576848588073, 3.6833823222925894, 0.0, 0.4480349083452544, -1.0714407406078148, 0.0]","[4.746441416175121, 4.235042054618996, 0.8513278149980178, -0.28124713456445605, -0.2819521850035411, -0.1700045688045557]","[4.746441416175121, 4.235042054618996, 0.8513278149980178, -0.28124713456445605, -0.2819521850035411, -0.1700045688045557]",240,240,241,35.75897969119251,0.9907683369780332,0.9907683369780332,3,Return from COBYLA because the objective function has been evaluated MAXFUN times.,False,True,SUCCESS,,False,,,5ed3034be5800fc501893bfcd05423aa5bc6cd01c88acc190d885cfd8bf202e8,,normalized_mean_energy_H_C,False,244.03515625
objective-run-cd61fa2a6b42b719f787,PHASE1_2_OBJECTIVE_ALIGNMENT_AND_FEASIBILITY_CAPACITY_DIAGNOSTIC,task-v2-3f11ce371857,g-3ff7063ef9ea5cfb,v2-S4-b000-g-3ff7063ef9ea5cfb,S4,D1,16,4.816479930623699,1.52587890625e-05,O3,CVAR_ENERGY,exact_weighted_lowest_energy_CVaR_alpha_0.10,EXACT_DISTRIBUTIONAL_ENERGY_CONTROL,1.0379813592627856,0.9307949881921465,0.1071863710706391,1.8977203772692013,0.1001129970390884,1.0590592314489664,0.7385481487811463,1.797607380230113,0.0127592876017221,0.0127592876017221,1.0,836.1926722664622,2.92230635741652,16.0,0.1,0.9307949881921465,1.0687103594080338,False,0.0127592876017221,0.0089521498561844,0.8103666678318366,2.151355469362997,True,0.9999999999999992,3,COBYLA,240,1103,1.8543460248744967,minimum_frozen_p2_objective_final_then_append_zero_gamma3_beta3,"[4.206576848588073, 3.6833823222925894, 0.0, 0.4480349083452544, -1.0714407406078148, 0.0]","[4.644431054931436, 3.452442355591184, -1.0665776467541295, -0.04029732523161794, -0.6131805830748701, 0.18974196852382674]","[4.644431054931436, 3.452442355591184, -1.0665776467541295, -0.04029732523161794, -0.6131805830748701, 0.18974196852382674]",240,240,241,18.771967941895127,0.9307949881921465,0.9307949881921465,3,Return from COBYLA because the objective function has been evaluated MAXFUN times.,False,True,SUCCESS,,False,,,5ed3034be5800fc501893bfcd05423aa5bc6cd01c88acc190d885cfd8bf202e8,,normalized_mean_energy_H_C,False,243.78125
objective-run-6e9095cf459c3efd273b,PHASE1_2_OBJECTIVE_ALIGNMENT_AND_FEASIBILITY_CAPACITY_DIAGNOSTIC,task-v2-095187356858,g-3ff7063ef9ea5cfb,v2-S4-b000-g-3ff7063ef9ea5cfb,S4,D2,16,4.515449934959718,3.0517578125e-05,O0,MEAN_ENERGY,E_theta[H_C],HISTORICAL_MEAN_ENERGY_BASELINE,1.6678211694716716,1.5282871092675427,0.1395340602041288,1.5282871092675423,0.076696640019198,1.0939392076395713,0.3576512616087726,1.451590469248344,0.0050555548045714,0.0037937119349008,0.7504046700216674,165.66041983619743,2.21921875766466,17.74716730984833,0.1,1.001781082584099,1.0570824524312896,False,0.0050555548045714,0.0039012701341152,0.4566460240529122,2.5281873115333733,True,1.0000000000000022,3,COBYLA,240,1103,1.6678211694716716,minimum_frozen_p2_objective_final_then_append_zero_gamma3_beta3,"[2.2653518965550097, 5.2307998085259095, 0.0, 3.252486969482005, -0.8185802628619073, 0.0]","[2.663672184914427, 5.053913707512904, -0.9419788564772744, 3.1469398053191573, -0.8966389670271981, 0.1722721960428174]","[2.663672184914427, 5.053913707512904, -0.9419788564772744, 3.1469398053191573, -0.8966389670271981, 0.1722721960428174]",240,240,241,11.074829326942565,1.5282871092675427,1.5282871092675427,3,Return from COBYLA because the objective function has been evaluated MAXFUN times.,False,True,SUCCESS,,True,results/phase1_1_optimization_diagnostic/p3_budget_scaling.csv,diag-run-d1a4f543f87f21ff0a6b,5ed3034be5800fc501893bfcd05423aa5bc6cd01c88acc190d885cfd8bf202e8,bc0c3beeae21d5c1ff6d7feb5d6398a497f53f2e11df68b8435eae8d14e546bb,normalized_mean_energy_H_C,False,
objective-run-16a9f876f272466ff982,PHASE1_2_OBJECTIVE_ALIGNMENT_AND_FEASIBILITY_CAPACITY_DIAGNOSTIC,task-v2-095187356858,g-3ff7063ef9ea5cfb,v2-S4-b000-g-3ff7063ef9ea5cfb,S4,D2,16,4.515449934959718,3.0517578125e-05,O1,EXPECTED_PENALTY,E_theta[P_flow + P_resource],FEASIBILITY_ALIGNED_MECHANISTIC_OBJECTIVE_CONTROL,1.585214985980061,1.4633655845896294,0.1218494013904316,1.5403605810679788,0.0769949964783489,1.0945943172474637,0.368771267342166,1.4633655845896294,0.0047513046540321,0.0035662541121149,0.7505841809340649,155.69075090332544,2.192262813268444,17.745910733461546,0.1,1.0046716342343058,1.0570824524312896,False,0.0047513046540321,0.0047314149528726,0.46811688924366,2.5176291967942435,True,1.000000000000001,3,COBYLA,240,1103,1.6678211694716716,minimum_frozen_p2_objective_final_then_append_zero_gamma3_beta3,"[2.2653518965550097, 5.2307998085259095, 0.0, 3.252486969482005, -0.8185802628619073, 0.0]","[2.59713258324088, 5.163830332653515, -0.8041798800187888, 3.1563095890965336, -0.9085625055490886, 0.17737357154198172]","[2.59713258324088, 5.163830332653515, -0.8041798800187888, 3.1563095890965336, -0.9085625055490886, 0.17737357154198172]",240,240,241,43.92959350626916,1.46336558458963,1.46336558458963,3,Return from COBYLA because the objective function has been evaluated MAXFUN times.,False,True,SUCCESS,,False,,,5ed3034be5800fc501893bfcd05423aa5bc6cd01c88acc190d885cfd8bf202e8,,normalized_mean_energy_H_C,False,244.11328125
objective-run-ee7f602015a74100e187,PHASE1_2_OBJECTIVE_ALIGNMENT_AND_FEASIBILITY_CAPACITY_DIAGNOSTIC,task-v2-095187356858,g-3ff7063ef9ea5cfb,v2-S4-b000-g-3ff7063ef9ea5cfb,S4,D2,16,4.515449934959718,3.0517578125e-05,O2,EXACT_FEASIBILITY_CONTROL,1 - P_feas(theta),STATEVECTOR_MECHANISTIC_CONTROL,0.998115335610154,0.9944250499574504,0.0036902856527036,1.682042451681123,0.0866533961907257,1.0840050365033602,0.5113840189870364,1.595389055490397,0.0055749500425496,0.0034896748133625,0.6259562483481159,182.679962994268,2.26169091495934,18.61830626156319,0.1,1.001332425387944,1.0687103594080338,False,0.0055749500425496,0.0023216419627448,0.6009640055329459,2.382311144339405,True,1.0000000000000004,3,COBYLA,240,1103,1.6678211694716716,minimum_frozen_p2_objective_final_then_append_zero_gamma3_beta3,"[2.2653518965550097, 5.2307998085259095, 0.0, 3.252486969482005, -0.8185802628619073, 0.0]","[2.775580909357607, 5.62315281400467, 0.9393299005626777, 3.6353209045745567, -0.5972259805616964, -0.1814517546727428]","[2.775580909357607, 5.62315281400467, 0.9393299005626777, 3.6353209045745567, -0.5972259805616964, -0.1814517546727428]",240,240,241,36.39456951525062,0.9944250499574504,0.9944250499574504,3,Return from COBYLA because the objective function has been evaluated MAXFUN times.,False,True,SUCCESS,,False,,,5ed3034be5800fc501893bfcd05423aa5bc6cd01c88acc190d885cfd8bf202e8,,normalized_mean_energy_H_C,False,243.76953125
objective-run-3abd2fc0d1367c365071,PHASE1_2_OBJECTIVE_ALIGNMENT_AND_FEASIBILITY_CAPACITY_DIAGNOSTIC,task-v2-095187356858,g-3ff7063ef9ea5cfb,v2-S4-b000-g-3ff7063ef9ea5cfb,S4,D2,16,4.515449934959718,3.0517578125e-05,O3,CVAR_ENERGY,exact_weighted_lowest_energy_CVaR_alpha_0.10,EXACT_DISTRIBUTIONAL_ENERGY_CONTROL,1.0338217726829435,0.957851655353296,0.0759701173296476,1.6173483340077155,0.0842346169391691,1.0597307631222257,0.4733829539463209,1.5331137170685465,0.0099016233282736,0.0065938712154566,0.665938401901044,324.456393220872,2.511156336094375,18.33843118669269,0.1,0.957851655353296,1.0628964059196615,False,0.0099016233282736,0.0089421267170595,0.5430153403968218,2.427279789618357,True,0.9999999999999992,3,COBYLA,240,1103,1.6678211694716716,minimum_frozen_p2_objective_final_then_append_zero_gamma3_beta3,"[2.2653518965550097, 5.2307998085259095, 0.0, 3.252486969482005, -0.8185802628619073, 0.0]","[3.0279745658535027, 5.189104555491766, 0.9039228937173018, 3.0760015607366182, -0.44104111344046987, -0.17187119215846197]","[3.0279745658535027, 5.189104555491766, 0.9039228937173018, 3.0760015607366182, -0.44104111344046987, -0.17187119215846197]",240,240,241,37.79031362850219,0.957851655353296,0.957851655353296,3,Return from COBYLA because the objective function has been evaluated MAXFUN times.,False,True,SUCCESS,,False,,,5ed3034be5800fc501893bfcd05423aa5bc6cd01c88acc190d885cfd8bf202e8,,normalized_mean_energy_H_C,False,244.0234375
objective-run-c95a37cb46a7fe840a1b,PHASE1_2_OBJECTIVE_ALIGNMENT_AND_FEASIBILITY_CAPACITY_DIAGNOSTIC,task-v2-0b71cbcaebc2,g-3ff7063ef9ea5cfb,v2-S4-b000-g-3ff7063ef9ea5cfb,S4,D3,16,4.339358675904037,4.57763671875e-05,O0,MEAN_ENERGY,E_theta[H_C],HISTORICAL_MEAN_ENERGY_BASELINE,1.5682571975225854,1.3525606042493827,0.2156965932732026,1.3525606042493834,0.0628775923526805,1.0943419548725333,0.1953410570241694,1.2896830118967026,0.0019741629447588,0.0002303378540125,0.1166762118719834,43.12624758257258,1.6347416718005163,16.122842090517445,0.1,1.0303528675357256,1.0512684989429175,False,0.0019741629447588,0.0634093333102654,0.2916571748414603,2.702420336324263,True,1.0000000000000009,3,COBYLA,240,1103,1.5682571975225854,minimum_frozen_p2_objective_final_then_append_zero_gamma3_beta3,"[3.176230981602957, 5.674042409120552, 0.0, 3.7979473976669467, -1.0383617347001624, 0.0]","[4.141253313851755, 6.360117209816176, -0.9076552787163484, 3.9573368588262365, -1.2446013579071928, 0.1716099293076467]","[4.141253313851755, 6.360117209816176, -0.9076552787163484, 3.9573368588262365, -1.2446013579071928, 0.1716099293076467]",240,240,241,12.616500194184482,1.3525606042493827,1.3525606042493827,3,Return from COBYLA because the objective function has been evaluated MAXFUN times.,False,True,SUCCESS,,True,results/phase1_1_optimization_diagnostic/p3_budget_scaling.csv,diag-run-891f38c155bbf17fc447,5ed3034be5800fc501893bfcd05423aa5bc6cd01c88acc190d885cfd8bf202e8,bc0c3beeae21d5c1ff6d7feb5d6398a497f53f2e11df68b8435eae8d14e546bb,normalized_mean_energy_H_C,False,
objective-run-1984e400bd0426d52d91,PHASE1_2_OBJECTIVE_ALIGNMENT_AND_FEASIBILITY_CAPACITY_DIAGNOSTIC,task-v2-0b71cbcaebc2,g-3ff7063ef9ea5cfb,v2-S4-b000-g-3ff7063ef9ea5cfb,S4,D3,16,4.339358675904037,4.57763671875e-05,O1,EXPECTED_PENALTY,E_theta[P_flow + P_resource],FEASIBILITY_ALIGNED_MECHANISTIC_OBJECTIVE_CONTROL,1.4932895742305434,1.28236567915929,0.2109238950712535,1.345790119981486,0.0634244408221964,1.0939615301110743,0.1884041490482154,1.28236567915929,0.0023100449543221,0.0002477338669387,0.1072420112323852,50.46370204215184,1.7029791074083342,16.227777215506602,0.1,1.027342789950609,1.0512684989429175,False,0.0023100449543221,0.0663775379511953,0.2846757241136134,2.70839414102342,True,0.9999999999999984,3,COBYLA,240,1103,1.5682571975225854,minimum_frozen_p2_objective_final_then_append_zero_gamma3_beta3,"[3.176230981602957, 5.674042409120552, 0.0, 3.7979473976669467, -1.0383617347001624, 0.0]","[4.18197859185644, 6.231199893168743, -1.0618323279119983, 3.9580199407855883, -1.2217118595765015, 0.1636516325693697]","[4.18197859185644, 6.231199893168743, -1.0618323279119983, 3.9580199407855883, -1.2217118595765015, 0.1636516325693697]",240,240,241,43.94958048220724,1.2823656791592892,1.2823656791592892,3,Return from COBYLA because the objective function has been evaluated MAXFUN times.,False,True,SUCCESS,,False,,,5ed3034be5800fc501893bfcd05423aa5bc6cd01c88acc190d885cfd8bf202e8,,normalized_mean_energy_H_C,False,243.97265625
objective-run-0f2c7adf96ed6ff94995,PHASE1_2_OBJECTIVE_ALIGNMENT_AND_FEASIBILITY_CAPACITY_DIAGNOSTIC,task-v2-0b71cbcaebc2,g-3ff7063ef9ea5cfb,v2-S4-b000-g-3ff7063ef9ea5cfb,S4,D3,16,4.339358675904037,4.57763671875e-05,O2,EXACT_FEASIBILITY_CONTROL,1 - P_feas(theta),STATEVECTOR_MECHANISTIC_CONTROL,0.9987608722454476,0.9828224181963872,0.0159384540490604,1.612651499294641,0.0880363115462242,1.058284901072526,0.4663302866758907,1.5246151877484166,0.0171775818036128,0.0076001912739454,0.4424482654681343,375.2500003605239,2.57432070133256,13.879911213449557,0.1,0.8861857131884304,1.0628964059196615,False,0.0171775818036128,0.0154027969493353,0.5417927695520264,2.406674485037135,True,1.000000000000002,3,COBYLA,240,1103,1.5682571975225854,minimum_frozen_p2_objective_final_then_append_zero_gamma3_beta3,"[3.176230981602957, 5.674042409120552, 0.0, 3.7979473976669467, -1.0383617347001624, 0.0]","[3.670430067209576, 5.369001832800257, 0.7439427525789144, 2.98030266534671, -0.377317659040267, -0.1543834489606236]","[3.670430067209576, 5.369001832800257, 0.7439427525789144, 2.98030266534671, -0.377317659040267, -0.1543834489606236]",240,240,241,17.986296041868627,0.9828224181963872,0.9828224181963872,3,Return from COBYLA because the objective function has been evaluated MAXFUN times.,False,True,SUCCESS,,False,,,5ed3034be5800fc501893bfcd05423aa5bc6cd01c88acc190d885cfd8bf202e8,,normalized_mean_energy_H_C,False,243.7890625
objective-run-b7c4590fa7e2d639f340,PHASE1_2_OBJECTIVE_ALIGNMENT_AND_FEASIBILITY_CAPACITY_DIAGNOSTIC,task-v2-0b71cbcaebc2,g-3ff7063ef9ea5cfb,v2-S4-b000-g-3ff7063ef9ea5cfb,S4,D3,16,4.339358675904037,4.57763671875e-05,O3,CVAR_ENERGY,exact_weighted_lowest_energy_CVaR_alpha_0.10,EXACT_DISTRIBUTIONAL_ENERGY_CONTROL,1.037692834584463,0.8116785595550761,0.2260142750293868,1.6749382028396762,0.1004642275784532,1.048289507265911,0.5261844679953118,1.574473975261223,0.025344556666231,0.0116866892089627,0.4611123943838424,553.6602885593732,2.7432433747345786,13.745316879887865,0.1,0.8116785595550761,1.080338266384778,False,0.025344556666231,0.0017582571265654,0.5998185319274528,2.324147798073854,True,1.0000000000000009,3,COBYLA,240,1103,1.5682571975225854,minimum_frozen_p2_objective_final_then_append_zero_gamma3_beta3,"[3.176230981602957, 5.674042409120552, 0.0, 3.7979473976669467, -1.0383617347001624, 0.0]","[3.602357120966913, 5.69400353572207, -0.9356139466665387, 2.9432209654561046, -0.5346690454146379, 0.16626761090609474]","[3.602357120966913, 5.69400353572207, -0.9356139466665387, 2.9432209654561046, -0.5346690454146379, 0.16626761090609474]",240,240,241,35.15831164456904,0.8116785595550761,0.8116785595550761,3,Return from COBYLA because the objective function has been evaluated MAXFUN times.,False,True,SUCCESS,,False,,,5ed3034be5800fc501893bfcd05423aa5bc6cd01c88acc190d885cfd8bf202e8,,normalized_mean_energy_H_C,False,243.796875
objective-run-e80d5fae9402f411d426,PHASE1_2_OBJECTIVE_ALIGNMENT_AND_FEASIBILITY_CAPACITY_DIAGNOSTIC,task-v2-606c43f06406,g-3ff7063ef9ea5cfb,v2-S4-b000-g-3ff7063ef9ea5cfb,S4,D4,16,4.214419939295737,6.103515625e-05,O0,MEAN_ENERGY,E_theta[H_C],HISTORICAL_MEAN_ENERGY_BASELINE,1.618351920785332,1.4850651944399529,0.1332867263453792,1.4850651944399536,0.0785732172527562,1.0922789304404803,0.3142130467467163,1.4064919771871969,0.0089848799341612,0.0024996722928351,0.2782087586202685,147.20827284129746,2.167932217259411,15.78089166206894,0.1,0.9644046530511764,1.0570824524312896,False,0.0089848799341612,0.0125243598280861,0.41547685712136,2.557568503076157,True,0.9999999999999984,3,COBYLA,240,1103,1.618351920785332,minimum_frozen_p2_objective_final_then_append_zero_gamma3_beta3,"[2.4084554011520796, 4.963910099709779, 0.0, 3.2261732434850257, -0.8010686431749112, 0.0]","[2.9199017769343505, 4.765421567637133, -0.8970291994160338, 3.1511295152905365, -0.8844778632237956, 0.16638225382551958]","[2.9199017769343505, 4.765421567637133, -0.8970291994160338, 3.1511295152905365, -0.8844778632237956, 0.16638225382551958]",240,240,241,13.157737009227276,1.4850651944399529,1.4850651944399529,3,Return from COBYLA because the objective function has been evaluated MAXFUN times.,False,True,SUCCESS,,True,results/phase1_1_optimization_diagnostic/p3_budget_scaling.csv,diag-run-1298583f094bc8a36bea,5ed3034be5800fc501893bfcd05423aa5bc6cd01c88acc190d885cfd8bf202e8,bc0c3beeae21d5c1ff6d7feb5d6398a497f53f2e11df68b8435eae8d14e546bb,normalized_mean_energy_H_C,False,
objective-run-ba1a3724036c3565b5c7,PHASE1_2_OBJECTIVE_ALIGNMENT_AND_FEASIBILITY_CAPACITY_DIAGNOSTIC,task-v2-606c43f06406,g-3ff7063ef9ea5cfb,v2-S4-b000-g-3ff7063ef9ea5cfb,S4,D4,16,4.214419939295737,6.103515625e-05,O1,EXPECTED_PENALTY,E_theta[P_flow + P_resource],FEASIBILITY_ALIGNED_MECHANISTIC_OBJECTIVE_CONTROL,1.534090147909664,1.3890725670429651,0.1450175808666987,1.4690240020179597,0.0799514349749948,1.0832682288192854,0.3058043382236798,1.3890725670429651,0.0124836917318029,0.0037014049135592,0.2964992241942085,204.53280533385927,2.310762975095672,15.676396053387576,0.1,0.9317921337922642,1.0628964059196615,False,0.0124836917318029,0.0068067374202814,0.4015562587747674,2.560992666029824,True,1.0000000000000009,3,COBYLA,240,1103,1.618351920785332,minimum_frozen_p2_objective_final_then_append_zero_gamma3_beta3,"[2.4084554011520796, 4.963910099709779, 0.0, 3.2261732434850257, -0.8010686431749112, 0.0]","[2.6997370274076333, 4.805503101262139, -1.1086638817206877, 3.146119471938792, -0.8338836921855987, 0.15482520147422021]","[2.6997370274076333, 4.805503101262139, -1.1086638817206877, 3.146119471938792, -0.8338836921855987, 0.15482520147422021]",240,240,241,47.13855176605284,1.3890725670429651,1.3890725670429651,3,Return from COBYLA because the objective function has been evaluated MAXFUN times.,False,True,SUCCESS,,False,,,5ed3034be5800fc501893bfcd05423aa5bc6cd01c88acc190d885cfd8bf202e8,,normalized_mean_energy_H_C,False,243.7890625
objective-run-79681059c0528916cc19,PHASE1_2_OBJECTIVE_ALIGNMENT_AND_FEASIBILITY_CAPACITY_DIAGNOSTIC,task-v2-606c43f06406,g-3ff7063ef9ea5cfb,v2-S4-b000-g-3ff7063ef9ea5cfb,S4,D4,16,4.214419939295737,6.103515625e-05,O2,EXACT_FEASIBILITY_CONTROL,1 - P_feas(theta),STATEVECTOR_MECHANISTIC_CONTROL,0.9960963025402813,0.9660964312080866,0.0299998713321946,1.6830737308761756,0.1081457256988095,1.0501822981429934,0.524745707034373,1.5749280051773664,0.0339035687919134,0.0128379664496517,0.3786612119935251,555.4760710867093,2.74466535505216,15.390985966880123,0.1,0.7321709079115851,1.0840118906040637,False,0.0339035687919133,0.001099649765501,0.6088315739692747,2.289457719654985,True,1.000000000000003,3,COBYLA,240,1103,1.618351920785332,minimum_frozen_p2_objective_final_then_append_zero_gamma3_beta3,"[2.4084554011520796, 4.963910099709779, 0.0, 3.2261732434850257, -0.8010686431749112, 0.0]","[3.229872853492025, 5.128427720489301, -1.3635071313577425, 3.0398205083094845, -0.547289452544028, 0.18900863563578404]","[3.229872853492025, 5.128427720489301, -1.3635071313577425, 3.0398205083094845, -0.547289452544028, 0.18900863563578404]",240,240,241,16.486674200743437,0.9660964312080866,0.9660964312080866,3,Return from COBYLA because the objective function has been evaluated MAXFUN times.,False,True,SUCCESS,,False,,,5ed3034be5800fc501893bfcd05423aa5bc6cd01c88acc190d885cfd8bf202e8,,normalized_mean_energy_H_C,False,244.03515625
objective-run-864724dc3e6865af5660,PHASE1_2_OBJECTIVE_ALIGNMENT_AND_FEASIBILITY_CAPACITY_DIAGNOSTIC,task-v2-606c43f06406,g-3ff7063ef9ea5cfb,v2-S4-b000-g-3ff7063ef9ea5cfb,S4,D4,16,4.214419939295737,6.103515625e-05,O3,CVAR_ENERGY,exact_weighted_lowest_energy_CVaR_alpha_0.10,EXACT_DISTRIBUTIONAL_ENERGY_CONTROL,1.0152450245358535,0.8654651586151842,0.1497798659206692,1.5896494034526765,0.0878803032899915,1.059955140481872,0.4418139596808129,1.5017691001626852,0.0194551554240503,0.0070116811816461,0.360402218785586,318.75326646764086,2.503454643956845,15.372539850432377,0.1,0.8654651586151842,1.0628964059196615,False,0.0194551554240503,0.0128147967484131,0.5212242555867348,2.420410278141114,True,1.0000000000000004,3,COBYLA,240,1103,1.618351920785332,minimum_frozen_p2_objective_final_then_append_zero_gamma3_beta3,"[2.4084554011520796, 4.963910099709779, 0.0, 3.2261732434850257, -0.8010686431749112, 0.0]","[3.0594220882309306, 5.51847745267031, 0.7766904461951186, 3.0151004685488596, -0.40249266110776977, -0.16241222919634452]","[3.0594220882309306, 5.51847745267031, 0.7766904461951186, 3.0151004685488596, -0.40249266110776977, -0.16241222919634452]",240,240,241,17.629301317967474,0.8654651586151842,0.8654651586151842,3,Return from COBYLA because the objective function has been evaluated MAXFUN times.,False,True,SUCCESS,,False,,,5ed3034be5800fc501893bfcd05423aa5bc6cd01c88acc190d885cfd8bf202e8,,normalized_mean_energy_H_C,False,243.76953125
objective-run-33de867aad0c16283a1a,PHASE1_2_OBJECTIVE_ALIGNMENT_AND_FEASIBILITY_CAPACITY_DIAGNOSTIC,task-v2-9f1427c2fbd8,g-3ff7063ef9ea5cfb,v2-S4-b000-g-3ff7063ef9ea5cfb,S4,D5,16,4.038328680240055,9.1552734375e-05,O0,MEAN_ENERGY,E_theta[H_C],HISTORICAL_MEAN_ENERGY_BASELINE,1.642801402145231,1.375942054771314,0.2668593473739171,1.3759420547713153,0.1071430143773773,1.092791066185803,0.1760079742081347,1.2687990403939375,0.0235648475672959,0.010729908438462,0.4553353637370176,257.3909750283844,2.4105933150466647,13.724718960755094,0.1,0.8458181579783495,1.1094080338266386,False,0.0235648475672959,0.0011825231174383,0.2923638879612359,2.6369415693368765,True,0.999999999999998,3,COBYLA,240,2207,1.642801402145231,minimum_frozen_p2_objective_final_then_append_zero_gamma3_beta3,"[5.303644729290461, 4.027358540448379, 0.0, 2.4010940755396004, 0.10583187323471438, 0.0]","[6.4132403174922805, 4.511842124535527, 0.24173768116417657, 2.419632140955466, 0.26926783812574767, -0.15840405395099025]","[6.4132403174922805, 4.511842124535527, 0.24173768116417657, 2.419632140955466, 0.26926783812574767, -0.15840405395099025]",240,240,241,13.728523381985724,1.375942054771314,1.375942054771314,3,Return from COBYLA because the objective function has been evaluated MAXFUN times.,False,True,SUCCESS,,True,results/phase1_1_optimization_diagnostic/p3_budget_scaling.csv,diag-run-7f4e20cba8b44427193e,5ed3034be5800fc501893bfcd05423aa5bc6cd01c88acc190d885cfd8bf202e8,bc0c3beeae21d5c1ff6d7feb5d6398a497f53f2e11df68b8435eae8d14e546bb,normalized_mean_energy_H_C,False,
objective-run-f4d729dfed054554ef24,PHASE1_2_OBJECTIVE_ALIGNMENT_AND_FEASIBILITY_CAPACITY_DIAGNOSTIC,task-v2-9f1427c2fbd8,g-3ff7063ef9ea5cfb,v2-S4-b000-g-3ff7063ef9ea5cfb,S4,D5,16,4.038328680240055,9.1552734375e-05,O1,EXPECTED_PENALTY,E_theta[P_flow + P_resource],FEASIBILITY_ALIGNED_MECHANISTIC_OBJECTIVE_CONTROL,1.5108048508240417,1.2722675527837723,0.2385372980402691,1.3805437318769038,0.1082761790931311,1.0918397989999191,0.1804277537838529,1.2722675527837723,0.0236101158566857,0.0108455154506947,0.4593588407836479,257.8854254639594,2.4114267984410125,13.682489941610095,0.1,0.8463292772193722,1.1094080338266386,False,0.0236101158566856,0.001173161629482,0.2958776686404547,2.633291983789488,True,1.0000000000000029,3,COBYLA,240,2207,1.642801402145231,minimum_frozen_p2_objective_final_then_append_zero_gamma3_beta3,"[5.303644729290461, 4.027358540448379, 0.0, 2.4010940755396004, 0.10583187323471438, 0.0]","[6.425858997574453, 4.461728339043465, 0.19434950237287016, 2.4305239649110524, 0.25626256951212234, -0.14306718171297528]","[6.425858997574453, 4.461728339043465, 0.19434950237287016, 2.4305239649110524, 0.25626256951212234, -0.14306718171297528]",240,240,241,42.859097068198025,1.2722675527837726,1.2722675527837726,3,Return from COBYLA because the objective function has been evaluated MAXFUN times.,False,True,SUCCESS,,False,,,5ed3034be5800fc501893bfcd05423aa5bc6cd01c88acc190d885cfd8bf202e8,,normalized_mean_energy_H_C,False,244.02734375
objective-run-bc0b1e542ac9d9ed9780,PHASE1_2_OBJECTIVE_ALIGNMENT_AND_FEASIBILITY_CAPACITY_DIAGNOSTIC,task-v2-9f1427c2fbd8,g-3ff7063ef9ea5cfb,v2-S4-b000-g-3ff7063ef9ea5cfb,S4,D5,16,4.038328680240055,9.1552734375e-05,O2,EXACT_FEASIBILITY_CONTROL,1 - P_feas(theta),STATEVECTOR_MECHANISTIC_CONTROL,0.989962368266569,0.962486788660664,0.0274755796059049,1.552028950191607,0.1274576492290672,1.0863589464436545,0.3382123545188853,1.4245713009625398,0.0375132113393359,0.0174301331260096,0.4646398562986417,409.7443030557868,2.6125129240030365,13.764997354483915,0.1,0.7162619819595875,1.1268498942917546,False,0.0375132113393359,0.0004165855824806,0.4620845123018757,2.4253758536801167,True,1.0,3,COBYLA,240,2207,1.642801402145231,minimum_frozen_p2_objective_final_then_append_zero_gamma3_beta3,"[5.303644729290461, 4.027358540448379, 0.0, 2.4010940755396004, 0.10583187323471438, 0.0]","[6.765523976615206, 4.397497672462456, -0.6591063774712316, 2.5196090349183056, 0.12860878663297226, 0.10295959369607538]","[6.765523976615206, 4.397497672462456, -0.6591063774712316, 2.5196090349183056, 0.12860878663297226, 0.10295959369607538]",240,240,241,22.378761116415266,0.962486788660664,0.962486788660664,3,Return from COBYLA because the objective function has been evaluated MAXFUN times.,False,True,SUCCESS,,False,,,5ed3034be5800fc501893bfcd05423aa5bc6cd01c88acc190d885cfd8bf202e8,,normalized_mean_energy_H_C,False,243.76953125
objective-run-21ca30371b2c6b79e39d,PHASE1_2_OBJECTIVE_ALIGNMENT_AND_FEASIBILITY_CAPACITY_DIAGNOSTIC,task-v2-9f1427c2fbd8,g-3ff7063ef9ea5cfb,v2-S4-b000-g-3ff7063ef9ea5cfb,S4,D5,16,4.038328680240055,9.1552734375e-05,O3,CVAR_ENERGY,exact_weighted_lowest_energy_CVaR_alpha_0.10,EXACT_DISTRIBUTIONAL_ENERGY_CONTROL,0.9975783770696346,0.7532624717912318,0.2443159052784027,1.4021424507924998,0.114738679993324,1.0783103204747797,0.2090934503243958,1.2874037707991757,0.0332112800028367,0.0146301505873855,0.440517516522576,362.7557410443176,2.5596142943947844,14.017478357540874,0.1,0.7532624717912318,1.1094080338266386,False,0.0332112800028367,0.0020122650090157,0.3206150508020119,2.579751109189478,True,1.0,3,COBYLA,240,2207,1.642801402145231,minimum_frozen_p2_objective_final_then_append_zero_gamma3_beta3,"[5.303644729290461, 4.027358540448379, 0.0, 2.4010940755396004, 0.10583187323471438, 0.0]","[6.465262376024338, 4.512628751812364, 0.5938072779660247, 2.4972998203130117, 0.30901019144753883, -0.1644142789887286]","[6.465262376024338, 4.512628751812364, 0.5938072779660247, 2.4972998203130117, 0.30901019144753883, -0.1644142789887286]",240,240,241,30.246266070753336,0.7532624717912318,0.7532624717912318,3,Return from COBYLA because the objective function has been evaluated MAXFUN times.,False,True,SUCCESS,,False,,,5ed3034be5800fc501893bfcd05423aa5bc6cd01c88acc190d885cfd8bf202e8,,normalized_mean_energy_H_C,False,244.1171875
objective-run-b7317229ae3f627c7f30,PHASE1_2_OBJECTIVE_ALIGNMENT_AND_FEASIBILITY_CAPACITY_DIAGNOSTIC,task-v2-07b8f456a957,g-3ff7063ef9ea5cfb,v2-S4-b000-g-3ff7063ef9ea5cfb,S4,D6,16,3.9133899436317554,0.0001220703125,O0,MEAN_ENERGY,E_theta[H_C],HISTORICAL_MEAN_ENERGY_BASELINE,1.579760419530829,1.3413205483545072,0.2384398711763218,1.3413205483545063,0.1106472342799869,1.091229331076382,0.1394439829981373,1.2306733140745192,0.0262131587619962,0.0105272453331179,0.4016015554897686,214.7381965782736,2.331909301482072,13.869038864770838,0.1,0.8220486233454807,1.1141649048625792,False,0.0262131587619962,0.0001370094886839,0.2568864728365132,2.664474050877498,True,1.0000000000000018,3,COBYLA,240,2207,1.579760419530829,minimum_frozen_p2_objective_final_then_append_zero_gamma3_beta3,"[5.437078136252932, 4.171705917822636, 0.0, 2.4287773603919556, 0.11332324323113886, 0.0]","[6.534919006598717, 4.322560275078763, 0.12925772923604392, 2.449390550830835, 0.19246436151938454, -0.08860851237204695]","[6.534919006598717, 4.322560275078763, 0.12925772923604392, 2.449390550830835, 0.19246436151938454, -0.08860851237204695]",240,240,241,11.977472154423594,1.3413205483545072,1.3413205483545072,3,Return from COBYLA because the objective function has been evaluated MAXFUN times.,False,True,SUCCESS,,True,results/phase1_1_optimization_diagnostic/p3_budget_scaling.csv,diag-run-874d9f603138205aeb93,5ed3034be5800fc501893bfcd05423aa5bc6cd01c88acc190d885cfd8bf202e8,bc0c3beeae21d5c1ff6d7feb5d6398a497f53f2e11df68b8435eae8d14e546bb,normalized_mean_energy_H_C,False,
objective-run-a36c4b2bf213866aea36,PHASE1_2_OBJECTIVE_ALIGNMENT_AND_FEASIBILITY_CAPACITY_DIAGNOSTIC,task-v2-07b8f456a957,g-3ff7063ef9ea5cfb,v2-S4-b000-g-3ff7063ef9ea5cfb,S4,D6,16,3.9133899436317554,0.0001220703125,O1,EXPECTED_PENALTY,E_theta[P_flow + P_resource],FEASIBILITY_ALIGNED_MECHANISTIC_OBJECTIVE_CONTROL,1.443229973768589,1.2385023168088434,0.2047276569597456,1.351291319341176,0.1127890025323322,1.0921920542750023,0.1463102625338411,1.2385023168088434,0.0255985600464696,0.0102438204568318,0.4001717455292818,209.70340390067912,2.321605479980289,13.81797325520637,0.1,0.8304640289221851,1.1152219873150104,False,0.0255985600464696,0.0003690466750177,0.2641008768553172,2.659103443005274,True,0.9999999999999968,3,COBYLA,240,2207,1.579760419530829,minimum_frozen_p2_objective_final_then_append_zero_gamma3_beta3,"[5.437078136252932, 4.171705917822636, 0.0, 2.4287773603919556, 0.11332324323113886, 0.0]","[6.484283257440697, 4.363778010403222, 0.04770547553152685, 2.4599663942243564, 0.15605195421644577, -0.051465188014024776]","[6.484283257440697, 4.363778010403222, 0.04770547553152685, 2.4599663942243564, 0.15605195421644577, -0.051465188014024776]",240,240,241,50.88584317918867,1.2385023168088434,1.2385023168088434,3,Return from COBYLA because the objective function has been evaluated MAXFUN times.,False,True,SUCCESS,,False,,,5ed3034be5800fc501893bfcd05423aa5bc6cd01c88acc190d885cfd8bf202e8,,normalized_mean_energy_H_C,False,243.9765625
objective-run-e1fa2c2e2b300ff6ee77,PHASE1_2_OBJECTIVE_ALIGNMENT_AND_FEASIBILITY_CAPACITY_DIAGNOSTIC,task-v2-07b8f456a957,g-3ff7063ef9ea5cfb,v2-S4-b000-g-3ff7063ef9ea5cfb,S4,D6,16,3.9133899436317554,0.0001220703125,O2,EXACT_FEASIBILITY_CONTROL,1 - P_feas(theta),STATEVECTOR_MECHANISTIC_CONTROL,0.9851524363917504,0.9551583405736562,0.0299940958180943,1.4903893850662844,0.1306881137765583,1.0831109241673396,0.2765903471223866,1.359701271289726,0.0448416594263438,0.0173865123251342,0.3877312424999126,367.3428740206085,2.5650716195076173,14.03905938014489,0.1,0.6450583759957704,1.1316067653276956,False,0.0448416594263438,0.0003846346134836,0.4045429307160704,2.460932091004898,True,0.9999999999999994,3,COBYLA,240,2207,1.579760419530829,minimum_frozen_p2_objective_final_then_append_zero_gamma3_beta3,"[5.437078136252932, 4.171705917822636, 0.0, 2.4287773603919556, 0.11332324323113886, 0.0]","[6.783950494087845, 4.388820499575958, -0.6704760307182356, 2.529147439774862, 0.1237921492806026, 0.0978638894474931]","[6.783950494087845, 4.388820499575958, -0.6704760307182356, 2.529147439774862, 0.1237921492806026, 0.0978638894474931]",240,240,241,31.447829100303352,0.9551583405736562,0.9551583405736562,3,Return from COBYLA because the objective function has been evaluated MAXFUN times.,False,True,SUCCESS,,False,,,5ed3034be5800fc501893bfcd05423aa5bc6cd01c88acc190d885cfd8bf202e8,,normalized_mean_energy_H_C,False,244.046875
objective-run-64a335ad498520ea2c2d,PHASE1_2_OBJECTIVE_ALIGNMENT_AND_FEASIBILITY_CAPACITY_DIAGNOSTIC,task-v2-07b8f456a957,g-3ff7063ef9ea5cfb,v2-S4-b000-g-3ff7063ef9ea5cfb,S4,D6,16,3.9133899436317554,0.0001220703125,O3,CVAR_ENERGY,exact_weighted_lowest_energy_CVaR_alpha_0.10,EXACT_DISTRIBUTIONAL_ENERGY_CONTROL,0.9571738577848966,0.6721613893483863,0.2850124684365103,1.491995685956394,0.1295732413327482,1.0847939441793637,0.2776285004442821,1.362422444623646,0.0421975537211719,0.0165749688253644,0.3927945428990166,345.6823600838409,2.538677218380384,14.05516172520394,0.1,0.6721613893483863,1.1316067653276956,False,0.0421975537211719,0.0006392194126128,0.404619998344815,2.4687873404916694,True,1.0000000000000018,3,COBYLA,240,2207,1.579760419530829,minimum_frozen_p2_objective_final_then_append_zero_gamma3_beta3,"[5.437078136252932, 4.171705917822636, 0.0, 2.4287773603919556, 0.11332324323113886, 0.0]","[6.712045036522157, 4.372232288079227, -0.5612219628730292, 2.5202835772882155, 0.1080984030860526, 0.1067527990205995]","[6.712045036522157, 4.372232288079227, -0.5612219628730292, 2.5202835772882155, 0.1080984030860526, 0.1067527990205995]",240,240,241,21.75751537643373,0.6721613893483863,0.6721613893483863,3,Return from COBYLA because the objective function has been evaluated MAXFUN times.,False,True,SUCCESS,,False,,,5ed3034be5800fc501893bfcd05423aa5bc6cd01c88acc190d885cfd8bf202e8,,normalized_mean_energy_H_C,False,243.8046875
objective-run-161a0a8b1c7a1912f4d7,PHASE1_2_OBJECTIVE_ALIGNMENT_AND_FEASIBILITY_CAPACITY_DIAGNOSTIC,task-v2-b5e00db3fe1a,g-3ff7063ef9ea5cfb,v2-S4-b000-g-3ff7063ef9ea5cfb,S4,D7,16,3.8622374211843744,0.0001373291015625,O0,MEAN_ENERGY,E_theta[H_C],HISTORICAL_MEAN_ENERGY_BASELINE,1.543476268796984,1.2851597321490258,0.258316536647958,1.2851597321490258,0.1066394704445587,1.0792083602665317,0.0993119014379351,1.1785202617044668,0.0369350763450069,0.0140212407547061,0.3796185670156772,268.95301814959754,2.4296764222314025,13.683239962678494,0.1,0.708686933056204,1.1035940803382664,False,0.0369350763450069,0.0001095923059825,0.2154553380494721,2.673739432915508,True,1.0000000000000016,3,COBYLA,240,2207,1.543476268796984,minimum_frozen_p2_objective_final_then_append_zero_gamma3_beta3,"[5.535584271122773, 4.160638289638407, 0.0, 2.4431431169128643, 0.10750746679110089, 0.0]","[6.635447689036535, 4.721119896673996, 0.47074554828923376, 2.43745639071352, 0.31864066232693117, -0.21021808897072367]","[6.635447689036535, 4.721119896673996, 0.47074554828923376, 2.43745639071352, 0.31864066232693117, -0.21021808897072367]",240,240,241,13.562188811600208,1.2851597321490258,1.2851597321490258,3,Return from COBYLA because the objective function has been evaluated MAXFUN times.,False,True,SUCCESS,,True,results/phase1_1_optimization_diagnostic/p3_budget_scaling.csv,diag-run-58de21beebff1942e80c,5ed3034be5800fc501893bfcd05423aa5bc6cd01c88acc190d885cfd8bf202e8,bc0c3beeae21d5c1ff6d7feb5d6398a497f53f2e11df68b8435eae8d14e546bb,normalized_mean_energy_H_C,False,
objective-run-d56f8d018c6c85124821,PHASE1_2_OBJECTIVE_ALIGNMENT_AND_FEASIBILITY_CAPACITY_DIAGNOSTIC,task-v2-b5e00db3fe1a,g-3ff7063ef9ea5cfb,v2-S4-b000-g-3ff7063ef9ea5cfb,S4,D7,16,3.8622374211843744,0.0001373291015625,O1,EXPECTED_PENALTY,E_theta[P_flow + P_resource],FEASIBILITY_ALIGNED_MECHANISTIC_OBJECTIVE_CONTROL,1.4068829331359802,1.1871802219331216,0.2197027112028586,1.2976240106898822,0.1104437887567608,1.0795491520769618,0.1076310698561597,1.1871802219331216,0.0379684032959162,0.0146968697064841,0.387081584441158,276.4774753779074,2.441659755107069,13.676095909463996,0.1,0.7021661275774416,1.1094080338266386,False,0.0379684032959161,0.0004129511911026,0.2251486252290362,2.660946164883215,True,1.000000000000001,3,COBYLA,240,2207,1.543476268796984,minimum_frozen_p2_objective_final_then_append_zero_gamma3_beta3,"[5.535584271122773, 4.160638289638407, 0.0, 2.4431431169128643, 0.10750746679110089, 0.0]","[6.480474483396298, 4.674181173910778, 0.5306165381423903, 2.45062290971516, 0.30337335067599697, -0.19185271525213715]","[6.480474483396298, 4.674181173910778, 0.5306165381423903, 2.45062290971516, 0.30337335067599697, -0.19185271525213715]",240,240,241,41.65182410832495,1.1871802219331211,1.1871802219331211,3,Return from COBYLA because the objective function has been evaluated MAXFUN times.,False,True,SUCCESS,,False,,,5ed3034be5800fc501893bfcd05423aa5bc6cd01c88acc190d885cfd8bf202e8,,normalized_mean_energy_H_C,False,243.76953125
objective-run-cb82dd97b572f24b25b8,PHASE1_2_OBJECTIVE_ALIGNMENT_AND_FEASIBILITY_CAPACITY_DIAGNOSTIC,task-v2-b5e00db3fe1a,g-3ff7063ef9ea5cfb,v2-S4-b000-g-3ff7063ef9ea5cfb,S4,D7,16,3.8622374211843744,0.0001373291015625,O2,EXACT_FEASIBILITY_CONTROL,1 - P_feas(theta),STATEVECTOR_MECHANISTIC_CONTROL,0.9840546496651176,0.9558775209428496,0.0281771287222679,1.4270363741505263,0.1279861358449804,1.0809472473805108,0.2181029909250348,1.2990502383055456,0.0441224790571505,0.0161241277928153,0.36544020502407,321.2900874988239,2.506897326824564,13.681288668382248,0.1,0.6516321381057513,1.1316067653276956,False,0.0441224790571504,0.0004507219442077,0.3431727173626949,2.5244598454658536,True,1.0000000000000009,3,COBYLA,240,2207,1.543476268796984,minimum_frozen_p2_objective_final_then_append_zero_gamma3_beta3,"[5.535584271122773, 4.160638289638407, 0.0, 2.4431431169128643, 0.10750746679110089, 0.0]","[6.80424969047314, 4.541622008802857, -0.48352924330423835, 2.5278299336726957, 0.09767711928546365, 0.08968826011652202]","[6.80424969047314, 4.541622008802857, -0.48352924330423835, 2.5278299336726957, 0.09767711928546365, 0.08968826011652202]",240,240,241,25.107147581875324,0.9558775209428496,0.9558775209428496,3,Return from COBYLA because the objective function has been evaluated MAXFUN times.,False,True,SUCCESS,,False,,,5ed3034be5800fc501893bfcd05423aa5bc6cd01c88acc190d885cfd8bf202e8,,normalized_mean_energy_H_C,False,243.76953125
objective-run-2a87d230fdeb290e548c,PHASE1_2_OBJECTIVE_ALIGNMENT_AND_FEASIBILITY_CAPACITY_DIAGNOSTIC,task-v2-b5e00db3fe1a,g-3ff7063ef9ea5cfb,v2-S4-b000-g-3ff7063ef9ea5cfb,S4,D7,16,3.8622374211843744,0.0001373291015625,O3,CVAR_ENERGY,exact_weighted_lowest_energy_CVaR_alpha_0.10,EXACT_DISTRIBUTIONAL_ENERGY_CONTROL,0.9493740837639916,0.6108713872358461,0.3385026965281453,1.317966142523417,0.1150787124985091,1.0681421976601877,0.1347452323647204,1.202887430024908,0.0470417104516686,0.0184687747204583,0.3926042344789613,342.5472817956172,2.5347205256260987,13.783641146756814,0.1,0.6108713872358461,1.1094080338266386,False,0.0470417104516685,0.000916754692282,0.249929140476574,2.6089457281684205,True,1.0000000000000018,3,COBYLA,240,2207,1.543476268796984,minimum_frozen_p2_objective_final_then_append_zero_gamma3_beta3,"[5.535584271122773, 4.160638289638407, 0.0, 2.4431431169128643, 0.10750746679110089, 0.0]","[6.793094940154347, 4.538773615119846, 0.6343523481005037, 2.5119060437861345, 0.31426183914691436, -0.1793623897842741]","[6.793094940154347, 4.538773615119846, 0.6343523481005037, 2.5119060437861345, 0.31426183914691436, -0.1793623897842741]",240,240,241,34.05422714818269,0.6108713872358461,0.6108713872358461,3,Return from COBYLA because the objective function has been evaluated MAXFUN times.,False,True,SUCCESS,,False,,,5ed3034be5800fc501893bfcd05423aa5bc6cd01c88acc190d885cfd8bf202e8,,normalized_mean_energy_H_C,False,243.7890625
objective-run-032ebf34de545b7a0d95,PHASE1_2_OBJECTIVE_ALIGNMENT_AND_FEASIBILITY_CAPACITY_DIAGNOSTIC,task-v2-59a464f36e13,g-bd62d2d752385cc7,v2-S4-b001-g-bd62d2d752385cc7,S4,D1,16,4.816479930623699,1.52587890625e-05,O0,MEAN_ENERGY,E_theta[H_C],HISTORICAL_MEAN_ENERGY_BASELINE,1.698750440470401,1.413658256102187,0.2850921843682137,1.4136582561021882,0.0516336319538808,1.0788532493053875,0.2831713748429196,1.3620246241483074,0.003685171123071,0.003685171123071,1.0,241.51137472158183,2.382937590004643,19.0,0.1,1.0109985850068044,1.0454545454545454,False,0.003685171123071,0.096314828876929,0.3657097952713735,2.6232346913594133,True,1.000000000000003,3,COBYLA,240,1103,1.698750440470401,minimum_frozen_p2_objective_final_then_append_zero_gamma3_beta3,"[4.512211673038156, 3.9304391078697862, 0.0, 0.42840996606582415, -1.0352903038052013, 0.0]","[5.322110699431517, 4.878527651619785, 1.1613568080336272, 0.7034754977235903, -1.0780377673868822, -0.1697111915512956]","[5.322110699431517, 4.878527651619785, 1.1613568080336272, 0.7034754977235903, -1.0780377673868822, -0.1697111915512956]",240,240,241,13.079064473509789,1.413658256102187,1.413658256102187,3,Return from COBYLA because the objective function has been evaluated MAXFUN times.,False,True,SUCCESS,,True,results/phase1_1_optimization_diagnostic/p3_budget_scaling.csv,diag-run-ecc3885aaf9fe32fae63,5ed3034be5800fc501893bfcd05423aa5bc6cd01c88acc190d885cfd8bf202e8,bc0c3beeae21d5c1ff6d7feb5d6398a497f53f2e11df68b8435eae8d14e546bb,normalized_mean_energy_H_C,False,
objective-run-51e85235fbfc9a916dc2,PHASE1_2_OBJECTIVE_ALIGNMENT_AND_FEASIBILITY_CAPACITY_DIAGNOSTIC,task-v2-59a464f36e13,g-bd62d2d752385cc7,v2-S4-b001-g-bd62d2d752385cc7,S4,D1,16,4.816479930623699,1.52587890625e-05,O1,EXPECTED_PENALTY,E_theta[P_flow + P_resource],FEASIBILITY_ALIGNED_MECHANISTIC_OBJECTIVE_CONTROL,1.6301677521215132,1.3679110612014385,0.2622566909200747,1.4203634051520404,0.052452343950602,1.0788501658715757,0.289060895329863,1.3679110612014385,0.0038757071254639,0.0038757071254639,1.0,253.9983421744044,2.40483088202601,19.0,0.1,1.0092170935256568,1.0454545454545454,False,0.0038757071254639,0.096124292874536,0.3717867683269032,2.616586110296705,True,0.9999999999999994,3,COBYLA,240,1103,1.698750440470401,minimum_frozen_p2_objective_final_then_append_zero_gamma3_beta3,"[4.512211673038156, 3.9304391078697862, 0.0, 0.42840996606582415, -1.0352903038052013, 0.0]","[5.3262091452261515, 4.745162421372057, 1.128827297288373, 0.6943550267960676, -1.083256935768643, -0.16480332672827794]","[5.3262091452261515, 4.745162421372057, 1.128827297288373, 0.6943550267960676, -1.083256935768643, -0.16480332672827794]",240,240,241,43.39669805578888,1.3679110612014385,1.3679110612014385,3,Return from COBYLA because the objective function has been evaluated MAXFUN times.,False,True,SUCCESS,,False,,,5ed3034be5800fc501893bfcd05423aa5bc6cd01c88acc190d885cfd8bf202e8,,normalized_mean_energy_H_C,False,244.1171875
objective-run-d5264c211495c5e92e89,PHASE1_2_OBJECTIVE_ALIGNMENT_AND_FEASIBILITY_CAPACITY_DIAGNOSTIC,task-v2-59a464f36e13,g-bd62d2d752385cc7,v2-S4-b001-g-bd62d2d752385cc7,S4,D1,16,4.816479930623699,1.52587890625e-05,O2,EXACT_FEASIBILITY_CONTROL,1 - P_feas(theta),STATEVECTOR_MECHANISTIC_CONTROL,0.9985972003468206,0.9845517519394998,0.0140454484073208,1.8610498945203413,0.1057031578671339,1.0523728316225625,0.7029739050306453,1.7553467366532076,0.0154482480605001,0.0154482480605001,1.0,1012.4163848929388,3.0053591651418943,19.0,0.1,0.9267587005021384,1.0977801268498943,False,0.0154482480605001,0.0018762221413293,0.7707949847137036,2.182860271104796,True,1.0000000000000022,3,COBYLA,240,1103,1.698750440470401,minimum_frozen_p2_objective_final_then_append_zero_gamma3_beta3,"[4.512211673038156, 3.9304391078697862, 0.0, 0.42840996606582415, -1.0352903038052013, 0.0]","[5.126984169479234, 3.841541916865517, -1.194123568881578, -0.21120290079250553, -0.47135984746249293, 0.19957906803779626]","[5.126984169479234, 3.841541916865517, -1.194123568881578, -0.21120290079250553, -0.47135984746249293, 0.19957906803779626]",240,240,241,36.15343485586345,0.9845517519394998,0.9845517519394998,3,Return from COBYLA because the objective function has been evaluated MAXFUN times.,False,True,SUCCESS,,False,,,5ed3034be5800fc501893bfcd05423aa5bc6cd01c88acc190d885cfd8bf202e8,,normalized_mean_energy_H_C,False,243.8046875
objective-run-f24e4981e85ddd01146b,PHASE1_2_OBJECTIVE_ALIGNMENT_AND_FEASIBILITY_CAPACITY_DIAGNOSTIC,task-v2-59a464f36e13,g-bd62d2d752385cc7,v2-S4-b001-g-bd62d2d752385cc7,S4,D1,16,4.816479930623699,1.52587890625e-05,O3,CVAR_ENERGY,exact_weighted_lowest_energy_CVaR_alpha_0.10,EXACT_DISTRIBUTIONAL_ENERGY_CONTROL,1.0349115080641724,0.9614543907887446,0.0734571172754278,1.7234115793502298,0.0820377680831982,1.0570043238744378,0.5843694873925931,1.6413738112670309,0.0091127435539044,0.0091127435539044,1.0,597.2127615486824,2.776129079379441,19.0,0.1,0.9614543907887446,1.0628964059196615,False,0.0091127435539044,0.0068973964874968,0.6504865548209298,2.322175214517357,True,1.000000000000003,3,COBYLA,240,1103,1.698750440470401,minimum_frozen_p2_objective_final_then_append_zero_gamma3_beta3,"[4.512211673038156, 3.9304391078697862, 0.0, 0.42840996606582415, -1.0352903038052013, 0.0]","[5.179605306115682, 4.044550792994982, 0.8571387337954136, -0.3123214861699888, -0.27992077839484253, -0.18492463533338577]","[5.179605306115682, 4.044550792994982, 0.8571387337954136, -0.3123214861699888, -0.27992077839484253, -0.18492463533338577]",240,240,241,14.611314403824508,0.9614543907887446,0.9614543907887446,3,Return from COBYLA because the objective function has been evaluated MAXFUN times.,False,True,SUCCESS,,False,,,5ed3034be5800fc501893bfcd05423aa5bc6cd01c88acc190d885cfd8bf202e8,,normalized_mean_energy_H_C,False,244.02734375
objective-run-d33761fae22a2ea08a45,PHASE1_2_OBJECTIVE_ALIGNMENT_AND_FEASIBILITY_CAPACITY_DIAGNOSTIC,task-v2-a2561503b5d0,g-bd62d2d752385cc7,v2-S4-b001-g-bd62d2d752385cc7,S4,D2,16,4.515449934959718,3.0517578125e-05,O0,MEAN_ENERGY,E_theta[H_C],HISTORICAL_MEAN_ENERGY_BASELINE,1.5606313946049768,1.4253032090366624,0.1353281855683143,1.4253032090366613,0.0784802415928903,1.0885998866427242,0.2582230808010465,1.3468229674437708,0.0071666276919944,0.0031691737500466,0.4422126956011439,234.8360562112757,2.3707647783141144,16.346723826393134,0.1,0.9862390482470454,1.074524312896406,False,0.0071666276919944,0.0037304354589783,0.3539895951357653,2.624510521788251,True,0.9999999999999998,3,COBYLA,240,1103,1.5606313946049768,minimum_frozen_p2_objective_final_then_append_zero_gamma3_beta3,"[2.68412702054293, 5.249363752773528, 0.0, 3.188827735811626, -0.7909104594807059, 0.0]","[3.1848726626137216, 5.041631488386955, -1.0222904989889308, 3.133483910209076, -0.8810562758011778, 0.16740793035299995]","[3.1848726626137216, 5.041631488386955, -1.0222904989889308, 3.133483910209076, -0.8810562758011778, 0.16740793035299995]",240,240,241,13.908270633779466,1.4253032090366624,1.4253032090366624,3,Return from COBYLA because the objective function has been evaluated MAXFUN times.,False,True,SUCCESS,,True,results/phase1_1_optimization_diagnostic/p3_budget_scaling.csv,diag-run-8729ffbe8be8f16aa772,5ed3034be5800fc501893bfcd05423aa5bc6cd01c88acc190d885cfd8bf202e8,bc0c3beeae21d5c1ff6d7feb5d6398a497f53f2e11df68b8435eae8d14e546bb,normalized_mean_energy_H_C,False,
objective-run-0621ec7897a053a79c7a,PHASE1_2_OBJECTIVE_ALIGNMENT_AND_FEASIBILITY_CAPACITY_DIAGNOSTIC,task-v2-a2561503b5d0,g-bd62d2d752385cc7,v2-S4-b001-g-bd62d2d752385cc7,S4,D2,16,4.515449934959718,3.0517578125e-05,O1,EXPECTED_PENALTY,E_theta[P_flow + P_resource],FEASIBILITY_ALIGNED_MECHANISTIC_OBJECTIVE_CONTROL,1.4753128490345646,1.349640477169595,0.1256723718649697,1.4281250674412214,0.0784845902716257,1.0860423732992404,0.2635981038703546,1.349640477169595,0.009528070959758,0.0043467599650695,0.4562056667533426,312.2158292093508,2.494454917829547,16.262765999479942,0.1,0.9617323388168558,1.0628964059196615,False,0.009528070959758,0.039448551201685,0.3591685481293507,2.612247238991375,True,1.0000000000000018,3,COBYLA,240,1103,1.5606313946049768,minimum_frozen_p2_objective_final_then_append_zero_gamma3_beta3,"[2.68412702054293, 5.249363752773528, 0.0, 3.188827735811626, -0.7909104594807059, 0.0]","[3.36398411868839, 4.735382188153648, 0.9490315016824997, 3.141177510705487, -0.6266700451316922, -0.16172455452965198]","[3.36398411868839, 4.735382188153648, 0.9490315016824997, 3.141177510705487, -0.6266700451316922, -0.16172455452965198]",240,240,241,48.19618285726756,1.3496404771695951,1.3496404771695951,3,Return from COBYLA because the objective function has been evaluated MAXFUN times.,False,True,SUCCESS,,False,,,5ed3034be5800fc501893bfcd05423aa5bc6cd01c88acc190d885cfd8bf202e8,,normalized_mean_energy_H_C,False,244.05078125
objective-run-5f731631adbbc15155ed,PHASE1_2_OBJECTIVE_ALIGNMENT_AND_FEASIBILITY_CAPACITY_DIAGNOSTIC,task-v2-a2561503b5d0,g-bd62d2d752385cc7,v2-S4-b001-g-bd62d2d752385cc7,S4,D2,16,4.515449934959718,3.0517578125e-05,O2,EXACT_FEASIBILITY_CONTROL,1 - P_feas(theta),STATEVECTOR_MECHANISTIC_CONTROL,0.9960610088214532,0.9861271992487948,0.0099338095726584,1.5388722268783233,0.0911974833915835,1.0612244183488682,0.3864503251378717,1.44767474348674,0.0138728007512051,0.0075183545725095,0.5419492939705352,454.58393501549153,2.657614083704384,15.74830423617679,0.1,0.9273788026784372,1.080338266384778,False,0.0138728007512051,0.0029538955208382,0.4615475442379421,2.496834053508443,True,1.0000000000000018,3,COBYLA,240,1103,1.5606313946049768,minimum_frozen_p2_objective_final_then_append_zero_gamma3_beta3,"[2.68412702054293, 5.249363752773528, 0.0, 3.188827735811626, -0.7909104594807059, 0.0]","[3.35465434141961, 5.6772729687371575, 0.6418437647209677, 3.0074612518528845, -0.39798842105696364, -0.1572526883454256]","[3.35465434141961, 5.6772729687371575, 0.6418437647209677, 3.0074612518528845, -0.39798842105696364, -0.1572526883454256]",240,240,241,24.908496194519103,0.9861271992487948,0.9861271992487948,3,Return from COBYLA because the objective function has been evaluated MAXFUN times.,False,True,SUCCESS,,False,,,5ed3034be5800fc501893bfcd05423aa5bc6cd01c88acc190d885cfd8bf202e8,,normalized_mean_energy_H_C,False,243.76953125
objective-run-4ba86f3d0081d7302d1b,PHASE1_2_OBJECTIVE_ALIGNMENT_AND_FEASIBILITY_CAPACITY_DIAGNOSTIC,task-v2-a2561503b5d0,g-bd62d2d752385cc7,v2-S4-b001-g-bd62d2d752385cc7,S4,D2,16,4.515449934959718,3.0517578125e-05,O3,CVAR_ENERGY,exact_weighted_lowest_energy_CVaR_alpha_0.10,EXACT_DISTRIBUTIONAL_ENERGY_CONTROL,1.0193280778279308,0.9263486370191056,0.0929794408088252,1.519720930277755,0.0887430508773693,1.062483211984762,0.3684946674156235,1.4309778794003856,0.013679744846555,0.0072855784164137,0.5325814551466944,448.25787913191687,2.6515279319953806,15.804511269119832,0.1,0.9263486370191056,1.074524312896406,False,0.013679744846555,0.0041491272219959,0.4446576242469359,2.514303141213399,True,1.000000000000003,3,COBYLA,240,1103,1.5606313946049768,minimum_frozen_p2_objective_final_then_append_zero_gamma3_beta3,"[2.68412702054293, 5.249363752773528, 0.0, 3.188827735811626, -0.7909104594807059, 0.0]","[3.2825496351364096, 5.757269338556625, 0.6801214322323665, 3.0343452855958044, -0.4161464714282625, -0.16759194557116253]","[3.2825496351364096, 5.757269338556625, 0.6801214322323665, 3.0343452855958044, -0.4161464714282625, -0.16759194557116253]",240,240,241,36.704269104637206,0.9263486370191056,0.9263486370191056,3,Return from COBYLA because the objective function has been evaluated MAXFUN times.,False,True,SUCCESS,,False,,,5ed3034be5800fc501893bfcd05423aa5bc6cd01c88acc190d885cfd8bf202e8,,normalized_mean_energy_H_C,False,243.9765625
objective-run-e5332dd5562288238da6,PHASE1_2_OBJECTIVE_ALIGNMENT_AND_FEASIBILITY_CAPACITY_DIAGNOSTIC,task-v2-f6d986d24578,g-bd62d2d752385cc7,v2-S4-b001-g-bd62d2d752385cc7,S4,D3,16,4.339358675904037,4.57763671875e-05,O0,MEAN_ENERGY,E_theta[H_C],HISTORICAL_MEAN_ENERGY_BASELINE,1.5510844743229253,1.4268846120948129,0.1241998622281124,1.4268846120948124,0.0791201935822147,1.085256102527571,0.2625083159850268,1.347764418512598,0.0128372229452574,0.0044668259003902,0.3479588941812722,280.43341431346414,2.447829759606214,17.680462452795307,0.1,0.9305869107140008,1.0628964059196615,False,0.0128372229452574,0.0352249112638933,0.3606016414578533,2.6008866897063743,True,1.000000000000001,3,COBYLA,240,1103,1.5510844743229253,minimum_frozen_p2_objective_final_then_append_zero_gamma3_beta3,"[2.647501350374748, 5.319563819718795, 0.0, 3.1790621588205346, -0.78739489745014, 0.0]","[3.1521943751662636, 5.166094748967427, 0.888944899993916, 3.124368751531464, -0.6100722765558201, -0.16626073598578736]","[3.1521943751662636, 5.166094748967427, 0.888944899993916, 3.124368751531464, -0.6100722765558201, -0.16626073598578736]",240,240,241,13.403083902783692,1.4268846120948129,1.4268846120948129,3,Return from COBYLA because the objective function has been evaluated MAXFUN times.,False,True,SUCCESS,,True,results/phase1_1_optimization_diagnostic/p3_budget_scaling.csv,diag-run-dcdd322dbc20ce0243f3,5ed3034be5800fc501893bfcd05423aa5bc6cd01c88acc190d885cfd8bf202e8,bc0c3beeae21d5c1ff6d7feb5d6398a497f53f2e11df68b8435eae8d14e546bb,normalized_mean_energy_H_C,False,
objective-run-0133a146d691dc2fe14e,PHASE1_2_OBJECTIVE_ALIGNMENT_AND_FEASIBILITY_CAPACITY_DIAGNOSTIC,task-v2-f6d986d24578,g-bd62d2d752385cc7,v2-S4-b001-g-bd62d2d752385cc7,S4,D3,16,4.339358675904037,4.57763671875e-05,O1,EXPECTED_PENALTY,E_theta[P_flow + P_resource],FEASIBILITY_ALIGNED_MECHANISTIC_OBJECTIVE_CONTROL,1.4655312498219744,1.34152729933317,0.1240039504888044,1.420798153851886,0.0792708545187159,1.0835962330566145,0.2579310662765555,1.34152729933317,0.0130280425988799,0.0044237482018298,0.3395558594665787,284.60193325339986,2.454237845848167,17.68051566192226,0.1,0.92943520698283,1.0628964059196615,False,0.01302804259888,0.0389345999510788,0.3545553419320559,2.606360530271304,True,0.9999999999999956,3,COBYLA,240,1103,1.5510844743229253,minimum_frozen_p2_objective_final_then_append_zero_gamma3_beta3,"[2.647501350374748, 5.319563819718795, 0.0, 3.1790621588205346, -0.78739489745014, 0.0]","[2.9710780533245944, 5.1129469678023565, 0.9912882640726384, 3.133626003391522, -0.6205400801137989, -0.1580504703663135]","[2.9710780533245944, 5.1129469678023565, 0.9912882640726384, 3.133626003391522, -0.6205400801137989, -0.1580504703663135]",240,240,241,41.18646974675357,1.3415272993331702,1.3415272993331702,3,Return from COBYLA because the objective function has been evaluated MAXFUN times.,False,True,SUCCESS,,False,,,5ed3034be5800fc501893bfcd05423aa5bc6cd01c88acc190d885cfd8bf202e8,,normalized_mean_energy_H_C,False,244.02734375
objective-run-05644d8402df3264b204,PHASE1_2_OBJECTIVE_ALIGNMENT_AND_FEASIBILITY_CAPACITY_DIAGNOSTIC,task-v2-f6d986d24578,g-bd62d2d752385cc7,v2-S4-b001-g-bd62d2d752385cc7,S4,D3,16,4.339358675904037,4.57763671875e-05,O2,EXACT_FEASIBILITY_CONTROL,1 - P_feas(theta),STATEVECTOR_MECHANISTIC_CONTROL,0.9947863902189598,0.9671961151500732,0.0275902750688865,1.6362084690359573,0.1145608647686481,1.0573544511307138,0.4642931531365951,1.5216476042673088,0.0328038848499267,0.0134034112280124,0.4085921923373168,716.6117991749339,2.855283954645579,17.35785224719675,0.1,0.755409038823226,1.0977801268498943,False,0.0328038848499267,0.0021991162065514,0.5544514891172359,2.347136856332984,True,0.9999999999999998,3,COBYLA,240,1103,1.5510844743229253,minimum_frozen_p2_objective_final_then_append_zero_gamma3_beta3,"[2.647501350374748, 5.319563819718795, 0.0, 3.1790621588205346, -0.78739489745014, 0.0]","[3.394490429329705, 6.0530881628675575, -1.3810315004536182, 3.016539173991762, -0.5331412423332017, 0.18081927008723298]","[3.394490429329705, 6.0530881628675575, -1.3810315004536182, 3.016539173991762, -0.5331412423332017, 0.18081927008723298]",240,240,241,18.96081876382232,0.9671961151500732,0.9671961151500732,3,Return from COBYLA because the objective function has been evaluated MAXFUN times.,False,True,SUCCESS,,False,,,5ed3034be5800fc501893bfcd05423aa5bc6cd01c88acc190d885cfd8bf202e8,,normalized_mean_energy_H_C,False,243.7734375
objective-run-bfa483ed50db0ab5d067,PHASE1_2_OBJECTIVE_ALIGNMENT_AND_FEASIBILITY_CAPACITY_DIAGNOSTIC,task-v2-f6d986d24578,g-bd62d2d752385cc7,v2-S4-b001-g-bd62d2d752385cc7,S4,D3,16,4.339358675904037,4.57763671875e-05,O3,CVAR_ENERGY,exact_weighted_lowest_energy_CVaR_alpha_0.10,EXACT_DISTRIBUTIONAL_ENERGY_CONTROL,1.0075439600740776,0.879197587090567,0.1283463729835107,1.5155259647609822,0.0899295433881138,1.0620666613962977,0.3635297599765707,1.4255964213728685,0.0186770647517475,0.0073327816675103,0.3926088903677558,408.0067051901749,2.6106673003525387,17.456636376858814,0.1,0.879197587090567,1.074524312896406,False,0.0186770647517475,0.0008823902268048,0.4442734861246185,2.499695319620139,True,0.9999999999999986,3,COBYLA,240,1103,1.5510844743229253,minimum_frozen_p2_objective_final_then_append_zero_gamma3_beta3,"[2.647501350374748, 5.319563819718795, 0.0, 3.1790621588205346, -0.78739489745014, 0.0]","[3.3350271564006007, 5.847799499254396, 0.6599492791199199, 3.02336701427302, -0.41743227307937764, -0.15693330692112473]","[3.3350271564006007, 5.847799499254396, 0.6599492791199199, 3.02336701427302, -0.41743227307937764, -0.15693330692112473]",240,240,241,26.32275497354567,0.879197587090567,0.879197587090567,3,Return from COBYLA because the objective function has been evaluated MAXFUN times.,False,True,SUCCESS,,False,,,5ed3034be5800fc501893bfcd05423aa5bc6cd01c88acc190d885cfd8bf202e8,,normalized_mean_energy_H_C,False,243.79296875
objective-run-bee878c43d4d3f20a89f,PHASE1_2_OBJECTIVE_ALIGNMENT_AND_FEASIBILITY_CAPACITY_DIAGNOSTIC,task-v2-5d31ef4af595,g-bd62d2d752385cc7,v2-S4-b001-g-bd62d2d752385cc7,S4,D4,16,4.214419939295737,6.103515625e-05,O0,MEAN_ENERGY,E_theta[H_C],HISTORICAL_MEAN_ENERGY_BASELINE,1.4537201462314218,1.3304213340466755,0.123298812184746,1.3304213340466755,0.0893299040183718,1.088916216968684,0.1521752130596201,1.241091430028304,0.0164116958273562,0.0052701102712904,0.3211191778552119,268.88922443540446,2.429573398496967,17.9259674013031,0.1,0.909419715802722,1.0919661733615222,False,0.0164116958273562,0.0071960634483693,0.2575031258556585,2.693261786662273,True,1.000000000000001,3,COBYLA,240,3301,1.4537201462314218,minimum_frozen_p2_objective_final_then_append_zero_gamma3_beta3,"[6.089635855056756, 1.270232980290997, 0.0, 2.5952946372317545, -0.34509165296780636, 0.0]","[7.058761641754777, 1.1872557879432992, 0.2294040205522125, 2.50262178528841, -0.0940773561456924, -0.05080692604188033]","[7.058761641754777, 1.1872557879432992, 0.2294040205522125, 2.50262178528841, -0.0940773561456924, -0.05080692604188033]",240,240,241,12.691164246760309,1.3304213340466755,1.3304213340466755,3,Return from COBYLA because the objective function has been evaluated MAXFUN times.,False,True,SUCCESS,,True,results/phase1_1_optimization_diagnostic/p3_budget_scaling.csv,diag-run-7ebcf240e4172af914df,5ed3034be5800fc501893bfcd05423aa5bc6cd01c88acc190d885cfd8bf202e8,bc0c3beeae21d5c1ff6d7feb5d6398a497f53f2e11df68b8435eae8d14e546bb,normalized_mean_energy_H_C,False,
objective-run-b7e4e14140087f62c1d9,PHASE1_2_OBJECTIVE_ALIGNMENT_AND_FEASIBILITY_CAPACITY_DIAGNOSTIC,task-v2-5d31ef4af595,g-bd62d2d752385cc7,v2-S4-b001-g-bd62d2d752385cc7,S4,D4,16,4.214419939295737,6.103515625e-05,O1,EXPECTED_PENALTY,E_theta[P_flow + P_resource],FEASIBILITY_ALIGNED_MECHANISTIC_OBJECTIVE_CONTROL,1.3595262978966145,1.2460529693630753,0.1134733285335389,1.33737661320755,0.0913236438444746,1.0884026436036156,0.1576503257594597,1.2460529693630753,0.0162326034542247,0.0053011594252695,0.3265748122424496,265.9549749940183,2.4248081187108994,17.920008478996422,0.1,0.9132118036419884,1.0919661733615222,False,0.0162326034542247,0.0043884327814058,0.2622855728173018,2.689016616820024,True,0.9999999999999988,3,COBYLA,240,3301,1.4537201462314218,minimum_frozen_p2_objective_final_then_append_zero_gamma3_beta3,"[6.089635855056756, 1.270232980290997, 0.0, 2.5952946372317545, -0.34509165296780636, 0.0]","[6.945635749395816, 1.1893588895535883, 0.12579244428483086, 2.5038643708744672, -0.07605588730579071, -0.056748807143301855]","[6.945635749395816, 1.1893588895535883, 0.12579244428483086, 2.5038643708744672, -0.07605588730579071, -0.056748807143301855]",240,240,241,52.02556335646659,1.2460529693630753,1.2460529693630753,3,Return from COBYLA because the objective function has been evaluated MAXFUN times.,False,True,SUCCESS,,False,,,5ed3034be5800fc501893bfcd05423aa5bc6cd01c88acc190d885cfd8bf202e8,,normalized_mean_energy_H_C,False,243.8046875
objective-run-06e2d24d6a2b0ef7d4db,PHASE1_2_OBJECTIVE_ALIGNMENT_AND_FEASIBILITY_CAPACITY_DIAGNOSTIC,task-v2-5d31ef4af595,g-bd62d2d752385cc7,v2-S4-b001-g-bd62d2d752385cc7,S4,D4,16,4.214419939295737,6.103515625e-05,O2,EXACT_FEASIBILITY_CONTROL,1 - P_feas(theta),STATEVECTOR_MECHANISTIC_CONTROL,0.9947027684335108,0.9791054074396784,0.0155973609938324,1.3781697059478883,0.0953948334666763,1.0680603076621644,0.2147145648190473,1.2827748724812118,0.0208945925603217,0.0069257806125404,0.3314628219021743,342.33700450831105,2.5344538462169126,17.970509710425695,0.1,0.8658740926063003,1.08615221987315,False,0.0208945925603217,0.002177746953624,0.303669465041533,2.6336467572775017,True,1.0000000000000004,3,COBYLA,240,3301,1.4537201462314218,minimum_frozen_p2_objective_final_then_append_zero_gamma3_beta3,"[6.089635855056756, 1.270232980290997, 0.0, 2.5952946372317545, -0.34509165296780636, 0.0]","[6.381400372818294, 1.3506361878422377, 0.878177669502621, 3.2293867263685168, -0.5386414945054335, -0.16758744399121137]","[6.381400372818294, 1.3506361878422377, 0.878177669502621, 3.2293867263685168, -0.5386414945054335, -0.16758744399121137]",240,240,241,27.86214252747596,0.9791054074396784,0.9791054074396784,3,Return from COBYLA because the objective function has been evaluated MAXFUN times.,False,True,SUCCESS,,False,,,5ed3034be5800fc501893bfcd05423aa5bc6cd01c88acc190d885cfd8bf202e8,,normalized_mean_energy_H_C,False,243.76953125
objective-run-0a286800d4656691122a,PHASE1_2_OBJECTIVE_ALIGNMENT_AND_FEASIBILITY_CAPACITY_DIAGNOSTIC,task-v2-5d31ef4af595,g-bd62d2d752385cc7,v2-S4-b001-g-bd62d2d752385cc7,S4,D4,16,4.214419939295737,6.103515625e-05,O3,CVAR_ENERGY,exact_weighted_lowest_energy_CVaR_alpha_0.10,EXACT_DISTRIBUTIONAL_ENERGY_CONTROL,1.007122458877327,0.8700794625314943,0.1370429963458328,1.371299680012342,0.094396924143885,1.069473492537936,0.2074292633305209,1.276902755868457,0.0205794523647627,0.0063651010893725,0.3092939975541433,337.17374754427266,2.527853752961893,18.005045441222663,0.1,0.8700794625314943,1.0919661733615222,False,0.0205794523647627,0.0045405613713708,0.2974822082332182,2.6407794346724938,True,1.000000000000001,3,COBYLA,240,3301,1.4537201462314218,minimum_frozen_p2_objective_final_then_append_zero_gamma3_beta3,"[6.089635855056756, 1.270232980290997, 0.0, 2.5952946372317545, -0.34509165296780636, 0.0]","[6.986286667696381, 1.210644169559412, 0.18439423133814192, 2.6589113899879497, -0.11873294976196613, -0.06817105480785918]","[6.986286667696381, 1.210644169559412, 0.18439423133814192, 2.6589113899879497, -0.11873294976196613, -0.06817105480785918]",240,240,241,31.40517192427069,0.8700794625314943,0.8700794625314943,3,Return from COBYLA because the objective function has been evaluated MAXFUN times.,False,True,SUCCESS,,False,,,5ed3034be5800fc501893bfcd05423aa5bc6cd01c88acc190d885cfd8bf202e8,,normalized_mean_energy_H_C,False,243.7734375
objective-run-b2bedce2c6607d4a59a1,PHASE1_2_OBJECTIVE_ALIGNMENT_AND_FEASIBILITY_CAPACITY_DIAGNOSTIC,task-v2-5b5a3995de2b,g-bd62d2d752385cc7,v2-S4-b001-g-bd62d2d752385cc7,S4,D5,16,4.11750992628768,7.62939453125e-05,O0,MEAN_ENERGY,E_theta[H_C],HISTORICAL_MEAN_ENERGY_BASELINE,1.5700904745513848,1.344318460157743,0.2257720143936419,1.3443184601577431,0.10810527585609,1.088029737363201,0.1481834469384524,1.2362131843016535,0.0204862817280642,0.0065897541356626,0.3216666754433687,268.5177918660831,2.4289730671427114,17.66122237367135,0.1,0.8873764040055495,1.1141649048625792,False,0.0204862817280641,0.0018351314354834,0.2566994660297172,2.68184168878609,True,1.0000000000000004,3,COBYLA,240,2207,1.5700904745513848,minimum_frozen_p2_objective_final_then_append_zero_gamma3_beta3,"[5.698741696704778, 4.093949542587866, 0.0, 2.421309056216148, 0.10642663591831496, 0.0]","[6.7431996559192, 4.578172181744551, 0.2690574917269055, 2.4101514107445956, 0.26154360916999403, -0.16494291379112339]","[6.7431996559192, 4.578172181744551, 0.2690574917269055, 2.4101514107445956, 0.26154360916999403, -0.16494291379112339]",240,240,241,12.689262937754393,1.344318460157743,1.344318460157743,3,Return from COBYLA because the objective function has been evaluated MAXFUN times.,False,True,SUCCESS,,True,results/phase1_1_optimization_diagnostic/p3_budget_scaling.csv,diag-run-502579548c8bc8bafcdb,5ed3034be5800fc501893bfcd05423aa5bc6cd01c88acc190d885cfd8bf202e8,bc0c3beeae21d5c1ff6d7feb5d6398a497f53f2e11df68b8435eae8d14e546bb,normalized_mean_energy_H_C,False,
objective-run-b8f92e6ca09c92cb2d6a,PHASE1_2_OBJECTIVE_ALIGNMENT_AND_FEASIBILITY_CAPACITY_DIAGNOSTIC,task-v2-5b5a3995de2b,g-bd62d2d752385cc7,v2-S4-b001-g-bd62d2d752385cc7,S4,D5,16,4.11750992628768,7.62939453125e-05,O1,EXPECTED_PENALTY,E_theta[P_flow + P_resource],FEASIBILITY_ALIGNED_MECHANISTIC_OBJECTIVE_CONTROL,1.433701434578692,1.2326996360103604,0.2010017985683316,1.3414881497448463,0.1087885137344855,1.083891909236281,0.1488077267740792,1.2326996360103604,0.0214876126387471,0.006956395101284,0.3237397852537627,281.64243637858624,2.449698092574208,17.64341020604532,0.1,0.8770156045688086,1.1141649048625792,False,0.0214876126387471,0.0016766449330993,0.2541872486491081,2.6813499134346506,True,0.9999999999999992,3,COBYLA,240,2207,1.5700904745513848,minimum_frozen_p2_objective_final_then_append_zero_gamma3_beta3,"[5.698741696704778, 4.093949542587866, 0.0, 2.421309056216148, 0.10642663591831496, 0.0]","[6.852013421896765, 4.5809450867944435, 0.21966416979382733, 2.4323852793930154, 0.24870530001902943, -0.15346230689511403]","[6.852013421896765, 4.5809450867944435, 0.21966416979382733, 2.4323852793930154, 0.24870530001902943, -0.15346230689511403]",240,240,241,47.923384791240096,1.2326996360103604,1.2326996360103604,3,Return from COBYLA because the objective function has been evaluated MAXFUN times.,False,True,SUCCESS,,False,,,5ed3034be5800fc501893bfcd05423aa5bc6cd01c88acc190d885cfd8bf202e8,,normalized_mean_energy_H_C,False,244.1171875
objective-run-cac493df7f37bc887be1,PHASE1_2_OBJECTIVE_ALIGNMENT_AND_FEASIBILITY_CAPACITY_DIAGNOSTIC,task-v2-5b5a3995de2b,g-bd62d2d752385cc7,v2-S4-b001-g-bd62d2d752385cc7,S4,D5,16,4.11750992628768,7.62939453125e-05,O2,EXACT_FEASIBILITY_CONTROL,1 - P_feas(theta),STATEVECTOR_MECHANISTIC_CONTROL,0.9887278250885522,0.967529176565548,0.0211986485230042,1.5573803709317484,0.1350919619427148,1.0877150493535075,0.3345733596355257,1.4222884089890333,0.032470823434452,0.0115328613289142,0.3551761276456479,425.6015769200503,2.6290032284185885,17.498244025288738,0.1,0.7849790644325455,1.1432346723044398,False,0.032470823434452,7.283345992950552e-05,0.4547592324234838,2.44782829727316,True,1.000000000000001,3,COBYLA,240,2207,1.5700904745513848,minimum_frozen_p2_objective_final_then_append_zero_gamma3_beta3,"[5.698741696704778, 4.093949542587866, 0.0, 2.421309056216148, 0.10642663591831496, 0.0]","[6.831341123517006, 4.472740890694067, -0.5729101149729192, 2.5095588298200613, 0.12188394371047243, 0.10069176232712117]","[6.831341123517006, 4.472740890694067, -0.5729101149729192, 2.5095588298200613, 0.12188394371047243, 0.10069176232712117]",240,240,241,21.263177546672523,0.967529176565548,0.967529176565548,3,Return from COBYLA because the objective function has been evaluated MAXFUN times.,False,True,SUCCESS,,False,,,5ed3034be5800fc501893bfcd05423aa5bc6cd01c88acc190d885cfd8bf202e8,,normalized_mean_energy_H_C,False,243.79296875
objective-run-d5f460189f59a6437d4e,PHASE1_2_OBJECTIVE_ALIGNMENT_AND_FEASIBILITY_CAPACITY_DIAGNOSTIC,task-v2-5b5a3995de2b,g-bd62d2d752385cc7,v2-S4-b001-g-bd62d2d752385cc7,S4,D5,16,4.11750992628768,7.62939453125e-05,O3,CVAR_ENERGY,exact_weighted_lowest_energy_CVaR_alpha_0.10,EXACT_DISTRIBUTIONAL_ENERGY_CONTROL,0.998262103703478,0.7636254509288115,0.2346366527746666,1.4016621146758197,0.1188817705430963,1.0730639101034614,0.2097164340292614,1.2827803441327228,0.033405627701848,0.0110877347206624,0.3319121801758278,437.8542434136624,2.641329562978737,17.62891872891508,0.1,0.7636254509288115,1.1210359408033823,False,0.033405627701848,0.0004277976304262,0.3161859718345735,2.5835971450598825,True,0.9999999999999982,3,COBYLA,240,2207,1.5700904745513848,minimum_frozen_p2_objective_final_then_append_zero_gamma3_beta3,"[5.698741696704778, 4.093949542587866, 0.0, 2.421309056216148, 0.10642663591831496, 0.0]","[6.853980456210251, 4.524505672285474, 0.6653555873338993, 2.4992021238936672, 0.3197101105047813, -0.17068718344111977]","[6.853980456210251, 4.524505672285474, 0.6653555873338993, 2.4992021238936672, 0.3197101105047813, -0.17068718344111977]",240,240,241,18.81649045832455,0.7636254509288115,0.7636254509288115,3,Return from COBYLA because the objective function has been evaluated MAXFUN times.,False,True,SUCCESS,,False,,,5ed3034be5800fc501893bfcd05423aa5bc6cd01c88acc190d885cfd8bf202e8,,normalized_mean_energy_H_C,False,244.0546875
objective-run-91cd2e6b51b98aa41196,PHASE1_2_OBJECTIVE_ALIGNMENT_AND_FEASIBILITY_CAPACITY_DIAGNOSTIC,task-v2-cf1a83d8dbf9,g-bd62d2d752385cc7,v2-S4-b001-g-bd62d2d752385cc7,S4,D6,16,4.038328680240055,9.1552734375e-05,O0,MEAN_ENERGY,E_theta[H_C],HISTORICAL_MEAN_ENERGY_BASELINE,1.4597950213728927,1.3128000102672874,0.1469950111056053,1.3128000102672872,0.1037663775469462,1.0780517382685002,0.1309818944518407,1.209033632720341,0.0286275905805867,0.0088061475463566,0.3076105032858891,312.6896293815557,2.4951134777346144,17.767784552224573,0.1,0.8018611769540358,1.0977801268498943,False,0.0286275905805867,0.0086797113854343,0.2376612233009287,2.676456004957311,True,0.999999999999999,3,COBYLA,240,2207,1.4597950213728927,minimum_frozen_p2_objective_final_then_append_zero_gamma3_beta3,"[6.201001262929512, 4.0711430130357975, 0.0, 2.423600647401147, 0.09792080092044632, 0.0]","[6.915221090861957, 4.647682487511286, 0.5390209900002295, 2.409585245971171, 0.2843201372342375, -0.1815860196019333]","[6.915221090861957, 4.647682487511286, 0.5390209900002295, 2.409585245971171, 0.2843201372342375, -0.1815860196019333]",240,240,241,13.468879223801196,1.3128000102672874,1.3128000102672874,3,Return from COBYLA because the objective function has been evaluated MAXFUN times.,False,True,SUCCESS,,True,results/phase1_1_optimization_diagnostic/p3_budget_scaling.csv,diag-run-fb2da011bd4199c1bc50,5ed3034be5800fc501893bfcd05423aa5bc6cd01c88acc190d885cfd8bf202e8,bc0c3beeae21d5c1ff6d7feb5d6398a497f53f2e11df68b8435eae8d14e546bb,normalized_mean_energy_H_C,False,
objective-run-1f8845f472bf3bd4b823,PHASE1_2_OBJECTIVE_ALIGNMENT_AND_FEASIBILITY_CAPACITY_DIAGNOSTIC,task-v2-cf1a83d8dbf9,g-bd62d2d752385cc7,v2-S4-b001-g-bd62d2d752385cc7,S4,D6,16,4.038328680240055,9.1552734375e-05,O1,EXPECTED_PENALTY,E_theta[P_flow + P_resource],FEASIBILITY_ALIGNED_MECHANISTIC_OBJECTIVE_CONTROL,1.3365192731406963,1.238419603123969,0.0980996700167273,1.3464335911662555,0.1080139880422871,1.090341377701742,0.1480782254222267,1.238419603123969,0.0191374233526153,0.0057529107645062,0.3006105189035319,209.03169613949936,2.3202121445549744,17.796138216306595,0.1,0.8979808057518692,1.1141649048625792,False,0.0191374233526153,0.0018936343792968,0.2575570264765852,2.6850307034655687,True,0.999999999999999,3,COBYLA,240,2207,1.4597950213728927,minimum_frozen_p2_objective_final_then_append_zero_gamma3_beta3,"[6.201001262929512, 4.0711430130357975, 0.0, 2.423600647401147, 0.09792080092044632, 0.0]","[7.015932693107338, 4.541754719869648, -0.013967799711731755, 2.418317636594241, 0.06914423881383074, 0.02459649745619674]","[7.015932693107338, 4.541754719869648, -0.013967799711731755, 2.418317636594241, 0.06914423881383074, 0.02459649745619674]",240,240,241,52.73263936303556,1.238419603123969,1.238419603123969,3,Return from COBYLA because the objective function has been evaluated MAXFUN times.,False,True,SUCCESS,,False,,,5ed3034be5800fc501893bfcd05423aa5bc6cd01c88acc190d885cfd8bf202e8,,normalized_mean_energy_H_C,False,243.9765625
objective-run-46cf4f7ef3c44ef4f667,PHASE1_2_OBJECTIVE_ALIGNMENT_AND_FEASIBILITY_CAPACITY_DIAGNOSTIC,task-v2-cf1a83d8dbf9,g-bd62d2d752385cc7,v2-S4-b001-g-bd62d2d752385cc7,S4,D6,16,4.038328680240055,9.1552734375e-05,O2,EXACT_FEASIBILITY_CONTROL,1 - P_feas(theta),STATEVECTOR_MECHANISTIC_CONTROL,0.9858931319576968,0.9604420443424944,0.0254510876152024,1.5438360572154746,0.1342115403682976,1.0818193716128852,0.3278051452342918,1.409624516847177,0.0395579556575055,0.0130337361028558,0.3294845723500599,432.0783636617141,2.6355625195452306,17.655368167182182,0.1,0.709519692388711,1.133725306906636,False,0.0395579556575055,0.0003755914693919,0.4491824725046806,2.4321436605228026,True,1.000000000000001,3,COBYLA,240,2207,1.4597950213728927,minimum_frozen_p2_objective_final_then_append_zero_gamma3_beta3,"[6.201001262929512, 4.0711430130357975, 0.0, 2.423600647401147, 0.09792080092044632, 0.0]","[7.134503984167321, 4.46324239939568, -0.5718822230463249, 2.5082829765891526, 0.11874337589539669, 0.10908169820039482]","[7.134503984167321, 4.46324239939568, -0.5718822230463249, 2.5082829765891526, 0.11874337589539669, 0.10908169820039482]",240,240,241,18.31916264072061,0.9604420443424944,0.9604420443424944,3,Return from COBYLA because the objective function has been evaluated MAXFUN times.,False,True,SUCCESS,,False,,,5ed3034be5800fc501893bfcd05423aa5bc6cd01c88acc190d885cfd8bf202e8,,normalized_mean_energy_H_C,False,244.02734375
objective-run-ebc6a69a3b6c1f0d3c24,PHASE1_2_OBJECTIVE_ALIGNMENT_AND_FEASIBILITY_CAPACITY_DIAGNOSTIC,task-v2-cf1a83d8dbf9,g-bd62d2d752385cc7,v2-S4-b001-g-bd62d2d752385cc7,S4,D6,16,4.038328680240055,9.1552734375e-05,O3,CVAR_ENERGY,exact_weighted_lowest_energy_CVaR_alpha_0.10,EXACT_DISTRIBUTIONAL_ENERGY_CONTROL,0.963542869548523,0.6632291846429426,0.3003136849055804,1.532437327000494,0.1347908082613222,1.0797663501378725,0.317880168601299,1.3976465187391716,0.0440961046370338,0.0141194932953908,0.3201981991745513,481.64705224877486,2.682728906683829,17.71444411460981,0.1,0.6632291846429426,1.1316067653276956,False,0.0440961046370339,0.0006695875757147,0.4417426233762077,2.4259690627126904,True,0.9999999999999984,3,COBYLA,240,2207,1.4597950213728927,minimum_frozen_p2_objective_final_then_append_zero_gamma3_beta3,"[6.201001262929512, 4.0711430130357975, 0.0, 2.423600647401147, 0.09792080092044632, 0.0]","[7.257933825739687, 4.495349090037603, -0.7792685981618839, 2.4936045782008076, 0.13979241311432716, 0.11587130163289013]","[7.257933825739687, 4.495349090037603, -0.7792685981618839, 2.4936045782008076, 0.13979241311432716, 0.11587130163289013]",240,240,241,18.357139371335503,0.6632291846429426,0.6632291846429426,3,Return from COBYLA because the objective function has been evaluated MAXFUN times.,False,True,SUCCESS,,False,,,5ed3034be5800fc501893bfcd05423aa5bc6cd01c88acc190d885cfd8bf202e8,,normalized_mean_energy_H_C,False,243.76953125
objective-run-eeffbbe90d3b3f17ec82,PHASE1_2_OBJECTIVE_ALIGNMENT_AND_FEASIBILITY_CAPACITY_DIAGNOSTIC,task-v2-e243a3cd3e64,g-bd62d2d752385cc7,v2-S4-b001-g-bd62d2d752385cc7,S4,D7,16,3.9133899436317554,0.0001220703125,O0,MEAN_ENERGY,E_theta[H_C],HISTORICAL_MEAN_ENERGY_BASELINE,1.374779677032396,1.3033653321352276,0.0714143448971684,1.3033653321352274,0.0928827710363995,1.094788155760892,0.1156944053379351,1.2104825610988272,0.0134050965495772,0.0032052651707913,0.2391079511391054,109.81455093413658,2.040659889947492,18.31082187912417,0.1,0.9367374430676864,1.0919661733615222,False,0.0134050965495772,0.0013282523596161,0.2238876576484044,2.735897052702864,True,1.0000000000000004,3,COBYLA,240,3301,1.374779677032396,minimum_frozen_p2_objective_final_then_append_zero_gamma3_beta3,"[5.607334200093741, 2.055472429760336, 0.0, 3.148106631075005, -0.7441190841142521, 0.0]","[5.397810023006997, 2.0253843748000286, -0.6538965789039732, 3.148923526569338, -0.9131005497368011, 0.18938023001015522]","[5.397810023006997, 2.0253843748000286, -0.6538965789039732, 3.148923526569338, -0.9131005497368011, 0.18938023001015522]",240,240,241,13.51586996205151,1.3033653321352276,1.3033653321352276,3,Return from COBYLA because the objective function has been evaluated MAXFUN times.,False,True,SUCCESS,,True,results/phase1_1_optimization_diagnostic/p3_budget_scaling.csv,diag-run-dae19f26be97a86302d5,5ed3034be5800fc501893bfcd05423aa5bc6cd01c88acc190d885cfd8bf202e8,bc0c3beeae21d5c1ff6d7feb5d6398a497f53f2e11df68b8435eae8d14e546bb,normalized_mean_energy_H_C,False,
objective-run-c9090b95d7fb9899a893,PHASE1_2_OBJECTIVE_ALIGNMENT_AND_FEASIBILITY_CAPACITY_DIAGNOSTIC,task-v2-e243a3cd3e64,g-bd62d2d752385cc7,v2-S4-b001-g-bd62d2d752385cc7,S4,D7,16,3.9133899436317554,0.0001220703125,O1,EXPECTED_PENALTY,E_theta[P_flow + P_resource],FEASIBILITY_ALIGNED_MECHANISTIC_OBJECTIVE_CONTROL,1.2774265775187024,1.1922589074934744,0.0851676700252279,1.2874877096496755,0.0952288021562014,1.0821422434340766,0.1101166640593977,1.1922589074934744,0.0247493629411609,0.0062325871760384,0.251828186077185,202.74678121399023,2.306953968125616,18.202181140285266,0.1,0.8290952978876589,1.0919661733615222,False,0.0247493629411609,0.004239681303253,0.217008270434636,2.708743640741881,True,0.9999999999999992,3,COBYLA,240,3301,1.374779677032396,minimum_frozen_p2_objective_final_then_append_zero_gamma3_beta3,"[5.607334200093741, 2.055472429760336, 0.0, 3.148106631075005, -0.7441190841142521, 0.0]","[5.351824140330492, 1.8631695573826443, 0.7943030949441459, 3.1480937907242432, -0.5858894673183307, -0.14181763759947832]","[5.351824140330492, 1.8631695573826443, 0.7943030949441459, 3.1480937907242432, -0.5858894673183307, -0.14181763759947832]",240,240,241,48.50004897080362,1.1922589074934744,1.1922589074934744,3,Return from COBYLA because the objective function has been evaluated MAXFUN times.,False,True,SUCCESS,,False,,,5ed3034be5800fc501893bfcd05423aa5bc6cd01c88acc190d885cfd8bf202e8,,normalized_mean_energy_H_C,False,243.78515625
objective-run-f5cc253f47a3521e5ee7,PHASE1_2_OBJECTIVE_ALIGNMENT_AND_FEASIBILITY_CAPACITY_DIAGNOSTIC,task-v2-e243a3cd3e64,g-bd62d2d752385cc7,v2-S4-b001-g-bd62d2d752385cc7,S4,D7,16,3.9133899436317554,0.0001220703125,O2,EXACT_FEASIBILITY_CONTROL,1 - P_feas(theta),STATEVECTOR_MECHANISTIC_CONTROL,0.9913760370436394,0.9713607891472332,0.020015247896406,1.3395160434112707,0.0999295572261523,1.0749181876041938,0.1646682985809243,1.239586486185118,0.0286392108527667,0.0077470672786446,0.2705056126885642,234.6124153058649,2.370350990542343,18.13616926373051,0.1,0.7879251580982988,1.080338266384778,False,0.0286392108527666,0.0053666213698963,0.2682256970378815,2.6458566704038184,True,1.0000000000000029,3,COBYLA,240,3301,1.374779677032396,minimum_frozen_p2_objective_final_then_append_zero_gamma3_beta3,"[5.607334200093741, 2.055472429760336, 0.0, 3.148106631075005, -0.7441190841142521, 0.0]","[6.360949596312771, 2.4687928261203393, 0.8665398132524981, 3.366303620892377, -0.6563488788945584, -0.14981457409729154]","[6.360949596312771, 2.4687928261203393, 0.8665398132524981, 3.366303620892377, -0.6563488788945584, -0.14981457409729154]",240,240,241,18.39811591804028,0.9713607891472332,0.9713607891472332,3,Return from COBYLA because the objective function has been evaluated MAXFUN times.,False,True,SUCCESS,,False,,,5ed3034be5800fc501893bfcd05423aa5bc6cd01c88acc190d885cfd8bf202e8,,normalized_mean_energy_H_C,False,243.79296875
objective-run-6947f881efd520412cfa,PHASE1_2_OBJECTIVE_ALIGNMENT_AND_FEASIBILITY_CAPACITY_DIAGNOSTIC,task-v2-e243a3cd3e64,g-bd62d2d752385cc7,v2-S4-b001-g-bd62d2d752385cc7,S4,D7,16,3.9133899436317554,0.0001220703125,O3,CVAR_ENERGY,exact_weighted_lowest_energy_CVaR_alpha_0.10,EXACT_DISTRIBUTIONAL_ENERGY_CONTROL,0.9815450073971116,0.6447742310701924,0.3367707763269193,1.4386146624999487,0.1250022941886787,1.0749569945991535,0.2386553737121161,1.3136123683112697,0.0437790767569482,0.0101614815445142,0.2321081735215326,358.6381967929203,2.554656542261781,18.37312990945104,0.1,0.6447742310701924,1.0919661733615222,False,0.0437790767569483,0.0016404673433062,0.3573914450682179,2.511271324660937,True,0.9999999999999996,3,COBYLA,240,3301,1.374779677032396,minimum_frozen_p2_objective_final_then_append_zero_gamma3_beta3,"[5.607334200093741, 2.055472429760336, 0.0, 3.148106631075005, -0.7441190841142521, 0.0]","[6.246576818095778, 2.5088065946127336, -1.278097792364393, 3.3333515973272503, -0.7817709743557696, 0.18353412352600276]","[6.246576818095778, 2.5088065946127336, -1.278097792364393, 3.3333515973272503, -0.7817709743557696, 0.18353412352600276]",240,240,241,19.150316736660898,0.6447742310701924,0.6447742310701924,3,Return from COBYLA because the objective function has been evaluated MAXFUN times.,False,True,SUCCESS,,False,,,5ed3034be5800fc501893bfcd05423aa5bc6cd01c88acc190d885cfd8bf202e8,,normalized_mean_energy_H_C,False,244.0546875
objective-run-c3882d66bf2a10133459,PHASE1_2_OBJECTIVE_ALIGNMENT_AND_FEASIBILITY_CAPACITY_DIAGNOSTIC,task-v2-4746dcc3bd93,g-a87f1b9ac089cc45,v2-S5-b000-g-a87f1b9ac089cc45,S5,D1,19,5.719569917615643,1.9073486328125e-06,O0,MEAN_ENERGY,E_theta[H_C],HISTORICAL_MEAN_ENERGY_BASELINE,1.5411848323389508,1.2460692555575288,0.295115576781422,1.2460692555575248,0.0406020180514589,1.0616359455559568,0.1438312919501086,1.205467237506065,0.0019150671869625,0.0019150671869625,1.0,1004.0467453182124,3.00175393269064,5.0,0.1,1.0170457749007704,1.041528239202658,False,0.0019150671869625,0.010481818378762,0.2073823046930301,2.786872493746082,True,0.9999999999999996,3,COBYLA,240,1103,1.5411848323389508,minimum_frozen_p2_objective_final_then_append_zero_gamma3_beta3,"[3.8102321809137987, 6.314816841899302, 0.0, 3.5202669297640834, -0.9771540043965765, 0.0]","[4.731080090260499, 7.287995404729159, 0.9596931299329416, 3.8277635693345067, -0.9425950211394388, -0.15337509663798687]","[4.731080090260499, 7.287995404729159, 0.9596931299329416, 3.8277635693345067, -0.9425950211394388, -0.15337509663798687]",240,240,241,246.7050232551992,1.2460692555575288,1.2460692555575288,3,Return from COBYLA because the objective function has been evaluated MAXFUN times.,False,True,SUCCESS,,True,results/phase1_1_optimization_diagnostic/p3_budget_scaling.csv,diag-run-b61674eeba257c284819,5ed3034be5800fc501893bfcd05423aa5bc6cd01c88acc190d885cfd8bf202e8,bc0c3beeae21d5c1ff6d7feb5d6398a497f53f2e11df68b8435eae8d14e546bb,normalized_mean_energy_H_C,False,
objective-run-b8c5e6183d21c9fc2889,PHASE1_2_OBJECTIVE_ALIGNMENT_AND_FEASIBILITY_CAPACITY_DIAGNOSTIC,task-v2-4746dcc3bd93,g-a87f1b9ac089cc45,v2-S5-b000-g-a87f1b9ac089cc45,S5,D1,19,5.719569917615643,1.9073486328125e-06,O1,EXPECTED_PENALTY,E_theta[P_flow + P_resource],FEASIBILITY_ALIGNED_MECHANISTIC_OBJECTIVE_CONTROL,1.484663681076226,1.1944713805758442,0.2901923005003819,1.2346508791435673,0.0401794985677237,1.061728215635728,0.1327431649401163,1.1944713805758442,0.0018453566257298,0.0018453566257298,1.0,967.4983345906315,2.985650226116044,5.0,0.1,1.017777555960086,1.041528239202658,False,0.0018453566257298,0.0109985668541296,0.1963167372015782,2.798147192921232,True,0.9999999999999964,3,COBYLA,240,1103,1.5411848323389508,minimum_frozen_p2_objective_final_then_append_zero_gamma3_beta3,"[3.8102321809137987, 6.314816841899302, 0.0, 3.5202669297640834, -0.9771540043965765, 0.0]","[4.9812845690912955, 7.2461338095317, 1.09022072663173, 3.8439447660995802, -0.9865304541768922, -0.14536531295844002]","[4.9812845690912955, 7.2461338095317, 1.09022072663173, 3.8439447660995802, -0.9865304541768922, -0.14536531295844002]",240,240,241,145.64873501472175,1.194471380575844,1.194471380575844,3,Return from COBYLA because the objective function has been evaluated MAXFUN times.,False,True,SUCCESS,,False,,,5ed3034be5800fc501893bfcd05423aa5bc6cd01c88acc190d885cfd8bf202e8,,normalized_mean_energy_H_C,False,277.6171875
objective-run-cb3a40793b87c38058ed,PHASE1_2_OBJECTIVE_ALIGNMENT_AND_FEASIBILITY_CAPACITY_DIAGNOSTIC,task-v2-4746dcc3bd93,g-a87f1b9ac089cc45,v2-S5-b000-g-a87f1b9ac089cc45,S5,D1,19,5.719569917615643,1.9073486328125e-06,O2,EXACT_FEASIBILITY_CONTROL,1 - P_feas(theta),STATEVECTOR_MECHANISTIC_CONTROL,0.9986594921638188,0.983547626776202,0.0151118653876167,1.6443193657240929,0.0807171690079145,1.040864848903043,0.5227373478131354,1.5636021967161784,0.0164523732237981,0.0164523732237981,1.0,8625.78185275867,3.935798470580031,5.0,0.1,0.880054147811859,1.0589700996677742,False,0.016452373223798,0.0099791007188265,0.5800545699399701,2.3705883103886354,True,1.0000000000000036,3,COBYLA,240,1103,1.5411848323389508,minimum_frozen_p2_objective_final_then_append_zero_gamma3_beta3,"[3.8102321809137987, 6.314816841899302, 0.0, 3.5202669297640834, -0.9771540043965765, 0.0]","[4.655188560135174, 6.488617007197632, -1.2051138733403677, 2.947534873787493, -0.5450119174176347, 0.17046361867655835]","[4.655188560135174, 6.488617007197632, -1.2051138733403677, 2.947534873787493, -0.5450119174176347, 0.17046361867655835]",240,240,241,141.19145466014743,0.983547626776202,0.983547626776202,3,Return from COBYLA because the objective function has been evaluated MAXFUN times.,False,True,SUCCESS,,False,,,5ed3034be5800fc501893bfcd05423aa5bc6cd01c88acc190d885cfd8bf202e8,,normalized_mean_energy_H_C,False,277.3046875
objective-run-d0e79bf321c567540279,PHASE1_2_OBJECTIVE_ALIGNMENT_AND_FEASIBILITY_CAPACITY_DIAGNOSTIC,task-v2-4746dcc3bd93,g-a87f1b9ac089cc45,v2-S5-b000-g-a87f1b9ac089cc45,S5,D1,19,5.719569917615643,1.9073486328125e-06,O3,CVAR_ENERGY,exact_weighted_lowest_energy_CVaR_alpha_0.10,EXACT_DISTRIBUTIONAL_ENERGY_CONTROL,1.0255707541032426,0.8861942849860468,0.1393764691171958,1.6242226578800396,0.0791927377679771,1.0414651479591088,0.5035647721529539,1.5450299201120627,0.0158027004731852,0.0158027004731852,1.0,8285.16622568536,3.91830122611368,5.0,0.1,0.8861942849860468,1.0589700996677742,False,0.0158027004731852,0.0065146911496621,0.5608326205852453,2.391759277995199,True,1.0000000000000018,3,COBYLA,240,1103,1.5411848323389508,minimum_frozen_p2_objective_final_then_append_zero_gamma3_beta3,"[3.8102321809137987, 6.314816841899302, 0.0, 3.5202669297640834, -0.9771540043965765, 0.0]","[4.534071715958177, 6.185321893371532, -1.2448814661771277, 2.9803360087517285, -0.5793220626485625, 0.17286193208196407]","[4.534071715958177, 6.185321893371532, -1.2448814661771277, 2.9803360087517285, -0.5793220626485625, 0.17286193208196407]",240,240,241,143.93387756682932,0.8861942849860468,0.8861942849860468,3,Return from COBYLA because the objective function has been evaluated MAXFUN times.,False,True,SUCCESS,,False,,,5ed3034be5800fc501893bfcd05423aa5bc6cd01c88acc190d885cfd8bf202e8,,normalized_mean_energy_H_C,False,277.390625
objective-run-a20d6dc1c5806ffaa742,PHASE1_2_OBJECTIVE_ALIGNMENT_AND_FEASIBILITY_CAPACITY_DIAGNOSTIC,task-v2-7d4ec5aed494,g-a87f1b9ac089cc45,v2-S5-b000-g-a87f1b9ac089cc45,S5,D2,19,5.418539921951662,3.814697265625e-06,O0,MEAN_ENERGY,E_theta[H_C],HISTORICAL_MEAN_ENERGY_BASELINE,1.4812518649174269,1.2671359702299645,0.2141158946874621,1.2671359702299667,0.0442187889415835,1.061414038250968,0.1615031430374151,1.2229171812883832,0.0036786023719629,0.0030224699555759,0.8216354065914182,964.3235401958656,2.9842227684957328,7.853833494537308,0.1,1.0005299192808226,1.041528239202658,False,0.0036786023719629,0.0038388519887098,0.2265957836603459,2.762368409223765,True,0.9999999999999998,3,COBYLA,240,3301,1.4812518649174269,minimum_frozen_p2_objective_final_then_append_zero_gamma3_beta3,"[5.96948073493069, 4.879706219990906, 0.0, 3.5865686657715794, -1.0513028615592015, 0.0]","[6.654724109380017, 5.727040831355587, 0.7808459141222962, 3.7914267389764897, -1.0126812260320528, -0.16663680508553075]","[6.654724109380017, 5.727040831355587, 0.7808459141222962, 3.7914267389764897, -1.0126812260320528, -0.16663680508553075]",240,240,241,244.7050910294056,1.2671359702299645,1.2671359702299645,3,Return from COBYLA because the objective function has been evaluated MAXFUN times.,False,True,SUCCESS,,True,results/phase1_1_optimization_diagnostic/p3_budget_scaling.csv,diag-run-e14ae8629c65a1fec4ae,5ed3034be5800fc501893bfcd05423aa5bc6cd01c88acc190d885cfd8bf202e8,bc0c3beeae21d5c1ff6d7feb5d6398a497f53f2e11df68b8435eae8d14e546bb,normalized_mean_energy_H_C,False,
objective-run-1391a2250558aabc35e9,PHASE1_2_OBJECTIVE_ALIGNMENT_AND_FEASIBILITY_CAPACITY_DIAGNOSTIC,task-v2-7d4ec5aed494,g-a87f1b9ac089cc45,v2-S5-b000-g-a87f1b9ac089cc45,S5,D2,19,5.418539921951662,3.814697265625e-06,O1,EXPECTED_PENALTY,E_theta[P_flow + P_resource],FEASIBILITY_ALIGNED_MECHANISTIC_OBJECTIVE_CONTROL,1.4267129514565169,1.2085627596120525,0.2181501918444641,1.2520889490992622,0.04352618948721,1.0608179455273392,0.1477448140847131,1.2085627596120525,0.0038265473458517,0.0031521937238091,0.823769690770018,1003.1064274309608,3.0013470131738944,7.819684947679712,0.1,0.9989317178889152,1.041528239202658,False,0.0038265473458517,0.0012755745790184,0.2123893069579087,2.776131051004536,True,0.9999999999999972,3,COBYLA,240,3301,1.4812518649174269,minimum_frozen_p2_objective_final_then_append_zero_gamma3_beta3,"[5.96948073493069, 4.879706219990906, 0.0, 3.5865686657715794, -1.0513028615592015, 0.0]","[6.785538481055767, 5.838251296364465, 0.9461511793657906, 3.8231352273730197, -1.0479365201606123, -0.17062534720896413]","[6.785538481055767, 5.838251296364465, 0.9461511793657906, 3.8231352273730197, -1.0479365201606123, -0.17062534720896413]",240,240,241,289.2692244099453,1.2085627596120532,1.2085627596120532,3,Return from COBYLA because the objective function has been evaluated MAXFUN times.,False,True,SUCCESS,,False,,,5ed3034be5800fc501893bfcd05423aa5bc6cd01c88acc190d885cfd8bf202e8,,normalized_mean_energy_H_C,False,306.02734375
objective-run-6c18da910ae013242a6a,PHASE1_2_OBJECTIVE_ALIGNMENT_AND_FEASIBILITY_CAPACITY_DIAGNOSTIC,task-v2-7d4ec5aed494,g-a87f1b9ac089cc45,v2-S5-b000-g-a87f1b9ac089cc45,S5,D2,19,5.418539921951662,3.814697265625e-06,O2,EXACT_FEASIBILITY_CONTROL,1 - P_feas(theta),STATEVECTOR_MECHANISTIC_CONTROL,0.9978996881112896,0.9793981792953944,0.0185015088158952,1.625849417280901,0.0835688407156985,1.039937832068772,0.5023427444964308,1.5422805765652028,0.0206018207046055,0.0158318995195644,0.768470891314245,5400.643686788115,3.732445525185958,8.704465738972079,0.1,0.847298489696011,1.0764119601328903,False,0.0206018207046054,0.0012696945197608,0.5628823972698047,2.375312140616379,True,1.0000000000000024,3,COBYLA,240,3301,1.4812518649174269,minimum_frozen_p2_objective_final_then_append_zero_gamma3_beta3,"[5.96948073493069, 4.879706219990906, 0.0, 3.5865686657715794, -1.0513028615592015, 0.0]","[6.394006449232515, 4.955697948398846, -1.1475334986610874, 2.955067811238381, -0.5195891438097634, 0.17089996950429973]","[6.394006449232515, 4.955697948398846, -1.1475334986610874, 2.955067811238381, -0.5195891438097634, 0.17089996950429973]",240,240,241,255.774037566036,0.9793981792953944,0.9793981792953944,3,Return from COBYLA because the objective function has been evaluated MAXFUN times.,False,True,SUCCESS,,False,,,5ed3034be5800fc501893bfcd05423aa5bc6cd01c88acc190d885cfd8bf202e8,,normalized_mean_energy_H_C,False,305.78515625
objective-run-aae383e34b24a3a951f4,PHASE1_2_OBJECTIVE_ALIGNMENT_AND_FEASIBILITY_CAPACITY_DIAGNOSTIC,task-v2-7d4ec5aed494,g-a87f1b9ac089cc45,v2-S5-b000-g-a87f1b9ac089cc45,S5,D2,19,5.418539921951662,3.814697265625e-06,O3,CVAR_ENERGY,exact_weighted_lowest_energy_CVaR_alpha_0.10,EXACT_DISTRIBUTIONAL_ENERGY_CONTROL,1.0184031375002631,0.8458409632002203,0.172562174300043,1.605117949080319,0.0808927159750188,1.0394228098182503,0.4848024232870496,1.5242252331053,0.0204749783144732,0.0158838246549013,0.7757675935448202,5367.39271526928,3.7297633724129535,8.587718503282877,0.1,0.8458409632002203,1.0647840531561463,False,0.0204749783144732,0.0024617880765274,0.5447002114197717,2.3938748536368086,True,1.0000000000000004,3,COBYLA,240,3301,1.4812518649174269,minimum_frozen_p2_objective_final_then_append_zero_gamma3_beta3,"[5.96948073493069, 4.879706219990906, 0.0, 3.5865686657715794, -1.0513028615592015, 0.0]","[6.553306736190603, 4.956379288150915, -1.0870464684830095, 2.9684613987882367, -0.5357031811022153, 0.16104577567974554]","[6.553306736190603, 4.956379288150915, -1.0870464684830095, 2.9684613987882367, -0.5357031811022153, 0.16104577567974554]",240,240,241,304.2916440954432,0.8458409632002203,0.8458409632002203,3,Return from COBYLA because the objective function has been evaluated MAXFUN times.,False,True,SUCCESS,,False,,,5ed3034be5800fc501893bfcd05423aa5bc6cd01c88acc190d885cfd8bf202e8,,normalized_mean_energy_H_C,False,305.8046875
objective-run-08839d205798c2d57d7a,PHASE1_2_OBJECTIVE_ALIGNMENT_AND_FEASIBILITY_CAPACITY_DIAGNOSTIC,task-v2-7133b996bac7,g-a87f1b9ac089cc45,v2-S5-b000-g-a87f1b9ac089cc45,S5,D3,19,5.24244866289598,5.7220458984375e-06,O0,MEAN_ENERGY,E_theta[H_C],HISTORICAL_MEAN_ENERGY_BASELINE,1.4448078123453976,1.2220656163828212,0.2227421959625763,1.2220656163828247,0.0407497817773663,1.0602080497888366,0.1211077848166225,1.181315834605459,0.0029960641981112,0.0021303586934546,0.7110524183018729,523.6001687664503,2.7189997778602426,9.197439918626191,0.1,1.0071353526907605,1.041528239202658,False,0.0029960641981112,0.0146136679758482,0.1843118988035692,2.8066999086020967,True,1.0,3,COBYLA,240,2207,1.4448078123453976,minimum_frozen_p2_objective_final_then_append_zero_gamma3_beta3,"[5.5562435213009245, 5.685944369417065, 0.0, 3.642771129607981, -1.0505536819076824, 0.0]","[6.380053533518654, 6.713603347144765, 1.015035209067364, 3.8536200964929184, -1.0380552086235069, -0.15277513966990602]","[6.380053533518654, 6.713603347144765, 1.015035209067364, 3.8536200964929184, -1.0380552086235069, -0.15277513966990602]",240,240,241,254.50619139429185,1.2220656163828212,1.2220656163828212,3,Return from COBYLA because the objective function has been evaluated MAXFUN times.,False,True,SUCCESS,,True,results/phase1_1_optimization_diagnostic/p3_budget_scaling.csv,diag-run-17424e219409a38e9f1b,5ed3034be5800fc501893bfcd05423aa5bc6cd01c88acc190d885cfd8bf202e8,bc0c3beeae21d5c1ff6d7feb5d6398a497f53f2e11df68b8435eae8d14e546bb,normalized_mean_energy_H_C,False,
objective-run-2634aa16d287121c8ffa,PHASE1_2_OBJECTIVE_ALIGNMENT_AND_FEASIBILITY_CAPACITY_DIAGNOSTIC,task-v2-7133b996bac7,g-a87f1b9ac089cc45,v2-S5-b000-g-a87f1b9ac089cc45,S5,D3,19,5.24244866289598,5.7220458984375e-06,O1,EXPECTED_PENALTY,E_theta[P_flow + P_resource],FEASIBILITY_ALIGNED_MECHANISTIC_OBJECTIVE_CONTROL,1.3930464168054022,1.1863497041003512,0.2066967127050509,1.228037046860453,0.0416873427601011,1.0602613530074771,0.126088351092874,1.1863497041003512,0.0035356996785542,0.0024892632448268,0.704036957642495,617.9083043566162,2.790924031938998,9.288212379099583,0.1,1.0020275852513456,1.041528239202658,False,0.0035356996785542,0.0176080652510381,0.1898854037789032,2.799507497185434,True,1.0000000000000024,3,COBYLA,240,2207,1.4448078123453976,minimum_frozen_p2_objective_final_then_append_zero_gamma3_beta3,"[5.5562435213009245, 5.685944369417065, 0.0, 3.642771129607981, -1.0505536819076824, 0.0]","[6.293341787750213, 6.508215284039742, 1.0714109742016784, 3.8422865717301478, -1.042762728970985, -0.15064770442816172]","[6.293341787750213, 6.508215284039742, 1.0714109742016784, 3.8422865717301478, -1.042762728970985, -0.15064770442816172]",240,240,241,304.90674562752247,1.1863497041003517,1.1863497041003517,3,Return from COBYLA because the objective function has been evaluated MAXFUN times.,False,True,SUCCESS,,False,,,5ed3034be5800fc501893bfcd05423aa5bc6cd01c88acc190d885cfd8bf202e8,,normalized_mean_energy_H_C,False,306.1171875
objective-run-320df6f0e516a9581d7c,PHASE1_2_OBJECTIVE_ALIGNMENT_AND_FEASIBILITY_CAPACITY_DIAGNOSTIC,task-v2-7133b996bac7,g-a87f1b9ac089cc45,v2-S5-b000-g-a87f1b9ac089cc45,S5,D3,19,5.24244866289598,5.7220458984375e-06,O2,EXACT_FEASIBILITY_CONTROL,1 - P_feas(theta),STATEVECTOR_MECHANISTIC_CONTROL,0.9977935885147114,0.9713309168872718,0.0264626716274396,1.600172850147904,0.0832813817069213,1.0372444362427338,0.479647032198249,1.5168914684409829,0.0286690831127282,0.0164633245433298,0.5742536124575466,5010.285415668681,3.6998624665697006,11.042963510006548,0.1,0.7671180702072457,1.0589700996677742,False,0.0286690831127282,0.0031459419713779,0.5455605515537109,2.3684321991081045,True,1.0,3,COBYLA,240,2207,1.4448078123453976,minimum_frozen_p2_objective_final_then_append_zero_gamma3_beta3,"[5.5562435213009245, 5.685944369417065, 0.0, 3.642771129607981, -1.0505536819076824, 0.0]","[6.328677648307249, 5.722709791898887, -1.1454770019425093, 2.9385707168582202, -0.4930534491319344, 0.1622055883409593]","[6.328677648307249, 5.722709791898887, -1.1454770019425093, 2.9385707168582202, -0.4930534491319344, 0.1622055883409593]",240,240,241,289.4820501636714,0.9713309168872718,0.9713309168872718,3,Return from COBYLA because the objective function has been evaluated MAXFUN times.,False,True,SUCCESS,,False,,,5ed3034be5800fc501893bfcd05423aa5bc6cd01c88acc190d885cfd8bf202e8,,normalized_mean_energy_H_C,False,305.79296875
objective-run-9719261e7485d26b2f77,PHASE1_2_OBJECTIVE_ALIGNMENT_AND_FEASIBILITY_CAPACITY_DIAGNOSTIC,task-v2-7133b996bac7,g-a87f1b9ac089cc45,v2-S5-b000-g-a87f1b9ac089cc45,S5,D3,19,5.24244866289598,5.7220458984375e-06,O3,CVAR_ENERGY,exact_weighted_lowest_energy_CVaR_alpha_0.10,EXACT_DISTRIBUTIONAL_ENERGY_CONTROL,1.0169764473135914,0.762984800482949,0.2539916468306423,1.586884632251086,0.0824134145898329,1.0364612324175986,0.4680099852436536,1.5044712176612522,0.0290209760885955,0.0167910054691862,0.5785816927013933,5071.783170512522,3.7051606782603415,10.982957577386244,0.1,0.762984800482949,1.0589700996677742,False,0.0290209760885955,0.0086187724713598,0.5334921937498514,2.379444877984362,True,0.9999999999999984,3,COBYLA,240,2207,1.4448078123453976,minimum_frozen_p2_objective_final_then_append_zero_gamma3_beta3,"[5.5562435213009245, 5.685944369417065, 0.0, 3.642771129607981, -1.0505536819076824, 0.0]","[6.415509491019491, 5.870538049927861, -1.1695047009714172, 2.9265953007033705, -0.48331705008222275, 0.16096852542973009]","[6.415509491019491, 5.870538049927861, -1.1695047009714172, 2.9265953007033705, -0.48331705008222275, 0.16096852542973009]",240,240,241,268.96825362183154,0.762984800482949,0.762984800482949,3,Return from COBYLA because the objective function has been evaluated MAXFUN times.,False,True,SUCCESS,,False,,,5ed3034be5800fc501893bfcd05423aa5bc6cd01c88acc190d885cfd8bf202e8,,normalized_mean_energy_H_C,False,306.0703125
objective-run-1c157ae3f4a1d40ccffb,PHASE1_2_OBJECTIVE_ALIGNMENT_AND_FEASIBILITY_CAPACITY_DIAGNOSTIC,task-v2-b9b3757d64c0,g-a87f1b9ac089cc45,v2-S5-b000-g-a87f1b9ac089cc45,S5,D4,19,5.11750992628768,7.62939453125e-06,O0,MEAN_ENERGY,E_theta[H_C],HISTORICAL_MEAN_ENERGY_BASELINE,1.5075165545486606,1.2598381495746185,0.2476784049740423,1.2598381495746207,0.0446559420548246,1.0602179469778432,0.1549642605419525,1.2151822075197958,0.0061209624207289,0.0032313917894731,0.5279221742204877,802.2867864097855,2.904329639470882,10.339267607605269,0.1,0.9772648938185138,1.041528239202658,False,0.0061209624207289,0.0043800297563517,0.2213031699405299,2.760333942797283,True,0.9999999999999962,3,COBYLA,240,3301,1.5075165545486606,minimum_frozen_p2_objective_final_then_append_zero_gamma3_beta3,"[5.530560640170587, 4.910928931805477, 0.0, 3.5357921849832588, -1.0149117847322668, 0.0]","[6.367400206708684, 5.742075143185665, 0.8619378654973646, 3.782295190726341, -1.0062630369289407, -0.16917887987759633]","[6.367400206708684, 5.742075143185665, 0.8619378654973646, 3.782295190726341, -1.0062630369289407, -0.16917887987759633]",240,240,241,194.183395864442,1.2598381495746185,1.2598381495746185,3,Return from COBYLA because the objective function has been evaluated MAXFUN times.,False,True,SUCCESS,,True,results/phase1_1_optimization_diagnostic/p3_budget_scaling.csv,diag-run-500fb34e3af8aab48c39,5ed3034be5800fc501893bfcd05423aa5bc6cd01c88acc190d885cfd8bf202e8,bc0c3beeae21d5c1ff6d7feb5d6398a497f53f2e11df68b8435eae8d14e546bb,normalized_mean_energy_H_C,False,
objective-run-862c915ab77e366849ba,PHASE1_2_OBJECTIVE_ALIGNMENT_AND_FEASIBILITY_CAPACITY_DIAGNOSTIC,task-v2-b9b3757d64c0,g-a87f1b9ac089cc45,v2-S5-b000-g-a87f1b9ac089cc45,S5,D4,19,5.11750992628768,7.62939453125e-06,O1,EXPECTED_PENALTY,E_theta[P_flow + P_resource],FEASIBILITY_ALIGNED_MECHANISTIC_OBJECTIVE_CONTROL,1.4502438689806798,1.1991464622892982,0.2510974066913816,1.2438743853875536,0.044727923098256,1.0595846576961463,0.1395618045931517,1.1991464622892982,0.0063832460061517,0.0034929942163642,0.5472128464104282,836.6648205183218,2.922551508467045,10.154244999324334,0.1,0.9748015088734882,1.041528239202658,False,0.0063832460061517,0.006687180419208,0.2055297082954508,2.775320553686094,True,0.9999999999999988,3,COBYLA,240,3301,1.5075165545486606,minimum_frozen_p2_objective_final_then_append_zero_gamma3_beta3,"[5.530560640170587, 4.910928931805477, 0.0, 3.5357921849832588, -1.0149117847322668, 0.0]","[6.3777370323187315, 5.904712507496021, 1.1578118341484591, 3.824303086953576, -1.0629974495533665, -0.15240016819339305]","[6.3777370323187315, 5.904712507496021, 1.1578118341484591, 3.824303086953576, -1.0629974495533665, -0.15240016819339305]",240,240,241,290.9591046515852,1.199146462289298,1.199146462289298,3,Return from COBYLA because the objective function has been evaluated MAXFUN times.,False,True,SUCCESS,,False,,,5ed3034be5800fc501893bfcd05423aa5bc6cd01c88acc190d885cfd8bf202e8,,normalized_mean_energy_H_C,False,305.9765625
objective-run-490b31f85b0b80e5cae7,PHASE1_2_OBJECTIVE_ALIGNMENT_AND_FEASIBILITY_CAPACITY_DIAGNOSTIC,task-v2-b9b3757d64c0,g-a87f1b9ac089cc45,v2-S5-b000-g-a87f1b9ac089cc45,S5,D4,19,5.11750992628768,7.62939453125e-06,O2,EXACT_FEASIBILITY_CONTROL,1 - P_feas(theta),STATEVECTOR_MECHANISTIC_CONTROL,0.99640388094534,0.9633110525056104,0.0330928284397297,1.6011078658984017,0.0859918562996726,1.0371014189676702,0.4780145906310579,1.5151160095987282,0.0366889474943896,0.0156654967970124,0.4269813626953457,4808.893725984644,3.682045179500834,11.63975935356454,0.1,0.6899989053207132,1.0647840531561463,False,0.0366889474943898,0.0018697231339398,0.5518049570931235,2.338128200423707,True,0.9999999999999962,3,COBYLA,240,3301,1.5075165545486606,minimum_frozen_p2_objective_final_then_append_zero_gamma3_beta3,"[5.530560640170587, 4.910928931805477, 0.0, 3.5357921849832588, -1.0149117847322668, 0.0]","[6.5376654582039695, 4.992105031760421, -1.2142492305958077, 2.974757310441278, -0.5185130384282445, 0.17184565795740356]","[6.5376654582039695, 4.992105031760421, -1.2142492305958077, 2.974757310441278, -0.5185130384282445, 0.17184565795740356]",240,240,241,288.54555846750736,0.9633110525056104,0.9633110525056104,3,Return from COBYLA because the objective function has been evaluated MAXFUN times.,False,True,SUCCESS,,False,,,5ed3034be5800fc501893bfcd05423aa5bc6cd01c88acc190d885cfd8bf202e8,,normalized_mean_energy_H_C,False,305.7890625
objective-run-a4fee466c35c4fa31025,PHASE1_2_OBJECTIVE_ALIGNMENT_AND_FEASIBILITY_CAPACITY_DIAGNOSTIC,task-v2-b9b3757d64c0,g-a87f1b9ac089cc45,v2-S5-b000-g-a87f1b9ac089cc45,S5,D4,19,5.11750992628768,7.62939453125e-06,O3,CVAR_ENERGY,exact_weighted_lowest_energy_CVaR_alpha_0.10,EXACT_DISTRIBUTIONAL_ENERGY_CONTROL,1.004577365132821,0.7071906977852613,0.2973866673475596,1.6055101055306844,0.0848138774925421,1.0368775857681218,0.4838186422700198,1.5206962280381418,0.0348919090283009,0.014937720596068,0.42811416778463,4573.352300157465,3.660234657781532,11.619945533222634,0.1,0.7071906977852613,1.0647840531561463,False,0.0348919090283009,0.0005321277775487,0.5555881370664407,2.339736135848656,True,1.0000000000000009,3,COBYLA,240,3301,1.5075165545486606,minimum_frozen_p2_objective_final_then_append_zero_gamma3_beta3,"[5.530560640170587, 4.910928931805477, 0.0, 3.5357921849832588, -1.0149117847322668, 0.0]","[6.247648769881479, 4.811066663302618, -1.1467645624335263, 2.991210609918435, -0.5460088645021633, 0.17071617743286274]","[6.247648769881479, 4.811066663302618, -1.1467645624335263, 2.991210609918435, -0.5460088645021633, 0.17071617743286274]",240,240,241,293.78623149544,0.7071906977852613,0.7071906977852613,3,Return from COBYLA because the objective function has been evaluated MAXFUN times.,False,True,SUCCESS,,False,,,5ed3034be5800fc501893bfcd05423aa5bc6cd01c88acc190d885cfd8bf202e8,,normalized_mean_energy_H_C,False,305.78515625
objective-run-68d62f8034615d7f1400,PHASE1_2_OBJECTIVE_ALIGNMENT_AND_FEASIBILITY_CAPACITY_DIAGNOSTIC,task-v2-11173062a501,g-a87f1b9ac089cc45,v2-S5-b000-g-a87f1b9ac089cc45,S5,D5,19,4.941418667231999,1.1444091796875e-05,O0,MEAN_ENERGY,E_theta[H_C],HISTORICAL_MEAN_ENERGY_BASELINE,1.5637343724398405,1.2118252848788127,0.3519090875610278,1.21182528487881,0.060315690696409,1.0708131992254204,0.0806963949569804,1.151509594182401,0.0096019104079707,0.0043503903843717,0.4530755026375162,839.0277339956924,2.923776316635875,11.221746570281896,0.1,0.9487269191921524,1.04734219269103,False,0.0096019104079707,0.0120901754085791,0.1611115045903703,2.8100827641857173,True,1.000000000000001,3,COBYLA,240,1103,1.5637343724398405,minimum_frozen_p2_objective_final_then_append_zero_gamma3_beta3,"[3.1749066575287777, 5.437569107023978, 0.0, 3.4120280287950466, -0.890396999791317, 0.0]","[4.82977518746098, 6.634139885968139, 1.1887198125305156, 3.774648874134752, -0.913126232096376, -0.1256735226018941]","[4.82977518746098, 6.634139885968139, 1.1887198125305156, 3.774648874134752, -0.913126232096376, -0.1256735226018941]",240,240,241,244.91423666477203,1.2118252848788127,1.2118252848788127,3,Return from COBYLA because the objective function has been evaluated MAXFUN times.,False,True,SUCCESS,,True,results/phase1_1_optimization_diagnostic/p3_budget_scaling.csv,diag-run-571867d19816b500121b,5ed3034be5800fc501893bfcd05423aa5bc6cd01c88acc190d885cfd8bf202e8,bc0c3beeae21d5c1ff6d7feb5d6398a497f53f2e11df68b8435eae8d14e546bb,normalized_mean_energy_H_C,False,
objective-run-c772b10a790f63449f94,PHASE1_2_OBJECTIVE_ALIGNMENT_AND_FEASIBILITY_CAPACITY_DIAGNOSTIC,task-v2-11173062a501,g-a87f1b9ac089cc45,v2-S5-b000-g-a87f1b9ac089cc45,S5,D5,19,4.941418667231999,1.1444091796875e-05,O1,EXPECTED_PENALTY,E_theta[P_flow + P_resource],FEASIBILITY_ALIGNED_MECHANISTIC_OBJECTIVE_CONTROL,1.4742559388180476,1.1753056116129863,0.2989503272050613,1.2400989833800522,0.0647933717670655,1.073570817441201,0.1017347941717852,1.1753056116129863,0.0103354284483942,0.0044900689960265,0.4344347230930846,903.1235183919564,2.9557471519608214,11.473028896782512,0.1,0.9427452231097528,1.053156146179402,False,0.0103354284483942,0.0066898789255623,0.1856410400613823,2.7833526745934347,True,0.9999999999999982,3,COBYLA,240,1103,1.5637343724398405,minimum_frozen_p2_objective_final_then_append_zero_gamma3_beta3,"[3.1749066575287777, 5.437569107023978, 0.0, 3.4120280287950466, -0.890396999791317, 0.0]","[4.238782169595959, 6.669441618626024, 1.2094675642209454, 3.765869163053689, -0.8701204851554896, -0.1297679396536606]","[4.238782169595959, 6.669441618626024, 1.2094675642209454, 3.765869163053689, -0.8701204851554896, -0.1297679396536606]",240,240,241,289.12883345317096,1.175305611612986,1.175305611612986,3,Return from COBYLA because the objective function has been evaluated MAXFUN times.,False,True,SUCCESS,,False,,,5ed3034be5800fc501893bfcd05423aa5bc6cd01c88acc190d885cfd8bf202e8,,normalized_mean_energy_H_C,False,306.0703125
objective-run-c9c8f1d638d36870572b,PHASE1_2_OBJECTIVE_ALIGNMENT_AND_FEASIBILITY_CAPACITY_DIAGNOSTIC,task-v2-11173062a501,g-a87f1b9ac089cc45,v2-S5-b000-g-a87f1b9ac089cc45,S5,D5,19,4.941418667231999,1.1444091796875e-05,O2,EXACT_FEASIBILITY_CONTROL,1 - P_feas(theta),STATEVECTOR_MECHANISTIC_CONTROL,0.9968291768239926,0.9808350556166134,0.0159941212073791,1.3948304394743458,0.0777383809609095,1.0646438034161947,0.2524482550972415,1.3170920585134362,0.0191649443833865,0.0076420575154979,0.3987518754357884,1674.6583934794985,3.223926230502863,11.957747076661295,0.1,0.8562292053435563,1.053156146179402,False,0.0191649443833865,0.0007479780385476,0.3362570028968217,2.6062481639530186,True,1.000000000000001,3,COBYLA,240,1103,1.5637343724398405,minimum_frozen_p2_objective_final_then_append_zero_gamma3_beta3,"[3.1749066575287777, 5.437569107023978, 0.0, 3.4120280287950466, -0.890396999791317, 0.0]","[4.09929212239374, 6.105198754293902, 1.0654821431823378, 3.0573698776747054, -0.493554677229032, -0.163357416832923]","[4.09929212239374, 6.105198754293902, 1.0654821431823378, 3.0573698776747054, -0.493554677229032, -0.163357416832923]",240,240,241,265.5403078543022,0.9808350556166134,0.9808350556166134,3,Return from COBYLA because the objective function has been evaluated MAXFUN times.,False,True,SUCCESS,,False,,,5ed3034be5800fc501893bfcd05423aa5bc6cd01c88acc190d885cfd8bf202e8,,normalized_mean_energy_H_C,False,306.0390625
objective-run-b3b7d0422449a27b34aa,PHASE1_2_OBJECTIVE_ALIGNMENT_AND_FEASIBILITY_CAPACITY_DIAGNOSTIC,task-v2-11173062a501,g-a87f1b9ac089cc45,v2-S5-b000-g-a87f1b9ac089cc45,S5,D5,19,4.941418667231999,1.1444091796875e-05,O3,CVAR_ENERGY,exact_weighted_lowest_energy_CVaR_alpha_0.10,EXACT_DISTRIBUTIONAL_ENERGY_CONTROL,1.0145511910769407,0.7909206326354209,0.2236305584415198,1.4323502068651464,0.0928657284601687,1.05454454812681,0.2849399302781676,1.3394844784049778,0.0266570666794359,0.0095921691160737,0.3598358825981956,2329.330029204682,3.367231025549792,12.497636958576468,0.1,0.7909206326354209,1.0647840531561463,False,0.0266570666794358,0.0016189043897129,0.366141545084413,2.55388725487728,True,1.0000000000000009,3,COBYLA,240,1103,1.5637343724398405,minimum_frozen_p2_objective_final_then_append_zero_gamma3_beta3,"[3.1749066575287777, 5.437569107023978, 0.0, 3.4120280287950466, -0.890396999791317, 0.0]","[4.099155978718396, 5.949041107103872, -1.3137655189164443, 3.0705217332955166, -0.6716720247014427, 0.18684982808432332]","[4.099155978718396, 5.949041107103872, -1.3137655189164443, 3.0705217332955166, -0.6716720247014427, 0.18684982808432332]",240,240,241,275.4548599421978,0.7909206326354209,0.7909206326354209,3,Return from COBYLA because the objective function has been evaluated MAXFUN times.,False,True,SUCCESS,,False,,,5ed3034be5800fc501893bfcd05423aa5bc6cd01c88acc190d885cfd8bf202e8,,normalized_mean_energy_H_C,False,305.79296875
objective-run-2fc4cfdd57ac0b568419,PHASE1_2_OBJECTIVE_ALIGNMENT_AND_FEASIBILITY_CAPACITY_DIAGNOSTIC,task-v2-c95d7e1ff6e7,g-a87f1b9ac089cc45,v2-S5-b000-g-a87f1b9ac089cc45,S5,D6,19,4.816479930623699,1.52587890625e-05,O0,MEAN_ENERGY,E_theta[H_C],HISTORICAL_MEAN_ENERGY_BASELINE,1.4405345852132978,1.3833785706946666,0.0571560145186311,1.3833785706946669,0.0954303781322037,1.1051961310861875,0.1827520614762754,1.287948192562463,0.0072268221624363,0.0024934327305612,0.3450247805351636,473.617017237431,2.675427298359163,11.993938148318971,0.1,0.9882711067496814,1.0880398671096347,False,0.0072268221624363,0.0003537464753111,0.2951750147249011,2.6831445187877896,True,0.9999999999999986,3,COBYLA,240,2207,1.4405345852132978,minimum_frozen_p2_objective_final_then_append_zero_gamma3_beta3,"[5.081952603947341, 3.127935499730127, 0.0, 3.1464629182892114, -0.754637417330586, 0.0]","[4.896129260627401, 3.0085546209582557, 0.3875385716037642, 3.150458424922407, -0.6058252721467134, -0.1481117618688861]","[4.896129260627401, 3.0085546209582557, 0.3875385716037642, 3.150458424922407, -0.6058252721467134, -0.1481117618688861]",240,240,241,247.64168778061867,1.3833785706946666,1.3833785706946666,3,Return from COBYLA because the objective function has been evaluated MAXFUN times.,False,True,SUCCESS,,True,results/phase1_1_optimization_diagnostic/p3_budget_scaling.csv,diag-run-51e26b9abd1bdb39d1e1,5ed3034be5800fc501893bfcd05423aa5bc6cd01c88acc190d885cfd8bf202e8,bc0c3beeae21d5c1ff6d7feb5d6398a497f53f2e11df68b8435eae8d14e546bb,normalized_mean_energy_H_C,False,
objective-run-320eda4ebc60472813b4,PHASE1_2_OBJECTIVE_ALIGNMENT_AND_FEASIBILITY_CAPACITY_DIAGNOSTIC,task-v2-c95d7e1ff6e7,g-a87f1b9ac089cc45,v2-S5-b000-g-a87f1b9ac089cc45,S5,D6,19,4.816479930623699,1.52587890625e-05,O1,EXPECTED_PENALTY,E_theta[P_flow + P_resource],FEASIBILITY_ALIGNED_MECHANISTIC_OBJECTIVE_CONTROL,1.3432506562367084,1.3236499960595984,0.0196006601771099,1.4218526583691502,0.0982026623095511,1.108839192644297,0.2148108034153012,1.3236499960595984,0.0044231546520932,0.0015531405603482,0.3511386515986239,289.87586327958604,2.462212055020782,11.83189394992355,0.1,1.017804067027731,1.0888704318936877,False,0.0044231546520932,0.0030591774290226,0.3280731507116906,2.658657385332029,True,1.0000000000000009,3,COBYLA,240,2207,1.4405345852132978,minimum_frozen_p2_objective_final_then_append_zero_gamma3_beta3,"[5.081952603947341, 3.127935499730127, 0.0, 3.1464629182892114, -0.754637417330586, 0.0]","[4.953971620708322, 2.955961102013074, -0.10790436513638652, 3.1512214340207576, -0.8243408852924203, 0.08601780885320194]","[4.953971620708322, 2.955961102013074, -0.10790436513638652, 3.1512214340207576, -0.8243408852924203, 0.08601780885320194]",240,240,241,289.5201603192836,1.3236499960595989,1.3236499960595989,3,Return from COBYLA because the objective function has been evaluated MAXFUN times.,False,True,SUCCESS,,False,,,5ed3034be5800fc501893bfcd05423aa5bc6cd01c88acc190d885cfd8bf202e8,,normalized_mean_energy_H_C,False,305.8046875
objective-run-7058df7dbe5f85d03e55,PHASE1_2_OBJECTIVE_ALIGNMENT_AND_FEASIBILITY_CAPACITY_DIAGNOSTIC,task-v2-c95d7e1ff6e7,g-a87f1b9ac089cc45,v2-S5-b000-g-a87f1b9ac089cc45,S5,D6,19,4.816479930623699,1.52587890625e-05,O2,EXACT_FEASIBILITY_CONTROL,1 - P_feas(theta),STATEVECTOR_MECHANISTIC_CONTROL,0.996216040265458,0.9842450991224134,0.0119709411430446,1.4558185873359597,0.0971161467347354,1.0869189932913326,0.2717834473098913,1.358702440601224,0.0157549008775865,0.0056821218411914,0.360657416085366,1032.5131839135115,3.013895605766049,12.00201622773478,0.1,0.8907841284437055,1.053156146179402,False,0.0157549008775865,0.0092882664624243,0.3744573414788128,2.5782779558884275,True,0.9999999999999984,3,COBYLA,240,2207,1.4405345852132978,minimum_frozen_p2_objective_final_then_append_zero_gamma3_beta3,"[5.081952603947341, 3.127935499730127, 0.0, 3.1464629182892114, -0.754637417330586, 0.0]","[5.601973858677635, 3.669576702513106, 1.0268455309542064, 3.145929279892945, -0.5197000852264151, -0.16689162329239504]","[5.601973858677635, 3.669576702513106, 1.0268455309542064, 3.145929279892945, -0.5197000852264151, -0.16689162329239504]",240,240,241,285.9794421158731,0.9842450991224134,0.9842450991224134,3,Return from COBYLA because the objective function has been evaluated MAXFUN times.,False,True,SUCCESS,,False,,,5ed3034be5800fc501893bfcd05423aa5bc6cd01c88acc190d885cfd8bf202e8,,normalized_mean_energy_H_C,False,306.1171875
objective-run-c6b7101e4df3bed2bdda,PHASE1_2_OBJECTIVE_ALIGNMENT_AND_FEASIBILITY_CAPACITY_DIAGNOSTIC,task-v2-c95d7e1ff6e7,g-a87f1b9ac089cc45,v2-S5-b000-g-a87f1b9ac089cc45,S5,D6,19,4.816479930623699,1.52587890625e-05,O3,CVAR_ENERGY,exact_weighted_lowest_energy_CVaR_alpha_0.10,EXACT_DISTRIBUTIONAL_ENERGY_CONTROL,1.0196727825700835,0.8772413885498377,0.1424313940202458,1.4453215252229987,0.0957804280879315,1.085285104342352,0.264255992792716,1.349541097135068,0.0171463713559,0.0065296808381141,0.3808199824079543,1123.7045931802668,3.050652156060824,11.828681720566946,0.1,0.8772413885498377,1.053156146179402,False,0.0171463713559001,0.0103941969160955,0.3666874684909722,2.581873417441328,True,0.9999999999999968,3,COBYLA,240,2207,1.4405345852132978,minimum_frozen_p2_objective_final_then_append_zero_gamma3_beta3,"[5.081952603947341, 3.127935499730127, 0.0, 3.1464629182892114, -0.754637417330586, 0.0]","[5.51709857995918, 3.500859695798869, 1.2699932089554342, 3.143812615996699, -0.5288040679015595, -0.1691601610188998]","[5.51709857995918, 3.500859695798869, 1.2699932089554342, 3.143812615996699, -0.5288040679015595, -0.1691601610188998]",240,240,241,298.0559001974761,0.8772413885498377,0.8772413885498377,3,Return from COBYLA because the objective function has been evaluated MAXFUN times.,False,True,SUCCESS,,False,,,5ed3034be5800fc501893bfcd05423aa5bc6cd01c88acc190d885cfd8bf202e8,,normalized_mean_energy_H_C,False,305.98828125
objective-run-cc8fd5553ed2b3c82bbb,PHASE1_2_OBJECTIVE_ALIGNMENT_AND_FEASIBILITY_CAPACITY_DIAGNOSTIC,task-v2-f5c9b9bdeb27,g-a87f1b9ac089cc45,v2-S5-b000-g-a87f1b9ac089cc45,S5,D7,19,4.719569917615643,1.9073486328125e-05,O0,MEAN_ENERGY,E_theta[H_C],HISTORICAL_MEAN_ENERGY_BASELINE,1.4127457292647132,1.316762858803158,0.0959828704615552,1.316762858803158,0.1128747420422245,1.1101733540868726,0.0937147626740611,1.2038881167609337,0.010598155718931,0.0030791276069221,0.2905342862081173,555.6485865566931,2.744800213939043,12.4052088519293,0.1,0.9729562391788872,1.1112956810631232,False,0.010598155718931,9.300666875880492e-05,0.2144862724798629,2.753719260363344,True,1.000000000000001,3,COBYLA,240,2207,1.4127457292647132,minimum_frozen_p2_objective_final_then_append_zero_gamma3_beta3,"[6.487422177937001, 4.489335658746522, 0.0, 2.4302172968027707, 0.09463589246260522, 0.0]","[7.313731452124091, 4.609986104071727, 0.14495495079035206, 2.400307411754112, 0.20956446768250958, -0.1267784899772107]","[7.313731452124091, 4.609986104071727, 0.14495495079035206, 2.400307411754112, 0.20956446768250958, -0.1267784899772107]",240,240,241,250.0753981182352,1.316762858803158,1.316762858803158,3,Return from COBYLA because the objective function has been evaluated MAXFUN times.,False,True,SUCCESS,,True,results/phase1_1_optimization_diagnostic/p3_budget_scaling.csv,diag-run-112949dbc71a8c7ad0e1,5ed3034be5800fc501893bfcd05423aa5bc6cd01c88acc190d885cfd8bf202e8,bc0c3beeae21d5c1ff6d7feb5d6398a497f53f2e11df68b8435eae8d14e546bb,normalized_mean_energy_H_C,False,
objective-run-51c1671dfb66ae186317,PHASE1_2_OBJECTIVE_ALIGNMENT_AND_FEASIBILITY_CAPACITY_DIAGNOSTIC,task-v2-f5c9b9bdeb27,g-a87f1b9ac089cc45,v2-S5-b000-g-a87f1b9ac089cc45,S5,D7,19,4.719569917615643,1.9073486328125e-05,O1,EXPECTED_PENALTY,E_theta[P_flow + P_resource],FEASIBILITY_ALIGNED_MECHANISTIC_OBJECTIVE_CONTROL,1.2795734732919826,1.2114229922811486,0.0681504810108339,1.3280031993619998,0.1165802070808506,1.1122735828951686,0.0991494093859799,1.2114229922811486,0.0095846045313482,0.0027267006654623,0.2844875504820451,502.5093140531512,2.7011441158525265,12.481233732369349,0.1,0.9884834937536332,1.1171096345514953,False,0.0095846045313482,0.0001902621426827,0.221007596812497,2.750238589593458,True,1.0,3,COBYLA,240,2207,1.4127457292647132,minimum_frozen_p2_objective_final_then_append_zero_gamma3_beta3,"[6.487422177937001, 4.489335658746522, 0.0, 2.4302172968027707, 0.09463589246260522, 0.0]","[7.186854717762891, 4.507211459747506, 0.036706157202011765, 2.415932149210303, 0.10701646967186076, -0.021008414371029956]","[7.186854717762891, 4.507211459747506, 0.036706157202011765, 2.415932149210303, 0.10701646967186076, -0.021008414371029956]",240,240,241,287.5053194174543,1.2114229922811488,1.2114229922811488,3,Return from COBYLA because the objective function has been evaluated MAXFUN times.,False,True,SUCCESS,,False,,,5ed3034be5800fc501893bfcd05423aa5bc6cd01c88acc190d885cfd8bf202e8,,normalized_mean_energy_H_C,False,305.7890625
objective-run-9aba4a9a365e1f6aade5,PHASE1_2_OBJECTIVE_ALIGNMENT_AND_FEASIBILITY_CAPACITY_DIAGNOSTIC,task-v2-f5c9b9bdeb27,g-a87f1b9ac089cc45,v2-S5-b000-g-a87f1b9ac089cc45,S5,D7,19,4.719569917615643,1.9073486328125e-05,O2,EXACT_FEASIBILITY_CONTROL,1 - P_feas(theta),STATEVECTOR_MECHANISTIC_CONTROL,0.9931867726583448,0.9829915519656888,0.0101952206926558,1.4289375706798757,0.1324089189760575,1.106957919866783,0.1895707318370351,1.296528651703818,0.0170084480343111,0.0048052490524181,0.2825213119224366,891.7325203012942,2.950234605073924,12.759092685077722,0.1,0.9211172475167776,1.1237541528239203,False,0.0170084480343111,0.0001752346899918,0.3135370997381289,2.635437556158937,True,1.0000000000000002,3,COBYLA,240,2207,1.4127457292647132,minimum_frozen_p2_objective_final_then_append_zero_gamma3_beta3,"[6.487422177937001, 4.489335658746522, 0.0, 2.4302172968027707, 0.09463589246260522, 0.0]","[7.490853898327808, 4.284472924966138, -0.38640382165528747, 2.4912614661764225, 0.07014632514862798, 0.09195374317373958]","[7.490853898327808, 4.284472924966138, -0.38640382165528747, 2.4912614661764225, 0.07014632514862798, 0.09195374317373958]",240,240,241,266.0954785225913,0.9829915519656888,0.9829915519656888,3,Return from COBYLA because the objective function has been evaluated MAXFUN times.,False,True,SUCCESS,,False,,,5ed3034be5800fc501893bfcd05423aa5bc6cd01c88acc190d885cfd8bf202e8,,normalized_mean_energy_H_C,False,306.04296875
objective-run-91a2aee078c42623bf19,PHASE1_2_OBJECTIVE_ALIGNMENT_AND_FEASIBILITY_CAPACITY_DIAGNOSTIC,task-v2-f5c9b9bdeb27,g-a87f1b9ac089cc45,v2-S5-b000-g-a87f1b9ac089cc45,S5,D7,19,4.719569917615643,1.9073486328125e-05,O3,CVAR_ENERGY,exact_weighted_lowest_energy_CVaR_alpha_0.10,EXACT_DISTRIBUTIONAL_ENERGY_CONTROL,1.04389221587851,0.8612195525790609,0.1826726632994491,1.3656898813470977,0.1172311841977849,1.0941573481826952,0.1543013489666168,1.248458697149312,0.0210535853442318,0.0063930526775634,0.3036562453869643,1103.814215295664,3.0428959827576123,12.64963923968497,0.1,0.8612195525790609,1.100498338870432,False,0.0210535853442318,8.892546759961539e-05,0.2695122824935462,2.6673269614737585,True,0.9999999999999988,3,COBYLA,240,2207,1.4127457292647132,minimum_frozen_p2_objective_final_then_append_zero_gamma3_beta3,"[6.487422177937001, 4.489335658746522, 0.0, 2.4302172968027707, 0.09463589246260522, 0.0]","[7.7354369422333065, 4.226093442818616, 0.7393059281454827, 2.443256689859819, 0.2690148487937475, -0.13764645622097135]","[7.7354369422333065, 4.226093442818616, 0.7393059281454827, 2.443256689859819, 0.2690148487937475, -0.13764645622097135]",240,240,241,301.696066422388,0.8612195525790609,0.8612195525790609,3,Return from COBYLA because the objective function has been evaluated MAXFUN times.,False,True,SUCCESS,,False,,,5ed3034be5800fc501893bfcd05423aa5bc6cd01c88acc190d885cfd8bf202e8,,normalized_mean_energy_H_C,False,305.78515625
objective-run-5ec28ab88b31ae3a29c1,PHASE1_2_OBJECTIVE_ALIGNMENT_AND_FEASIBILITY_CAPACITY_DIAGNOSTIC,task-v2-420d9636beee,g-e0c69f84d376b633,v2-S5-b001-g-e0c69f84d376b633,S5,D1,19,5.719569917615643,1.9073486328125e-06,O0,MEAN_ENERGY,E_theta[H_C],HISTORICAL_MEAN_ENERGY_BASELINE,1.6363143864257583,1.3891161659128797,0.2471982205128791,1.38911616591288,0.0469256329816789,1.0791544284481993,0.2630361044829988,1.3421905329311985,0.0027419387060167,0.0027419387060167,1.0,1437.5655603000923,3.1576276598502298,11.0,0.1,1.0153707166480848,1.0474806201550388,False,0.0027419387060167,0.0088123520755357,0.3449324716372169,2.6468417122447327,True,0.9999999999999988,3,COBYLA,240,1103,1.6363143864257583,minimum_frozen_p2_objective_final_then_append_zero_gamma3_beta3,"[4.612840705462802, 4.410757818983318, 0.0, 0.5539584149385368, -1.1370973824703121, 0.0]","[5.060991181073298, 5.5521247911459, 0.9945621568471439, 0.7877225702750411, -1.112016211074556, -0.1385417995921721]","[5.060991181073298, 5.5521247911459, 0.9945621568471439, 0.7877225702750411, -1.112016211074556, -0.1385417995921721]",240,240,241,244.25675628706813,1.3891161659128797,1.3891161659128797,3,Return from COBYLA because the objective function has been evaluated MAXFUN times.,False,True,SUCCESS,,True,results/phase1_1_optimization_diagnostic/p3_budget_scaling.csv,diag-run-a7a767ed8f61549ec340,5ed3034be5800fc501893bfcd05423aa5bc6cd01c88acc190d885cfd8bf202e8,bc0c3beeae21d5c1ff6d7feb5d6398a497f53f2e11df68b8435eae8d14e546bb,normalized_mean_energy_H_C,False,
objective-run-032b43fa3c74f50c56a5,PHASE1_2_OBJECTIVE_ALIGNMENT_AND_FEASIBILITY_CAPACITY_DIAGNOSTIC,task-v2-420d9636beee,g-e0c69f84d376b633,v2-S5-b001-g-e0c69f84d376b633,S5,D1,19,5.719569917615643,1.9073486328125e-06,O1,EXPECTED_PENALTY,E_theta[P_flow + P_resource],FEASIBILITY_ALIGNED_MECHANISTIC_OBJECTIVE_CONTROL,1.578429943726042,1.34648048967482,0.2319494540512219,1.395030791768516,0.048550302093696,1.0783244183442156,0.2681560713306045,1.34648048967482,0.0031859984242534,0.0031859984242534,1.0,1670.3807418550032,3.2228154742853405,11.0,0.1,1.0113073541602695,1.0474806201550388,False,0.0031859984242534,0.0135985599019253,0.3496664880990696,2.64077551662817,True,1.000000000000003,3,COBYLA,240,1103,1.6363143864257583,minimum_frozen_p2_objective_final_then_append_zero_gamma3_beta3,"[4.612840705462802, 4.410757818983318, 0.0, 0.5539584149385368, -1.1370973824703121, 0.0]","[5.0742545257975396, 5.288846859327249, 1.0898751249426577, 0.7772083020333421, -1.1264978536355976, -0.13869524300085528]","[5.0742545257975396, 5.288846859327249, 1.0898751249426577, 0.7772083020333421, -1.1264978536355976, -0.13869524300085528]",240,240,241,302.1560092102736,1.3464804896748204,1.3464804896748204,3,Return from COBYLA because the objective function has been evaluated MAXFUN times.,False,True,SUCCESS,,False,,,5ed3034be5800fc501893bfcd05423aa5bc6cd01c88acc190d885cfd8bf202e8,,normalized_mean_energy_H_C,False,306.0703125
objective-run-35835e5311c896502f33,PHASE1_2_OBJECTIVE_ALIGNMENT_AND_FEASIBILITY_CAPACITY_DIAGNOSTIC,task-v2-420d9636beee,g-e0c69f84d376b633,v2-S5-b001-g-e0c69f84d376b633,S5,D1,19,5.719569917615643,1.9073486328125e-06,O2,EXACT_FEASIBILITY_CONTROL,1 - P_feas(theta),STATEVECTOR_MECHANISTIC_CONTROL,0.9991165619965666,0.9932017263087216,0.0059148356878448,1.7467008609510568,0.0886806264831219,1.072166066658103,0.5858541678098311,1.658020234467934,0.0067982736912782,0.0067982736912782,1.0,3564.2533170529096,3.551968562449213,11.000000000000002,0.1,0.9826526248164632,1.059108527131783,False,0.0067982736912782,0.0046259558612009,0.6648185081592094,2.3147866707669555,True,1.000000000000002,3,COBYLA,240,1103,1.6363143864257583,minimum_frozen_p2_objective_final_then_append_zero_gamma3_beta3,"[4.612840705462802, 4.410757818983318, 0.0, 0.5539584149385368, -1.1370973824703121, 0.0]","[5.481001146277314, 4.41494291265572, 1.3998461346903017, 0.9067269690277182, -1.3535277327785327, -0.18762179960456082]","[5.481001146277314, 4.41494291265572, 1.3998461346903017, 0.9067269690277182, -1.3535277327785327, -0.18762179960456082]",240,240,241,268.4597423821688,0.9932017263087216,0.9932017263087216,3,Return from COBYLA because the objective function has been evaluated MAXFUN times.,False,True,SUCCESS,,False,,,5ed3034be5800fc501893bfcd05423aa5bc6cd01c88acc190d885cfd8bf202e8,,normalized_mean_energy_H_C,False,305.79296875
objective-run-af7c7cedb3895c17da0e,PHASE1_2_OBJECTIVE_ALIGNMENT_AND_FEASIBILITY_CAPACITY_DIAGNOSTIC,task-v2-420d9636beee,g-e0c69f84d376b633,v2-S5-b001-g-e0c69f84d376b633,S5,D1,19,5.719569917615643,1.9073486328125e-06,O3,CVAR_ENERGY,exact_weighted_lowest_energy_CVaR_alpha_0.10,EXACT_DISTRIBUTIONAL_ENERGY_CONTROL,1.0351713571438996,0.9917888198859168,0.0433825372579829,1.7980444304547718,0.0766502180864657,1.0548837333077852,0.6665104790605213,1.7213942123683066,0.0056470197806504,0.0056470197806504,1.0,2960.6647067576737,3.4713892266226303,11.0,0.1,0.9917888198859168,1.0533282109957902,False,0.0056470197806504,0.0031665329471536,0.7270412321489595,2.2560177085090887,True,0.9999999999999986,3,COBYLA,240,1103,1.6363143864257583,minimum_frozen_p2_objective_final_then_append_zero_gamma3_beta3,"[4.612840705462802, 4.410757818983318, 0.0, 0.5539584149385368, -1.1370973824703121, 0.0]","[4.968447812530956, 4.1660632696095385, 0.6498393930131328, -0.18136936590128394, -0.37433876155343626, -0.15274666684212157]","[4.968447812530956, 4.1660632696095385, 0.6498393930131328, -0.18136936590128394, -0.37433876155343626, -0.15274666684212157]",240,240,241,270.95572582352906,0.9917888198859168,0.9917888198859168,3,Return from COBYLA because the objective function has been evaluated MAXFUN times.,False,True,SUCCESS,,False,,,5ed3034be5800fc501893bfcd05423aa5bc6cd01c88acc190d885cfd8bf202e8,,normalized_mean_energy_H_C,False,306.12890625
objective-run-b636ca860629793431f3,PHASE1_2_OBJECTIVE_ALIGNMENT_AND_FEASIBILITY_CAPACITY_DIAGNOSTIC,task-v2-e449b07a1126,g-e0c69f84d376b633,v2-S5-b001-g-e0c69f84d376b633,S5,D2,19,5.418539921951662,3.814697265625e-06,O0,MEAN_ENERGY,E_theta[H_C],HISTORICAL_MEAN_ENERGY_BASELINE,1.5647111707147203,1.363695436745111,0.2010157339696094,1.3636954367451128,0.049417600266501,1.080412087500537,0.2338657489780763,1.3142778364786134,0.0041238800927455,0.0025883879299907,0.6276583876781596,1081.0504230326933,3.033845951061683,12.48936644928736,0.1,1.002532727036156,1.0474806201550388,False,0.0041238800927455,0.0138603343907382,0.3184017165713612,2.6692266431504024,True,0.9999999999999972,3,COBYLA,240,1103,1.5647111707147203,minimum_frozen_p2_objective_final_then_append_zero_gamma3_beta3,"[4.690231578889802, 4.3110646063551235, 0.0, 0.5706562313838119, -1.1416019197896545, 0.0]","[5.199294935628137, 5.234097379874099, 0.7301259846708804, 0.7604723036553851, -1.0968629099177185, -0.14605431107597416]","[5.199294935628137, 5.234097379874099, 0.7301259846708804, 0.7604723036553851, -1.0968629099177185, -0.14605431107597416]",240,240,241,250.2550336187705,1.363695436745111,1.363695436745111,3,Return from COBYLA because the objective function has been evaluated MAXFUN times.,False,True,SUCCESS,,True,results/phase1_1_optimization_diagnostic/p3_budget_scaling.csv,diag-run-79406703cfd2d6329c36,5ed3034be5800fc501893bfcd05423aa5bc6cd01c88acc190d885cfd8bf202e8,bc0c3beeae21d5c1ff6d7feb5d6398a497f53f2e11df68b8435eae8d14e546bb,normalized_mean_energy_H_C,False,
objective-run-ead2d5b8326e7b3e9312,PHASE1_2_OBJECTIVE_ALIGNMENT_AND_FEASIBILITY_CAPACITY_DIAGNOSTIC,task-v2-e449b07a1126,g-e0c69f84d376b633,v2-S5-b001-g-e0c69f84d376b633,S5,D2,19,5.418539921951662,3.814697265625e-06,O1,EXPECTED_PENALTY,E_theta[P_flow + P_resource],FEASIBILITY_ALIGNED_MECHANISTIC_OBJECTIVE_CONTROL,1.5052970128902154,1.3080607517307423,0.1972362611594729,1.3582403523430149,0.0501796006122745,1.079552118944305,0.2285086327864375,1.3080607517307423,0.0046023521906781,0.0028602904213787,0.6214844720428297,1206.4790126731305,3.0815197715332205,12.51406211182868,0.1,0.9981269292552104,1.0474806201550388,False,0.0046023521906781,0.0176468407439926,0.3126631039214176,2.673529839506548,True,1.0,3,COBYLA,240,1103,1.5647111707147203,minimum_frozen_p2_objective_final_then_append_zero_gamma3_beta3,"[4.690231578889802, 4.3110646063551235, 0.0, 0.5706562313838119, -1.1416019197896545, 0.0]","[5.064435123227448, 5.137092247954898, 0.8366993739722952, 0.7587499458249071, -1.1015260265831663, -0.13585097469479654]","[5.064435123227448, 5.137092247954898, 0.8366993739722952, 0.7587499458249071, -1.1015260265831663, -0.13585097469479654]",240,240,241,296.9480845956132,1.3080607517307394,1.3080607517307394,3,Return from COBYLA because the objective function has been evaluated MAXFUN times.,False,True,SUCCESS,,False,,,5ed3034be5800fc501893bfcd05423aa5bc6cd01c88acc190d885cfd8bf202e8,,normalized_mean_energy_H_C,False,305.8046875
objective-run-282c4add950c3e31c603,PHASE1_2_OBJECTIVE_ALIGNMENT_AND_FEASIBILITY_CAPACITY_DIAGNOSTIC,task-v2-e449b07a1126,g-e0c69f84d376b633,v2-S5-b001-g-e0c69f84d376b633,S5,D2,19,5.418539921951662,3.814697265625e-06,O2,EXACT_FEASIBILITY_CONTROL,1 - P_feas(theta),STATEVECTOR_MECHANISTIC_CONTROL,0.9984574628304114,0.988697522602624,0.0097599402277872,1.7187497485750882,0.0930604506578074,1.0713713916728298,0.554317906244451,1.6256892979172808,0.0113024773973758,0.0060192265270303,0.5325581565354766,2962.876634857708,3.471713569159454,12.869767373858094,0.1,0.9416504378577496,1.0707364341085273,False,0.0113024773973758,0.0021346632604402,0.636991775314654,2.329100792493218,True,1.0000000000000016,3,COBYLA,240,1103,1.5647111707147203,minimum_frozen_p2_objective_final_then_append_zero_gamma3_beta3,"[4.690231578889802, 4.3110646063551235, 0.0, 0.5706562313838119, -1.1416019197896545, 0.0]","[5.608446373494358, 4.235817763722854, 1.3357506480505486, 0.9238672067535092, -1.37431950730917, -0.18456340234142998]","[5.608446373494358, 4.235817763722854, 1.3357506480505486, 0.9238672067535092, -1.37431950730917, -0.18456340234142998]",240,240,241,264.6320709362626,0.988697522602624,0.988697522602624,3,Return from COBYLA because the objective function has been evaluated MAXFUN times.,False,True,SUCCESS,,False,,,5ed3034be5800fc501893bfcd05423aa5bc6cd01c88acc190d885cfd8bf202e8,,normalized_mean_energy_H_C,False,305.7890625
objective-run-03914190dba97ae60e54,PHASE1_2_OBJECTIVE_ALIGNMENT_AND_FEASIBILITY_CAPACITY_DIAGNOSTIC,task-v2-e449b07a1126,g-e0c69f84d376b633,v2-S5-b001-g-e0c69f84d376b633,S5,D2,19,5.418539921951662,3.814697265625e-06,O3,CVAR_ENERGY,exact_weighted_lowest_energy_CVaR_alpha_0.10,EXACT_DISTRIBUTIONAL_ENERGY_CONTROL,1.0293856389760698,0.9575436667114652,0.0718419722646046,1.7330660875206922,0.0780603675233671,1.0574403725116803,0.5975653474856434,1.655005719997324,0.0092153414780195,0.0052445735387714,0.5691133151474377,2415.746476413963,3.383051354753837,12.72354673941025,0.1,0.9575436667114652,1.059108527131783,False,0.0092153414780195,0.0002744211249915,0.6642210614753443,2.3081329140905966,True,1.0,3,COBYLA,240,1103,1.5647111707147203,minimum_frozen_p2_objective_final_then_append_zero_gamma3_beta3,"[4.690231578889802, 4.3110646063551235, 0.0, 0.5706562313838119, -1.1416019197896545, 0.0]","[4.858690458938334, 4.084316794742452, 0.7191478156156879, -0.13835298031399781, -0.39905526020195575, -0.15934416555865497]","[4.858690458938334, 4.084316794742452, 0.7191478156156879, -0.13835298031399781, -0.39905526020195575, -0.15934416555865497]",240,240,241,300.25741303991526,0.9575436667114652,0.9575436667114652,3,Return from COBYLA because the objective function has been evaluated MAXFUN times.,False,True,SUCCESS,,False,,,5ed3034be5800fc501893bfcd05423aa5bc6cd01c88acc190d885cfd8bf202e8,,normalized_mean_energy_H_C,False,305.9921875
objective-run-e9f9f2b42b463bed025b,PHASE1_2_OBJECTIVE_ALIGNMENT_AND_FEASIBILITY_CAPACITY_DIAGNOSTIC,task-v2-6e79cb6720c5,g-e0c69f84d376b633,v2-S5-b001-g-e0c69f84d376b633,S5,D3,19,5.24244866289598,5.7220458984375e-06,O0,MEAN_ENERGY,E_theta[H_C],HISTORICAL_MEAN_ENERGY_BASELINE,1.6020673986687362,1.361528530031022,0.2405388686377141,1.3615285300310238,0.0555501190061163,1.0773780249608524,0.228600386064054,1.3059784110249064,0.0081670058694931,0.0040289049445759,0.4933148094854976,1427.287724434942,3.154511530604915,12.791674941492746,0.1,0.9641202358972336,1.0474806201550388,False,0.0081670058694931,0.0241407816420557,0.3141454168943982,2.661353565497122,True,1.0000000000000022,3,COBYLA,240,3301,1.6020673986687362,minimum_frozen_p2_objective_final_then_append_zero_gamma3_beta3,"[4.851866199560048, 3.4288866659457335, 0.0, 3.589289051834762, -1.1049385472890896, 0.0]","[5.408665465853876, 4.369222863516737, 0.889954934995809, 3.8695363638024407, -1.1231730478589637, -0.15500775401716166]","[5.408665465853876, 4.369222863516737, 0.889954934995809, 3.8695363638024407, -1.1231730478589637, -0.15500775401716166]",240,240,241,254.40173166710883,1.361528530031022,1.361528530031022,3,Return from COBYLA because the objective function has been evaluated MAXFUN times.,False,True,SUCCESS,,True,results/phase1_1_optimization_diagnostic/p3_budget_scaling.csv,diag-run-d74f91756d9d110c0b41,5ed3034be5800fc501893bfcd05423aa5bc6cd01c88acc190d885cfd8bf202e8,bc0c3beeae21d5c1ff6d7feb5d6398a497f53f2e11df68b8435eae8d14e546bb,normalized_mean_energy_H_C,False,
objective-run-a5787cd52872e8cae290,PHASE1_2_OBJECTIVE_ALIGNMENT_AND_FEASIBILITY_CAPACITY_DIAGNOSTIC,task-v2-6e79cb6720c5,g-e0c69f84d376b633,v2-S5-b001-g-e0c69f84d376b633,S5,D3,19,5.24244866289598,5.7220458984375e-06,O1,EXPECTED_PENALTY,E_theta[P_flow + P_resource],FEASIBILITY_ALIGNED_MECHANISTIC_OBJECTIVE_CONTROL,1.5343052334900185,1.300184948597511,0.2341202848925074,1.356365450971328,0.0561805023738166,1.0763324204962794,0.2238525281012315,1.300184948597511,0.0084934245898748,0.0042155338861571,0.4963291121913996,1484.333530458761,3.171531498087608,12.783111902622972,0.1,0.9611875978922212,1.053294573643411,False,0.0084934245898748,0.0006608858589515,0.3086783731873864,2.665841353042989,True,0.9999999999999992,3,COBYLA,240,3301,1.6020673986687362,minimum_frozen_p2_objective_final_then_append_zero_gamma3_beta3,"[4.851866199560048, 3.4288866659457335, 0.0, 3.589289051834762, -1.1049385472890896, 0.0]","[5.203695553259544, 4.369807051114309, 0.9611128692734398, 3.875352517309071, -1.1106280384415688, -0.15411869800693803]","[5.203695553259544, 4.369807051114309, 0.9611128692734398, 3.875352517309071, -1.1106280384415688, -0.15411869800693803]",240,240,241,292.7614536639303,1.30018494859751,1.30018494859751,3,Return from COBYLA because the objective function has been evaluated MAXFUN times.,False,True,SUCCESS,,False,,,5ed3034be5800fc501893bfcd05423aa5bc6cd01c88acc190d885cfd8bf202e8,,normalized_mean_energy_H_C,False,306.04296875
objective-run-de148e1abc78d03b3ee6,PHASE1_2_OBJECTIVE_ALIGNMENT_AND_FEASIBILITY_CAPACITY_DIAGNOSTIC,task-v2-6e79cb6720c5,g-e0c69f84d376b633,v2-S5-b001-g-e0c69f84d376b633,S5,D3,19,5.24244866289598,5.7220458984375e-06,O2,EXACT_FEASIBILITY_CONTROL,1 - P_feas(theta),STATEVECTOR_MECHANISTIC_CONTROL,0.9976684015831904,0.9834017234508656,0.0142666781323248,1.617063135204257,0.0879782162687821,1.0669778618408603,0.4621070570946162,1.5290849189354765,0.0165982765491345,0.0074381070558841,0.4481252637203443,2900.759071797546,3.462511659125304,12.926210461732712,0.1,0.8886136609774872,1.0649224806201552,False,0.0165982765491344,0.002763157152261,0.5456831954846068,2.40452197486799,True,1.0000000000000018,3,COBYLA,240,3301,1.6020673986687362,minimum_frozen_p2_objective_final_then_append_zero_gamma3_beta3,"[4.851866199560048, 3.4288866659457335, 0.0, 3.589289051834762, -1.1049385472890896, 0.0]","[6.023418552606333, 3.421262709468663, 1.2964940948820187, 4.047106860279852, -1.3783178169794004, -0.18615447371886418]","[6.023418552606333, 3.421262709468663, 1.2964940948820187, 4.047106860279852, -1.3783178169794004, -0.18615447371886418]",240,240,241,263.93651679717004,0.9834017234508656,0.9834017234508656,3,Return from COBYLA because the objective function has been evaluated MAXFUN times.,False,True,SUCCESS,,False,,,5ed3034be5800fc501893bfcd05423aa5bc6cd01c88acc190d885cfd8bf202e8,,normalized_mean_energy_H_C,False,305.79296875
objective-run-703688ef9b7f544bfd4d,PHASE1_2_OBJECTIVE_ALIGNMENT_AND_FEASIBILITY_CAPACITY_DIAGNOSTIC,task-v2-6e79cb6720c5,g-e0c69f84d376b633,v2-S5-b001-g-e0c69f84d376b633,S5,D3,19,5.24244866289598,5.7220458984375e-06,O3,CVAR_ENERGY,exact_weighted_lowest_energy_CVaR_alpha_0.10,EXACT_DISTRIBUTIONAL_ENERGY_CONTROL,1.0234828927506403,0.9209524941864272,0.1025303985642132,1.67659395878716,0.0791490114402916,1.0610781237625266,0.5363668235843423,1.5974449473468688,0.0130237121172822,0.0053200992600532,0.4084933091383027,2276.058659515222,3.3571834506823865,13.043301291409932,0.1,0.9209524941864272,1.059108527131783,False,0.0130237121172822,0.00285716576176,0.6104686594641497,2.3504602041840035,True,1.0000000000000009,3,COBYLA,240,3301,1.6020673986687362,minimum_frozen_p2_objective_final_then_append_zero_gamma3_beta3,"[4.851866199560048, 3.4288866659457335, 0.0, 3.589289051834762, -1.1049385472890896, 0.0]","[5.2487698643973335, 3.257631493367636, 0.7442880324773646, 3.0771474730479005, -0.45360948881020785, -0.15720675158806385]","[5.2487698643973335, 3.257631493367636, 0.7442880324773646, 3.0771474730479005, -0.45360948881020785, -0.15720675158806385]",240,240,241,273.00713595189154,0.9209524941864272,0.9209524941864272,3,Return from COBYLA because the objective function has been evaluated MAXFUN times.,False,True,SUCCESS,,False,,,5ed3034be5800fc501893bfcd05423aa5bc6cd01c88acc190d885cfd8bf202e8,,normalized_mean_energy_H_C,False,305.78515625
objective-run-0c21331c04e17bd6c06c,PHASE1_2_OBJECTIVE_ALIGNMENT_AND_FEASIBILITY_CAPACITY_DIAGNOSTIC,task-v2-526a936f38d9,g-e0c69f84d376b633,v2-S5-b001-g-e0c69f84d376b633,S5,D4,19,5.11750992628768,7.62939453125e-06,O0,MEAN_ENERGY,E_theta[H_C],HISTORICAL_MEAN_ENERGY_BASELINE,1.5713309703445288,1.330573884077356,0.2407570862671728,1.3305738840773542,0.0538616887239484,1.078505045748018,0.1982071496053868,1.2767121953534049,0.0085917784394414,0.0019401910745547,0.2258194957225746,1126.1415836144647,3.0515929954149645,11.870693831851796,0.1,0.9595096789498064,1.0474806201550388,False,0.0085917784394414,0.0237347455335796,0.2853039737928464,2.688920690888829,True,1.000000000000001,3,COBYLA,240,1103,1.5713309703445288,minimum_frozen_p2_objective_final_then_append_zero_gamma3_beta3,"[4.546961637857658, 3.7207730821589418, 0.0, 0.4932665102013446, -1.1240530393861021, 0.0]","[5.147528076473478, 4.791024064267474, 0.8072621389515645, 0.7438695977652581, -1.1038273236063905, -0.14792353883883952]","[5.147528076473478, 4.791024064267474, 0.8072621389515645, 0.7438695977652581, -1.1038273236063905, -0.14792353883883952]",240,240,241,250.3626592978835,1.330573884077356,1.330573884077356,3,Return from COBYLA because the objective function has been evaluated MAXFUN times.,False,True,SUCCESS,,True,results/phase1_1_optimization_diagnostic/p3_budget_scaling.csv,diag-run-7727a617459d3a3baa8d,5ed3034be5800fc501893bfcd05423aa5bc6cd01c88acc190d885cfd8bf202e8,bc0c3beeae21d5c1ff6d7feb5d6398a497f53f2e11df68b8435eae8d14e546bb,normalized_mean_energy_H_C,False,
objective-run-5dd603747e23e7723a69,PHASE1_2_OBJECTIVE_ALIGNMENT_AND_FEASIBILITY_CAPACITY_DIAGNOSTIC,task-v2-526a936f38d9,g-e0c69f84d376b633,v2-S5-b001-g-e0c69f84d376b633,S5,D4,19,5.11750992628768,7.62939453125e-06,O1,EXPECTED_PENALTY,E_theta[P_flow + P_resource],FEASIBILITY_ALIGNED_MECHANISTIC_OBJECTIVE_CONTROL,1.5035080969365644,1.2757602742472145,0.2277478226893499,1.3300107747043983,0.0542505004571832,1.0781951429791894,0.1975651312680251,1.2757602742472145,0.0087623436685623,0.0019742828707541,0.2253144758333893,1148.497909325802,3.0601302089615245,11.87179189329843,0.1,0.9579396222197673,1.053294573643411,False,0.0087623436685623,0.0001632252849374,0.2845226179157766,2.6891903510785364,True,0.9999999999999992,3,COBYLA,240,1103,1.5713309703445288,minimum_frozen_p2_objective_final_then_append_zero_gamma3_beta3,"[4.546961637857658, 3.7207730821589418, 0.0, 0.4932665102013446, -1.1240530393861021, 0.0]","[5.050220170342352, 4.7616449859368135, 0.825719405074349, 0.7436248267220653, -1.0958507671444357, -0.14869984305278103]","[5.050220170342352, 4.7616449859368135, 0.825719405074349, 0.7436248267220653, -1.0958507671444357, -0.14869984305278103]",240,240,241,292.336449126713,1.2757602742472132,1.2757602742472132,3,Return from COBYLA because the objective function has been evaluated MAXFUN times.,False,True,SUCCESS,,False,,,5ed3034be5800fc501893bfcd05423aa5bc6cd01c88acc190d885cfd8bf202e8,,normalized_mean_energy_H_C,False,306.1328125
objective-run-2d1cc87b7a8a2c4bc14e,PHASE1_2_OBJECTIVE_ALIGNMENT_AND_FEASIBILITY_CAPACITY_DIAGNOSTIC,task-v2-526a936f38d9,g-e0c69f84d376b633,v2-S5-b001-g-e0c69f84d376b633,S5,D4,19,5.11750992628768,7.62939453125e-06,O2,EXACT_FEASIBILITY_CONTROL,1 - P_feas(theta),STATEVECTOR_MECHANISTIC_CONTROL,0.997173095671853,0.9798891117966664,0.0172839838751865,1.6179327284975369,0.0911577043230269,1.07003268874647,0.4567423354280402,1.5267750241745102,0.0201108882033335,0.0045777902296618,0.2276274515266318,2635.9743385873394,3.420941178052411,11.98851207729498,0.1,0.8558068719677667,1.0707364341085273,False,0.0201108882033336,0.0041392183251716,0.5468859123778482,2.392781423012151,True,0.9999999999999978,3,COBYLA,240,1103,1.5713309703445288,minimum_frozen_p2_objective_final_then_append_zero_gamma3_beta3,"[4.546961637857658, 3.7207730821589418, 0.0, 0.4932665102013446, -1.1240530393861021, 0.0]","[5.580685591514595, 3.7581594779955507, 1.3060949063630065, 0.9042193361461017, -1.3578602275851577, -0.18362657171093968]","[5.580685591514595, 3.7581594779955507, 1.3060949063630065, 0.9042193361461017, -1.3578602275851577, -0.18362657171093968]",240,240,241,291.513515509665,0.9798891117966664,0.9798891117966664,3,Return from COBYLA because the objective function has been evaluated MAXFUN times.,False,True,SUCCESS,,False,,,5ed3034be5800fc501893bfcd05423aa5bc6cd01c88acc190d885cfd8bf202e8,,normalized_mean_energy_H_C,False,306.0703125
objective-run-a5dc6c75c7ce4b75c339,PHASE1_2_OBJECTIVE_ALIGNMENT_AND_FEASIBILITY_CAPACITY_DIAGNOSTIC,task-v2-526a936f38d9,g-e0c69f84d376b633,v2-S5-b001-g-e0c69f84d376b633,S5,D4,19,5.11750992628768,7.62939453125e-06,O3,CVAR_ENERGY,exact_weighted_lowest_energy_CVaR_alpha_0.10,EXACT_DISTRIBUTIONAL_ENERGY_CONTROL,1.0186688444221803,0.8634462955969452,0.1552225488252351,1.6649647186953571,0.0796359392587091,1.0566300487185574,0.528698730718092,1.5853287794366495,0.0187952675355513,0.0055656910591503,0.2961219386009173,2463.5333064197885,3.391558438214965,11.84879077842933,0.1,0.8634462955969452,1.059108527131783,False,0.0187952675355513,0.0032953266912331,0.6041240469721978,2.339490150421148,True,1.0000000000000009,3,COBYLA,240,1103,1.5713309703445288,minimum_frozen_p2_objective_final_then_append_zero_gamma3_beta3,"[4.546961637857658, 3.7207730821589418, 0.0, 0.4932665102013446, -1.1240530393861021, 0.0]","[5.056383200232621, 4.068976422273103, 0.7267074062063008, -0.15891885659185956, -0.38066807205324776, -0.15783722425035374]","[5.056383200232621, 4.068976422273103, 0.7267074062063008, -0.15891885659185956, -0.38066807205324776, -0.15783722425035374]",240,240,241,298.18834901228547,0.8634462955969452,0.8634462955969452,3,Return from COBYLA because the objective function has been evaluated MAXFUN times.,False,True,SUCCESS,,False,,,5ed3034be5800fc501893bfcd05423aa5bc6cd01c88acc190d885cfd8bf202e8,,normalized_mean_energy_H_C,False,305.7890625
objective-run-f8021788111a5bf071a7,PHASE1_2_OBJECTIVE_ALIGNMENT_AND_FEASIBILITY_CAPACITY_DIAGNOSTIC,task-v2-89b7591232ff,g-e0c69f84d376b633,v2-S5-b001-g-e0c69f84d376b633,S5,D5,19,4.941418667231999,1.1444091796875e-05,O0,MEAN_ENERGY,E_theta[H_C],HISTORICAL_MEAN_ENERGY_BASELINE,1.3848332393466691,1.2687733349748973,0.1160599043717718,1.268773334974891,0.0489256060074443,1.0826328124109936,0.1372149165564552,1.219847728967449,0.003799750597295,0.000178994734674,0.0471069692841205,332.0272735257729,2.5211737591716687,11.725235650369545,0.1,1.0057487833573755,1.0474806201550388,False,0.003799750597295,0.0184480845963086,0.223647479564742,2.7649532686433727,True,1.0,3,COBYLA,240,1103,1.3848332393466691,minimum_frozen_p2_objective_final_then_append_zero_gamma3_beta3,"[4.124730436373567, 5.435781119745411, 0.0, 0.668255002243609, -1.1079747454416848, 0.0]","[4.668888394011291, 6.194074922208598, 0.7112484860790628, 0.8246212236263963, -1.0714436545743002, -0.11621030040325023]","[4.668888394011291, 6.194074922208598, 0.7112484860790628, 0.8246212236263963, -1.0714436545743002, -0.11621030040325023]",240,240,241,205.05559334065765,1.2687733349748973,1.2687733349748973,3,Return from COBYLA because the objective function has been evaluated MAXFUN times.,False,True,SUCCESS,,True,results/phase1_1_optimization_diagnostic/p3_budget_scaling.csv,diag-run-f1844358056a6557bb66,5ed3034be5800fc501893bfcd05423aa5bc6cd01c88acc190d885cfd8bf202e8,bc0c3beeae21d5c1ff6d7feb5d6398a497f53f2e11df68b8435eae8d14e546bb,normalized_mean_energy_H_C,False,
objective-run-d33eb3f25af51c72b2c2,PHASE1_2_OBJECTIVE_ALIGNMENT_AND_FEASIBILITY_CAPACITY_DIAGNOSTIC,task-v2-89b7591232ff,g-e0c69f84d376b633,v2-S5-b001-g-e0c69f84d376b633,S5,D5,19,4.941418667231999,1.1444091796875e-05,O1,EXPECTED_PENALTY,E_theta[P_flow + P_resource],FEASIBILITY_ALIGNED_MECHANISTIC_OBJECTIVE_CONTROL,1.329721388527998,1.232472401797789,0.0972489867302088,1.2807783780363071,0.0483059762385175,1.0834163924116975,0.1490560093860914,1.232472401797789,0.0028725750877097,0.0001196219237169,0.041642749123848,251.0094412641964,2.399690056986334,11.729522187288492,0.1,1.0145670063133867,1.0474806201550388,False,0.0028725750877097,0.0148616119123075,0.2353449768854999,2.7560372978513707,True,0.9999999999999996,3,COBYLA,240,1103,1.3848332393466691,minimum_frozen_p2_objective_final_then_append_zero_gamma3_beta3,"[4.124730436373567, 5.435781119745411, 0.0, 0.668255002243609, -1.1079747454416848, 0.0]","[4.739148091639732, 6.1734680405419295, 0.4515350256185486, 0.808960088796797, -1.0441426684020838, -0.13790256903753212]","[4.739148091639732, 6.1734680405419295, 0.4515350256185486, 0.808960088796797, -1.0441426684020838, -0.13790256903753212]",240,240,241,294.3811397040263,1.2324724017977893,1.2324724017977893,3,Return from COBYLA because the objective function has been evaluated MAXFUN times.,False,True,SUCCESS,,False,,,5ed3034be5800fc501893bfcd05423aa5bc6cd01c88acc190d885cfd8bf202e8,,normalized_mean_energy_H_C,False,305.80859375
objective-run-eebc055a8defdd5946c0,PHASE1_2_OBJECTIVE_ALIGNMENT_AND_FEASIBILITY_CAPACITY_DIAGNOSTIC,task-v2-89b7591232ff,g-e0c69f84d376b633,v2-S5-b001-g-e0c69f84d376b633,S5,D5,19,4.941418667231999,1.1444091796875e-05,O2,EXACT_FEASIBILITY_CONTROL,1 - P_feas(theta),STATEVECTOR_MECHANISTIC_CONTROL,0.9975021538555868,0.9714996695356644,0.0260024843199224,1.5982153643204655,0.0966700054208335,1.0679920486206145,0.4335533102790174,1.501545358899632,0.0285003304643355,0.0050333392489826,0.1766063469081949,2490.396876414261,3.396268562959995,11.522738626964182,0.1,0.7788765654752869,1.0823643410852717,False,0.0285003304643354,0.0029147299150082,0.5300456893639609,2.3844533192430326,True,1.0000000000000036,3,COBYLA,240,1103,1.3848332393466691,minimum_frozen_p2_objective_final_then_append_zero_gamma3_beta3,"[4.124730436373567, 5.435781119745411, 0.0, 0.668255002243609, -1.1079747454416848, 0.0]","[5.280046414982511, 5.558844940206511, 1.4021610749223004, 0.9540310031743283, -1.3596311987199188, -0.18401584396689813]","[5.280046414982511, 5.558844940206511, 1.4021610749223004, 0.9540310031743283, -1.3596311987199188, -0.18401584396689813]",240,240,241,292.6718262024224,0.9714996695356644,0.9714996695356644,3,Return from COBYLA because the objective function has been evaluated MAXFUN times.,False,True,SUCCESS,,False,,,5ed3034be5800fc501893bfcd05423aa5bc6cd01c88acc190d885cfd8bf202e8,,normalized_mean_energy_H_C,False,305.99609375
objective-run-bfb7ad91a429b3ebdd1e,PHASE1_2_OBJECTIVE_ALIGNMENT_AND_FEASIBILITY_CAPACITY_DIAGNOSTIC,task-v2-89b7591232ff,g-e0c69f84d376b633,v2-S5-b001-g-e0c69f84d376b633,S5,D5,19,4.941418667231999,1.1444091796875e-05,O3,CVAR_ENERGY,exact_weighted_lowest_energy_CVaR_alpha_0.10,EXACT_DISTRIBUTIONAL_ENERGY_CONTROL,1.019215074354087,0.5074554078132494,0.5117596665408377,1.6394642278526488,0.0981878175117162,1.024854951881506,0.5164214584594247,1.5412764103409309,0.0554155068873643,0.0114009936267616,0.2057365215468464,4842.280879160414,3.6850499773261807,11.32311703747823,0.1,0.5074554078132494,1.0707364341085273,False,0.0554155068873644,0.0046489442428066,0.596691917228299,2.2370615621096075,True,0.999999999999998,3,COBYLA,240,1103,1.3848332393466691,minimum_frozen_p2_objective_final_then_append_zero_gamma3_beta3,"[4.124730436373567, 5.435781119745411, 0.0, 0.668255002243609, -1.1079747454416848, 0.0]","[4.863277766831577, 5.698231657131796, -1.263737335793139, -0.2870546206182279, -0.4335536813160431, 0.1620845136976793]","[4.863277766831577, 5.698231657131796, -1.263737335793139, -0.2870546206182279, -0.4335536813160431, 0.1620845136976793]",240,240,241,266.63002446852624,0.5074554078132494,0.5074554078132494,3,Return from COBYLA because the objective function has been evaluated MAXFUN times.,False,True,SUCCESS,,False,,,5ed3034be5800fc501893bfcd05423aa5bc6cd01c88acc190d885cfd8bf202e8,,normalized_mean_energy_H_C,False,305.79296875
objective-run-7ab81390075aff450fe4,PHASE1_2_OBJECTIVE_ALIGNMENT_AND_FEASIBILITY_CAPACITY_DIAGNOSTIC,task-v2-5f165c277bb9,g-e0c69f84d376b633,v2-S5-b001-g-e0c69f84d376b633,S5,D6,19,4.816479930623699,1.52587890625e-05,O0,MEAN_ENERGY,E_theta[H_C],HISTORICAL_MEAN_ENERGY_BASELINE,1.4855773001892705,1.420560803378169,0.0650164968111015,1.4205608033781707,0.0774661368995642,1.081946504817339,0.2611481616612674,1.3430946664786063,0.020188779998005,0.0042341319864423,0.2097269863191727,1323.0918859492576,3.1215900060733786,12.22780745238078,0.1,0.8500395541364814,1.053294573643411,False,0.020188779998005,0.0293215123854375,0.3632834464766129,2.576150213529372,True,0.999999999999999,3,COBYLA,240,3301,1.4855773001892705,minimum_frozen_p2_objective_final_then_append_zero_gamma3_beta3,"[4.476824248759472, 3.5317757914776675, 0.0, 3.1776539669668233, -0.7687144975486355, 0.0]","[4.942783030319368, 3.408516173121372, 0.4854839834605547, 3.129434937029976, -0.5446803509307137, -0.18203513087096082]","[4.942783030319368, 3.408516173121372, 0.4854839834605547, 3.129434937029976, -0.5446803509307137, -0.18203513087096082]",240,240,241,250.7514128126204,1.420560803378169,1.420560803378169,3,Return from COBYLA because the objective function has been evaluated MAXFUN times.,False,True,SUCCESS,,True,results/phase1_1_optimization_diagnostic/p3_budget_scaling.csv,diag-run-44361e65359840b82054,5ed3034be5800fc501893bfcd05423aa5bc6cd01c88acc190d885cfd8bf202e8,bc0c3beeae21d5c1ff6d7feb5d6398a497f53f2e11df68b8435eae8d14e546bb,normalized_mean_energy_H_C,False,
objective-run-9214c39539022853e71d,PHASE1_2_OBJECTIVE_ALIGNMENT_AND_FEASIBILITY_CAPACITY_DIAGNOSTIC,task-v2-5f165c277bb9,g-e0c69f84d376b633,v2-S5-b001-g-e0c69f84d376b633,S5,D6,19,4.816479930623699,1.52587890625e-05,O1,EXPECTED_PENALTY,E_theta[P_flow + P_resource],FEASIBILITY_ALIGNED_MECHANISTIC_OBJECTIVE_CONTROL,1.403215787768236,1.3348713685536384,0.0683444192145974,1.413240608116866,0.0783692395632291,1.0860994403139883,0.2487719282396499,1.3348713685536384,0.0164474203389556,0.0034284446089012,0.2084487742300196,1077.8981393337986,3.0325777222464554,11.997703591076808,0.1,0.8875330009513017,1.059108527131783,False,0.0164474203389557,0.0010695525642222,0.3513187888925968,2.599338950090536,True,0.9999999999999978,3,COBYLA,240,3301,1.4855773001892705,minimum_frozen_p2_objective_final_then_append_zero_gamma3_beta3,"[4.476824248759472, 3.5317757914776675, 0.0, 3.1776539669668233, -0.7687144975486355, 0.0]","[4.843218988533935, 3.3366085877776315, -0.6537096081936737, 3.146230374508267, -0.8722095038388057, 0.15542290187933447]","[4.843218988533935, 3.3366085877776315, -0.6537096081936737, 3.146230374508267, -0.8722095038388057, 0.15542290187933447]",240,240,241,282.46909183077514,1.334871368553638,1.334871368553638,3,Return from COBYLA because the objective function has been evaluated MAXFUN times.,False,True,SUCCESS,,False,,,5ed3034be5800fc501893bfcd05423aa5bc6cd01c88acc190d885cfd8bf202e8,,normalized_mean_energy_H_C,False,306.04296875
objective-run-9f1487430666ca64e182,PHASE1_2_OBJECTIVE_ALIGNMENT_AND_FEASIBILITY_CAPACITY_DIAGNOSTIC,task-v2-5f165c277bb9,g-e0c69f84d376b633,v2-S5-b001-g-e0c69f84d376b633,S5,D6,19,4.816479930623699,1.52587890625e-05,O2,EXACT_FEASIBILITY_CONTROL,1 - P_feas(theta),STATEVECTOR_MECHANISTIC_CONTROL,0.9909018399081776,0.9714196760129804,0.019482163895197,1.4844027830239233,0.0856998824731711,1.0618501551055202,0.3368527454452301,1.3987029005507503,0.0285803239870196,0.0054981834847428,0.1923765275453131,1873.040112813317,3.2725470782758967,12.477489038633005,0.1,0.769330793701803,1.059108527131783,False,0.0285803239870196,0.0062447992654372,0.4272832245377721,2.486975803501169,True,0.9999999999999996,3,COBYLA,240,3301,1.4855773001892705,minimum_frozen_p2_objective_final_then_append_zero_gamma3_beta3,"[4.476824248759472, 3.5317757914776675, 0.0, 3.1776539669668233, -0.7687144975486355, 0.0]","[4.96320271844125, 4.113996208853833, 0.7758761687910317, 3.0688039045032323, -0.44680458855733984, -0.14571311906742582]","[4.96320271844125, 4.113996208853833, 0.7758761687910317, 3.0688039045032323, -0.44680458855733984, -0.14571311906742582]",240,240,241,253.4105167491361,0.9714196760129804,0.9714196760129804,3,Return from COBYLA because the objective function has been evaluated MAXFUN times.,False,True,SUCCESS,,False,,,5ed3034be5800fc501893bfcd05423aa5bc6cd01c88acc190d885cfd8bf202e8,,normalized_mean_energy_H_C,False,305.78515625
objective-run-c57f57a6c20d73060de6,PHASE1_2_OBJECTIVE_ALIGNMENT_AND_FEASIBILITY_CAPACITY_DIAGNOSTIC,task-v2-5f165c277bb9,g-e0c69f84d376b633,v2-S5-b001-g-e0c69f84d376b633,S5,D6,19,4.816479930623699,1.52587890625e-05,O3,CVAR_ENERGY,exact_weighted_lowest_energy_CVaR_alpha_0.10,EXACT_DISTRIBUTIONAL_ENERGY_CONTROL,0.9607476128918712,0.773435525832708,0.1873120870591632,1.4791976384653205,0.0847455474414981,1.0632484816398262,0.3312036093839961,1.3944520910238225,0.0281107995372971,0.0054909974878031,0.1953340914589701,1842.2693584763067,3.2653531287639788,12.444164956225393,0.1,0.773435525832708,1.059108527131783,False,0.0281107995372971,0.0028565232136578,0.4225628905611183,2.4931047108269904,True,1.000000000000001,3,COBYLA,240,3301,1.4855773001892705,minimum_frozen_p2_objective_final_then_append_zero_gamma3_beta3,"[4.476824248759472, 3.5317757914776675, 0.0, 3.1776539669668233, -0.7687144975486355, 0.0]","[5.108641472635687, 4.003723829635775, 0.7168573658836759, 3.07187799505612, -0.4516043364543805, -0.1484932943387187]","[5.108641472635687, 4.003723829635775, 0.7168573658836759, 3.07187799505612, -0.4516043364543805, -0.1484932943387187]",240,240,241,246.0271657528356,0.773435525832708,0.773435525832708,3,Return from COBYLA because the objective function has been evaluated MAXFUN times.,False,True,SUCCESS,,False,,,5ed3034be5800fc501893bfcd05423aa5bc6cd01c88acc190d885cfd8bf202e8,,normalized_mean_energy_H_C,False,306.1328125
objective-run-ea3a80232f3fd7d95f81,PHASE1_2_OBJECTIVE_ALIGNMENT_AND_FEASIBILITY_CAPACITY_DIAGNOSTIC,task-v2-780e1209d403,g-e0c69f84d376b633,v2-S5-b001-g-e0c69f84d376b633,S5,D7,19,4.640388671568018,2.288818359375e-05,O0,MEAN_ENERGY,E_theta[H_C],HISTORICAL_MEAN_ENERGY_BASELINE,1.6284727185750805,1.3417466995437572,0.2867260190313232,1.341746699543756,0.1270944836347578,1.1057451864368828,0.1089070294721156,1.2146522159089983,0.0228961630102509,0.0033454919614831,0.14611583434243,1000.3486260265378,3.000151379973607,13.386747503659828,0.1,0.8684547275808613,1.1346899224806202,False,0.0228961630102509,7.961251779058098e-05,0.2375483789192486,2.693763132049998,True,1.0000000000000004,3,COBYLA,240,2207,1.6284727185750805,minimum_frozen_p2_objective_final_then_append_zero_gamma3_beta3,"[5.145699043434732, 3.9675356700938718, 0.0, 2.414351374012279, 0.0903440502029396, 0.0]","[6.32541963339676, 4.41653600779842, 0.20545737775705494, 2.443850878001212, 0.2574298522769602, -0.16508970917846622]","[6.32541963339676, 4.41653600779842, 0.20545737775705494, 2.443850878001212, 0.2574298522769602, -0.16508970917846622]",240,240,241,257.36640061158687,1.3417466995437572,1.3417466995437572,3,Return from COBYLA because the objective function has been evaluated MAXFUN times.,False,True,SUCCESS,,True,results/phase1_1_optimization_diagnostic/p3_budget_scaling.csv,diag-run-6cc420ed3f4992fe8e25,5ed3034be5800fc501893bfcd05423aa5bc6cd01c88acc190d885cfd8bf202e8,bc0c3beeae21d5c1ff6d7feb5d6398a497f53f2e11df68b8435eae8d14e546bb,normalized_mean_energy_H_C,False,
objective-run-150e4a8aa80216ef8f9e,PHASE1_2_OBJECTIVE_ALIGNMENT_AND_FEASIBILITY_CAPACITY_DIAGNOSTIC,task-v2-780e1209d403,g-e0c69f84d376b633,v2-S5-b001-g-e0c69f84d376b633,S5,D7,19,4.640388671568018,2.288818359375e-05,O1,EXPECTED_PENALTY,E_theta[P_flow + P_resource],FEASIBILITY_ALIGNED_MECHANISTIC_OBJECTIVE_CONTROL,1.4679642003186897,1.2322043621436802,0.2357598381750094,1.3621579424544403,0.1299535803107602,1.1104577145848211,0.121746647558859,1.2322043621436802,0.0194307556818736,0.0028068797208355,0.1444555099549728,848.9426695781818,2.9288783626508645,13.378199682708235,0.1,0.9071164847059904,1.135658914728682,False,0.0194307556818736,0.0005202131421422,0.2516351178255552,2.690072615128824,True,0.9999999999999992,3,COBYLA,240,2207,1.6284727185750805,minimum_frozen_p2_objective_final_then_append_zero_gamma3_beta3,"[5.145699043434732, 3.9675356700938718, 0.0, 2.414351374012279, 0.0903440502029396, 0.0]","[6.333249478651736, 4.433784542621312, 0.02138251881051956, 2.4546816018937547, 0.13052740937126767, -0.04301695512596266]","[6.333249478651736, 4.433784542621312, 0.02138251881051956, 2.4546816018937547, 0.13052740937126767, -0.04301695512596266]",240,240,241,255.78272911719975,1.232204362143681,1.232204362143681,3,Return from COBYLA because the objective function has been evaluated MAXFUN times.,False,True,SUCCESS,,False,,,5ed3034be5800fc501893bfcd05423aa5bc6cd01c88acc190d885cfd8bf202e8,,normalized_mean_energy_H_C,False,306.07421875
objective-run-573816637f822344fcc8,PHASE1_2_OBJECTIVE_ALIGNMENT_AND_FEASIBILITY_CAPACITY_DIAGNOSTIC,task-v2-780e1209d403,g-e0c69f84d376b633,v2-S5-b001-g-e0c69f84d376b633,S5,D7,19,4.640388671568018,2.288818359375e-05,O2,EXACT_FEASIBILITY_CONTROL,1 - P_feas(theta),STATEVECTOR_MECHANISTIC_CONTROL,0.9898113223299304,0.9597272260470456,0.0300840962828848,1.469684658153901,0.142518251408083,1.0919181950592272,0.2352482116865901,1.327166406745817,0.0402727739529543,0.0059837875683531,0.1485814604015922,1759.5443425205442,3.245400216024479,13.291612092931109,0.1,0.6995232897134024,1.1463178294573644,False,0.0402727739529544,1.220087979283968e-05,0.3674391806987744,2.511742497442362,True,0.9999999999999982,3,COBYLA,240,2207,1.6284727185750805,minimum_frozen_p2_objective_final_then_append_zero_gamma3_beta3,"[5.145699043434732, 3.9675356700938718, 0.0, 2.414351374012279, 0.0903440502029396, 0.0]","[6.930879246514048, 4.040468997917973, -0.7770449089565264, 2.4832929710465814, 0.1090587370709429, 0.09357597413096086]","[6.930879246514048, 4.040468997917973, -0.7770449089565264, 2.4832929710465814, 0.1090587370709429, 0.09357597413096086]",240,240,241,235.1020535454154,0.9597272260470456,0.9597272260470456,3,Return from COBYLA because the objective function has been evaluated MAXFUN times.,False,True,SUCCESS,,False,,,5ed3034be5800fc501893bfcd05423aa5bc6cd01c88acc190d885cfd8bf202e8,,normalized_mean_energy_H_C,False,305.80078125
objective-run-1a26ffc80fcd9e64adfc,PHASE1_2_OBJECTIVE_ALIGNMENT_AND_FEASIBILITY_CAPACITY_DIAGNOSTIC,task-v2-780e1209d403,g-e0c69f84d376b633,v2-S5-b001-g-e0c69f84d376b633,S5,D7,19,4.640388671568018,2.288818359375e-05,O3,CVAR_ENERGY,exact_weighted_lowest_energy_CVaR_alpha_0.10,EXACT_DISTRIBUTIONAL_ENERGY_CONTROL,1.0174491641028969,0.741965262057561,0.2754839020453357,1.4095631630365069,0.1292275371382375,1.0912048834803596,0.189130742417909,1.2803356258982688,0.0352516691242798,0.0057280758808331,0.1624909124342109,1540.1689251525345,3.187568356705441,13.113495589896996,0.1,0.741965262057561,1.12984496124031,False,0.0352516691242797,5.667288269864401e-05,0.3155872950225449,2.578657697604616,True,1.0000000000000029,3,COBYLA,240,2207,1.6284727185750805,minimum_frozen_p2_objective_final_then_append_zero_gamma3_beta3,"[5.145699043434732, 3.9675356700938718, 0.0, 2.414351374012279, 0.0903440502029396, 0.0]","[6.551366368381657, 3.900036990712252, 0.7236816029548779, 2.4539247097156007, 0.2864642080160205, -0.14479278040314972]","[6.551366368381657, 3.900036990712252, 0.7236816029548779, 2.4539247097156007, 0.2864642080160205, -0.14479278040314972]",240,240,241,213.1464082123712,0.741965262057561,0.741965262057561,3,Return from COBYLA because the objective function has been evaluated MAXFUN times.,False,True,SUCCESS,,False,,,5ed3034be5800fc501893bfcd05423aa5bc6cd01c88acc190d885cfd8bf202e8,,normalized_mean_energy_H_C,False,305.8203125
