run_id,phase,evidence_identity,matrix_role,split,task_id,base_graph_id,base_instance_id,size_m,n_nodes,n_edges,state_space_size,n_candidate_routes,n_feasible_routes,n_feasible_states,route_feasible_fraction,feasible_state_fraction,dilution_score,objective_id,objective_name,objective_role,depth,p2_initialization_seed_set,optimizer_seed,selected_p2_seed,selected_p2_run_id,p3_initial_parameters,initial_parameters,terminal_parameters,best_evaluated_parameters,optimizer,eval_budget,nfev,tracked_optimizer_evaluations,total_objective_evaluations,optimizer_status,optimizer_message,objective_start,objective_final,objective_improvement,expected_mean_energy,expected_routing_component,expected_flow_penalty,expected_resource_penalty,expected_total_penalty,p_feas,p_opt,p_opt_given_feasible,feasibility_amplification,log_feasibility_gain,cvar_alpha,cvar_value,cvar_cutoff_energy,cvar_tail_fully_feasible,cvar_tail_feasible_mass,cvar_fractional_cutoff_mass,strict_energy_class_separation,penalty_bound_pass,state_norm,runtime_s,peak_memory_mb,execution_status,failure_reason,resource_censored,config_sha256,manifest_sha256,raw_statevector_persisted,failure_lineage
phase3-a53b10d32c1cadf2e9a5d592,PHASE_3_EMPIRICAL_DILUTION_SCALING,PREREGISTERED_EMPIRICAL_DILUTION_SCALING,PRIMARY_MATRIX,development,task-p3-6e4d1f9f9dd178d7,g-4baa18b9cb3958b8,phase3-m12-b00-g-4baa18b9cb3958b8,12,8,12,4096,6,6,6,1.0,0.00146484375,2.8342086975841307,P2_O0,MEAN_ENERGY_PREPARATION,COMMON_INITIALIZATION_PREPARATION,2,"[1103, 2207, 3301]",1103.0,2207.0,phase3-5fdb2862bf7b784863f8fccf,,"[1.4361119332668082, 4.6766136583430296, 1.8287983773432719, 0.554097077555417]","[2.3038588697016693, 4.252756695115067, 2.306630289524521, 0.1140942403327584]","[2.3038588697016693, 4.252756695115067, 2.306630289524521, 0.1140942403327584]",COBYLA,120,120,120,121,3,Return from COBYLA because the objective function has been evaluated MAXFUN times.,2.400821737372908,1.7395110633954596,0.6613106739774486,1.7395110633954596,0.09195611277321375,1.2610654559596635,0.3864894946625824,1.647554950622246,0.0242477417687616,0.0017275994080883689,0.07124784751353784,16.553125047474584,1.2188799958612542,0.1,0.852666811882712,1.1285594639865997,False,0.024247741768761613,0.0029911756962678893,True,True,0.9999999999999992,0.41560817044228315,127.51953125,SUCCESS,,False,d7edcf4ca084e975b0b8d916d003c9c772e9c801b06175ee7112ef86cdea99f3,018e499280521e6e6764118d14af76ed4cee74fd501addf4dd69087da5bcc557,False,
phase3-5fdb2862bf7b784863f8fccf,PHASE_3_EMPIRICAL_DILUTION_SCALING,PREREGISTERED_EMPIRICAL_DILUTION_SCALING,PRIMARY_MATRIX,development,task-p3-6e4d1f9f9dd178d7,g-4baa18b9cb3958b8,phase3-m12-b00-g-4baa18b9cb3958b8,12,8,12,4096,6,6,6,1.0,0.00146484375,2.8342086975841307,P2_O0,MEAN_ENERGY_PREPARATION,COMMON_INITIALIZATION_PREPARATION,2,"[1103, 2207, 3301]",2207.0,2207.0,phase3-5fdb2862bf7b784863f8fccf,,"[4.119365739193051, 4.0465795222369225, 1.5369649905613294, 0.28561357469155796]","[5.009914222868665, 4.174082191940459, 2.4766197549994007, 0.13347886460460415]","[5.009914222868665, 4.174082191940459, 2.4766197549994007, 0.13347886460460415]",COBYLA,120,120,120,121,3,Return from COBYLA because the objective function has been evaluated MAXFUN times.,2.5120094683285923,1.5281040717515881,0.9839053965770042,1.5281040717515881,0.07795178697584962,1.1332969793607361,0.3168553054150023,1.4501522847757384,0.06438950733024504,0.010194606540946756,0.15832713998975026,43.95657033744728,1.6430237997289876,0.1,0.424281610457932,1.1084589614740368,False,0.06438950733024507,0.0030207859550093197,True,True,0.9999999999999998,0.4050138583406806,127.6328125,SUCCESS,,False,d7edcf4ca084e975b0b8d916d003c9c772e9c801b06175ee7112ef86cdea99f3,018e499280521e6e6764118d14af76ed4cee74fd501addf4dd69087da5bcc557,False,
phase3-d5c9b0e4ec4e47043a2e489a,PHASE_3_EMPIRICAL_DILUTION_SCALING,PREREGISTERED_EMPIRICAL_DILUTION_SCALING,PRIMARY_MATRIX,development,task-p3-6e4d1f9f9dd178d7,g-4baa18b9cb3958b8,phase3-m12-b00-g-4baa18b9cb3958b8,12,8,12,4096,6,6,6,1.0,0.00146484375,2.8342086975841307,P2_O0,MEAN_ENERGY_PREPARATION,COMMON_INITIALIZATION_PREPARATION,2,"[1103, 2207, 3301]",3301.0,2207.0,phase3-5fdb2862bf7b784863f8fccf,,"[2.8746040698350956, 3.2295534178963874, 1.3381083226815658, 0.4324890662459698]","[2.2172947655864585, 1.9829964578831731, 2.1398319312720795, -0.1711098972966677]","[2.2172947655864585, 1.9829964578831731, 2.1398319312720795, -0.1711098972966677]",COBYLA,120,120,120,121,3,Return from COBYLA because the objective function has been evaluated MAXFUN times.,2.7065827203656756,1.6434360479730292,1.0631466723926464,1.6434360479730292,0.08510062926364703,1.2408107707203078,0.3175246479890744,1.5583354187093823,0.023361720075338783,0.001775539056266628,0.0760020687920549,15.948267571431275,1.2027135134100522,0.1,0.8658499885553922,1.1335845896147403,False,0.023361720075338797,0.0023226006729491627,True,True,0.9999999999999994,0.4049871424213052,127.75390625,SUCCESS,,False,d7edcf4ca084e975b0b8d916d003c9c772e9c801b06175ee7112ef86cdea99f3,018e499280521e6e6764118d14af76ed4cee74fd501addf4dd69087da5bcc557,False,
phase3-991f93af23944efcbf7831f8,PHASE_3_EMPIRICAL_DILUTION_SCALING,PREREGISTERED_EMPIRICAL_DILUTION_SCALING,PRIMARY_MATRIX,development,task-p3-6e4d1f9f9dd178d7,g-4baa18b9cb3958b8,phase3-m12-b00-g-4baa18b9cb3958b8,12,8,12,4096,6,6,6,1.0,0.00146484375,2.8342086975841307,O0,MEAN_ENERGY,STANDARD_BASELINE,3,"[1103, 2207, 3301]",,2207.0,phase3-5fdb2862bf7b784863f8fccf,"[5.009914222868665, 4.174082191940459, 0.0, 2.4766197549994007, 0.13347886460460415, 0.0]","[5.009914222868665, 4.174082191940459, 0.0, 2.4766197549994007, 0.13347886460460415, 0.0]","[6.292212485997125, 4.629377044644811, 0.22791382226703022, 2.5172903140200042, 0.30741106443571947, -0.17920255840754268]","[6.292212485997125, 4.629377044644811, 0.22791382226703022, 2.5172903140200042, 0.30741106443571947, -0.17920255840754268]",COBYLA,240,240,240,241,3,Return from COBYLA because the objective function has been evaluated MAXFUN times.,1.5281040717515881,1.1967820115016634,0.3313220602499247,1.1967820115016634,0.06259369084349617,1.0021632441769284,0.1320250764812387,1.134188320658167,0.1382409300288866,0.020968810130859238,0.151683080593263,94.37247489971992,1.9748453444858383,0.1,0.04584306548426531,0.07537688442211055,True,0.1,0.007076769893358578,True,True,0.999999999999998,1.0431613931432366,128.27734375,SUCCESS,,False,d7edcf4ca084e975b0b8d916d003c9c772e9c801b06175ee7112ef86cdea99f3,018e499280521e6e6764118d14af76ed4cee74fd501addf4dd69087da5bcc557,False,
phase3-aa6f52421576fbb26dd0297a,PHASE_3_EMPIRICAL_DILUTION_SCALING,PREREGISTERED_EMPIRICAL_DILUTION_SCALING,PRIMARY_MATRIX,development,task-p3-6e4d1f9f9dd178d7,g-4baa18b9cb3958b8,phase3-m12-b00-g-4baa18b9cb3958b8,12,8,12,4096,6,6,6,1.0,0.00146484375,2.8342086975841307,O2,EXACT_FEASIBILITY_CAPACITY_CONTROL,STATEVECTOR_MECHANISTIC_CAPACITY_CONTROL,3,"[1103, 2207, 3301]",,2207.0,phase3-5fdb2862bf7b784863f8fccf,"[5.009914222868665, 4.174082191940459, 0.0, 2.4766197549994007, 0.13347886460460415, 0.0]","[5.009914222868665, 4.174082191940459, 0.0, 2.4766197549994007, 0.13347886460460415, 0.0]","[6.434361970887238, 4.641305638517266, -0.33239632642349703, 2.5681922926718364, 0.09201825449904213, 0.10183497100999367]","[6.434361970887238, 4.641305638517266, -0.33239632642349703, 2.5681922926718364, 0.09201825449904213, 0.10183497100999367]",COBYLA,240,240,240,241,3,Return from COBYLA because the objective function has been evaluated MAXFUN times.,0.9356104926697549,0.8504043403325103,0.0852061523372446,1.2826895895588977,0.07102456378558591,0.9999353456972563,0.2117296800760556,1.211665025773312,0.1495956596674896,0.024882055907756953,0.16632872880846264,102.12397033300624,2.00912769077966,0.1,0.04356533266043537,0.07537688442211055,True,0.1,0.016673461679739682,True,True,0.9999999999999984,1.005900620482862,128.36328125,SUCCESS,,False,d7edcf4ca084e975b0b8d916d003c9c772e9c801b06175ee7112ef86cdea99f3,018e499280521e6e6764118d14af76ed4cee74fd501addf4dd69087da5bcc557,False,
phase3-89876af87f4aed71ce298ee4,PHASE_3_EMPIRICAL_DILUTION_SCALING,PREREGISTERED_EMPIRICAL_DILUTION_SCALING,PRIMARY_MATRIX,development,task-p3-6e4d1f9f9dd178d7,g-4baa18b9cb3958b8,phase3-m12-b00-g-4baa18b9cb3958b8,12,8,12,4096,6,6,6,1.0,0.00146484375,2.8342086975841307,O3,CVAR_ENERGY,TAIL_FOCUSED_ROUTING_OBJECTIVE,3,"[1103, 2207, 3301]",,2207.0,phase3-5fdb2862bf7b784863f8fccf,"[5.009914222868665, 4.174082191940459, 0.0, 2.4766197549994007, 0.13347886460460415, 0.0]","[5.009914222868665, 4.174082191940459, 0.0, 2.4766197549994007, 0.13347886460460415, 0.0]","[6.339846976518224, 4.74285405264491, -0.3225893551343344, 2.5716367623845495, 0.10064806633793134, 0.07806831361126672]","[6.339846976518224, 4.74285405264491, -0.3225893551343344, 2.5716367623845495, 0.10064806633793134, 0.07806831361126672]",COBYLA,240,240,240,241,3,Return from COBYLA because the objective function has been evaluated MAXFUN times.,0.424281610457932,0.04373770693327134,0.38054390352466066,1.2737607530176909,0.07078802615725163,1.0026162838030404,0.20035644305739916,1.2029727268604393,0.14563927104856386,0.025580665043896025,0.17564400631589314,99.42307570248626,1.9974871941274255,0.1,0.04373770693327134,0.07537688442211055,True,0.1,0.01736309972284167,True,True,1.0000000000000002,1.03644347935915,128.36328125,SUCCESS,,False,d7edcf4ca084e975b0b8d916d003c9c772e9c801b06175ee7112ef86cdea99f3,018e499280521e6e6764118d14af76ed4cee74fd501addf4dd69087da5bcc557,False,
phase3-4f4fbc5192d54c88257d3ec1,PHASE_3_EMPIRICAL_DILUTION_SCALING,PREREGISTERED_EMPIRICAL_DILUTION_SCALING,PRIMARY_MATRIX,development,task-p3-1293cd49b2f7317f,g-4baa18b9cb3958b8,phase3-m12-b00-g-4baa18b9cb3958b8,12,8,12,4096,6,5,5,0.8333333333333334,0.001220703125,2.9133899436317554,P2_O0,MEAN_ENERGY_PREPARATION,COMMON_INITIALIZATION_PREPARATION,2,"[1103, 2207, 3301]",1103.0,2207.0,phase3-4af4112a590dbdb6cd56833a,,"[1.4361119332668082, 4.6766136583430296, 1.8287983773432719, 0.554097077555417]","[2.315187906851828, 4.333899099098093, 2.3075246179836992, 0.11402425894468904]","[2.315187906851828, 4.333899099098093, 2.3075246179836992, 0.11402425894468904]",COBYLA,120,120,120,121,3,Return from COBYLA because the objective function has been evaluated MAXFUN times.,2.4687803497345984,1.7545704191285783,0.7142099306060201,1.7545704191285783,0.09161863915505448,1.2600363917923452,0.4029153881811781,1.6629517799735232,0.023433190477422323,0.0018061461319817975,0.07707640723195604,19.196469639104368,1.283221366347722,0.1,0.8610387258303883,1.1285594639865997,False,0.023433190477422344,0.003770888405462497,True,True,0.9999999999999991,0.40959263034164906,127.33984375,SUCCESS,,False,d7edcf4ca084e975b0b8d916d003c9c772e9c801b06175ee7112ef86cdea99f3,018e499280521e6e6764118d14af76ed4cee74fd501addf4dd69087da5bcc557,False,
phase3-4af4112a590dbdb6cd56833a,PHASE_3_EMPIRICAL_DILUTION_SCALING,PREREGISTERED_EMPIRICAL_DILUTION_SCALING,PRIMARY_MATRIX,development,task-p3-1293cd49b2f7317f,g-4baa18b9cb3958b8,phase3-m12-b00-g-4baa18b9cb3958b8,12,8,12,4096,6,5,5,0.8333333333333334,0.001220703125,2.9133899436317554,P2_O0,MEAN_ENERGY_PREPARATION,COMMON_INITIALIZATION_PREPARATION,2,"[1103, 2207, 3301]",2207.0,2207.0,phase3-4af4112a590dbdb6cd56833a,,"[4.119365739193051, 4.0465795222369225, 1.5369649905613294, 0.28561357469155796]","[5.4461367754194105, 4.137314860210014, 2.512553869923639, 0.137065205191352]","[5.4461367754194105, 4.137314860210014, 2.512553869923639, 0.137065205191352]",COBYLA,120,120,120,121,3,Return from COBYLA because the objective function has been evaluated MAXFUN times.,2.541593457744026,1.4056324948153853,1.1359609629286407,1.4056324948153853,0.07158878675745364,1.0826359878635452,0.25140772019438673,1.3340437080579317,0.07549866227430219,0.011606047377965077,0.15372520556454256,61.84850413510835,1.7913292002670924,0.1,0.30559495461514474,1.0984087102177553,False,0.0754986622743023,0.0035738276430811733,True,True,0.9999999999999984,0.4034021319821477,127.484375,SUCCESS,,False,d7edcf4ca084e975b0b8d916d003c9c772e9c801b06175ee7112ef86cdea99f3,018e499280521e6e6764118d14af76ed4cee74fd501addf4dd69087da5bcc557,False,
phase3-916428f7e29ed39565085d9b,PHASE_3_EMPIRICAL_DILUTION_SCALING,PREREGISTERED_EMPIRICAL_DILUTION_SCALING,PRIMARY_MATRIX,development,task-p3-1293cd49b2f7317f,g-4baa18b9cb3958b8,phase3-m12-b00-g-4baa18b9cb3958b8,12,8,12,4096,6,5,5,0.8333333333333334,0.001220703125,2.9133899436317554,P2_O0,MEAN_ENERGY_PREPARATION,COMMON_INITIALIZATION_PREPARATION,2,"[1103, 2207, 3301]",3301.0,2207.0,phase3-4af4112a590dbdb6cd56833a,,"[2.8746040698350956, 3.2295534178963874, 1.3381083226815658, 0.4324890662459698]","[2.3928771549726697, 3.9186218573158182, 2.315691974515589, 0.11399145666891572]","[2.3928771549726697, 3.9186218573158182, 2.315691974515589, 0.11399145666891572]",COBYLA,120,120,120,121,3,Return from COBYLA because the objective function has been evaluated MAXFUN times.,2.7309869294324947,1.762240664439629,0.9687462649928658,1.762240664439629,0.09079177299934478,1.2564875820351857,0.41496130940509823,1.671448891440284,0.021918641690753072,0.0011675186706593657,0.053266013794637315,17.955751273064916,1.2542035808305527,0.1,0.8751951494237731,1.1285594639865997,False,0.021918641690753086,0.0020573019058268,True,True,0.9999999999999992,0.40577542781829834,127.59375,SUCCESS,,False,d7edcf4ca084e975b0b8d916d003c9c772e9c801b06175ee7112ef86cdea99f3,018e499280521e6e6764118d14af76ed4cee74fd501addf4dd69087da5bcc557,False,
phase3-eb8047350968acadd27e77b7,PHASE_3_EMPIRICAL_DILUTION_SCALING,PREREGISTERED_EMPIRICAL_DILUTION_SCALING,PRIMARY_MATRIX,development,task-p3-1293cd49b2f7317f,g-4baa18b9cb3958b8,phase3-m12-b00-g-4baa18b9cb3958b8,12,8,12,4096,6,5,5,0.8333333333333334,0.001220703125,2.9133899436317554,O0,MEAN_ENERGY,STANDARD_BASELINE,3,"[1103, 2207, 3301]",,2207.0,phase3-4af4112a590dbdb6cd56833a,"[5.4461367754194105, 4.137314860210014, 0.0, 2.512553869923639, 0.137065205191352, 0.0]","[5.4461367754194105, 4.137314860210014, 0.0, 2.512553869923639, 0.137065205191352, 0.0]","[6.556268215665754, 4.592698475031078, 0.23730286944078305, 2.5101404233372686, 0.3174224119513921, -0.19516903050952086]","[6.556268215665754, 4.592698475031078, 0.23730286944078305, 2.5101404233372686, 0.3174224119513921, -0.19516903050952086]",COBYLA,240,240,240,241,3,Return from COBYLA because the objective function has been evaluated MAXFUN times.,1.4056324948153853,1.1996583058972632,0.20597418891812214,1.1996583058972632,0.058987109697375945,0.9978212989861933,0.1428498972136937,1.1406711961998872,0.12663996934257774,0.019106476543097765,0.15087240341485111,103.74346288543968,2.0159607403506246,0.1,0.046310382032055196,0.08040201005025126,True,0.1,0.0008771488204618594,True,True,0.9999999999999976,1.0365098677575588,128.3671875,SUCCESS,,False,d7edcf4ca084e975b0b8d916d003c9c772e9c801b06175ee7112ef86cdea99f3,018e499280521e6e6764118d14af76ed4cee74fd501addf4dd69087da5bcc557,False,
phase3-98aa4911c512171b5d43b1d0,PHASE_3_EMPIRICAL_DILUTION_SCALING,PREREGISTERED_EMPIRICAL_DILUTION_SCALING,PRIMARY_MATRIX,development,task-p3-1293cd49b2f7317f,g-4baa18b9cb3958b8,phase3-m12-b00-g-4baa18b9cb3958b8,12,8,12,4096,6,5,5,0.8333333333333334,0.001220703125,2.9133899436317554,O2,EXACT_FEASIBILITY_CAPACITY_CONTROL,STATEVECTOR_MECHANISTIC_CAPACITY_CONTROL,3,"[1103, 2207, 3301]",,2207.0,phase3-4af4112a590dbdb6cd56833a,"[5.4461367754194105, 4.137314860210014, 0.0, 2.512553869923639, 0.137065205191352, 0.0]","[5.4461367754194105, 4.137314860210014, 0.0, 2.512553869923639, 0.137065205191352, 0.0]","[6.558100520103714, 4.602885743317672, -0.3572895156241497, 2.573560533114928, 0.10833188744119607, 0.08580784402579227]","[6.558100520103714, 4.602885743317672, -0.3572895156241497, 2.573560533114928, 0.10833188744119607, 0.08580784402579227]",COBYLA,240,240,240,241,3,Return from COBYLA because the objective function has been evaluated MAXFUN times.,0.9245013377256979,0.8627764273684851,0.061724910357212726,1.3055023454253325,0.06998003182127167,0.9978460984397499,0.2376762151643107,1.2355223136040605,0.13722357263151486,0.02485948641925656,0.18116046640187325,112.41355069973697,2.050818665676184,0.1,0.04284820241297489,0.07537688442211055,True,0.1,0.014628314408101958,True,True,0.9999999999999987,1.0170878823846579,128.390625,SUCCESS,,False,d7edcf4ca084e975b0b8d916d003c9c772e9c801b06175ee7112ef86cdea99f3,018e499280521e6e6764118d14af76ed4cee74fd501addf4dd69087da5bcc557,False,
phase3-69cb1eb95840dcc526138bba,PHASE_3_EMPIRICAL_DILUTION_SCALING,PREREGISTERED_EMPIRICAL_DILUTION_SCALING,PRIMARY_MATRIX,development,task-p3-1293cd49b2f7317f,g-4baa18b9cb3958b8,phase3-m12-b00-g-4baa18b9cb3958b8,12,8,12,4096,6,5,5,0.8333333333333334,0.001220703125,2.9133899436317554,O3,CVAR_ENERGY,TAIL_FOCUSED_ROUTING_OBJECTIVE,3,"[1103, 2207, 3301]",,2207.0,phase3-4af4112a590dbdb6cd56833a,"[5.4461367754194105, 4.137314860210014, 0.0, 2.512553869923639, 0.137065205191352, 0.0]","[5.4461367754194105, 4.137314860210014, 0.0, 2.512553869923639, 0.137065205191352, 0.0]","[6.48879986401073, 4.800768984742128, 0.3090542334085521, 2.575391889736778, 0.27896792453596186, -0.12711280446345485]","[6.48879986401073, 4.800768984742128, 0.3090542334085521, 2.575391889736778, 0.27896792453596186, -0.12711280446345485]",COBYLA,240,240,240,241,3,Return from COBYLA because the objective function has been evaluated MAXFUN times.,0.30559495461514474,0.04200678361436257,0.2635881710007822,1.2575272697978126,0.06712364172086904,0.990353434924244,0.20005019315269923,1.190403628076943,0.13748569959878593,0.025585928523147106,0.1860988349902032,112.62828511132543,2.051647471555723,0.1,0.04200678361436257,0.07537688442211055,True,0.1,0.012443835853158475,True,True,1.0000000000000002,1.057375442236662,128.390625,SUCCESS,,False,d7edcf4ca084e975b0b8d916d003c9c772e9c801b06175ee7112ef86cdea99f3,018e499280521e6e6764118d14af76ed4cee74fd501addf4dd69087da5bcc557,False,
phase3-c14bf0cead47a35f68247439,PHASE_3_EMPIRICAL_DILUTION_SCALING,PREREGISTERED_EMPIRICAL_DILUTION_SCALING,PRIMARY_MATRIX,development,task-p3-56c6c348117967f4,g-4baa18b9cb3958b8,phase3-m12-b00-g-4baa18b9cb3958b8,12,8,12,4096,6,4,4,0.6666666666666666,0.0009765625,3.010299956639812,P2_O0,MEAN_ENERGY_PREPARATION,COMMON_INITIALIZATION_PREPARATION,2,"[1103, 2207, 3301]",1103.0,3301.0,phase3-65759ac61c4f5f101dee141e,,"[1.4361119332668082, 4.6766136583430296, 1.8287983773432719, 0.554097077555417]","[2.0616266080795143, 4.42951340257976, 3.2514483858369654, -0.7400847729478742]","[2.0616266080795143, 4.42951340257976, 3.2514483858369654, -0.7400847729478742]",COBYLA,120,120,120,121,3,Return from COBYLA because the objective function has been evaluated MAXFUN times.,2.777844650610653,1.4020125388940616,1.3758321117165913,1.4020125388940616,0.04450064013346666,1.0898457410909614,0.26766615766963386,1.3575118987605947,0.040085596824399515,0.02353725706072217,0.5871749188076298,41.0476511481851,1.6132883107229958,0.1,0.6688825118276954,1.0833333333333333,False,0.04008559682439949,0.050995829647048664,True,True,1.0000000000000004,0.42093783896416426,127.51171875,SUCCESS,,False,d7edcf4ca084e975b0b8d916d003c9c772e9c801b06175ee7112ef86cdea99f3,018e499280521e6e6764118d14af76ed4cee74fd501addf4dd69087da5bcc557,False,
phase3-c7cf4771f35806c6dcad4b4a,PHASE_3_EMPIRICAL_DILUTION_SCALING,PREREGISTERED_EMPIRICAL_DILUTION_SCALING,PRIMARY_MATRIX,development,task-p3-56c6c348117967f4,g-4baa18b9cb3958b8,phase3-m12-b00-g-4baa18b9cb3958b8,12,8,12,4096,6,4,4,0.6666666666666666,0.0009765625,3.010299956639812,P2_O0,MEAN_ENERGY_PREPARATION,COMMON_INITIALIZATION_PREPARATION,2,"[1103, 2207, 3301]",2207.0,3301.0,phase3-65759ac61c4f5f101dee141e,,"[4.119365739193051, 4.0465795222369225, 1.5369649905613294, 0.28561357469155796]","[5.647737654279703, 4.2921229300071655, 2.4627720263458257, 0.14659456306900112]","[5.647737654279703, 4.2921229300071655, 2.4627720263458257, 0.14659456306900112]",COBYLA,120,120,120,121,3,Return from COBYLA because the objective function has been evaluated MAXFUN times.,2.673981693636401,1.404986793654912,1.268994899981489,1.404986793654912,0.0616777319999715,1.0587278386819243,0.2845812229730159,1.3433090616549404,0.07248976093858703,0.03858331560562066,0.5322588336069732,74.22951520111312,1.8705766241500317,0.1,0.3335856896856566,1.0833333333333333,False,0.07248976093858708,0.004803433896055129,True,True,0.9999999999999991,0.4050088347867131,127.609375,SUCCESS,,False,d7edcf4ca084e975b0b8d916d003c9c772e9c801b06175ee7112ef86cdea99f3,018e499280521e6e6764118d14af76ed4cee74fd501addf4dd69087da5bcc557,False,
phase3-65759ac61c4f5f101dee141e,PHASE_3_EMPIRICAL_DILUTION_SCALING,PREREGISTERED_EMPIRICAL_DILUTION_SCALING,PRIMARY_MATRIX,development,task-p3-56c6c348117967f4,g-4baa18b9cb3958b8,phase3-m12-b00-g-4baa18b9cb3958b8,12,8,12,4096,6,4,4,0.6666666666666666,0.0009765625,3.010299956639812,P2_O0,MEAN_ENERGY_PREPARATION,COMMON_INITIALIZATION_PREPARATION,2,"[1103, 2207, 3301]",3301.0,3301.0,phase3-65759ac61c4f5f101dee141e,,"[2.8746040698350956, 3.2295534178963874, 1.3381083226815658, 0.4324890662459698]","[5.790387378893242, 1.1638149505527886, 2.560810629731563, -0.1779857655291681]","[5.790387378893242, 1.1638149505527886, 2.560810629731563, -0.1779857655291681]",COBYLA,120,120,120,121,3,Return from COBYLA because the objective function has been evaluated MAXFUN times.,2.8632528086661373,1.3767583564334265,1.4864944522327108,1.3767583564334265,0.04829502484279673,1.061919174878798,0.26654415671183196,1.32846333159063,0.06725862525376644,0.03577294833062155,0.5318715361137758,68.87283225985684,1.8380479428595093,0.1,0.3893695756590255,1.0833333333333333,False,0.06725862525376632,0.016584930101488995,True,True,1.0000000000000018,0.403772777877748,127.609375,SUCCESS,,False,d7edcf4ca084e975b0b8d916d003c9c772e9c801b06175ee7112ef86cdea99f3,018e499280521e6e6764118d14af76ed4cee74fd501addf4dd69087da5bcc557,False,
phase3-004d534470c68995a47132c6,PHASE_3_EMPIRICAL_DILUTION_SCALING,PREREGISTERED_EMPIRICAL_DILUTION_SCALING,PRIMARY_MATRIX,development,task-p3-56c6c348117967f4,g-4baa18b9cb3958b8,phase3-m12-b00-g-4baa18b9cb3958b8,12,8,12,4096,6,4,4,0.6666666666666666,0.0009765625,3.010299956639812,O0,MEAN_ENERGY,STANDARD_BASELINE,3,"[1103, 2207, 3301]",,3301.0,phase3-65759ac61c4f5f101dee141e,"[5.790387378893242, 1.1638149505527886, 0.0, 2.560810629731563, -0.1779857655291681, 0.0]","[5.790387378893242, 1.1638149505527886, 0.0, 2.560810629731563, -0.1779857655291681, 0.0]","[6.391551394919411, 0.560762510918841, 0.5104540185370136, 2.717990438208023, -0.18849456982435026, -0.0823414027228706]","[6.391551394919411, 0.560762510918841, 0.5104540185370136, 2.717990438208023, -0.18849456982435026, -0.0823414027228706]",COBYLA,240,240,240,241,3,Return from COBYLA because the objective function has been evaluated MAXFUN times.,1.3767583564334265,1.2952621423271196,0.08149621410630692,1.2952621423271196,0.04551026616058172,1.0190990142858758,0.230652861880662,1.2497518761665376,0.08828698721967772,0.04731033958473922,0.5358699064792023,90.40587491294998,1.956196653477276,0.1,0.172775171385152,1.081640229924732,False,0.08828698721967787,0.001256080105664914,True,True,0.9999999999999983,1.0517385406419635,128.28125,SUCCESS,,False,d7edcf4ca084e975b0b8d916d003c9c772e9c801b06175ee7112ef86cdea99f3,018e499280521e6e6764118d14af76ed4cee74fd501addf4dd69087da5bcc557,False,
phase3-1d9c3f4c9d9385fc8c78c545,PHASE_3_EMPIRICAL_DILUTION_SCALING,PREREGISTERED_EMPIRICAL_DILUTION_SCALING,PRIMARY_MATRIX,development,task-p3-56c6c348117967f4,g-4baa18b9cb3958b8,phase3-m12-b00-g-4baa18b9cb3958b8,12,8,12,4096,6,4,4,0.6666666666666666,0.0009765625,3.010299956639812,O2,EXACT_FEASIBILITY_CAPACITY_CONTROL,STATEVECTOR_MECHANISTIC_CAPACITY_CONTROL,3,"[1103, 2207, 3301]",,3301.0,phase3-65759ac61c4f5f101dee141e,"[5.790387378893242, 1.1638149505527886, 0.0, 2.560810629731563, -0.1779857655291681, 0.0]","[5.790387378893242, 1.1638149505527886, 0.0, 2.560810629731563, -0.1779857655291681, 0.0]","[6.536826146965445, 0.5960470201873571, -0.26074482092062023, 2.807599184183137, -0.36573366920441813, 0.15122815094705885]","[6.536826146965445, 0.5960470201873571, -0.26074482092062023, 2.807599184183137, -0.36573366920441813, 0.15122815094705885]",COBYLA,240,240,240,241,3,Return from COBYLA because the objective function has been evaluated MAXFUN times.,0.9327413747462335,0.898218844758198,0.03452252998803551,1.3573567074703106,0.05299888484656183,0.9864099236520156,0.3179478989717325,1.3043578226237482,0.10178115524180203,0.05483199047107645,0.5387243870519233,104.22390296760528,2.0179673325570504,0.1,0.05727516379527634,0.08040201005025126,True,0.1,0.023599692823534524,True,True,0.9999999999999999,1.0166958076879382,128.375,SUCCESS,,False,d7edcf4ca084e975b0b8d916d003c9c772e9c801b06175ee7112ef86cdea99f3,018e499280521e6e6764118d14af76ed4cee74fd501addf4dd69087da5bcc557,False,
phase3-d34c553395737787802ab3d6,PHASE_3_EMPIRICAL_DILUTION_SCALING,PREREGISTERED_EMPIRICAL_DILUTION_SCALING,PRIMARY_MATRIX,development,task-p3-56c6c348117967f4,g-4baa18b9cb3958b8,phase3-m12-b00-g-4baa18b9cb3958b8,12,8,12,4096,6,4,4,0.6666666666666666,0.0009765625,3.010299956639812,O3,CVAR_ENERGY,TAIL_FOCUSED_ROUTING_OBJECTIVE,3,"[1103, 2207, 3301]",,3301.0,phase3-65759ac61c4f5f101dee141e,"[5.790387378893242, 1.1638149505527886, 0.0, 2.560810629731563, -0.1779857655291681, 0.0]","[5.790387378893242, 1.1638149505527886, 0.0, 2.560810629731563, -0.1779857655291681, 0.0]","[6.54042952815942, 0.22949827371293804, -0.9394154389987884, 3.0463048698750246, -0.4898306042133172, 0.18771239065633125]","[6.54042952815942, 0.22949827371293804, -0.9394154389987884, 3.0463048698750246, -0.4898306042133172, 0.18771239065633125]",COBYLA,240,240,240,241,3,Return from COBYLA because the objective function has been evaluated MAXFUN times.,0.3893695756590255,0.04799507142864947,0.3413745042303761,1.406814042919357,0.06346937433112798,0.9529900197346057,0.39035464885362303,1.3433446685882293,0.13991927672455484,0.07784258265283941,0.5563392298409344,143.27733936594416,2.1561775081465484,0.1,0.04799507142864947,0.07537688442211055,True,0.1,0.02215741734716062,True,True,1.0000000000000004,1.04433324187994,128.375,SUCCESS,,False,d7edcf4ca084e975b0b8d916d003c9c772e9c801b06175ee7112ef86cdea99f3,018e499280521e6e6764118d14af76ed4cee74fd501addf4dd69087da5bcc557,False,
phase3-698cd4000950dc171bc5fd86,PHASE_3_EMPIRICAL_DILUTION_SCALING,PREREGISTERED_EMPIRICAL_DILUTION_SCALING,PRIMARY_MATRIX,development,task-p3-71a0a608986a513a,g-4baa18b9cb3958b8,phase3-m12-b00-g-4baa18b9cb3958b8,12,8,12,4096,6,3,3,0.5,0.000732421875,3.135238693248112,P2_O0,MEAN_ENERGY_PREPARATION,COMMON_INITIALIZATION_PREPARATION,2,"[1103, 2207, 3301]",1103.0,1103.0,phase3-698cd4000950dc171bc5fd86,,"[1.4361119332668082, 4.6766136583430296, 1.8287983773432719, 0.554097077555417]","[3.3275287647097525, 5.877354403675825, 3.938422259469027, -0.9925680134164269]","[3.3275287647097525, 5.877354403675825, 3.938422259469027, -0.9925680134164269]",COBYLA,120,120,120,121,3,Return from COBYLA because the objective function has been evaluated MAXFUN times.,2.8757107230779173,1.2618875659177513,1.613823157160166,1.2618875659177513,0.02600343524899127,1.1121163428480143,0.12376778782074599,1.2358841306687602,0.0037025656452067306,0.0019672248891604554,0.5313139799984874,5.0552362942555895,0.7037414604003897,0.1,1.0442550348739437,1.0833333333333333,False,0.0037025656452067293,0.0935862185426626,True,True,1.0000000000000002,0.4245036505162716,127.984375,SUCCESS,,False,d7edcf4ca084e975b0b8d916d003c9c772e9c801b06175ee7112ef86cdea99f3,018e499280521e6e6764118d14af76ed4cee74fd501addf4dd69087da5bcc557,False,
phase3-499966cc34d6f07127c05116,PHASE_3_EMPIRICAL_DILUTION_SCALING,PREREGISTERED_EMPIRICAL_DILUTION_SCALING,PRIMARY_MATRIX,development,task-p3-71a0a608986a513a,g-4baa18b9cb3958b8,phase3-m12-b00-g-4baa18b9cb3958b8,12,8,12,4096,6,3,3,0.5,0.000732421875,3.135238693248112,P2_O0,MEAN_ENERGY_PREPARATION,COMMON_INITIALIZATION_PREPARATION,2,"[1103, 2207, 3301]",2207.0,1103.0,phase3-698cd4000950dc171bc5fd86,,"[4.119365739193051, 4.0465795222369225, 1.5369649905613294, 0.28561357469155796]","[5.467583784317991, 4.129761508331632, 2.45355686533205, 0.14464559222576184]","[5.467583784317991, 4.129761508331632, 2.45355686533205, 0.14464559222576184]",COBYLA,120,120,120,121,3,Return from COBYLA because the objective function has been evaluated MAXFUN times.,2.7301205102614956,1.4753238445212369,1.2547966657402587,1.4753238445212369,0.06036511932179679,1.0644824299413387,0.35047629525810153,1.41495872519944,0.04539240505663106,0.014738705598827137,0.32469541061856694,61.975763703986935,1.7922218871201139,0.1,0.6082275119746394,1.087881297632699,False,0.04539240505663107,0.005834911911175272,True,True,0.9999999999999997,0.4086291790008545,128.11328125,SUCCESS,,False,d7edcf4ca084e975b0b8d916d003c9c772e9c801b06175ee7112ef86cdea99f3,018e499280521e6e6764118d14af76ed4cee74fd501addf4dd69087da5bcc557,False,
phase3-4fb7debffbdd9805a6aca376,PHASE_3_EMPIRICAL_DILUTION_SCALING,PREREGISTERED_EMPIRICAL_DILUTION_SCALING,PRIMARY_MATRIX,development,task-p3-71a0a608986a513a,g-4baa18b9cb3958b8,phase3-m12-b00-g-4baa18b9cb3958b8,12,8,12,4096,6,3,3,0.5,0.000732421875,3.135238693248112,P2_O0,MEAN_ENERGY_PREPARATION,COMMON_INITIALIZATION_PREPARATION,2,"[1103, 2207, 3301]",3301.0,1103.0,phase3-698cd4000950dc171bc5fd86,,"[2.8746040698350956, 3.2295534178963874, 1.3381083226815658, 0.4324890662459698]","[4.323269407678318, 1.7078110832202154, 2.3527552136697376, -0.16836125113913505]","[4.323269407678318, 1.7078110832202154, 2.3527552136697376, -0.16836125113913505]",COBYLA,120,120,120,121,3,Return from COBYLA because the objective function has been evaluated MAXFUN times.,2.9246744889313443,1.660015631451081,1.2646588574802633,1.660015631451081,0.06041981152991288,1.1822632682899874,0.41733255163118066,1.5995958199211682,0.015920356078475188,0.0030414671256246873,0.19104265700042,21.736592832478124,1.3371914702921928,0.1,0.9187246524035394,1.0833333333333333,False,0.01592035607847521,0.07591279924006136,True,True,0.9999999999999989,0.4105643015354872,128.23046875,SUCCESS,,False,d7edcf4ca084e975b0b8d916d003c9c772e9c801b06175ee7112ef86cdea99f3,018e499280521e6e6764118d14af76ed4cee74fd501addf4dd69087da5bcc557,False,
phase3-a6ece2de5b54dbead274f360,PHASE_3_EMPIRICAL_DILUTION_SCALING,PREREGISTERED_EMPIRICAL_DILUTION_SCALING,PRIMARY_MATRIX,development,task-p3-71a0a608986a513a,g-4baa18b9cb3958b8,phase3-m12-b00-g-4baa18b9cb3958b8,12,8,12,4096,6,3,3,0.5,0.000732421875,3.135238693248112,O0,MEAN_ENERGY,STANDARD_BASELINE,3,"[1103, 2207, 3301]",,1103.0,phase3-698cd4000950dc171bc5fd86,"[3.3275287647097525, 5.877354403675825, 0.0, 3.938422259469027, -0.9925680134164269, 0.0]","[3.3275287647097525, 5.877354403675825, 0.0, 3.938422259469027, -0.9925680134164269, 0.0]","[4.187486740410864, 6.463986107544768, 0.13918578868251869, 3.9864090804905343, -0.9384427708768914, -0.12858647232376239]","[4.187486740410864, 6.463986107544768, 0.13918578868251869, 3.9864090804905343, -0.9384427708768914, -0.12858647232376239]",COBYLA,240,240,240,241,3,Return from COBYLA because the objective function has been evaluated MAXFUN times.,1.2618875659177513,1.2207822916694286,0.041105274248322665,1.2207822916694286,0.021144569060632126,1.098457952554897,0.10117977005389962,1.1996377226087969,0.006113958186382805,0.005717977816740321,0.9352333860371463,8.347590910474656,0.9215611574901098,0.1,1.0174987889331961,1.0833333333333333,False,0.006113958186382806,0.08865292021444905,True,True,0.9999999999999998,1.051290350034833,128.34375,SUCCESS,,False,d7edcf4ca084e975b0b8d916d003c9c772e9c801b06175ee7112ef86cdea99f3,018e499280521e6e6764118d14af76ed4cee74fd501addf4dd69087da5bcc557,False,
phase3-cdefef9b91f661a01aa2d4f5,PHASE_3_EMPIRICAL_DILUTION_SCALING,PREREGISTERED_EMPIRICAL_DILUTION_SCALING,PRIMARY_MATRIX,development,task-p3-71a0a608986a513a,g-4baa18b9cb3958b8,phase3-m12-b00-g-4baa18b9cb3958b8,12,8,12,4096,6,3,3,0.5,0.000732421875,3.135238693248112,O2,EXACT_FEASIBILITY_CAPACITY_CONTROL,STATEVECTOR_MECHANISTIC_CAPACITY_CONTROL,3,"[1103, 2207, 3301]",,1103.0,phase3-698cd4000950dc171bc5fd86,"[3.3275287647097525, 5.877354403675825, 0.0, 3.938422259469027, -0.9925680134164269, 0.0]","[3.3275287647097525, 5.877354403675825, 0.0, 3.938422259469027, -0.9925680134164269, 0.0]","[2.7585289745155555, 7.173955124074958, -1.3894338593270648, 4.368501822873831, -0.7147890095995907, 0.2496224394254744]","[2.7585289745155555, 7.173955124074958, -1.3894338593270648, 4.368501822873831, -0.7147890095995907, 0.2496224394254744]",COBYLA,240,240,240,241,3,Return from COBYLA because the objective function has been evaluated MAXFUN times.,0.9962974343547932,0.9207989603209285,0.07549847403386478,1.7522658286407933,0.07784841579982131,1.0288774596698247,0.6455399531711472,1.6744174128409717,0.07920103967907158,0.03219328877500688,0.4064755829652798,108.13581950849239,2.0339695758972027,0.1,0.26593095723842425,1.0412691072167575,False,0.07920103967907147,0.0073922851774860104,True,True,1.0000000000000016,1.0176109774038196,128.42578125,SUCCESS,,False,d7edcf4ca084e975b0b8d916d003c9c772e9c801b06175ee7112ef86cdea99f3,018e499280521e6e6764118d14af76ed4cee74fd501addf4dd69087da5bcc557,False,
phase3-3832adf0d6b18e0e5e56c730,PHASE_3_EMPIRICAL_DILUTION_SCALING,PREREGISTERED_EMPIRICAL_DILUTION_SCALING,PRIMARY_MATRIX,development,task-p3-71a0a608986a513a,g-4baa18b9cb3958b8,phase3-m12-b00-g-4baa18b9cb3958b8,12,8,12,4096,6,3,3,0.5,0.000732421875,3.135238693248112,O3,CVAR_ENERGY,TAIL_FOCUSED_ROUTING_OBJECTIVE,3,"[1103, 2207, 3301]",,1103.0,phase3-698cd4000950dc171bc5fd86,"[3.3275287647097525, 5.877354403675825, 0.0, 3.938422259469027, -0.9925680134164269, 0.0]","[3.3275287647097525, 5.877354403675825, 0.0, 3.938422259469027, -0.9925680134164269, 0.0]","[2.6066483602692787, 7.063927048631206, 0.5922804862561631, 4.328456933378089, -0.5191964091462088, -0.21358934627719728]","[2.6066483602692787, 7.063927048631206, 0.5922804862561631, 4.328456933378089, -0.5191964091462088, -0.21358934627719728]",COBYLA,240,240,240,241,3,Return from COBYLA because the objective function has been evaluated MAXFUN times.,1.0442550348739437,0.6894587340215406,0.3547963008524031,1.6204170123769337,0.05495666944133955,1.0959733563374812,0.4694869865981127,1.5654603429355947,0.03759483791994459,0.019261648408856885,0.5123482231755628,51.32948537336435,1.7103669100696757,0.1,0.6894587340215406,1.0833333333333333,False,0.03759483791994461,0.042166510749268,True,True,0.9999999999999993,1.0449534878134727,128.42578125,SUCCESS,,False,d7edcf4ca084e975b0b8d916d003c9c772e9c801b06175ee7112ef86cdea99f3,018e499280521e6e6764118d14af76ed4cee74fd501addf4dd69087da5bcc557,False,
phase3-0cd506ae96bdc141abb49cba,PHASE_3_EMPIRICAL_DILUTION_SCALING,PREREGISTERED_EMPIRICAL_DILUTION_SCALING,PRIMARY_MATRIX,development,task-p3-6d8c1ca8f1cd0b67,g-4baa18b9cb3958b8,phase3-m12-b00-g-4baa18b9cb3958b8,12,8,12,4096,6,2,2,0.3333333333333333,0.00048828125,3.311329952303793,P2_O0,MEAN_ENERGY_PREPARATION,COMMON_INITIALIZATION_PREPARATION,2,"[1103, 2207, 3301]",1103.0,1103.0,phase3-0cd506ae96bdc141abb49cba,,"[1.4361119332668082, 4.6766136583430296, 1.8287983773432719, 0.554097077555417]","[3.5832910560962365, 5.823471507134512, 3.9438404678308663, -1.0095246498717858]","[3.5832910560962365, 5.823471507134512, 3.9438404678308663, -1.0095246498717858]",COBYLA,120,120,120,121,3,Return from COBYLA because the objective function has been evaluated MAXFUN times.,2.879584728723457,1.2524279379771301,1.627156790746327,1.2524279379771301,0.025191093378301603,1.1105905702975132,0.1166462743013156,1.2272368445988284,0.0013689339887180214,0.00012414926821521286,0.09069047100764596,2.803576808894508,0.44771245885509314,0.1,1.0672966944818134,1.0833333333333333,False,0.0013689339887180193,0.09321370612461721,True,True,1.0000000000000016,0.41569121181964874,128.01953125,SUCCESS,,False,d7edcf4ca084e975b0b8d916d003c9c772e9c801b06175ee7112ef86cdea99f3,018e499280521e6e6764118d14af76ed4cee74fd501addf4dd69087da5bcc557,False,
phase3-ea20f92f9adbd6fa6a8d24d8,PHASE_3_EMPIRICAL_DILUTION_SCALING,PREREGISTERED_EMPIRICAL_DILUTION_SCALING,PRIMARY_MATRIX,development,task-p3-6d8c1ca8f1cd0b67,g-4baa18b9cb3958b8,phase3-m12-b00-g-4baa18b9cb3958b8,12,8,12,4096,6,2,2,0.3333333333333333,0.00048828125,3.311329952303793,P2_O0,MEAN_ENERGY_PREPARATION,COMMON_INITIALIZATION_PREPARATION,2,"[1103, 2207, 3301]",2207.0,1103.0,phase3-0cd506ae96bdc141abb49cba,,"[4.119365739193051, 4.0465795222369225, 1.5369649905613294, 0.28561357469155796]","[5.415924059568329, 4.10322560871547, 2.450306704661097, 0.14054491533535834]","[5.415924059568329, 4.10322560871547, 2.450306704661097, 0.14054491533535834]",COBYLA,120,120,120,121,3,Return from COBYLA because the objective function has been evaluated MAXFUN times.,2.7322097785033823,1.4869859714701499,1.2452238070332324,1.4869859714701499,0.05993333961158748,1.0603897296344578,0.36666290222410447,1.4270526318585621,0.029069951734684938,0.011367709366026331,0.3910467230828904,59.53526115263475,1.774774263008607,0.1,0.7689287758585307,1.0883584589614739,False,0.02906995173468494,0.0008479452656386388,True,True,0.9999999999999998,0.40278748609125614,128.1953125,SUCCESS,,False,d7edcf4ca084e975b0b8d916d003c9c772e9c801b06175ee7112ef86cdea99f3,018e499280521e6e6764118d14af76ed4cee74fd501addf4dd69087da5bcc557,False,
phase3-76ff337d283b1c07442b6636,PHASE_3_EMPIRICAL_DILUTION_SCALING,PREREGISTERED_EMPIRICAL_DILUTION_SCALING,PRIMARY_MATRIX,development,task-p3-6d8c1ca8f1cd0b67,g-4baa18b9cb3958b8,phase3-m12-b00-g-4baa18b9cb3958b8,12,8,12,4096,6,2,2,0.3333333333333333,0.00048828125,3.311329952303793,P2_O0,MEAN_ENERGY_PREPARATION,COMMON_INITIALIZATION_PREPARATION,2,"[1103, 2207, 3301]",3301.0,1103.0,phase3-0cd506ae96bdc141abb49cba,,"[2.8746040698350956, 3.2295534178963874, 1.3381083226815658, 0.4324890662459698]","[4.4275384628304595, 1.8645139828332358, 2.349520409875131, -0.16960414418053682]","[4.4275384628304595, 1.8645139828332358, 2.349520409875131, -0.16960414418053682]",COBYLA,120,120,120,121,3,Return from COBYLA because the objective function has been evaluated MAXFUN times.,2.9277821486386864,1.6598818318998956,1.2679003167387908,1.6598818318998956,0.059238388938474766,1.1795722220094704,0.42107122095195015,1.6006434429614207,0.012619035047997804,0.0037859908200656702,0.30002221292398845,25.843783778299503,1.4123560988638666,0.1,0.9515693900463075,1.0833333333333333,False,0.012619035047997822,0.07564529239708105,True,True,0.9999999999999987,0.40990765765309334,128.23828125,SUCCESS,,False,d7edcf4ca084e975b0b8d916d003c9c772e9c801b06175ee7112ef86cdea99f3,018e499280521e6e6764118d14af76ed4cee74fd501addf4dd69087da5bcc557,False,
phase3-118f578b12aa70a98100f755,PHASE_3_EMPIRICAL_DILUTION_SCALING,PREREGISTERED_EMPIRICAL_DILUTION_SCALING,PRIMARY_MATRIX,development,task-p3-6d8c1ca8f1cd0b67,g-4baa18b9cb3958b8,phase3-m12-b00-g-4baa18b9cb3958b8,12,8,12,4096,6,2,2,0.3333333333333333,0.00048828125,3.311329952303793,O0,MEAN_ENERGY,STANDARD_BASELINE,3,"[1103, 2207, 3301]",,1103.0,phase3-0cd506ae96bdc141abb49cba,"[3.5832910560962365, 5.823471507134512, 0.0, 3.9438404678308663, -1.0095246498717858, 0.0]","[3.5832910560962365, 5.823471507134512, 0.0, 3.9438404678308663, -1.0095246498717858, 0.0]","[4.315918838586769, 6.4068733067853545, 0.11203870096668804, 3.9805003132066106, -0.9952964334682644, -0.08806215124606362]","[4.315918838586769, 6.4068733067853545, 0.11203870096668804, 3.9805003132066106, -0.9952964334682644, -0.08806215124606362]",COBYLA,240,240,240,241,3,Return from COBYLA because the objective function has been evaluated MAXFUN times.,1.2524279379771301,1.2244700370259223,0.02795790095120787,1.2244700370259223,0.020733127653309473,1.1002920716558249,0.10344483771678686,1.2037369093726122,0.0002605385623577482,0.000167507355045405,0.6429273023138852,0.5335829757086683,-0.2727980353016468,0.1,1.07660667024298,1.0833333333333333,False,0.00026053856235774787,0.09008592713943155,True,True,1.000000000000001,1.0515506695955992,128.359375,SUCCESS,,False,d7edcf4ca084e975b0b8d916d003c9c772e9c801b06175ee7112ef86cdea99f3,018e499280521e6e6764118d14af76ed4cee74fd501addf4dd69087da5bcc557,False,
phase3-367a751496268cb7b6a7a725,PHASE_3_EMPIRICAL_DILUTION_SCALING,PREREGISTERED_EMPIRICAL_DILUTION_SCALING,PRIMARY_MATRIX,development,task-p3-6d8c1ca8f1cd0b67,g-4baa18b9cb3958b8,phase3-m12-b00-g-4baa18b9cb3958b8,12,8,12,4096,6,2,2,0.3333333333333333,0.00048828125,3.311329952303793,O2,EXACT_FEASIBILITY_CAPACITY_CONTROL,STATEVECTOR_MECHANISTIC_CAPACITY_CONTROL,3,"[1103, 2207, 3301]",,1103.0,phase3-0cd506ae96bdc141abb49cba,"[3.5832910560962365, 5.823471507134512, 0.0, 3.9438404678308663, -1.0095246498717858, 0.0]","[3.5832910560962365, 5.823471507134512, 0.0, 3.9438404678308663, -1.0095246498717858, 0.0]","[2.2448854575050157, 6.656234170800158, 0.6315357970519813, 4.395332948653925, -0.47239497566109867, -0.2058214044333648]","[2.2448854575050157, 6.656234170800158, 0.6315357970519813, 4.395332948653925, -0.47239497566109867, -0.2058214044333648]",COBYLA,240,240,240,241,3,Return from COBYLA because the objective function has been evaluated MAXFUN times.,0.9986310660112819,0.9783659964671055,0.020265069544176395,1.7387645659301887,0.06236236419862379,1.0984531138645368,0.5779490878670281,1.6764022017315652,0.021634003532894477,0.01121843942189438,0.5185558652995853,44.30643923536789,1.6464668485969514,0.1,0.8499216624015644,1.0833333333333333,False,0.021634003532894457,0.04115778773491752,True,True,1.000000000000001,1.0296139093115926,128.390625,SUCCESS,,False,d7edcf4ca084e975b0b8d916d003c9c772e9c801b06175ee7112ef86cdea99f3,018e499280521e6e6764118d14af76ed4cee74fd501addf4dd69087da5bcc557,False,
phase3-8236c2de16999472e450604b,PHASE_3_EMPIRICAL_DILUTION_SCALING,PREREGISTERED_EMPIRICAL_DILUTION_SCALING,PRIMARY_MATRIX,development,task-p3-6d8c1ca8f1cd0b67,g-4baa18b9cb3958b8,phase3-m12-b00-g-4baa18b9cb3958b8,12,8,12,4096,6,2,2,0.3333333333333333,0.00048828125,3.311329952303793,O3,CVAR_ENERGY,TAIL_FOCUSED_ROUTING_OBJECTIVE,3,"[1103, 2207, 3301]",,1103.0,phase3-0cd506ae96bdc141abb49cba,"[3.5832910560962365, 5.823471507134512, 0.0, 3.9438404678308663, -1.0095246498717858, 0.0]","[3.5832910560962365, 5.823471507134512, 0.0, 3.9438404678308663, -1.0095246498717858, 0.0]","[2.360744323387319, 6.399196218725894, 0.615978444418999, 4.3566377994226615, -0.4905896376736586, -0.18976922214321038]","[2.360744323387319, 6.399196218725894, 0.615978444418999, 4.3566377994226615, -0.4905896376736586, -0.18976922214321038]",COBYLA,240,240,240,241,3,Return from COBYLA because the objective function has been evaluated MAXFUN times.,1.0672966944818134,0.8727887978429212,0.19450789663889223,1.751629939197853,0.06226929394374166,1.1067194253045154,0.5826412199495952,1.6893606452541108,0.01954610950408418,0.010174969435960315,0.5205623878160636,40.0304322643644,1.6023902798131888,0.1,0.8727887978429212,1.0833333333333333,False,0.019546109504084218,0.04763538045058198,True,True,0.999999999999998,1.048241169191897,128.390625,SUCCESS,,False,d7edcf4ca084e975b0b8d916d003c9c772e9c801b06175ee7112ef86cdea99f3,018e499280521e6e6764118d14af76ed4cee74fd501addf4dd69087da5bcc557,False,
phase3-b65b1da197ab003e94c1c4e7,PHASE_3_EMPIRICAL_DILUTION_SCALING,PREREGISTERED_EMPIRICAL_DILUTION_SCALING,PRIMARY_MATRIX,development,task-p3-49c4d5dae6a8f92a,g-4baa18b9cb3958b8,phase3-m12-b00-g-4baa18b9cb3958b8,12,8,12,4096,6,1,1,0.1666666666666666,0.000244140625,3.612359947967774,P2_O0,MEAN_ENERGY_PREPARATION,COMMON_INITIALIZATION_PREPARATION,2,"[1103, 2207, 3301]",1103.0,1103.0,phase3-b65b1da197ab003e94c1c4e7,,"[1.4361119332668082, 4.6766136583430296, 1.8287983773432719, 0.554097077555417]","[2.855300918594794, 4.67335830831147, 3.787718308811903, -1.064089540930359]","[2.855300918594794, 4.67335830831147, 3.787718308811903, -1.064089540930359]",COBYLA,120,120,120,121,3,Return from COBYLA because the objective function has been evaluated MAXFUN times.,3.1099632652799594,1.4106578895336557,1.6993053757463037,1.4106578895336557,0.025527798345480433,1.1147240011369175,0.2704060900512586,1.3851300911881748,0.001699167770113435,0.001699167770113435,1.0,6.95979118638463,0.8425962097310626,0.1,1.0657728608297652,1.0833333333333333,False,0.001699167770113433,0.0960502326538477,True,True,1.000000000000001,0.4242779053747654,128.03125,SUCCESS,,False,d7edcf4ca084e975b0b8d916d003c9c772e9c801b06175ee7112ef86cdea99f3,018e499280521e6e6764118d14af76ed4cee74fd501addf4dd69087da5bcc557,False,
phase3-3cd0a857d37686ee09f50e16,PHASE_3_EMPIRICAL_DILUTION_SCALING,PREREGISTERED_EMPIRICAL_DILUTION_SCALING,PRIMARY_MATRIX,development,task-p3-49c4d5dae6a8f92a,g-4baa18b9cb3958b8,phase3-m12-b00-g-4baa18b9cb3958b8,12,8,12,4096,6,1,1,0.1666666666666666,0.000244140625,3.612359947967774,P2_O0,MEAN_ENERGY_PREPARATION,COMMON_INITIALIZATION_PREPARATION,2,"[1103, 2207, 3301]",2207.0,1103.0,phase3-b65b1da197ab003e94c1c4e7,,"[4.119365739193051, 4.0465795222369225, 1.5369649905613294, 0.28561357469155796]","[5.12433258982033, 4.096739261021275, 2.3888272091103384, 0.16334995275824682]","[5.12433258982033, 4.096739261021275, 2.3888272091103384, 0.16334995275824682]",COBYLA,120,120,120,121,3,Return from COBYLA because the objective function has been evaluated MAXFUN times.,2.8555833232379215,1.6290919942766422,1.2264913289612793,1.6290919942766422,0.05484822229420292,1.0736985403427433,0.5005452316396959,1.5742437719824394,0.017480092206572373,0.017480092206572373,1.0,71.59845767812044,1.854903667152884,0.1,0.8948673817445059,1.0833333333333333,False,0.017480092206572383,0.026267252650351278,True,True,0.9999999999999993,0.40741185937076807,128.21484375,SUCCESS,,False,d7edcf4ca084e975b0b8d916d003c9c772e9c801b06175ee7112ef86cdea99f3,018e499280521e6e6764118d14af76ed4cee74fd501addf4dd69087da5bcc557,False,
phase3-4696c848f4fd5fa09d3b01f9,PHASE_3_EMPIRICAL_DILUTION_SCALING,PREREGISTERED_EMPIRICAL_DILUTION_SCALING,PRIMARY_MATRIX,development,task-p3-49c4d5dae6a8f92a,g-4baa18b9cb3958b8,phase3-m12-b00-g-4baa18b9cb3958b8,12,8,12,4096,6,1,1,0.1666666666666666,0.000244140625,3.612359947967774,P2_O0,MEAN_ENERGY_PREPARATION,COMMON_INITIALIZATION_PREPARATION,2,"[1103, 2207, 3301]",3301.0,1103.0,phase3-b65b1da197ab003e94c1c4e7,,"[2.8746040698350956, 3.2295534178963874, 1.3381083226815658, 0.4324890662459698]","[4.667584443646077, 3.796433604588867, 2.386319787131551, 0.14671554735992262]","[4.667584443646077, 3.796433604588867, 2.386319787131551, 0.14671554735992262]",COBYLA,120,120,120,121,3,Return from COBYLA because the objective function has been evaluated MAXFUN times.,3.0740511887191593,1.7170612805480086,1.3569899081711507,1.7170612805480086,0.05806802849379418,1.1010222655902537,0.5579709864639598,1.6589932520542139,0.009258421469347276,0.009258421469347276,1.0,37.92249433844644,1.5788968951690987,0.1,0.9793493142732043,1.0833333333333333,False,0.009258421469347284,0.042535464480811115,True,True,0.9999999999999991,0.4114343896508217,128.25390625,SUCCESS,,False,d7edcf4ca084e975b0b8d916d003c9c772e9c801b06175ee7112ef86cdea99f3,018e499280521e6e6764118d14af76ed4cee74fd501addf4dd69087da5bcc557,False,
phase3-3306393c5d225c25a8acf161,PHASE_3_EMPIRICAL_DILUTION_SCALING,PREREGISTERED_EMPIRICAL_DILUTION_SCALING,PRIMARY_MATRIX,development,task-p3-49c4d5dae6a8f92a,g-4baa18b9cb3958b8,phase3-m12-b00-g-4baa18b9cb3958b8,12,8,12,4096,6,1,1,0.1666666666666666,0.000244140625,3.612359947967774,O0,MEAN_ENERGY,STANDARD_BASELINE,3,"[1103, 2207, 3301]",,1103.0,phase3-b65b1da197ab003e94c1c4e7,"[2.855300918594794, 4.67335830831147, 0.0, 3.787718308811903, -1.064089540930359, 0.0]","[2.855300918594794, 4.67335830831147, 0.0, 3.787718308811903, -1.064089540930359, 0.0]","[3.5377653192307204, 5.374709207680374, 0.6329811298599635, 3.963472862973305, -0.9387757698545421, -0.19215752007194944]","[3.5377653192307204, 5.374709207680374, 0.6329811298599635, 3.963472862973305, -0.9387757698545421, -0.19215752007194944]",COBYLA,240,240,240,241,3,Return from COBYLA because the objective function has been evaluated MAXFUN times.,1.4106578895336557,1.2288602412802407,0.18179764825341493,1.2288602412802407,0.01952006747630067,1.0938438036608542,0.11549637014308617,1.2093401738039393,0.0015544190558251147,0.0015544190558251147,1.0,6.36690045265967,0.8039280596646008,0.1,1.0665271089639936,1.0833333333333333,False,0.0015544190558251134,0.09458443503097677,True,True,1.0000000000000009,1.0447801845148206,128.2578125,SUCCESS,,False,d7edcf4ca084e975b0b8d916d003c9c772e9c801b06175ee7112ef86cdea99f3,018e499280521e6e6764118d14af76ed4cee74fd501addf4dd69087da5bcc557,False,
phase3-0f77ae87351d9ca83abbea5f,PHASE_3_EMPIRICAL_DILUTION_SCALING,PREREGISTERED_EMPIRICAL_DILUTION_SCALING,PRIMARY_MATRIX,development,task-p3-49c4d5dae6a8f92a,g-4baa18b9cb3958b8,phase3-m12-b00-g-4baa18b9cb3958b8,12,8,12,4096,6,1,1,0.1666666666666666,0.000244140625,3.612359947967774,O2,EXACT_FEASIBILITY_CAPACITY_CONTROL,STATEVECTOR_MECHANISTIC_CAPACITY_CONTROL,3,"[1103, 2207, 3301]",,1103.0,phase3-b65b1da197ab003e94c1c4e7,"[2.855300918594794, 4.67335830831147, 0.0, 3.787718308811903, -1.064089540930359, 0.0]","[2.855300918594794, 4.67335830831147, 0.0, 3.787718308811903, -1.064089540930359, 0.0]","[2.348971555998765, 4.326880588726423, 0.8398831491945782, 3.6817935142533154, -0.5935923898703159, -0.22652989117279088]","[2.348971555998765, 4.326880588726423, 0.8398831491945782, 3.6817935142533154, -0.5935923898703159, -0.22652989117279088]",COBYLA,240,240,240,241,3,Return from COBYLA because the objective function has been evaluated MAXFUN times.,0.9983008322298865,0.9823551790352028,0.015945653194683773,1.5568572028290109,0.036077222899719485,1.0472229519592662,0.4735570279700248,1.5207799799292907,0.017644820964797237,0.017644820964797237,1.0,72.27318667180948,1.8589772040672707,0.1,0.8971574127135142,1.0833333333333333,False,0.017644820964797265,0.042863272810660866,True,True,0.9999999999999984,1.0279093971475959,128.34375,SUCCESS,,False,d7edcf4ca084e975b0b8d916d003c9c772e9c801b06175ee7112ef86cdea99f3,018e499280521e6e6764118d14af76ed4cee74fd501addf4dd69087da5bcc557,False,
phase3-864a0b1d9c604ec73baadb44,PHASE_3_EMPIRICAL_DILUTION_SCALING,PREREGISTERED_EMPIRICAL_DILUTION_SCALING,PRIMARY_MATRIX,development,task-p3-49c4d5dae6a8f92a,g-4baa18b9cb3958b8,phase3-m12-b00-g-4baa18b9cb3958b8,12,8,12,4096,6,1,1,0.1666666666666666,0.000244140625,3.612359947967774,O3,CVAR_ENERGY,TAIL_FOCUSED_ROUTING_OBJECTIVE,3,"[1103, 2207, 3301]",,1103.0,phase3-b65b1da197ab003e94c1c4e7,"[2.855300918594794, 4.67335830831147, 0.0, 3.787718308811903, -1.064089540930359, 0.0]","[2.855300918594794, 4.67335830831147, 0.0, 3.787718308811903, -1.064089540930359, 0.0]","[2.291945517117535, 4.052873207356518, -1.52487011365929, 3.449798363626767, -0.7016301539715505, 0.2625655942422156]","[2.291945517117535, 4.052873207356518, -1.52487011365929, 3.449798363626767, -0.7016301539715505, 0.2625655942422156]",COBYLA,240,240,240,241,3,Return from COBYLA because the objective function has been evaluated MAXFUN times.,1.0657728608297652,0.6541379589779618,0.4116349018518034,1.8423905323059846,0.0659635314218773,1.0553250237618048,0.7211019771223025,1.7764270008841074,0.041222621401402405,0.041222621401402405,1.0,168.84785726014425,2.2274955536536916,0.1,0.6541379589779618,1.082860991474203,False,0.04122262140140236,0.006703235466628557,True,True,1.000000000000001,1.0740248980000615,128.34375,SUCCESS,,False,d7edcf4ca084e975b0b8d916d003c9c772e9c801b06175ee7112ef86cdea99f3,018e499280521e6e6764118d14af76ed4cee74fd501addf4dd69087da5bcc557,False,
phase3-afbc36e8a236daa11b30406f,PHASE_3_EMPIRICAL_DILUTION_SCALING,PREREGISTERED_EMPIRICAL_DILUTION_SCALING,PRIMARY_MATRIX,development,task-p3-1d61a986ecef93ed,g-275f626d73d8e8bd,phase3-m12-b01-g-275f626d73d8e8bd,12,9,12,4096,6,6,6,1.0,0.00146484375,2.8342086975841307,P2_O0,MEAN_ENERGY_PREPARATION,COMMON_INITIALIZATION_PREPARATION,2,"[1103, 2207, 3301]",1103.0,1103.0,phase3-afbc36e8a236daa11b30406f,,"[1.4361119332668082, 4.6766136583430296, 1.8287983773432719, 0.554097077555417]","[2.395956786184795, 4.233489861947085, 1.4259846885181744, 1.1812005526189515]","[2.395956786184795, 4.233489861947085, 1.4259846885181744, 1.1812005526189515]",COBYLA,120,120,120,121,3,Return from COBYLA because the objective function has been evaluated MAXFUN times.,2.018626173904832,1.8052762628209287,0.21334991108390344,1.8052762628209287,0.13464866066472875,1.2454649276940775,0.42516267446212264,1.6706276021562,0.024778256887150844,0.004153789921678681,0.16763850421748974,16.915290034961643,1.2282794487396371,0.1,0.9060260634662177,1.2116136236739252,False,0.02477825688715089,3.0040624279914496e-05,True,True,0.9999999999999983,0.3986323280259967,128.4609375,SUCCESS,,False,d7edcf4ca084e975b0b8d916d003c9c772e9c801b06175ee7112ef86cdea99f3,018e499280521e6e6764118d14af76ed4cee74fd501addf4dd69087da5bcc557,False,
phase3-edafff123fb2aacce862e43f,PHASE_3_EMPIRICAL_DILUTION_SCALING,PREREGISTERED_EMPIRICAL_DILUTION_SCALING,PRIMARY_MATRIX,development,task-p3-1d61a986ecef93ed,g-275f626d73d8e8bd,phase3-m12-b01-g-275f626d73d8e8bd,12,9,12,4096,6,6,6,1.0,0.00146484375,2.8342086975841307,P2_O0,MEAN_ENERGY_PREPARATION,COMMON_INITIALIZATION_PREPARATION,2,"[1103, 2207, 3301]",2207.0,1103.0,phase3-afbc36e8a236daa11b30406f,,"[4.119365739193051, 4.0465795222369225, 1.5369649905613294, 0.28561357469155796]","[2.5820983188963553, 4.306910062056057, 1.4009511416368388, 1.1728842944736488]","[2.5820983188963553, 4.306910062056057, 1.4009511416368388, 1.1728842944736488]",COBYLA,120,120,120,121,3,Return from COBYLA because the objective function has been evaluated MAXFUN times.,2.278361532462042,1.8081383118510161,0.4702232206110257,1.8081383118510161,0.13386416941521412,1.2462638668629267,0.4280102755728752,1.6742741424358019,0.02471464608619495,0.004061653537534264,0.16434196643434892,16.871865061509087,1.2271630933271893,0.1,0.9055775723114036,1.2015633724176438,False,0.024714646086194895,0.00019025764187921568,True,True,1.0000000000000022,0.41207481548190117,128.4609375,SUCCESS,,False,d7edcf4ca084e975b0b8d916d003c9c772e9c801b06175ee7112ef86cdea99f3,018e499280521e6e6764118d14af76ed4cee74fd501addf4dd69087da5bcc557,False,
phase3-e2f7b615be2b3a59b6bb706c,PHASE_3_EMPIRICAL_DILUTION_SCALING,PREREGISTERED_EMPIRICAL_DILUTION_SCALING,PRIMARY_MATRIX,development,task-p3-1d61a986ecef93ed,g-275f626d73d8e8bd,phase3-m12-b01-g-275f626d73d8e8bd,12,9,12,4096,6,6,6,1.0,0.00146484375,2.8342086975841307,P2_O0,MEAN_ENERGY_PREPARATION,COMMON_INITIALIZATION_PREPARATION,2,"[1103, 2207, 3301]",3301.0,1103.0,phase3-afbc36e8a236daa11b30406f,,"[2.8746040698350956, 3.2295534178963874, 1.3381083226815658, 0.4324890662459698]","[2.553093152450645, 4.195966755375796, 1.39388700503979, 1.174306249268564]","[2.553093152450645, 4.195966755375796, 1.39388700503979, 1.174306249268564]",COBYLA,120,120,120,121,3,Return from COBYLA because the objective function has been evaluated MAXFUN times.,2.227450274876965,1.8076527243976783,0.4197975504792866,1.8076527243976783,0.13351650246169383,1.2486566146486655,0.42547960728731915,1.6741362219359845,0.024075424246853244,0.004002625651236595,0.16625358748391544,16.435489619185148,1.2157826464001815,0.1,0.9117432425371815,1.2015633724176438,False,0.02407542424685324,0.0018165661446288284,True,True,1.0,0.4092937568202615,128.46875,SUCCESS,,False,d7edcf4ca084e975b0b8d916d003c9c772e9c801b06175ee7112ef86cdea99f3,018e499280521e6e6764118d14af76ed4cee74fd501addf4dd69087da5bcc557,False,
phase3-17269d36e2577964c3be303f,PHASE_3_EMPIRICAL_DILUTION_SCALING,PREREGISTERED_EMPIRICAL_DILUTION_SCALING,PRIMARY_MATRIX,development,task-p3-1d61a986ecef93ed,g-275f626d73d8e8bd,phase3-m12-b01-g-275f626d73d8e8bd,12,9,12,4096,6,6,6,1.0,0.00146484375,2.8342086975841307,O0,MEAN_ENERGY,STANDARD_BASELINE,3,"[1103, 2207, 3301]",,1103.0,phase3-afbc36e8a236daa11b30406f,"[2.395956786184795, 4.233489861947085, 0.0, 1.4259846885181744, 1.1812005526189515, 0.0]","[2.395956786184795, 4.233489861947085, 0.0, 1.4259846885181744, 1.1812005526189515, 0.0]","[1.8899409766790263, 4.648676666336612, 1.2875300101078189, 1.4130385413350073, 1.3518393442100969, -0.2283491986981495]","[1.8899409766790263, 4.648676666336612, 1.2875300101078189, 1.4130385413350073, 1.3518393442100969, -0.2283491986981495]",COBYLA,240,240,240,241,3,Return from COBYLA because the objective function has been evaluated MAXFUN times.,1.8052762628209287,1.5901285888454488,0.21514767397547985,1.5901285888454488,0.12866171725222303,1.1771752287869295,0.28429164280629676,1.4614668715932262,0.06899686649524195,0.013045378506154255,0.18907204296087662,47.101860860751835,1.673038065209402,0.1,0.4251832884328656,1.1764377442769403,False,0.06899686649524181,0.0007132937416714086,True,True,1.0000000000000018,1.0347926942631602,128.6640625,SUCCESS,,False,d7edcf4ca084e975b0b8d916d003c9c772e9c801b06175ee7112ef86cdea99f3,018e499280521e6e6764118d14af76ed4cee74fd501addf4dd69087da5bcc557,False,
phase3-21eb71fcffe0232d5b74b173,PHASE_3_EMPIRICAL_DILUTION_SCALING,PREREGISTERED_EMPIRICAL_DILUTION_SCALING,PRIMARY_MATRIX,development,task-p3-1d61a986ecef93ed,g-275f626d73d8e8bd,phase3-m12-b01-g-275f626d73d8e8bd,12,9,12,4096,6,6,6,1.0,0.00146484375,2.8342086975841307,O2,EXACT_FEASIBILITY_CAPACITY_CONTROL,STATEVECTOR_MECHANISTIC_CAPACITY_CONTROL,3,"[1103, 2207, 3301]",,1103.0,phase3-afbc36e8a236daa11b30406f,"[2.395956786184795, 4.233489861947085, 0.0, 1.4259846885181744, 1.1812005526189515, 0.0]","[2.395956786184795, 4.233489861947085, 0.0, 1.4259846885181744, 1.1812005526189515, 0.0]","[2.171847007834087, 4.985820208016962, 1.350957172351683, 1.3374451820001187, 1.3593239891867788, -0.2188157299857414]","[2.171847007834087, 4.985820208016962, 1.350957172351683, 1.3374451820001187, 1.3593239891867788, -0.2188157299857414]",COBYLA,240,240,240,241,3,Return from COBYLA because the objective function has been evaluated MAXFUN times.,0.9752217431128491,0.9260428681123566,0.04917887500049256,1.6181497135434937,0.1311285643354371,1.170725067049752,0.3162960821583048,1.4870211492080565,0.07395713188764338,0.014350335771291656,0.19403586111333884,50.48806870196455,1.7031887581361338,0.1,0.37026823352773197,1.1714126186487996,False,0.07395713188764344,0.0006055902761064741,True,True,0.9999999999999992,1.0387596376240253,128.6640625,SUCCESS,,False,d7edcf4ca084e975b0b8d916d003c9c772e9c801b06175ee7112ef86cdea99f3,018e499280521e6e6764118d14af76ed4cee74fd501addf4dd69087da5bcc557,False,
phase3-280e25619e7078b572270e70,PHASE_3_EMPIRICAL_DILUTION_SCALING,PREREGISTERED_EMPIRICAL_DILUTION_SCALING,PRIMARY_MATRIX,development,task-p3-1d61a986ecef93ed,g-275f626d73d8e8bd,phase3-m12-b01-g-275f626d73d8e8bd,12,9,12,4096,6,6,6,1.0,0.00146484375,2.8342086975841307,O3,CVAR_ENERGY,TAIL_FOCUSED_ROUTING_OBJECTIVE,3,"[1103, 2207, 3301]",,1103.0,phase3-afbc36e8a236daa11b30406f,"[2.395956786184795, 4.233489861947085, 0.0, 1.4259846885181744, 1.1812005526189515, 0.0]","[2.395956786184795, 4.233489861947085, 0.0, 1.4259846885181744, 1.1812005526189515, 0.0]","[2.2054453488439303, 5.020972998078779, 1.3342212725572629, 1.3393562857465917, 1.3505652997211257, -0.22159676302331155]","[2.2054453488439303, 5.020972998078779, 1.3342212725572629, 1.3393562857465917, 1.3505652997211257, -0.22159676302331155]",COBYLA,240,240,240,241,3,Return from COBYLA because the objective function has been evaluated MAXFUN times.,0.9060260634662177,0.3708031056691465,0.5352229577970713,1.6239967768126342,0.13137495441423963,1.1731577705878715,0.31946405181052334,1.492621822398395,0.07393815880874241,0.014193984376009605,0.19197102828494175,50.47511641343482,1.7030773292532015,0.1,0.3708031056691465,1.1714126186487996,False,0.07393815880874234,0.0002079869020427949,True,True,1.000000000000001,1.0621152445673943,128.6640625,SUCCESS,,False,d7edcf4ca084e975b0b8d916d003c9c772e9c801b06175ee7112ef86cdea99f3,018e499280521e6e6764118d14af76ed4cee74fd501addf4dd69087da5bcc557,False,
phase3-1a77da721b190972073d1451,PHASE_3_EMPIRICAL_DILUTION_SCALING,PREREGISTERED_EMPIRICAL_DILUTION_SCALING,PRIMARY_MATRIX,development,task-p3-dd568553252d555a,g-275f626d73d8e8bd,phase3-m12-b01-g-275f626d73d8e8bd,12,9,12,4096,6,5,5,0.8333333333333334,0.001220703125,2.9133899436317554,P2_O0,MEAN_ENERGY_PREPARATION,COMMON_INITIALIZATION_PREPARATION,2,"[1103, 2207, 3301]",1103.0,1103.0,phase3-1a77da721b190972073d1451,,"[1.4361119332668082, 4.6766136583430296, 1.8287983773432719, 0.554097077555417]","[2.5781018832807234, 4.032267809609209, 1.295734092949623, 1.1803387672087116]","[2.5781018832807234, 4.032267809609209, 1.295734092949623, 1.1803387672087116]",COBYLA,120,120,120,121,3,Return from COBYLA because the objective function has been evaluated MAXFUN times.,2.037472474998923,1.8357220604901883,0.20175041450873477,1.8357220604901883,0.1315125416686645,1.2586895402287932,0.4455199785927306,1.7042095188215236,0.018703587209513393,0.004034215746150897,0.21569208628058972,15.321978642033372,1.1853148526222756,0.1,0.968761559059819,1.2166387493020658,False,0.018703587209513407,0.0008336071755910834,True,True,0.9999999999999992,0.40780790243297815,127.98046875,SUCCESS,,False,d7edcf4ca084e975b0b8d916d003c9c772e9c801b06175ee7112ef86cdea99f3,018e499280521e6e6764118d14af76ed4cee74fd501addf4dd69087da5bcc557,False,
phase3-cd0359729a6838a74a5c3006,PHASE_3_EMPIRICAL_DILUTION_SCALING,PREREGISTERED_EMPIRICAL_DILUTION_SCALING,PRIMARY_MATRIX,development,task-p3-dd568553252d555a,g-275f626d73d8e8bd,phase3-m12-b01-g-275f626d73d8e8bd,12,9,12,4096,6,5,5,0.8333333333333334,0.001220703125,2.9133899436317554,P2_O0,MEAN_ENERGY_PREPARATION,COMMON_INITIALIZATION_PREPARATION,2,"[1103, 2207, 3301]",2207.0,1103.0,phase3-1a77da721b190972073d1451,,"[4.119365739193051, 4.0465795222369225, 1.5369649905613294, 0.28561357469155796]","[2.682692304280606, 4.115582918304907, 1.2827371201398163, 1.1742445392071414]","[2.682692304280606, 4.115582918304907, 1.2827371201398163, 1.1742445392071414]",COBYLA,120,120,120,121,3,Return from COBYLA because the objective function has been evaluated MAXFUN times.,2.3040068374461047,1.8371730361539735,0.46683380129213115,1.8371730361539735,0.13142195320422853,1.2603958927234198,0.44535519022632564,1.7057510829497455,0.018369918448543975,0.003937791887537879,0.21436088018398325,15.048637193047224,1.1774971719339733,0.1,0.972936883855768,1.2166387493020658,False,0.01836991844854396,0.0029038274029556527,True,True,1.0000000000000007,0.40403739642351866,127.98046875,SUCCESS,,False,d7edcf4ca084e975b0b8d916d003c9c772e9c801b06175ee7112ef86cdea99f3,018e499280521e6e6764118d14af76ed4cee74fd501addf4dd69087da5bcc557,False,
phase3-48faa9115bb365ebd857420b,PHASE_3_EMPIRICAL_DILUTION_SCALING,PREREGISTERED_EMPIRICAL_DILUTION_SCALING,PRIMARY_MATRIX,development,task-p3-dd568553252d555a,g-275f626d73d8e8bd,phase3-m12-b01-g-275f626d73d8e8bd,12,9,12,4096,6,5,5,0.8333333333333334,0.001220703125,2.9133899436317554,P2_O0,MEAN_ENERGY_PREPARATION,COMMON_INITIALIZATION_PREPARATION,2,"[1103, 2207, 3301]",3301.0,1103.0,phase3-1a77da721b190972073d1451,,"[2.8746040698350956, 3.2295534178963874, 1.3381083226815658, 0.4324890662459698]","[2.699786337524875, 3.948394470070443, 1.2809261799092915, 1.1732048709650742]","[2.699786337524875, 3.948394470070443, 1.2809261799092915, 1.1732048709650742]",COBYLA,120,120,120,121,3,Return from COBYLA because the objective function has been evaluated MAXFUN times.,2.281710220519181,1.83702189501528,0.44468832550390114,1.83702189501528,0.13113446671965362,1.2646245770790436,0.441262851216583,1.7058874282956262,0.017616692526026285,0.003849555529050389,0.21851749545853688,14.431594517320733,1.1593143180523562,0.1,0.980176328308226,1.2166387493020658,False,0.017616692526026302,0.002877873615607887,True,True,0.9999999999999988,0.42122776061296463,127.98046875,SUCCESS,,False,d7edcf4ca084e975b0b8d916d003c9c772e9c801b06175ee7112ef86cdea99f3,018e499280521e6e6764118d14af76ed4cee74fd501addf4dd69087da5bcc557,False,
phase3-c8cecaeebf45af662369116c,PHASE_3_EMPIRICAL_DILUTION_SCALING,PREREGISTERED_EMPIRICAL_DILUTION_SCALING,PRIMARY_MATRIX,development,task-p3-dd568553252d555a,g-275f626d73d8e8bd,phase3-m12-b01-g-275f626d73d8e8bd,12,9,12,4096,6,5,5,0.8333333333333334,0.001220703125,2.9133899436317554,O0,MEAN_ENERGY,STANDARD_BASELINE,3,"[1103, 2207, 3301]",,1103.0,phase3-1a77da721b190972073d1451,"[2.5781018832807234, 4.032267809609209, 0.0, 1.295734092949623, 1.1803387672087116, 0.0]","[2.5781018832807234, 4.032267809609209, 0.0, 1.295734092949623, 1.1803387672087116, 0.0]","[2.063134462174553, 4.354372576041403, 1.1399789726646414, 1.3301987303053284, 1.404172041057242, -0.24176279080949664]","[2.063134462174553, 4.354372576041403, 1.1399789726646414, 1.3301987303053284, 1.404172041057242, -0.24176279080949664]",COBYLA,240,240,240,241,3,Return from COBYLA because the objective function has been evaluated MAXFUN times.,1.8357220604901883,1.6234877536809786,0.21223430680920963,1.6234877536809786,0.12611010668826703,1.1846715660632996,0.31270608092941193,1.4973776469927116,0.059888380702711234,0.014647076855240108,0.24457293190057838,49.060561471661046,1.6907325141648797,0.1,0.5158598985517352,1.1714126186487996,False,0.059888380702711214,0.0007079837027414576,True,True,1.0000000000000004,1.0319560412317514,128.609375,SUCCESS,,False,d7edcf4ca084e975b0b8d916d003c9c772e9c801b06175ee7112ef86cdea99f3,018e499280521e6e6764118d14af76ed4cee74fd501addf4dd69087da5bcc557,False,
phase3-b680edf72fd92af5a0939f8c,PHASE_3_EMPIRICAL_DILUTION_SCALING,PREREGISTERED_EMPIRICAL_DILUTION_SCALING,PRIMARY_MATRIX,development,task-p3-dd568553252d555a,g-275f626d73d8e8bd,phase3-m12-b01-g-275f626d73d8e8bd,12,9,12,4096,6,5,5,0.8333333333333334,0.001220703125,2.9133899436317554,O2,EXACT_FEASIBILITY_CAPACITY_CONTROL,STATEVECTOR_MECHANISTIC_CAPACITY_CONTROL,3,"[1103, 2207, 3301]",,1103.0,phase3-1a77da721b190972073d1451,"[2.5781018832807234, 4.032267809609209, 0.0, 1.295734092949623, 1.1803387672087116, 0.0]","[2.5781018832807234, 4.032267809609209, 0.0, 1.295734092949623, 1.1803387672087116, 0.0]","[2.2955767848014306, 4.630048921904375, -1.0582441217763834, 1.3535908729167947, 1.1586315453068923, 0.19858139816985323]","[2.2955767848014306, 4.630048921904375, -1.0582441217763834, 1.3535908729167947, 1.1586315453068923, 0.19858139816985323]",COBYLA,240,240,240,241,3,Return from COBYLA because the objective function has been evaluated MAXFUN times.,0.9812964127904866,0.9459897016440887,0.03530671114639794,1.6811614261759429,0.12914218063611813,1.1861800836545364,0.36583916188528837,1.5520192455398245,0.054010298355911285,0.01264871452538702,0.23419079157896658,44.24523641316252,1.6458665199866025,0.1,0.5801403067983565,1.1714126186487996,False,0.0540102983559112,0.0027485022941124287,True,True,1.0000000000000016,1.0285273175686598,128.609375,SUCCESS,,False,d7edcf4ca084e975b0b8d916d003c9c772e9c801b06175ee7112ef86cdea99f3,018e499280521e6e6764118d14af76ed4cee74fd501addf4dd69087da5bcc557,False,
phase3-f5ca44b276b2921217245c78,PHASE_3_EMPIRICAL_DILUTION_SCALING,PREREGISTERED_EMPIRICAL_DILUTION_SCALING,PRIMARY_MATRIX,development,task-p3-dd568553252d555a,g-275f626d73d8e8bd,phase3-m12-b01-g-275f626d73d8e8bd,12,9,12,4096,6,5,5,0.8333333333333334,0.001220703125,2.9133899436317554,O3,CVAR_ENERGY,TAIL_FOCUSED_ROUTING_OBJECTIVE,3,"[1103, 2207, 3301]",,1103.0,phase3-1a77da721b190972073d1451,"[2.5781018832807234, 4.032267809609209, 0.0, 1.295734092949623, 1.1803387672087116, 0.0]","[2.5781018832807234, 4.032267809609209, 0.0, 1.295734092949623, 1.1803387672087116, 0.0]","[2.319466795731037, 4.725379489128661, -1.0453558614139797, 1.347808694309762, 1.154911685253374, 0.20021816374408158]","[2.319466795731037, 4.725379489128661, -1.0453558614139797, 1.347808694309762, 1.154911685253374, 0.20021816374408158]",COBYLA,240,240,240,241,3,Return from COBYLA because the objective function has been evaluated MAXFUN times.,0.968761559059819,0.5807739212207405,0.3879876378390785,1.6838352295878134,0.12928533563899827,1.1841546309649305,0.3703952629838848,1.5545498939488152,0.05393249283074501,0.012598936289509269,0.23360567309670247,44.181498126946316,1.64524043804594,0.1,0.5807739212207405,1.1714126186487996,False,0.05393249283074503,0.0020258699118596707,True,True,0.9999999999999998,1.0723396046087146,128.609375,SUCCESS,,False,d7edcf4ca084e975b0b8d916d003c9c772e9c801b06175ee7112ef86cdea99f3,018e499280521e6e6764118d14af76ed4cee74fd501addf4dd69087da5bcc557,False,
phase3-f72b6f677c79f80c17c93503,PHASE_3_EMPIRICAL_DILUTION_SCALING,PREREGISTERED_EMPIRICAL_DILUTION_SCALING,PRIMARY_MATRIX,development,task-p3-27a1403f5392965d,g-275f626d73d8e8bd,phase3-m12-b01-g-275f626d73d8e8bd,12,9,12,4096,6,4,4,0.6666666666666666,0.0009765625,3.010299956639812,P2_O0,MEAN_ENERGY_PREPARATION,COMMON_INITIALIZATION_PREPARATION,2,"[1103, 2207, 3301]",1103.0,1103.0,phase3-f72b6f677c79f80c17c93503,,"[1.4361119332668082, 4.6766136583430296, 1.8287983773432719, 0.554097077555417]","[1.6348274812098484, 4.46493322593961, 2.34920362771019, 0.11144771229757937]","[1.6348274812098484, 4.46493322593961, 2.34920362771019, 0.11144771229757937]",COBYLA,120,120,120,121,3,Return from COBYLA because the objective function has been evaluated MAXFUN times.,2.0517997524236256,1.7354411680278548,0.3163585843957708,1.7354411680278548,0.12125899336305261,1.365739101556779,0.24844307310802322,1.6141821746648024,0.007252988797526516,0.001782069271342823,0.24570136823464575,7.427060528667153,0.8708169633203402,0.1,1.1252091263369806,1.2674483528754885,False,0.0072529887975265085,0.001044909556897386,True,True,1.000000000000001,0.40431893803179264,127.83203125,SUCCESS,,False,d7edcf4ca084e975b0b8d916d003c9c772e9c801b06175ee7112ef86cdea99f3,018e499280521e6e6764118d14af76ed4cee74fd501addf4dd69087da5bcc557,False,
phase3-ed45031d857923a7d23091fa,PHASE_3_EMPIRICAL_DILUTION_SCALING,PREREGISTERED_EMPIRICAL_DILUTION_SCALING,PRIMARY_MATRIX,development,task-p3-27a1403f5392965d,g-275f626d73d8e8bd,phase3-m12-b01-g-275f626d73d8e8bd,12,9,12,4096,6,4,4,0.6666666666666666,0.0009765625,3.010299956639812,P2_O0,MEAN_ENERGY_PREPARATION,COMMON_INITIALIZATION_PREPARATION,2,"[1103, 2207, 3301]",2207.0,1103.0,phase3-f72b6f677c79f80c17c93503,,"[4.119365739193051, 4.0465795222369225, 1.5369649905613294, 0.28561357469155796]","[2.6784143557557565, 4.041706659803906, 1.2546911160631296, 1.176412311373797]","[2.6784143557557565, 4.041706659803906, 1.2546911160631296, 1.176412311373797]",COBYLA,120,120,120,121,3,Return from COBYLA because the objective function has been evaluated MAXFUN times.,2.3278506058132376,1.8555021865474084,0.47234841926582916,1.8555021865474084,0.13108749203063186,1.2641144928154469,0.46030020170132946,1.7244146945167764,0.014876467612779408,0.0033620898142292716,0.22600054675218184,15.233502835486114,1.1827997777423152,0.1,1.0100360856752573,1.2166387493020658,False,0.014876467612779432,0.0011423351788339975,True,True,0.9999999999999983,0.4075535014271736,127.83203125,SUCCESS,,False,d7edcf4ca084e975b0b8d916d003c9c772e9c801b06175ee7112ef86cdea99f3,018e499280521e6e6764118d14af76ed4cee74fd501addf4dd69087da5bcc557,False,
phase3-5ff5f9a82562159ef0194450,PHASE_3_EMPIRICAL_DILUTION_SCALING,PREREGISTERED_EMPIRICAL_DILUTION_SCALING,PRIMARY_MATRIX,development,task-p3-27a1403f5392965d,g-275f626d73d8e8bd,phase3-m12-b01-g-275f626d73d8e8bd,12,9,12,4096,6,4,4,0.6666666666666666,0.0009765625,3.010299956639812,P2_O0,MEAN_ENERGY_PREPARATION,COMMON_INITIALIZATION_PREPARATION,2,"[1103, 2207, 3301]",3301.0,1103.0,phase3-f72b6f677c79f80c17c93503,,"[2.8746040698350956, 3.2295534178963874, 1.3381083226815658, 0.4324890662459698]","[2.7821778090739144, 3.920529022052728, 1.2578579459144372, 1.1689137124899556]","[2.7821778090739144, 3.920529022052728, 1.2578579459144372, 1.1689137124899556]",COBYLA,120,120,120,121,3,Return from COBYLA because the objective function has been evaluated MAXFUN times.,2.329730275782489,1.8547098935836193,0.47502038219886966,1.8547098935836193,0.1307806032798966,1.2686922628670159,0.4552370274367064,1.7239292903037224,0.014604373775084944,0.0033330251038207587,0.22822102167139122,14.954878745686983,1.1747828961174183,0.1,1.0124645393823324,1.2166387493020658,False,0.014604373775084934,0.0014557253565205541,True,True,1.0000000000000009,0.393238783814013,127.83203125,SUCCESS,,False,d7edcf4ca084e975b0b8d916d003c9c772e9c801b06175ee7112ef86cdea99f3,018e499280521e6e6764118d14af76ed4cee74fd501addf4dd69087da5bcc557,False,
phase3-c73f2d5e45362da0fa81a12c,PHASE_3_EMPIRICAL_DILUTION_SCALING,PREREGISTERED_EMPIRICAL_DILUTION_SCALING,PRIMARY_MATRIX,development,task-p3-27a1403f5392965d,g-275f626d73d8e8bd,phase3-m12-b01-g-275f626d73d8e8bd,12,9,12,4096,6,4,4,0.6666666666666666,0.0009765625,3.010299956639812,O0,MEAN_ENERGY,STANDARD_BASELINE,3,"[1103, 2207, 3301]",,1103.0,phase3-f72b6f677c79f80c17c93503,"[1.6348274812098484, 4.46493322593961, 0.0, 2.34920362771019, 0.11144771229757937, 0.0]","[1.6348274812098484, 4.46493322593961, 0.0, 2.34920362771019, 0.11144771229757937, 0.0]","[1.5329720013044281, 4.86454100850166, 0.8724354942507938, 2.279182087941617, 0.5843838057699037, -0.4764451888687276]","[1.5329720013044281, 4.86454100850166, 0.8724354942507938, 2.279182087941617, 0.5843838057699037, -0.4764451888687276]",COBYLA,240,240,240,241,3,Return from COBYLA because the objective function has been evaluated MAXFUN times.,1.7354411680278548,1.6448515644628785,0.09058960356497625,1.6448515644628785,0.10602359958864993,1.3401596064565602,0.1986683584176686,1.5388279648742285,0.004652750908200856,0.0009186157500272196,0.1974349730195278,4.764416929997677,0.6780097592075583,0.1,1.117072823180725,1.2372975991066444,False,0.004652750908200868,0.006349644193421142,True,True,0.9999999999999978,1.0268929041922092,128.69140625,SUCCESS,,False,d7edcf4ca084e975b0b8d916d003c9c772e9c801b06175ee7112ef86cdea99f3,018e499280521e6e6764118d14af76ed4cee74fd501addf4dd69087da5bcc557,False,
phase3-aab9869fa3584801f017ef96,PHASE_3_EMPIRICAL_DILUTION_SCALING,PREREGISTERED_EMPIRICAL_DILUTION_SCALING,PRIMARY_MATRIX,development,task-p3-27a1403f5392965d,g-275f626d73d8e8bd,phase3-m12-b01-g-275f626d73d8e8bd,12,9,12,4096,6,4,4,0.6666666666666666,0.0009765625,3.010299956639812,O2,EXACT_FEASIBILITY_CAPACITY_CONTROL,STATEVECTOR_MECHANISTIC_CAPACITY_CONTROL,3,"[1103, 2207, 3301]",,1103.0,phase3-f72b6f677c79f80c17c93503,"[1.6348274812098484, 4.46493322593961, 0.0, 2.34920362771019, 0.11144771229757937, 0.0]","[1.6348274812098484, 4.46493322593961, 0.0, 2.34920362771019, 0.11144771229757937, 0.0]","[1.8598427845058554, 4.797578333991148, 1.1148659044872617, 3.1348060992681965, -0.4035151824855167, -0.17988880787186812]","[1.8598427845058554, 4.797578333991148, 1.1148659044872617, 3.1348060992681965, -0.4035151824855167, -0.17988880787186812]",COBYLA,240,240,240,241,3,Return from COBYLA because the objective function has been evaluated MAXFUN times.,0.9927470112024734,0.9236801389506639,0.06906687225180952,1.425375101494943,0.09958260720023264,1.1052669784785265,0.22052551581618376,1.3257924942947101,0.07631986104933605,0.02533787516448805,0.3319958241028333,78.15153771452012,1.8929375276445306,0.1,0.32530156101070273,1.1261864879955332,False,0.07631986104933608,0.002124232282909172,True,True,0.9999999999999996,1.0326824923977256,128.69140625,SUCCESS,,False,d7edcf4ca084e975b0b8d916d003c9c772e9c801b06175ee7112ef86cdea99f3,018e499280521e6e6764118d14af76ed4cee74fd501addf4dd69087da5bcc557,False,
phase3-a739622b97ee4417bbb4579a,PHASE_3_EMPIRICAL_DILUTION_SCALING,PREREGISTERED_EMPIRICAL_DILUTION_SCALING,PRIMARY_MATRIX,development,task-p3-27a1403f5392965d,g-275f626d73d8e8bd,phase3-m12-b01-g-275f626d73d8e8bd,12,9,12,4096,6,4,4,0.6666666666666666,0.0009765625,3.010299956639812,O3,CVAR_ENERGY,TAIL_FOCUSED_ROUTING_OBJECTIVE,3,"[1103, 2207, 3301]",,1103.0,phase3-f72b6f677c79f80c17c93503,"[1.6348274812098484, 4.46493322593961, 0.0, 2.34920362771019, 0.11144771229757937, 0.0]","[1.6348274812098484, 4.46493322593961, 0.0, 2.34920362771019, 0.11144771229757937, 0.0]","[2.212959165422648, 4.43418308059305, 1.084895850782727, 3.1354201904259527, -0.4050279803948379, -0.18021589186362075]","[2.212959165422648, 4.43418308059305, 1.084895850782727, 3.1354201904259527, -0.4050279803948379, -0.18021589186362075]",COBYLA,240,240,240,241,3,Return from COBYLA because the objective function has been evaluated MAXFUN times.,1.1252091263369806,0.32933692250715924,0.7958722038298214,1.4239679604440763,0.09958815734692052,1.1063503710674758,0.21802943202967973,1.3243798030971556,0.07595028220656354,0.025197379240032958,0.33176149591522425,77.77308897952106,1.8908293485387566,0.1,0.32933692250715924,1.1261864879955332,False,0.07595028220656341,0.0027172816566471553,True,True,1.0000000000000018,1.0640114154666662,128.69140625,SUCCESS,,False,d7edcf4ca084e975b0b8d916d003c9c772e9c801b06175ee7112ef86cdea99f3,018e499280521e6e6764118d14af76ed4cee74fd501addf4dd69087da5bcc557,False,
phase3-5f99f52ffc2df1cafe5138cc,PHASE_3_EMPIRICAL_DILUTION_SCALING,PREREGISTERED_EMPIRICAL_DILUTION_SCALING,PRIMARY_MATRIX,development,task-p3-e8f743802f42a17f,g-275f626d73d8e8bd,phase3-m12-b01-g-275f626d73d8e8bd,12,9,12,4096,6,3,3,0.5,0.000732421875,3.135238693248112,P2_O0,MEAN_ENERGY_PREPARATION,COMMON_INITIALIZATION_PREPARATION,2,"[1103, 2207, 3301]",1103.0,2207.0,phase3-6de38bc6fb7c3d63d495247d,,"[1.4361119332668082, 4.6766136583430296, 1.8287983773432719, 0.554097077555417]","[2.1908225117593925, 4.437699216754355, 2.3261868596869903, 0.11672270228004701]","[2.1908225117593925, 4.437699216754355, 2.3261868596869903, 0.11672270228004701]",COBYLA,120,120,120,121,3,Return from COBYLA because the objective function has been evaluated MAXFUN times.,2.452481474428459,1.8977690334589543,0.5547124409695046,1.8977690334589543,0.12352986358058268,1.3706564030815689,0.40358276679680244,1.7742391698783715,0.0062590880295327125,0.0015562848145756023,0.24864402085934403,8.545741522988664,0.9317497528812062,0.1,1.1311639005019303,1.262423227247348,False,0.006259088029532707,0.0007200707949521351,True,True,1.0000000000000007,0.3927124170586467,127.9453125,SUCCESS,,False,d7edcf4ca084e975b0b8d916d003c9c772e9c801b06175ee7112ef86cdea99f3,018e499280521e6e6764118d14af76ed4cee74fd501addf4dd69087da5bcc557,False,
phase3-6de38bc6fb7c3d63d495247d,PHASE_3_EMPIRICAL_DILUTION_SCALING,PREREGISTERED_EMPIRICAL_DILUTION_SCALING,PRIMARY_MATRIX,development,task-p3-e8f743802f42a17f,g-275f626d73d8e8bd,phase3-m12-b01-g-275f626d73d8e8bd,12,9,12,4096,6,3,3,0.5,0.000732421875,3.135238693248112,P2_O0,MEAN_ENERGY_PREPARATION,COMMON_INITIALIZATION_PREPARATION,2,"[1103, 2207, 3301]",2207.0,2207.0,phase3-6de38bc6fb7c3d63d495247d,,"[4.119365739193051, 4.0465795222369225, 1.5369649905613294, 0.28561357469155796]","[2.5973596785040844, 4.258506493945563, 3.199600857301359, -0.6588586401869866]","[2.5973596785040844, 4.258506493945563, 3.199600857301359, -0.6588586401869866]",COBYLA,120,120,120,121,3,Return from COBYLA because the objective function has been evaluated MAXFUN times.,2.597754708733505,1.6994163589227163,0.8983383498107886,1.6994163589227163,0.09366316735287959,1.2081242275241135,0.3976289640457229,1.6057531915698369,0.017891342408805147,0.006162275392595664,0.34442778254374734,24.427646168821962,1.3878816206720732,0.1,0.9359441791736667,1.1362367392518147,False,0.01789134240880515,0.008140278732055473,True,True,0.9999999999999998,0.3876391761004925,127.9453125,SUCCESS,,False,d7edcf4ca084e975b0b8d916d003c9c772e9c801b06175ee7112ef86cdea99f3,018e499280521e6e6764118d14af76ed4cee74fd501addf4dd69087da5bcc557,False,
phase3-8856e8af37b5ef0c79bae578,PHASE_3_EMPIRICAL_DILUTION_SCALING,PREREGISTERED_EMPIRICAL_DILUTION_SCALING,PRIMARY_MATRIX,development,task-p3-e8f743802f42a17f,g-275f626d73d8e8bd,phase3-m12-b01-g-275f626d73d8e8bd,12,9,12,4096,6,3,3,0.5,0.000732421875,3.135238693248112,P2_O0,MEAN_ENERGY_PREPARATION,COMMON_INITIALIZATION_PREPARATION,2,"[1103, 2207, 3301]",3301.0,2207.0,phase3-6de38bc6fb7c3d63d495247d,,"[2.8746040698350956, 3.2295534178963874, 1.3381083226815658, 0.4324890662459698]","[2.2892028888265448, 4.060840950453638, 2.36430867115976, 0.10858685960205278]","[2.2892028888265448, 4.060840950453638, 2.36430867115976, 0.10858685960205278]",COBYLA,120,120,120,121,3,Return from COBYLA because the objective function has been evaluated MAXFUN times.,2.710841726538135,1.9056174063065916,0.8052243202315432,1.9056174063065916,0.1234593486403631,1.3554225195334277,0.42673553813280063,1.7821580576662286,0.0060367525111939165,0.0011992908871994367,0.19866490881903778,8.24217942861676,0.9160420646911117,0.1,1.124885799078144,1.2573981016192073,False,0.006036752511193923,2.38204322279556e-06,True,True,0.9999999999999989,0.39763776306062937,127.9453125,SUCCESS,,False,d7edcf4ca084e975b0b8d916d003c9c772e9c801b06175ee7112ef86cdea99f3,018e499280521e6e6764118d14af76ed4cee74fd501addf4dd69087da5bcc557,False,
phase3-b9f09fd9253bbb20cc74f165,PHASE_3_EMPIRICAL_DILUTION_SCALING,PREREGISTERED_EMPIRICAL_DILUTION_SCALING,PRIMARY_MATRIX,development,task-p3-e8f743802f42a17f,g-275f626d73d8e8bd,phase3-m12-b01-g-275f626d73d8e8bd,12,9,12,4096,6,3,3,0.5,0.000732421875,3.135238693248112,O0,MEAN_ENERGY,STANDARD_BASELINE,3,"[1103, 2207, 3301]",,2207.0,phase3-6de38bc6fb7c3d63d495247d,"[2.5973596785040844, 4.258506493945563, 0.0, 3.199600857301359, -0.6588586401869866, 0.0]","[2.5973596785040844, 4.258506493945563, 0.0, 3.199600857301359, -0.6588586401869866, 0.0]","[2.167530953727962, 4.011044260414025, 0.8441162237337955, 3.2274893545200363, -0.48821037748674884, -0.2075900173382775]","[2.167530953727962, 4.011044260414025, 0.8441162237337955, 3.2274893545200363, -0.48821037748674884, -0.2075900173382775]",COBYLA,240,240,240,241,3,Return from COBYLA because the objective function has been evaluated MAXFUN times.,1.6994163589227163,1.5656422587252212,0.13377410019749503,1.5656422587252212,0.0894621792590924,1.1589050349514287,0.3172750445147001,1.476180079466129,0.04274383781670008,0.013477632421429495,0.31531170596393576,58.35958656573451,1.766112206578917,0.1,0.6717814936572278,1.1261864879955332,False,0.04274383781670013,0.027252357781855446,True,True,0.9999999999999989,1.0211322847753763,128.6015625,SUCCESS,,False,d7edcf4ca084e975b0b8d916d003c9c772e9c801b06175ee7112ef86cdea99f3,018e499280521e6e6764118d14af76ed4cee74fd501addf4dd69087da5bcc557,False,
phase3-b05c146c315ef6a212dbdbf7,PHASE_3_EMPIRICAL_DILUTION_SCALING,PREREGISTERED_EMPIRICAL_DILUTION_SCALING,PRIMARY_MATRIX,development,task-p3-e8f743802f42a17f,g-275f626d73d8e8bd,phase3-m12-b01-g-275f626d73d8e8bd,12,9,12,4096,6,3,3,0.5,0.000732421875,3.135238693248112,O2,EXACT_FEASIBILITY_CAPACITY_CONTROL,STATEVECTOR_MECHANISTIC_CAPACITY_CONTROL,3,"[1103, 2207, 3301]",,2207.0,phase3-6de38bc6fb7c3d63d495247d,"[2.5973596785040844, 4.258506493945563, 0.0, 3.199600857301359, -0.6588586401869866, 0.0]","[2.5973596785040844, 4.258506493945563, 0.0, 3.199600857301359, -0.6588586401869866, 0.0]","[2.67744524148442, 4.0958328081207735, -1.1575548544451877, 3.069741269726586, -0.49424554893130745, 0.1964989269675972]","[2.67744524148442, 4.0958328081207735, -1.1575548544451877, 3.069741269726586, -0.49424554893130745, 0.1964989269675972]",COBYLA,240,240,240,241,3,Return from COBYLA because the objective function has been evaluated MAXFUN times.,0.9821086575911948,0.9214031267611216,0.06070553083007324,1.6904091115975233,0.11072096703393827,1.0850567396416895,0.49463140492189556,1.579688144563585,0.07859687323887837,0.029235055191632695,0.37196206397141274,107.31093092881527,2.0306439624158674,0.1,0.2946007946726696,1.1111111111111112,False,0.07859687323887835,0.007008433755656532,True,True,1.0000000000000004,1.04048634134233,128.61328125,SUCCESS,,False,d7edcf4ca084e975b0b8d916d003c9c772e9c801b06175ee7112ef86cdea99f3,018e499280521e6e6764118d14af76ed4cee74fd501addf4dd69087da5bcc557,False,
phase3-66021c9d2d116eee560ebd75,PHASE_3_EMPIRICAL_DILUTION_SCALING,PREREGISTERED_EMPIRICAL_DILUTION_SCALING,PRIMARY_MATRIX,development,task-p3-e8f743802f42a17f,g-275f626d73d8e8bd,phase3-m12-b01-g-275f626d73d8e8bd,12,9,12,4096,6,3,3,0.5,0.000732421875,3.135238693248112,O3,CVAR_ENERGY,TAIL_FOCUSED_ROUTING_OBJECTIVE,3,"[1103, 2207, 3301]",,2207.0,phase3-6de38bc6fb7c3d63d495247d,"[2.5973596785040844, 4.258506493945563, 0.0, 3.199600857301359, -0.6588586401869866, 0.0]","[2.5973596785040844, 4.258506493945563, 0.0, 3.199600857301359, -0.6588586401869866, 0.0]","[2.529536457483064, 4.1736191672666685, -1.156526473094067, 3.0770560166544043, -0.497035402677402, 0.19899683458220147]","[2.529536457483064, 4.1736191672666685, -1.156526473094067, 3.0770560166544043, -0.497035402677402, 0.19899683458220147]",COBYLA,240,240,240,241,3,Return from COBYLA because the objective function has been evaluated MAXFUN times.,0.9359441791736667,0.3006538748079745,0.6352903043656921,1.6878126282752863,0.11074065328593807,1.0867169379854758,0.49035503700387223,1.577071974989348,0.07802248590137112,0.02881390519863406,0.36930257817032336,106.52670075067203,2.027458476650812,0.1,0.3006538748079745,1.1111111111111112,False,0.07802248590137109,0.007688266740094166,True,True,1.0000000000000004,1.083563501946628,128.61328125,SUCCESS,,False,d7edcf4ca084e975b0b8d916d003c9c772e9c801b06175ee7112ef86cdea99f3,018e499280521e6e6764118d14af76ed4cee74fd501addf4dd69087da5bcc557,False,
phase3-5054180395616353a66edc26,PHASE_3_EMPIRICAL_DILUTION_SCALING,PREREGISTERED_EMPIRICAL_DILUTION_SCALING,PRIMARY_MATRIX,development,task-p3-f7556266a069262a,g-275f626d73d8e8bd,phase3-m12-b01-g-275f626d73d8e8bd,12,9,12,4096,6,2,2,0.3333333333333333,0.00048828125,3.311329952303793,P2_O0,MEAN_ENERGY_PREPARATION,COMMON_INITIALIZATION_PREPARATION,2,"[1103, 2207, 3301]",1103.0,2207.0,phase3-bb4037f26c8895bc3273c287,,"[1.4361119332668082, 4.6766136583430296, 1.8287983773432719, 0.554097077555417]","[2.4143812443974917, 4.356925808614221, 2.3321715161286156, 0.1166289518929079]","[2.4143812443974917, 4.356925808614221, 2.3321715161286156, 0.1166289518929079]",COBYLA,120,120,120,121,3,Return from COBYLA because the objective function has been evaluated MAXFUN times.,2.556177679446134,1.9371285796273072,0.6190490998188267,1.9371285796273072,0.12331046620413913,1.3677377281343932,0.4460803852887752,1.8138181134231681,0.004087282729118851,0.002702759522037598,0.6612607204249527,8.370755029235406,0.9227646324546582,0.1,1.1490695619467255,1.2573981016192073,False,0.0040872827291188515,0.0015525383126406417,True,True,0.9999999999999998,0.4085003063082695,127.58203125,SUCCESS,,False,d7edcf4ca084e975b0b8d916d003c9c772e9c801b06175ee7112ef86cdea99f3,018e499280521e6e6764118d14af76ed4cee74fd501addf4dd69087da5bcc557,False,
phase3-bb4037f26c8895bc3273c287,PHASE_3_EMPIRICAL_DILUTION_SCALING,PREREGISTERED_EMPIRICAL_DILUTION_SCALING,PRIMARY_MATRIX,development,task-p3-f7556266a069262a,g-275f626d73d8e8bd,phase3-m12-b01-g-275f626d73d8e8bd,12,9,12,4096,6,2,2,0.3333333333333333,0.00048828125,3.311329952303793,P2_O0,MEAN_ENERGY_PREPARATION,COMMON_INITIALIZATION_PREPARATION,2,"[1103, 2207, 3301]",2207.0,2207.0,phase3-bb4037f26c8895bc3273c287,,"[4.119365739193051, 4.0465795222369225, 1.5369649905613294, 0.28561357469155796]","[3.78135558753478, 6.588256673475263, 2.495514140675089, -0.4735986016036162]","[3.78135558753478, 6.588256673475263, 2.495514140675089, -0.4735986016036162]",COBYLA,120,120,120,121,3,Return from COBYLA because the objective function has been evaluated MAXFUN times.,2.64540219260351,1.576860963133543,1.0685412294699668,1.576860963133543,0.07590492318331618,1.1844677414931974,0.3164882984570299,1.500956039950227,0.007134761112499189,0.00450990300725171,0.6321028743836898,14.611990758398338,1.1647093888630466,0.1,1.0384310747458303,1.1261864879955332,False,0.007134761112499175,0.028253143541131634,True,True,1.000000000000002,0.39622069150209427,127.68359375,SUCCESS,,False,d7edcf4ca084e975b0b8d916d003c9c772e9c801b06175ee7112ef86cdea99f3,018e499280521e6e6764118d14af76ed4cee74fd501addf4dd69087da5bcc557,False,
phase3-0bb9c05bd0d599db069b0271,PHASE_3_EMPIRICAL_DILUTION_SCALING,PREREGISTERED_EMPIRICAL_DILUTION_SCALING,PRIMARY_MATRIX,development,task-p3-f7556266a069262a,g-275f626d73d8e8bd,phase3-m12-b01-g-275f626d73d8e8bd,12,9,12,4096,6,2,2,0.3333333333333333,0.00048828125,3.311329952303793,P2_O0,MEAN_ENERGY_PREPARATION,COMMON_INITIALIZATION_PREPARATION,2,"[1103, 2207, 3301]",3301.0,2207.0,phase3-bb4037f26c8895bc3273c287,,"[2.8746040698350956, 3.2295534178963874, 1.3381083226815658, 0.4324890662459698]","[2.5318638569130987, 4.099051619094514, 2.359438853977028, 0.1087609751728261]","[2.5318638569130987, 4.099051619094514, 2.359438853977028, 0.1087609751728261]",COBYLA,120,120,120,121,3,Return from COBYLA because the objective function has been evaluated MAXFUN times.,2.7573083583644595,1.9416624902135164,0.8156458681509431,1.9416624902135164,0.12305317994757119,1.3553874191035278,0.46322189116241724,1.8186093102659449,0.0037678722190502387,0.0026209274457584058,0.6955988137036819,7.716602304614889,0.8874261183189098,0.1,1.1454551772482693,1.2523729759910665,False,0.0037678722190502357,0.0010637113203420534,True,True,1.0000000000000009,0.4004381597042084,127.68359375,SUCCESS,,False,d7edcf4ca084e975b0b8d916d003c9c772e9c801b06175ee7112ef86cdea99f3,018e499280521e6e6764118d14af76ed4cee74fd501addf4dd69087da5bcc557,False,
phase3-c0576b80e1b1a0a7bbff02f1,PHASE_3_EMPIRICAL_DILUTION_SCALING,PREREGISTERED_EMPIRICAL_DILUTION_SCALING,PRIMARY_MATRIX,development,task-p3-f7556266a069262a,g-275f626d73d8e8bd,phase3-m12-b01-g-275f626d73d8e8bd,12,9,12,4096,6,2,2,0.3333333333333333,0.00048828125,3.311329952303793,O0,MEAN_ENERGY,STANDARD_BASELINE,3,"[1103, 2207, 3301]",,2207.0,phase3-bb4037f26c8895bc3273c287,"[3.78135558753478, 6.588256673475263, 0.0, 2.495514140675089, -0.4735986016036162, 0.0]","[3.78135558753478, 6.588256673475263, 0.0, 2.495514140675089, -0.4735986016036162, 0.0]","[5.485638142406897, 6.812811703571066, -0.9596765013088966, 2.504327305502906, -0.4945001929997521, 0.1830837461216777]","[5.485638142406897, 6.812811703571066, -0.9596765013088966, 2.504327305502906, -0.4945001929997521, 0.1830837461216777]",COBYLA,240,240,240,241,3,Return from COBYLA because the objective function has been evaluated MAXFUN times.,1.576860963133543,1.4001392130337273,0.17672175009981572,1.4001392130337273,0.06642465688519927,1.1148226804439991,0.21889187570452917,1.3337145561485282,0.028502886608839283,0.01921788239009787,0.6742433723936593,58.37391177490285,1.766218797393269,0.1,0.8098804290179897,1.1111111111111112,False,0.028502886608839324,0.04623894784018915,True,True,0.9999999999999984,1.0517385955899954,128.22265625,SUCCESS,,False,d7edcf4ca084e975b0b8d916d003c9c772e9c801b06175ee7112ef86cdea99f3,018e499280521e6e6764118d14af76ed4cee74fd501addf4dd69087da5bcc557,False,
phase3-ec43ccd2feb7a4944b076554,PHASE_3_EMPIRICAL_DILUTION_SCALING,PREREGISTERED_EMPIRICAL_DILUTION_SCALING,PRIMARY_MATRIX,development,task-p3-f7556266a069262a,g-275f626d73d8e8bd,phase3-m12-b01-g-275f626d73d8e8bd,12,9,12,4096,6,2,2,0.3333333333333333,0.00048828125,3.311329952303793,O2,EXACT_FEASIBILITY_CAPACITY_CONTROL,STATEVECTOR_MECHANISTIC_CAPACITY_CONTROL,3,"[1103, 2207, 3301]",,2207.0,phase3-bb4037f26c8895bc3273c287,"[3.78135558753478, 6.588256673475263, 0.0, 2.495514140675089, -0.4735986016036162, 0.0]","[3.78135558753478, 6.588256673475263, 0.0, 2.495514140675089, -0.4735986016036162, 0.0]","[5.354174350485123, 6.377204998164661, -0.9256890972704006, 2.714940030576593, -0.3284215886938439, 0.16844874718816766]","[5.354174350485123, 6.377204998164661, -0.9256890972704006, 2.714940030576593, -0.3284215886938439, 0.16844874718816766]",COBYLA,240,240,240,241,3,Return from COBYLA because the objective function has been evaluated MAXFUN times.,0.9928652388875008,0.9417003211543474,0.05116491773315335,1.5972937466303336,0.09688048324387583,1.0164045481948638,0.4840087151915943,1.500413263386458,0.0582996788456526,0.031834586417573085,0.546050802472765,119.39774227589652,2.0769961146795297,0.1,0.4953873239153754,1.1044971341828114,False,0.05829967884565249,0.009877812250072615,True,True,1.0000000000000018,1.0280607789754868,128.25,SUCCESS,,False,d7edcf4ca084e975b0b8d916d003c9c772e9c801b06175ee7112ef86cdea99f3,018e499280521e6e6764118d14af76ed4cee74fd501addf4dd69087da5bcc557,False,
phase3-26ebbec46242953e1df847ae,PHASE_3_EMPIRICAL_DILUTION_SCALING,PREREGISTERED_EMPIRICAL_DILUTION_SCALING,PRIMARY_MATRIX,development,task-p3-f7556266a069262a,g-275f626d73d8e8bd,phase3-m12-b01-g-275f626d73d8e8bd,12,9,12,4096,6,2,2,0.3333333333333333,0.00048828125,3.311329952303793,O3,CVAR_ENERGY,TAIL_FOCUSED_ROUTING_OBJECTIVE,3,"[1103, 2207, 3301]",,2207.0,phase3-bb4037f26c8895bc3273c287,"[3.78135558753478, 6.588256673475263, 0.0, 2.495514140675089, -0.4735986016036162, 0.0]","[3.78135558753478, 6.588256673475263, 0.0, 2.495514140675089, -0.4735986016036162, 0.0]","[5.5827397473799465, 6.5005378463221035, 0.8225742537617597, 2.7189775815442188, -0.23010676342056424, -0.13843202915634242]","[5.5827397473799465, 6.5005378463221035, 0.8225742537617597, 2.7189775815442188, -0.23010676342056424, -0.13843202915634242]",COBYLA,240,240,240,241,3,Return from COBYLA because the objective function has been evaluated MAXFUN times.,1.0384310747458303,0.5714787921253442,0.46695228262048605,1.5355957956371138,0.08366683869793665,1.0487820080627603,0.403146948876417,1.4519289569391773,0.0511912258614203,0.029801012892818123,0.5821507961831663,104.83963056418878,2.020525481902406,0.1,0.5714787921253442,1.1111111111111112,False,0.0511912258614203,0.002307370439284112,True,True,1.0,1.0732291731983423,128.3671875,SUCCESS,,False,d7edcf4ca084e975b0b8d916d003c9c772e9c801b06175ee7112ef86cdea99f3,018e499280521e6e6764118d14af76ed4cee74fd501addf4dd69087da5bcc557,False,
phase3-b5087e940c7e905b83509da1,PHASE_3_EMPIRICAL_DILUTION_SCALING,PREREGISTERED_EMPIRICAL_DILUTION_SCALING,PRIMARY_MATRIX,development,task-p3-a07c8b42ba6b3903,g-275f626d73d8e8bd,phase3-m12-b01-g-275f626d73d8e8bd,12,9,12,4096,6,1,1,0.1666666666666666,0.000244140625,3.612359947967774,P2_O0,MEAN_ENERGY_PREPARATION,COMMON_INITIALIZATION_PREPARATION,2,"[1103, 2207, 3301]",1103.0,1103.0,phase3-b5087e940c7e905b83509da1,,"[1.4361119332668082, 4.6766136583430296, 1.8287983773432719, 0.554097077555417]","[1.798066921837389, 3.9274692183392315, 3.407134802867241, -0.8475054570584932]","[1.798066921837389, 3.9274692183392315, 3.407134802867241, -0.8475054570584932]",COBYLA,120,120,120,121,3,Return from COBYLA because the objective function has been evaluated MAXFUN times.,2.806970582694209,1.7883987515766873,1.0185718311175218,1.7883987515766873,0.08749077754629098,1.2727015916835849,0.4282063823468112,1.7009079740303958,0.001888763896851803,0.001888763896851803,1.0,7.736376921504985,0.888537620710674,0.1,1.1056648638630744,1.1563372417643774,False,0.0018887638968518021,0.0008122532338438321,True,True,1.0000000000000004,0.4283159589394927,127.96875,SUCCESS,,False,d7edcf4ca084e975b0b8d916d003c9c772e9c801b06175ee7112ef86cdea99f3,018e499280521e6e6764118d14af76ed4cee74fd501addf4dd69087da5bcc557,False,
phase3-e85e454e14835ad08b199bae,PHASE_3_EMPIRICAL_DILUTION_SCALING,PREREGISTERED_EMPIRICAL_DILUTION_SCALING,PRIMARY_MATRIX,development,task-p3-a07c8b42ba6b3903,g-275f626d73d8e8bd,phase3-m12-b01-g-275f626d73d8e8bd,12,9,12,4096,6,1,1,0.1666666666666666,0.000244140625,3.612359947967774,P2_O0,MEAN_ENERGY_PREPARATION,COMMON_INITIALIZATION_PREPARATION,2,"[1103, 2207, 3301]",2207.0,1103.0,phase3-b5087e940c7e905b83509da1,,"[4.119365739193051, 4.0465795222369225, 1.5369649905613294, 0.28561357469155796]","[4.4574734456018446, 4.2129723023900425, 2.3824472285109, 0.11642468757134765]","[4.4574734456018446, 4.2129723023900425, 2.3824472285109, 0.11642468757134765]",COBYLA,120,120,120,121,3,Return from COBYLA because the objective function has been evaluated MAXFUN times.,2.766702993926736,1.9563638253786497,0.8103391685480863,1.9563638253786497,0.11333523844437457,1.3054354734509819,0.5375931134832932,1.8430285869342748,0.0034462293065922493,0.0034462293065922493,1.0,14.115755239801853,1.149704119302198,0.1,1.121031932081898,1.2372975991066444,False,0.0034462293065922463,0.0018609915704719399,True,True,1.0000000000000009,0.4128042748197913,128.109375,SUCCESS,,False,d7edcf4ca084e975b0b8d916d003c9c772e9c801b06175ee7112ef86cdea99f3,018e499280521e6e6764118d14af76ed4cee74fd501addf4dd69087da5bcc557,False,
phase3-e7e65fe8ee3e67c0183c701b,PHASE_3_EMPIRICAL_DILUTION_SCALING,PREREGISTERED_EMPIRICAL_DILUTION_SCALING,PRIMARY_MATRIX,development,task-p3-a07c8b42ba6b3903,g-275f626d73d8e8bd,phase3-m12-b01-g-275f626d73d8e8bd,12,9,12,4096,6,1,1,0.1666666666666666,0.000244140625,3.612359947967774,P2_O0,MEAN_ENERGY_PREPARATION,COMMON_INITIALIZATION_PREPARATION,2,"[1103, 2207, 3301]",3301.0,1103.0,phase3-b5087e940c7e905b83509da1,,"[2.8746040698350956, 3.2295534178963874, 1.3381083226815658, 0.4324890662459698]","[3.7432785994296616, 4.002801999874568, 2.3749774153591128, 0.12040858908025995]","[3.7432785994296616, 4.002801999874568, 2.3749774153591128, 0.12040858908025995]",COBYLA,120,120,120,121,3,Return from COBYLA because the objective function has been evaluated MAXFUN times.,2.8830266419766275,1.9880556830496832,0.8949709589269443,1.9880556830496832,0.1172079987841022,1.323232603245847,0.5476150810197336,1.8708476842655808,0.0024067217989974994,0.0024067217989974994,1.0,9.857932488693757,0.9937858395959255,0.1,1.1421037159391723,1.242322724734785,False,0.0024067217989975015,0.0014375434053346264,True,True,0.9999999999999991,0.4068875424563885,128.23046875,SUCCESS,,False,d7edcf4ca084e975b0b8d916d003c9c772e9c801b06175ee7112ef86cdea99f3,018e499280521e6e6764118d14af76ed4cee74fd501addf4dd69087da5bcc557,False,
phase3-32b6d3e86271567637864988,PHASE_3_EMPIRICAL_DILUTION_SCALING,PREREGISTERED_EMPIRICAL_DILUTION_SCALING,PRIMARY_MATRIX,development,task-p3-a07c8b42ba6b3903,g-275f626d73d8e8bd,phase3-m12-b01-g-275f626d73d8e8bd,12,9,12,4096,6,1,1,0.1666666666666666,0.000244140625,3.612359947967774,O0,MEAN_ENERGY,STANDARD_BASELINE,3,"[1103, 2207, 3301]",,1103.0,phase3-b5087e940c7e905b83509da1,"[1.798066921837389, 3.9274692183392315, 0.0, 3.407134802867241, -0.8475054570584932, 0.0]","[1.798066921837389, 3.9274692183392315, 0.0, 3.407134802867241, -0.8475054570584932, 0.0]","[1.593503568179435, 3.321998900797557, 1.1007455236529482, 3.4048608983694546, -0.6899043901311293, -0.21537014960950515]","[1.593503568179435, 3.321998900797557, 1.1007455236529482, 3.4048608983694546, -0.6899043901311293, -0.21537014960950515]",COBYLA,240,240,240,241,3,Return from COBYLA because the objective function has been evaluated MAXFUN times.,1.7883987515766873,1.6201787438020527,0.16822000777463453,1.6201787438020527,0.08071536292615328,1.2388113013731061,0.3006520795027932,1.5394633808758988,0.008184452899296858,0.008184452899296858,1.0,33.52351907551993,1.5253496016903612,0.1,1.0322847807301558,1.1312116136236738,False,0.008184452899296866,0.008880606192229287,True,True,0.9999999999999989,1.0411299839615822,128.3125,SUCCESS,,False,d7edcf4ca084e975b0b8d916d003c9c772e9c801b06175ee7112ef86cdea99f3,018e499280521e6e6764118d14af76ed4cee74fd501addf4dd69087da5bcc557,False,
phase3-6a79f47eaa1dbbcfef6c9032,PHASE_3_EMPIRICAL_DILUTION_SCALING,PREREGISTERED_EMPIRICAL_DILUTION_SCALING,PRIMARY_MATRIX,development,task-p3-a07c8b42ba6b3903,g-275f626d73d8e8bd,phase3-m12-b01-g-275f626d73d8e8bd,12,9,12,4096,6,1,1,0.1666666666666666,0.000244140625,3.612359947967774,O2,EXACT_FEASIBILITY_CAPACITY_CONTROL,STATEVECTOR_MECHANISTIC_CAPACITY_CONTROL,3,"[1103, 2207, 3301]",,1103.0,phase3-b5087e940c7e905b83509da1,"[1.798066921837389, 3.9274692183392315, 0.0, 3.407134802867241, -0.8475054570584932, 0.0]","[1.798066921837389, 3.9274692183392315, 0.0, 3.407134802867241, -0.8475054570584932, 0.0]","[2.2727543998868796, 4.2302315581364205, 0.8053818176362093, 3.092108111383042, -0.3777233622927767, -0.1811424397841217]","[2.2727543998868796, 4.2302315581364205, 0.8053818176362093, 3.092108111383042, -0.3777233622927767, -0.1811424397841217]",COBYLA,240,240,240,241,3,Return from COBYLA because the objective function has been evaluated MAXFUN times.,0.9981112361031482,0.9809110732865683,0.017200162816579878,1.839186036831394,0.09662257697495452,1.1261610875604149,0.6164023722960248,1.7425634598564397,0.01908892671343167,0.01908892671343167,1.0,78.18824381821612,1.8931414585752762,0.1,0.9093077240802009,1.1312116136236738,False,0.019088926713431636,0.001022014153519768,True,True,1.0000000000000018,1.0246535558253527,128.33984375,SUCCESS,,False,d7edcf4ca084e975b0b8d916d003c9c772e9c801b06175ee7112ef86cdea99f3,018e499280521e6e6764118d14af76ed4cee74fd501addf4dd69087da5bcc557,False,
phase3-d3f62d64dd3618e411aac443,PHASE_3_EMPIRICAL_DILUTION_SCALING,PREREGISTERED_EMPIRICAL_DILUTION_SCALING,PRIMARY_MATRIX,development,task-p3-a07c8b42ba6b3903,g-275f626d73d8e8bd,phase3-m12-b01-g-275f626d73d8e8bd,12,9,12,4096,6,1,1,0.1666666666666666,0.000244140625,3.612359947967774,O3,CVAR_ENERGY,TAIL_FOCUSED_ROUTING_OBJECTIVE,3,"[1103, 2207, 3301]",,1103.0,phase3-b5087e940c7e905b83509da1,"[1.798066921837389, 3.9274692183392315, 0.0, 3.407134802867241, -0.8475054570584932, 0.0]","[1.798066921837389, 3.9274692183392315, 0.0, 3.407134802867241, -0.8475054570584932, 0.0]","[2.3437605408547135, 4.237048881373232, -1.082911197822254, 3.090490342369693, -0.5160206844648034, 0.19429009243696652]","[2.3437605408547135, 4.237048881373232, -1.082911197822254, 3.090490342369693, -0.5160206844648034, 0.19429009243696652]",COBYLA,240,240,240,241,3,Return from COBYLA because the objective function has been evaluated MAXFUN times.,1.1056648638630744,0.8324439601333167,0.2732209037297577,1.9000626134590124,0.10767850592238876,1.1096459827939968,0.6827381247426269,1.7923841075366242,0.026274329348571553,0.026274329348571553,1.0,107.61965301174908,2.031891587456567,0.1,0.8324439601333167,1.1312116136236738,False,0.026274329348571508,0.0028867438468333367,True,True,1.0000000000000018,1.0622450383380055,128.33984375,SUCCESS,,False,d7edcf4ca084e975b0b8d916d003c9c772e9c801b06175ee7112ef86cdea99f3,018e499280521e6e6764118d14af76ed4cee74fd501addf4dd69087da5bcc557,False,
phase3-00715684cb778d9cb5a50b30,PHASE_3_EMPIRICAL_DILUTION_SCALING,PREREGISTERED_EMPIRICAL_DILUTION_SCALING,PRIMARY_MATRIX,development,task-p3-17005ec889ac3a32,g-63a93cc8703f978f,phase3-m12-b02-g-63a93cc8703f978f,12,8,12,4096,6,6,6,1.0,0.00146484375,2.8342086975841307,P2_O0,MEAN_ENERGY_PREPARATION,COMMON_INITIALIZATION_PREPARATION,2,"[1103, 2207, 3301]",1103.0,3301.0,phase3-daf6c999db6ad4014c62c9c8,,"[1.4361119332668082, 4.6766136583430296, 1.8287983773432719, 0.554097077555417]","[2.086948294715494, 4.451588722618334, 1.7726195205442405, 0.5968435516361368]","[2.086948294715494, 4.451588722618334, 1.7726195205442405, 0.5968435516361368]",COBYLA,120,120,120,121,3,Return from COBYLA because the objective function has been evaluated MAXFUN times.,2.0757091135902517,1.986360534718496,0.08934857887175562,1.986360534718496,0.11899645559053848,1.4067499031526054,0.46061417597535215,1.8673640791279578,0.0011004670941675712,0.00015487236035889986,0.14073329514323216,0.7512522029517287,-0.12421424147389369,0.1,1.1557692429457067,1.2251256281407035,False,0.0011004670941675721,0.0006964322067079115,True,True,0.9999999999999993,0.40560989640653133,127.83203125,SUCCESS,,False,d7edcf4ca084e975b0b8d916d003c9c772e9c801b06175ee7112ef86cdea99f3,018e499280521e6e6764118d14af76ed4cee74fd501addf4dd69087da5bcc557,False,
phase3-bf92b6274625a6b2c58d80e8,PHASE_3_EMPIRICAL_DILUTION_SCALING,PREREGISTERED_EMPIRICAL_DILUTION_SCALING,PRIMARY_MATRIX,development,task-p3-17005ec889ac3a32,g-63a93cc8703f978f,phase3-m12-b02-g-63a93cc8703f978f,12,8,12,4096,6,6,6,1.0,0.00146484375,2.8342086975841307,P2_O0,MEAN_ENERGY_PREPARATION,COMMON_INITIALIZATION_PREPARATION,2,"[1103, 2207, 3301]",2207.0,3301.0,phase3-daf6c999db6ad4014c62c9c8,,"[4.119365739193051, 4.0465795222369225, 1.5369649905613294, 0.28561357469155796]","[3.496885347107125, 3.594439082136487, 3.151979571374201, -0.6133770135237098]","[3.496885347107125, 3.594439082136487, 3.151979571374201, -0.6133770135237098]",COBYLA,120,120,120,121,3,Return from COBYLA because the objective function has been evaluated MAXFUN times.,2.3256289577599683,1.4051757571805914,0.9204532005793769,1.4051757571805914,0.0693853275303827,1.1271505748059933,0.20863985484421563,1.335790429650209,0.05230666450366617,0.015290963305309256,0.29233298376801514,35.70801630116944,1.5527657243628945,0.1,0.5644050145648539,1.1150753768844222,False,0.05230666450366618,0.015725482153716108,True,True,0.9999999999999997,0.4124237662181258,127.83203125,SUCCESS,,False,d7edcf4ca084e975b0b8d916d003c9c772e9c801b06175ee7112ef86cdea99f3,018e499280521e6e6764118d14af76ed4cee74fd501addf4dd69087da5bcc557,False,
phase3-daf6c999db6ad4014c62c9c8,PHASE_3_EMPIRICAL_DILUTION_SCALING,PREREGISTERED_EMPIRICAL_DILUTION_SCALING,PRIMARY_MATRIX,development,task-p3-17005ec889ac3a32,g-63a93cc8703f978f,phase3-m12-b02-g-63a93cc8703f978f,12,8,12,4096,6,6,6,1.0,0.00146484375,2.8342086975841307,P2_O0,MEAN_ENERGY_PREPARATION,COMMON_INITIALIZATION_PREPARATION,2,"[1103, 2207, 3301]",3301.0,3301.0,phase3-daf6c999db6ad4014c62c9c8,,"[2.8746040698350956, 3.2295534178963874, 1.3381083226815658, 0.4324890662459698]","[1.0222222441870654, 6.822570448213887, 2.448984111816846, -0.4525098832481423]","[1.0222222441870654, 6.822570448213887, 2.448984111816846, -0.4525098832481423]",COBYLA,120,120,120,121,3,Return from COBYLA because the objective function has been evaluated MAXFUN times.,2.401439428317979,1.2933623469828242,1.108077081335155,1.2933623469828242,0.06379850601763308,1.0971008610361497,0.13246297992904144,1.2295638409651914,0.060854288019701316,0.025001888420419647,0.41084842554275536,41.543193954782765,1.6184998832345536,0.1,0.4735954925062595,1.1150753768844222,False,0.060854288019701365,0.014695685437258701,True,True,0.9999999999999993,0.39998737070709467,127.83203125,SUCCESS,,False,d7edcf4ca084e975b0b8d916d003c9c772e9c801b06175ee7112ef86cdea99f3,018e499280521e6e6764118d14af76ed4cee74fd501addf4dd69087da5bcc557,False,
phase3-8c18fdeec08efc0414d771d0,PHASE_3_EMPIRICAL_DILUTION_SCALING,PREREGISTERED_EMPIRICAL_DILUTION_SCALING,PRIMARY_MATRIX,development,task-p3-17005ec889ac3a32,g-63a93cc8703f978f,phase3-m12-b02-g-63a93cc8703f978f,12,8,12,4096,6,6,6,1.0,0.00146484375,2.8342086975841307,O0,MEAN_ENERGY,STANDARD_BASELINE,3,"[1103, 2207, 3301]",,3301.0,phase3-daf6c999db6ad4014c62c9c8,"[1.0222222441870654, 6.822570448213887, 0.0, 2.448984111816846, -0.4525098832481423, 0.0]","[1.0222222441870654, 6.822570448213887, 0.0, 2.448984111816846, -0.4525098832481423, 0.0]","[0.8020331086693527, 6.706502550568263, 0.6613615769140032, 2.4232607410527636, -0.3108314421363672, -0.1831882500696607]","[0.8020331086693527, 6.706502550568263, 0.6613615769140032, 2.4232607410527636, -0.3108314421363672, -0.1831882500696607]",COBYLA,240,240,240,241,3,Return from COBYLA because the objective function has been evaluated MAXFUN times.,1.2933623469828242,1.2127474821342283,0.08061486484859581,1.2127474821342283,0.06418215859387036,1.040068347555783,0.10849697598457536,1.1485653235403581,0.11114039329001502,0.04016695839513115,0.36140738039605086,75.87184181931691,1.8800806268643449,0.1,0.06486354272698566,0.08542713567839195,True,0.1,0.011214542353501777,True,True,0.9999999999999984,1.017303453758359,128.64453125,SUCCESS,,False,d7edcf4ca084e975b0b8d916d003c9c772e9c801b06175ee7112ef86cdea99f3,018e499280521e6e6764118d14af76ed4cee74fd501addf4dd69087da5bcc557,False,
phase3-ed827c740ee643e3a3b67161,PHASE_3_EMPIRICAL_DILUTION_SCALING,PREREGISTERED_EMPIRICAL_DILUTION_SCALING,PRIMARY_MATRIX,development,task-p3-17005ec889ac3a32,g-63a93cc8703f978f,phase3-m12-b02-g-63a93cc8703f978f,12,8,12,4096,6,6,6,1.0,0.00146484375,2.8342086975841307,O2,EXACT_FEASIBILITY_CAPACITY_CONTROL,STATEVECTOR_MECHANISTIC_CAPACITY_CONTROL,3,"[1103, 2207, 3301]",,3301.0,phase3-daf6c999db6ad4014c62c9c8,"[1.0222222441870654, 6.822570448213887, 0.0, 2.448984111816846, -0.4525098832481423, 0.0]","[1.0222222441870654, 6.822570448213887, 0.0, 2.448984111816846, -0.4525098832481423, 0.0]","[0.4601997333270803, 6.48940906849264, -1.2339141093262262, 2.890960488729952, -0.5196827801275551, 0.19334930265157732]","[0.4601997333270803, 6.48940906849264, -1.2339141093262262, 2.890960488729952, -0.5196827801275551, 0.19334930265157732]",COBYLA,240,240,240,241,3,Return from COBYLA because the objective function has been evaluated MAXFUN times.,0.9391457119802987,0.8454370842446717,0.09370862773562705,1.2849125492476063,0.08254870755540059,1.0113024949679803,0.19106134672422553,1.202363841692206,0.15456291575532832,0.040039294921337044,0.2590485222517339,105.5149504889708,2.0233139994900826,0.1,0.06307347407511878,0.07537688442211055,True,0.1,0.015319313780211993,True,True,0.9999999999999987,1.0305239101871848,128.64453125,SUCCESS,,False,d7edcf4ca084e975b0b8d916d003c9c772e9c801b06175ee7112ef86cdea99f3,018e499280521e6e6764118d14af76ed4cee74fd501addf4dd69087da5bcc557,False,
phase3-f328da21a4bf270600e5a156,PHASE_3_EMPIRICAL_DILUTION_SCALING,PREREGISTERED_EMPIRICAL_DILUTION_SCALING,PRIMARY_MATRIX,development,task-p3-17005ec889ac3a32,g-63a93cc8703f978f,phase3-m12-b02-g-63a93cc8703f978f,12,8,12,4096,6,6,6,1.0,0.00146484375,2.8342086975841307,O3,CVAR_ENERGY,TAIL_FOCUSED_ROUTING_OBJECTIVE,3,"[1103, 2207, 3301]",,3301.0,phase3-daf6c999db6ad4014c62c9c8,"[1.0222222441870654, 6.822570448213887, 0.0, 2.448984111816846, -0.4525098832481423, 0.0]","[1.0222222441870654, 6.822570448213887, 0.0, 2.448984111816846, -0.4525098832481423, 0.0]","[0.9379089452203487, 6.785005173993117, -1.5041735698783056, 2.38769168754548, -0.5133554245292687, 0.2079318166395755]","[0.9379089452203487, 6.785005173993117, -1.5041735698783056, 2.38769168754548, -0.5133554245292687, 0.2079318166395755]",COBYLA,240,240,240,241,3,Return from COBYLA because the objective function has been evaluated MAXFUN times.,0.4735954925062595,0.059598863409981634,0.4139966290962779,1.257592902717354,0.07221857002108914,1.0280785618246742,0.15729577087159052,1.1853743326962647,0.1356392711520708,0.056278834999982916,0.41491549255588656,92.59640910648034,1.9665941450460904,0.1,0.059598863409981634,0.07537688442211055,True,0.1,0.011132721858566078,True,True,1.0,1.0444587767124176,128.64453125,SUCCESS,,False,d7edcf4ca084e975b0b8d916d003c9c772e9c801b06175ee7112ef86cdea99f3,018e499280521e6e6764118d14af76ed4cee74fd501addf4dd69087da5bcc557,False,
phase3-8a336ba72265d382302c7760,PHASE_3_EMPIRICAL_DILUTION_SCALING,PREREGISTERED_EMPIRICAL_DILUTION_SCALING,PRIMARY_MATRIX,development,task-p3-bd261ddf18c10d04,g-63a93cc8703f978f,phase3-m12-b02-g-63a93cc8703f978f,12,8,12,4096,6,5,5,0.8333333333333334,0.001220703125,2.9133899436317554,P2_O0,MEAN_ENERGY_PREPARATION,COMMON_INITIALIZATION_PREPARATION,2,"[1103, 2207, 3301]",1103.0,2207.0,phase3-902dbccb52858e8628999def,,"[1.4361119332668082, 4.6766136583430296, 1.8287983773432719, 0.554097077555417]","[1.8384214702850514, 4.179832464554523, 2.2960737708608088, 0.11590991910102202]","[1.8384214702850514, 4.179832464554523, 2.2960737708608088, 0.11590991910102202]",COBYLA,120,120,120,121,3,Return from COBYLA because the objective function has been evaluated MAXFUN times.,2.206866683153781,1.748961547981212,0.4579051351725689,1.748961547981212,0.1026455272733465,1.3273507277951055,0.3189652929127598,1.6463160207078658,0.010883155961578905,0.00632561444099995,0.5812297887976093,8.915481363725439,0.9501447965260728,0.1,1.025025037422876,1.2050251256281406,False,0.01088315596157892,0.001859758659414082,True,True,0.9999999999999987,0.3995474558323622,127.9453125,SUCCESS,,False,d7edcf4ca084e975b0b8d916d003c9c772e9c801b06175ee7112ef86cdea99f3,018e499280521e6e6764118d14af76ed4cee74fd501addf4dd69087da5bcc557,False,
phase3-902dbccb52858e8628999def,PHASE_3_EMPIRICAL_DILUTION_SCALING,PREREGISTERED_EMPIRICAL_DILUTION_SCALING,PRIMARY_MATRIX,development,task-p3-bd261ddf18c10d04,g-63a93cc8703f978f,phase3-m12-b02-g-63a93cc8703f978f,12,8,12,4096,6,5,5,0.8333333333333334,0.001220703125,2.9133899436317554,P2_O0,MEAN_ENERGY_PREPARATION,COMMON_INITIALIZATION_PREPARATION,2,"[1103, 2207, 3301]",2207.0,2207.0,phase3-902dbccb52858e8628999def,,"[4.119365739193051, 4.0465795222369225, 1.5369649905613294, 0.28561357469155796]","[1.6148437770061603, 6.535956868175032, 2.558260893463618, -0.44751017825751904]","[1.6148437770061603, 6.535956868175032, 2.558260893463618, -0.44751017825751904]",COBYLA,120,120,120,121,3,Return from COBYLA because the objective function has been evaluated MAXFUN times.,2.4127324494283,1.373544461466957,1.039187987961343,1.373544461466957,0.06348988487108756,1.1208404193720463,0.1892141572238236,1.3100545765958693,0.042320428737741715,0.021055869210602145,0.4975344021461754,34.66889522195801,1.5399400024105918,0.1,0.6640532433027075,1.1150753768844222,False,0.04232042873774163,0.020832889680826944,True,True,1.0000000000000022,0.40589166060090065,127.9453125,SUCCESS,,False,d7edcf4ca084e975b0b8d916d003c9c772e9c801b06175ee7112ef86cdea99f3,018e499280521e6e6764118d14af76ed4cee74fd501addf4dd69087da5bcc557,False,
phase3-f238b95b68043ea3b0f5cb00,PHASE_3_EMPIRICAL_DILUTION_SCALING,PREREGISTERED_EMPIRICAL_DILUTION_SCALING,PRIMARY_MATRIX,development,task-p3-bd261ddf18c10d04,g-63a93cc8703f978f,phase3-m12-b02-g-63a93cc8703f978f,12,8,12,4096,6,5,5,0.8333333333333334,0.001220703125,2.9133899436317554,P2_O0,MEAN_ENERGY_PREPARATION,COMMON_INITIALIZATION_PREPARATION,2,"[1103, 2207, 3301]",3301.0,2207.0,phase3-902dbccb52858e8628999def,,"[2.8746040698350956, 3.2295534178963874, 1.3381083226815658, 0.4324890662459698]","[1.8540260772779922, 4.272865990721712, 2.292565316077972, 0.11688258743454787]","[1.8540260772779922, 4.272865990721712, 2.292565316077972, 0.11688258743454787]",COBYLA,120,120,120,121,3,Return from COBYLA because the objective function has been evaluated MAXFUN times.,2.5658943424189684,1.7483303998699746,0.8175639425489938,1.7483303998699746,0.10276214705933448,1.3291543912938155,0.3164138615168246,1.6455682528106401,0.010951452597457034,0.006213727462356936,0.5673884269744989,8.971429967836801,0.9528616713211302,0.1,1.0249496366340272,1.2050251256281406,False,0.010951452597457029,0.002786692100864116,True,True,1.0000000000000002,0.39272189792245626,127.9453125,SUCCESS,,False,d7edcf4ca084e975b0b8d916d003c9c772e9c801b06175ee7112ef86cdea99f3,018e499280521e6e6764118d14af76ed4cee74fd501addf4dd69087da5bcc557,False,
phase3-9b3f40bb675772ff65747b91,PHASE_3_EMPIRICAL_DILUTION_SCALING,PREREGISTERED_EMPIRICAL_DILUTION_SCALING,PRIMARY_MATRIX,development,task-p3-bd261ddf18c10d04,g-63a93cc8703f978f,phase3-m12-b02-g-63a93cc8703f978f,12,8,12,4096,6,5,5,0.8333333333333334,0.001220703125,2.9133899436317554,O0,MEAN_ENERGY,STANDARD_BASELINE,3,"[1103, 2207, 3301]",,2207.0,phase3-902dbccb52858e8628999def,"[1.6148437770061603, 6.535956868175032, 0.0, 2.558260893463618, -0.44751017825751904, 0.0]","[1.6148437770061603, 6.535956868175032, 0.0, 2.558260893463618, -0.44751017825751904, 0.0]","[0.8652278407116473, 6.618268737480143, 0.9131226448308855, 2.3119565745732342, -0.3507963466963331, -0.16263191969562132]","[0.8652278407116473, 6.618268737480143, 0.9131226448308855, 2.3119565745732342, -0.3507963466963331, -0.16263191969562132]",COBYLA,240,240,240,241,3,Return from COBYLA because the objective function has been evaluated MAXFUN times.,1.373544461466957,1.2310333758826677,0.14251108558428927,1.2310333758826677,0.06541146874949888,1.0299436746012431,0.13567823253192535,1.1656219071331688,0.11241847453300316,0.041076831419948695,0.36539217944902463,92.0932143374362,1.9642276314522757,0.1,0.06554265008682109,0.08542713567839195,True,0.1,0.016008151263881887,True,True,0.9999999999999987,1.018551392480731,128.58984375,SUCCESS,,False,d7edcf4ca084e975b0b8d916d003c9c772e9c801b06175ee7112ef86cdea99f3,018e499280521e6e6764118d14af76ed4cee74fd501addf4dd69087da5bcc557,False,
phase3-8fdacec6d7798b13e9658c8b,PHASE_3_EMPIRICAL_DILUTION_SCALING,PREREGISTERED_EMPIRICAL_DILUTION_SCALING,PRIMARY_MATRIX,development,task-p3-bd261ddf18c10d04,g-63a93cc8703f978f,phase3-m12-b02-g-63a93cc8703f978f,12,8,12,4096,6,5,5,0.8333333333333334,0.001220703125,2.9133899436317554,O2,EXACT_FEASIBILITY_CAPACITY_CONTROL,STATEVECTOR_MECHANISTIC_CAPACITY_CONTROL,3,"[1103, 2207, 3301]",,2207.0,phase3-902dbccb52858e8628999def,"[1.6148437770061603, 6.535956868175032, 0.0, 2.558260893463618, -0.44751017825751904, 0.0]","[1.6148437770061603, 6.535956868175032, 0.0, 2.558260893463618, -0.44751017825751904, 0.0]","[0.8054445536652439, 6.446598932976636, 0.8789050247923172, 2.808035722856471, -0.3569717090214161, -0.17097073664382056]","[0.8054445536652439, 6.446598932976636, 0.8789050247923172, 2.808035722856471, -0.3569717090214161, -0.17097073664382056]",COBYLA,240,240,240,241,3,Return from COBYLA because the objective function has been evaluated MAXFUN times.,0.9576795712622583,0.8984640140988897,0.05921555716336868,1.2945618885448633,0.06526903027407686,1.047279825118642,0.18201303315214468,1.2292928582707865,0.10153598590111035,0.03834172612819903,0.37761711562579847,83.1782796501896,1.9200099337476457,0.1,0.0690995157196523,0.10552763819095477,True,0.1,0.009325627679681606,True,True,0.9999999999999992,1.0211726110428572,128.58984375,SUCCESS,,False,d7edcf4ca084e975b0b8d916d003c9c772e9c801b06175ee7112ef86cdea99f3,018e499280521e6e6764118d14af76ed4cee74fd501addf4dd69087da5bcc557,False,
phase3-a1b612135084aa2f4dc8d5a4,PHASE_3_EMPIRICAL_DILUTION_SCALING,PREREGISTERED_EMPIRICAL_DILUTION_SCALING,PRIMARY_MATRIX,development,task-p3-bd261ddf18c10d04,g-63a93cc8703f978f,phase3-m12-b02-g-63a93cc8703f978f,12,8,12,4096,6,5,5,0.8333333333333334,0.001220703125,2.9133899436317554,O3,CVAR_ENERGY,TAIL_FOCUSED_ROUTING_OBJECTIVE,3,"[1103, 2207, 3301]",,2207.0,phase3-902dbccb52858e8628999def,"[1.6148437770061603, 6.535956868175032, 0.0, 2.558260893463618, -0.44751017825751904, 0.0]","[1.6148437770061603, 6.535956868175032, 0.0, 2.558260893463618, -0.44751017825751904, 0.0]","[0.8688138608528709, 6.50609039279528, 0.8526172590359906, 2.804603700436812, -0.33437039360581633, -0.18006064243130396]","[0.8688138608528709, 6.50609039279528, 0.8526172590359906, 2.804603700436812, -0.33437039360581633, -0.18006064243130396]",COBYLA,240,240,240,241,3,Return from COBYLA because the objective function has been evaluated MAXFUN times.,0.6640532433027075,0.0691981666893043,0.5948550766134032,1.303164190253343,0.065253703527185,1.0486034481169024,0.1893070386092559,1.2379104867261579,0.10011474125581948,0.03890971086618336,0.38865116543385775,82.01399603676732,1.913887972906333,0.1,0.0691981666893043,0.10552763819095477,True,0.1,0.010240673997088154,True,True,1.0,1.0573873855173588,128.58984375,SUCCESS,,False,d7edcf4ca084e975b0b8d916d003c9c772e9c801b06175ee7112ef86cdea99f3,018e499280521e6e6764118d14af76ed4cee74fd501addf4dd69087da5bcc557,False,
phase3-f541510a93b6cedd78658367,PHASE_3_EMPIRICAL_DILUTION_SCALING,PREREGISTERED_EMPIRICAL_DILUTION_SCALING,PRIMARY_MATRIX,development,task-p3-6cba0807b5144d71,g-63a93cc8703f978f,phase3-m12-b02-g-63a93cc8703f978f,12,8,12,4096,6,4,4,0.6666666666666666,0.0009765625,3.010299956639812,P2_O0,MEAN_ENERGY_PREPARATION,COMMON_INITIALIZATION_PREPARATION,2,"[1103, 2207, 3301]",1103.0,2207.0,phase3-194879f6031ce0dbb0fa3f98,,"[1.4361119332668082, 4.6766136583430296, 1.8287983773432719, 0.554097077555417]","[2.0043847105808505, 4.360736227769538, 2.294424708304117, 0.11572310610273012]","[2.0043847105808505, 4.360736227769538, 2.294424708304117, 0.11572310610273012]",COBYLA,120,120,120,121,3,Return from COBYLA because the objective function has been evaluated MAXFUN times.,2.311006715489948,1.7909167857232806,0.5200899297666675,1.7909167857232806,0.10338653294338036,1.3281974419299307,0.3593328108499694,1.6875302527799003,0.009554727772923287,0.006022669718520526,0.6303339939823193,9.784041239473446,0.9905182745717704,0.1,1.0377385510319508,1.1954773869346733,False,0.00955472777292327,2.802871845086763e-05,True,True,1.0000000000000016,0.4077044762670994,128.4609375,SUCCESS,,False,d7edcf4ca084e975b0b8d916d003c9c772e9c801b06175ee7112ef86cdea99f3,018e499280521e6e6764118d14af76ed4cee74fd501addf4dd69087da5bcc557,False,
phase3-194879f6031ce0dbb0fa3f98,PHASE_3_EMPIRICAL_DILUTION_SCALING,PREREGISTERED_EMPIRICAL_DILUTION_SCALING,PRIMARY_MATRIX,development,task-p3-6cba0807b5144d71,g-63a93cc8703f978f,phase3-m12-b02-g-63a93cc8703f978f,12,8,12,4096,6,4,4,0.6666666666666666,0.0009765625,3.010299956639812,P2_O0,MEAN_ENERGY_PREPARATION,COMMON_INITIALIZATION_PREPARATION,2,"[1103, 2207, 3301]",2207.0,2207.0,phase3-194879f6031ce0dbb0fa3f98,,"[4.119365739193051, 4.0465795222369225, 1.5369649905613294, 0.28561357469155796]","[1.932800104546547, 6.290539574168993, 2.5431281264988757, -0.4451375405200986]","[1.932800104546547, 6.290539574168993, 2.5431281264988757, -0.4451375405200986]",COBYLA,120,120,120,121,3,Return from COBYLA because the objective function has been evaluated MAXFUN times.,2.481248124824158,1.4270279796680405,1.0542201451561175,1.4270279796680405,0.06560484390779417,1.1383367155200288,0.22308642024021735,1.3614231357602464,0.02987515316002825,0.01660747742566192,0.5558959760541766,30.592156835868927,1.4856100970858677,0.1,0.7940114927605746,1.1150753768844222,False,0.02987515316002832,0.005782183994386431,True,True,0.9999999999999978,0.4155367873609066,128.4609375,SUCCESS,,False,d7edcf4ca084e975b0b8d916d003c9c772e9c801b06175ee7112ef86cdea99f3,018e499280521e6e6764118d14af76ed4cee74fd501addf4dd69087da5bcc557,False,
phase3-ef2e3c613ea90edad85ba586,PHASE_3_EMPIRICAL_DILUTION_SCALING,PREREGISTERED_EMPIRICAL_DILUTION_SCALING,PRIMARY_MATRIX,development,task-p3-6cba0807b5144d71,g-63a93cc8703f978f,phase3-m12-b02-g-63a93cc8703f978f,12,8,12,4096,6,4,4,0.6666666666666666,0.0009765625,3.010299956639812,P2_O0,MEAN_ENERGY_PREPARATION,COMMON_INITIALIZATION_PREPARATION,2,"[1103, 2207, 3301]",3301.0,2207.0,phase3-194879f6031ce0dbb0fa3f98,,"[2.8746040698350956, 3.2295534178963874, 1.3381083226815658, 0.4324890662459698]","[1.9700721483967296, 1.9729446307553702, 2.113546043962517, -0.18480250055863592]","[1.9700721483967296, 1.9729446307553702, 2.113546043962517, -0.18480250055863592]",COBYLA,120,120,120,121,3,Return from COBYLA because the objective function has been evaluated MAXFUN times.,2.6584219922780967,1.6949280159109352,0.9634939763671615,1.6949280159109352,0.09620260602312553,1.3014072958283198,0.2973181140594901,1.5987254098878099,0.012099328874610562,0.006588141197782016,0.5445046800576422,12.389712767601216,1.0930612381846367,0.1,1.0125956096409394,1.1753768844221106,False,0.01209932887461055,0.00016448964320647796,True,True,1.0000000000000009,0.40071867033839226,128.4609375,SUCCESS,,False,d7edcf4ca084e975b0b8d916d003c9c772e9c801b06175ee7112ef86cdea99f3,018e499280521e6e6764118d14af76ed4cee74fd501addf4dd69087da5bcc557,False,
phase3-d068ee4e1bcd80dc740f8ad5,PHASE_3_EMPIRICAL_DILUTION_SCALING,PREREGISTERED_EMPIRICAL_DILUTION_SCALING,PRIMARY_MATRIX,development,task-p3-6cba0807b5144d71,g-63a93cc8703f978f,phase3-m12-b02-g-63a93cc8703f978f,12,8,12,4096,6,4,4,0.6666666666666666,0.0009765625,3.010299956639812,O0,MEAN_ENERGY,STANDARD_BASELINE,3,"[1103, 2207, 3301]",,2207.0,phase3-194879f6031ce0dbb0fa3f98,"[1.932800104546547, 6.290539574168993, 0.0, 2.5431281264988757, -0.4451375405200986, 0.0]","[1.932800104546547, 6.290539574168993, 0.0, 2.5431281264988757, -0.4451375405200986, 0.0]","[0.9636991394764598, 6.65941666895937, 0.7733466217709842, 2.3918200485921988, -0.3409741435136779, -0.16344600248389424]","[0.9636991394764598, 6.65941666895937, 0.7733466217709842, 2.3918200485921988, -0.3409741435136779, -0.16344600248389424]",COBYLA,240,240,240,241,3,Return from COBYLA because the objective function has been evaluated MAXFUN times.,1.4270279796680405,1.2569492645552853,0.17007871511275519,1.2569492645552853,0.061701394067523146,1.046605585344147,0.14864228514361488,1.1952478704877616,0.09213843943888472,0.040972010735886584,0.4446788005679568,94.34976198541796,1.9747408089148348,0.1,0.14384316307209902,1.1,False,0.09213843943888474,0.0005555911705935612,True,True,0.9999999999999998,1.022925932891667,128.5546875,SUCCESS,,False,d7edcf4ca084e975b0b8d916d003c9c772e9c801b06175ee7112ef86cdea99f3,018e499280521e6e6764118d14af76ed4cee74fd501addf4dd69087da5bcc557,False,
phase3-5b47d05e3167f33ffea87fef,PHASE_3_EMPIRICAL_DILUTION_SCALING,PREREGISTERED_EMPIRICAL_DILUTION_SCALING,PRIMARY_MATRIX,development,task-p3-6cba0807b5144d71,g-63a93cc8703f978f,phase3-m12-b02-g-63a93cc8703f978f,12,8,12,4096,6,4,4,0.6666666666666666,0.0009765625,3.010299956639812,O2,EXACT_FEASIBILITY_CAPACITY_CONTROL,STATEVECTOR_MECHANISTIC_CAPACITY_CONTROL,3,"[1103, 2207, 3301]",,2207.0,phase3-194879f6031ce0dbb0fa3f98,"[1.932800104546547, 6.290539574168993, 0.0, 2.5431281264988757, -0.4451375405200986, 0.0]","[1.932800104546547, 6.290539574168993, 0.0, 2.5431281264988757, -0.4451375405200986, 0.0]","[0.8776387008504696, 6.504727550810999, 0.8384056388856683, 2.8357568789913965, -0.35334855869784426, -0.16647188146383457]","[0.8776387008504696, 6.504727550810999, 0.8384056388856683, 2.8357568789913965, -0.35334855869784426, -0.16647188146383457]",COBYLA,240,240,240,241,3,Return from COBYLA because the objective function has been evaluated MAXFUN times.,0.9701248468399718,0.9134090928671225,0.056715753972849337,1.3397751881027764,0.06474120560378155,1.0546171867243062,0.22041679577468873,1.2750339824989954,0.08659090713287754,0.038086057745038364,0.4398389970276399,88.6690889040666,1.9477722460087867,0.1,0.20154145088074343,1.1,False,0.08659090713287743,0.005763798403601056,True,True,1.0000000000000013,1.0378971993923187,128.5703125,SUCCESS,,False,d7edcf4ca084e975b0b8d916d003c9c772e9c801b06175ee7112ef86cdea99f3,018e499280521e6e6764118d14af76ed4cee74fd501addf4dd69087da5bcc557,False,
phase3-aa80717240909f89bcb74e25,PHASE_3_EMPIRICAL_DILUTION_SCALING,PREREGISTERED_EMPIRICAL_DILUTION_SCALING,PRIMARY_MATRIX,development,task-p3-6cba0807b5144d71,g-63a93cc8703f978f,phase3-m12-b02-g-63a93cc8703f978f,12,8,12,4096,6,4,4,0.6666666666666666,0.0009765625,3.010299956639812,O3,CVAR_ENERGY,TAIL_FOCUSED_ROUTING_OBJECTIVE,3,"[1103, 2207, 3301]",,2207.0,phase3-194879f6031ce0dbb0fa3f98,"[1.932800104546547, 6.290539574168993, 0.0, 2.5431281264988757, -0.4451375405200986, 0.0]","[1.932800104546547, 6.290539574168993, 0.0, 2.5431281264988757, -0.4451375405200986, 0.0]","[1.1910841344695517, 6.5058790713720205, -0.930219867755553, 2.7895121814906334, -0.5106088230948967, 0.19763576187427986]","[1.1910841344695517, 6.5058790713720205, -0.930219867755553, 2.7895121814906334, -0.5106088230948967, 0.19763576187427986]",COBYLA,240,240,240,241,3,Return from COBYLA because the objective function has been evaluated MAXFUN times.,0.7940114927605746,0.06564246794650155,0.7283690248140731,1.3969468522780772,0.0751218256944139,1.0454090318125329,0.2764159947711308,1.3218250265836635,0.10155000775932468,0.040915032612183835,0.4029052632782972,103.98720794554848,2.0169799175646035,0.1,0.06564246794650155,0.08542713567839195,True,0.1,0.016357961174454233,True,True,1.0000000000000013,1.0721083022654057,128.5703125,SUCCESS,,False,d7edcf4ca084e975b0b8d916d003c9c772e9c801b06175ee7112ef86cdea99f3,018e499280521e6e6764118d14af76ed4cee74fd501addf4dd69087da5bcc557,False,
phase3-2b042f399af6b819fb739ffb,PHASE_3_EMPIRICAL_DILUTION_SCALING,PREREGISTERED_EMPIRICAL_DILUTION_SCALING,PRIMARY_MATRIX,development,task-p3-b8e2da35bf423a1f,g-63a93cc8703f978f,phase3-m12-b02-g-63a93cc8703f978f,12,8,12,4096,6,3,3,0.5,0.000732421875,3.135238693248112,P2_O0,MEAN_ENERGY_PREPARATION,COMMON_INITIALIZATION_PREPARATION,2,"[1103, 2207, 3301]",1103.0,2207.0,phase3-59178da8463d0871692fc9e7,,"[1.4361119332668082, 4.6766136583430296, 1.8287983773432719, 0.554097077555417]","[2.295240281773877, 4.320170738707359, 2.3218154448844173, 0.10776483960495822]","[2.295240281773877, 4.320170738707359, 2.3218154448844173, 0.10776483960495822]",COBYLA,120,120,120,121,3,Return from COBYLA because the objective function has been evaluated MAXFUN times.,2.5504886836349305,1.8802039495503213,0.6702847340846092,1.8802039495503213,0.10411257693080592,1.3177862672949487,0.45830510532456725,1.7760913726195162,0.008462610123443433,0.005600688746732375,0.6618157595630149,11.554283688541434,1.0627430264264093,0.1,1.0426027826808166,1.1703517587939698,False,0.008462610123443421,0.00011694753308476302,True,True,1.0000000000000013,0.4126384649425745,128.484375,SUCCESS,,False,d7edcf4ca084e975b0b8d916d003c9c772e9c801b06175ee7112ef86cdea99f3,018e499280521e6e6764118d14af76ed4cee74fd501addf4dd69087da5bcc557,False,
phase3-59178da8463d0871692fc9e7,PHASE_3_EMPIRICAL_DILUTION_SCALING,PREREGISTERED_EMPIRICAL_DILUTION_SCALING,PRIMARY_MATRIX,development,task-p3-b8e2da35bf423a1f,g-63a93cc8703f978f,phase3-m12-b02-g-63a93cc8703f978f,12,8,12,4096,6,3,3,0.5,0.000732421875,3.135238693248112,P2_O0,MEAN_ENERGY_PREPARATION,COMMON_INITIALIZATION_PREPARATION,2,"[1103, 2207, 3301]",2207.0,2207.0,phase3-59178da8463d0871692fc9e7,,"[4.119365739193051, 4.0465795222369225, 1.5369649905613294, 0.28561357469155796]","[5.140247475596873, 3.952916634472301, 2.506394428213948, 0.14975087181102065]","[5.140247475596873, 3.952916634472301, 2.506394428213948, 0.14975087181102065]",COBYLA,120,120,120,121,3,Return from COBYLA because the objective function has been evaluated MAXFUN times.,2.598614505925717,1.7076009139869819,0.891013591938735,1.7076009139869819,0.09272173845308762,1.1668862516925227,0.44799292384137157,1.6148791755338943,0.023818278306965094,0.012009607956103823,0.504218138747329,32.51988931510967,1.5121490587572426,0.1,0.8664716707867929,1.1452261306532663,False,0.023818278306965066,0.0054145825061191755,True,True,1.000000000000001,0.4242058005183935,128.484375,SUCCESS,,False,d7edcf4ca084e975b0b8d916d003c9c772e9c801b06175ee7112ef86cdea99f3,018e499280521e6e6764118d14af76ed4cee74fd501addf4dd69087da5bcc557,False,
phase3-c9c4e56caf96ac95981d8a0c,PHASE_3_EMPIRICAL_DILUTION_SCALING,PREREGISTERED_EMPIRICAL_DILUTION_SCALING,PRIMARY_MATRIX,development,task-p3-b8e2da35bf423a1f,g-63a93cc8703f978f,phase3-m12-b02-g-63a93cc8703f978f,12,8,12,4096,6,3,3,0.5,0.000732421875,3.135238693248112,P2_O0,MEAN_ENERGY_PREPARATION,COMMON_INITIALIZATION_PREPARATION,2,"[1103, 2207, 3301]",3301.0,2207.0,phase3-59178da8463d0871692fc9e7,,"[2.8746040698350956, 3.2295534178963874, 1.3381083226815658, 0.4324890662459698]","[2.486771309206444, 3.9256743493717656, 2.332579328035736, 0.10487284750119329]","[2.486771309206444, 3.9256743493717656, 2.332579328035736, 0.10487284750119329]",COBYLA,120,120,120,121,3,Return from COBYLA because the objective function has been evaluated MAXFUN times.,2.7655053553041533,1.8859223642847485,0.8795829910194048,1.8859223642847485,0.10347903939234387,1.3079786571708705,0.4744646677215342,1.7824433248924048,0.007253636572682401,0.00553249177592935,0.7627197365753093,9.903631800569038,0.9957944856791123,0.1,1.0503355358210265,1.1552763819095477,False,0.007253636572682397,0.0012025809365190099,True,True,1.0000000000000004,0.3973809378221631,128.484375,SUCCESS,,False,d7edcf4ca084e975b0b8d916d003c9c772e9c801b06175ee7112ef86cdea99f3,018e499280521e6e6764118d14af76ed4cee74fd501addf4dd69087da5bcc557,False,
phase3-4220001442f29b18fb2c75d5,PHASE_3_EMPIRICAL_DILUTION_SCALING,PREREGISTERED_EMPIRICAL_DILUTION_SCALING,PRIMARY_MATRIX,development,task-p3-b8e2da35bf423a1f,g-63a93cc8703f978f,phase3-m12-b02-g-63a93cc8703f978f,12,8,12,4096,6,3,3,0.5,0.000732421875,3.135238693248112,O0,MEAN_ENERGY,STANDARD_BASELINE,3,"[1103, 2207, 3301]",,2207.0,phase3-59178da8463d0871692fc9e7,"[5.140247475596873, 3.952916634472301, 0.0, 2.506394428213948, 0.14975087181102065, 0.0]","[5.140247475596873, 3.952916634472301, 0.0, 2.506394428213948, 0.14975087181102065, 0.0]","[6.336000367640117, 4.514963809415227, 0.2040235190486079, 2.489900743673036, 0.3071014370770908, -0.1691531859411079]","[6.336000367640117, 4.514963809415227, 0.2040235190486079, 2.489900743673036, 0.3071014370770908, -0.1691531859411079]",COBYLA,240,240,240,241,3,Return from COBYLA because the objective function has been evaluated MAXFUN times.,1.7076009139869819,1.4413582913401566,0.2662426226468253,1.4413582913401566,0.07305261337642452,1.1010349339938106,0.2672707439699218,1.3683056779637321,0.057134839530145705,0.027137947822298204,0.47498073059222606,78.00810090515894,1.892139705199795,0.1,0.5053035020327223,1.1150753768844222,False,0.057134839530145726,0.0058031700050161505,True,True,0.9999999999999996,0.9836998358368874,128.58203125,SUCCESS,,False,d7edcf4ca084e975b0b8d916d003c9c772e9c801b06175ee7112ef86cdea99f3,018e499280521e6e6764118d14af76ed4cee74fd501addf4dd69087da5bcc557,False,
phase3-65c61e202747a9fcba5c3f65,PHASE_3_EMPIRICAL_DILUTION_SCALING,PREREGISTERED_EMPIRICAL_DILUTION_SCALING,PRIMARY_MATRIX,development,task-p3-b8e2da35bf423a1f,g-63a93cc8703f978f,phase3-m12-b02-g-63a93cc8703f978f,12,8,12,4096,6,3,3,0.5,0.000732421875,3.135238693248112,O2,EXACT_FEASIBILITY_CAPACITY_CONTROL,STATEVECTOR_MECHANISTIC_CAPACITY_CONTROL,3,"[1103, 2207, 3301]",,2207.0,phase3-59178da8463d0871692fc9e7,"[5.140247475596873, 3.952916634472301, 0.0, 2.506394428213948, 0.14975087181102065, 0.0]","[5.140247475596873, 3.952916634472301, 0.0, 2.506394428213948, 0.14975087181102065, 0.0]","[6.287664316292862, 4.715897342915823, -0.1687952271990689, 2.6133050643692566, 0.09963500632414014, 0.06863138481755499]","[6.287664316292862, 4.715897342915823, -0.1687952271990689, 2.6133050643692566, 0.09963500632414014, 0.06863138481755499]",COBYLA,240,240,240,241,3,Return from COBYLA because the objective function has been evaluated MAXFUN times.,0.9761817216930349,0.9302628374209456,0.04591888427208923,1.559623008648514,0.08606147771304765,1.0847941198743498,0.38876741106111645,1.4735615309354664,0.06973716257905438,0.025749962875888054,0.36924305382654155,95.21447264126891,1.9787029663521905,0.1,0.37446637808050803,1.1096412140776415,False,0.06973716257905438,0.0050680766110386966,True,True,1.0,1.0261118495836854,128.58203125,SUCCESS,,False,d7edcf4ca084e975b0b8d916d003c9c772e9c801b06175ee7112ef86cdea99f3,018e499280521e6e6764118d14af76ed4cee74fd501addf4dd69087da5bcc557,False,
phase3-d0fca54b36cecc921591d50e,PHASE_3_EMPIRICAL_DILUTION_SCALING,PREREGISTERED_EMPIRICAL_DILUTION_SCALING,PRIMARY_MATRIX,development,task-p3-b8e2da35bf423a1f,g-63a93cc8703f978f,phase3-m12-b02-g-63a93cc8703f978f,12,8,12,4096,6,3,3,0.5,0.000732421875,3.135238693248112,O3,CVAR_ENERGY,TAIL_FOCUSED_ROUTING_OBJECTIVE,3,"[1103, 2207, 3301]",,2207.0,phase3-59178da8463d0871692fc9e7,"[5.140247475596873, 3.952916634472301, 0.0, 2.506394428213948, 0.14975087181102065, 0.0]","[5.140247475596873, 3.952916634472301, 0.0, 2.506394428213948, 0.14975087181102065, 0.0]","[6.429809218051697, 4.716883999291402, -0.22886733908547655, 2.610235630824302, 0.09380925678018684, 0.07925077921229862]","[6.429809218051697, 4.716883999291402, -0.22886733908547655, 2.610235630824302, 0.09380925678018684, 0.07925077921229862]",COBYLA,240,240,240,241,3,Return from COBYLA because the objective function has been evaluated MAXFUN times.,0.8664716707867929,0.3449352836097272,0.5215363871770657,1.5431542480075542,0.08503458413888126,1.0803025813411362,0.377817082527537,1.458119663868673,0.07252682280946865,0.027835873707219783,0.38380109080947783,99.02328874252787,1.995737345940265,0.1,0.3449352836097272,1.1096412140776415,False,0.07252682280946858,0.0014142245577026813,True,True,1.0000000000000009,1.0355525026097894,128.58203125,SUCCESS,,False,d7edcf4ca084e975b0b8d916d003c9c772e9c801b06175ee7112ef86cdea99f3,018e499280521e6e6764118d14af76ed4cee74fd501addf4dd69087da5bcc557,False,
phase3-3591040ca3e9aa0558715ac2,PHASE_3_EMPIRICAL_DILUTION_SCALING,PREREGISTERED_EMPIRICAL_DILUTION_SCALING,PRIMARY_MATRIX,development,task-p3-b14747e889207fd9,g-63a93cc8703f978f,phase3-m12-b02-g-63a93cc8703f978f,12,8,12,4096,6,2,2,0.3333333333333333,0.00048828125,3.311329952303793,P2_O0,MEAN_ENERGY_PREPARATION,COMMON_INITIALIZATION_PREPARATION,2,"[1103, 2207, 3301]",1103.0,2207.0,phase3-cced3d1ad7fd1136c1b679d4,,"[1.4361119332668082, 4.6766136583430296, 1.8287983773432719, 0.554097077555417]","[2.3215886190009027, 4.3315973667807635, 2.325489030686393, 0.10444268447287029]","[2.3215886190009027, 4.3315973667807635, 2.325489030686393, 0.10444268447287029]",COBYLA,120,120,120,121,3,Return from COBYLA because the objective function has been evaluated MAXFUN times.,2.559386247393771,1.8832055420364975,0.6761807053572737,1.8832055420364975,0.10380789965198667,1.3156889365321671,0.46370870585234375,1.779397642384511,0.007051775649155751,0.005545590724050582,0.7864105439478223,14.442036529470979,1.1596284391580234,0.1,1.0560621597851991,1.1703517587939698,False,0.007051775649155753,0.0004552397988007162,True,True,0.9999999999999998,0.4104922031983733,128.453125,SUCCESS,,False,d7edcf4ca084e975b0b8d916d003c9c772e9c801b06175ee7112ef86cdea99f3,018e499280521e6e6764118d14af76ed4cee74fd501addf4dd69087da5bcc557,False,
phase3-cced3d1ad7fd1136c1b679d4,PHASE_3_EMPIRICAL_DILUTION_SCALING,PREREGISTERED_EMPIRICAL_DILUTION_SCALING,PRIMARY_MATRIX,development,task-p3-b14747e889207fd9,g-63a93cc8703f978f,phase3-m12-b02-g-63a93cc8703f978f,12,8,12,4096,6,2,2,0.3333333333333333,0.00048828125,3.311329952303793,P2_O0,MEAN_ENERGY_PREPARATION,COMMON_INITIALIZATION_PREPARATION,2,"[1103, 2207, 3301]",2207.0,2207.0,phase3-cced3d1ad7fd1136c1b679d4,,"[4.119365739193051, 4.0465795222369225, 1.5369649905613294, 0.28561357469155796]","[5.917419801701314, 4.218896369164032, 2.496260538853655, 0.13257243162481055]","[5.917419801701314, 4.218896369164032, 2.496260538853655, 0.13257243162481055]",COBYLA,120,120,120,121,3,Return from COBYLA because the objective function has been evaluated MAXFUN times.,2.602286725676142,1.5234572759985205,1.0788294496776216,1.5234572759985205,0.07778385300931814,1.1214269387984357,0.32424648419076685,1.4456734229892023,0.030814373657844576,0.02040914894114975,0.6623256136168156,63.10783725126569,1.8000832968609493,0.1,0.7784866177350417,1.1301507537688442,False,0.030814373657844573,0.0008092650426118619,True,True,1.0000000000000002,0.405268682166934,128.453125,SUCCESS,,False,d7edcf4ca084e975b0b8d916d003c9c772e9c801b06175ee7112ef86cdea99f3,018e499280521e6e6764118d14af76ed4cee74fd501addf4dd69087da5bcc557,False,
phase3-cbae09e2f29d596f32d081fb,PHASE_3_EMPIRICAL_DILUTION_SCALING,PREREGISTERED_EMPIRICAL_DILUTION_SCALING,PRIMARY_MATRIX,development,task-p3-b14747e889207fd9,g-63a93cc8703f978f,phase3-m12-b02-g-63a93cc8703f978f,12,8,12,4096,6,2,2,0.3333333333333333,0.00048828125,3.311329952303793,P2_O0,MEAN_ENERGY_PREPARATION,COMMON_INITIALIZATION_PREPARATION,2,"[1103, 2207, 3301]",3301.0,2207.0,phase3-cced3d1ad7fd1136c1b679d4,,"[2.8746040698350956, 3.2295534178963874, 1.3381083226815658, 0.4324890662459698]","[2.5186241003272474, 3.7450717032619423, 2.3450201082810964, 0.09472954848536552]","[2.5186241003272474, 3.7450717032619423, 2.3450201082810964, 0.09472954848536552]",COBYLA,120,120,120,121,3,Return from COBYLA because the objective function has been evaluated MAXFUN times.,2.7690536419757876,1.8964711925590085,0.8725824494167791,1.8964711925590085,0.10292377580015895,1.3011721261906444,0.492375290568205,1.7935474167588494,0.005713532509779997,0.004986332672581014,0.8727232520416718,11.701314580029434,1.0682346551463318,0.1,1.0643331425838092,1.1552763819095477,False,0.005713532509779992,0.0007008921059274698,True,True,1.0000000000000009,0.3996697524562478,128.453125,SUCCESS,,False,d7edcf4ca084e975b0b8d916d003c9c772e9c801b06175ee7112ef86cdea99f3,018e499280521e6e6764118d14af76ed4cee74fd501addf4dd69087da5bcc557,False,
phase3-aa2b41683f0e2b22b6cef225,PHASE_3_EMPIRICAL_DILUTION_SCALING,PREREGISTERED_EMPIRICAL_DILUTION_SCALING,PRIMARY_MATRIX,development,task-p3-b14747e889207fd9,g-63a93cc8703f978f,phase3-m12-b02-g-63a93cc8703f978f,12,8,12,4096,6,2,2,0.3333333333333333,0.00048828125,3.311329952303793,O0,MEAN_ENERGY,STANDARD_BASELINE,3,"[1103, 2207, 3301]",,2207.0,phase3-cced3d1ad7fd1136c1b679d4,"[5.917419801701314, 4.218896369164032, 0.0, 2.496260538853655, 0.13257243162481055, 0.0]","[5.917419801701314, 4.218896369164032, 0.0, 2.496260538853655, 0.13257243162481055, 0.0]","[6.611055475691931, 4.359143607344647, 0.08710288106413606, 2.4854044628890724, 0.19131842158180243, -0.06085183134726076]","[6.611055475691931, 4.359143607344647, 0.08710288106413606, 2.4854044628890724, 0.19131842158180243, -0.06085183134726076]",COBYLA,240,240,240,241,3,Return from COBYLA because the objective function has been evaluated MAXFUN times.,1.5234572759985205,1.4578678425350684,0.06558943346345214,1.4578678425350684,0.07064276370772463,1.1075857328662853,0.27963934596105855,1.3872250788273441,0.03786209724452382,0.026060449262324877,0.6882991476678996,77.54157515678479,1.8895346188913562,0.1,0.700738776067595,1.1150753768844222,False,0.03786209724452382,0.00014026440148756647,True,True,1.0,1.0193093223497272,128.6875,SUCCESS,,False,d7edcf4ca084e975b0b8d916d003c9c772e9c801b06175ee7112ef86cdea99f3,018e499280521e6e6764118d14af76ed4cee74fd501addf4dd69087da5bcc557,False,
phase3-c3646cead70968bbb502c78d,PHASE_3_EMPIRICAL_DILUTION_SCALING,PREREGISTERED_EMPIRICAL_DILUTION_SCALING,PRIMARY_MATRIX,development,task-p3-b14747e889207fd9,g-63a93cc8703f978f,phase3-m12-b02-g-63a93cc8703f978f,12,8,12,4096,6,2,2,0.3333333333333333,0.00048828125,3.311329952303793,O2,EXACT_FEASIBILITY_CAPACITY_CONTROL,STATEVECTOR_MECHANISTIC_CAPACITY_CONTROL,3,"[1103, 2207, 3301]",,2207.0,phase3-cced3d1ad7fd1136c1b679d4,"[5.917419801701314, 4.218896369164032, 0.0, 2.496260538853655, 0.13257243162481055, 0.0]","[5.917419801701314, 4.218896369164032, 0.0, 2.496260538853655, 0.13257243162481055, 0.0]","[6.754216736016213, 4.676129696329616, -0.23194090176932247, 2.6055789077923173, 0.09182540872848687, 0.07959359627984794]","[6.754216736016213, 4.676129696329616, -0.23194090176932247, 2.6055789077923173, 0.09182540872848687, 0.07959359627984794]",COBYLA,240,240,240,241,3,Return from COBYLA because the objective function has been evaluated MAXFUN times.,0.9691856263421554,0.9478756666603733,0.021309959681782176,1.5513847804304448,0.08296857094927851,1.0846173606373308,0.38379884884383597,1.4684162094811666,0.05212433333962669,0.030752183296057046,0.5899774889337183,106.75063467955546,2.028370465776774,0.1,0.5509533109189664,1.1099312532362045,False,0.0521243333396267,0.006240990222085255,True,True,0.9999999999999998,1.0155997183173895,128.6875,SUCCESS,,False,d7edcf4ca084e975b0b8d916d003c9c772e9c801b06175ee7112ef86cdea99f3,018e499280521e6e6764118d14af76ed4cee74fd501addf4dd69087da5bcc557,False,
phase3-a262e136b91efafea2fc6b07,PHASE_3_EMPIRICAL_DILUTION_SCALING,PREREGISTERED_EMPIRICAL_DILUTION_SCALING,PRIMARY_MATRIX,development,task-p3-b14747e889207fd9,g-63a93cc8703f978f,phase3-m12-b02-g-63a93cc8703f978f,12,8,12,4096,6,2,2,0.3333333333333333,0.00048828125,3.311329952303793,O3,CVAR_ENERGY,TAIL_FOCUSED_ROUTING_OBJECTIVE,3,"[1103, 2207, 3301]",,2207.0,phase3-cced3d1ad7fd1136c1b679d4,"[5.917419801701314, 4.218896369164032, 0.0, 2.496260538853655, 0.13257243162481055, 0.0]","[5.917419801701314, 4.218896369164032, 0.0, 2.496260538853655, 0.13257243162481055, 0.0]","[6.665602730102614, 4.645300732916937, 0.220048600651751, 2.597864885442733, 0.3114221124184685, -0.15274964245446834]","[6.665602730102614, 4.645300732916937, 0.220048600651751, 2.597864885442733, 0.3114221124184685, -0.15274964245446834]",COBYLA,240,240,240,241,3,Return from COBYLA because the objective function has been evaluated MAXFUN times.,0.7784866177350417,0.5433500558092249,0.23513656192581678,1.5220236681176949,0.08100787357117403,1.0799915123724575,0.3610242821740635,1.441015794546521,0.05282905057642677,0.03141392412563684,0.5946335166518073,108.19389558052202,2.0342027580858693,0.1,0.5433500558092249,1.1099312532362045,False,0.052829050576426874,0.004787880718858564,True,True,0.9999999999999981,1.064985099248588,128.6875,SUCCESS,,False,d7edcf4ca084e975b0b8d916d003c9c772e9c801b06175ee7112ef86cdea99f3,018e499280521e6e6764118d14af76ed4cee74fd501addf4dd69087da5bcc557,False,
phase3-f9de942224e898913c06d002,PHASE_3_EMPIRICAL_DILUTION_SCALING,PREREGISTERED_EMPIRICAL_DILUTION_SCALING,PRIMARY_MATRIX,development,task-p3-a4c941937da21328,g-63a93cc8703f978f,phase3-m12-b02-g-63a93cc8703f978f,12,8,12,4096,6,1,1,0.1666666666666666,0.000244140625,3.612359947967774,P2_O0,MEAN_ENERGY_PREPARATION,COMMON_INITIALIZATION_PREPARATION,2,"[1103, 2207, 3301]",1103.0,2207.0,phase3-bdccea388f78c4ba714bd67d,,"[1.4361119332668082, 4.6766136583430296, 1.8287983773432719, 0.554097077555417]","[2.343503956570388, 3.959222409708834, 3.288972562111411, -0.7832601580900274]","[2.343503956570388, 3.959222409708834, 3.288972562111411, -0.7832601580900274]",COBYLA,120,120,120,121,3,Return from COBYLA because the objective function has been evaluated MAXFUN times.,2.9767678692184014,1.7826422763676673,1.1941255928507342,1.7826422763676673,0.05497028825418246,1.1703897472296492,0.5572822408838355,1.7276719881134848,0.009121028387308478,0.009121028387308478,1.0,37.35973227441553,1.5724037553481893,0.1,1.0050313746791395,1.1150753768844222,False,0.00912102838730847,0.007690776392879045,True,True,1.0000000000000009,0.4215672444552183,127.9453125,SUCCESS,,False,d7edcf4ca084e975b0b8d916d003c9c772e9c801b06175ee7112ef86cdea99f3,018e499280521e6e6764118d14af76ed4cee74fd501addf4dd69087da5bcc557,False,
phase3-bdccea388f78c4ba714bd67d,PHASE_3_EMPIRICAL_DILUTION_SCALING,PREREGISTERED_EMPIRICAL_DILUTION_SCALING,PRIMARY_MATRIX,development,task-p3-a4c941937da21328,g-63a93cc8703f978f,phase3-m12-b02-g-63a93cc8703f978f,12,8,12,4096,6,1,1,0.1666666666666666,0.000244140625,3.612359947967774,P2_O0,MEAN_ENERGY_PREPARATION,COMMON_INITIALIZATION_PREPARATION,2,"[1103, 2207, 3301]",2207.0,2207.0,phase3-bdccea388f78c4ba714bd67d,,"[4.119365739193051, 4.0465795222369225, 1.5369649905613294, 0.28561357469155796]","[5.108662666650832, 4.012425537286873, 2.413343453971129, 0.14653388876734152]","[5.108662666650832, 4.012425537286873, 2.413343453971129, 0.14653388876734152]",COBYLA,120,120,120,121,3,Return from COBYLA because the objective function has been evaluated MAXFUN times.,2.8298804146567944,1.7810359338300477,1.0488444808267468,1.7810359338300477,0.07090023789887506,1.1684224088323183,0.5417132870988546,1.7101356959311727,0.010384138873848467,0.010384138873848467,1.0,42.53343282728332,1.6287304355657066,0.1,0.9965572489946525,1.1201005025125628,False,0.010384138873848483,0.003947725158427132,True,True,0.9999999999999986,0.40189190953969955,127.9453125,SUCCESS,,False,d7edcf4ca084e975b0b8d916d003c9c772e9c801b06175ee7112ef86cdea99f3,018e499280521e6e6764118d14af76ed4cee74fd501addf4dd69087da5bcc557,False,
phase3-a8921b2428aed7f7dfdd1495,PHASE_3_EMPIRICAL_DILUTION_SCALING,PREREGISTERED_EMPIRICAL_DILUTION_SCALING,PRIMARY_MATRIX,development,task-p3-a4c941937da21328,g-63a93cc8703f978f,phase3-m12-b02-g-63a93cc8703f978f,12,8,12,4096,6,1,1,0.1666666666666666,0.000244140625,3.612359947967774,P2_O0,MEAN_ENERGY_PREPARATION,COMMON_INITIALIZATION_PREPARATION,2,"[1103, 2207, 3301]",3301.0,2207.0,phase3-bdccea388f78c4ba714bd67d,,"[2.8746040698350956, 3.2295534178963874, 1.3381083226815658, 0.4324890662459698]","[3.957101148529278, 1.9370729224676337, 2.683473909891934, -0.31415879986989526]","[3.957101148529278, 1.9370729224676337, 2.683473909891934, -0.31415879986989526]",COBYLA,120,120,120,121,3,Return from COBYLA because the objective function has been evaluated MAXFUN times.,2.989207480964709,1.832950383963964,1.1562570970007449,1.832950383963964,0.0696681209799184,1.1033949114607622,0.6598873515232831,1.7632822629840457,0.0059000410909190015,0.0059000410909190015,1.0,24.16656830840423,1.383214984270467,0.1,1.0338271682251043,1.1,False,0.005900041090919003,0.06017801246242119,True,True,0.9999999999999997,0.40889193024486303,127.9453125,SUCCESS,,False,d7edcf4ca084e975b0b8d916d003c9c772e9c801b06175ee7112ef86cdea99f3,018e499280521e6e6764118d14af76ed4cee74fd501addf4dd69087da5bcc557,False,
phase3-6bbad1e09d2de052c71e26c2,PHASE_3_EMPIRICAL_DILUTION_SCALING,PREREGISTERED_EMPIRICAL_DILUTION_SCALING,PRIMARY_MATRIX,development,task-p3-a4c941937da21328,g-63a93cc8703f978f,phase3-m12-b02-g-63a93cc8703f978f,12,8,12,4096,6,1,1,0.1666666666666666,0.000244140625,3.612359947967774,O0,MEAN_ENERGY,STANDARD_BASELINE,3,"[1103, 2207, 3301]",,2207.0,phase3-bdccea388f78c4ba714bd67d,"[5.108662666650832, 4.012425537286873, 0.0, 2.413343453971129, 0.14653388876734152, 0.0]","[5.108662666650832, 4.012425537286873, 0.0, 2.413343453971129, 0.14653388876734152, 0.0]","[5.996097759459824, 4.138156090304043, 0.010007055933112739, 2.4491214257465903, 0.1628107414329709, -0.021900614439795497]","[5.996097759459824, 4.138156090304043, 0.010007055933112739, 2.4491214257465903, 0.1628107414329709, -0.021900614439795497]",COBYLA,240,240,240,241,3,Return from COBYLA because the objective function has been evaluated MAXFUN times.,1.7810359338300477,1.6893058031043187,0.091730130725729,1.6893058031043187,0.06429613801829237,1.133850172509373,0.4911594925766533,1.6250096650860266,0.016154172667845634,0.016154172667845634,1.0,66.16749124749572,1.8206446686012225,0.1,0.9342741814402733,1.1150753768844222,False,0.016154172667845655,0.007859584647922413,True,True,0.9999999999999987,1.0341250412166119,128.64453125,SUCCESS,,False,d7edcf4ca084e975b0b8d916d003c9c772e9c801b06175ee7112ef86cdea99f3,018e499280521e6e6764118d14af76ed4cee74fd501addf4dd69087da5bcc557,False,
phase3-c8231111c1835b41c3c3b179,PHASE_3_EMPIRICAL_DILUTION_SCALING,PREREGISTERED_EMPIRICAL_DILUTION_SCALING,PRIMARY_MATRIX,development,task-p3-a4c941937da21328,g-63a93cc8703f978f,phase3-m12-b02-g-63a93cc8703f978f,12,8,12,4096,6,1,1,0.1666666666666666,0.000244140625,3.612359947967774,O2,EXACT_FEASIBILITY_CAPACITY_CONTROL,STATEVECTOR_MECHANISTIC_CAPACITY_CONTROL,3,"[1103, 2207, 3301]",,2207.0,phase3-bdccea388f78c4ba714bd67d,"[5.108662666650832, 4.012425537286873, 0.0, 2.413343453971129, 0.14653388876734152, 0.0]","[5.108662666650832, 4.012425537286873, 0.0, 2.413343453971129, 0.14653388876734152, 0.0]","[6.2548178109196275, 4.845059640714502, -0.45225063402450605, 2.582654427889467, 0.11845659605222379, 0.09769778483429219]","[6.2548178109196275, 4.845059640714502, -0.45225063402450605, 2.582654427889467, 0.11845659605222379, 0.09769778483429219]",COBYLA,240,240,240,241,3,Return from COBYLA because the objective function has been evaluated MAXFUN times.,0.9896158611261515,0.9621011929647699,0.027514668161381595,1.8428744447977687,0.08203359120506587,1.0983871371792309,0.6624537164134718,1.7608408535927034,0.03789880703523011,0.03789880703523011,1.0,155.23351361630253,2.1909854875883314,0.1,0.7030105245682359,1.1150753768844222,False,0.03789880703523006,0.0015886175805613634,True,True,1.0000000000000013,1.0109515087679029,128.64453125,SUCCESS,,False,d7edcf4ca084e975b0b8d916d003c9c772e9c801b06175ee7112ef86cdea99f3,018e499280521e6e6764118d14af76ed4cee74fd501addf4dd69087da5bcc557,False,
phase3-1226968bc110bbc931782ded,PHASE_3_EMPIRICAL_DILUTION_SCALING,PREREGISTERED_EMPIRICAL_DILUTION_SCALING,PRIMARY_MATRIX,development,task-p3-a4c941937da21328,g-63a93cc8703f978f,phase3-m12-b02-g-63a93cc8703f978f,12,8,12,4096,6,1,1,0.1666666666666666,0.000244140625,3.612359947967774,O3,CVAR_ENERGY,TAIL_FOCUSED_ROUTING_OBJECTIVE,3,"[1103, 2207, 3301]",,2207.0,phase3-bdccea388f78c4ba714bd67d,"[5.108662666650832, 4.012425537286873, 0.0, 2.413343453971129, 0.14653388876734152, 0.0]","[5.108662666650832, 4.012425537286873, 0.0, 2.413343453971129, 0.14653388876734152, 0.0]","[6.3018988553551, 4.827797053164006, -0.6250258027812503, 2.5866387984923658, 0.154174468036215, 0.0914685545385927]","[6.3018988553551, 4.827797053164006, -0.6250258027812503, 2.5866387984923658, 0.154174468036215, 0.0914685545385927]",COBYLA,240,240,240,241,3,Return from COBYLA because the objective function has been evaluated MAXFUN times.,0.9965572489946525,0.6815241878708967,0.31503306112375573,1.8725803173010434,0.08486911476753974,1.107326880396534,0.6803843221369695,1.7877112025335034,0.03994114542488243,0.03994114542488243,1.0,163.59893166031844,2.213780463298975,0.1,0.6815241878708967,1.1150753768844222,False,0.0399411454248824,0.002959730009777145,True,True,1.0000000000000009,1.0567635605111718,128.64453125,SUCCESS,,False,d7edcf4ca084e975b0b8d916d003c9c772e9c801b06175ee7112ef86cdea99f3,018e499280521e6e6764118d14af76ed4cee74fd501addf4dd69087da5bcc557,False,
phase3-d9c22b9641572f35a086d4cc,PHASE_3_EMPIRICAL_DILUTION_SCALING,PREREGISTERED_EMPIRICAL_DILUTION_SCALING,PRIMARY_MATRIX,development,task-p3-c81637288d27101d,g-2fd196f1ec0acd82,phase3-m12-b03-g-2fd196f1ec0acd82,12,8,12,4096,6,6,6,1.0,0.00146484375,2.8342086975841307,P2_O0,MEAN_ENERGY_PREPARATION,COMMON_INITIALIZATION_PREPARATION,2,"[1103, 2207, 3301]",1103.0,2207.0,phase3-93c43836c2489130dfde216f,,"[1.4361119332668082, 4.6766136583430296, 1.8287983773432719, 0.554097077555417]","[1.6425058645920054, 4.433940661375242, 2.264587678271877, 0.11535817808993555]","[1.6425058645920054, 4.433940661375242, 2.264587678271877, 0.11535817808993555]",COBYLA,120,120,120,121,3,Return from COBYLA because the objective function has been evaluated MAXFUN times.,1.9455872881450222,1.5803470117401908,0.3652402764048315,1.5803470117401908,0.10444825470466142,1.2469886460343547,0.2289101110011748,1.4758987570355293,0.022046826547784244,0.015067287791789657,0.6834220679848345,15.050633589954044,1.1775547829085276,0.1,0.8857794057322346,1.1588712794742944,False,0.02204682654778424,0.0004677379282061328,True,True,1.0000000000000002,0.4095083111897111,128.4765625,SUCCESS,,False,d7edcf4ca084e975b0b8d916d003c9c772e9c801b06175ee7112ef86cdea99f3,018e499280521e6e6764118d14af76ed4cee74fd501addf4dd69087da5bcc557,False,
phase3-93c43836c2489130dfde216f,PHASE_3_EMPIRICAL_DILUTION_SCALING,PREREGISTERED_EMPIRICAL_DILUTION_SCALING,PRIMARY_MATRIX,development,task-p3-c81637288d27101d,g-2fd196f1ec0acd82,phase3-m12-b03-g-2fd196f1ec0acd82,12,8,12,4096,6,6,6,1.0,0.00146484375,2.8342086975841307,P2_O0,MEAN_ENERGY_PREPARATION,COMMON_INITIALIZATION_PREPARATION,2,"[1103, 2207, 3301]",2207.0,2207.0,phase3-93c43836c2489130dfde216f,,"[4.119365739193051, 4.0465795222369225, 1.5369649905613294, 0.28561357469155796]","[3.008489010286835, 4.129692020559929, 3.134827555119999, -0.6292072031828078]","[3.008489010286835, 4.129692020559929, 3.134827555119999, -0.6292072031828078]",COBYLA,120,120,120,121,3,Return from COBYLA because the objective function has been evaluated MAXFUN times.,2.245621485137664,1.262978023685753,0.9826434614519111,1.262978023685753,0.06462233736840062,1.0669518678850143,0.1314038184323383,1.1983556863173523,0.06468022926629628,0.03866398135704892,0.5977712478084247,44.15503651245826,1.6449802482265168,0.1,0.41789253501282725,1.0769230769230769,False,0.06468022926629631,0.035319770733703695,True,True,0.9999999999999997,0.39681574888527393,128.4765625,SUCCESS,,False,d7edcf4ca084e975b0b8d916d003c9c772e9c801b06175ee7112ef86cdea99f3,018e499280521e6e6764118d14af76ed4cee74fd501addf4dd69087da5bcc557,False,
phase3-dfb305cf2b231acf57a47b5b,PHASE_3_EMPIRICAL_DILUTION_SCALING,PREREGISTERED_EMPIRICAL_DILUTION_SCALING,PRIMARY_MATRIX,development,task-p3-c81637288d27101d,g-2fd196f1ec0acd82,phase3-m12-b03-g-2fd196f1ec0acd82,12,8,12,4096,6,6,6,1.0,0.00146484375,2.8342086975841307,P2_O0,MEAN_ENERGY_PREPARATION,COMMON_INITIALIZATION_PREPARATION,2,"[1103, 2207, 3301]",3301.0,2207.0,phase3-93c43836c2489130dfde216f,,"[2.8746040698350956, 3.2295534178963874, 1.3381083226815658, 0.4324890662459698]","[2.0063673065433365, 5.4177768249487315, 2.5308426417586194, -0.40407137302740936]","[2.0063673065433365, 5.4177768249487315, 2.5308426417586194, -0.40407137302740936]",COBYLA,120,120,120,121,3,Return from COBYLA because the objective function has been evaluated MAXFUN times.,2.337609904267582,1.453224252464285,0.8843856518032971,1.453224252464285,0.0787528356989549,1.1367359603251437,0.23773545644018668,1.3744714167653302,0.03468319267342713,0.02085484982089482,0.6012955617224065,23.677059531726254,1.3743277661066369,0.1,0.729735390581793,1.0970235794356396,False,0.034683192673427087,0.004901905143909896,True,True,1.0000000000000013,0.40090426336973906,128.4765625,SUCCESS,,False,d7edcf4ca084e975b0b8d916d003c9c772e9c801b06175ee7112ef86cdea99f3,018e499280521e6e6764118d14af76ed4cee74fd501addf4dd69087da5bcc557,False,
phase3-03ced15b4ef16a45577cd981,PHASE_3_EMPIRICAL_DILUTION_SCALING,PREREGISTERED_EMPIRICAL_DILUTION_SCALING,PRIMARY_MATRIX,development,task-p3-c81637288d27101d,g-2fd196f1ec0acd82,phase3-m12-b03-g-2fd196f1ec0acd82,12,8,12,4096,6,6,6,1.0,0.00146484375,2.8342086975841307,O0,MEAN_ENERGY,STANDARD_BASELINE,3,"[1103, 2207, 3301]",,2207.0,phase3-93c43836c2489130dfde216f,"[3.008489010286835, 4.129692020559929, 0.0, 3.134827555119999, -0.6292072031828078, 0.0]","[3.008489010286835, 4.129692020559929, 0.0, 3.134827555119999, -0.6292072031828078, 0.0]","[2.795199886047811, 3.951493931170317, 0.6816026432559281, 3.1399569767393385, -0.4334874510383474, -0.18916596479440576]","[2.795199886047811, 3.951493931170317, 0.6816026432559281, 3.1399569767393385, -0.4334874510383474, -0.18916596479440576]",COBYLA,240,240,240,241,3,Return from COBYLA because the objective function has been evaluated MAXFUN times.,1.262978023685753,1.1765337097689499,0.08644431391680318,1.1765337097689499,0.06508761041051225,1.006089199260502,0.1053569000979352,1.1114460993584374,0.11614071932731028,0.06427396397447997,0.5534145504415355,79.28539772744382,1.8991932091291552,0.1,0.05283077424751427,0.10552763819095477,True,0.1,0.011082010313576904,True,True,0.9999999999999999,1.0259226756170392,128.5703125,SUCCESS,,False,d7edcf4ca084e975b0b8d916d003c9c772e9c801b06175ee7112ef86cdea99f3,018e499280521e6e6764118d14af76ed4cee74fd501addf4dd69087da5bcc557,False,
phase3-188266d6ac4936a41338f357,PHASE_3_EMPIRICAL_DILUTION_SCALING,PREREGISTERED_EMPIRICAL_DILUTION_SCALING,PRIMARY_MATRIX,development,task-p3-c81637288d27101d,g-2fd196f1ec0acd82,phase3-m12-b03-g-2fd196f1ec0acd82,12,8,12,4096,6,6,6,1.0,0.00146484375,2.8342086975841307,O2,EXACT_FEASIBILITY_CAPACITY_CONTROL,STATEVECTOR_MECHANISTIC_CAPACITY_CONTROL,3,"[1103, 2207, 3301]",,2207.0,phase3-93c43836c2489130dfde216f,"[3.008489010286835, 4.129692020559929, 0.0, 3.134827555119999, -0.6292072031828078, 0.0]","[3.008489010286835, 4.129692020559929, 0.0, 3.134827555119999, -0.6292072031828078, 0.0]","[3.3023246315145447, 3.811719522906046, -1.2049142967813995, 3.1332738733109897, -0.6056473861076181, 0.20410747876299515]","[3.3023246315145447, 3.811719522906046, -1.2049142967813995, 3.1332738733109897, -0.6056473861076181, 0.20410747876299515]",COBYLA,240,240,240,241,3,Return from COBYLA because the objective function has been evaluated MAXFUN times.,0.9353197707337038,0.8365559659943779,0.09876380473932589,1.2228814803478376,0.0771235560502638,0.9651414240524652,0.18061650024510875,1.145757924297574,0.16344403400562216,0.0877104756477873,0.5366391999647429,111.57779388117139,2.0475777702782807,0.1,0.03888126362378273,0.06532663316582915,True,0.1,0.012289524352212727,True,True,1.0000000000000002,1.0431668236851692,128.5703125,SUCCESS,,False,d7edcf4ca084e975b0b8d916d003c9c772e9c801b06175ee7112ef86cdea99f3,018e499280521e6e6764118d14af76ed4cee74fd501addf4dd69087da5bcc557,False,
phase3-b891c2ee7983a2c03f09a9f3,PHASE_3_EMPIRICAL_DILUTION_SCALING,PREREGISTERED_EMPIRICAL_DILUTION_SCALING,PRIMARY_MATRIX,development,task-p3-c81637288d27101d,g-2fd196f1ec0acd82,phase3-m12-b03-g-2fd196f1ec0acd82,12,8,12,4096,6,6,6,1.0,0.00146484375,2.8342086975841307,O3,CVAR_ENERGY,TAIL_FOCUSED_ROUTING_OBJECTIVE,3,"[1103, 2207, 3301]",,2207.0,phase3-93c43836c2489130dfde216f,"[3.008489010286835, 4.129692020559929, 0.0, 3.134827555119999, -0.6292072031828078, 0.0]","[3.008489010286835, 4.129692020559929, 0.0, 3.134827555119999, -0.6292072031828078, 0.0]","[3.380323345129398, 3.760949135338253, 1.1132447539801533, 3.149064336668005, -0.43526693545142775, -0.19546543612291667]","[3.380323345129398, 3.760949135338253, 1.1132447539801533, 3.149064336668005, -0.43526693545142775, -0.19546543612291667]",COBYLA,240,240,240,241,3,Return from COBYLA because the objective function has been evaluated MAXFUN times.,0.41789253501282725,0.04145373482259646,0.3764388001902308,1.2366931952333626,0.06364360435153166,0.9922794558593502,0.18077013502248054,1.1730495908818306,0.13182695006589326,0.08440522640296735,0.6402729211346972,89.99386457831646,1.954212901988109,0.1,0.04145373482259646,0.08542713567839195,True,0.1,0.007840170346868444,True,True,0.9999999999999993,0.8907962236553431,128.5703125,SUCCESS,,False,d7edcf4ca084e975b0b8d916d003c9c772e9c801b06175ee7112ef86cdea99f3,018e499280521e6e6764118d14af76ed4cee74fd501addf4dd69087da5bcc557,False,
phase3-84e1365a1405ab5e67e4d822,PHASE_3_EMPIRICAL_DILUTION_SCALING,PREREGISTERED_EMPIRICAL_DILUTION_SCALING,PRIMARY_MATRIX,development,task-p3-a1690ae1e63fd0cb,g-2fd196f1ec0acd82,phase3-m12-b03-g-2fd196f1ec0acd82,12,8,12,4096,6,5,5,0.8333333333333334,0.001220703125,2.9133899436317554,P2_O0,MEAN_ENERGY_PREPARATION,COMMON_INITIALIZATION_PREPARATION,2,"[1103, 2207, 3301]",1103.0,2207.0,phase3-cb871c18660d1fb3800c4172,,"[1.4361119332668082, 4.6766136583430296, 1.8287983773432719, 0.554097077555417]","[1.9640715221838458, 4.420748579953417, 2.276250919855937, 0.11419401769126172]","[1.9640715221838458, 4.420748579953417, 2.276250919855937, 0.11419401769126172]",COBYLA,120,120,120,121,3,Return from COBYLA because the objective function has been evaluated MAXFUN times.,2.2364937738270347,1.6821680195366593,0.5543257542903754,1.6821680195366593,0.1036255010878209,1.2468029036821209,0.33173961476671765,1.5785425184488386,0.02055612641170247,0.015084711814690026,0.7338304655541715,16.839578756466665,1.226331223385114,0.1,0.8977085656300382,1.1522999613451874,False,0.02055612641170245,0.001347942759829468,True,True,1.0000000000000009,0.3989655151963234,128.54296875,SUCCESS,,False,d7edcf4ca084e975b0b8d916d003c9c772e9c801b06175ee7112ef86cdea99f3,018e499280521e6e6764118d14af76ed4cee74fd501addf4dd69087da5bcc557,False,
phase3-cb871c18660d1fb3800c4172,PHASE_3_EMPIRICAL_DILUTION_SCALING,PREREGISTERED_EMPIRICAL_DILUTION_SCALING,PRIMARY_MATRIX,development,task-p3-a1690ae1e63fd0cb,g-2fd196f1ec0acd82,phase3-m12-b03-g-2fd196f1ec0acd82,12,8,12,4096,6,5,5,0.8333333333333334,0.001220703125,2.9133899436317554,P2_O0,MEAN_ENERGY_PREPARATION,COMMON_INITIALIZATION_PREPARATION,2,"[1103, 2207, 3301]",2207.0,2207.0,phase3-cb871c18660d1fb3800c4172,,"[4.119365739193051, 4.0465795222369225, 1.5369649905613294, 0.28561357469155796]","[3.11528654680296, 6.254793361667468, 2.53958691509056, -0.49127397911786547]","[3.11528654680296, 6.254793361667468, 2.53958691509056, -0.49127397911786547]",COBYLA,120,120,120,121,3,Return from COBYLA because the objective function has been evaluated MAXFUN times.,2.416652366981788,1.4862356051946373,0.9304167617871508,1.4862356051946373,0.06500099326145933,1.1204055047764998,0.3008291071566776,1.4212346119331773,0.027193198625181596,0.021438796574486628,0.7883881874283725,22.276668313748765,1.3478502385146984,0.1,0.7974552309857981,1.091998453807499,False,0.027193198625181617,0.0025131665361362854,True,True,0.9999999999999994,0.4087005965411663,128.54296875,SUCCESS,,False,d7edcf4ca084e975b0b8d916d003c9c772e9c801b06175ee7112ef86cdea99f3,018e499280521e6e6764118d14af76ed4cee74fd501addf4dd69087da5bcc557,False,
phase3-3a0dc281b8d6f15f0393144b,PHASE_3_EMPIRICAL_DILUTION_SCALING,PREREGISTERED_EMPIRICAL_DILUTION_SCALING,PRIMARY_MATRIX,development,task-p3-a1690ae1e63fd0cb,g-2fd196f1ec0acd82,phase3-m12-b03-g-2fd196f1ec0acd82,12,8,12,4096,6,5,5,0.8333333333333334,0.001220703125,2.9133899436317554,P2_O0,MEAN_ENERGY_PREPARATION,COMMON_INITIALIZATION_PREPARATION,2,"[1103, 2207, 3301]",3301.0,2207.0,phase3-cb871c18660d1fb3800c4172,,"[2.8746040698350956, 3.2295534178963874, 1.3381083226815658, 0.4324890662459698]","[2.0977113022883054, 3.990504003969941, 2.3295767058227566, 0.09971099290258918]","[2.0977113022883054, 3.990504003969941, 2.3295767058227566, 0.09971099290258918]",COBYLA,120,120,120,121,3,Return from COBYLA because the objective function has been evaluated MAXFUN times.,2.601261844467576,1.695090923113922,0.906170921353654,1.695090923113922,0.10263142794740851,1.2335339151836853,0.3589255799828285,1.5924594951665134,0.022734808468940708,0.017965711303565737,0.790229278953887,18.62435509775623,1.270081243442619,0.1,0.8667214585870204,1.1372245844607654,False,0.02273480846894074,0.002058949157173501,True,True,0.9999999999999987,0.4057773454114795,128.54296875,SUCCESS,,False,d7edcf4ca084e975b0b8d916d003c9c772e9c801b06175ee7112ef86cdea99f3,018e499280521e6e6764118d14af76ed4cee74fd501addf4dd69087da5bcc557,False,
phase3-b76eb1056130d310f9a66076,PHASE_3_EMPIRICAL_DILUTION_SCALING,PREREGISTERED_EMPIRICAL_DILUTION_SCALING,PRIMARY_MATRIX,development,task-p3-a1690ae1e63fd0cb,g-2fd196f1ec0acd82,phase3-m12-b03-g-2fd196f1ec0acd82,12,8,12,4096,6,5,5,0.8333333333333334,0.001220703125,2.9133899436317554,O0,MEAN_ENERGY,STANDARD_BASELINE,3,"[1103, 2207, 3301]",,2207.0,phase3-cb871c18660d1fb3800c4172,"[3.11528654680296, 6.254793361667468, 0.0, 2.53958691509056, -0.49127397911786547, 0.0]","[3.11528654680296, 6.254793361667468, 0.0, 2.53958691509056, -0.49127397911786547, 0.0]","[1.4082057253328781, 6.491773421407411, 0.695023133507329, 2.512998568029573, -0.2878731876356392, -0.15297533325310608]","[1.4082057253328781, 6.491773421407411, 0.695023133507329, 2.512998568029573, -0.2878731876356392, -0.15297533325310608]",COBYLA,240,240,240,241,3,Return from COBYLA because the objective function has been evaluated MAXFUN times.,1.4862356051946373,1.2458687926140202,0.2403668125806171,1.2458687926140202,0.06372724714365441,1.0093275067714338,0.17281403869893203,1.182141545470366,0.11013967702119339,0.07952722885782158,0.7220579450448065,90.22642341576162,1.9553337422331736,0.1,0.047705006029687,0.10552763819095477,True,0.1,0.01115047714224697,True,True,0.9999999999999989,1.0332522708922625,128.6640625,SUCCESS,,False,d7edcf4ca084e975b0b8d916d003c9c772e9c801b06175ee7112ef86cdea99f3,018e499280521e6e6764118d14af76ed4cee74fd501addf4dd69087da5bcc557,False,
phase3-e4a1fe819a0167f656597ce1,PHASE_3_EMPIRICAL_DILUTION_SCALING,PREREGISTERED_EMPIRICAL_DILUTION_SCALING,PRIMARY_MATRIX,development,task-p3-a1690ae1e63fd0cb,g-2fd196f1ec0acd82,phase3-m12-b03-g-2fd196f1ec0acd82,12,8,12,4096,6,5,5,0.8333333333333334,0.001220703125,2.9133899436317554,O2,EXACT_FEASIBILITY_CAPACITY_CONTROL,STATEVECTOR_MECHANISTIC_CAPACITY_CONTROL,3,"[1103, 2207, 3301]",,2207.0,phase3-cb871c18660d1fb3800c4172,"[3.11528654680296, 6.254793361667468, 0.0, 2.53958691509056, -0.49127397911786547, 0.0]","[3.11528654680296, 6.254793361667468, 0.0, 2.53958691509056, -0.49127397911786547, 0.0]","[1.7506479226564955, 6.813952880615803, 1.1163940959999836, 2.573937734239103, -0.2929384115773649, -0.1761646389331205]","[1.7506479226564955, 6.813952880615803, 1.1163940959999836, 2.573937734239103, -0.2929384115773649, -0.1761646389331205]",COBYLA,240,240,240,241,3,Return from COBYLA because the objective function has been evaluated MAXFUN times.,0.9728068013748185,0.8643747691356576,0.10843203223916087,1.3272807001920266,0.06039964350139586,0.9825810148526333,0.284300041837998,1.2668810566906314,0.1356252308643424,0.11338585194067585,0.8360232916697393,111.10418912406928,2.0457304340909013,0.1,0.035175879396984924,0.035175879396984924,True,0.1,0.02916915656807012,True,True,0.9999999999999986,1.0303530702367425,128.6640625,SUCCESS,,False,d7edcf4ca084e975b0b8d916d003c9c772e9c801b06175ee7112ef86cdea99f3,018e499280521e6e6764118d14af76ed4cee74fd501addf4dd69087da5bcc557,False,
phase3-3cb23a2227ee1afb553ef5e5,PHASE_3_EMPIRICAL_DILUTION_SCALING,PREREGISTERED_EMPIRICAL_DILUTION_SCALING,PRIMARY_MATRIX,development,task-p3-a1690ae1e63fd0cb,g-2fd196f1ec0acd82,phase3-m12-b03-g-2fd196f1ec0acd82,12,8,12,4096,6,5,5,0.8333333333333334,0.001220703125,2.9133899436317554,O3,CVAR_ENERGY,TAIL_FOCUSED_ROUTING_OBJECTIVE,3,"[1103, 2207, 3301]",,2207.0,phase3-cb871c18660d1fb3800c4172,"[3.11528654680296, 6.254793361667468, 0.0, 2.53958691509056, -0.49127397911786547, 0.0]","[3.11528654680296, 6.254793361667468, 0.0, 2.53958691509056, -0.49127397911786547, 0.0]","[1.9957380157672877, 6.8393871698748105, 0.7834910455541698, 2.618255055107289, -0.24869239094862958, -0.17009242302429087]","[1.9957380157672877, 6.8393871698748105, 0.7834910455541698, 2.618255055107289, -0.24869239094862958, -0.17009242302429087]",COBYLA,240,230,230,231,0,Return from COBYLA because the trust region radius reaches its lower bound.,0.7974552309857981,0.035175879396984924,0.7622793515888131,1.3630763772883099,0.0622350130357314,0.998659133877446,0.30218223037513203,1.3008413642525778,0.11936172293698409,0.10007109068887081,0.838385105597901,97.78112342997737,1.9902550226663847,0.1,0.035175879396984924,0.035175879396984924,True,0.1,0.03563877124059951,True,True,0.9999999999999996,1.0033164955675602,128.6640625,SUCCESS,,False,d7edcf4ca084e975b0b8d916d003c9c772e9c801b06175ee7112ef86cdea99f3,018e499280521e6e6764118d14af76ed4cee74fd501addf4dd69087da5bcc557,False,
phase3-04339bd91583786ea2eaadd7,PHASE_3_EMPIRICAL_DILUTION_SCALING,PREREGISTERED_EMPIRICAL_DILUTION_SCALING,PRIMARY_MATRIX,development,task-p3-6afe15da00e4b23d,g-2fd196f1ec0acd82,phase3-m12-b03-g-2fd196f1ec0acd82,12,8,12,4096,6,4,4,0.6666666666666666,0.0009765625,3.010299956639812,P2_O0,MEAN_ENERGY_PREPARATION,COMMON_INITIALIZATION_PREPARATION,2,"[1103, 2207, 3301]",1103.0,2207.0,phase3-0eb9df3f27f3a048091fa4ca,,"[1.4361119332668082, 4.6766136583430296, 1.8287983773432719, 0.554097077555417]","[2.1103626866684935, 4.312278608173284, 2.2930124664930123, 0.10831755727702207]","[2.1103626866684935, 4.312278608173284, 2.2930124664930123, 0.10831755727702207]",COBYLA,120,120,120,121,3,Return from COBYLA because the objective function has been evaluated MAXFUN times.,2.320921236098538,1.705596555813797,0.6153246802847407,1.705596555813797,0.10256095827097836,1.2400293612369833,0.3630062363058357,1.603035597542819,0.021142602541584173,0.01711473561893164,0.809490486578918,21.650025002582193,1.3354584022356757,0.1,0.8856068942262936,1.142249710088906,False,0.021142602541584194,0.0018743049088164043,True,True,0.999999999999999,0.40507590118795633,127.96875,SUCCESS,,False,d7edcf4ca084e975b0b8d916d003c9c772e9c801b06175ee7112ef86cdea99f3,018e499280521e6e6764118d14af76ed4cee74fd501addf4dd69087da5bcc557,False,
phase3-0eb9df3f27f3a048091fa4ca,PHASE_3_EMPIRICAL_DILUTION_SCALING,PREREGISTERED_EMPIRICAL_DILUTION_SCALING,PRIMARY_MATRIX,development,task-p3-6afe15da00e4b23d,g-2fd196f1ec0acd82,phase3-m12-b03-g-2fd196f1ec0acd82,12,8,12,4096,6,4,4,0.6666666666666666,0.0009765625,3.010299956639812,P2_O0,MEAN_ENERGY_PREPARATION,COMMON_INITIALIZATION_PREPARATION,2,"[1103, 2207, 3301]",2207.0,2207.0,phase3-0eb9df3f27f3a048091fa4ca,,"[4.119365739193051, 4.0465795222369225, 1.5369649905613294, 0.28561357469155796]","[4.374487239809092, 7.035875794849505, 2.575727756437418, -0.38050510278012684]","[4.374487239809092, 7.035875794849505, 2.575727756437418, -0.38050510278012684]",COBYLA,120,120,120,121,3,Return from COBYLA because the objective function has been evaluated MAXFUN times.,2.455004095226764,1.4064597500559017,1.0485443451708623,1.4064597500559017,0.05775556534322116,1.0632957406120855,0.2854084441005951,1.3487041847126813,0.04457160124712746,0.03157252863252903,0.70835526992793,45.64131967705852,1.6593581931558743,0.1,0.6215135615324026,1.0769230769230769,False,0.0445716012471274,0.04486378897718691,True,True,1.0000000000000013,0.4013797976076603,127.96875,SUCCESS,,False,d7edcf4ca084e975b0b8d916d003c9c772e9c801b06175ee7112ef86cdea99f3,018e499280521e6e6764118d14af76ed4cee74fd501addf4dd69087da5bcc557,False,
phase3-d21719b518df9feab3e752f0,PHASE_3_EMPIRICAL_DILUTION_SCALING,PREREGISTERED_EMPIRICAL_DILUTION_SCALING,PRIMARY_MATRIX,development,task-p3-6afe15da00e4b23d,g-2fd196f1ec0acd82,phase3-m12-b03-g-2fd196f1ec0acd82,12,8,12,4096,6,4,4,0.6666666666666666,0.0009765625,3.010299956639812,P2_O0,MEAN_ENERGY_PREPARATION,COMMON_INITIALIZATION_PREPARATION,2,"[1103, 2207, 3301]",3301.0,2207.0,phase3-0eb9df3f27f3a048091fa4ca,,"[2.8746040698350956, 3.2295534178963874, 1.3381083226815658, 0.4324890662459698]","[2.205812327277381, 3.9647636500824204, 2.344454431398791, 0.09947610705194598]","[2.205812327277381, 3.9647636500824204, 2.344454431398791, 0.09947610705194598]",COBYLA,120,120,120,121,3,Return from COBYLA because the objective function has been evaluated MAXFUN times.,2.642508449960882,1.7172235070334363,0.9252849429274459,1.7172235070334363,0.10206694459476545,1.2277710612358619,0.387385501202809,1.615156562438671,0.023595767142389937,0.01969024614995822,0.8344821353396294,24.162065553807295,1.3831340582717704,0.1,0.8535255859206404,1.1372245844607654,False,0.023595767142389916,0.00015143228127673103,True,True,1.0000000000000009,0.3956342888996005,127.96875,SUCCESS,,False,d7edcf4ca084e975b0b8d916d003c9c772e9c801b06175ee7112ef86cdea99f3,018e499280521e6e6764118d14af76ed4cee74fd501addf4dd69087da5bcc557,False,
phase3-8b6968b558e867f23652fcad,PHASE_3_EMPIRICAL_DILUTION_SCALING,PREREGISTERED_EMPIRICAL_DILUTION_SCALING,PRIMARY_MATRIX,development,task-p3-6afe15da00e4b23d,g-2fd196f1ec0acd82,phase3-m12-b03-g-2fd196f1ec0acd82,12,8,12,4096,6,4,4,0.6666666666666666,0.0009765625,3.010299956639812,O0,MEAN_ENERGY,STANDARD_BASELINE,3,"[1103, 2207, 3301]",,2207.0,phase3-0eb9df3f27f3a048091fa4ca,"[4.374487239809092, 7.035875794849505, 0.0, 2.575727756437418, -0.38050510278012684, 0.0]","[4.374487239809092, 7.035875794849505, 0.0, 2.575727756437418, -0.38050510278012684, 0.0]","[5.936948816505949, 7.02227213483423, -0.37102714394659336, 2.5363174641046613, -0.38412882711880564, 0.16577121230567438]","[5.936948816505949, 7.02227213483423, -0.37102714394659336, 2.5363174641046613, -0.38412882711880564, 0.16577121230567438]",COBYLA,240,240,240,241,3,Return from COBYLA because the objective function has been evaluated MAXFUN times.,1.4064597500559017,1.1884387568070833,0.2180209932488184,1.1884387568070833,0.05136625251847465,0.9995591340015675,0.13751337028704164,1.137072504288609,0.09761395381002111,0.07639344248109207,0.782607808610755,99.95668870146162,1.999811860674673,0.1,0.07523466705525828,1.0713214790967427,False,0.09761395381002101,0.0023860461899789936,True,True,1.000000000000001,1.0338336694985628,128.609375,SUCCESS,,False,d7edcf4ca084e975b0b8d916d003c9c772e9c801b06175ee7112ef86cdea99f3,018e499280521e6e6764118d14af76ed4cee74fd501addf4dd69087da5bcc557,False,
phase3-dbca1bf7c73bc240211517d6,PHASE_3_EMPIRICAL_DILUTION_SCALING,PREREGISTERED_EMPIRICAL_DILUTION_SCALING,PRIMARY_MATRIX,development,task-p3-6afe15da00e4b23d,g-2fd196f1ec0acd82,phase3-m12-b03-g-2fd196f1ec0acd82,12,8,12,4096,6,4,4,0.6666666666666666,0.0009765625,3.010299956639812,O2,EXACT_FEASIBILITY_CAPACITY_CONTROL,STATEVECTOR_MECHANISTIC_CAPACITY_CONTROL,3,"[1103, 2207, 3301]",,2207.0,phase3-0eb9df3f27f3a048091fa4ca,"[4.374487239809092, 7.035875794849505, 0.0, 2.575727756437418, -0.38050510278012684, 0.0]","[4.374487239809092, 7.035875794849505, 0.0, 2.575727756437418, -0.38050510278012684, 0.0]","[5.98731895327778, 6.615739967598093, 0.8008335945693983, 2.7264721821086826, -0.21056280830295773, -0.1369656443533984]","[5.98731895327778, 6.615739967598093, 0.8008335945693983, 2.7264721821086826, -0.21056280830295773, -0.1369656443533984]",COBYLA,240,240,240,241,3,Return from COBYLA because the objective function has been evaluated MAXFUN times.,0.9554283987528726,0.8757491897709234,0.07967920898194913,1.2538402712975911,0.05453733404248964,0.9707143547933453,0.22858858246175592,1.1993029372551014,0.12425081022907655,0.09285206373812466,0.7472954386932109,127.23282967457439,2.1045991860521815,0.1,0.040204578274686056,0.10552763819095477,True,0.1,0.007147936261875182,True,True,0.9999999999999982,1.0640746131539345,128.609375,SUCCESS,,False,d7edcf4ca084e975b0b8d916d003c9c772e9c801b06175ee7112ef86cdea99f3,018e499280521e6e6764118d14af76ed4cee74fd501addf4dd69087da5bcc557,False,
phase3-80c4c5062b0770fac4d4dd29,PHASE_3_EMPIRICAL_DILUTION_SCALING,PREREGISTERED_EMPIRICAL_DILUTION_SCALING,PRIMARY_MATRIX,development,task-p3-6afe15da00e4b23d,g-2fd196f1ec0acd82,phase3-m12-b03-g-2fd196f1ec0acd82,12,8,12,4096,6,4,4,0.6666666666666666,0.0009765625,3.010299956639812,O3,CVAR_ENERGY,TAIL_FOCUSED_ROUTING_OBJECTIVE,3,"[1103, 2207, 3301]",,2207.0,phase3-0eb9df3f27f3a048091fa4ca,"[4.374487239809092, 7.035875794849505, 0.0, 2.575727756437418, -0.38050510278012684, 0.0]","[4.374487239809092, 7.035875794849505, 0.0, 2.575727756437418, -0.38050510278012684, 0.0]","[5.933200939677923, 6.694766521278177, -0.7989425910827445, 2.706438524157622, -0.38738215884106336, 0.16545568897579083]","[5.933200939677923, 6.694766521278177, -0.7989425910827445, 2.706438524157622, -0.38738215884106336, 0.16545568897579083]",COBYLA,240,240,240,241,3,Return from COBYLA because the objective function has been evaluated MAXFUN times.,0.6215135615324026,0.03816083743344621,0.5833527240989563,1.2502575379987984,0.060200191882997925,0.9571893466580699,0.2328679994577308,1.1900573461158006,0.12706009099555135,0.09575709536245852,0.7536362882489293,130.10953317944458,2.1143091186641745,0.1,0.03816083743344621,0.10552763819095477,True,0.1,0.0042429046375414,True,True,0.9999999999999992,1.0398608706891537,128.609375,SUCCESS,,False,d7edcf4ca084e975b0b8d916d003c9c772e9c801b06175ee7112ef86cdea99f3,018e499280521e6e6764118d14af76ed4cee74fd501addf4dd69087da5bcc557,False,
phase3-53e34337fd083536dd16ee09,PHASE_3_EMPIRICAL_DILUTION_SCALING,PREREGISTERED_EMPIRICAL_DILUTION_SCALING,PRIMARY_MATRIX,development,task-p3-681084199b215be0,g-2fd196f1ec0acd82,phase3-m12-b03-g-2fd196f1ec0acd82,12,8,12,4096,6,3,3,0.5,0.000732421875,3.135238693248112,P2_O0,MEAN_ENERGY_PREPARATION,COMMON_INITIALIZATION_PREPARATION,2,"[1103, 2207, 3301]",1103.0,1103.0,phase3-53e34337fd083536dd16ee09,,"[1.4361119332668082, 4.6766136583430296, 1.8287983773432719, 0.554097077555417]","[2.1067987029244715, 4.071870556974898, 3.277632820196527, -0.7722365334009429]","[2.1067987029244715, 4.071870556974898, 3.277632820196527, -0.7722365334009429]",COBYLA,120,120,120,121,3,Return from COBYLA because the objective function has been evaluated MAXFUN times.,2.816102364727767,1.4983095197753562,1.3177928449524108,1.4983095197753562,0.05630142223385657,1.0970601899291414,0.34494790761235766,1.4420080975414995,0.032336622195058985,0.028394721481240323,0.8780979444902881,44.15026817032054,1.6449333458419386,0.1,0.7428304179135333,1.0769230769230769,False,0.032336622195058964,0.06766337780494104,True,True,1.0000000000000007,0.4047962324693799,128.4609375,SUCCESS,,False,d7edcf4ca084e975b0b8d916d003c9c772e9c801b06175ee7112ef86cdea99f3,018e499280521e6e6764118d14af76ed4cee74fd501addf4dd69087da5bcc557,False,
phase3-43b946825aabbd015edebfd9,PHASE_3_EMPIRICAL_DILUTION_SCALING,PREREGISTERED_EMPIRICAL_DILUTION_SCALING,PRIMARY_MATRIX,development,task-p3-681084199b215be0,g-2fd196f1ec0acd82,phase3-m12-b03-g-2fd196f1ec0acd82,12,8,12,4096,6,3,3,0.5,0.000732421875,3.135238693248112,P2_O0,MEAN_ENERGY_PREPARATION,COMMON_INITIALIZATION_PREPARATION,2,"[1103, 2207, 3301]",2207.0,1103.0,phase3-53e34337fd083536dd16ee09,,"[4.119365739193051, 4.0465795222369225, 1.5369649905613294, 0.28561357469155796]","[5.198305032462516, 3.9816373326716814, 2.415772626077145, 0.14701055641045227]","[5.198305032462516, 3.9816373326716814, 2.415772626077145, 0.14701055641045227]",COBYLA,120,120,120,121,3,Return from COBYLA because the objective function has been evaluated MAXFUN times.,2.68240742747259,1.541946200129691,1.1404612273428991,1.541946200129691,0.07581535342474578,1.0856228197062325,0.3805080269987127,1.466130846704945,0.04906506074204431,0.04347211534020223,0.8860096101532098,66.99016293313782,1.8260110340812425,0.1,0.5746902412149096,1.091998453807499,False,0.049065060742044385,0.0033499220410824065,True,True,0.9999999999999984,0.4087252402678132,128.4609375,SUCCESS,,False,d7edcf4ca084e975b0b8d916d003c9c772e9c801b06175ee7112ef86cdea99f3,018e499280521e6e6764118d14af76ed4cee74fd501addf4dd69087da5bcc557,False,
phase3-f81d054f9572bd54fe272770,PHASE_3_EMPIRICAL_DILUTION_SCALING,PREREGISTERED_EMPIRICAL_DILUTION_SCALING,PRIMARY_MATRIX,development,task-p3-681084199b215be0,g-2fd196f1ec0acd82,phase3-m12-b03-g-2fd196f1ec0acd82,12,8,12,4096,6,3,3,0.5,0.000732421875,3.135238693248112,P2_O0,MEAN_ENERGY_PREPARATION,COMMON_INITIALIZATION_PREPARATION,2,"[1103, 2207, 3301]",3301.0,1103.0,phase3-53e34337fd083536dd16ee09,,"[2.8746040698350956, 3.2295534178963874, 1.3381083226815658, 0.4324890662459698]","[4.182082710658711, 3.9897543327204072, 2.3833407919060945, 0.1438277898950009]","[4.182082710658711, 3.9897543327204072, 2.3833407919060945, 0.1438277898950009]",COBYLA,120,120,120,121,3,Return from COBYLA because the objective function has been evaluated MAXFUN times.,2.868333324573322,1.6931794102321847,1.1751539143411371,1.6931794102321847,0.08595155602548188,1.1388276205342254,0.4684002336724772,1.6072278542067027,0.03591411048350912,0.03221695005902414,0.8970554922644506,49.03473218015112,1.6905038075956678,0.1,0.7126097645560167,1.0970235794356396,False,0.03591411048350913,0.0006664164045010884,True,True,0.9999999999999999,0.3937038341537118,128.4609375,SUCCESS,,False,d7edcf4ca084e975b0b8d916d003c9c772e9c801b06175ee7112ef86cdea99f3,018e499280521e6e6764118d14af76ed4cee74fd501addf4dd69087da5bcc557,False,
phase3-2540e528328cf679a292720c,PHASE_3_EMPIRICAL_DILUTION_SCALING,PREREGISTERED_EMPIRICAL_DILUTION_SCALING,PRIMARY_MATRIX,development,task-p3-681084199b215be0,g-2fd196f1ec0acd82,phase3-m12-b03-g-2fd196f1ec0acd82,12,8,12,4096,6,3,3,0.5,0.000732421875,3.135238693248112,O0,MEAN_ENERGY,STANDARD_BASELINE,3,"[1103, 2207, 3301]",,1103.0,phase3-53e34337fd083536dd16ee09,"[2.1067987029244715, 4.071870556974898, 0.0, 3.277632820196527, -0.7722365334009429, 0.0]","[2.1067987029244715, 4.071870556974898, 0.0, 3.277632820196527, -0.7722365334009429, 0.0]","[1.771506269127897, 3.679283765553755, 0.8573255342979891, 3.298047201318999, -0.6189986868454131, -0.19805923546525608]","[1.771506269127897, 3.679283765553755, 0.8573255342979891, 3.298047201318999, -0.6189986868454131, -0.19805923546525608]",COBYLA,240,240,240,241,3,Return from COBYLA because the objective function has been evaluated MAXFUN times.,1.4983095197753562,1.3567608583393758,0.14154866143598044,1.3567608583393758,0.0540046449056865,1.0446378304606014,0.2581183829730883,1.3027562134336892,0.06478948436981188,0.055402505216885195,0.8551156990330907,88.45924265958315,1.946743216853934,0.1,0.4085843441406621,1.0769230769230769,False,0.06478948436981202,0.03521051563018798,True,True,0.9999999999999981,1.0288367867469788,128.61328125,SUCCESS,,False,d7edcf4ca084e975b0b8d916d003c9c772e9c801b06175ee7112ef86cdea99f3,018e499280521e6e6764118d14af76ed4cee74fd501addf4dd69087da5bcc557,False,
phase3-f4fec146b8612eb8412602a9,PHASE_3_EMPIRICAL_DILUTION_SCALING,PREREGISTERED_EMPIRICAL_DILUTION_SCALING,PRIMARY_MATRIX,development,task-p3-681084199b215be0,g-2fd196f1ec0acd82,phase3-m12-b03-g-2fd196f1ec0acd82,12,8,12,4096,6,3,3,0.5,0.000732421875,3.135238693248112,O2,EXACT_FEASIBILITY_CAPACITY_CONTROL,STATEVECTOR_MECHANISTIC_CAPACITY_CONTROL,3,"[1103, 2207, 3301]",,1103.0,phase3-53e34337fd083536dd16ee09,"[2.1067987029244715, 4.071870556974898, 0.0, 3.277632820196527, -0.7722365334009429, 0.0]","[2.1067987029244715, 4.071870556974898, 0.0, 3.277632820196527, -0.7722365334009429, 0.0]","[2.7880774190013775, 4.253994129912769, 0.7177067791821728, 3.0954867943984423, -0.3853615006026904, -0.19084876774179807]","[2.7880774190013775, 4.253994129912769, 0.7177067791821728, 3.0954867943984423, -0.3853615006026904, -0.19084876774179807]",COBYLA,240,240,240,241,3,Return from COBYLA because the objective function has been evaluated MAXFUN times.,0.967663377804941,0.917388091731603,0.05027528607333809,1.4965150765796733,0.0605423395688669,1.0125031160827247,0.4234696209280816,1.4359727370108062,0.08261190826839705,0.06779273534240644,0.8206169880758021,112.79279208911811,2.0522813473783423,0.1,0.22674138650637826,1.0769230769230769,False,0.08261190826839712,0.017388091731602884,True,True,0.9999999999999992,1.0257644951343536,128.61328125,SUCCESS,,False,d7edcf4ca084e975b0b8d916d003c9c772e9c801b06175ee7112ef86cdea99f3,018e499280521e6e6764118d14af76ed4cee74fd501addf4dd69087da5bcc557,False,
phase3-e1b570ebceaaa6f5bded1571,PHASE_3_EMPIRICAL_DILUTION_SCALING,PREREGISTERED_EMPIRICAL_DILUTION_SCALING,PRIMARY_MATRIX,development,task-p3-681084199b215be0,g-2fd196f1ec0acd82,phase3-m12-b03-g-2fd196f1ec0acd82,12,8,12,4096,6,3,3,0.5,0.000732421875,3.135238693248112,O3,CVAR_ENERGY,TAIL_FOCUSED_ROUTING_OBJECTIVE,3,"[1103, 2207, 3301]",,1103.0,phase3-53e34337fd083536dd16ee09,"[2.1067987029244715, 4.071870556974898, 0.0, 3.277632820196527, -0.7722365334009429, 0.0]","[2.1067987029244715, 4.071870556974898, 0.0, 3.277632820196527, -0.7722365334009429, 0.0]","[2.7093047242270423, 4.183467743120029, -1.1065545133311532, 3.107864353938403, -0.6098241556687019, 0.2149432956588265]","[2.7093047242270423, 4.183467743120029, -1.1065545133311532, 3.107864353938403, -0.6098241556687019, 0.2149432956588265]",COBYLA,240,154,154,155,0,Return from COBYLA because the trust region radius reaches its lower bound.,0.7428304179135333,0.035175879396984924,0.7076545385165484,1.5050565425719222,0.0698973654857551,0.9708487385999315,0.4643104384862357,1.4351591770861671,0.1218650125061172,0.1000700658984999,0.8211550127521361,166.38636374168536,2.221117730642149,0.1,0.035175879396984924,0.035175879396984924,True,0.1,0.04406418232091502,True,True,0.9999999999999999,0.6885139020159841,128.61328125,SUCCESS,,False,d7edcf4ca084e975b0b8d916d003c9c772e9c801b06175ee7112ef86cdea99f3,018e499280521e6e6764118d14af76ed4cee74fd501addf4dd69087da5bcc557,False,
phase3-6f2305ff9e13cc004da3f119,PHASE_3_EMPIRICAL_DILUTION_SCALING,PREREGISTERED_EMPIRICAL_DILUTION_SCALING,PRIMARY_MATRIX,development,task-p3-a16b2f751ccd76a6,g-2fd196f1ec0acd82,phase3-m12-b03-g-2fd196f1ec0acd82,12,8,12,4096,6,2,2,0.3333333333333333,0.00048828125,3.311329952303793,P2_O0,MEAN_ENERGY_PREPARATION,COMMON_INITIALIZATION_PREPARATION,2,"[1103, 2207, 3301]",1103.0,2207.0,phase3-eb33d8f683a83a441457f8bc,,"[1.4361119332668082, 4.6766136583430296, 1.8287983773432719, 0.554097077555417]","[3.9035754822490913, 4.318906641648435, 2.3582230043172547, 0.1494626033284506]","[3.9035754822490913, 4.318906641648435, 2.3582230043172547, 0.1494626033284506]",COBYLA,120,120,120,121,3,Return from COBYLA because the objective function has been evaluated MAXFUN times.,2.960269400201568,1.7867517421101946,1.1735176580913735,1.7867517421101946,0.08415008346704075,1.1448381537961914,0.5577635048469627,1.7026016586431538,0.03195223006534002,0.03195223006534002,1.0,65.43816717381637,1.81583112688813,0.1,0.7508524847356871,1.0970235794356396,False,0.03195223006534005,0.002115231525587208,True,True,0.9999999999999992,0.40360743179917336,127.98046875,SUCCESS,,False,d7edcf4ca084e975b0b8d916d003c9c772e9c801b06175ee7112ef86cdea99f3,018e499280521e6e6764118d14af76ed4cee74fd501addf4dd69087da5bcc557,False,
phase3-eb33d8f683a83a441457f8bc,PHASE_3_EMPIRICAL_DILUTION_SCALING,PREREGISTERED_EMPIRICAL_DILUTION_SCALING,PRIMARY_MATRIX,development,task-p3-a16b2f751ccd76a6,g-2fd196f1ec0acd82,phase3-m12-b03-g-2fd196f1ec0acd82,12,8,12,4096,6,2,2,0.3333333333333333,0.00048828125,3.311329952303793,P2_O0,MEAN_ENERGY_PREPARATION,COMMON_INITIALIZATION_PREPARATION,2,"[1103, 2207, 3301]",2207.0,2207.0,phase3-eb33d8f683a83a441457f8bc,,"[4.119365739193051, 4.0465795222369225, 1.5369649905613294, 0.28561357469155796]","[5.293237110842387, 4.221129101025265, 2.3943939224220063, 0.1496380435206998]","[5.293237110842387, 4.221129101025265, 2.3943939224220063, 0.1496380435206998]",COBYLA,120,120,120,121,3,Return from COBYLA because the objective function has been evaluated MAXFUN times.,2.7651145065149385,1.5961206076244456,1.1689938988904929,1.5961206076244456,0.06948561891848254,1.0804373542406884,0.4461976344652747,1.526634988705963,0.04551024285563343,0.04551024285563343,1.0,93.20497736833727,1.969439105335567,0.1,0.605668868714221,1.091998453807499,False,0.045510242855633355,0.018888226469253047,True,True,1.0000000000000018,0.4045681767165661,127.98046875,SUCCESS,,False,d7edcf4ca084e975b0b8d916d003c9c772e9c801b06175ee7112ef86cdea99f3,018e499280521e6e6764118d14af76ed4cee74fd501addf4dd69087da5bcc557,False,
phase3-99bd2a23064844de8fb83284,PHASE_3_EMPIRICAL_DILUTION_SCALING,PREREGISTERED_EMPIRICAL_DILUTION_SCALING,PRIMARY_MATRIX,development,task-p3-a16b2f751ccd76a6,g-2fd196f1ec0acd82,phase3-m12-b03-g-2fd196f1ec0acd82,12,8,12,4096,6,2,2,0.3333333333333333,0.00048828125,3.311329952303793,P2_O0,MEAN_ENERGY_PREPARATION,COMMON_INITIALIZATION_PREPARATION,2,"[1103, 2207, 3301]",3301.0,2207.0,phase3-eb33d8f683a83a441457f8bc,,"[2.8746040698350956, 3.2295534178963874, 1.3381083226815658, 0.4324890662459698]","[4.877821470222838, 4.134240570407399, 2.3861841790210865, 0.15397644586170653]","[4.877821470222838, 4.134240570407399, 2.3861841790210865, 0.15397644586170653]",COBYLA,120,120,120,121,3,Return from COBYLA because the objective function has been evaluated MAXFUN times.,2.9669724002454725,1.6442613925164111,1.3227110077290614,1.6442613925164111,0.07368720566262678,1.096236189755405,0.4743379970983797,1.5705741868537846,0.039924542658758416,0.039924542658758416,1.0,81.76546336513724,1.9125699022385423,0.1,0.6651411405625324,1.091998453807499,False,0.03992454265875839,0.005560525059383842,True,True,1.0000000000000009,0.3727902853861451,127.98046875,SUCCESS,,False,d7edcf4ca084e975b0b8d916d003c9c772e9c801b06175ee7112ef86cdea99f3,018e499280521e6e6764118d14af76ed4cee74fd501addf4dd69087da5bcc557,False,
phase3-76fb455c860044caef2d5f61,PHASE_3_EMPIRICAL_DILUTION_SCALING,PREREGISTERED_EMPIRICAL_DILUTION_SCALING,PRIMARY_MATRIX,development,task-p3-a16b2f751ccd76a6,g-2fd196f1ec0acd82,phase3-m12-b03-g-2fd196f1ec0acd82,12,8,12,4096,6,2,2,0.3333333333333333,0.00048828125,3.311329952303793,O0,MEAN_ENERGY,STANDARD_BASELINE,3,"[1103, 2207, 3301]",,2207.0,phase3-eb33d8f683a83a441457f8bc,"[5.293237110842387, 4.221129101025265, 0.0, 2.3943939224220063, 0.1496380435206998, 0.0]","[5.293237110842387, 4.221129101025265, 0.0, 2.3943939224220063, 0.1496380435206998, 0.0]","[6.082931672130347, 4.358554505758617, 0.2899618611744135, 2.4346748249538663, 0.3400275758808702, -0.18607390261709164]","[6.082931672130347, 4.358554505758617, 0.2899618611744135, 2.4346748249538663, 0.3400275758808702, -0.18607390261709164]",COBYLA,240,240,240,241,3,Return from COBYLA because the objective function has been evaluated MAXFUN times.,1.5961206076244456,1.5110314930801851,0.08508911454426049,1.5110314930801851,0.06361121447310734,1.0345232087150817,0.4128970698919959,1.4474202786070771,0.06531890760764897,0.06531890760764897,1.0,133.7731227804651,2.1263688652952886,0.1,0.39646518746573794,1.0769230769230769,False,0.06531890760764883,0.034681092392351176,True,True,1.0000000000000022,1.026069674640894,128.69140625,SUCCESS,,False,d7edcf4ca084e975b0b8d916d003c9c772e9c801b06175ee7112ef86cdea99f3,018e499280521e6e6764118d14af76ed4cee74fd501addf4dd69087da5bcc557,False,
phase3-f7bac7a49fd5f881378b76c9,PHASE_3_EMPIRICAL_DILUTION_SCALING,PREREGISTERED_EMPIRICAL_DILUTION_SCALING,PRIMARY_MATRIX,development,task-p3-a16b2f751ccd76a6,g-2fd196f1ec0acd82,phase3-m12-b03-g-2fd196f1ec0acd82,12,8,12,4096,6,2,2,0.3333333333333333,0.00048828125,3.311329952303793,O2,EXACT_FEASIBILITY_CAPACITY_CONTROL,STATEVECTOR_MECHANISTIC_CAPACITY_CONTROL,3,"[1103, 2207, 3301]",,2207.0,phase3-eb33d8f683a83a441457f8bc,"[5.293237110842387, 4.221129101025265, 0.0, 2.3943939224220063, 0.1496380435206998, 0.0]","[5.293237110842387, 4.221129101025265, 0.0, 2.3943939224220063, 0.1496380435206998, 0.0]","[6.319432565539247, 4.725740271208532, -0.46875538370738484, 2.532645189093689, 0.14739029649198399, 0.08291007651941763]","[6.319432565539247, 4.725740271208532, -0.46875538370738484, 2.532645189093689, 0.14739029649198399, 0.08291007651941763]",COBYLA,240,240,240,241,3,Return from COBYLA because the objective function has been evaluated MAXFUN times.,0.9544897571443666,0.9060602027871112,0.04842955435725538,1.6300941345274487,0.07530099197690276,1.0013699028898735,0.553423239660672,1.554793142550546,0.09393979721288875,0.09393979721288875,1.0,192.38870469199617,2.284179570643907,0.1,0.09830787209611581,1.0769230769230769,False,0.09393979721288863,0.006060202787111377,True,True,1.0000000000000013,1.0231444276869297,128.69140625,SUCCESS,,False,d7edcf4ca084e975b0b8d916d003c9c772e9c801b06175ee7112ef86cdea99f3,018e499280521e6e6764118d14af76ed4cee74fd501addf4dd69087da5bcc557,False,
phase3-b8e8b5146be4a5fbfdf228c5,PHASE_3_EMPIRICAL_DILUTION_SCALING,PREREGISTERED_EMPIRICAL_DILUTION_SCALING,PRIMARY_MATRIX,development,task-p3-a16b2f751ccd76a6,g-2fd196f1ec0acd82,phase3-m12-b03-g-2fd196f1ec0acd82,12,8,12,4096,6,2,2,0.3333333333333333,0.00048828125,3.311329952303793,O3,CVAR_ENERGY,TAIL_FOCUSED_ROUTING_OBJECTIVE,3,"[1103, 2207, 3301]",,2207.0,phase3-eb33d8f683a83a441457f8bc,"[5.293237110842387, 4.221129101025265, 0.0, 2.3943939224220063, 0.1496380435206998, 0.0]","[5.293237110842387, 4.221129101025265, 0.0, 2.3943939224220063, 0.1496380435206998, 0.0]","[6.302401604125074, 4.669481856758997, 0.28331058582786767, 2.5446405022099845, 0.39237712079422904, -0.20905272188528992]","[6.302401604125074, 4.669481856758997, 0.28331058582786767, 2.5446405022099845, 0.39237712079422904, -0.20905272188528992]",COBYLA,240,240,240,241,3,Return from COBYLA because the objective function has been evaluated MAXFUN times.,0.605668868714221,0.11335888465534981,0.49230998405887116,1.5957886696303356,0.0722394003895106,0.9930654996755728,0.5304837695652521,1.5235492692408248,0.09249501170302826,0.09249501170302826,1.0,189.42978396780188,2.2774482639805007,0.1,0.11335888465534981,1.0769230769230769,False,0.09249501170302821,0.0075049882969717985,True,True,1.0000000000000004,1.0556488018482924,128.69140625,SUCCESS,,False,d7edcf4ca084e975b0b8d916d003c9c772e9c801b06175ee7112ef86cdea99f3,018e499280521e6e6764118d14af76ed4cee74fd501addf4dd69087da5bcc557,False,
phase3-29aa18b6e357c04aebaa667a,PHASE_3_EMPIRICAL_DILUTION_SCALING,PREREGISTERED_EMPIRICAL_DILUTION_SCALING,PRIMARY_MATRIX,development,task-p3-f49c3edc31c95c96,g-2fd196f1ec0acd82,phase3-m12-b03-g-2fd196f1ec0acd82,12,8,12,4096,6,1,1,0.1666666666666666,0.000244140625,3.612359947967774,P2_O0,MEAN_ENERGY_PREPARATION,COMMON_INITIALIZATION_PREPARATION,2,"[1103, 2207, 3301]",1103.0,3301.0,phase3-53326e04055cb327e6f7d8e3,,"[1.4361119332668082, 4.6766136583430296, 1.8287983773432719, 0.554097077555417]","[1.8812487859913074, 5.508637250511612, 2.750364223563751, -0.6062590199279891]","[1.8812487859913074, 5.508637250511612, 2.750364223563751, -0.6062590199279891]",COBYLA,120,120,120,121,3,Return from COBYLA because the objective function has been evaluated MAXFUN times.,3.1445750522820513,1.859937807482845,1.2846372447992063,1.859937807482845,0.05214035098752465,1.0943859381838343,0.7134115183114865,1.8077974564953203,0.021117736369216943,0.021117736369216943,1.0,86.4982481683126,1.9370073118747646,0.1,0.8521712729407444,1.0769230769230769,False,0.021117736369216943,0.06570777160235815,True,True,1.0,0.4157711621373892,128.46875,SUCCESS,,False,d7edcf4ca084e975b0b8d916d003c9c772e9c801b06175ee7112ef86cdea99f3,018e499280521e6e6764118d14af76ed4cee74fd501addf4dd69087da5bcc557,False,
phase3-714e4cdd7f979936f2ead215,PHASE_3_EMPIRICAL_DILUTION_SCALING,PREREGISTERED_EMPIRICAL_DILUTION_SCALING,PRIMARY_MATRIX,development,task-p3-f49c3edc31c95c96,g-2fd196f1ec0acd82,phase3-m12-b03-g-2fd196f1ec0acd82,12,8,12,4096,6,1,1,0.1666666666666666,0.000244140625,3.612359947967774,P2_O0,MEAN_ENERGY_PREPARATION,COMMON_INITIALIZATION_PREPARATION,2,"[1103, 2207, 3301]",2207.0,3301.0,phase3-53326e04055cb327e6f7d8e3,,"[4.119365739193051, 4.0465795222369225, 1.5369649905613294, 0.28561357469155796]","[5.213748464116458, 4.202100548405462, 2.384598037836628, 0.1654834368893669]","[5.213748464116458, 4.202100548405462, 2.384598037836628, 0.1654834368893669]",COBYLA,120,120,120,121,3,Return from COBYLA because the objective function has been evaluated MAXFUN times.,2.8764368086897063,1.8109682721800955,1.0654685365096108,1.8109682721800955,0.06529492953849092,1.082493719359226,0.6631796232823788,1.745673342641605,0.025961039428555797,0.025961039428555797,1.0,106.33641749936454,2.026682024734359,0.1,0.7997001994234539,1.0769230769230769,False,0.02596103942855578,0.055282504879218604,True,True,1.0000000000000007,0.3935142960399389,128.46875,SUCCESS,,False,d7edcf4ca084e975b0b8d916d003c9c772e9c801b06175ee7112ef86cdea99f3,018e499280521e6e6764118d14af76ed4cee74fd501addf4dd69087da5bcc557,False,
phase3-53326e04055cb327e6f7d8e3,PHASE_3_EMPIRICAL_DILUTION_SCALING,PREREGISTERED_EMPIRICAL_DILUTION_SCALING,PRIMARY_MATRIX,development,task-p3-f49c3edc31c95c96,g-2fd196f1ec0acd82,phase3-m12-b03-g-2fd196f1ec0acd82,12,8,12,4096,6,1,1,0.1666666666666666,0.000244140625,3.612359947967774,P2_O0,MEAN_ENERGY_PREPARATION,COMMON_INITIALIZATION_PREPARATION,2,"[1103, 2207, 3301]",3301.0,3301.0,phase3-53326e04055cb327e6f7d8e3,,"[2.8746040698350956, 3.2295534178963874, 1.3381083226815658, 0.4324890662459698]","[4.529081992505395, 1.6857889612595325, 2.532319038872502, -0.24825806196011552]","[4.529081992505395, 1.6857889612595325, 2.532319038872502, -0.24825806196011552]",COBYLA,120,120,120,121,3,Return from COBYLA because the objective function has been evaluated MAXFUN times.,3.1018237856357063,1.79991359127926,1.3019101943564462,1.79991359127926,0.059246746208846346,1.0700481475676633,0.6706186975027503,1.7406668450704137,0.021291294354236028,0.021291294354236028,1.0,87.20914167495077,1.940562012121704,0.1,0.8474879985345076,1.0769230769230769,False,0.021291294354236018,0.05757355573320537,True,True,1.0000000000000004,0.4018567968159914,128.46875,SUCCESS,,False,d7edcf4ca084e975b0b8d916d003c9c772e9c801b06175ee7112ef86cdea99f3,018e499280521e6e6764118d14af76ed4cee74fd501addf4dd69087da5bcc557,False,
phase3-570106afd6a3afa573be6c81,PHASE_3_EMPIRICAL_DILUTION_SCALING,PREREGISTERED_EMPIRICAL_DILUTION_SCALING,PRIMARY_MATRIX,development,task-p3-f49c3edc31c95c96,g-2fd196f1ec0acd82,phase3-m12-b03-g-2fd196f1ec0acd82,12,8,12,4096,6,1,1,0.1666666666666666,0.000244140625,3.612359947967774,O0,MEAN_ENERGY,STANDARD_BASELINE,3,"[1103, 2207, 3301]",,3301.0,phase3-53326e04055cb327e6f7d8e3,"[4.529081992505395, 1.6857889612595325, 0.0, 2.532319038872502, -0.24825806196011552, 0.0]","[4.529081992505395, 1.6857889612595325, 0.0, 2.532319038872502, -0.24825806196011552, 0.0]","[5.202794323358932, 1.2873014749399683, -0.07917280122661798, 2.526624821119172, -0.29982704749360334, 0.08041827367008623]","[5.202794323358932, 1.2873014749399683, -0.07917280122661798, 2.526624821119172, -0.29982704749360334, 0.08041827367008623]",COBYLA,240,240,240,241,3,Return from COBYLA because the objective function has been evaluated MAXFUN times.,1.79991359127926,1.7446475681080271,0.05526602317123297,1.7446475681080271,0.05403912848585245,1.0630089770462265,0.6275994625759482,1.690608439622175,0.031244103237469303,0.031244103237469303,1.0,127.97584686067427,2.1071280121093774,0.1,0.7441134663288557,1.0769230769230769,False,0.031244103237469314,0.04847509784759273,True,True,0.9999999999999997,1.027714696712792,128.71875,SUCCESS,,False,d7edcf4ca084e975b0b8d916d003c9c772e9c801b06175ee7112ef86cdea99f3,018e499280521e6e6764118d14af76ed4cee74fd501addf4dd69087da5bcc557,False,
phase3-99fb6b807f5fb37d99a3fca0,PHASE_3_EMPIRICAL_DILUTION_SCALING,PREREGISTERED_EMPIRICAL_DILUTION_SCALING,PRIMARY_MATRIX,development,task-p3-f49c3edc31c95c96,g-2fd196f1ec0acd82,phase3-m12-b03-g-2fd196f1ec0acd82,12,8,12,4096,6,1,1,0.1666666666666666,0.000244140625,3.612359947967774,O2,EXACT_FEASIBILITY_CAPACITY_CONTROL,STATEVECTOR_MECHANISTIC_CAPACITY_CONTROL,3,"[1103, 2207, 3301]",,3301.0,phase3-53326e04055cb327e6f7d8e3,"[4.529081992505395, 1.6857889612595325, 0.0, 2.532319038872502, -0.24825806196011552, 0.0]","[4.529081992505395, 1.6857889612595325, 0.0, 2.532319038872502, -0.24825806196011552, 0.0]","[4.790236599711982, 0.689695952240211, 0.5749287431690435, 2.7581049727339573, -0.21442243923587523, -0.12918001482450944]","[4.790236599711982, 0.689695952240211, 0.5749287431690435, 2.7581049727339573, -0.21442243923587523, -0.12918001482450944]",COBYLA,240,240,240,241,3,Return from COBYLA because the objective function has been evaluated MAXFUN times.,0.978708705645764,0.9539860945810105,0.024722611064753486,1.7630183506882933,0.05790039317852621,1.012417207691734,0.6927007498180333,1.7051179575097666,0.04601390541898953,0.04601390541898953,1.0,188.47295659618112,2.2752490434350596,0.1,0.5887312555480542,1.0769230769230769,False,0.04601390541898949,0.029501834893609566,True,True,1.0000000000000009,1.0044265650212765,128.71875,SUCCESS,,False,d7edcf4ca084e975b0b8d916d003c9c772e9c801b06175ee7112ef86cdea99f3,018e499280521e6e6764118d14af76ed4cee74fd501addf4dd69087da5bcc557,False,
phase3-d08655e9ecde75b107a1ce96,PHASE_3_EMPIRICAL_DILUTION_SCALING,PREREGISTERED_EMPIRICAL_DILUTION_SCALING,PRIMARY_MATRIX,development,task-p3-f49c3edc31c95c96,g-2fd196f1ec0acd82,phase3-m12-b03-g-2fd196f1ec0acd82,12,8,12,4096,6,1,1,0.1666666666666666,0.000244140625,3.612359947967774,O3,CVAR_ENERGY,TAIL_FOCUSED_ROUTING_OBJECTIVE,3,"[1103, 2207, 3301]",,3301.0,phase3-53326e04055cb327e6f7d8e3,"[4.529081992505395, 1.6857889612595325, 0.0, 2.532319038872502, -0.24825806196011552, 0.0]","[4.529081992505395, 1.6857889612595325, 0.0, 2.532319038872502, -0.24825806196011552, 0.0]","[4.510836225227403, 1.675658572654621, 0.6988912391094149, 3.2077485302725286, -0.43227236039155753, -0.23671767851021933]","[4.510836225227403, 1.675658572654621, 0.6988912391094149, 3.2077485302725286, -0.43227236039155753, -0.23671767851021933]",COBYLA,240,240,240,241,3,Return from COBYLA because the objective function has been evaluated MAXFUN times.,0.8474879985345076,0.6374158319860982,0.21007216654840943,1.8440071889728693,0.05610853547521812,1.0266450982715727,0.7612535552260785,1.787898653497651,0.041343566028096176,0.041343566028096176,1.0,169.34324645108194,2.228767881302389,0.1,0.6374158319860982,1.0769230769230769,False,0.041343566028096156,0.034259240636406244,True,True,1.0000000000000004,1.0527076488360763,128.71875,SUCCESS,,False,d7edcf4ca084e975b0b8d916d003c9c772e9c801b06175ee7112ef86cdea99f3,018e499280521e6e6764118d14af76ed4cee74fd501addf4dd69087da5bcc557,False,
phase3-9958d8d0c3c08092a4916a74,PHASE_3_EMPIRICAL_DILUTION_SCALING,PREREGISTERED_EMPIRICAL_DILUTION_SCALING,PRIMARY_MATRIX,development,task-p3-3bf9aa998655c1d6,g-3cf4bd3967c31b19,phase3-m14-b00-g-3cf4bd3967c31b19,14,8,14,16384,8,8,8,1.0,0.00048828125,3.311329952303793,P2_O0,MEAN_ENERGY_PREPARATION,COMMON_INITIALIZATION_PREPARATION,2,"[1103, 2207, 3301]",1103.0,2207.0,phase3-09c52b64697c6a0cd2d02d5d,,"[1.4361119332668082, 4.6766136583430296, 1.8287983773432719, 0.554097077555417]","[2.5806842387821556, 4.437291575070949, 2.276167891871852, 0.09443228338504207]","[2.5806842387821556, 4.437291575070949, 2.276167891871852, 0.09443228338504207]",COBYLA,120,120,120,121,3,Return from COBYLA because the objective function has been evaluated MAXFUN times.,2.5858957386939556,1.8073850262411586,0.778510712452797,1.8073850262411586,0.12180913752445482,1.2211991981131505,0.4643766906035536,1.685575888716704,0.017170215700829366,0.004926193878894063,0.2869034358523589,35.16460175529854,1.5461057033232724,0.1,0.920607944147333,1.1253636604072994,False,0.01717021570082937,0.0021067314413867055,True,True,0.9999999999999998,16.016164070926607,157.34765625,SUCCESS,,False,d7edcf4ca084e975b0b8d916d003c9c772e9c801b06175ee7112ef86cdea99f3,018e499280521e6e6764118d14af76ed4cee74fd501addf4dd69087da5bcc557,False,
phase3-09c52b64697c6a0cd2d02d5d,PHASE_3_EMPIRICAL_DILUTION_SCALING,PREREGISTERED_EMPIRICAL_DILUTION_SCALING,PRIMARY_MATRIX,development,task-p3-3bf9aa998655c1d6,g-3cf4bd3967c31b19,phase3-m14-b00-g-3cf4bd3967c31b19,14,8,14,16384,8,8,8,1.0,0.00048828125,3.311329952303793,P2_O0,MEAN_ENERGY_PREPARATION,COMMON_INITIALIZATION_PREPARATION,2,"[1103, 2207, 3301]",2207.0,2207.0,phase3-09c52b64697c6a0cd2d02d5d,,"[4.119365739193051, 4.0465795222369225, 1.5369649905613294, 0.28561357469155796]","[5.720488227242365, 4.458923672153423, 2.4499398954206955, 0.11357885216143085]","[5.720488227242365, 4.458923672153423, 2.4499398954206955, 0.11357885216143085]",COBYLA,120,120,120,121,3,Return from COBYLA because the objective function has been evaluated MAXFUN times.,2.556001870828759,1.3530649540589246,1.2029369167698345,1.3530649540589246,0.08497617459154674,1.0625304759982848,0.205558303469093,1.2680887794673779,0.06359284020425161,0.01384952666417566,0.21778437037397372,130.2381367383073,2.1147381743229214,0.1,0.4273965035787373,1.0878074583443533,False,0.06359284020425164,0.0012832067924284096,True,True,0.9999999999999996,13.550628807395697,157.41796875,SUCCESS,,False,d7edcf4ca084e975b0b8d916d003c9c772e9c801b06175ee7112ef86cdea99f3,018e499280521e6e6764118d14af76ed4cee74fd501addf4dd69087da5bcc557,False,
phase3-d2a81a7260c8231f3edfa311,PHASE_3_EMPIRICAL_DILUTION_SCALING,PREREGISTERED_EMPIRICAL_DILUTION_SCALING,PRIMARY_MATRIX,development,task-p3-3bf9aa998655c1d6,g-3cf4bd3967c31b19,phase3-m14-b00-g-3cf4bd3967c31b19,14,8,14,16384,8,8,8,1.0,0.00048828125,3.311329952303793,P2_O0,MEAN_ENERGY_PREPARATION,COMMON_INITIALIZATION_PREPARATION,2,"[1103, 2207, 3301]",3301.0,2207.0,phase3-09c52b64697c6a0cd2d02d5d,,"[2.8746040698350956, 3.2295534178963874, 1.3381083226815658, 0.4324890662459698]","[4.8018423581497585, 1.9296247513382359, 2.4283958881489323, -0.17312510299329353]","[4.8018423581497585, 1.9296247513382359, 2.4283958881489323, -0.17312510299329353]",COBYLA,120,120,120,121,3,Return from COBYLA because the objective function has been evaluated MAXFUN times.,2.7382822062203025,1.574548940525741,1.1637332656945616,1.574548940525741,0.08672902529393292,1.1127154505549977,0.37510446467681025,1.4878199152318081,0.043639085556765024,0.016384221374815038,0.3754483203710285,89.37284722025477,1.9512055938119424,0.1,0.6173791247333039,1.0626818302036498,False,0.04363908555676504,0.012376879661088802,True,True,0.9999999999999996,14.77060813177377,157.41796875,SUCCESS,,False,d7edcf4ca084e975b0b8d916d003c9c772e9c801b06175ee7112ef86cdea99f3,018e499280521e6e6764118d14af76ed4cee74fd501addf4dd69087da5bcc557,False,
phase3-94f7d3a0c2c579bf9bd44079,PHASE_3_EMPIRICAL_DILUTION_SCALING,PREREGISTERED_EMPIRICAL_DILUTION_SCALING,PRIMARY_MATRIX,development,task-p3-3bf9aa998655c1d6,g-3cf4bd3967c31b19,phase3-m14-b00-g-3cf4bd3967c31b19,14,8,14,16384,8,8,8,1.0,0.00048828125,3.311329952303793,O0,MEAN_ENERGY,STANDARD_BASELINE,3,"[1103, 2207, 3301]",,2207.0,phase3-09c52b64697c6a0cd2d02d5d,"[5.720488227242365, 4.458923672153423, 0.0, 2.4499398954206955, 0.11357885216143085, 0.0]","[5.720488227242365, 4.458923672153423, 0.0, 2.4499398954206955, 0.11357885216143085, 0.0]","[6.755614949845428, 4.492315841765375, -0.03807121750826576, 2.463390430586074, 0.09543825803692198, 0.013623173071533812]","[6.755614949845428, 4.492315841765375, -0.03807121750826576, 2.463390430586074, 0.09543825803692198, 0.013623173071533812]",COBYLA,240,240,240,241,3,Return from COBYLA because the objective function has been evaluated MAXFUN times.,1.3530649540589246,1.1792007928598467,0.17386416119907788,1.1792007928598467,0.06970495553113241,1.0047010854078997,0.10479475192081458,1.1094958373287143,0.09408159509226152,0.026190801796157674,0.27838390463590196,192.6791067489516,2.2848346242787856,0.1,0.11555041672983257,1.0526315789473684,False,0.09408159509226145,0.005918404907738553,True,True,1.0000000000000009,28.303994259797037,157.6171875,SUCCESS,,False,d7edcf4ca084e975b0b8d916d003c9c772e9c801b06175ee7112ef86cdea99f3,018e499280521e6e6764118d14af76ed4cee74fd501addf4dd69087da5bcc557,False,
phase3-7fa5165e214d8562c82d6672,PHASE_3_EMPIRICAL_DILUTION_SCALING,PREREGISTERED_EMPIRICAL_DILUTION_SCALING,PRIMARY_MATRIX,development,task-p3-3bf9aa998655c1d6,g-3cf4bd3967c31b19,phase3-m14-b00-g-3cf4bd3967c31b19,14,8,14,16384,8,8,8,1.0,0.00048828125,3.311329952303793,O2,EXACT_FEASIBILITY_CAPACITY_CONTROL,STATEVECTOR_MECHANISTIC_CAPACITY_CONTROL,3,"[1103, 2207, 3301]",,2207.0,phase3-09c52b64697c6a0cd2d02d5d,"[5.720488227242365, 4.458923672153423, 0.0, 2.4499398954206955, 0.11357885216143085, 0.0]","[5.720488227242365, 4.458923672153423, 0.0, 2.4499398954206955, 0.11357885216143085, 0.0]","[6.952283773322939, 4.503532645229108, -0.48522875864023324, 2.5084439434305574, 0.11931610983811748, 0.091838960211142]","[6.952283773322939, 4.503532645229108, -0.48522875864023324, 2.5084439434305574, 0.11931610983811748, 0.091838960211142]",COBYLA,240,240,240,241,3,Return from COBYLA because the objective function has been evaluated MAXFUN times.,0.9364071597957484,0.8667712103572603,0.06963594943848805,1.2803904782537805,0.08224935076767807,0.9750329960682408,0.22310813141786187,1.1981411274861027,0.13322878964273965,0.03428640632809476,0.2573498297180035,272.8525611883308,2.435928034735396,0.1,0.04846373412171251,0.08040201005025126,True,0.1,0.01928439566962603,True,True,0.9999999999999981,4.109071954153478,157.69140625,SUCCESS,,False,d7edcf4ca084e975b0b8d916d003c9c772e9c801b06175ee7112ef86cdea99f3,018e499280521e6e6764118d14af76ed4cee74fd501addf4dd69087da5bcc557,False,
phase3-4d3bf0b51e7d6ec7efc42555,PHASE_3_EMPIRICAL_DILUTION_SCALING,PREREGISTERED_EMPIRICAL_DILUTION_SCALING,PRIMARY_MATRIX,development,task-p3-3bf9aa998655c1d6,g-3cf4bd3967c31b19,phase3-m14-b00-g-3cf4bd3967c31b19,14,8,14,16384,8,8,8,1.0,0.00048828125,3.311329952303793,O3,CVAR_ENERGY,TAIL_FOCUSED_ROUTING_OBJECTIVE,3,"[1103, 2207, 3301]",,2207.0,phase3-09c52b64697c6a0cd2d02d5d,"[5.720488227242365, 4.458923672153423, 0.0, 2.4499398954206955, 0.11357885216143085, 0.0]","[5.720488227242365, 4.458923672153423, 0.0, 2.4499398954206955, 0.11357885216143085, 0.0]","[6.97275765777238, 4.209776143935831, -0.4894578900817474, 2.497831930789393, 0.11241102835696062, 0.10078354850574224]","[6.97275765777238, 4.209776143935831, -0.4894578900817474, 2.497831930789393, 0.11241102835696062, 0.10078354850574224]",COBYLA,240,240,240,241,3,Return from COBYLA because the objective function has been evaluated MAXFUN times.,0.4273965035787373,0.04701460075530444,0.38038190282343287,1.2910361823523915,0.0809335262210075,0.9803258465432858,0.22977680958809818,1.210102656131384,0.12830764593704636,0.03719778103393965,0.2899108682283096,262.77405887907094,2.4195824893437896,0.1,0.04701460075530444,0.08040201005025126,True,0.1,0.02008440852513832,True,True,1.0,3.551887609064579,157.69140625,SUCCESS,,False,d7edcf4ca084e975b0b8d916d003c9c772e9c801b06175ee7112ef86cdea99f3,018e499280521e6e6764118d14af76ed4cee74fd501addf4dd69087da5bcc557,False,
phase3-74092d3145f9a6bce33f63d3,PHASE_3_EMPIRICAL_DILUTION_SCALING,PREREGISTERED_EMPIRICAL_DILUTION_SCALING,PRIMARY_MATRIX,development,task-p3-367975b35905d665,g-3cf4bd3967c31b19,phase3-m14-b00-g-3cf4bd3967c31b19,14,8,14,16384,8,5,5,0.625,0.00030517578125,3.515449934959718,P2_O0,MEAN_ENERGY_PREPARATION,COMMON_INITIALIZATION_PREPARATION,2,"[1103, 2207, 3301]",1103.0,1103.0,phase3-74092d3145f9a6bce33f63d3,,"[1.4361119332668082, 4.6766136583430296, 1.8287983773432719, 0.554097077555417]","[2.700237007394886, 4.517430641916839, 3.1863213996182735, -0.7312033729721502]","[2.700237007394886, 4.517430641916839, 3.1863213996182735, -0.7312033729721502]",COBYLA,120,120,120,121,3,Return from COBYLA because the objective function has been evaluated MAXFUN times.,2.790296330257261,1.3436946244935268,1.4466017057637344,1.3436946244935268,0.0536530613809591,1.0534221469164649,0.23661941619610244,1.2900415631125675,0.03577179418033835,0.013860051106788144,0.38745753251611287,117.21701517013271,2.0689906582532,0.1,0.6938851084076866,1.0526315789473684,False,0.03577179418033836,0.06422820581966165,True,True,0.9999999999999996,15.099600088782609,157.375,SUCCESS,,False,d7edcf4ca084e975b0b8d916d003c9c772e9c801b06175ee7112ef86cdea99f3,018e499280521e6e6764118d14af76ed4cee74fd501addf4dd69087da5bcc557,False,
phase3-bf3bf7fa5fe44351b11bf3e5,PHASE_3_EMPIRICAL_DILUTION_SCALING,PREREGISTERED_EMPIRICAL_DILUTION_SCALING,PRIMARY_MATRIX,development,task-p3-367975b35905d665,g-3cf4bd3967c31b19,phase3-m14-b00-g-3cf4bd3967c31b19,14,8,14,16384,8,5,5,0.625,0.00030517578125,3.515449934959718,P2_O0,MEAN_ENERGY_PREPARATION,COMMON_INITIALIZATION_PREPARATION,2,"[1103, 2207, 3301]",2207.0,1103.0,phase3-74092d3145f9a6bce33f63d3,,"[4.119365739193051, 4.0465795222369225, 1.5369649905613294, 0.28561357469155796]","[5.930287631690749, 4.258815342327854, 2.4241926247203596, 0.1165579065594482]","[5.930287631690749, 4.258815342327854, 2.4241926247203596, 0.1165579065594482]",COBYLA,120,120,120,121,3,Return from COBYLA because the objective function has been evaluated MAXFUN times.,2.6423603183666944,1.3655275099608397,1.2768328084058547,1.3655275099608397,0.07403935378189856,1.0418457394884022,0.2496424166905392,1.2914881561789413,0.0568290519960608,0.022545631214813566,0.3967272094628,186.21743758069204,2.270020346304226,0.1,0.4869713757366506,1.0677069558317904,False,0.05682905199606095,0.007660315218968122,True,True,0.9999999999999973,14.567421086132526,157.4453125,SUCCESS,,False,d7edcf4ca084e975b0b8d916d003c9c772e9c801b06175ee7112ef86cdea99f3,018e499280521e6e6764118d14af76ed4cee74fd501addf4dd69087da5bcc557,False,
phase3-4731d78c7102028da897c6d8,PHASE_3_EMPIRICAL_DILUTION_SCALING,PREREGISTERED_EMPIRICAL_DILUTION_SCALING,PRIMARY_MATRIX,development,task-p3-367975b35905d665,g-3cf4bd3967c31b19,phase3-m14-b00-g-3cf4bd3967c31b19,14,8,14,16384,8,5,5,0.625,0.00030517578125,3.515449934959718,P2_O0,MEAN_ENERGY_PREPARATION,COMMON_INITIALIZATION_PREPARATION,2,"[1103, 2207, 3301]",3301.0,1103.0,phase3-74092d3145f9a6bce33f63d3,,"[2.8746040698350956, 3.2295534178963874, 1.3381083226815658, 0.4324890662459698]","[4.277272612578015, 2.1692904268117874, 2.2156764448440973, -0.1464906431100247]","[4.277272612578015, 2.1692904268117874, 2.2156764448440973, -0.1464906431100247]",COBYLA,120,120,120,121,3,Return from COBYLA because the objective function has been evaluated MAXFUN times.,2.8253628657005523,1.7143984421886582,1.110964423511894,1.7143984421886582,0.09468817963782937,1.168546563598635,0.45116369895219394,1.6197102625508288,0.021385935782737966,0.011357032000162021,0.5310514403269203,70.07743437287577,1.8455781933583792,0.1,0.8479326253240207,1.0878074583443533,False,0.021385935782737984,0.0064445061626121625,True,True,0.999999999999999,16.29043555352837,157.4453125,SUCCESS,,False,d7edcf4ca084e975b0b8d916d003c9c772e9c801b06175ee7112ef86cdea99f3,018e499280521e6e6764118d14af76ed4cee74fd501addf4dd69087da5bcc557,False,
phase3-792207af21a715a96258a7b8,PHASE_3_EMPIRICAL_DILUTION_SCALING,PREREGISTERED_EMPIRICAL_DILUTION_SCALING,PRIMARY_MATRIX,development,task-p3-367975b35905d665,g-3cf4bd3967c31b19,phase3-m14-b00-g-3cf4bd3967c31b19,14,8,14,16384,8,5,5,0.625,0.00030517578125,3.515449934959718,O0,MEAN_ENERGY,STANDARD_BASELINE,3,"[1103, 2207, 3301]",,1103.0,phase3-74092d3145f9a6bce33f63d3,"[2.700237007394886, 4.517430641916839, 0.0, 3.1863213996182735, -0.7312033729721502, 0.0]","[2.700237007394886, 4.517430641916839, 0.0, 3.1863213996182735, -0.7312033729721502, 0.0]","[2.741335274217246, 4.535008572708367, 0.5793974096514687, 3.146582550810735, -0.5296910049904463, -0.18293830414355286]","[2.741335274217246, 4.535008572708367, 0.5793974096514687, 3.146582550810735, -0.5296910049904463, -0.18293830414355286]",COBYLA,240,240,240,241,3,Return from COBYLA because the objective function has been evaluated MAXFUN times.,1.3436946244935268,1.2433131523293772,0.10038147216414961,1.2433131523293772,0.0511477539315076,1.0090333590034255,0.18313203939444445,1.1921653983978702,0.0704877305040294,0.026296809369573532,0.37306931548988215,230.97419531560354,2.363563462757785,0.1,0.3465392053774092,1.0526315789473684,False,0.07048773050402948,0.029512269495970522,True,True,0.9999999999999989,32.140160349197686,157.5859375,SUCCESS,,False,d7edcf4ca084e975b0b8d916d003c9c772e9c801b06175ee7112ef86cdea99f3,018e499280521e6e6764118d14af76ed4cee74fd501addf4dd69087da5bcc557,False,
phase3-7ea6bfbbc5a6b6e5343fc427,PHASE_3_EMPIRICAL_DILUTION_SCALING,PREREGISTERED_EMPIRICAL_DILUTION_SCALING,PRIMARY_MATRIX,development,task-p3-367975b35905d665,g-3cf4bd3967c31b19,phase3-m14-b00-g-3cf4bd3967c31b19,14,8,14,16384,8,5,5,0.625,0.00030517578125,3.515449934959718,O2,EXACT_FEASIBILITY_CAPACITY_CONTROL,STATEVECTOR_MECHANISTIC_CAPACITY_CONTROL,3,"[1103, 2207, 3301]",,1103.0,phase3-74092d3145f9a6bce33f63d3,"[2.700237007394886, 4.517430641916839, 0.0, 3.1863213996182735, -0.7312033729721502, 0.0]","[2.700237007394886, 4.517430641916839, 0.0, 3.1863213996182735, -0.7312033729721502, 0.0]","[3.239138989019296, 4.5721021531724695, 0.7889805141163878, 3.0955422939613118, -0.41850503201659217, -0.18765338012586286]","[3.239138989019296, 4.5721021531724695, 0.7889805141163878, 3.0955422939613118, -0.41850503201659217, -0.18765338012586286]",COBYLA,240,240,240,241,3,Return from COBYLA because the objective function has been evaluated MAXFUN times.,0.9642282058196616,0.9158838132461756,0.048344392573485995,1.2936311360039106,0.057263828374653,0.9862262169006518,0.2501410907286058,1.2363673076292574,0.08411618675382433,0.0303583183100692,0.36090935028850396,275.63192075493157,2.4403295115119343,0.1,0.21075897599496132,1.0526315789473684,False,0.08411618675382444,0.015883813246175563,True,True,0.9999999999999986,4.828630015254021,157.66015625,SUCCESS,,False,d7edcf4ca084e975b0b8d916d003c9c772e9c801b06175ee7112ef86cdea99f3,018e499280521e6e6764118d14af76ed4cee74fd501addf4dd69087da5bcc557,False,
phase3-cb10514b9f63a50a3d0b0685,PHASE_3_EMPIRICAL_DILUTION_SCALING,PREREGISTERED_EMPIRICAL_DILUTION_SCALING,PRIMARY_MATRIX,development,task-p3-367975b35905d665,g-3cf4bd3967c31b19,phase3-m14-b00-g-3cf4bd3967c31b19,14,8,14,16384,8,5,5,0.625,0.00030517578125,3.515449934959718,O3,CVAR_ENERGY,TAIL_FOCUSED_ROUTING_OBJECTIVE,3,"[1103, 2207, 3301]",,1103.0,phase3-74092d3145f9a6bce33f63d3,"[2.700237007394886, 4.517430641916839, 0.0, 3.1863213996182735, -0.7312033729721502, 0.0]","[2.700237007394886, 4.517430641916839, 0.0, 3.1863213996182735, -0.7312033729721502, 0.0]","[3.1792624405854237, 4.555254269411596, 0.8031197884128676, 3.1023875628558284, -0.4242452070592332, -0.18614539514389947]","[3.1792624405854237, 4.555254269411596, 0.8031197884128676, 3.1023875628558284, -0.4242452070592332, -0.18614539514389947]",COBYLA,240,240,240,241,3,Return from COBYLA because the objective function has been evaluated MAXFUN times.,0.6938851084076866,0.20704421586863397,0.4868408925390526,1.2885233769732372,0.05694997391865552,0.9855140552167184,0.24605934783786307,1.2315734030545815,0.08447335468883552,0.030833037309141817,0.3650031116050478,276.80228864437623,2.4421696766138914,0.1,0.20704421586863397,1.0526315789473684,False,0.08447335468883545,0.015526645311164558,True,True,1.0000000000000009,8.547849191352725,157.66015625,SUCCESS,,False,d7edcf4ca084e975b0b8d916d003c9c772e9c801b06175ee7112ef86cdea99f3,018e499280521e6e6764118d14af76ed4cee74fd501addf4dd69087da5bcc557,False,
phase3-92310d4e200283cf0f1ee846,PHASE_3_EMPIRICAL_DILUTION_SCALING,PREREGISTERED_EMPIRICAL_DILUTION_SCALING,PRIMARY_MATRIX,development,task-p3-a5998f4aed640473,g-3cf4bd3967c31b19,phase3-m14-b00-g-3cf4bd3967c31b19,14,8,14,16384,8,4,4,0.5,0.000244140625,3.612359947967774,P2_O0,MEAN_ENERGY_PREPARATION,COMMON_INITIALIZATION_PREPARATION,2,"[1103, 2207, 3301]",1103.0,1103.0,phase3-92310d4e200283cf0f1ee846,,"[1.4361119332668082, 4.6766136583430296, 1.8287983773432719, 0.554097077555417]","[2.754441329485232, 4.574269719172721, 3.181908312303924, -0.7271633387875942]","[2.754441329485232, 4.574269719172721, 3.181908312303924, -0.7271633387875942]",COBYLA,120,120,120,121,3,Return from COBYLA because the objective function has been evaluated MAXFUN times.,2.816976538944182,1.347487208619284,1.4694893303248981,1.347487208619284,0.052805359699806514,1.0509992018193257,0.24368264710015178,1.2946818489194776,0.03328068998542999,0.014480503326065375,0.4351022569665719,136.31770618032124,2.1345522696056474,0.1,0.7176415259024502,1.0526315789473684,False,0.033280689985429976,0.06671931001457003,True,True,1.0000000000000004,19.542481508105993,157.375,SUCCESS,,False,d7edcf4ca084e975b0b8d916d003c9c772e9c801b06175ee7112ef86cdea99f3,018e499280521e6e6764118d14af76ed4cee74fd501addf4dd69087da5bcc557,False,
phase3-7543844ba5b75a74c10e8629,PHASE_3_EMPIRICAL_DILUTION_SCALING,PREREGISTERED_EMPIRICAL_DILUTION_SCALING,PRIMARY_MATRIX,development,task-p3-a5998f4aed640473,g-3cf4bd3967c31b19,phase3-m14-b00-g-3cf4bd3967c31b19,14,8,14,16384,8,4,4,0.5,0.000244140625,3.612359947967774,P2_O0,MEAN_ENERGY_PREPARATION,COMMON_INITIALIZATION_PREPARATION,2,"[1103, 2207, 3301]",2207.0,1103.0,phase3-92310d4e200283cf0f1ee846,,"[4.119365739193051, 4.0465795222369225, 1.5369649905613294, 0.28561357469155796]","[5.343168682158046, 4.107748893992073, 2.4087823837103057, 0.12809863485970382]","[5.343168682158046, 4.107748893992073, 2.4087823837103057, 0.12809863485970382]",COBYLA,120,120,120,121,3,Return from COBYLA because the objective function has been evaluated MAXFUN times.,2.656430869111083,1.4929805442882464,1.1634503248228365,1.4929805442882464,0.08247732132343841,1.0658779119269102,0.34462531103789773,1.4105032229648082,0.04441684048460949,0.020591628099304062,0.4635995688716107,181.93137862496047,2.2599076104895146,0.1,0.6131752164231044,1.0805313221524153,False,0.04441684048460951,0.002325711495947305,True,True,0.9999999999999996,14.576192982494831,157.4453125,SUCCESS,,False,d7edcf4ca084e975b0b8d916d003c9c772e9c801b06175ee7112ef86cdea99f3,018e499280521e6e6764118d14af76ed4cee74fd501addf4dd69087da5bcc557,False,
phase3-b8039174f22370f0ab876d7f,PHASE_3_EMPIRICAL_DILUTION_SCALING,PREREGISTERED_EMPIRICAL_DILUTION_SCALING,PRIMARY_MATRIX,development,task-p3-a5998f4aed640473,g-3cf4bd3967c31b19,phase3-m14-b00-g-3cf4bd3967c31b19,14,8,14,16384,8,4,4,0.5,0.000244140625,3.612359947967774,P2_O0,MEAN_ENERGY_PREPARATION,COMMON_INITIALIZATION_PREPARATION,2,"[1103, 2207, 3301]",3301.0,1103.0,phase3-92310d4e200283cf0f1ee846,,"[2.8746040698350956, 3.2295534178963874, 1.3381083226815658, 0.4324890662459698]","[4.325106743866239, 1.9700169521254585, 2.2264833497787677, -0.14669776811527518]","[4.325106743866239, 1.9700169521254585, 2.2264833497787677, -0.14669776811527518]",COBYLA,120,120,120,121,3,Return from COBYLA because the objective function has been evaluated MAXFUN times.,2.842850523717402,1.6895298873614342,1.153320636355968,1.6895298873614342,0.09190536866750128,1.1633121759007423,0.43431234279319036,1.597624518693933,0.021965361460368767,0.011824408127770903,0.5383206713490791,89.97012054167047,1.9540983023458924,0.1,0.8402450462388306,1.0827823327162125,False,0.021965361460368784,0.00016715373001011113,True,True,0.9999999999999992,14.25726485811174,157.4453125,SUCCESS,,False,d7edcf4ca084e975b0b8d916d003c9c772e9c801b06175ee7112ef86cdea99f3,018e499280521e6e6764118d14af76ed4cee74fd501addf4dd69087da5bcc557,False,
phase3-1bc9e2c8b4408fc59b5cf637,PHASE_3_EMPIRICAL_DILUTION_SCALING,PREREGISTERED_EMPIRICAL_DILUTION_SCALING,PRIMARY_MATRIX,development,task-p3-a5998f4aed640473,g-3cf4bd3967c31b19,phase3-m14-b00-g-3cf4bd3967c31b19,14,8,14,16384,8,4,4,0.5,0.000244140625,3.612359947967774,O0,MEAN_ENERGY,STANDARD_BASELINE,3,"[1103, 2207, 3301]",,1103.0,phase3-92310d4e200283cf0f1ee846,"[2.754441329485232, 4.574269719172721, 0.0, 3.181908312303924, -0.7271633387875942, 0.0]","[2.754441329485232, 4.574269719172721, 0.0, 3.181908312303924, -0.7271633387875942, 0.0]","[2.707146386226302, 4.472464587217697, 0.6860970778392671, 3.1488507553330582, -0.5355295220159382, -0.18420216738625542]","[2.707146386226302, 4.472464587217697, 0.6860970778392671, 3.1488507553330582, -0.5355295220159382, -0.18420216738625542]",COBYLA,240,240,240,241,3,Return from COBYLA because the objective function has been evaluated MAXFUN times.,1.347487208619284,1.2439855603023573,0.10350164831692665,1.2439855603023573,0.0501308788204829,1.006784331352664,0.18707035012920986,1.1938546814818742,0.06632562856294193,0.02841726105230436,0.4284506859265849,271.66977459381013,2.4340413224174475,0.1,0.3856597311060883,1.0526315789473684,False,0.06632562856294208,0.033674371437057926,True,True,0.9999999999999977,31.159955247305334,157.546875,SUCCESS,,False,d7edcf4ca084e975b0b8d916d003c9c772e9c801b06175ee7112ef86cdea99f3,018e499280521e6e6764118d14af76ed4cee74fd501addf4dd69087da5bcc557,False,
phase3-d294df87e76d6ad4dfae3e62,PHASE_3_EMPIRICAL_DILUTION_SCALING,PREREGISTERED_EMPIRICAL_DILUTION_SCALING,PRIMARY_MATRIX,development,task-p3-a5998f4aed640473,g-3cf4bd3967c31b19,phase3-m14-b00-g-3cf4bd3967c31b19,14,8,14,16384,8,4,4,0.5,0.000244140625,3.612359947967774,O2,EXACT_FEASIBILITY_CAPACITY_CONTROL,STATEVECTOR_MECHANISTIC_CAPACITY_CONTROL,3,"[1103, 2207, 3301]",,1103.0,phase3-92310d4e200283cf0f1ee846,"[2.754441329485232, 4.574269719172721, 0.0, 3.181908312303924, -0.7271633387875942, 0.0]","[2.754441329485232, 4.574269719172721, 0.0, 3.181908312303924, -0.7271633387875942, 0.0]","[3.3462590614829186, 4.620481118048579, 0.75744804673617, 3.085536618247906, -0.41912064473409427, -0.18483932489732208]","[3.3462590614829186, 4.620481118048579, 0.75744804673617, 3.085536618247906, -0.41912064473409427, -0.18483932489732208]",COBYLA,240,240,240,241,3,Return from COBYLA because the objective function has been evaluated MAXFUN times.,0.96671931001457,0.9263045602790192,0.040414749735550815,1.309118742210873,0.0564288538809054,0.9892832771961537,0.2634066111338142,1.2526898883299675,0.07369543972098085,0.03031851598044379,0.4114028777795895,301.85652109713754,2.4798005624850408,0.1,0.31199446270277176,1.0526315789473684,False,0.07369543972098098,0.02630456027901902,True,True,0.9999999999999981,4.636470068246126,157.62109375,SUCCESS,,False,d7edcf4ca084e975b0b8d916d003c9c772e9c801b06175ee7112ef86cdea99f3,018e499280521e6e6764118d14af76ed4cee74fd501addf4dd69087da5bcc557,False,
phase3-1a3ea2d92e2a475258d0effe,PHASE_3_EMPIRICAL_DILUTION_SCALING,PREREGISTERED_EMPIRICAL_DILUTION_SCALING,PRIMARY_MATRIX,development,task-p3-a5998f4aed640473,g-3cf4bd3967c31b19,phase3-m14-b00-g-3cf4bd3967c31b19,14,8,14,16384,8,4,4,0.5,0.000244140625,3.612359947967774,O3,CVAR_ENERGY,TAIL_FOCUSED_ROUTING_OBJECTIVE,3,"[1103, 2207, 3301]",,1103.0,phase3-92310d4e200283cf0f1ee846,"[2.754441329485232, 4.574269719172721, 0.0, 3.181908312303924, -0.7271633387875942, 0.0]","[2.754441329485232, 4.574269719172721, 0.0, 3.181908312303924, -0.7271633387875942, 0.0]","[3.218671036679265, 4.32558239564316, 0.8457326330309308, 3.125512744929579, -0.44008131147659113, -0.18700165475864466]","[3.218671036679265, 4.32558239564316, 0.8457326330309308, 3.125512744929579, -0.44008131147659113, -0.18700165475864466]",COBYLA,240,240,240,241,3,Return from COBYLA because the objective function has been evaluated MAXFUN times.,0.7176415259024502,0.2854912647779022,0.432150261124548,1.2857653223830356,0.05500981048785409,0.9852773839536116,0.24547812794157015,1.2307555118951818,0.0763027659880793,0.03281691227038783,0.4300881081495104,312.5361294871728,2.494900229455902,0.1,0.2854912647779022,1.0526315789473684,False,0.07630276598807936,0.023697234011920643,True,True,0.9999999999999991,8.29052048176527,157.62109375,SUCCESS,,False,d7edcf4ca084e975b0b8d916d003c9c772e9c801b06175ee7112ef86cdea99f3,018e499280521e6e6764118d14af76ed4cee74fd501addf4dd69087da5bcc557,False,
phase3-92adc5e2ec977054cb542eb8,PHASE_3_EMPIRICAL_DILUTION_SCALING,PREREGISTERED_EMPIRICAL_DILUTION_SCALING,PRIMARY_MATRIX,development,task-p3-07cdd1a1f394c642,g-3cf4bd3967c31b19,phase3-m14-b00-g-3cf4bd3967c31b19,14,8,14,16384,8,3,3,0.375,0.00018310546875,3.737298684576074,P2_O0,MEAN_ENERGY_PREPARATION,COMMON_INITIALIZATION_PREPARATION,2,"[1103, 2207, 3301]",1103.0,2207.0,phase3-811055251820049d46e6db05,,"[1.4361119332668082, 4.6766136583430296, 1.8287983773432719, 0.554097077555417]","[3.8413483950505394, 4.347350153802034, 2.3261390782532527, 0.13682689058114197]","[3.8413483950505394, 4.347350153802034, 2.3261390782532527, 0.13682689058114197]",COBYLA,120,120,120,121,3,Return from COBYLA because the objective function has been evaluated MAXFUN times.,2.965567839426609,1.841879704255557,1.1236881351710521,1.841879704255557,0.09989666794942677,1.1435075282645661,0.5984755080415638,1.7419830363061304,0.024034159811167067,0.011014050864486584,0.45826652360733205,131.25855811538707,2.118127629191281,0.1,0.8260006408345925,1.092832583972494,False,0.02403415981116707,0.0026883513814854876,True,True,0.9999999999999999,14.490910834632814,157.37109375,SUCCESS,,False,d7edcf4ca084e975b0b8d916d003c9c772e9c801b06175ee7112ef86cdea99f3,018e499280521e6e6764118d14af76ed4cee74fd501addf4dd69087da5bcc557,False,
phase3-811055251820049d46e6db05,PHASE_3_EMPIRICAL_DILUTION_SCALING,PREREGISTERED_EMPIRICAL_DILUTION_SCALING,PRIMARY_MATRIX,development,task-p3-07cdd1a1f394c642,g-3cf4bd3967c31b19,phase3-m14-b00-g-3cf4bd3967c31b19,14,8,14,16384,8,3,3,0.375,0.00018310546875,3.737298684576074,P2_O0,MEAN_ENERGY_PREPARATION,COMMON_INITIALIZATION_PREPARATION,2,"[1103, 2207, 3301]",2207.0,2207.0,phase3-811055251820049d46e6db05,,"[4.119365739193051, 4.0465795222369225, 1.5369649905613294, 0.28561357469155796]","[5.438174664794407, 4.128512184376882, 2.3852817046440435, 0.14258610010409792]","[5.438174664794407, 4.128512184376882, 2.3852817046440435, 0.14258610010409792]",COBYLA,120,120,120,121,3,Return from COBYLA because the objective function has been evaluated MAXFUN times.,2.736464445903087,1.5368590548920817,1.1996053910110054,1.5368590548920817,0.07429780889395751,1.0519254122246156,0.41063583377350865,1.462561245998124,0.040544578305639394,0.019217733012476246,0.473990205733703,221.42745698653195,2.34523147236202,0.1,0.6487423624720364,1.0677069558317904,False,0.04054457830563942,0.008639912287359039,True,True,0.9999999999999993,14.896697855554521,157.44140625,SUCCESS,,False,d7edcf4ca084e975b0b8d916d003c9c772e9c801b06175ee7112ef86cdea99f3,018e499280521e6e6764118d14af76ed4cee74fd501addf4dd69087da5bcc557,False,
phase3-964ab815918ce2a3adb87b62,PHASE_3_EMPIRICAL_DILUTION_SCALING,PREREGISTERED_EMPIRICAL_DILUTION_SCALING,PRIMARY_MATRIX,development,task-p3-07cdd1a1f394c642,g-3cf4bd3967c31b19,phase3-m14-b00-g-3cf4bd3967c31b19,14,8,14,16384,8,3,3,0.375,0.00018310546875,3.737298684576074,P2_O0,MEAN_ENERGY_PREPARATION,COMMON_INITIALIZATION_PREPARATION,2,"[1103, 2207, 3301]",3301.0,2207.0,phase3-811055251820049d46e6db05,,"[2.8746040698350956, 3.2295534178963874, 1.3381083226815658, 0.4324890662459698]","[4.469077237825699, 1.8322758833086852, 2.385254344114827, -0.19131628004095644]","[4.469077237825699, 1.8322758833086852, 2.385254344114827, -0.19131628004095644]",COBYLA,120,120,120,121,3,Return from COBYLA because the objective function has been evaluated MAXFUN times.,2.935149742965794,1.6484189278348174,1.2867308151309764,1.6484189278348174,0.07471890395968757,1.1043098467130386,0.4693901771620913,1.57370002387513,0.02905190745945758,0.015341687953267734,0.5280785082589607,158.66215060525101,2.200473336686975,0.1,0.7596048005847753,1.0626818302036498,False,0.029051907459457543,0.001378911210411865,True,True,1.0000000000000013,16.396484907716513,157.44140625,SUCCESS,,False,d7edcf4ca084e975b0b8d916d003c9c772e9c801b06175ee7112ef86cdea99f3,018e499280521e6e6764118d14af76ed4cee74fd501addf4dd69087da5bcc557,False,
phase3-c050ff5aedac8af20b1c9281,PHASE_3_EMPIRICAL_DILUTION_SCALING,PREREGISTERED_EMPIRICAL_DILUTION_SCALING,PRIMARY_MATRIX,development,task-p3-07cdd1a1f394c642,g-3cf4bd3967c31b19,phase3-m14-b00-g-3cf4bd3967c31b19,14,8,14,16384,8,3,3,0.375,0.00018310546875,3.737298684576074,O0,MEAN_ENERGY,STANDARD_BASELINE,3,"[1103, 2207, 3301]",,2207.0,phase3-811055251820049d46e6db05,"[5.438174664794407, 4.128512184376882, 0.0, 2.3852817046440435, 0.14258610010409792, 0.0]","[5.438174664794407, 4.128512184376882, 0.0, 2.3852817046440435, 0.14258610010409792, 0.0]","[6.498897217537057, 4.348789301910017, 0.018324394372687337, 2.4123447648273824, 0.1244556693961694, 0.008974044246418402]","[6.498897217537057, 4.348789301910017, 0.018324394372687337, 2.4123447648273824, 0.1244556693961694, 0.008974044246418402]",COBYLA,240,240,240,241,3,Return from COBYLA because the objective function has been evaluated MAXFUN times.,1.5368590548920817,1.3762011103597145,0.16065794453236726,1.3762011103597145,0.06207995506085172,1.0101055819174853,0.30401557338137764,1.3141211552988625,0.0560638716459788,0.02578189179513296,0.45986641732371647,306.18349101590553,2.485981770444599,0.1,0.4895450662133451,1.0626818302036498,False,0.05606387164597856,0.014847554901128032,True,True,1.0000000000000044,34.493059870786965,157.6171875,SUCCESS,,False,d7edcf4ca084e975b0b8d916d003c9c772e9c801b06175ee7112ef86cdea99f3,018e499280521e6e6764118d14af76ed4cee74fd501addf4dd69087da5bcc557,False,
phase3-7eb7c106e51fa56ee60bda57,PHASE_3_EMPIRICAL_DILUTION_SCALING,PREREGISTERED_EMPIRICAL_DILUTION_SCALING,PRIMARY_MATRIX,development,task-p3-07cdd1a1f394c642,g-3cf4bd3967c31b19,phase3-m14-b00-g-3cf4bd3967c31b19,14,8,14,16384,8,3,3,0.375,0.00018310546875,3.737298684576074,O2,EXACT_FEASIBILITY_CAPACITY_CONTROL,STATEVECTOR_MECHANISTIC_CAPACITY_CONTROL,3,"[1103, 2207, 3301]",,2207.0,phase3-811055251820049d46e6db05,"[5.438174664794407, 4.128512184376882, 0.0, 2.3852817046440435, 0.14258610010409792, 0.0]","[5.438174664794407, 4.128512184376882, 0.0, 2.3852817046440435, 0.14258610010409792, 0.0]","[6.610195484697141, 4.592004116051327, -0.8152398497134419, 2.4657051844504636, 0.17585776924909768, 0.11720913848179924]","[6.610195484697141, 4.592004116051327, -0.8152398497134419, 2.4657051844504636, 0.17585776924909768, 0.11720913848179924]",COBYLA,240,240,240,241,3,Return from COBYLA because the objective function has been evaluated MAXFUN times.,0.9594554216943606,0.9010618014991466,0.05839362019521399,1.520127693970782,0.07808215179352118,0.9664087806026755,0.4756367615745852,1.4420455421772607,0.0989381985008534,0.04069269059689383,0.4112940321684029,540.3344814126607,2.7326626828999574,0.1,0.05668597451259032,1.0526315789473684,False,0.0989381985008531,0.0010618014991469055,True,True,1.000000000000003,4.192744194529951,157.69140625,SUCCESS,,False,d7edcf4ca084e975b0b8d916d003c9c772e9c801b06175ee7112ef86cdea99f3,018e499280521e6e6764118d14af76ed4cee74fd501addf4dd69087da5bcc557,False,
phase3-fcf9ad21cd0fe4c23f84e7d3,PHASE_3_EMPIRICAL_DILUTION_SCALING,PREREGISTERED_EMPIRICAL_DILUTION_SCALING,PRIMARY_MATRIX,development,task-p3-07cdd1a1f394c642,g-3cf4bd3967c31b19,phase3-m14-b00-g-3cf4bd3967c31b19,14,8,14,16384,8,3,3,0.375,0.00018310546875,3.737298684576074,O3,CVAR_ENERGY,TAIL_FOCUSED_ROUTING_OBJECTIVE,3,"[1103, 2207, 3301]",,2207.0,phase3-811055251820049d46e6db05,"[5.438174664794407, 4.128512184376882, 0.0, 2.3852817046440435, 0.14258610010409792, 0.0]","[5.438174664794407, 4.128512184376882, 0.0, 2.3852817046440435, 0.14258610010409792, 0.0]","[6.675684035315642, 4.66041406226464, -0.5747595451885351, 2.4899342422580735, 0.1471486228735429, 0.09967671981772003]","[6.675684035315642, 4.66041406226464, -0.5747595451885351, 2.4899342422580735, 0.1471486228735429, 0.09967671981772003]",COBYLA,240,240,240,241,3,Return from COBYLA because the objective function has been evaluated MAXFUN times.,0.6487423624720364,0.14755572035586803,0.5011866421161684,1.512491980753781,0.07662374394943615,0.9695088180353358,0.46635941876900877,1.435868236804345,0.08992381653264785,0.03649884820036649,0.40588633365127663,491.10393669030077,2.6911734154511358,0.1,0.14755572035586803,1.0626818302036498,False,0.08992381653264789,0.003047059521252782,True,True,0.9999999999999996,14.461791479960084,157.69140625,SUCCESS,,False,d7edcf4ca084e975b0b8d916d003c9c772e9c801b06175ee7112ef86cdea99f3,018e499280521e6e6764118d14af76ed4cee74fd501addf4dd69087da5bcc557,False,
phase3-87c4642379b4a633ec418478,PHASE_3_EMPIRICAL_DILUTION_SCALING,PREREGISTERED_EMPIRICAL_DILUTION_SCALING,PRIMARY_MATRIX,development,task-p3-ee4fc5c5e918e391,g-3cf4bd3967c31b19,phase3-m14-b00-g-3cf4bd3967c31b19,14,8,14,16384,8,2,2,0.25,0.0001220703125,3.9133899436317554,P2_O0,MEAN_ENERGY_PREPARATION,COMMON_INITIALIZATION_PREPARATION,2,"[1103, 2207, 3301]",1103.0,1103.0,phase3-87c4642379b4a633ec418478,,"[1.4361119332668082, 4.6766136583430296, 1.8287983773432719, 0.554097077555417]","[4.765643156116836, 3.6583271605005514, 0.5447876659453118, -1.1442842156704993]","[4.765643156116836, 3.6583271605005514, 0.5447876659453118, -1.1442842156704993]",COBYLA,120,120,120,121,3,Return from COBYLA because the objective function has been evaluated MAXFUN times.,3.151957544210495,1.558153618038383,1.5938039261721118,1.558153618038383,0.03430311226936887,1.0665823410799737,0.45726816468904075,1.5238505057690148,0.010566120298455824,0.005980360792807415,0.5659940095213007,86.55765748495011,1.9373054945840515,0.1,0.9462983854062846,1.0526315789473684,False,0.01056612029845584,0.08943387970154416,True,True,0.9999999999999984,8.978193078190088,157.37109375,SUCCESS,,False,d7edcf4ca084e975b0b8d916d003c9c772e9c801b06175ee7112ef86cdea99f3,018e499280521e6e6764118d14af76ed4cee74fd501addf4dd69087da5bcc557,False,
phase3-7b8faeda0e7a805c92043048,PHASE_3_EMPIRICAL_DILUTION_SCALING,PREREGISTERED_EMPIRICAL_DILUTION_SCALING,PRIMARY_MATRIX,development,task-p3-ee4fc5c5e918e391,g-3cf4bd3967c31b19,phase3-m14-b00-g-3cf4bd3967c31b19,14,8,14,16384,8,2,2,0.25,0.0001220703125,3.9133899436317554,P2_O0,MEAN_ENERGY_PREPARATION,COMMON_INITIALIZATION_PREPARATION,2,"[1103, 2207, 3301]",2207.0,1103.0,phase3-87c4642379b4a633ec418478,,"[4.119365739193051, 4.0465795222369225, 1.5369649905613294, 0.28561357469155796]","[5.130505448251326, 4.131251148389568, 2.948750331548608, -0.5798903981460575]","[5.130505448251326, 4.131251148389568, 2.948750331548608, -0.5798903981460575]",COBYLA,120,120,120,121,3,Return from COBYLA because the objective function has been evaluated MAXFUN times.,2.8443699050994438,1.6860708402416884,1.1582990648577554,1.6860708402416884,0.04533288164727671,1.0489297079704771,0.5918082506239346,1.6407379585944117,0.027596820451067906,0.016701282155712642,0.6051886370506265,226.0731531351483,2.354248991635359,0.1,0.7742560055286222,1.0526315789473684,False,0.02759682045106787,0.07240317954893213,True,True,1.0000000000000013,5.711528518237174,157.4453125,SUCCESS,,False,d7edcf4ca084e975b0b8d916d003c9c772e9c801b06175ee7112ef86cdea99f3,018e499280521e6e6764118d14af76ed4cee74fd501addf4dd69087da5bcc557,False,
phase3-65c09852beb482880dfa35ef,PHASE_3_EMPIRICAL_DILUTION_SCALING,PREREGISTERED_EMPIRICAL_DILUTION_SCALING,PRIMARY_MATRIX,development,task-p3-ee4fc5c5e918e391,g-3cf4bd3967c31b19,phase3-m14-b00-g-3cf4bd3967c31b19,14,8,14,16384,8,2,2,0.25,0.0001220703125,3.9133899436317554,P2_O0,MEAN_ENERGY_PREPARATION,COMMON_INITIALIZATION_PREPARATION,2,"[1103, 2207, 3301]",3301.0,1103.0,phase3-87c4642379b4a633ec418478,,"[2.8746040698350956, 3.2295534178963874, 1.3381083226815658, 0.4324890662459698]","[4.476193244099586, 3.5206689641773212, 3.655488877084572, -1.116396174169857]","[4.476193244099586, 3.5206689641773212, 3.655488877084572, -1.116396174169857]",COBYLA,120,120,120,121,3,Return from COBYLA because the objective function has been evaluated MAXFUN times.,3.0632908779243007,1.581820379157689,1.4814704987666116,1.581820379157689,0.036062020683658276,1.0652999872399964,0.4804583712340339,1.5457583584740302,0.011790366952633918,0.006854224381848171,0.5813410565917091,96.58668607597706,1.984917265522776,0.1,0.9338689445201173,1.0526315789473684,False,0.011790366952633918,0.08820963304736609,True,True,1.0,13.247596697881818,157.4453125,SUCCESS,,False,d7edcf4ca084e975b0b8d916d003c9c772e9c801b06175ee7112ef86cdea99f3,018e499280521e6e6764118d14af76ed4cee74fd501addf4dd69087da5bcc557,False,
phase3-3ff36489591107c34d5f0284,PHASE_3_EMPIRICAL_DILUTION_SCALING,PREREGISTERED_EMPIRICAL_DILUTION_SCALING,PRIMARY_MATRIX,development,task-p3-ee4fc5c5e918e391,g-3cf4bd3967c31b19,phase3-m14-b00-g-3cf4bd3967c31b19,14,8,14,16384,8,2,2,0.25,0.0001220703125,3.9133899436317554,O0,MEAN_ENERGY,STANDARD_BASELINE,3,"[1103, 2207, 3301]",,1103.0,phase3-87c4642379b4a633ec418478,"[4.765643156116836, 3.6583271605005514, 0.0, 0.5447876659453118, -1.1442842156704993, 0.0]","[4.765643156116836, 3.6583271605005514, 0.0, 0.5447876659453118, -1.1442842156704993, 0.0]","[5.084170396187791, 4.305279671917855, 1.1003470322295612, 0.7784837075364357, -1.1445763970606937, -0.17889226372072808]","[5.084170396187791, 4.305279671917855, 1.1003470322295612, 0.7784837075364357, -1.1445763970606937, -0.17889226372072808]",COBYLA,240,240,240,241,3,Return from COBYLA because the objective function has been evaluated MAXFUN times.,1.558153618038383,1.3155521160521726,0.24260150198621044,1.3155521160521726,0.029587258214017184,1.0224525907602242,0.2635122670779312,1.2859648578381553,0.03795565461253863,0.02266261703232167,0.5970814431648634,310.93272258591645,2.4926664296362278,0.1,0.6699495820178217,1.0526315789473684,False,0.0379556546125387,0.06204434538746131,True,True,0.9999999999999981,17.40211623162031,157.4375,SUCCESS,,False,d7edcf4ca084e975b0b8d916d003c9c772e9c801b06175ee7112ef86cdea99f3,018e499280521e6e6764118d14af76ed4cee74fd501addf4dd69087da5bcc557,False,
phase3-d5a66599ad712343054d973e,PHASE_3_EMPIRICAL_DILUTION_SCALING,PREREGISTERED_EMPIRICAL_DILUTION_SCALING,PRIMARY_MATRIX,development,task-p3-ee4fc5c5e918e391,g-3cf4bd3967c31b19,phase3-m14-b00-g-3cf4bd3967c31b19,14,8,14,16384,8,2,2,0.25,0.0001220703125,3.9133899436317554,O2,EXACT_FEASIBILITY_CAPACITY_CONTROL,STATEVECTOR_MECHANISTIC_CAPACITY_CONTROL,3,"[1103, 2207, 3301]",,1103.0,phase3-87c4642379b4a633ec418478,"[4.765643156116836, 3.6583271605005514, 0.0, 0.5447876659453118, -1.1442842156704993, 0.0]","[4.765643156116836, 3.6583271605005514, 0.0, 0.5447876659453118, -1.1442842156704993, 0.0]","[5.271389341420199, 3.6104035450887064, 1.2531879453758523, 0.9358289281372139, -1.3801391818179143, -0.23146604318200553]","[5.271389341420199, 3.6104035450887064, 1.2531879453758523, 0.9358289281372139, -1.3801391818179143, -0.23146604318200553]",COBYLA,240,240,240,241,3,Return from COBYLA because the objective function has been evaluated MAXFUN times.,0.9894338797015442,0.9184061038545069,0.07102777584703723,1.6036121652965465,0.05770853079277689,0.9529060523777632,0.5929975821260065,1.5459036345037696,0.08159389614549306,0.04992003760378681,0.611810931479146,668.4171972238792,2.8250476150145256,0.1,0.22924905896721479,1.0526315789473684,False,0.08159389614549312,0.01840610385450689,True,True,0.9999999999999993,14.035721345804632,157.51171875,SUCCESS,,False,d7edcf4ca084e975b0b8d916d003c9c772e9c801b06175ee7112ef86cdea99f3,018e499280521e6e6764118d14af76ed4cee74fd501addf4dd69087da5bcc557,False,
phase3-784ad4759ac31e77b21b96a0,PHASE_3_EMPIRICAL_DILUTION_SCALING,PREREGISTERED_EMPIRICAL_DILUTION_SCALING,PRIMARY_MATRIX,development,task-p3-ee4fc5c5e918e391,g-3cf4bd3967c31b19,phase3-m14-b00-g-3cf4bd3967c31b19,14,8,14,16384,8,2,2,0.25,0.0001220703125,3.9133899436317554,O3,CVAR_ENERGY,TAIL_FOCUSED_ROUTING_OBJECTIVE,3,"[1103, 2207, 3301]",,1103.0,phase3-87c4642379b4a633ec418478,"[4.765643156116836, 3.6583271605005514, 0.0, 0.5447876659453118, -1.1442842156704993, 0.0]","[4.765643156116836, 3.6583271605005514, 0.0, 0.5447876659453118, -1.1442842156704993, 0.0]","[4.638910677932366, 3.604745293275617, -1.1428626458938607, -0.22433571642856584, -0.4670760745733249, 0.2068826389588318]","[4.638910677932366, 3.604745293275617, -1.1428626458938607, -0.22433571642856584, -0.4670760745733249, 0.2068826389588318]",COBYLA,240,240,240,241,3,Return from COBYLA because the objective function has been evaluated MAXFUN times.,0.9462983854062846,0.042080310777923687,0.9042180746283609,1.7183382224660708,0.06476255132932465,0.9281951619052314,0.7253805092315144,1.653575671136746,0.10384551650483775,0.06355015129327651,0.6119681757306871,850.7024712076309,2.929777694389807,0.1,0.042080310777923687,0.08040201005025126,True,0.1,0.03644984870672345,True,True,0.9999999999999994,3.6461468460038304,157.5390625,SUCCESS,,False,d7edcf4ca084e975b0b8d916d003c9c772e9c801b06175ee7112ef86cdea99f3,018e499280521e6e6764118d14af76ed4cee74fd501addf4dd69087da5bcc557,False,
phase3-4d6184ad1dad07776e644b2e,PHASE_3_EMPIRICAL_DILUTION_SCALING,PREREGISTERED_EMPIRICAL_DILUTION_SCALING,PRIMARY_MATRIX,development,task-p3-aa18c0fe25b7a1f8,g-3cf4bd3967c31b19,phase3-m14-b00-g-3cf4bd3967c31b19,14,8,14,16384,8,1,1,0.125,6.103515625e-05,4.214419939295737,P2_O0,MEAN_ENERGY_PREPARATION,COMMON_INITIALIZATION_PREPARATION,2,"[1103, 2207, 3301]",1103.0,1103.0,phase3-4d6184ad1dad07776e644b2e,,"[1.4361119332668082, 4.6766136583430296, 1.8287983773432719, 0.554097077555417]","[3.7419916507785014, 5.014875820404285, 0.6381254004661397, -1.09624595227003]","[3.7419916507785014, 5.014875820404285, 0.6381254004661397, -1.09624595227003]",COBYLA,120,120,120,121,3,Return from COBYLA because the objective function has been evaluated MAXFUN times.,3.1621916358883144,1.4831448957158382,1.6790467401724762,1.4831448957158382,0.02914490232214543,1.065729580980571,0.3882704124131221,1.453999993393693,0.0026402565393926995,0.0026402565393926995,1.0,43.25796314140999,1.6360660662525888,0.1,1.026069978172012,1.0526315789473684,False,0.002640256539392696,0.0946129009095932,True,True,1.0000000000000013,19.561507527716458,157.3671875,SUCCESS,,False,d7edcf4ca084e975b0b8d916d003c9c772e9c801b06175ee7112ef86cdea99f3,018e499280521e6e6764118d14af76ed4cee74fd501addf4dd69087da5bcc557,False,
phase3-e78e438d071861282cc9c4d6,PHASE_3_EMPIRICAL_DILUTION_SCALING,PREREGISTERED_EMPIRICAL_DILUTION_SCALING,PRIMARY_MATRIX,development,task-p3-aa18c0fe25b7a1f8,g-3cf4bd3967c31b19,phase3-m14-b00-g-3cf4bd3967c31b19,14,8,14,16384,8,1,1,0.125,6.103515625e-05,4.214419939295737,P2_O0,MEAN_ENERGY_PREPARATION,COMMON_INITIALIZATION_PREPARATION,2,"[1103, 2207, 3301]",2207.0,1103.0,phase3-4d6184ad1dad07776e644b2e,,"[4.119365739193051, 4.0465795222369225, 1.5369649905613294, 0.28561357469155796]","[4.148267360156187, 4.197742561700202, 3.714388325671457, -1.1187162365509546]","[4.148267360156187, 4.197742561700202, 3.714388325671457, -1.1187162365509546]",COBYLA,120,120,120,121,3,Return from COBYLA because the objective function has been evaluated MAXFUN times.,2.8507663520366675,1.5354761572061417,1.3152901948305258,1.5354761572061417,0.03261405837480955,1.0661154974547298,0.4367466013766025,1.502862098831332,0.0038559779158905613,0.0038559779158905613,1.0,63.17634217395096,1.8005544772250952,0.1,1.01357716267241,1.0526315789473684,False,0.0038559779158905626,0.09132464621774103,True,True,0.9999999999999997,15.063859452493489,157.4453125,SUCCESS,,False,d7edcf4ca084e975b0b8d916d003c9c772e9c801b06175ee7112ef86cdea99f3,018e499280521e6e6764118d14af76ed4cee74fd501addf4dd69087da5bcc557,False,
phase3-78218e85daa57b988dc8ce37,PHASE_3_EMPIRICAL_DILUTION_SCALING,PREREGISTERED_EMPIRICAL_DILUTION_SCALING,PRIMARY_MATRIX,development,task-p3-aa18c0fe25b7a1f8,g-3cf4bd3967c31b19,phase3-m14-b00-g-3cf4bd3967c31b19,14,8,14,16384,8,1,1,0.125,6.103515625e-05,4.214419939295737,P2_O0,MEAN_ENERGY_PREPARATION,COMMON_INITIALIZATION_PREPARATION,2,"[1103, 2207, 3301]",3301.0,1103.0,phase3-4d6184ad1dad07776e644b2e,,"[2.8746040698350956, 3.2295534178963874, 1.3381083226815658, 0.4324890662459698]","[4.2036501907896495, 3.5046306530771676, 3.624628931507523, -1.0900853859668647]","[4.2036501907896495, 3.5046306530771676, 3.624628931507523, -1.0900853859668647]",COBYLA,120,120,120,121,3,Return from COBYLA because the objective function has been evaluated MAXFUN times.,3.0724329904810546,1.5999891677014302,1.4724438227796244,1.5999891677014302,0.03696449289042275,1.065605093655735,0.49741958115527196,1.5630246748110077,0.004994259888094434,0.004994259888094434,1.0,81.8259540065392,1.9128910774369365,0.1,1.0017709032558488,1.0526315789473684,False,0.004994259888094439,0.08790962100208749,True,True,0.9999999999999989,13.680353132076561,157.4453125,SUCCESS,,False,d7edcf4ca084e975b0b8d916d003c9c772e9c801b06175ee7112ef86cdea99f3,018e499280521e6e6764118d14af76ed4cee74fd501addf4dd69087da5bcc557,False,
phase3-252860180dac47f1819256ec,PHASE_3_EMPIRICAL_DILUTION_SCALING,PREREGISTERED_EMPIRICAL_DILUTION_SCALING,PRIMARY_MATRIX,development,task-p3-aa18c0fe25b7a1f8,g-3cf4bd3967c31b19,phase3-m14-b00-g-3cf4bd3967c31b19,14,8,14,16384,8,1,1,0.125,6.103515625e-05,4.214419939295737,O0,MEAN_ENERGY,STANDARD_BASELINE,3,"[1103, 2207, 3301]",,1103.0,phase3-4d6184ad1dad07776e644b2e,"[3.7419916507785014, 5.014875820404285, 0.0, 0.6381254004661397, -1.09624595227003, 0.0]","[3.7419916507785014, 5.014875820404285, 0.0, 0.6381254004661397, -1.09624595227003, 0.0]","[4.206891553563172, 5.6835630011762746, 0.8197815572297102, 0.8311264320003916, -1.03006626568333, -0.16038719480515662]","[4.206891553563172, 5.6835630011762746, 0.8197815572297102, 0.8311264320003916, -1.03006626568333, -0.16038719480515662]",COBYLA,240,240,240,241,3,Return from COBYLA because the objective function has been evaluated MAXFUN times.,1.4831448957158382,1.317795951345134,0.16534894437070413,1.317795951345134,0.024103530376756756,1.0545046097306965,0.23918781123768063,1.293692420968377,0.00499017179620993,0.00499017179620993,1.0,81.7589747091035,1.9125354365948124,0.1,1.00317078919125,1.0526315789473684,False,0.0049901717962099225,0.09210099738053147,True,True,1.0000000000000016,34.94212242029607,157.46875,SUCCESS,,False,d7edcf4ca084e975b0b8d916d003c9c772e9c801b06175ee7112ef86cdea99f3,018e499280521e6e6764118d14af76ed4cee74fd501addf4dd69087da5bcc557,False,
phase3-87c58c54ec6b5fbca7c21bda,PHASE_3_EMPIRICAL_DILUTION_SCALING,PREREGISTERED_EMPIRICAL_DILUTION_SCALING,PRIMARY_MATRIX,development,task-p3-aa18c0fe25b7a1f8,g-3cf4bd3967c31b19,phase3-m14-b00-g-3cf4bd3967c31b19,14,8,14,16384,8,1,1,0.125,6.103515625e-05,4.214419939295737,O2,EXACT_FEASIBILITY_CAPACITY_CONTROL,STATEVECTOR_MECHANISTIC_CAPACITY_CONTROL,3,"[1103, 2207, 3301]",,1103.0,phase3-4d6184ad1dad07776e644b2e,"[3.7419916507785014, 5.014875820404285, 0.0, 0.6381254004661397, -1.09624595227003, 0.0]","[3.7419916507785014, 5.014875820404285, 0.0, 0.6381254004661397, -1.09624595227003, 0.0]","[4.923002619357458, 4.734408429055758, 1.3149013596586925, 0.965729976299964, -1.3683422323623498, -0.22817230114483375]","[4.923002619357458, 4.734408429055758, 1.3149013596586925, 0.965729976299964, -1.3683422323623498, -0.22817230114483375]",COBYLA,240,240,240,241,3,Return from COBYLA because the objective function has been evaluated MAXFUN times.,0.9973597434606073,0.9687569520715258,0.028602791389081506,1.6878341421362586,0.05986003771654066,0.9773058387585003,0.6506682656612173,1.6279741044197178,0.031243047928474252,0.031243047928474252,1.0,511.88609726012214,2.7091733343457025,0.1,0.7376608926743441,1.0526315789473684,False,0.031243047928474196,0.034226050907016276,True,True,1.0000000000000018,4.282687578350306,157.54296875,SUCCESS,,False,d7edcf4ca084e975b0b8d916d003c9c772e9c801b06175ee7112ef86cdea99f3,018e499280521e6e6764118d14af76ed4cee74fd501addf4dd69087da5bcc557,False,
phase3-714f605a1397ae6a3427203c,PHASE_3_EMPIRICAL_DILUTION_SCALING,PREREGISTERED_EMPIRICAL_DILUTION_SCALING,PRIMARY_MATRIX,development,task-p3-aa18c0fe25b7a1f8,g-3cf4bd3967c31b19,phase3-m14-b00-g-3cf4bd3967c31b19,14,8,14,16384,8,1,1,0.125,6.103515625e-05,4.214419939295737,O3,CVAR_ENERGY,TAIL_FOCUSED_ROUTING_OBJECTIVE,3,"[1103, 2207, 3301]",,1103.0,phase3-4d6184ad1dad07776e644b2e,"[3.7419916507785014, 5.014875820404285, 0.0, 0.6381254004661397, -1.09624595227003, 0.0]","[3.7419916507785014, 5.014875820404285, 0.0, 0.6381254004661397, -1.09624595227003, 0.0]","[4.161979917062443, 4.824788693419606, -0.503946168497313, -0.2717236703596745, -0.5222324075208701, 0.16676651518506128]","[4.161979917062443, 4.824788693419606, -0.503946168497313, -0.2717236703596745, -0.5222324075208701, 0.16676651518506128]",COBYLA,240,240,240,241,3,Return from COBYLA because the objective function has been evaluated MAXFUN times.,1.026069978172012,0.7710382060429033,0.25503177212910866,1.7868857365286717,0.0547622708049467,0.9770362844689386,0.7550871812547861,1.7321234657237246,0.02799172679085739,0.02799172679085739,1.0,458.6164517414075,2.6614496299236987,0.1,0.7710382060429033,1.0526315789473684,False,0.027991726790857447,0.04291723104295547,True,True,0.999999999999998,8.044513585045934,157.54296875,SUCCESS,,False,d7edcf4ca084e975b0b8d916d003c9c772e9c801b06175ee7112ef86cdea99f3,018e499280521e6e6764118d14af76ed4cee74fd501addf4dd69087da5bcc557,False,
phase3-acca474476545cac2af010ed,PHASE_3_EMPIRICAL_DILUTION_SCALING,PREREGISTERED_EMPIRICAL_DILUTION_SCALING,PRIMARY_MATRIX,development,task-p3-9332ee3dcfff4fa2,g-8e75832e853cc6ea,phase3-m14-b01-g-8e75832e853cc6ea,14,9,14,16384,7,7,7,1.0,0.00042724609375,3.36932189928148,P2_O0,MEAN_ENERGY_PREPARATION,COMMON_INITIALIZATION_PREPARATION,2,"[1103, 2207, 3301]",1103.0,3301.0,phase3-3fdb6bddf4fed72232f0434c,,"[1.4361119332668082, 4.6766136583430296, 1.8287983773432719, 0.554097077555417]","[1.8723004076695937, 4.268660946433861, 2.2137846332656856, 0.10875972047259098]","[1.8723004076695937, 4.268660946433861, 2.2137846332656856, 0.10875972047259098]",COBYLA,120,120,120,121,3,Return from COBYLA because the objective function has been evaluated MAXFUN times.,2.0785826957085014,1.680574263956783,0.3980084317517183,1.680574263956783,0.14313533865562,1.238190899049302,0.2992480262518612,1.5374389253011629,0.007390168893738986,0.003618511893564534,0.48963859224248146,17.297218165002793,1.2379762630864144,0.1,1.0552618400892873,1.172923440733077,False,0.007390168893738986,0.0007894575821900257,True,True,1.0,17.150461062788963,157.56640625,SUCCESS,,False,d7edcf4ca084e975b0b8d916d003c9c772e9c801b06175ee7112ef86cdea99f3,018e499280521e6e6764118d14af76ed4cee74fd501addf4dd69087da5bcc557,False,
phase3-3b1c651f790b3d064d37204c,PHASE_3_EMPIRICAL_DILUTION_SCALING,PREREGISTERED_EMPIRICAL_DILUTION_SCALING,PRIMARY_MATRIX,development,task-p3-9332ee3dcfff4fa2,g-8e75832e853cc6ea,phase3-m14-b01-g-8e75832e853cc6ea,14,9,14,16384,7,7,7,1.0,0.00042724609375,3.36932189928148,P2_O0,MEAN_ENERGY_PREPARATION,COMMON_INITIALIZATION_PREPARATION,2,"[1103, 2207, 3301]",2207.0,3301.0,phase3-3fdb6bddf4fed72232f0434c,,"[4.119365739193051, 4.0465795222369225, 1.5369649905613294, 0.28561357469155796]","[2.770394916196732, 3.8603800931581778, 2.513261415075562, -0.3248876678756205]","[2.770394916196732, 3.8603800931581778, 2.513261415075562, -0.3248876678756205]",COBYLA,120,120,120,121,3,Return from COBYLA because the objective function has been evaluated MAXFUN times.,2.3212674767248895,1.7747400085411589,0.5465274681837307,1.7747400085411589,0.1309251323054843,1.1594737620043132,0.4843411142313616,1.6438148762356748,0.020940029648218842,0.016987028556085967,0.8112227557199702,49.01163510805964,1.690299191526344,0.1,0.8650614962958421,1.1090747856931717,False,0.020940029648218894,0.0004440875981887443,True,True,0.9999999999999976,9.704870834946632,157.56640625,SUCCESS,,False,d7edcf4ca084e975b0b8d916d003c9c772e9c801b06175ee7112ef86cdea99f3,018e499280521e6e6764118d14af76ed4cee74fd501addf4dd69087da5bcc557,False,
phase3-3fdb6bddf4fed72232f0434c,PHASE_3_EMPIRICAL_DILUTION_SCALING,PREREGISTERED_EMPIRICAL_DILUTION_SCALING,PRIMARY_MATRIX,development,task-p3-9332ee3dcfff4fa2,g-8e75832e853cc6ea,phase3-m14-b01-g-8e75832e853cc6ea,14,9,14,16384,7,7,7,1.0,0.00042724609375,3.36932189928148,P2_O0,MEAN_ENERGY_PREPARATION,COMMON_INITIALIZATION_PREPARATION,2,"[1103, 2207, 3301]",3301.0,3301.0,phase3-3fdb6bddf4fed72232f0434c,,"[2.8746040698350956, 3.2295534178963874, 1.3381083226815658, 0.4324890662459698]","[1.9026948783049555, 4.419484643001357, 2.218876847235679, 0.10711872919251854]","[1.9026948783049555, 4.419484643001357, 2.218876847235679, 0.10711872919251854]",COBYLA,120,120,120,121,3,Return from COBYLA because the objective function has been evaluated MAXFUN times.,2.473071201419886,1.6794860300430194,0.7935851713768667,1.6794860300430194,0.14328993777109955,1.2382666044953128,0.2979294877766069,1.5361960922719196,0.007581429247893383,0.0038134753430782175,0.5030021673206079,17.744876685355027,1.2490729856472107,0.1,1.0521299862973537,1.1693762932308602,False,0.007581429247893379,3.753793123409399e-06,True,True,1.0000000000000004,21.414572755806148,157.56640625,SUCCESS,,False,d7edcf4ca084e975b0b8d916d003c9c772e9c801b06175ee7112ef86cdea99f3,018e499280521e6e6764118d14af76ed4cee74fd501addf4dd69087da5bcc557,False,
phase3-185539ad089a28d6d305137b,PHASE_3_EMPIRICAL_DILUTION_SCALING,PREREGISTERED_EMPIRICAL_DILUTION_SCALING,PRIMARY_MATRIX,development,task-p3-9332ee3dcfff4fa2,g-8e75832e853cc6ea,phase3-m14-b01-g-8e75832e853cc6ea,14,9,14,16384,7,7,7,1.0,0.00042724609375,3.36932189928148,O0,MEAN_ENERGY,STANDARD_BASELINE,3,"[1103, 2207, 3301]",,3301.0,phase3-3fdb6bddf4fed72232f0434c,"[1.9026948783049555, 4.419484643001357, 0.0, 2.218876847235679, 0.10711872919251854, 0.0]","[1.9026948783049555, 4.419484643001357, 0.0, 2.218876847235679, 0.10711872919251854, 0.0]","[1.843343494954371, 4.406773928911571, 0.06371833985739664, 2.214323333549066, 0.1502235289330485, -0.04020516300678734]","[1.843343494954371, 4.406773928911571, 0.06371833985739664, 2.214323333549066, 0.1502235289330485, -0.04020516300678734]",COBYLA,240,240,240,241,3,Return from COBYLA because the objective function has been evaluated MAXFUN times.,1.6794860300430194,1.677914822393669,0.0015712076493503702,1.677914822393669,0.14343795456302055,1.2397014267173367,0.294775441113312,1.5344768678306486,0.0075086481452015606,0.003599087275089997,0.47932559969400246,17.574527315854624,1.2448836530729908,0.1,1.0553151489218608,1.172923440733077,False,0.00750864814520155,0.0007042986636742327,True,True,1.0000000000000013,27.499070774763823,157.7734375,SUCCESS,,False,d7edcf4ca084e975b0b8d916d003c9c772e9c801b06175ee7112ef86cdea99f3,018e499280521e6e6764118d14af76ed4cee74fd501addf4dd69087da5bcc557,False,
phase3-f5bbffce73c624c879d3cd94,PHASE_3_EMPIRICAL_DILUTION_SCALING,PREREGISTERED_EMPIRICAL_DILUTION_SCALING,PRIMARY_MATRIX,development,task-p3-9332ee3dcfff4fa2,g-8e75832e853cc6ea,phase3-m14-b01-g-8e75832e853cc6ea,14,9,14,16384,7,7,7,1.0,0.00042724609375,3.36932189928148,O2,EXACT_FEASIBILITY_CAPACITY_CONTROL,STATEVECTOR_MECHANISTIC_CAPACITY_CONTROL,3,"[1103, 2207, 3301]",,3301.0,phase3-3fdb6bddf4fed72232f0434c,"[1.9026948783049555, 4.419484643001357, 0.0, 2.218876847235679, 0.10711872919251854, 0.0]","[1.9026948783049555, 4.419484643001357, 0.0, 2.218876847235679, 0.10711872919251854, 0.0]","[2.7569726032478235, 4.252906126017836, -0.20234912896274332, 2.4797677319665987, 0.0842215824521842, 0.0911973871710386]","[2.7569726032478235, 4.252906126017836, -0.20234912896274332, 2.4797677319665987, 0.0842215824521842, 0.0911973871710386]",COBYLA,240,240,240,241,3,Return from COBYLA because the objective function has been evaluated MAXFUN times.,0.9924185707521066,0.9728883035361089,0.01953026721599771,1.921455985734567,0.1620611435273084,1.220031488351161,0.5393633538560977,1.7593948422072585,0.02711169646389107,0.019344662621635804,0.713517232217473,63.45686212348447,1.802478592880236,0.1,0.8233757919960661,1.1492757907182973,False,0.027111696463891034,0.0007158169006810239,True,True,1.0000000000000013,5.3544164262712,157.7734375,SUCCESS,,False,d7edcf4ca084e975b0b8d916d003c9c772e9c801b06175ee7112ef86cdea99f3,018e499280521e6e6764118d14af76ed4cee74fd501addf4dd69087da5bcc557,False,
phase3-b4c76469e39cf9a7cbb70498,PHASE_3_EMPIRICAL_DILUTION_SCALING,PREREGISTERED_EMPIRICAL_DILUTION_SCALING,PRIMARY_MATRIX,development,task-p3-9332ee3dcfff4fa2,g-8e75832e853cc6ea,phase3-m14-b01-g-8e75832e853cc6ea,14,9,14,16384,7,7,7,1.0,0.00042724609375,3.36932189928148,O3,CVAR_ENERGY,TAIL_FOCUSED_ROUTING_OBJECTIVE,3,"[1103, 2207, 3301]",,3301.0,phase3-3fdb6bddf4fed72232f0434c,"[1.9026948783049555, 4.419484643001357, 0.0, 2.218876847235679, 0.10711872919251854, 0.0]","[1.9026948783049555, 4.419484643001357, 0.0, 2.218876847235679, 0.10711872919251854, 0.0]","[2.744004972207943, 4.342191352154405, 0.6855272342823928, 2.437719824294665, 0.30425525606243226, -0.1647348655096655]","[2.744004972207943, 4.342191352154405, 0.6855272342823928, 2.437719824294665, 0.30425525606243226, -0.1647348655096655]",COBYLA,240,240,240,241,3,Return from COBYLA because the objective function has been evaluated MAXFUN times.,1.0521299862973537,0.7738914523833027,0.27823853391405096,1.8416795948593032,0.15330913502915858,1.1997895200799582,0.48858093975018657,1.6883704598301446,0.03046634928701976,0.021251720605271415,0.6975473301727604,71.30866667407597,1.8531423161070077,0.1,0.7738914523833027,1.1276973100798109,False,0.03046634928701978,0.001253643462072379,True,True,0.9999999999999993,3.5999833894893527,157.7734375,SUCCESS,,False,d7edcf4ca084e975b0b8d916d003c9c772e9c801b06175ee7112ef86cdea99f3,018e499280521e6e6764118d14af76ed4cee74fd501addf4dd69087da5bcc557,False,
phase3-0098eeb024ec3f650f31b04b,PHASE_3_EMPIRICAL_DILUTION_SCALING,PREREGISTERED_EMPIRICAL_DILUTION_SCALING,PRIMARY_MATRIX,development,task-p3-87c2db0929de04c9,g-8e75832e853cc6ea,phase3-m14-b01-g-8e75832e853cc6ea,14,9,14,16384,7,5,5,0.7142857142857143,0.00030517578125,3.515449934959718,P2_O0,MEAN_ENERGY_PREPARATION,COMMON_INITIALIZATION_PREPARATION,2,"[1103, 2207, 3301]",1103.0,2207.0,phase3-3f392bcb2b7bb02a9e761952,,"[1.4361119332668082, 4.6766136583430296, 1.8287983773432719, 0.554097077555417]","[2.2929646015897442, 4.545808230537774, 1.9285847866611319, 0.4538543710054424]","[2.2929646015897442, 4.545808230537774, 1.9285847866611319, 0.4538543710054424]",COBYLA,120,120,120,121,3,Return from COBYLA because the objective function has been evaluated MAXFUN times.,2.2005877798006725,1.9491376477247544,0.25145013207591815,1.9491376477247544,0.15981836500050503,1.2839753124061142,0.5053439703181349,1.7893192827242492,0.002908254555474526,0.0024862100407390185,0.8548804766965646,9.529768527378927,0.9790823520021346,0.1,1.0828340709894364,1.157848063848655,False,0.0029082545554745317,0.00038180284114165686,True,True,0.999999999999998,12.59628818091005,157.5390625,SUCCESS,,False,d7edcf4ca084e975b0b8d916d003c9c772e9c801b06175ee7112ef86cdea99f3,018e499280521e6e6764118d14af76ed4cee74fd501addf4dd69087da5bcc557,False,
phase3-3f392bcb2b7bb02a9e761952,PHASE_3_EMPIRICAL_DILUTION_SCALING,PREREGISTERED_EMPIRICAL_DILUTION_SCALING,PRIMARY_MATRIX,development,task-p3-87c2db0929de04c9,g-8e75832e853cc6ea,phase3-m14-b01-g-8e75832e853cc6ea,14,9,14,16384,7,5,5,0.7142857142857143,0.00030517578125,3.515449934959718,P2_O0,MEAN_ENERGY_PREPARATION,COMMON_INITIALIZATION_PREPARATION,2,"[1103, 2207, 3301]",2207.0,2207.0,phase3-3f392bcb2b7bb02a9e761952,,"[4.119365739193051, 4.0465795222369225, 1.5369649905613294, 0.28561357469155796]","[2.83685042543328, 4.258506188219486, 2.4993881116406462, -0.36640693204172264]","[2.83685042543328, 4.258506188219486, 2.4993881116406462, -0.36640693204172264]",COBYLA,120,120,120,121,3,Return from COBYLA because the objective function has been evaluated MAXFUN times.,2.392559220408303,1.7767864246657252,0.6157727957425778,1.7767864246657252,0.12835051809920897,1.161779279602297,0.4866566269642191,1.6484359065665162,0.015457509745161966,0.011760720341580436,0.7608418519846908,50.651167932946734,1.7045894639309693,0.1,0.9278184612857202,1.1276973100798109,False,0.015457509745161947,0.0007448661316848959,True,True,1.0000000000000013,17.7575221657753,157.54296875,SUCCESS,,False,d7edcf4ca084e975b0b8d916d003c9c772e9c801b06175ee7112ef86cdea99f3,018e499280521e6e6764118d14af76ed4cee74fd501addf4dd69087da5bcc557,False,
phase3-786f8ebfcca89863059bb9dc,PHASE_3_EMPIRICAL_DILUTION_SCALING,PREREGISTERED_EMPIRICAL_DILUTION_SCALING,PRIMARY_MATRIX,development,task-p3-87c2db0929de04c9,g-8e75832e853cc6ea,phase3-m14-b01-g-8e75832e853cc6ea,14,9,14,16384,7,5,5,0.7142857142857143,0.00030517578125,3.515449934959718,P2_O0,MEAN_ENERGY_PREPARATION,COMMON_INITIALIZATION_PREPARATION,2,"[1103, 2207, 3301]",3301.0,2207.0,phase3-3f392bcb2b7bb02a9e761952,,"[2.8746040698350956, 3.2295534178963874, 1.3381083226815658, 0.4324890662459698]","[2.238573406044155, 3.540182068291355, 2.310155768944459, 0.08509968660578159]","[2.238573406044155, 3.540182068291355, 2.310155768944459, 0.08509968660578159]",COBYLA,120,120,120,121,3,Return from COBYLA because the objective function has been evaluated MAXFUN times.,2.57605115229552,1.784715545657103,0.7913356066384167,1.784715545657103,0.14319635236454778,1.220843957224795,0.4206752360677608,1.6415191932925555,0.00715643016062727,0.005225850047607386,0.7302314045288375,23.45019035034344,1.3701463723290666,0.1,1.0370143913021024,1.1528229382205144,False,0.007156430160627267,0.0010993113350719758,True,True,1.0000000000000007,22.273428636603057,157.54296875,SUCCESS,,False,d7edcf4ca084e975b0b8d916d003c9c772e9c801b06175ee7112ef86cdea99f3,018e499280521e6e6764118d14af76ed4cee74fd501addf4dd69087da5bcc557,False,
phase3-3108607db5e43f251e843d5a,PHASE_3_EMPIRICAL_DILUTION_SCALING,PREREGISTERED_EMPIRICAL_DILUTION_SCALING,PRIMARY_MATRIX,development,task-p3-87c2db0929de04c9,g-8e75832e853cc6ea,phase3-m14-b01-g-8e75832e853cc6ea,14,9,14,16384,7,5,5,0.7142857142857143,0.00030517578125,3.515449934959718,O0,MEAN_ENERGY,STANDARD_BASELINE,3,"[1103, 2207, 3301]",,2207.0,phase3-3f392bcb2b7bb02a9e761952,"[2.83685042543328, 4.258506188219486, 0.0, 2.4993881116406462, -0.36640693204172264, 0.0]","[2.83685042543328, 4.258506188219486, 0.0, 2.4993881116406462, -0.36640693204172264, 0.0]","[1.4172084571407833, 6.118407323928279, 0.7931169731277634, 2.7440671172194144, -0.39716540437757564, -0.17068745947221944]","[1.4172084571407833, 6.118407323928279, 0.7931169731277634, 2.7440671172194144, -0.39716540437757564, -0.17068745947221944]",COBYLA,240,240,240,241,3,Return from COBYLA because the objective function has been evaluated MAXFUN times.,1.7767864246657252,1.2977267468799527,0.4790596777857725,1.2977267468799527,0.08319324858706947,1.0801788194622801,0.13435467883060306,1.2145334982928833,0.039543489579047436,0.019699829149175795,0.4981813532110219,129.57610665262263,2.1125249266458543,0.1,0.6793747229408854,1.088974283180609,False,0.039543489579047415,0.006781937622848316,True,True,1.0000000000000004,19.067070296034217,157.7734375,SUCCESS,,False,d7edcf4ca084e975b0b8d916d003c9c772e9c801b06175ee7112ef86cdea99f3,018e499280521e6e6764118d14af76ed4cee74fd501addf4dd69087da5bcc557,False,
phase3-1809b9baada90bdfcd3ca3fe,PHASE_3_EMPIRICAL_DILUTION_SCALING,PREREGISTERED_EMPIRICAL_DILUTION_SCALING,PRIMARY_MATRIX,development,task-p3-87c2db0929de04c9,g-8e75832e853cc6ea,phase3-m14-b01-g-8e75832e853cc6ea,14,9,14,16384,7,5,5,0.7142857142857143,0.00030517578125,3.515449934959718,O2,EXACT_FEASIBILITY_CAPACITY_CONTROL,STATEVECTOR_MECHANISTIC_CAPACITY_CONTROL,3,"[1103, 2207, 3301]",,2207.0,phase3-3f392bcb2b7bb02a9e761952,"[2.83685042543328, 4.258506188219486, 0.0, 2.4993881116406462, -0.36640693204172264, 0.0]","[2.83685042543328, 4.258506188219486, 0.0, 2.4993881116406462, -0.36640693204172264, 0.0]","[2.9372748196660607, 4.1951528152181305, -0.3275559891491099, 2.4649146409455853, 0.10186016284110143, 0.08669536542279178]","[2.9372748196660607, 4.1951528152181305, -0.3275559891491099, 2.4649146409455853, 0.10186016284110143, 0.08669536542279178]",COBYLA,240,240,240,241,3,Return from COBYLA because the objective function has been evaluated MAXFUN times.,0.9845424902548381,0.9741163450947512,0.010426145160086886,1.9590412522110605,0.1611033306872173,1.2179355319226628,0.5800023896011808,1.7979379215238431,0.025883654905248788,0.019265212035407046,0.7443002970766841,84.81556039351923,1.9284755359018337,0.1,0.8358680819799819,1.1528229382205144,False,0.02588365490524882,0.0004761532362169696,True,True,0.9999999999999989,4.942244423553348,157.7734375,SUCCESS,,False,d7edcf4ca084e975b0b8d916d003c9c772e9c801b06175ee7112ef86cdea99f3,018e499280521e6e6764118d14af76ed4cee74fd501addf4dd69087da5bcc557,False,
phase3-0e1a6044a4ec501fa064c871,PHASE_3_EMPIRICAL_DILUTION_SCALING,PREREGISTERED_EMPIRICAL_DILUTION_SCALING,PRIMARY_MATRIX,development,task-p3-87c2db0929de04c9,g-8e75832e853cc6ea,phase3-m14-b01-g-8e75832e853cc6ea,14,9,14,16384,7,5,5,0.7142857142857143,0.00030517578125,3.515449934959718,O3,CVAR_ENERGY,TAIL_FOCUSED_ROUTING_OBJECTIVE,3,"[1103, 2207, 3301]",,2207.0,phase3-3f392bcb2b7bb02a9e761952,"[2.83685042543328, 4.258506188219486, 0.0, 2.4993881116406462, -0.36640693204172264, 0.0]","[2.83685042543328, 4.258506188219486, 0.0, 2.4993881116406462, -0.36640693204172264, 0.0]","[2.9692742022157383, 4.239073798551104, -0.21404016154477207, 2.453181522775603, 0.08284989664506538, 0.08768620473944035]","[2.9692742022157383, 4.239073798551104, -0.21404016154477207, 2.453181522775603, 0.08284989664506538, 0.08768620473944035]",COBYLA,240,240,240,241,3,Return from COBYLA because the objective function has been evaluated MAXFUN times.,0.9278184612857202,0.8387140348452774,0.08910442644044281,1.9365669127852154,0.15929041746830033,1.2141464405537306,0.5631300547631845,1.777276495316915,0.02515847078612692,0.019013340829193016,0.7557431050092879,82.43927707198068,1.9161341747007439,0.1,0.8387140348452774,1.1477978125923736,False,0.025158470786126944,0.004687678278565047,True,True,0.9999999999999991,7.178696925751865,157.7734375,SUCCESS,,False,d7edcf4ca084e975b0b8d916d003c9c772e9c801b06175ee7112ef86cdea99f3,018e499280521e6e6764118d14af76ed4cee74fd501addf4dd69087da5bcc557,False,
phase3-3c5bfbf254dd3569a3597b28,PHASE_3_EMPIRICAL_DILUTION_SCALING,PREREGISTERED_EMPIRICAL_DILUTION_SCALING,PRIMARY_MATRIX,development,task-p3-2aa335d81a6c5b2a,g-8e75832e853cc6ea,phase3-m14-b01-g-8e75832e853cc6ea,14,9,14,16384,7,4,4,0.5714285714285714,0.000244140625,3.612359947967774,P2_O0,MEAN_ENERGY_PREPARATION,COMMON_INITIALIZATION_PREPARATION,2,"[1103, 2207, 3301]",1103.0,2207.0,phase3-cdc842dd252e96b7d87a9e29,,"[1.4361119332668082, 4.6766136583430296, 1.8287983773432719, 0.554097077555417]","[2.6312249554990697, 4.3767032710089495, 2.2868756217324884, 0.10951268503663245]","[2.6312249554990697, 4.3767032710089495, 2.2868756217324884, 0.10951268503663245]",COBYLA,120,120,120,121,3,Return from COBYLA because the objective function has been evaluated MAXFUN times.,2.6104695464735475,1.8745231228670385,0.735946423606509,1.8745231228670385,0.14200236710668063,1.222790698361435,0.5097300573989234,1.732520755760358,0.007283349117554461,0.004709344800727751,0.6465905622150121,29.83259798550307,1.4746910757434828,0.1,1.047587472767083,1.157848063848655,False,0.007283349117554462,0.0009408217482608505,True,True,0.9999999999999999,12.809515471570194,157.55078125,SUCCESS,,False,d7edcf4ca084e975b0b8d916d003c9c772e9c801b06175ee7112ef86cdea99f3,018e499280521e6e6764118d14af76ed4cee74fd501addf4dd69087da5bcc557,False,
phase3-cdc842dd252e96b7d87a9e29,PHASE_3_EMPIRICAL_DILUTION_SCALING,PREREGISTERED_EMPIRICAL_DILUTION_SCALING,PRIMARY_MATRIX,development,task-p3-2aa335d81a6c5b2a,g-8e75832e853cc6ea,phase3-m14-b01-g-8e75832e853cc6ea,14,9,14,16384,7,4,4,0.5714285714285714,0.000244140625,3.612359947967774,P2_O0,MEAN_ENERGY_PREPARATION,COMMON_INITIALIZATION_PREPARATION,2,"[1103, 2207, 3301]",2207.0,2207.0,phase3-cdc842dd252e96b7d87a9e29,,"[4.119365739193051, 4.0465795222369225, 1.5369649905613294, 0.28561357469155796]","[5.993998893667535, 4.10281400082884, 2.434442075955496, 0.1252525236889737]","[5.993998893667535, 4.10281400082884, 2.434442075955496, 0.1252525236889737]",COBYLA,120,120,120,121,3,Return from COBYLA because the objective function has been evaluated MAXFUN times.,2.567579766336779,1.4691997108217714,1.0983800555150078,1.4691997108217714,0.09637399835716837,1.109980713221561,0.2628449992430415,1.372825712464603,0.021627280555600516,0.01044062302166857,0.48275246602675187,88.58534115573971,1.9473618620464306,0.1,0.8770371569284787,1.1191250369494532,False,0.021627280555600516,0.001113420754262212,True,True,1.0,16.731439952738583,157.55078125,SUCCESS,,False,d7edcf4ca084e975b0b8d916d003c9c772e9c801b06175ee7112ef86cdea99f3,018e499280521e6e6764118d14af76ed4cee74fd501addf4dd69087da5bcc557,False,
phase3-15c6e962b6fd9b6fb1786d38,PHASE_3_EMPIRICAL_DILUTION_SCALING,PREREGISTERED_EMPIRICAL_DILUTION_SCALING,PRIMARY_MATRIX,development,task-p3-2aa335d81a6c5b2a,g-8e75832e853cc6ea,phase3-m14-b01-g-8e75832e853cc6ea,14,9,14,16384,7,4,4,0.5714285714285714,0.000244140625,3.612359947967774,P2_O0,MEAN_ENERGY_PREPARATION,COMMON_INITIALIZATION_PREPARATION,2,"[1103, 2207, 3301]",3301.0,2207.0,phase3-cdc842dd252e96b7d87a9e29,,"[2.8746040698350956, 3.2295534178963874, 1.3381083226815658, 0.4324890662459698]","[4.413575579151665, 3.7319101099868974, 2.336669750936181, 0.12861082902489934]","[4.413575579151665, 3.7319101099868974, 2.336669750936181, 0.12861082902489934]",COBYLA,120,120,120,121,3,Return from COBYLA because the objective function has been evaluated MAXFUN times.,2.744105734769945,1.81306466779144,0.9310410669785052,1.81306466779144,0.12671774939448419,1.1761411770814802,0.5102057413154752,1.6863469183969553,0.012382240847072847,0.009963547429416708,0.8046643214642433,50.71765850961038,1.7051591951925074,0.1,0.9700338732334474,1.1342004138338753,False,0.012382240847072826,0.0002162680843061371,True,True,1.0000000000000018,21.3856066390872,157.55078125,SUCCESS,,False,d7edcf4ca084e975b0b8d916d003c9c772e9c801b06175ee7112ef86cdea99f3,018e499280521e6e6764118d14af76ed4cee74fd501addf4dd69087da5bcc557,False,
phase3-1bdf84c858cd2a831ce169f3,PHASE_3_EMPIRICAL_DILUTION_SCALING,PREREGISTERED_EMPIRICAL_DILUTION_SCALING,PRIMARY_MATRIX,development,task-p3-2aa335d81a6c5b2a,g-8e75832e853cc6ea,phase3-m14-b01-g-8e75832e853cc6ea,14,9,14,16384,7,4,4,0.5714285714285714,0.000244140625,3.612359947967774,O0,MEAN_ENERGY,STANDARD_BASELINE,3,"[1103, 2207, 3301]",,2207.0,phase3-cdc842dd252e96b7d87a9e29,"[5.993998893667535, 4.10281400082884, 0.0, 2.434442075955496, 0.1252525236889737, 0.0]","[5.993998893667535, 4.10281400082884, 0.0, 2.434442075955496, 0.1252525236889737, 0.0]","[6.716193717605851, 4.700601841142715, 0.45270658974612177, 2.4075582761581056, 0.36993391165897127, -0.2424303963588874]","[6.716193717605851, 4.700601841142715, 0.45270658974612177, 2.4075582761581056, 0.36993391165897127, -0.2424303963588874]",COBYLA,240,240,240,241,3,Return from COBYLA because the objective function has been evaluated MAXFUN times.,1.4691997108217714,1.3421031358130466,0.12709657500872473,1.3421031358130466,0.08280695506569734,1.080447772172606,0.17884840857474313,1.2592961807473493,0.038737333728696206,0.020145518524584228,0.5200543399728268,158.66811895273966,2.2004896731076027,0.1,0.6877479050785316,1.0939994088087497,False,0.038737333728696074,0.003972011237916323,True,True,1.0000000000000036,18.2416729349643,157.7734375,SUCCESS,,False,d7edcf4ca084e975b0b8d916d003c9c772e9c801b06175ee7112ef86cdea99f3,018e499280521e6e6764118d14af76ed4cee74fd501addf4dd69087da5bcc557,False,
phase3-a8dfbd2013e6131ee22d16ea,PHASE_3_EMPIRICAL_DILUTION_SCALING,PREREGISTERED_EMPIRICAL_DILUTION_SCALING,PRIMARY_MATRIX,development,task-p3-2aa335d81a6c5b2a,g-8e75832e853cc6ea,phase3-m14-b01-g-8e75832e853cc6ea,14,9,14,16384,7,4,4,0.5714285714285714,0.000244140625,3.612359947967774,O2,EXACT_FEASIBILITY_CAPACITY_CONTROL,STATEVECTOR_MECHANISTIC_CAPACITY_CONTROL,3,"[1103, 2207, 3301]",,2207.0,phase3-cdc842dd252e96b7d87a9e29,"[5.993998893667535, 4.10281400082884, 0.0, 2.434442075955496, 0.1252525236889737, 0.0]","[5.993998893667535, 4.10281400082884, 0.0, 2.434442075955496, 0.1252525236889737, 0.0]","[7.1138341222045165, 4.600252723396467, -0.18971850463218617, 2.5587472347760163, 0.09270970035161395, 0.08410549774594533]","[7.1138341222045165, 4.600252723396467, -0.18971850463218617, 2.5587472347760163, 0.09270970035161395, 0.08410549774594533]",COBYLA,240,240,240,241,3,Return from COBYLA because the objective function has been evaluated MAXFUN times.,0.9783727194443995,0.948447710667578,0.02992500877682147,1.5030696562468677,0.1030571884264664,1.0691315683300404,0.33088089949036076,1.4000124678204013,0.05155228933242196,0.02156899170286773,0.41839056969488814,211.15817710560034,2.324607904151065,0.1,0.5670567479830104,1.1090747856931717,False,0.05155228933242187,0.000635035967220976,True,True,1.0000000000000018,5.470708568580449,157.7734375,SUCCESS,,False,d7edcf4ca084e975b0b8d916d003c9c772e9c801b06175ee7112ef86cdea99f3,018e499280521e6e6764118d14af76ed4cee74fd501addf4dd69087da5bcc557,False,
phase3-c6d5efe7d3143bff40404bb4,PHASE_3_EMPIRICAL_DILUTION_SCALING,PREREGISTERED_EMPIRICAL_DILUTION_SCALING,PRIMARY_MATRIX,development,task-p3-2aa335d81a6c5b2a,g-8e75832e853cc6ea,phase3-m14-b01-g-8e75832e853cc6ea,14,9,14,16384,7,4,4,0.5714285714285714,0.000244140625,3.612359947967774,O3,CVAR_ENERGY,TAIL_FOCUSED_ROUTING_OBJECTIVE,3,"[1103, 2207, 3301]",,2207.0,phase3-cdc842dd252e96b7d87a9e29,"[5.993998893667535, 4.10281400082884, 0.0, 2.434442075955496, 0.1252525236889737, 0.0]","[5.993998893667535, 4.10281400082884, 0.0, 2.434442075955496, 0.1252525236889737, 0.0]","[7.1065360386393, 4.625179140681338, -0.2801604612986974, 2.550837580820372, 0.09782500491852646, 0.07227744765484224]","[7.1065360386393, 4.625179140681338, -0.2801604612986974, 2.550837580820372, 0.09782500491852646, 0.07227744765484224]",COBYLA,240,240,240,241,3,Return from COBYLA because the objective function has been evaluated MAXFUN times.,0.8770371569284787,0.5592431048482329,0.3177940520802458,1.479554795380225,0.10119484467401389,1.0662842040589378,0.31207574664727333,1.3783599507062112,0.05220288531721133,0.02229186599446484,0.4270236378508219,213.8230182592976,2.3300544556197154,0.1,0.5592431048482329,1.1056460613368038,False,0.05220288531721136,0.003666433066657468,True,True,0.9999999999999996,5.657186422497034,157.7734375,SUCCESS,,False,d7edcf4ca084e975b0b8d916d003c9c772e9c801b06175ee7112ef86cdea99f3,018e499280521e6e6764118d14af76ed4cee74fd501addf4dd69087da5bcc557,False,
phase3-0ca1fb68dab662464193761e,PHASE_3_EMPIRICAL_DILUTION_SCALING,PREREGISTERED_EMPIRICAL_DILUTION_SCALING,PRIMARY_MATRIX,development,task-p3-aa28a19affb4eca6,g-8e75832e853cc6ea,phase3-m14-b01-g-8e75832e853cc6ea,14,9,14,16384,7,3,3,0.4285714285714285,0.00018310546875,3.737298684576074,P2_O0,MEAN_ENERGY_PREPARATION,COMMON_INITIALIZATION_PREPARATION,2,"[1103, 2207, 3301]",1103.0,2207.0,phase3-3fbed798b31192d1a4d81012,,"[1.4361119332668082, 4.6766136583430296, 1.8287983773432719, 0.554097077555417]","[2.8996251128956265, 4.162545174464581, 2.314656469985367, 0.1087309468793252]","[2.8996251128956265, 4.162545174464581, 2.314656469985367, 0.1087309468793252]",COBYLA,120,120,120,121,3,Return from COBYLA because the objective function has been evaluated MAXFUN times.,2.683718817890843,1.8913453623189167,0.7923734555719262,1.8913453623189167,0.13856252245055853,1.2101542849898803,0.5426285548784775,1.7527828398683583,0.008247200524069322,0.006357731173276175,0.770895669957489,45.040711128783926,1.653605238789753,0.1,1.0300466305365403,1.1528229382205144,False,0.008247200524069331,0.0012168248390392739,True,True,0.9999999999999989,14.48848924972117,157.5703125,SUCCESS,,False,d7edcf4ca084e975b0b8d916d003c9c772e9c801b06175ee7112ef86cdea99f3,018e499280521e6e6764118d14af76ed4cee74fd501addf4dd69087da5bcc557,False,
phase3-3fbed798b31192d1a4d81012,PHASE_3_EMPIRICAL_DILUTION_SCALING,PREREGISTERED_EMPIRICAL_DILUTION_SCALING,PRIMARY_MATRIX,development,task-p3-aa28a19affb4eca6,g-8e75832e853cc6ea,phase3-m14-b01-g-8e75832e853cc6ea,14,9,14,16384,7,3,3,0.4285714285714285,0.00018310546875,3.737298684576074,P2_O0,MEAN_ENERGY_PREPARATION,COMMON_INITIALIZATION_PREPARATION,2,"[1103, 2207, 3301]",2207.0,2207.0,phase3-3fbed798b31192d1a4d81012,,"[4.119365739193051, 4.0465795222369225, 1.5369649905613294, 0.28561357469155796]","[5.447557675302908, 4.13251332130717, 2.419944761636038, 0.1333213118341043]","[5.447557675302908, 4.13251332130717, 2.419944761636038, 0.1333213118341043]",COBYLA,120,120,120,121,3,Return from COBYLA because the objective function has been evaluated MAXFUN times.,2.5988348787076747,1.5905309660169642,1.0083039126907105,1.5905309660169642,0.10438419834965736,1.122375200437535,0.36377156722977205,1.4861467676673068,0.016387113019233,0.009585537904370368,0.5849436623229576,89.49548656903782,1.9518011335551546,0.1,0.9305155031020204,1.1191250369494532,False,0.016387113019232995,0.00045193850062812124,True,True,1.0000000000000002,12.431536365300417,157.5703125,SUCCESS,,False,d7edcf4ca084e975b0b8d916d003c9c772e9c801b06175ee7112ef86cdea99f3,018e499280521e6e6764118d14af76ed4cee74fd501addf4dd69087da5bcc557,False,
phase3-1b69b5fdfb6eeade68bd91aa,PHASE_3_EMPIRICAL_DILUTION_SCALING,PREREGISTERED_EMPIRICAL_DILUTION_SCALING,PRIMARY_MATRIX,development,task-p3-aa28a19affb4eca6,g-8e75832e853cc6ea,phase3-m14-b01-g-8e75832e853cc6ea,14,9,14,16384,7,3,3,0.4285714285714285,0.00018310546875,3.737298684576074,P2_O0,MEAN_ENERGY_PREPARATION,COMMON_INITIALIZATION_PREPARATION,2,"[1103, 2207, 3301]",3301.0,2207.0,phase3-3fbed798b31192d1a4d81012,,"[2.8746040698350956, 3.2295534178963874, 1.3381083226815658, 0.4324890662459698]","[4.3524849731558, 3.7080228045384183, 2.3357551970551467, 0.12562952355753745]","[4.3524849731558, 3.7080228045384183, 2.3357551970551467, 0.12562952355753745]",COBYLA,120,120,120,121,3,Return from COBYLA because the objective function has been evaluated MAXFUN times.,2.7756305666581116,1.814648641257814,0.9609819254002976,1.814648641257814,0.12325223194065064,1.1714230664188896,0.5199733428982736,1.6913964093171632,0.012097579846095531,0.010322044917154632,0.8532322206979317,66.06891606614306,1.8199971817840352,0.1,0.9705780542306359,1.1291752882057347,False,0.012097579846095547,0.0005094930363282041,True,True,0.9999999999999987,12.350453738123178,157.5703125,SUCCESS,,False,d7edcf4ca084e975b0b8d916d003c9c772e9c801b06175ee7112ef86cdea99f3,018e499280521e6e6764118d14af76ed4cee74fd501addf4dd69087da5bcc557,False,
phase3-a6060d6852de16baa56547cc,PHASE_3_EMPIRICAL_DILUTION_SCALING,PREREGISTERED_EMPIRICAL_DILUTION_SCALING,PRIMARY_MATRIX,development,task-p3-aa28a19affb4eca6,g-8e75832e853cc6ea,phase3-m14-b01-g-8e75832e853cc6ea,14,9,14,16384,7,3,3,0.4285714285714285,0.00018310546875,3.737298684576074,O0,MEAN_ENERGY,STANDARD_BASELINE,3,"[1103, 2207, 3301]",,2207.0,phase3-3fbed798b31192d1a4d81012,"[5.447557675302908, 4.13251332130717, 0.0, 2.419944761636038, 0.1333213118341043, 0.0]","[5.447557675302908, 4.13251332130717, 0.0, 2.419944761636038, 0.1333213118341043, 0.0]","[6.423733910100925, 4.285017352916729, 0.028255590878535596, 2.427293656692765, 0.13986434429592529, -0.02160931182328687]","[6.423733910100925, 4.285017352916729, 0.028255590878535596, 2.427293656692765, 0.13986434429592529, -0.02160931182328687]",COBYLA,240,240,240,241,3,Return from COBYLA because the objective function has been evaluated MAXFUN times.,1.5905309660169642,1.424097718021562,0.16643324799540227,1.424097718021562,0.08750655105732914,1.0955072842630462,0.2410838827011864,1.3365911669642327,0.02335504352895701,0.014922527752821699,0.6389424080635875,127.54967772614388,2.105679365635466,0.1,0.8498758161941045,1.1082627158877183,False,0.023355043528956967,0.002371680842124302,True,True,1.0000000000000018,17.945145132020116,157.62109375,SUCCESS,,False,d7edcf4ca084e975b0b8d916d003c9c772e9c801b06175ee7112ef86cdea99f3,018e499280521e6e6764118d14af76ed4cee74fd501addf4dd69087da5bcc557,False,
phase3-e599af4a8cae280d5e434536,PHASE_3_EMPIRICAL_DILUTION_SCALING,PREREGISTERED_EMPIRICAL_DILUTION_SCALING,PRIMARY_MATRIX,development,task-p3-aa28a19affb4eca6,g-8e75832e853cc6ea,phase3-m14-b01-g-8e75832e853cc6ea,14,9,14,16384,7,3,3,0.4285714285714285,0.00018310546875,3.737298684576074,O2,EXACT_FEASIBILITY_CAPACITY_CONTROL,STATEVECTOR_MECHANISTIC_CAPACITY_CONTROL,3,"[1103, 2207, 3301]",,2207.0,phase3-3fbed798b31192d1a4d81012,"[5.447557675302908, 4.13251332130717, 0.0, 2.419944761636038, 0.1333213118341043, 0.0]","[5.447557675302908, 4.13251332130717, 0.0, 2.419944761636038, 0.1333213118341043, 0.0]","[6.980762877777092, 4.537932835119867, -0.4303007212917199, 2.5470726462570386, 0.11005084072897282, 0.08525833911213941]","[6.980762877777092, 4.537932835119867, -0.4303007212917199, 2.5470726462570386, 0.11005084072897282, 0.08525833911213941]",COBYLA,240,240,240,241,3,Return from COBYLA because the objective function has been evaluated MAXFUN times.,0.983612886980767,0.9569588501157578,0.026654036865009223,1.5222530993848762,0.10155372853238769,1.0706954024668622,0.3500039683856263,1.4206993708524887,0.04304114988424228,0.02281702492061175,0.5301211743175396,235.0620665678085,2.3711825499693138,0.1,0.6533339615336897,1.1090747856931717,False,0.04304114988424237,0.00145012405063992,True,True,0.9999999999999978,8.656719215214252,157.62109375,SUCCESS,,False,d7edcf4ca084e975b0b8d916d003c9c772e9c801b06175ee7112ef86cdea99f3,018e499280521e6e6764118d14af76ed4cee74fd501addf4dd69087da5bcc557,False,
phase3-d10844fafd51119b66a03aee,PHASE_3_EMPIRICAL_DILUTION_SCALING,PREREGISTERED_EMPIRICAL_DILUTION_SCALING,PRIMARY_MATRIX,development,task-p3-aa28a19affb4eca6,g-8e75832e853cc6ea,phase3-m14-b01-g-8e75832e853cc6ea,14,9,14,16384,7,3,3,0.4285714285714285,0.00018310546875,3.737298684576074,O3,CVAR_ENERGY,TAIL_FOCUSED_ROUTING_OBJECTIVE,3,"[1103, 2207, 3301]",,2207.0,phase3-3fbed798b31192d1a4d81012,"[5.447557675302908, 4.13251332130717, 0.0, 2.419944761636038, 0.1333213118341043, 0.0]","[5.447557675302908, 4.13251332130717, 0.0, 2.419944761636038, 0.1333213118341043, 0.0]","[6.927840494862626, 4.496294549633924, -0.4038872898840117, 2.5264979502255347, 0.10411077698840579, 0.09162922458871454]","[6.927840494862626, 4.496294549633924, -0.4038872898840117, 2.5264979502255347, 0.10411077698840579, 0.09162922458871454]",COBYLA,240,240,240,241,3,Return from COBYLA because the objective function has been evaluated MAXFUN times.,0.9305155031020204,0.6623229798182134,0.26819252328380694,1.5034226612811776,0.09921564468636015,1.0708682185596645,0.33333879803515304,1.4042070165948177,0.04206792198409248,0.02314767162420673,0.5502451876030331,229.7469445957904,2.361249744415008,0.1,0.6623229798182134,1.1090747856931717,False,0.04206792198409237,0.0030112969634837478,True,True,1.0000000000000027,6.216174700297415,157.62109375,SUCCESS,,False,d7edcf4ca084e975b0b8d916d003c9c772e9c801b06175ee7112ef86cdea99f3,018e499280521e6e6764118d14af76ed4cee74fd501addf4dd69087da5bcc557,False,
phase3-ad8dda2e57b96aaabee671b5,PHASE_3_EMPIRICAL_DILUTION_SCALING,PREREGISTERED_EMPIRICAL_DILUTION_SCALING,PRIMARY_MATRIX,development,task-p3-72fdfc97535973f5,g-8e75832e853cc6ea,phase3-m14-b01-g-8e75832e853cc6ea,14,9,14,16384,7,2,2,0.2857142857142857,0.0001220703125,3.9133899436317554,P2_O0,MEAN_ENERGY_PREPARATION,COMMON_INITIALIZATION_PREPARATION,2,"[1103, 2207, 3301]",1103.0,1103.0,phase3-ad8dda2e57b96aaabee671b5,,"[1.4361119332668082, 4.6766136583430296, 1.8287983773432719, 0.554097077555417]","[2.313214603035546, 4.517133803712368, 3.2278850630670406, -0.8002518235018141]","[2.313214603035546, 4.517133803712368, 3.2278850630670406, -0.8002518235018141]",COBYLA,120,120,120,121,3,Return from COBYLA because the objective function has been evaluated MAXFUN times.,2.8050786341030594,1.5753459418748597,1.2297326922281997,1.5753459418748597,0.07361652797330223,1.1191826298464773,0.3825467840550801,1.5017294139015573,0.009111184502880846,0.007727601165431801,0.8481445154566266,74.63882344759989,1.8729647848884663,0.1,0.9757068923558323,1.0789240319243276,False,0.009111184502880848,0.01109225673540766,True,True,0.9999999999999998,19.3767852159217,157.375,SUCCESS,,False,d7edcf4ca084e975b0b8d916d003c9c772e9c801b06175ee7112ef86cdea99f3,018e499280521e6e6764118d14af76ed4cee74fd501addf4dd69087da5bcc557,False,
phase3-fdb5b347ac58b0786f2cb5f5,PHASE_3_EMPIRICAL_DILUTION_SCALING,PREREGISTERED_EMPIRICAL_DILUTION_SCALING,PRIMARY_MATRIX,development,task-p3-72fdfc97535973f5,g-8e75832e853cc6ea,phase3-m14-b01-g-8e75832e853cc6ea,14,9,14,16384,7,2,2,0.2857142857142857,0.0001220703125,3.9133899436317554,P2_O0,MEAN_ENERGY_PREPARATION,COMMON_INITIALIZATION_PREPARATION,2,"[1103, 2207, 3301]",2207.0,1103.0,phase3-ad8dda2e57b96aaabee671b5,,"[4.119365739193051, 4.0465795222369225, 1.5369649905613294, 0.28561357469155796]","[5.328739868588253, 4.074555752619536, 2.3817326334652624, 0.13306447004723934]","[5.328739868588253, 4.074555752619536, 2.3817326334652624, 0.13306447004723934]",COBYLA,120,120,120,121,3,Return from COBYLA because the objective function has been evaluated MAXFUN times.,2.6558184316928837,1.6412740226656213,1.0145444090272624,1.6412740226656213,0.09919149808032766,1.1256393920247747,0.41644313256051907,1.5420825245852936,0.015628543403574783,0.01368547883434289,0.8756720623889078,128.02902756208462,2.1073084468417282,0.1,0.9281483590273144,1.1110432413881735,False,0.015628543403574766,0.0009395773737415902,True,True,1.000000000000001,13.979482643306255,157.4453125,SUCCESS,,False,d7edcf4ca084e975b0b8d916d003c9c772e9c801b06175ee7112ef86cdea99f3,018e499280521e6e6764118d14af76ed4cee74fd501addf4dd69087da5bcc557,False,
phase3-5404da33f15362fc93807afb,PHASE_3_EMPIRICAL_DILUTION_SCALING,PREREGISTERED_EMPIRICAL_DILUTION_SCALING,PRIMARY_MATRIX,development,task-p3-72fdfc97535973f5,g-8e75832e853cc6ea,phase3-m14-b01-g-8e75832e853cc6ea,14,9,14,16384,7,2,2,0.2857142857142857,0.0001220703125,3.9133899436317554,P2_O0,MEAN_ENERGY_PREPARATION,COMMON_INITIALIZATION_PREPARATION,2,"[1103, 2207, 3301]",3301.0,1103.0,phase3-ad8dda2e57b96aaabee671b5,,"[2.8746040698350956, 3.2295534178963874, 1.3381083226815658, 0.4324890662459698]","[4.878650216554285, 3.808410450518979, 2.370833412684943, 0.15039047962252958]","[4.878650216554285, 3.808410450518979, 2.370833412684943, 0.15039047962252958]",COBYLA,120,120,120,121,3,Return from COBYLA because the objective function has been evaluated MAXFUN times.,2.8360703148244495,1.7344976839643118,1.1015726308601377,1.7344976839643118,0.10838695952074855,1.1397776277034994,0.4863330967400638,1.6261107244435633,0.01523609882918645,0.014190208031581176,0.931354422852538,124.8141216086954,2.096263724687553,0.1,0.933711295937308,1.1191250369494532,False,0.015236098829186433,0.0006575403972935989,True,True,1.000000000000001,14.966682870872319,157.4453125,SUCCESS,,False,d7edcf4ca084e975b0b8d916d003c9c772e9c801b06175ee7112ef86cdea99f3,018e499280521e6e6764118d14af76ed4cee74fd501addf4dd69087da5bcc557,False,
phase3-e2b42710fa05a4546720676c,PHASE_3_EMPIRICAL_DILUTION_SCALING,PREREGISTERED_EMPIRICAL_DILUTION_SCALING,PRIMARY_MATRIX,development,task-p3-72fdfc97535973f5,g-8e75832e853cc6ea,phase3-m14-b01-g-8e75832e853cc6ea,14,9,14,16384,7,2,2,0.2857142857142857,0.0001220703125,3.9133899436317554,O0,MEAN_ENERGY,STANDARD_BASELINE,3,"[1103, 2207, 3301]",,1103.0,phase3-ad8dda2e57b96aaabee671b5,"[2.313214603035546, 4.517133803712368, 0.0, 3.2278850630670406, -0.8002518235018141, 0.0]","[2.313214603035546, 4.517133803712368, 0.0, 3.2278850630670406, -0.8002518235018141, 0.0]","[2.243653253507885, 4.4641453019600545, 0.984783192692485, 3.186286791459257, -0.6026862247177615, -0.1980485201485978]","[2.243653253507885, 4.4641453019600545, 0.984783192692485, 3.186286791459257, -0.6026862247177615, -0.1980485201485978]",COBYLA,240,240,240,241,3,Return from COBYLA because the objective function has been evaluated MAXFUN times.,1.5753459418748597,1.4302598108101723,0.14508613106468737,1.4302598108101723,0.06839853668165567,1.0792832040093108,0.28257807011920577,1.3618612741285165,0.028260897663635355,0.023728718941321728,0.8396307585039877,231.51327366050083,2.364575896054836,0.1,0.7804834884161739,1.0738989062961868,False,0.028260897663635376,0.013083687796182825,True,True,0.9999999999999992,29.47905645892024,157.6171875,SUCCESS,,False,d7edcf4ca084e975b0b8d916d003c9c772e9c801b06175ee7112ef86cdea99f3,018e499280521e6e6764118d14af76ed4cee74fd501addf4dd69087da5bcc557,False,
phase3-d1184e1e5b4e70633885f7c6,PHASE_3_EMPIRICAL_DILUTION_SCALING,PREREGISTERED_EMPIRICAL_DILUTION_SCALING,PRIMARY_MATRIX,development,task-p3-72fdfc97535973f5,g-8e75832e853cc6ea,phase3-m14-b01-g-8e75832e853cc6ea,14,9,14,16384,7,2,2,0.2857142857142857,0.0001220703125,3.9133899436317554,O2,EXACT_FEASIBILITY_CAPACITY_CONTROL,STATEVECTOR_MECHANISTIC_CAPACITY_CONTROL,3,"[1103, 2207, 3301]",,1103.0,phase3-ad8dda2e57b96aaabee671b5,"[2.313214603035546, 4.517133803712368, 0.0, 3.2278850630670406, -0.8002518235018141, 0.0]","[2.313214603035546, 4.517133803712368, 0.0, 3.2278850630670406, -0.8002518235018141, 0.0]","[2.975450331481655, 4.542740129017203, -1.379463281457836, 3.144691839107727, -0.6328746493040392, 0.19794974674891494]","[2.975450331481655, 4.542740129017203, -1.379463281457836, 3.144691839107727, -0.6328746493040392, 0.19794974674891494]",COBYLA,240,240,240,241,3,Return from COBYLA because the objective function has been evaluated MAXFUN times.,0.9908888154971192,0.9554406588830245,0.03544815661409462,1.567479143712755,0.09109372847482197,1.0531224844637992,0.42326293077413407,1.4763854152379332,0.044559341116975494,0.03423066197167133,0.768203952608058,365.03012243026325,2.5623287040878826,0.1,0.621404743988222,1.0789240319243276,False,0.04455934111697542,0.008635221514825875,True,True,1.0000000000000018,5.708707731217146,157.69140625,SUCCESS,,False,d7edcf4ca084e975b0b8d916d003c9c772e9c801b06175ee7112ef86cdea99f3,018e499280521e6e6764118d14af76ed4cee74fd501addf4dd69087da5bcc557,False,
phase3-0a4b8d7f209f036c077fdfbd,PHASE_3_EMPIRICAL_DILUTION_SCALING,PREREGISTERED_EMPIRICAL_DILUTION_SCALING,PRIMARY_MATRIX,development,task-p3-72fdfc97535973f5,g-8e75832e853cc6ea,phase3-m14-b01-g-8e75832e853cc6ea,14,9,14,16384,7,2,2,0.2857142857142857,0.0001220703125,3.9133899436317554,O3,CVAR_ENERGY,TAIL_FOCUSED_ROUTING_OBJECTIVE,3,"[1103, 2207, 3301]",,1103.0,phase3-ad8dda2e57b96aaabee671b5,"[2.313214603035546, 4.517133803712368, 0.0, 3.2278850630670406, -0.8002518235018141, 0.0]","[2.313214603035546, 4.517133803712368, 0.0, 3.2278850630670406, -0.8002518235018141, 0.0]","[2.8655135457830645, 4.395437544653071, -1.2406219785209576, 3.17765374073774, -0.6742995196633694, 0.2003200249599446]","[2.8655135457830645, 4.395437544653071, -1.2406219785209576, 3.17765374073774, -0.6742995196633694, 0.2003200249599446]",COBYLA,240,240,240,241,3,Return from COBYLA because the objective function has been evaluated MAXFUN times.,0.9757068923558323,0.6313669761453651,0.3443399162104672,1.555426051967087,0.08856526073495054,1.0539138033936868,0.4129469878384498,1.4668607912321368,0.043499972994480086,0.03379331152908753,0.7768582185873016,356.35177877078087,2.5518789309691075,0.1,0.6313669761453651,1.0789240319243276,False,0.043499972994480086,0.00477995939252808,True,True,1.0,5.268860459327698,157.69140625,SUCCESS,,False,d7edcf4ca084e975b0b8d916d003c9c772e9c801b06175ee7112ef86cdea99f3,018e499280521e6e6764118d14af76ed4cee74fd501addf4dd69087da5bcc557,False,
phase3-3e7bdb786500b25b58c4ba43,PHASE_3_EMPIRICAL_DILUTION_SCALING,PREREGISTERED_EMPIRICAL_DILUTION_SCALING,PRIMARY_MATRIX,development,task-p3-f12b9c09c4ad922c,g-8e75832e853cc6ea,phase3-m14-b01-g-8e75832e853cc6ea,14,9,14,16384,7,1,1,0.1428571428571428,6.103515625e-05,4.214419939295737,P2_O0,MEAN_ENERGY_PREPARATION,COMMON_INITIALIZATION_PREPARATION,2,"[1103, 2207, 3301]",1103.0,1103.0,phase3-3e7bdb786500b25b58c4ba43,,"[1.4361119332668082, 4.6766136583430296, 1.8287983773432719, 0.554097077555417]","[4.073573086883425, 4.7506056098145635, 2.8129505002432196, -0.5383318377209055]","[4.073573086883425, 4.7506056098145635, 2.8129505002432196, -0.5383318377209055]",COBYLA,120,120,120,121,3,Return from COBYLA because the objective function has been evaluated MAXFUN times.,3.1922833044234973,1.9595153024481142,1.232768001975383,1.9595153024481142,0.06112283418288497,1.096880788578644,0.8015116796865849,1.8983924682652287,0.01600117228583361,0.01600117228583361,1.0,262.1632067310979,2.41857174061533,0.1,0.8999249085929951,1.0638486550399056,False,0.01600117228583361,0.03344567573031362,True,True,1.0,14.609337322413921,157.359375,SUCCESS,,False,d7edcf4ca084e975b0b8d916d003c9c772e9c801b06175ee7112ef86cdea99f3,018e499280521e6e6764118d14af76ed4cee74fd501addf4dd69087da5bcc557,False,
phase3-2a45189f643f28aec2306336,PHASE_3_EMPIRICAL_DILUTION_SCALING,PREREGISTERED_EMPIRICAL_DILUTION_SCALING,PRIMARY_MATRIX,development,task-p3-f12b9c09c4ad922c,g-8e75832e853cc6ea,phase3-m14-b01-g-8e75832e853cc6ea,14,9,14,16384,7,1,1,0.1428571428571428,6.103515625e-05,4.214419939295737,P2_O0,MEAN_ENERGY_PREPARATION,COMMON_INITIALIZATION_PREPARATION,2,"[1103, 2207, 3301]",2207.0,1103.0,phase3-3e7bdb786500b25b58c4ba43,,"[4.119365739193051, 4.0465795222369225, 1.5369649905613294, 0.28561357469155796]","[5.032825323828418, 4.054173670703077, 2.832996747507123, -0.5047653014656348]","[5.032825323828418, 4.054173670703077, 2.832996747507123, -0.5047653014656348]",COBYLA,120,120,120,121,3,Return from COBYLA because the objective function has been evaluated MAXFUN times.,2.8942047399172677,1.9722700531523665,0.9219346867649012,1.9722700531523665,0.06424977430302883,1.0997046826050407,0.808315596244297,1.9080202788493377,0.01576497799548996,0.01576497799548996,1.0,258.2933994781075,2.412113308198629,0.1,0.9023217327975022,1.0638486550399056,False,0.01576497799548998,0.03397308824020241,True,True,0.9999999999999988,13.51461167447269,157.4296875,SUCCESS,,False,d7edcf4ca084e975b0b8d916d003c9c772e9c801b06175ee7112ef86cdea99f3,018e499280521e6e6764118d14af76ed4cee74fd501addf4dd69087da5bcc557,False,
phase3-71d033e85a243141b60626b2,PHASE_3_EMPIRICAL_DILUTION_SCALING,PREREGISTERED_EMPIRICAL_DILUTION_SCALING,PRIMARY_MATRIX,development,task-p3-f12b9c09c4ad922c,g-8e75832e853cc6ea,phase3-m14-b01-g-8e75832e853cc6ea,14,9,14,16384,7,1,1,0.1428571428571428,6.103515625e-05,4.214419939295737,P2_O0,MEAN_ENERGY_PREPARATION,COMMON_INITIALIZATION_PREPARATION,2,"[1103, 2207, 3301]",3301.0,1103.0,phase3-3e7bdb786500b25b58c4ba43,,"[2.8746040698350956, 3.2295534178963874, 1.3381083226815658, 0.4324890662459698]","[4.869754845376776, 2.7749843948424817, 2.768632188920599, -0.43639914689213416]","[4.869754845376776, 2.7749843948424817, 2.768632188920599, -0.43639914689213416]",COBYLA,120,120,120,121,3,Return from COBYLA because the objective function has been evaluated MAXFUN times.,3.1050617057966177,1.98360121053419,1.1214604952624276,1.98360121053419,0.06723486982838393,1.09236962698147,0.8239967137243361,1.916366340705806,0.010368796788562767,0.010368796788562767,1.0,169.88236658381237,2.2301483023959414,0.1,0.9568442262957463,1.0638486550399056,False,0.01036879678856276,0.0413215795895024,True,True,1.0000000000000007,14.5930983601138,157.4296875,SUCCESS,,False,d7edcf4ca084e975b0b8d916d003c9c772e9c801b06175ee7112ef86cdea99f3,018e499280521e6e6764118d14af76ed4cee74fd501addf4dd69087da5bcc557,False,
phase3-f42c0f8c4021537106cdc881,PHASE_3_EMPIRICAL_DILUTION_SCALING,PREREGISTERED_EMPIRICAL_DILUTION_SCALING,PRIMARY_MATRIX,development,task-p3-f12b9c09c4ad922c,g-8e75832e853cc6ea,phase3-m14-b01-g-8e75832e853cc6ea,14,9,14,16384,7,1,1,0.1428571428571428,6.103515625e-05,4.214419939295737,O0,MEAN_ENERGY,STANDARD_BASELINE,3,"[1103, 2207, 3301]",,1103.0,phase3-3e7bdb786500b25b58c4ba43,"[4.073573086883425, 4.7506056098145635, 0.0, 2.8129505002432196, -0.5383318377209055, 0.0]","[4.073573086883425, 4.7506056098145635, 0.0, 2.8129505002432196, -0.5383318377209055, 0.0]","[3.889108239508434, 6.102147172518332, -1.1446021156727353, 2.5872999093708127, -0.5525098438677102, 0.2238689143054142]","[3.889108239508434, 6.102147172518332, -1.1446021156727353, 2.5872999093708127, -0.5525098438677102, 0.2238689143054142]",COBYLA,240,240,240,241,3,Return from COBYLA because the objective function has been evaluated MAXFUN times.,1.9595153024481142,1.6664992211151406,0.29301608133297363,1.6664992211151406,0.04763754809625611,1.0275208015759378,0.5913408714429462,1.618861673018884,0.050632099068846095,0.050632099068846095,1.0,829.5563111439744,2.9188458717214916,0.1,0.5507065434858648,1.0588235294117647,False,0.050632099068845936,0.04936790093115407,True,True,1.000000000000003,29.990079509094357,157.6171875,SUCCESS,,False,d7edcf4ca084e975b0b8d916d003c9c772e9c801b06175ee7112ef86cdea99f3,018e499280521e6e6764118d14af76ed4cee74fd501addf4dd69087da5bcc557,False,
phase3-e4f9e7df8c6f494c93baa7dc,PHASE_3_EMPIRICAL_DILUTION_SCALING,PREREGISTERED_EMPIRICAL_DILUTION_SCALING,PRIMARY_MATRIX,development,task-p3-f12b9c09c4ad922c,g-8e75832e853cc6ea,phase3-m14-b01-g-8e75832e853cc6ea,14,9,14,16384,7,1,1,0.1428571428571428,6.103515625e-05,4.214419939295737,O2,EXACT_FEASIBILITY_CAPACITY_CONTROL,STATEVECTOR_MECHANISTIC_CAPACITY_CONTROL,3,"[1103, 2207, 3301]",,1103.0,phase3-3e7bdb786500b25b58c4ba43,"[4.073573086883425, 4.7506056098145635, 0.0, 2.8129505002432196, -0.5383318377209055, 0.0]","[4.073573086883425, 4.7506056098145635, 0.0, 2.8129505002432196, -0.5383318377209055, 0.0]","[3.8917888169368853, 5.669986559765879, 0.8621590574049626, 2.7314792864408393, -0.37776988521868465, -0.17035626475177928]","[3.8917888169368853, 5.669986559765879, 0.8621590574049626, 2.7314792864408393, -0.37776988521868465, -0.17035626475177928]",COBYLA,240,240,240,241,3,Return from COBYLA because the objective function has been evaluated MAXFUN times.,0.9839988277141664,0.9654823089315434,0.018516518782622948,1.7908966952328753,0.05375750383133336,1.0647839459093231,0.6723552454922191,1.737139191401542,0.034517691068456556,0.034517691068456556,1.0,565.5378504655922,2.7524616768092023,0.1,0.7124222253106408,1.0588235294117647,False,0.03451769106845661,0.06548230893154339,True,True,0.9999999999999984,4.75003020837903,157.69140625,SUCCESS,,False,d7edcf4ca084e975b0b8d916d003c9c772e9c801b06175ee7112ef86cdea99f3,018e499280521e6e6764118d14af76ed4cee74fd501addf4dd69087da5bcc557,False,
phase3-9e336ed9ded0c043325ec4c7,PHASE_3_EMPIRICAL_DILUTION_SCALING,PREREGISTERED_EMPIRICAL_DILUTION_SCALING,PRIMARY_MATRIX,development,task-p3-f12b9c09c4ad922c,g-8e75832e853cc6ea,phase3-m14-b01-g-8e75832e853cc6ea,14,9,14,16384,7,1,1,0.1428571428571428,6.103515625e-05,4.214419939295737,O3,CVAR_ENERGY,TAIL_FOCUSED_ROUTING_OBJECTIVE,3,"[1103, 2207, 3301]",,1103.0,phase3-3e7bdb786500b25b58c4ba43,"[4.073573086883425, 4.7506056098145635, 0.0, 2.8129505002432196, -0.5383318377209055, 0.0]","[4.073573086883425, 4.7506056098145635, 0.0, 2.8129505002432196, -0.5383318377209055, 0.0]","[3.9700566649204267, 5.575533588009741, -1.6015910767700583, 2.7051509461175227, -0.3821914302372818, 0.25881574447301514]","[3.9700566649204267, 5.575533588009741, -1.6015910767700583, 2.7051509461175227, -0.3821914302372818, 0.25881574447301514]",COBYLA,240,240,240,241,3,Return from COBYLA because the objective function has been evaluated MAXFUN times.,0.8999249085929951,0.40197796167079247,0.49794694692220265,1.832934884445749,0.07566826895786333,1.0086100516851382,0.7486565638027475,1.757266615487886,0.06545238750125805,0.06545238750125805,1.0,1072.371916820612,3.0303454321948964,0.1,0.40197796167079247,1.0588235294117647,False,0.06545238750125801,0.034547612498742,True,True,1.0000000000000007,4.032807670533657,157.69140625,SUCCESS,,False,d7edcf4ca084e975b0b8d916d003c9c772e9c801b06175ee7112ef86cdea99f3,018e499280521e6e6764118d14af76ed4cee74fd501addf4dd69087da5bcc557,False,
phase3-8557a78798f91b825316b2ff,PHASE_3_EMPIRICAL_DILUTION_SCALING,PREREGISTERED_EMPIRICAL_DILUTION_SCALING,PRIMARY_MATRIX,development,task-p3-e41f24ea719a60d1,g-22d56a3beb2cd856,phase3-m14-b02-g-22d56a3beb2cd856,14,9,14,16384,8,8,8,1.0,0.00048828125,3.311329952303793,P2_O0,MEAN_ENERGY_PREPARATION,COMMON_INITIALIZATION_PREPARATION,2,"[1103, 2207, 3301]",1103.0,2207.0,phase3-019f9646b00d2cc2f3709545,,"[1.4361119332668082, 4.6766136583430296, 1.8287983773432719, 0.554097077555417]","[2.1039891372898736, 4.727596255418619, 1.8088600682102058, 0.628956631460113]","[2.1039891372898736, 4.727596255418619, 1.8088600682102058, 0.628956631460113]",COBYLA,120,120,120,121,3,Return from COBYLA because the objective function has been evaluated MAXFUN times.,1.9750999533719829,1.9087496800306372,0.06635027334134569,1.9087496800306372,0.12260218665535443,1.4022787499386289,0.38386874343665417,1.786147493375283,0.00031743087776042126,0.00011946151021979233,0.3763386569782763,0.6500984376533427,-0.18702087767586706,0.1,1.1713285520843006,1.2402010050251255,False,0.0003174308777604215,0.00012012127745125722,True,True,0.9999999999999991,11.527419524267316,157.57421875,SUCCESS,,False,d7edcf4ca084e975b0b8d916d003c9c772e9c801b06175ee7112ef86cdea99f3,018e499280521e6e6764118d14af76ed4cee74fd501addf4dd69087da5bcc557,False,
phase3-019f9646b00d2cc2f3709545,PHASE_3_EMPIRICAL_DILUTION_SCALING,PREREGISTERED_EMPIRICAL_DILUTION_SCALING,PRIMARY_MATRIX,development,task-p3-e41f24ea719a60d1,g-22d56a3beb2cd856,phase3-m14-b02-g-22d56a3beb2cd856,14,9,14,16384,8,8,8,1.0,0.00048828125,3.311329952303793,P2_O0,MEAN_ENERGY_PREPARATION,COMMON_INITIALIZATION_PREPARATION,2,"[1103, 2207, 3301]",2207.0,2207.0,phase3-019f9646b00d2cc2f3709545,,"[4.119365739193051, 4.0465795222369225, 1.5369649905613294, 0.28561357469155796]","[5.810891019966289, 7.326282950285638, 2.3748525878310938, -0.5826187185906879]","[5.810891019966289, 7.326282950285638, 2.3748525878310938, -0.5826187185906879]",COBYLA,120,120,120,121,3,Return from COBYLA because the objective function has been evaluated MAXFUN times.,2.2298716931288967,1.321337257035834,0.9085344360930627,1.321337257035834,0.05361920128659055,1.159861413294195,0.10785664245504838,1.2677180557492436,0.0014224316404322966,0.0003679704032470599,0.25869109824865016,2.9131399996053435,0.4643613564419681,0.1,1.0562850633892846,1.076716917922948,False,0.0014224316404322986,0.0006253275065392777,True,True,0.9999999999999987,8.773282716050744,157.57421875,SUCCESS,,False,d7edcf4ca084e975b0b8d916d003c9c772e9c801b06175ee7112ef86cdea99f3,018e499280521e6e6764118d14af76ed4cee74fd501addf4dd69087da5bcc557,False,
phase3-e93623c22d23d91c8f06656e,PHASE_3_EMPIRICAL_DILUTION_SCALING,PREREGISTERED_EMPIRICAL_DILUTION_SCALING,PRIMARY_MATRIX,development,task-p3-e41f24ea719a60d1,g-22d56a3beb2cd856,phase3-m14-b02-g-22d56a3beb2cd856,14,9,14,16384,8,8,8,1.0,0.00048828125,3.311329952303793,P2_O0,MEAN_ENERGY_PREPARATION,COMMON_INITIALIZATION_PREPARATION,2,"[1103, 2207, 3301]",3301.0,2207.0,phase3-019f9646b00d2cc2f3709545,,"[2.8746040698350956, 3.2295534178963874, 1.3381083226815658, 0.4324890662459698]","[2.2271105114953724, 5.053396335065703, 3.1706559596245993, -0.6396196252488462]","[2.2271105114953724, 5.053396335065703, 3.1706559596245993, -0.6396196252488462]",COBYLA,120,120,120,121,3,Return from COBYLA because the objective function has been evaluated MAXFUN times.,2.3027464245481606,1.360735819826275,0.9420106047218857,1.360735819826275,0.06668024841290943,1.1365693756870026,0.15748619572636324,1.2940555714133657,0.016967482777713552,0.0035315491996184816,0.20813630671587305,34.749404728757355,1.5409473693511628,0.1,0.9067545180200696,1.0968174204355108,False,0.016967482777713525,0.0021351120232859927,True,True,1.0000000000000013,6.100610150955617,157.57421875,SUCCESS,,False,d7edcf4ca084e975b0b8d916d003c9c772e9c801b06175ee7112ef86cdea99f3,018e499280521e6e6764118d14af76ed4cee74fd501addf4dd69087da5bcc557,False,
phase3-224596d3cc19d7dbad63db36,PHASE_3_EMPIRICAL_DILUTION_SCALING,PREREGISTERED_EMPIRICAL_DILUTION_SCALING,PRIMARY_MATRIX,development,task-p3-e41f24ea719a60d1,g-22d56a3beb2cd856,phase3-m14-b02-g-22d56a3beb2cd856,14,9,14,16384,8,8,8,1.0,0.00048828125,3.311329952303793,O0,MEAN_ENERGY,STANDARD_BASELINE,3,"[1103, 2207, 3301]",,2207.0,phase3-019f9646b00d2cc2f3709545,"[5.810891019966289, 7.326282950285638, 0.0, 2.3748525878310938, -0.5826187185906879, 0.0]","[5.810891019966289, 7.326282950285638, 0.0, 2.3748525878310938, -0.5826187185906879, 0.0]","[6.553229907814776, 6.9284543422846925, -0.5476904010159613, 2.6077074047209767, -0.3877863210192539, 0.16518692675975266]","[6.553229907814776, 6.9284543422846925, -0.5476904010159613, 2.6077074047209767, -0.3877863210192539, 0.16518692675975266]",COBYLA,240,240,240,241,3,Return from COBYLA because the objective function has been evaluated MAXFUN times.,1.321337257035834,1.1600647298187883,0.16127252721704566,1.1600647298187883,0.05394235856524048,1.0481912992395312,0.057931072014016545,1.1061223712535477,0.06926099350425552,0.012659286865535895,0.18277657054916613,141.8465146967153,2.151818669235995,0.1,0.37695555360183824,1.0716917922948073,False,0.06926099350425553,0.0004800619056693073,True,True,0.9999999999999998,27.112904674373567,157.62109375,SUCCESS,,False,d7edcf4ca084e975b0b8d916d003c9c772e9c801b06175ee7112ef86cdea99f3,018e499280521e6e6764118d14af76ed4cee74fd501addf4dd69087da5bcc557,False,
phase3-4439e5a69d4c597c06060ad0,PHASE_3_EMPIRICAL_DILUTION_SCALING,PREREGISTERED_EMPIRICAL_DILUTION_SCALING,PRIMARY_MATRIX,development,task-p3-e41f24ea719a60d1,g-22d56a3beb2cd856,phase3-m14-b02-g-22d56a3beb2cd856,14,9,14,16384,8,8,8,1.0,0.00048828125,3.311329952303793,O2,EXACT_FEASIBILITY_CAPACITY_CONTROL,STATEVECTOR_MECHANISTIC_CAPACITY_CONTROL,3,"[1103, 2207, 3301]",,2207.0,phase3-019f9646b00d2cc2f3709545,"[5.810891019966289, 7.326282950285638, 0.0, 2.3748525878310938, -0.5826187185906879, 0.0]","[5.810891019966289, 7.326282950285638, 0.0, 2.3748525878310938, -0.5826187185906879, 0.0]","[6.359636222979453, 7.28213704621132, -0.5093767216552083, 2.7523698703812873, 0.1739955359382266, -0.403400135215792]","[6.359636222979453, 7.28213704621132, -0.5093767216552083, 2.7523698703812873, 0.1739955359382266, -0.403400135215792]",COBYLA,240,240,240,241,3,Return from COBYLA because the objective function has been evaluated MAXFUN times.,0.9985775683595677,0.9185414996732617,0.08003606868630597,1.2351745351874244,0.06961287722809287,1.0317536490558594,0.1338080089034721,1.1655616579593313,0.08145850032673828,0.014197507683603556,0.17429129712253377,166.82700866916,2.2222663626472228,0.1,0.25723198194668784,1.076716917922948,False,0.0814585003267384,0.00010698728804919844,True,True,0.9999999999999987,4.2287412118166685,157.62109375,SUCCESS,,False,d7edcf4ca084e975b0b8d916d003c9c772e9c801b06175ee7112ef86cdea99f3,018e499280521e6e6764118d14af76ed4cee74fd501addf4dd69087da5bcc557,False,
phase3-cecbec539ef5ab4a2423e876,PHASE_3_EMPIRICAL_DILUTION_SCALING,PREREGISTERED_EMPIRICAL_DILUTION_SCALING,PRIMARY_MATRIX,development,task-p3-e41f24ea719a60d1,g-22d56a3beb2cd856,phase3-m14-b02-g-22d56a3beb2cd856,14,9,14,16384,8,8,8,1.0,0.00048828125,3.311329952303793,O3,CVAR_ENERGY,TAIL_FOCUSED_ROUTING_OBJECTIVE,3,"[1103, 2207, 3301]",,2207.0,phase3-019f9646b00d2cc2f3709545,"[5.810891019966289, 7.326282950285638, 0.0, 2.3748525878310938, -0.5826187185906879, 0.0]","[5.810891019966289, 7.326282950285638, 0.0, 2.3748525878310938, -0.5826187185906879, 0.0]","[6.390162198427346, 7.19355646414562, -0.4728235537554789, 2.759436551360171, 0.18735612070492025, -0.4230734547211684]","[6.390162198427346, 7.19355646414562, -0.4728235537554789, 2.759436551360171, 0.18735612070492025, -0.4230734547211684]",COBYLA,240,240,240,241,3,Return from COBYLA because the objective function has been evaluated MAXFUN times.,1.0562850633892846,0.26677189735154416,0.7895131660377405,1.2407171823381495,0.06949761134301109,1.032949232503146,0.1382703384919925,1.1712195709951385,0.08050854031430137,0.014045555080295088,0.17446043643894094,164.8814905636892,2.217171904903247,0.1,0.26677189735154416,1.076716917922948,False,0.08050854031430159,0.0001137389844657749,True,True,0.9999999999999973,3.9351137271150947,157.62109375,SUCCESS,,False,d7edcf4ca084e975b0b8d916d003c9c772e9c801b06175ee7112ef86cdea99f3,018e499280521e6e6764118d14af76ed4cee74fd501addf4dd69087da5bcc557,False,
phase3-e3034fc545270af519a506af,PHASE_3_EMPIRICAL_DILUTION_SCALING,PREREGISTERED_EMPIRICAL_DILUTION_SCALING,PRIMARY_MATRIX,development,task-p3-3c075f282cfb3fd5,g-22d56a3beb2cd856,phase3-m14-b02-g-22d56a3beb2cd856,14,9,14,16384,8,5,5,0.625,0.00030517578125,3.515449934959718,P2_O0,MEAN_ENERGY_PREPARATION,COMMON_INITIALIZATION_PREPARATION,2,"[1103, 2207, 3301]",1103.0,2207.0,phase3-58c912392f05571f0df2a981,,"[1.4361119332668082, 4.6766136583430296, 1.8287983773432719, 0.554097077555417]","[1.9667376887912593, 4.57327073916433, 2.2648149972893123, 0.10474600933358054]","[1.9667376887912593, 4.57327073916433, 2.2648149972893123, 0.10474600933358054]",COBYLA,120,120,120,121,3,Return from COBYLA because the objective function has been evaluated MAXFUN times.,2.1323842237010915,1.7579124306034426,0.3744717930976489,1.7579124306034426,0.10832353085969794,1.310534440635747,0.3390544591079975,1.6495888997437447,0.003992252194922431,0.0009390629730259163,0.23522135555971865,13.081811992321821,1.1166679032974054,0.1,1.1018686829028503,1.1835845896147403,False,0.003992252194922434,0.000681469279606231,True,True,0.9999999999999991,12.87454819213599,157.5703125,SUCCESS,,False,d7edcf4ca084e975b0b8d916d003c9c772e9c801b06175ee7112ef86cdea99f3,018e499280521e6e6764118d14af76ed4cee74fd501addf4dd69087da5bcc557,False,
phase3-58c912392f05571f0df2a981,PHASE_3_EMPIRICAL_DILUTION_SCALING,PREREGISTERED_EMPIRICAL_DILUTION_SCALING,PRIMARY_MATRIX,development,task-p3-3c075f282cfb3fd5,g-22d56a3beb2cd856,phase3-m14-b02-g-22d56a3beb2cd856,14,9,14,16384,8,5,5,0.625,0.00030517578125,3.515449934959718,P2_O0,MEAN_ENERGY_PREPARATION,COMMON_INITIALIZATION_PREPARATION,2,"[1103, 2207, 3301]",2207.0,2207.0,phase3-58c912392f05571f0df2a981,,"[4.119365739193051, 4.0465795222369225, 1.5369649905613294, 0.28561357469155796]","[2.5221871883726603, 6.273565778910613, 2.672246016910802, -0.5238796304713695]","[2.5221871883726603, 6.273565778910613, 2.672246016910802, -0.5238796304713695]",COBYLA,120,120,120,121,3,Return from COBYLA because the objective function has been evaluated MAXFUN times.,2.3443702070268655,1.4929212152088545,0.851448991818011,1.4929212152088545,0.06807742192171383,1.157294000220493,0.2675497930666476,1.4248437932871405,0.008775348848241235,0.0022628579377848746,0.2578652970859841,28.75506310591688,1.4587143250382963,0.1,0.9871746713539697,1.0917922948073702,False,0.008775348848241216,0.00900172142279855,True,True,1.0000000000000022,12.702608558349311,157.5703125,SUCCESS,,False,d7edcf4ca084e975b0b8d916d003c9c772e9c801b06175ee7112ef86cdea99f3,018e499280521e6e6764118d14af76ed4cee74fd501addf4dd69087da5bcc557,False,
phase3-d0d42b7f93242afb625c439a,PHASE_3_EMPIRICAL_DILUTION_SCALING,PREREGISTERED_EMPIRICAL_DILUTION_SCALING,PRIMARY_MATRIX,development,task-p3-3c075f282cfb3fd5,g-22d56a3beb2cd856,phase3-m14-b02-g-22d56a3beb2cd856,14,9,14,16384,8,5,5,0.625,0.00030517578125,3.515449934959718,P2_O0,MEAN_ENERGY_PREPARATION,COMMON_INITIALIZATION_PREPARATION,2,"[1103, 2207, 3301]",3301.0,2207.0,phase3-58c912392f05571f0df2a981,,"[2.8746040698350956, 3.2295534178963874, 1.3381083226815658, 0.4324890662459698]","[1.9818200712379774, 4.351728527332327, 2.2924671895096234, 0.10356462604199185]","[1.9818200712379774, 4.351728527332327, 2.2924671895096234, 0.10356462604199185]",COBYLA,120,120,120,121,3,Return from COBYLA because the objective function has been evaluated MAXFUN times.,2.478835059953917,1.757309712353306,0.7215253476006112,1.757309712353306,0.10794319785409809,1.3049291121614157,0.34443740233779213,1.649366514499208,0.004116081281616935,0.0009739640220119899,0.23662409835341836,13.487575143602374,1.1299338772914085,0.1,1.0982512869852223,1.1835845896147403,False,0.004116081281616935,8.876161097894075e-05,True,True,0.9999999999999999,11.503407835029066,157.5703125,SUCCESS,,False,d7edcf4ca084e975b0b8d916d003c9c772e9c801b06175ee7112ef86cdea99f3,018e499280521e6e6764118d14af76ed4cee74fd501addf4dd69087da5bcc557,False,
phase3-5c8a534186325c6868a50992,PHASE_3_EMPIRICAL_DILUTION_SCALING,PREREGISTERED_EMPIRICAL_DILUTION_SCALING,PRIMARY_MATRIX,development,task-p3-3c075f282cfb3fd5,g-22d56a3beb2cd856,phase3-m14-b02-g-22d56a3beb2cd856,14,9,14,16384,8,5,5,0.625,0.00030517578125,3.515449934959718,O0,MEAN_ENERGY,STANDARD_BASELINE,3,"[1103, 2207, 3301]",,2207.0,phase3-58c912392f05571f0df2a981,"[2.5221871883726603, 6.273565778910613, 0.0, 2.672246016910802, -0.5238796304713695, 0.0]","[2.5221871883726603, 6.273565778910613, 0.0, 2.672246016910802, -0.5238796304713695, 0.0]","[1.104755376353428, 6.778404619871621, 0.49546021608148066, 2.7893092107716773, -0.3500441291056866, -0.22253481983743317]","[1.104755376353428, 6.778404619871621, 0.49546021608148066, 2.7893092107716773, -0.3500441291056866, -0.22253481983743317]",COBYLA,240,240,240,241,3,Return from COBYLA because the objective function has been evaluated MAXFUN times.,1.4929212152088545,1.295431874319191,0.1974893408896634,1.295431874319191,0.05769654976152966,1.1076314227851953,0.13010390177246606,1.2377353245576614,0.029081680107195754,0.007451248644222171,0.25621795634766265,95.29484937525905,1.9790694279378707,0.1,0.7793576808644811,1.076716917922948,False,0.029081680107195734,0.0020804746294670884,True,True,1.0000000000000007,26.337195948697627,157.7734375,SUCCESS,,False,d7edcf4ca084e975b0b8d916d003c9c772e9c801b06175ee7112ef86cdea99f3,018e499280521e6e6764118d14af76ed4cee74fd501addf4dd69087da5bcc557,False,
phase3-c7b950c2de15b5ae3d3d4846,PHASE_3_EMPIRICAL_DILUTION_SCALING,PREREGISTERED_EMPIRICAL_DILUTION_SCALING,PRIMARY_MATRIX,development,task-p3-3c075f282cfb3fd5,g-22d56a3beb2cd856,phase3-m14-b02-g-22d56a3beb2cd856,14,9,14,16384,8,5,5,0.625,0.00030517578125,3.515449934959718,O2,EXACT_FEASIBILITY_CAPACITY_CONTROL,STATEVECTOR_MECHANISTIC_CAPACITY_CONTROL,3,"[1103, 2207, 3301]",,2207.0,phase3-58c912392f05571f0df2a981,"[2.5221871883726603, 6.273565778910613, 0.0, 2.672246016910802, -0.5238796304713695, 0.0]","[2.5221871883726603, 6.273565778910613, 0.0, 2.672246016910802, -0.5238796304713695, 0.0]","[1.6094148951017606, 5.485200765001996, -1.4192390292186894, 3.125657350214015, -0.5667269271648363, 0.19829665083317646]","[1.6094148951017606, 5.485200765001996, -1.4192390292186894, 3.125657350214015, -0.5667269271648363, 0.19829665083317646]",COBYLA,240,240,240,241,3,Return from COBYLA because the objective function has been evaluated MAXFUN times.,0.9912246511517587,0.9493024504092926,0.04192220074246611,1.35893145662394,0.07912987102558774,1.0823681496190076,0.19743343597934473,1.2798015855983524,0.050697549590707346,0.012252819886897075,0.2416846570656142,166.12573049882982,2.2204369036628324,0.1,0.5664576789370493,1.0917922948073702,False,0.05069754959070743,0.0011364716481466752,True,True,0.9999999999999983,5.216774202883244,157.7734375,SUCCESS,,False,d7edcf4ca084e975b0b8d916d003c9c772e9c801b06175ee7112ef86cdea99f3,018e499280521e6e6764118d14af76ed4cee74fd501addf4dd69087da5bcc557,False,
phase3-46b924109159eac4d7f32eb2,PHASE_3_EMPIRICAL_DILUTION_SCALING,PREREGISTERED_EMPIRICAL_DILUTION_SCALING,PRIMARY_MATRIX,development,task-p3-3c075f282cfb3fd5,g-22d56a3beb2cd856,phase3-m14-b02-g-22d56a3beb2cd856,14,9,14,16384,8,5,5,0.625,0.00030517578125,3.515449934959718,O3,CVAR_ENERGY,TAIL_FOCUSED_ROUTING_OBJECTIVE,3,"[1103, 2207, 3301]",,2207.0,phase3-58c912392f05571f0df2a981,"[2.5221871883726603, 6.273565778910613, 0.0, 2.672246016910802, -0.5238796304713695, 0.0]","[2.5221871883726603, 6.273565778910613, 0.0, 2.672246016910802, -0.5238796304713695, 0.0]","[1.4618001743615854, 5.733847416877574, -1.576832805868958, 3.1094838104498406, -0.5545438660944386, 0.20122869108711364]","[1.4618001743615854, 5.733847416877574, -1.576832805868958, 3.1094838104498406, -0.5545438660944386, 0.20122869108711364]",COBYLA,240,240,240,241,3,Return from COBYLA because the objective function has been evaluated MAXFUN times.,0.9871746713539697,0.5636199736662454,0.42355469768772436,1.3632482427759074,0.07921186681081775,1.085351044105901,0.1986853318591885,1.28403637596509,0.05095821161838272,0.012408763236774447,0.2435086091659091,166.9798678311165,2.2226641129625095,0.1,0.5636199736662454,1.0917922948073702,False,0.050958211618382654,0.003159342075951574,True,True,1.0000000000000013,6.623555513098836,157.7734375,SUCCESS,,False,d7edcf4ca084e975b0b8d916d003c9c772e9c801b06175ee7112ef86cdea99f3,018e499280521e6e6764118d14af76ed4cee74fd501addf4dd69087da5bcc557,False,
phase3-c72b150d2ee10ebe54bf9892,PHASE_3_EMPIRICAL_DILUTION_SCALING,PREREGISTERED_EMPIRICAL_DILUTION_SCALING,PRIMARY_MATRIX,development,task-p3-6814312a4e36f3ab,g-22d56a3beb2cd856,phase3-m14-b02-g-22d56a3beb2cd856,14,9,14,16384,8,4,4,0.5,0.000244140625,3.612359947967774,P2_O0,MEAN_ENERGY_PREPARATION,COMMON_INITIALIZATION_PREPARATION,2,"[1103, 2207, 3301]",1103.0,2207.0,phase3-97a075cf3d04c387466be8e0,,"[1.4361119332668082, 4.6766136583430296, 1.8287983773432719, 0.554097077555417]","[2.5624275789328634, 4.510978991004355, 2.2975374841569915, 0.1141911528872926]","[2.5624275789328634, 4.510978991004355, 2.2975374841569915, 0.1141911528872926]",COBYLA,120,120,120,121,3,Return from COBYLA because the objective function has been evaluated MAXFUN times.,2.556922914551734,1.9199507962258746,0.6369721183258594,1.9199507962258746,0.10872400379728578,1.294741140355244,0.5164856520733447,1.8112267924285892,0.003290413004918228,0.0006132387243922668,0.18637135322394177,13.477531668145062,1.1296103609632593,0.1,1.1010035939690184,1.1735343383584589,False,0.0032904130049182297,0.0004094935803077432,True,True,0.9999999999999994,14.87725664395839,157.5703125,SUCCESS,,False,d7edcf4ca084e975b0b8d916d003c9c772e9c801b06175ee7112ef86cdea99f3,018e499280521e6e6764118d14af76ed4cee74fd501addf4dd69087da5bcc557,False,
phase3-97a075cf3d04c387466be8e0,PHASE_3_EMPIRICAL_DILUTION_SCALING,PREREGISTERED_EMPIRICAL_DILUTION_SCALING,PRIMARY_MATRIX,development,task-p3-6814312a4e36f3ab,g-22d56a3beb2cd856,phase3-m14-b02-g-22d56a3beb2cd856,14,9,14,16384,8,4,4,0.5,0.000244140625,3.612359947967774,P2_O0,MEAN_ENERGY_PREPARATION,COMMON_INITIALIZATION_PREPARATION,2,"[1103, 2207, 3301]",2207.0,2207.0,phase3-97a075cf3d04c387466be8e0,,"[4.119365739193051, 4.0465795222369225, 1.5369649905613294, 0.28561357469155796]","[4.807800282614882, 4.078336685333692, 2.387604481491445, 0.12745023058312616]","[4.807800282614882, 4.078336685333692, 2.387604481491445, 0.12745023058312616]",COBYLA,120,120,120,121,3,Return from COBYLA because the objective function has been evaluated MAXFUN times.,2.5483770597696713,1.8216388926331462,0.7267381671365252,1.8216388926331462,0.09516527546252435,1.2220086905850873,0.5044649265855349,1.7264736171706219,0.005366784910403075,0.0012522694882166306,0.2333369995486885,21.982350993010996,1.3420741379824195,0.1,1.0609741293907626,1.1534338358458962,False,0.00536678491040308,0.0009142771553387885,True,True,0.9999999999999992,15.055847054347396,157.5703125,SUCCESS,,False,d7edcf4ca084e975b0b8d916d003c9c772e9c801b06175ee7112ef86cdea99f3,018e499280521e6e6764118d14af76ed4cee74fd501addf4dd69087da5bcc557,False,
phase3-792b4f71432f1e1193045a97,PHASE_3_EMPIRICAL_DILUTION_SCALING,PREREGISTERED_EMPIRICAL_DILUTION_SCALING,PRIMARY_MATRIX,development,task-p3-6814312a4e36f3ab,g-22d56a3beb2cd856,phase3-m14-b02-g-22d56a3beb2cd856,14,9,14,16384,8,4,4,0.5,0.000244140625,3.612359947967774,P2_O0,MEAN_ENERGY_PREPARATION,COMMON_INITIALIZATION_PREPARATION,2,"[1103, 2207, 3301]",3301.0,2207.0,phase3-97a075cf3d04c387466be8e0,,"[2.8746040698350956, 3.2295534178963874, 1.3381083226815658, 0.4324890662459698]","[3.6348745028215994, 2.01189806941537, 2.197716032362228, -0.1747748729117436]","[3.6348745028215994, 2.01189806941537, 2.197716032362228, -0.1747748729117436]",COBYLA,120,120,120,121,3,Return from COBYLA because the objective function has been evaluated MAXFUN times.,2.6780153096001755,1.838585129403545,0.8394301801966306,1.838585129403545,0.09555408426223494,1.2740462670659745,0.46898477807533545,1.74303104514131,0.0018803355766946594,0.0002037192761176823,0.10834197823124182,7.701854522141325,0.8865953111150746,0.1,1.0968502841174916,1.1534338358458962,False,0.0018803355766946596,0.001156976919841124,True,True,0.9999999999999998,13.742536622099578,157.5703125,SUCCESS,,False,d7edcf4ca084e975b0b8d916d003c9c772e9c801b06175ee7112ef86cdea99f3,018e499280521e6e6764118d14af76ed4cee74fd501addf4dd69087da5bcc557,False,
phase3-24b0d35974c6dbb441c135e2,PHASE_3_EMPIRICAL_DILUTION_SCALING,PREREGISTERED_EMPIRICAL_DILUTION_SCALING,PRIMARY_MATRIX,development,task-p3-6814312a4e36f3ab,g-22d56a3beb2cd856,phase3-m14-b02-g-22d56a3beb2cd856,14,9,14,16384,8,4,4,0.5,0.000244140625,3.612359947967774,O0,MEAN_ENERGY,STANDARD_BASELINE,3,"[1103, 2207, 3301]",,2207.0,phase3-97a075cf3d04c387466be8e0,"[4.807800282614882, 4.078336685333692, 0.0, 2.387604481491445, 0.12745023058312616, 0.0]","[4.807800282614882, 4.078336685333692, 0.0, 2.387604481491445, 0.12745023058312616, 0.0]","[6.234445349112894, 4.25500363887255, -0.02917759098511622, 2.457493314162824, 0.12304413940016991, 0.010039705571981538]","[6.234445349112894, 4.25500363887255, -0.02917759098511622, 2.457493314162824, 0.12304413940016991, 0.010039705571981538]",COBYLA,240,240,240,241,3,Return from COBYLA because the objective function has been evaluated MAXFUN times.,1.8216388926331462,1.5313827174574126,0.29025617517573354,1.5313827174574126,0.0763842544125833,1.15392783789244,0.30107062515238936,1.4549984630448296,0.015155902001342668,0.0038385777580761333,0.25327280142983716,62.07857459749957,1.7929417364146392,0.1,0.9411677326167295,1.1169179229480737,False,0.015155902001342677,0.002932512406973717,True,True,0.9999999999999993,22.485390129499137,157.7734375,SUCCESS,,False,d7edcf4ca084e975b0b8d916d003c9c772e9c801b06175ee7112ef86cdea99f3,018e499280521e6e6764118d14af76ed4cee74fd501addf4dd69087da5bcc557,False,
phase3-b1cdd2621969b66cf5de7663,PHASE_3_EMPIRICAL_DILUTION_SCALING,PREREGISTERED_EMPIRICAL_DILUTION_SCALING,PRIMARY_MATRIX,development,task-p3-6814312a4e36f3ab,g-22d56a3beb2cd856,phase3-m14-b02-g-22d56a3beb2cd856,14,9,14,16384,8,4,4,0.5,0.000244140625,3.612359947967774,O2,EXACT_FEASIBILITY_CAPACITY_CONTROL,STATEVECTOR_MECHANISTIC_CAPACITY_CONTROL,3,"[1103, 2207, 3301]",,2207.0,phase3-97a075cf3d04c387466be8e0,"[4.807800282614882, 4.078336685333692, 0.0, 2.387604481491445, 0.12745023058312616, 0.0]","[4.807800282614882, 4.078336685333692, 0.0, 2.387604481491445, 0.12745023058312616, 0.0]","[6.277210074710436, 4.916360396362936, -0.46564989751236985, 2.571803120765117, 0.11092272194503251, 0.07678210874642336]","[6.277210074710436, 4.916360396362936, -0.46564989751236985, 2.571803120765117, 0.11092272194503251, 0.07678210874642336]",COBYLA,240,240,240,241,3,Return from COBYLA because the objective function has been evaluated MAXFUN times.,0.9946332150895969,0.9683282549156706,0.02630496017392625,1.639097280241821,0.08896626124953341,1.136598932029902,0.4135320869623857,1.550131018992288,0.03167174508432933,0.008903825529722844,0.2811283529219965,129.72746786541293,2.1130319412296465,0.1,0.7764555521958946,1.1319932998324957,False,0.03167174508432932,0.0016036323310411882,True,True,1.0000000000000002,4.047382025979459,157.7734375,SUCCESS,,False,d7edcf4ca084e975b0b8d916d003c9c772e9c801b06175ee7112ef86cdea99f3,018e499280521e6e6764118d14af76ed4cee74fd501addf4dd69087da5bcc557,False,
phase3-5106d0a3145b9027920679c5,PHASE_3_EMPIRICAL_DILUTION_SCALING,PREREGISTERED_EMPIRICAL_DILUTION_SCALING,PRIMARY_MATRIX,development,task-p3-6814312a4e36f3ab,g-22d56a3beb2cd856,phase3-m14-b02-g-22d56a3beb2cd856,14,9,14,16384,8,4,4,0.5,0.000244140625,3.612359947967774,O3,CVAR_ENERGY,TAIL_FOCUSED_ROUTING_OBJECTIVE,3,"[1103, 2207, 3301]",,2207.0,phase3-97a075cf3d04c387466be8e0,"[4.807800282614882, 4.078336685333692, 0.0, 2.387604481491445, 0.12745023058312616, 0.0]","[4.807800282614882, 4.078336685333692, 0.0, 2.387604481491445, 0.12745023058312616, 0.0]","[6.4108061474090645, 4.839320081317878, -0.2818178741385744, 2.578311928972492, 0.09943269621285206, 0.06715338244758574]","[6.4108061474090645, 4.839320081317878, -0.2818178741385744, 2.578311928972492, 0.09943269621285206, 0.06715338244758574]",COBYLA,240,240,240,241,3,Return from COBYLA because the objective function has been evaluated MAXFUN times.,1.0609741293907626,0.7764306094962882,0.28454351989447446,1.608494278669906,0.08620193454375914,1.1281660714539667,0.39412627267218026,1.522292344126147,0.031410367959664835,0.0089023559346708,0.2834209375102715,128.65686716278717,2.1094329719790132,0.1,0.7764306094962882,1.1269681742043551,False,0.03141036795966484,0.00036248996507211306,True,True,0.9999999999999998,8.467788513749838,157.7734375,SUCCESS,,False,d7edcf4ca084e975b0b8d916d003c9c772e9c801b06175ee7112ef86cdea99f3,018e499280521e6e6764118d14af76ed4cee74fd501addf4dd69087da5bcc557,False,
phase3-ecf4c5ccbaa1237903519350,PHASE_3_EMPIRICAL_DILUTION_SCALING,PREREGISTERED_EMPIRICAL_DILUTION_SCALING,PRIMARY_MATRIX,development,task-p3-3085c55becb7a244,g-22d56a3beb2cd856,phase3-m14-b02-g-22d56a3beb2cd856,14,9,14,16384,8,3,3,0.375,0.00018310546875,3.737298684576074,P2_O0,MEAN_ENERGY_PREPARATION,COMMON_INITIALIZATION_PREPARATION,2,"[1103, 2207, 3301]",1103.0,2207.0,phase3-9aa690a62d16c47a46bfbdf6,,"[1.4361119332668082, 4.6766136583430296, 1.8287983773432719, 0.554097077555417]","[2.814284134931799, 4.520015357178603, 2.2979626532181987, 0.11214670024156374]","[2.814284134931799, 4.520015357178603, 2.2979626532181987, 0.11214670024156374]",COBYLA,120,120,120,121,3,Return from COBYLA because the objective function has been evaluated MAXFUN times.,2.615983670867598,1.9365470657112578,0.6794366051563401,1.9365470657112578,0.1070214170787681,1.2892644676668343,0.5402611809656552,1.8295256486324896,0.0027132932338687814,0.001889674877547538,0.6964506651767685,14.818198781235372,1.1707954164022953,0.1,1.1032396875209742,1.1685092127303183,False,0.002713293233868785,0.0005377356654044513,True,True,0.9999999999999989,14.384260865859687,157.57421875,SUCCESS,,False,d7edcf4ca084e975b0b8d916d003c9c772e9c801b06175ee7112ef86cdea99f3,018e499280521e6e6764118d14af76ed4cee74fd501addf4dd69087da5bcc557,False,
phase3-9aa690a62d16c47a46bfbdf6,PHASE_3_EMPIRICAL_DILUTION_SCALING,PREREGISTERED_EMPIRICAL_DILUTION_SCALING,PRIMARY_MATRIX,development,task-p3-3085c55becb7a244,g-22d56a3beb2cd856,phase3-m14-b02-g-22d56a3beb2cd856,14,9,14,16384,8,3,3,0.375,0.00018310546875,3.737298684576074,P2_O0,MEAN_ENERGY_PREPARATION,COMMON_INITIALIZATION_PREPARATION,2,"[1103, 2207, 3301]",2207.0,2207.0,phase3-9aa690a62d16c47a46bfbdf6,,"[4.119365739193051, 4.0465795222369225, 1.5369649905613294, 0.28561357469155796]","[4.9683872859366875, 3.9577771402344784, 2.4063231927502233, 0.13096064959815173]","[4.9683872859366875, 3.9577771402344784, 2.4063231927502233, 0.13096064959815173]",COBYLA,120,120,120,121,3,Return from COBYLA because the objective function has been evaluated MAXFUN times.,2.5745836172009797,1.7991746582240562,0.7754089589769235,1.7991746582240562,0.09108972923544427,1.2078021915141353,0.500282737474477,1.7080849289886122,0.0035587793046560727,0.0025489808276713856,0.7162514473253419,19.435680042495033,1.2885997409300396,0.1,1.073601410645189,1.1484087102177554,False,0.0035587793046560744,0.0012116956458589762,True,True,0.9999999999999996,14.995323651470244,157.57421875,SUCCESS,,False,d7edcf4ca084e975b0b8d916d003c9c772e9c801b06175ee7112ef86cdea99f3,018e499280521e6e6764118d14af76ed4cee74fd501addf4dd69087da5bcc557,False,
phase3-f8e7067ee589bc6f6a0ddfaf,PHASE_3_EMPIRICAL_DILUTION_SCALING,PREREGISTERED_EMPIRICAL_DILUTION_SCALING,PRIMARY_MATRIX,development,task-p3-3085c55becb7a244,g-22d56a3beb2cd856,phase3-m14-b02-g-22d56a3beb2cd856,14,9,14,16384,8,3,3,0.375,0.00018310546875,3.737298684576074,P2_O0,MEAN_ENERGY_PREPARATION,COMMON_INITIALIZATION_PREPARATION,2,"[1103, 2207, 3301]",3301.0,2207.0,phase3-9aa690a62d16c47a46bfbdf6,,"[2.8746040698350956, 3.2295534178963874, 1.3381083226815658, 0.4324890662459698]","[3.642848351754715, 2.045175155743297, 2.235816268238795, -0.17754226253224392]","[3.642848351754715, 2.045175155743297, 2.235816268238795, -0.17754226253224392]",COBYLA,120,120,120,121,3,Return from COBYLA because the objective function has been evaluated MAXFUN times.,2.7012077334672617,1.837878193432959,0.8633295400343026,1.837878193432959,0.09229415758354355,1.2657314456616273,0.47985259018778825,1.7455840358494155,0.0015656594627757466,0.0011358993182904195,0.725508544672027,8.550588212705945,0.9319959917744239,0.1,1.094656876702141,1.1484087102177554,False,0.0015656594627757449,0.0006183862211754376,True,True,1.000000000000001,13.368402889929712,157.578125,SUCCESS,,False,d7edcf4ca084e975b0b8d916d003c9c772e9c801b06175ee7112ef86cdea99f3,018e499280521e6e6764118d14af76ed4cee74fd501addf4dd69087da5bcc557,False,
phase3-7791ecf31ae435cbd9f74c80,PHASE_3_EMPIRICAL_DILUTION_SCALING,PREREGISTERED_EMPIRICAL_DILUTION_SCALING,PRIMARY_MATRIX,development,task-p3-3085c55becb7a244,g-22d56a3beb2cd856,phase3-m14-b02-g-22d56a3beb2cd856,14,9,14,16384,8,3,3,0.375,0.00018310546875,3.737298684576074,O0,MEAN_ENERGY,STANDARD_BASELINE,3,"[1103, 2207, 3301]",,2207.0,phase3-9aa690a62d16c47a46bfbdf6,"[4.9683872859366875, 3.9577771402344784, 0.0, 2.4063231927502233, 0.13096064959815173, 0.0]","[4.9683872859366875, 3.9577771402344784, 0.0, 2.4063231927502233, 0.13096064959815173, 0.0]","[6.589497465714006, 4.294415739389593, -0.0938028562283724, 2.4499573824873853, 0.1505048320404997, -0.017389259498884875]","[6.589497465714006, 4.294415739389593, -0.0938028562283724, 2.4499573824873853, 0.1505048320404997, -0.017389259498884875]",COBYLA,240,240,240,241,3,Return from COBYLA because the objective function has been evaluated MAXFUN times.,1.7991746582240562,1.5123532360927436,0.28682142213131256,1.5123532360927436,0.07136691044033468,1.1479305269892996,0.2930557986631088,1.4409863256524087,0.011666247462972493,0.00845768995489343,0.7249709027463455,63.71326614444711,1.8042298689676521,0.1,0.9705968340800393,1.1118927973199328,False,0.011666247462972483,0.00041428564971313087,True,True,1.0000000000000009,20.26499403268099,157.62890625,SUCCESS,,False,d7edcf4ca084e975b0b8d916d003c9c772e9c801b06175ee7112ef86cdea99f3,018e499280521e6e6764118d14af76ed4cee74fd501addf4dd69087da5bcc557,False,
phase3-93d035635efcb01d6bea6289,PHASE_3_EMPIRICAL_DILUTION_SCALING,PREREGISTERED_EMPIRICAL_DILUTION_SCALING,PRIMARY_MATRIX,development,task-p3-3085c55becb7a244,g-22d56a3beb2cd856,phase3-m14-b02-g-22d56a3beb2cd856,14,9,14,16384,8,3,3,0.375,0.00018310546875,3.737298684576074,O2,EXACT_FEASIBILITY_CAPACITY_CONTROL,STATEVECTOR_MECHANISTIC_CAPACITY_CONTROL,3,"[1103, 2207, 3301]",,2207.0,phase3-9aa690a62d16c47a46bfbdf6,"[4.9683872859366875, 3.9577771402344784, 0.0, 2.4063231927502233, 0.13096064959815173, 0.0]","[4.9683872859366875, 3.9577771402344784, 0.0, 2.4063231927502233, 0.13096064959815173, 0.0]","[6.104923436361931, 4.823132371646498, -0.10374306518368748, 2.585481925391628, 0.09026136300493985, 0.0726200189729672]","[6.104923436361931, 4.823132371646498, -0.10374306518368748, 2.585481925391628, 0.09026136300493985, 0.0726200189729672]",COBYLA,240,240,240,241,3,Return from COBYLA because the objective function has been evaluated MAXFUN times.,0.9964412206953439,0.9788296041938245,0.017611616501519434,1.7271527677669456,0.08996440118732404,1.1397705388118253,0.49741782776779614,1.6371883665796214,0.02117039580617558,0.014871692298630322,0.7024758740831916,115.6185882961269,2.0630276623324275,0.1,0.8843837037038967,1.1319932998324957,False,0.02117039580617564,0.0012916473599142997,True,True,0.9999999999999971,5.992134512402117,157.62890625,SUCCESS,,False,d7edcf4ca084e975b0b8d916d003c9c772e9c801b06175ee7112ef86cdea99f3,018e499280521e6e6764118d14af76ed4cee74fd501addf4dd69087da5bcc557,False,
phase3-17c2aab558d6a93a7d0a1a4c,PHASE_3_EMPIRICAL_DILUTION_SCALING,PREREGISTERED_EMPIRICAL_DILUTION_SCALING,PRIMARY_MATRIX,development,task-p3-3085c55becb7a244,g-22d56a3beb2cd856,phase3-m14-b02-g-22d56a3beb2cd856,14,9,14,16384,8,3,3,0.375,0.00018310546875,3.737298684576074,O3,CVAR_ENERGY,TAIL_FOCUSED_ROUTING_OBJECTIVE,3,"[1103, 2207, 3301]",,2207.0,phase3-9aa690a62d16c47a46bfbdf6,"[4.9683872859366875, 3.9577771402344784, 0.0, 2.4063231927502233, 0.13096064959815173, 0.0]","[4.9683872859366875, 3.9577771402344784, 0.0, 2.4063231927502233, 0.13096064959815173, 0.0]","[6.139012323398369, 4.803053210273817, -0.08629064118900524, 2.5823567163055756, 0.08799309072997578, 0.06472937671235285]","[6.139012323398369, 4.803053210273817, -0.08629064118900524, 2.5823567163055756, 0.08799309072997578, 0.06472937671235285]",COBYLA,240,240,240,241,3,Return from COBYLA because the objective function has been evaluated MAXFUN times.,1.073601410645189,0.8823659762854703,0.19123543435971868,1.7057629683768436,0.08823685873076514,1.1352238033611026,0.4823023062849758,1.6175261096460782,0.02121060043163173,0.014954358045260605,0.7050417122072092,115.83815915728475,2.063851647314867,0.1,0.8823659762854703,1.1269681742043551,False,0.02121060043163177,0.0020679367858909975,True,True,0.9999999999999981,5.0399879943579435,157.62890625,SUCCESS,,False,d7edcf4ca084e975b0b8d916d003c9c772e9c801b06175ee7112ef86cdea99f3,018e499280521e6e6764118d14af76ed4cee74fd501addf4dd69087da5bcc557,False,
phase3-ac05499b708a07ec588ff586,PHASE_3_EMPIRICAL_DILUTION_SCALING,PREREGISTERED_EMPIRICAL_DILUTION_SCALING,PRIMARY_MATRIX,development,task-p3-36fee5433e047900,g-22d56a3beb2cd856,phase3-m14-b02-g-22d56a3beb2cd856,14,9,14,16384,8,2,2,0.25,0.0001220703125,3.9133899436317554,P2_O0,MEAN_ENERGY_PREPARATION,COMMON_INITIALIZATION_PREPARATION,2,"[1103, 2207, 3301]",1103.0,2207.0,phase3-2758b09fa2e8bc70061af79c,,"[1.4361119332668082, 4.6766136583430296, 1.8287983773432719, 0.554097077555417]","[2.7538628934313976, 4.3184070956622165, 2.3204446462964907, 0.11476529146893058]","[2.7538628934313976, 4.3184070956622165, 2.3204446462964907, 0.11476529146893058]",COBYLA,120,120,120,121,3,Return from COBYLA because the objective function has been evaluated MAXFUN times.,2.63146957395936,1.9484654533545038,0.6830041206048563,1.9484654533545038,0.10729153632031259,1.2850974283680956,0.5560764886660952,1.8411739170341908,0.0016085502541883284,0.0016085502541883284,1.0,13.177243682310786,1.119824577272449,0.1,1.1141041709131063,1.1685092127303183,False,0.0016085502541883301,0.0015591587299774307,True,True,0.9999999999999989,12.856657674536109,157.5703125,SUCCESS,,False,d7edcf4ca084e975b0b8d916d003c9c772e9c801b06175ee7112ef86cdea99f3,018e499280521e6e6764118d14af76ed4cee74fd501addf4dd69087da5bcc557,False,
phase3-2758b09fa2e8bc70061af79c,PHASE_3_EMPIRICAL_DILUTION_SCALING,PREREGISTERED_EMPIRICAL_DILUTION_SCALING,PRIMARY_MATRIX,development,task-p3-36fee5433e047900,g-22d56a3beb2cd856,phase3-m14-b02-g-22d56a3beb2cd856,14,9,14,16384,8,2,2,0.25,0.0001220703125,3.9133899436317554,P2_O0,MEAN_ENERGY_PREPARATION,COMMON_INITIALIZATION_PREPARATION,2,"[1103, 2207, 3301]",2207.0,2207.0,phase3-2758b09fa2e8bc70061af79c,,"[4.119365739193051, 4.0465795222369225, 1.5369649905613294, 0.28561357469155796]","[5.170345515068338, 4.067436574568329, 2.402080112726451, 0.13767909083382607]","[5.170345515068338, 4.067436574568329, 2.402080112726451, 0.13767909083382607]",COBYLA,120,120,120,121,3,Return from COBYLA because the objective function has been evaluated MAXFUN times.,2.582029903628708,1.762949690781965,0.8190802128467431,1.762949690781965,0.08813407294530753,1.2025440666969338,0.4722715511397236,1.6748156178366573,0.00319985229673717,0.00319985229673717,1.0,26.213190014870897,1.4185198756415145,0.1,1.0742840230639634,1.1470686767169178,False,0.003199852296737169,0.0003302696946287792,True,True,1.0000000000000002,12.29634531121701,157.5703125,SUCCESS,,False,d7edcf4ca084e975b0b8d916d003c9c772e9c801b06175ee7112ef86cdea99f3,018e499280521e6e6764118d14af76ed4cee74fd501addf4dd69087da5bcc557,False,
phase3-dea9429a800d856fd9d76db3,PHASE_3_EMPIRICAL_DILUTION_SCALING,PREREGISTERED_EMPIRICAL_DILUTION_SCALING,PRIMARY_MATRIX,development,task-p3-36fee5433e047900,g-22d56a3beb2cd856,phase3-m14-b02-g-22d56a3beb2cd856,14,9,14,16384,8,2,2,0.25,0.0001220703125,3.9133899436317554,P2_O0,MEAN_ENERGY_PREPARATION,COMMON_INITIALIZATION_PREPARATION,2,"[1103, 2207, 3301]",3301.0,2207.0,phase3-2758b09fa2e8bc70061af79c,,"[2.8746040698350956, 3.2295534178963874, 1.3381083226815658, 0.4324890662459698]","[3.299168266774021, 1.8021129846019213, 2.2779265593131295, -0.18022317599207405]","[3.299168266774021, 1.8021129846019213, 2.2779265593131295, -0.18022317599207405]",COBYLA,120,120,120,121,3,Return from COBYLA because the objective function has been evaluated MAXFUN times.,2.70799604870961,1.814471732209626,0.8935243164999842,1.814471732209626,0.09162720067537926,1.2609441948094653,0.4619003367247815,1.7228445315342467,0.0014937655098894436,0.0014937655098894436,1.0,12.236927057014322,1.0876723712624994,0.1,1.0946919059065345,1.1484087102177554,False,0.0014937655098894436,0.001422460089539987,True,True,1.0,13.479461402632296,157.5703125,SUCCESS,,False,d7edcf4ca084e975b0b8d916d003c9c772e9c801b06175ee7112ef86cdea99f3,018e499280521e6e6764118d14af76ed4cee74fd501addf4dd69087da5bcc557,False,
phase3-74ff8fffc732dd418997c035,PHASE_3_EMPIRICAL_DILUTION_SCALING,PREREGISTERED_EMPIRICAL_DILUTION_SCALING,PRIMARY_MATRIX,development,task-p3-36fee5433e047900,g-22d56a3beb2cd856,phase3-m14-b02-g-22d56a3beb2cd856,14,9,14,16384,8,2,2,0.25,0.0001220703125,3.9133899436317554,O0,MEAN_ENERGY,STANDARD_BASELINE,3,"[1103, 2207, 3301]",,2207.0,phase3-2758b09fa2e8bc70061af79c,"[5.170345515068338, 4.067436574568329, 0.0, 2.402080112726451, 0.13767909083382607, 0.0]","[5.170345515068338, 4.067436574568329, 0.0, 2.402080112726451, 0.13767909083382607, 0.0]","[6.40936353477436, 4.416286973755273, 0.46963122682444713, 2.4435673359971815, 0.35884225395824826, -0.21714666639474117]","[6.40936353477436, 4.416286973755273, 0.46963122682444713, 2.4435673359971815, 0.35884225395824826, -0.21714666639474117]",COBYLA,240,240,240,241,3,Return from COBYLA because the objective function has been evaluated MAXFUN times.,1.762949690781965,1.5078406709533116,0.2551090198286534,1.5078406709533116,0.0706754110466717,1.1494462258268887,0.2877190340797509,1.4371652599066393,0.00898614889044929,0.00898614889044929,1.0,73.61453171056058,1.8669635537228195,0.1,0.9968985302246719,1.1118927973199328,False,0.008986148890449294,0.0016269539182574844,True,True,0.9999999999999996,25.850960737094283,157.7421875,SUCCESS,,False,d7edcf4ca084e975b0b8d916d003c9c772e9c801b06175ee7112ef86cdea99f3,018e499280521e6e6764118d14af76ed4cee74fd501addf4dd69087da5bcc557,False,
phase3-88a36c1b959ac15bafdc4fc2,PHASE_3_EMPIRICAL_DILUTION_SCALING,PREREGISTERED_EMPIRICAL_DILUTION_SCALING,PRIMARY_MATRIX,development,task-p3-36fee5433e047900,g-22d56a3beb2cd856,phase3-m14-b02-g-22d56a3beb2cd856,14,9,14,16384,8,2,2,0.25,0.0001220703125,3.9133899436317554,O2,EXACT_FEASIBILITY_CAPACITY_CONTROL,STATEVECTOR_MECHANISTIC_CAPACITY_CONTROL,3,"[1103, 2207, 3301]",,2207.0,phase3-2758b09fa2e8bc70061af79c,"[5.170345515068338, 4.067436574568329, 0.0, 2.402080112726451, 0.13767909083382607, 0.0]","[5.170345515068338, 4.067436574568329, 0.0, 2.402080112726451, 0.13767909083382607, 0.0]","[6.536883494072478, 4.941973266424035, -0.3125939995918181, 2.585735214877482, 0.09610570654699714, 0.07711868558649111]","[6.536883494072478, 4.941973266424035, -0.3125939995918181, 2.585735214877482, 0.09610570654699714, 0.07711868558649111]",COBYLA,240,240,240,241,3,Return from COBYLA because the objective function has been evaluated MAXFUN times.,0.9968001477032629,0.9820861615813841,0.014713986121878797,1.6815008597459375,0.08634033144022445,1.1340990028563527,0.4610615254493607,1.595160528305713,0.017913838418615886,0.017913838418615886,1.0,146.75016432530134,2.1665785962265116,0.1,0.9125266824640419,1.1269681742043551,False,0.017913838418615893,0.0005773105184901095,True,True,0.9999999999999996,3.74999360088259,157.7421875,SUCCESS,,False,d7edcf4ca084e975b0b8d916d003c9c772e9c801b06175ee7112ef86cdea99f3,018e499280521e6e6764118d14af76ed4cee74fd501addf4dd69087da5bcc557,False,
phase3-fd7625a67a3b9d9bae794d5c,PHASE_3_EMPIRICAL_DILUTION_SCALING,PREREGISTERED_EMPIRICAL_DILUTION_SCALING,PRIMARY_MATRIX,development,task-p3-36fee5433e047900,g-22d56a3beb2cd856,phase3-m14-b02-g-22d56a3beb2cd856,14,9,14,16384,8,2,2,0.25,0.0001220703125,3.9133899436317554,O3,CVAR_ENERGY,TAIL_FOCUSED_ROUTING_OBJECTIVE,3,"[1103, 2207, 3301]",,2207.0,phase3-2758b09fa2e8bc70061af79c,"[5.170345515068338, 4.067436574568329, 0.0, 2.402080112726451, 0.13767909083382607, 0.0]","[5.170345515068338, 4.067436574568329, 0.0, 2.402080112726451, 0.13767909083382607, 0.0]","[6.405873547554521, 4.945838375889881, -0.38707945789685033, 2.5765775851531667, 0.09841888438492476, 0.06632899691562635]","[6.405873547554521, 4.945838375889881, -0.38707945789685033, 2.5765775851531667, 0.09841888438492476, 0.06632899691562635]",COBYLA,240,240,240,241,3,Return from COBYLA because the objective function has been evaluated MAXFUN times.,1.0742840230639634,0.9164200472612958,0.15786397580266764,1.6747101563172764,0.08578671087831302,1.133082416030608,0.45584102940835514,1.5889234454389634,0.017503305897817407,0.017503305897817407,1.0,143.3870819149202,2.156510026465813,0.1,0.9164200472612958,1.1269681742043551,False,0.017503305897817387,0.0003217870459294031,True,True,1.000000000000001,5.302491303533316,157.7421875,SUCCESS,,False,d7edcf4ca084e975b0b8d916d003c9c772e9c801b06175ee7112ef86cdea99f3,018e499280521e6e6764118d14af76ed4cee74fd501addf4dd69087da5bcc557,False,
phase3-a1b061a3fc29447cfdf65a2a,PHASE_3_EMPIRICAL_DILUTION_SCALING,PREREGISTERED_EMPIRICAL_DILUTION_SCALING,PRIMARY_MATRIX,development,task-p3-792beeb2f8a2ab19,g-22d56a3beb2cd856,phase3-m14-b02-g-22d56a3beb2cd856,14,9,14,16384,8,1,1,0.125,6.103515625e-05,4.214419939295737,P2_O0,MEAN_ENERGY_PREPARATION,COMMON_INITIALIZATION_PREPARATION,2,"[1103, 2207, 3301]",1103.0,2207.0,phase3-3db61e2042ab502757eb82a5,,"[1.4361119332668082, 4.6766136583430296, 1.8287983773432719, 0.554097077555417]","[2.9051833801323275, 4.406788403043958, 2.306232574428925, 0.12024143184562198]","[2.9051833801323275, 4.406788403043958, 2.306232574428925, 0.12024143184562198]",COBYLA,120,120,120,121,3,Return from COBYLA because the objective function has been evaluated MAXFUN times.,2.674329887509895,1.9602530979662711,0.714076789543624,1.9602530979662711,0.10615424871246144,1.2858243878447848,0.5682744614090247,1.8540988492538097,0.0010823574950688214,0.0010823574950688214,1.0,17.73334519920757,1.2487906681739935,0.1,1.116329276938044,1.1685092127303183,False,0.0010823574950688199,6.644379097839326e-05,True,True,1.0000000000000013,18.07249883003533,157.5703125,SUCCESS,,False,d7edcf4ca084e975b0b8d916d003c9c772e9c801b06175ee7112ef86cdea99f3,018e499280521e6e6764118d14af76ed4cee74fd501addf4dd69087da5bcc557,False,
phase3-3db61e2042ab502757eb82a5,PHASE_3_EMPIRICAL_DILUTION_SCALING,PREREGISTERED_EMPIRICAL_DILUTION_SCALING,PRIMARY_MATRIX,development,task-p3-792beeb2f8a2ab19,g-22d56a3beb2cd856,phase3-m14-b02-g-22d56a3beb2cd856,14,9,14,16384,8,1,1,0.125,6.103515625e-05,4.214419939295737,P2_O0,MEAN_ENERGY_PREPARATION,COMMON_INITIALIZATION_PREPARATION,2,"[1103, 2207, 3301]",2207.0,2207.0,phase3-3db61e2042ab502757eb82a5,,"[4.119365739193051, 4.0465795222369225, 1.5369649905613294, 0.28561357469155796]","[5.607628264157457, 4.042265142717162, 2.3899135691089786, 0.13928293828921218]","[5.607628264157457, 4.042265142717162, 2.3899135691089786, 0.13928293828921218]",COBYLA,120,120,120,121,3,Return from COBYLA because the objective function has been evaluated MAXFUN times.,2.60213142566541,1.6918377544428658,0.9102936712225442,1.6918377544428658,0.07996804913450752,1.190574396823419,0.4212953084849396,1.6118697053083584,0.002034694627958397,0.002034694627958397,1.0,33.33643678447038,1.522919177749274,0.1,1.075532909274179,1.1269681742043551,False,0.0020346946279583954,0.00030986038130528804,True,True,1.0000000000000009,16.46148374211043,157.5703125,SUCCESS,,False,d7edcf4ca084e975b0b8d916d003c9c772e9c801b06175ee7112ef86cdea99f3,018e499280521e6e6764118d14af76ed4cee74fd501addf4dd69087da5bcc557,False,
phase3-9f6e2c6d193dec726c10c12d,PHASE_3_EMPIRICAL_DILUTION_SCALING,PREREGISTERED_EMPIRICAL_DILUTION_SCALING,PRIMARY_MATRIX,development,task-p3-792beeb2f8a2ab19,g-22d56a3beb2cd856,phase3-m14-b02-g-22d56a3beb2cd856,14,9,14,16384,8,1,1,0.125,6.103515625e-05,4.214419939295737,P2_O0,MEAN_ENERGY_PREPARATION,COMMON_INITIALIZATION_PREPARATION,2,"[1103, 2207, 3301]",3301.0,2207.0,phase3-3db61e2042ab502757eb82a5,,"[2.8746040698350956, 3.2295534178963874, 1.3381083226815658, 0.4324890662459698]","[4.409029680094944, 1.7502716972611767, 2.31433058596553, -0.18891316713943604]","[4.409029680094944, 1.7502716972611767, 2.31433058596553, -0.18891316713943604]",COBYLA,120,120,120,121,3,Return from COBYLA because the objective function has been evaluated MAXFUN times.,2.7267635839233906,1.8294509852881218,0.8973125986352688,1.8294509852881218,0.08518481443321088,1.2508392059005236,0.49342696495438726,1.744266170854911,0.0008656089956996578,0.0008656089956996578,1.0,14.182137785543194,1.1517417004159272,0.1,1.090371452675682,1.1433835845896148,False,0.0008656089956996582,0.009366566830471837,True,True,0.9999999999999997,7.882784925401211,157.5703125,SUCCESS,,False,d7edcf4ca084e975b0b8d916d003c9c772e9c801b06175ee7112ef86cdea99f3,018e499280521e6e6764118d14af76ed4cee74fd501addf4dd69087da5bcc557,False,
phase3-ac655706e23d67db8abcf479,PHASE_3_EMPIRICAL_DILUTION_SCALING,PREREGISTERED_EMPIRICAL_DILUTION_SCALING,PRIMARY_MATRIX,development,task-p3-792beeb2f8a2ab19,g-22d56a3beb2cd856,phase3-m14-b02-g-22d56a3beb2cd856,14,9,14,16384,8,1,1,0.125,6.103515625e-05,4.214419939295737,O0,MEAN_ENERGY,STANDARD_BASELINE,3,"[1103, 2207, 3301]",,2207.0,phase3-3db61e2042ab502757eb82a5,"[5.607628264157457, 4.042265142717162, 0.0, 2.3899135691089786, 0.13928293828921218, 0.0]","[5.607628264157457, 4.042265142717162, 0.0, 2.3899135691089786, 0.13928293828921218, 0.0]","[6.768198229941531, 4.268223370243869, -0.13567295166590698, 2.4353210741204645, 0.10408542289444175, 0.030612885696047715]","[6.768198229941531, 4.268223370243869, -0.13567295166590698, 2.4353210741204645, 0.10408542289444175, 0.030612885696047715]",COBYLA,240,240,240,241,3,Return from COBYLA because the objective function has been evaluated MAXFUN times.,1.6918377544428658,1.527727546836411,0.16411020760645467,1.527727546836411,0.0681835434705739,1.1492694424272145,0.3102745609386227,1.4595440033658376,0.0042366501291000525,0.0042366501291000525,1.0,69.41327571517526,1.8414425398850922,0.1,1.0407993274761551,1.1105743894130615,False,0.004236650129100051,0.0014124749048858298,True,True,1.0000000000000004,26.81094870902598,157.703125,SUCCESS,,False,d7edcf4ca084e975b0b8d916d003c9c772e9c801b06175ee7112ef86cdea99f3,018e499280521e6e6764118d14af76ed4cee74fd501addf4dd69087da5bcc557,False,
phase3-75e2bb0283bccc0c91a682c8,PHASE_3_EMPIRICAL_DILUTION_SCALING,PREREGISTERED_EMPIRICAL_DILUTION_SCALING,PRIMARY_MATRIX,development,task-p3-792beeb2f8a2ab19,g-22d56a3beb2cd856,phase3-m14-b02-g-22d56a3beb2cd856,14,9,14,16384,8,1,1,0.125,6.103515625e-05,4.214419939295737,O2,EXACT_FEASIBILITY_CAPACITY_CONTROL,STATEVECTOR_MECHANISTIC_CAPACITY_CONTROL,3,"[1103, 2207, 3301]",,2207.0,phase3-3db61e2042ab502757eb82a5,"[5.607628264157457, 4.042265142717162, 0.0, 2.3899135691089786, 0.13928293828921218, 0.0]","[5.607628264157457, 4.042265142717162, 0.0, 2.3899135691089786, 0.13928293828921218, 0.0]","[6.6000060119007555, 4.861877020575002, -0.24729974616786268, 2.5966115732211015, 0.10227300258306936, 0.07512254586198827]","[6.6000060119007555, 4.861877020575002, -0.24729974616786268, 2.5966115732211015, 0.10227300258306936, 0.07512254586198827]",COBYLA,240,240,240,241,3,Return from COBYLA because the objective function has been evaluated MAXFUN times.,0.9979653053720416,0.9902500521865485,0.007715253185493154,1.727588309536598,0.08662074639014766,1.1379139581232547,0.503053605023196,1.6409675631464504,0.009749947813451499,0.009749947813451499,1.0,159.74314497558936,2.2034222304413813,0.1,0.993758207505417,1.1269681742043551,False,0.0097499478134515,0.0003237517881550106,True,True,0.9999999999999998,7.158689634874463,157.703125,SUCCESS,,False,d7edcf4ca084e975b0b8d916d003c9c772e9c801b06175ee7112ef86cdea99f3,018e499280521e6e6764118d14af76ed4cee74fd501addf4dd69087da5bcc557,False,
phase3-ca257c8a7ce3b1f009337f08,PHASE_3_EMPIRICAL_DILUTION_SCALING,PREREGISTERED_EMPIRICAL_DILUTION_SCALING,PRIMARY_MATRIX,development,task-p3-792beeb2f8a2ab19,g-22d56a3beb2cd856,phase3-m14-b02-g-22d56a3beb2cd856,14,9,14,16384,8,1,1,0.125,6.103515625e-05,4.214419939295737,O3,CVAR_ENERGY,TAIL_FOCUSED_ROUTING_OBJECTIVE,3,"[1103, 2207, 3301]",,2207.0,phase3-3db61e2042ab502757eb82a5,"[5.607628264157457, 4.042265142717162, 0.0, 2.3899135691089786, 0.13928293828921218, 0.0]","[5.607628264157457, 4.042265142717162, 0.0, 2.3899135691089786, 0.13928293828921218, 0.0]","[6.5235493219598535, 4.859406939952472, 0.5120432421194384, 2.5778768495696904, 0.2155504100852218, -0.07949686744935013]","[6.5235493219598535, 4.859406939952472, 0.5120432421194384, 2.5778768495696904, 0.2155504100852218, -0.07949686744935013]",COBYLA,240,240,240,241,3,Return from COBYLA because the objective function has been evaluated MAXFUN times.,1.075532909274179,0.991716209845599,0.08381669942857994,1.6542568663805455,0.08095147653964554,1.1237277504640626,0.44957763937683737,1.5733053898408997,0.009540581746346267,0.009540581746346267,1.0,156.31289133213724,2.1939947963399917,0.1,0.991716209845599,1.1118927973199328,False,0.00954058174634626,0.0007253545034943548,True,True,1.0000000000000007,5.104550892487168,157.703125,SUCCESS,,False,d7edcf4ca084e975b0b8d916d003c9c772e9c801b06175ee7112ef86cdea99f3,018e499280521e6e6764118d14af76ed4cee74fd501addf4dd69087da5bcc557,False,
phase3-b8862a804a9448857103f594,PHASE_3_EMPIRICAL_DILUTION_SCALING,PREREGISTERED_EMPIRICAL_DILUTION_SCALING,PRIMARY_MATRIX,development,task-p3-e3c4987cb4f420e6,g-f9e9faf277cb53e1,phase3-m14-b03-g-f9e9faf277cb53e1,14,8,14,16384,8,8,8,1.0,0.00048828125,3.311329952303793,P2_O0,MEAN_ENERGY_PREPARATION,COMMON_INITIALIZATION_PREPARATION,2,"[1103, 2207, 3301]",1103.0,2207.0,phase3-331380a4bcc8bb7d000ae4dd,,"[1.4361119332668082, 4.6766136583430296, 1.8287983773432719, 0.554097077555417]","[2.4650991506822812, 4.4816275321081065, 2.2441517021367723, 0.09626611944295559]","[2.4650991506822812, 4.4816275321081065, 2.2441517021367723, 0.09626611944295559]",COBYLA,120,120,120,121,3,Return from COBYLA because the objective function has been evaluated MAXFUN times.,2.441766114366748,1.7674001088104627,0.6743660055562852,1.7674001088104627,0.1403878301129348,1.2032058173931048,0.42380646130442284,1.6270122786975278,0.013311721653219517,0.004480614924048972,0.33659169270304784,27.26240594579357,1.4355641802908077,0.1,0.9626254775350196,1.1311100959342164,False,0.013311721653219503,0.0006011546116955063,True,True,1.0000000000000009,17.709338766522706,157.546875,SUCCESS,,False,d7edcf4ca084e975b0b8d916d003c9c772e9c801b06175ee7112ef86cdea99f3,018e499280521e6e6764118d14af76ed4cee74fd501addf4dd69087da5bcc557,False,
phase3-331380a4bcc8bb7d000ae4dd,PHASE_3_EMPIRICAL_DILUTION_SCALING,PREREGISTERED_EMPIRICAL_DILUTION_SCALING,PRIMARY_MATRIX,development,task-p3-e3c4987cb4f420e6,g-f9e9faf277cb53e1,phase3-m14-b03-g-f9e9faf277cb53e1,14,8,14,16384,8,8,8,1.0,0.00048828125,3.311329952303793,P2_O0,MEAN_ENERGY_PREPARATION,COMMON_INITIALIZATION_PREPARATION,2,"[1103, 2207, 3301]",2207.0,2207.0,phase3-331380a4bcc8bb7d000ae4dd,,"[4.119365739193051, 4.0465795222369225, 1.5369649905613294, 0.28561357469155796]","[5.288707885707412, 4.025988217537602, 2.4795483569295556, 0.11913859463164184]","[5.288707885707412, 4.025988217537602, 2.4795483569295556, 0.11913859463164184]",COBYLA,120,120,120,121,3,Return from COBYLA because the objective function has been evaluated MAXFUN times.,2.4856030213293963,1.4968528515061084,0.9887501698232879,1.4968528515061084,0.11149516715916319,1.0967873389523095,0.2885703453946355,1.385357684346945,0.03419580976410491,0.0062476480051373885,0.18270215117688185,70.03301839688686,1.84530284468103,0.1,0.7399116280083564,1.1110095934216535,False,0.034195809764104954,0.000486027160833985,True,True,0.9999999999999988,7.452514900825918,157.546875,SUCCESS,,False,d7edcf4ca084e975b0b8d916d003c9c772e9c801b06175ee7112ef86cdea99f3,018e499280521e6e6764118d14af76ed4cee74fd501addf4dd69087da5bcc557,False,
phase3-4ae30f1b3ed493c9b545d86b,PHASE_3_EMPIRICAL_DILUTION_SCALING,PREREGISTERED_EMPIRICAL_DILUTION_SCALING,PRIMARY_MATRIX,development,task-p3-e3c4987cb4f420e6,g-f9e9faf277cb53e1,phase3-m14-b03-g-f9e9faf277cb53e1,14,8,14,16384,8,8,8,1.0,0.00048828125,3.311329952303793,P2_O0,MEAN_ENERGY_PREPARATION,COMMON_INITIALIZATION_PREPARATION,2,"[1103, 2207, 3301]",3301.0,2207.0,phase3-331380a4bcc8bb7d000ae4dd,,"[2.8746040698350956, 3.2295534178963874, 1.3381083226815658, 0.4324890662459698]","[4.697711770484974, 3.7706035740015227, 2.488125516759644, 0.113208561380153]","[4.697711770484974, 3.7706035740015227, 2.488125516759644, 0.113208561380153]",COBYLA,120,120,120,121,3,Return from COBYLA because the objective function has been evaluated MAXFUN times.,2.6703925428536817,1.671437229201745,0.9989553136519367,1.671437229201745,0.1251816615065927,1.1272120016385456,0.4190435660566066,1.5462555676951522,0.02425785436082689,0.008091724170286958,0.33357130642823807,49.680085730973474,1.6961823366141071,0.1,0.840189313992128,1.120831429876656,False,0.02425785436082689,0.00023804906947630378,True,True,1.0,7.41824118886143,157.55078125,SUCCESS,,False,d7edcf4ca084e975b0b8d916d003c9c772e9c801b06175ee7112ef86cdea99f3,018e499280521e6e6764118d14af76ed4cee74fd501addf4dd69087da5bcc557,False,
phase3-2ae9c5d885f592bbb6748493,PHASE_3_EMPIRICAL_DILUTION_SCALING,PREREGISTERED_EMPIRICAL_DILUTION_SCALING,PRIMARY_MATRIX,development,task-p3-e3c4987cb4f420e6,g-f9e9faf277cb53e1,phase3-m14-b03-g-f9e9faf277cb53e1,14,8,14,16384,8,8,8,1.0,0.00048828125,3.311329952303793,O0,MEAN_ENERGY,STANDARD_BASELINE,3,"[1103, 2207, 3301]",,2207.0,phase3-331380a4bcc8bb7d000ae4dd,"[5.288707885707412, 4.025988217537602, 0.0, 2.4795483569295556, 0.11913859463164184, 0.0]","[5.288707885707412, 4.025988217537602, 0.0, 2.4795483569295556, 0.11913859463164184, 0.0]","[6.462951258270638, 4.500699570581818, 0.06783089152831824, 2.4657896136728388, 0.13082208929695713, -0.016482763299042566]","[6.462951258270638, 4.500699570581818, 0.06783089152831824, 2.4657896136728388, 0.13082208929695713, -0.016482763299042566]",COBYLA,240,240,240,241,3,Return from COBYLA because the objective function has been evaluated MAXFUN times.,1.4968528515061084,1.22408285322044,0.2727699982856684,1.22408285322044,0.08488170873837686,1.0335692612846716,0.10563188319739156,1.1392011444820633,0.06465510385003646,0.017262432773321443,0.26699257669372234,132.41365268487468,2.1219327659195444,0.1,0.41773011007578176,1.070580173595249,False,0.06465510385003646,0.007101975180741973,True,True,1.0,23.001999921165407,157.7734375,SUCCESS,,False,d7edcf4ca084e975b0b8d916d003c9c772e9c801b06175ee7112ef86cdea99f3,018e499280521e6e6764118d14af76ed4cee74fd501addf4dd69087da5bcc557,False,
phase3-11f0d2e3802667d2bbc3afd7,PHASE_3_EMPIRICAL_DILUTION_SCALING,PREREGISTERED_EMPIRICAL_DILUTION_SCALING,PRIMARY_MATRIX,development,task-p3-e3c4987cb4f420e6,g-f9e9faf277cb53e1,phase3-m14-b03-g-f9e9faf277cb53e1,14,8,14,16384,8,8,8,1.0,0.00048828125,3.311329952303793,O2,EXACT_FEASIBILITY_CAPACITY_CONTROL,STATEVECTOR_MECHANISTIC_CAPACITY_CONTROL,3,"[1103, 2207, 3301]",,2207.0,phase3-331380a4bcc8bb7d000ae4dd,"[5.288707885707412, 4.025988217537602, 0.0, 2.4795483569295556, 0.11913859463164184, 0.0]","[5.288707885707412, 4.025988217537602, 0.0, 2.4795483569295556, 0.11913859463164184, 0.0]","[6.6598293706420515, 4.559236973830174, -0.41966469843840126, 2.5250687890722685, 0.11682134811737144, 0.08203039888137033]","[6.6598293706420515, 4.559236973830174, -0.41966469843840126, 2.5250687890722685, 0.11682134811737144, 0.08203039888137033]",COBYLA,240,240,240,241,3,Return from COBYLA because the objective function has been evaluated MAXFUN times.,0.9658041902358951,0.9095566920007405,0.056247498235154625,1.3071610054327922,0.09777462646517851,1.0161565423735195,0.19322983659409415,1.2093863789676138,0.09044330799925948,0.0208873598295836,0.2309442267387502,185.22789478248342,2.2677063907576467,0.1,0.16225962432393967,1.070580173595249,False,0.09044330799925933,0.0013940328639408112,True,True,1.0000000000000018,2.1799855660647154,157.7734375,SUCCESS,,False,d7edcf4ca084e975b0b8d916d003c9c772e9c801b06175ee7112ef86cdea99f3,018e499280521e6e6764118d14af76ed4cee74fd501addf4dd69087da5bcc557,False,
phase3-dff008b8c0c00bb2b5e0d4ee,PHASE_3_EMPIRICAL_DILUTION_SCALING,PREREGISTERED_EMPIRICAL_DILUTION_SCALING,PRIMARY_MATRIX,development,task-p3-e3c4987cb4f420e6,g-f9e9faf277cb53e1,phase3-m14-b03-g-f9e9faf277cb53e1,14,8,14,16384,8,8,8,1.0,0.00048828125,3.311329952303793,O3,CVAR_ENERGY,TAIL_FOCUSED_ROUTING_OBJECTIVE,3,"[1103, 2207, 3301]",,2207.0,phase3-331380a4bcc8bb7d000ae4dd,"[5.288707885707412, 4.025988217537602, 0.0, 2.4795483569295556, 0.11913859463164184, 0.0]","[5.288707885707412, 4.025988217537602, 0.0, 2.4795483569295556, 0.11913859463164184, 0.0]","[6.672316476212383, 4.62438409578894, -0.7517761883754469, 2.5138498578366537, 0.12478936013337712, 0.09702563904046231]","[6.672316476212383, 4.62438409578894, -0.7517761883754469, 2.5138498578366537, 0.12478936013337712, 0.09702563904046231]",COBYLA,240,240,240,241,3,Return from COBYLA because the objective function has been evaluated MAXFUN times.,0.7399116280083564,0.0678063019182416,0.6721053260901149,1.2971900996631323,0.09856182689471442,1.0077447370014738,0.19088353576694436,1.198628272768418,0.10021405694875714,0.022791898635409962,0.2274321520289737,205.23838863105462,2.312258596261127,0.1,0.0678063019182416,0.09045226130653267,True,0.1,0.009008467756098343,True,True,1.0000000000000018,1.6840757494792342,157.7734375,SUCCESS,,False,d7edcf4ca084e975b0b8d916d003c9c772e9c801b06175ee7112ef86cdea99f3,018e499280521e6e6764118d14af76ed4cee74fd501addf4dd69087da5bcc557,False,
phase3-0c270bd1e3026322eaa1ae6f,PHASE_3_EMPIRICAL_DILUTION_SCALING,PREREGISTERED_EMPIRICAL_DILUTION_SCALING,PRIMARY_MATRIX,development,task-p3-309c66749a973b91,g-f9e9faf277cb53e1,phase3-m14-b03-g-f9e9faf277cb53e1,14,8,14,16384,8,5,5,0.625,0.00030517578125,3.515449934959718,P2_O0,MEAN_ENERGY_PREPARATION,COMMON_INITIALIZATION_PREPARATION,2,"[1103, 2207, 3301]",1103.0,2207.0,phase3-572a09e83a069bdea1fbcc8a,,"[1.4361119332668082, 4.6766136583430296, 1.8287983773432719, 0.554097077555417]","[2.9808097662632465, 4.469524356964943, 2.2750199335574073, 0.09642730837699917]","[2.9808097662632465, 4.469524356964943, 2.2750199335574073, 0.09642730837699917]",COBYLA,120,120,120,121,3,Return from COBYLA because the objective function has been evaluated MAXFUN times.,2.6558935448443393,1.8085300343540234,0.8473635104903159,1.8085300343540234,0.13365152905309413,1.1851806093317567,0.4896978959691727,1.6748785053009296,0.012857226341568927,0.006421750311997877,0.49946622556029846,42.13055927605306,1.6245972243509526,0.1,0.9572403303744385,1.120831429876656,False,0.01285722634156894,3.783204716382993e-05,True,True,0.9999999999999989,18.586280232295394,157.5703125,SUCCESS,,False,d7edcf4ca084e975b0b8d916d003c9c772e9c801b06175ee7112ef86cdea99f3,018e499280521e6e6764118d14af76ed4cee74fd501addf4dd69087da5bcc557,False,
phase3-572a09e83a069bdea1fbcc8a,PHASE_3_EMPIRICAL_DILUTION_SCALING,PREREGISTERED_EMPIRICAL_DILUTION_SCALING,PRIMARY_MATRIX,development,task-p3-309c66749a973b91,g-f9e9faf277cb53e1,phase3-m14-b03-g-f9e9faf277cb53e1,14,8,14,16384,8,5,5,0.625,0.00030517578125,3.515449934959718,P2_O0,MEAN_ENERGY_PREPARATION,COMMON_INITIALIZATION_PREPARATION,2,"[1103, 2207, 3301]",2207.0,2207.0,phase3-572a09e83a069bdea1fbcc8a,,"[4.119365739193051, 4.0465795222369225, 1.5369649905613294, 0.28561357469155796]","[5.110209829476375, 4.08839606831878, 2.400421239525876, 0.12069904585663235]","[5.110209829476375, 4.08839606831878, 2.400421239525876, 0.12069904585663235]",COBYLA,120,120,120,121,3,Return from COBYLA because the objective function has been evaluated MAXFUN times.,2.562989508811624,1.5432279361570216,1.0197615726546023,1.5432279361570216,0.1035659178010861,1.097938381936677,0.34172363641925857,1.4396620183559357,0.02700627561970344,0.013398137224019347,0.49611199310445586,88.49416395064424,1.9469146306118963,0.1,0.7971262618196617,1.0906806761078118,False,0.027006275619703368,0.00238280132146744,True,True,1.0000000000000027,6.905423579737544,157.5703125,SUCCESS,,False,d7edcf4ca084e975b0b8d916d003c9c772e9c801b06175ee7112ef86cdea99f3,018e499280521e6e6764118d14af76ed4cee74fd501addf4dd69087da5bcc557,False,
phase3-8fc803df9e40016e09dd76e0,PHASE_3_EMPIRICAL_DILUTION_SCALING,PREREGISTERED_EMPIRICAL_DILUTION_SCALING,PRIMARY_MATRIX,development,task-p3-309c66749a973b91,g-f9e9faf277cb53e1,phase3-m14-b03-g-f9e9faf277cb53e1,14,8,14,16384,8,5,5,0.625,0.00030517578125,3.515449934959718,P2_O0,MEAN_ENERGY_PREPARATION,COMMON_INITIALIZATION_PREPARATION,2,"[1103, 2207, 3301]",3301.0,2207.0,phase3-572a09e83a069bdea1fbcc8a,,"[2.8746040698350956, 3.2295534178963874, 1.3381083226815658, 0.4324890662459698]","[4.677773849813778, 3.8840553014087096, 2.3910452728630807, 0.11577962254327237]","[4.677773849813778, 3.8840553014087096, 2.3910452728630807, 0.11577962254327237]",COBYLA,120,120,120,121,3,Return from COBYLA because the objective function has been evaluated MAXFUN times.,2.7512380586328025,1.6467363643379838,1.1045016942948187,1.6467363643379838,0.11208919452483626,1.1180382008646965,0.4166089689484511,1.5346471698131479,0.02219190929530462,0.01413670696705128,0.6370207618883128,72.71844837885418,1.861644603606502,0.1,0.8448549121452454,1.0957058017359524,False,0.022191909295304624,0.001093664775964051,True,True,1.0,6.516378555446863,157.5703125,SUCCESS,,False,d7edcf4ca084e975b0b8d916d003c9c772e9c801b06175ee7112ef86cdea99f3,018e499280521e6e6764118d14af76ed4cee74fd501addf4dd69087da5bcc557,False,
phase3-85595beecf345e82de114923,PHASE_3_EMPIRICAL_DILUTION_SCALING,PREREGISTERED_EMPIRICAL_DILUTION_SCALING,PRIMARY_MATRIX,development,task-p3-309c66749a973b91,g-f9e9faf277cb53e1,phase3-m14-b03-g-f9e9faf277cb53e1,14,8,14,16384,8,5,5,0.625,0.00030517578125,3.515449934959718,O0,MEAN_ENERGY,STANDARD_BASELINE,3,"[1103, 2207, 3301]",,2207.0,phase3-572a09e83a069bdea1fbcc8a,"[5.110209829476375, 4.08839606831878, 0.0, 2.400421239525876, 0.12069904585663235, 0.0]","[5.110209829476375, 4.08839606831878, 0.0, 2.400421239525876, 0.12069904585663235, 0.0]","[6.2605128321109955, 4.676029553366513, 0.47043331548746475, 2.4391327718936466, 0.35221229072580207, -0.23062050264886771]","[6.2605128321109955, 4.676029553366513, 0.47043331548746475, 2.4391327718936466, 0.35221229072580207, -0.23062050264886771]",COBYLA,240,240,240,241,3,Return from COBYLA because the objective function has been evaluated MAXFUN times.,1.5432279361570216,1.2471599692383228,0.29606796691869874,1.2471599692383228,0.07793302748615884,1.0262942103691544,0.14293273138300983,1.1692269417521644,0.058499010576102024,0.02249690682030569,0.3845690140526259,191.6895578557711,2.282598455657744,0.1,0.47481188821769615,1.070580173595249,False,0.058499010576102156,0.005016673032109342,True,True,0.9999999999999978,25.853034975007176,157.703125,SUCCESS,,False,d7edcf4ca084e975b0b8d916d003c9c772e9c801b06175ee7112ef86cdea99f3,018e499280521e6e6764118d14af76ed4cee74fd501addf4dd69087da5bcc557,False,
phase3-5402a04b78ab474ec7fc2bc1,PHASE_3_EMPIRICAL_DILUTION_SCALING,PREREGISTERED_EMPIRICAL_DILUTION_SCALING,PRIMARY_MATRIX,development,task-p3-309c66749a973b91,g-f9e9faf277cb53e1,phase3-m14-b03-g-f9e9faf277cb53e1,14,8,14,16384,8,5,5,0.625,0.00030517578125,3.515449934959718,O2,EXACT_FEASIBILITY_CAPACITY_CONTROL,STATEVECTOR_MECHANISTIC_CAPACITY_CONTROL,3,"[1103, 2207, 3301]",,2207.0,phase3-572a09e83a069bdea1fbcc8a,"[5.110209829476375, 4.08839606831878, 0.0, 2.400421239525876, 0.12069904585663235, 0.0]","[5.110209829476375, 4.08839606831878, 0.0, 2.400421239525876, 0.12069904585663235, 0.0]","[7.199853869785242, 4.69599195171315, -1.0235626671441278, 2.5040020776215632, 0.1604269903491933, 0.11175873002669227]","[7.199853869785242, 4.69599195171315, -1.0235626671441278, 2.5040020776215632, 0.1604269903491933, 0.11175873002669227]",COBYLA,240,240,240,241,3,Return from COBYLA because the objective function has been evaluated MAXFUN times.,0.9729937243802965,0.9039916499211836,0.06900207445911288,1.3609146534764285,0.09529443160181357,0.999791063672953,0.26582915820166186,1.2656202218746149,0.09600835007881633,0.034163367369546796,0.3558374593616179,314.60016153826535,2.4977589412852312,0.1,0.10169034865288186,1.0555047967108269,False,0.09600835007881653,0.0011271733239125031,True,True,0.9999999999999979,3.4378376081585884,157.703125,SUCCESS,,False,d7edcf4ca084e975b0b8d916d003c9c772e9c801b06175ee7112ef86cdea99f3,018e499280521e6e6764118d14af76ed4cee74fd501addf4dd69087da5bcc557,False,
phase3-bf26867ccb869b761592e744,PHASE_3_EMPIRICAL_DILUTION_SCALING,PREREGISTERED_EMPIRICAL_DILUTION_SCALING,PRIMARY_MATRIX,development,task-p3-309c66749a973b91,g-f9e9faf277cb53e1,phase3-m14-b03-g-f9e9faf277cb53e1,14,8,14,16384,8,5,5,0.625,0.00030517578125,3.515449934959718,O3,CVAR_ENERGY,TAIL_FOCUSED_ROUTING_OBJECTIVE,3,"[1103, 2207, 3301]",,2207.0,phase3-572a09e83a069bdea1fbcc8a,"[5.110209829476375, 4.08839606831878, 0.0, 2.400421239525876, 0.12069904585663235, 0.0]","[5.110209829476375, 4.08839606831878, 0.0, 2.400421239525876, 0.12069904585663235, 0.0]","[6.314625288937483, 4.656258694056678, 0.47168329395810704, 2.4770572171986966, 0.3042485116015648, -0.15239085255201779]","[6.314625288937483, 4.656258694056678, 0.47168329395810704, 2.4770572171986966, 0.3042485116015648, -0.15239085255201779]",COBYLA,240,240,240,241,3,Return from COBYLA because the objective function has been evaluated MAXFUN times.,0.7971262618196617,0.4183985543783921,0.37872770744126966,1.2699073550710056,0.0848351352397372,1.020128031315275,0.16494418851599357,1.1850722198312684,0.06453456324582531,0.02159940551047638,0.3346951528625031,211.46685684392037,2.325242310161581,0.1,0.4183985543783921,1.0806304248515304,False,0.06453456324582528,0.002923933848045887,True,True,1.0000000000000004,1.7860727459192276,157.703125,SUCCESS,,False,d7edcf4ca084e975b0b8d916d003c9c772e9c801b06175ee7112ef86cdea99f3,018e499280521e6e6764118d14af76ed4cee74fd501addf4dd69087da5bcc557,False,
phase3-5779b03c49513b08b3447d78,PHASE_3_EMPIRICAL_DILUTION_SCALING,PREREGISTERED_EMPIRICAL_DILUTION_SCALING,PRIMARY_MATRIX,development,task-p3-5ff53b4412b3ab7a,g-f9e9faf277cb53e1,phase3-m14-b03-g-f9e9faf277cb53e1,14,8,14,16384,8,4,4,0.5,0.000244140625,3.612359947967774,P2_O0,MEAN_ENERGY_PREPARATION,COMMON_INITIALIZATION_PREPARATION,2,"[1103, 2207, 3301]",1103.0,1103.0,phase3-5779b03c49513b08b3447d78,,"[1.4361119332668082, 4.6766136583430296, 1.8287983773432719, 0.554097077555417]","[2.6941195356001564, 4.63900252837499, 3.18990535576628, -0.7440938435368107]","[2.6941195356001564, 4.63900252837499, 3.18990535576628, -0.7440938435368107]",COBYLA,120,120,120,121,3,Return from COBYLA because the objective function has been evaluated MAXFUN times.,2.777905227679243,1.3347014930649443,1.4432037346142987,1.3347014930649443,0.058085952061014,1.0599141882935548,0.21670135271037566,1.2766155410039306,0.024247450707162742,0.012966339475094336,0.5347506272593042,99.31755809653859,1.997026033091188,0.1,0.8050138481776705,1.0454545454545454,False,0.024247450707162815,0.07575254929283719,True,True,0.9999999999999971,19.337573001161218,157.5546875,SUCCESS,,False,d7edcf4ca084e975b0b8d916d003c9c772e9c801b06175ee7112ef86cdea99f3,018e499280521e6e6764118d14af76ed4cee74fd501addf4dd69087da5bcc557,False,
phase3-2249f7dcaf2d7c0a87ac5539,PHASE_3_EMPIRICAL_DILUTION_SCALING,PREREGISTERED_EMPIRICAL_DILUTION_SCALING,PRIMARY_MATRIX,development,task-p3-5ff53b4412b3ab7a,g-f9e9faf277cb53e1,phase3-m14-b03-g-f9e9faf277cb53e1,14,8,14,16384,8,4,4,0.5,0.000244140625,3.612359947967774,P2_O0,MEAN_ENERGY_PREPARATION,COMMON_INITIALIZATION_PREPARATION,2,"[1103, 2207, 3301]",2207.0,1103.0,phase3-5779b03c49513b08b3447d78,,"[4.119365739193051, 4.0465795222369225, 1.5369649905613294, 0.28561357469155796]","[5.626333744480768, 4.317112776960536, 2.426194560261519, 0.1239930647863471]","[5.626333744480768, 4.317112776960536, 2.426194560261519, 0.1239930647863471]",COBYLA,120,120,120,121,3,Return from COBYLA because the objective function has been evaluated MAXFUN times.,2.6139238282897157,1.427646159200782,1.1862776690889336,1.427646159200782,0.08758492251725418,1.0577915068536474,0.28226972982988036,1.3400612366835278,0.03649039896810474,0.017464856829289166,0.4786151240646812,149.46467417335703,2.174538559720998,0.1,0.6984508050743243,1.0806304248515304,False,0.03649039896810468,0.0007817688927828914,True,True,1.0000000000000018,7.395435313694179,157.5546875,SUCCESS,,False,d7edcf4ca084e975b0b8d916d003c9c772e9c801b06175ee7112ef86cdea99f3,018e499280521e6e6764118d14af76ed4cee74fd501addf4dd69087da5bcc557,False,
phase3-614466a9416df13a0ae175c8,PHASE_3_EMPIRICAL_DILUTION_SCALING,PREREGISTERED_EMPIRICAL_DILUTION_SCALING,PRIMARY_MATRIX,development,task-p3-5ff53b4412b3ab7a,g-f9e9faf277cb53e1,phase3-m14-b03-g-f9e9faf277cb53e1,14,8,14,16384,8,4,4,0.5,0.000244140625,3.612359947967774,P2_O0,MEAN_ENERGY_PREPARATION,COMMON_INITIALIZATION_PREPARATION,2,"[1103, 2207, 3301]",3301.0,1103.0,phase3-5779b03c49513b08b3447d78,,"[2.8746040698350956, 3.2295534178963874, 1.3381083226815658, 0.4324890662459698]","[4.991365909640972, 3.891650796820636, 2.3919421635812497, 0.12610544596563514]","[4.991365909640972, 3.891650796820636, 2.3919421635812497, 0.12610544596563514]",COBYLA,120,120,120,121,3,Return from COBYLA because the objective function has been evaluated MAXFUN times.,2.8101755725981947,1.5744344740601963,1.2357410985379984,1.5744344740601963,0.09866184169014879,1.0920639887597923,0.38370864361025486,1.4757726323700473,0.0256235826971237,0.01738785423926084,0.6785879416157001,104.95419472741868,2.020999800808514,0.1,0.8069271830976769,1.085655550479671,False,0.025623582697123705,2.9830155346438625e-05,True,True,1.0,7.9125998970121145,157.5546875,SUCCESS,,False,d7edcf4ca084e975b0b8d916d003c9c772e9c801b06175ee7112ef86cdea99f3,018e499280521e6e6764118d14af76ed4cee74fd501addf4dd69087da5bcc557,False,
phase3-a2449e5b4e2b0e403eafb705,PHASE_3_EMPIRICAL_DILUTION_SCALING,PREREGISTERED_EMPIRICAL_DILUTION_SCALING,PRIMARY_MATRIX,development,task-p3-5ff53b4412b3ab7a,g-f9e9faf277cb53e1,phase3-m14-b03-g-f9e9faf277cb53e1,14,8,14,16384,8,4,4,0.5,0.000244140625,3.612359947967774,O0,MEAN_ENERGY,STANDARD_BASELINE,3,"[1103, 2207, 3301]",,1103.0,phase3-5779b03c49513b08b3447d78,"[2.6941195356001564, 4.63900252837499, 0.0, 3.18990535576628, -0.7440938435368107, 0.0]","[2.6941195356001564, 4.63900252837499, 0.0, 3.18990535576628, -0.7440938435368107, 0.0]","[2.7120634824460077, 4.539263245474772, -0.7464275004497718, 3.168745122119564, -0.9057030153753407, 0.19911997519931793]","[2.7120634824460077, 4.539263245474772, -0.7464275004497718, 3.168745122119564, -0.9057030153753407, 0.19911997519931793]",COBYLA,240,240,240,241,3,Return from COBYLA because the objective function has been evaluated MAXFUN times.,1.3347014930649443,1.2489716515305709,0.08572984153437346,1.2489716515305709,0.05493398020557132,1.0379636610147722,0.15607401031022744,1.1940376713250003,0.03828294854027954,0.02336756694711694,0.6103909922855255,156.806957220985,2.1953653275809035,0.1,0.6651552933438587,1.0454545454545454,False,0.038282948540279485,0.06171705145972052,True,True,1.0000000000000013,27.542038599960506,157.7421875,SUCCESS,,False,d7edcf4ca084e975b0b8d916d003c9c772e9c801b06175ee7112ef86cdea99f3,018e499280521e6e6764118d14af76ed4cee74fd501addf4dd69087da5bcc557,False,
phase3-6ef4beac143a400c22e93c9a,PHASE_3_EMPIRICAL_DILUTION_SCALING,PREREGISTERED_EMPIRICAL_DILUTION_SCALING,PRIMARY_MATRIX,development,task-p3-5ff53b4412b3ab7a,g-f9e9faf277cb53e1,phase3-m14-b03-g-f9e9faf277cb53e1,14,8,14,16384,8,4,4,0.5,0.000244140625,3.612359947967774,O2,EXACT_FEASIBILITY_CAPACITY_CONTROL,STATEVECTOR_MECHANISTIC_CAPACITY_CONTROL,3,"[1103, 2207, 3301]",,1103.0,phase3-5779b03c49513b08b3447d78,"[2.6941195356001564, 4.63900252837499, 0.0, 3.18990535576628, -0.7440938435368107, 0.0]","[2.6941195356001564, 4.63900252837499, 0.0, 3.18990535576628, -0.7440938435368107, 0.0]","[3.100073264524623, 5.104875096971108, 0.7251581221417902, 3.0807219751587662, -0.4033411244658053, -0.176722092210029]","[3.100073264524623, 5.104875096971108, 0.7251581221417902, 3.0807219751587662, -0.4033411244658053, -0.176722092210029]",COBYLA,240,240,240,241,3,Return from COBYLA because the objective function has been evaluated MAXFUN times.,0.9757525492928373,0.9428746220749005,0.03287792721793681,1.3345168234759606,0.06539310473021517,1.006554084673057,0.2625696340726886,1.2691237187457454,0.05712537792509957,0.02958987766244531,0.5179813024824507,233.98554798120784,2.369189034222791,0.1,0.47970674646070727,1.0454545454545454,False,0.057125377925099585,0.04287462207490042,True,True,0.9999999999999998,3.410547417588532,157.7421875,SUCCESS,,False,d7edcf4ca084e975b0b8d916d003c9c772e9c801b06175ee7112ef86cdea99f3,018e499280521e6e6764118d14af76ed4cee74fd501addf4dd69087da5bcc557,False,
phase3-67d9130888ab27c9425ee990,PHASE_3_EMPIRICAL_DILUTION_SCALING,PREREGISTERED_EMPIRICAL_DILUTION_SCALING,PRIMARY_MATRIX,development,task-p3-5ff53b4412b3ab7a,g-f9e9faf277cb53e1,phase3-m14-b03-g-f9e9faf277cb53e1,14,8,14,16384,8,4,4,0.5,0.000244140625,3.612359947967774,O3,CVAR_ENERGY,TAIL_FOCUSED_ROUTING_OBJECTIVE,3,"[1103, 2207, 3301]",,1103.0,phase3-5779b03c49513b08b3447d78,"[2.6941195356001564, 4.63900252837499, 0.0, 3.18990535576628, -0.7440938435368107, 0.0]","[2.6941195356001564, 4.63900252837499, 0.0, 3.18990535576628, -0.7440938435368107, 0.0]","[3.293943838747602, 5.024263941109359, 0.7231203169969216, 3.073077475510446, -0.40741892696069365, -0.17290155233515606]","[3.293943838747602, 5.024263941109359, 0.7231203169969216, 3.073077475510446, -0.40741892696069365, -0.17290155233515606]",COBYLA,240,240,240,241,3,Return from COBYLA because the objective function has been evaluated MAXFUN times.,0.8050138481776705,0.4844008386140601,0.32061300956361044,1.3368610649132386,0.06543546679568042,1.0075208257920056,0.2639047723255528,1.2714255981175584,0.05666745386146978,0.028866119843608606,0.5093950385379095,232.1098910165802,2.365693647661408,0.1,0.4844008386140601,1.0454545454545454,False,0.05666745386146993,0.043332546138530076,True,True,0.9999999999999973,1.8303723307326436,157.7421875,SUCCESS,,False,d7edcf4ca084e975b0b8d916d003c9c772e9c801b06175ee7112ef86cdea99f3,018e499280521e6e6764118d14af76ed4cee74fd501addf4dd69087da5bcc557,False,
phase3-c2f47fb9903f1eadebc06b89,PHASE_3_EMPIRICAL_DILUTION_SCALING,PREREGISTERED_EMPIRICAL_DILUTION_SCALING,PRIMARY_MATRIX,development,task-p3-8e9274e2ed3a6080,g-f9e9faf277cb53e1,phase3-m14-b03-g-f9e9faf277cb53e1,14,8,14,16384,8,3,3,0.375,0.00018310546875,3.737298684576074,P2_O0,MEAN_ENERGY_PREPARATION,COMMON_INITIALIZATION_PREPARATION,2,"[1103, 2207, 3301]",1103.0,1103.0,phase3-c2f47fb9903f1eadebc06b89,,"[1.4361119332668082, 4.6766136583430296, 1.8287983773432719, 0.554097077555417]","[2.254958360817333, 4.922708285895103, 3.2341176960289615, -0.7893767155083915]","[2.254958360817333, 4.922708285895103, 3.2341176960289615, -0.7893767155083915]",COBYLA,120,120,120,121,3,Return from COBYLA because the objective function has been evaluated MAXFUN times.,2.850169277403187,1.3932131839431654,1.4569560934600214,1.3932131839431654,0.05631330691933198,1.0672502702323141,0.26964960679151917,1.3368998770238334,0.01915332672341654,0.011602649351959985,0.6057772375268249,104.60270167881886,2.0195429016349884,0.1,0.8550960324920289,1.0454545454545454,False,0.01915332672341657,0.08084667327658343,True,True,0.9999999999999984,12.08146263845265,157.5703125,SUCCESS,,False,d7edcf4ca084e975b0b8d916d003c9c772e9c801b06175ee7112ef86cdea99f3,018e499280521e6e6764118d14af76ed4cee74fd501addf4dd69087da5bcc557,False,
phase3-de12e38a61c4640364307e49,PHASE_3_EMPIRICAL_DILUTION_SCALING,PREREGISTERED_EMPIRICAL_DILUTION_SCALING,PRIMARY_MATRIX,development,task-p3-8e9274e2ed3a6080,g-f9e9faf277cb53e1,phase3-m14-b03-g-f9e9faf277cb53e1,14,8,14,16384,8,3,3,0.375,0.00018310546875,3.737298684576074,P2_O0,MEAN_ENERGY_PREPARATION,COMMON_INITIALIZATION_PREPARATION,2,"[1103, 2207, 3301]",2207.0,1103.0,phase3-c2f47fb9903f1eadebc06b89,,"[4.119365739193051, 4.0465795222369225, 1.5369649905613294, 0.28561357469155796]","[5.534236634487796, 4.209813409925352, 2.391542756626446, 0.13841552531163953]","[5.534236634487796, 4.209813409925352, 2.391542756626446, 0.13841552531163953]",COBYLA,120,120,120,121,3,Return from COBYLA because the objective function has been evaluated MAXFUN times.,2.6514718086245472,1.4775917156088434,1.1738800930157038,1.4775917156088434,0.08459699873955934,1.0619665764476567,0.33102814042162765,1.3929947168692844,0.0327833878878921,0.022539749980085535,0.687535713427902,179.04100905174138,2.252952516818146,0.1,0.7303581269633977,1.0709718928145726,False,0.03278338788789204,0.0023215389523722763,True,True,1.0000000000000018,12.513483442366123,157.5703125,SUCCESS,,False,d7edcf4ca084e975b0b8d916d003c9c772e9c801b06175ee7112ef86cdea99f3,018e499280521e6e6764118d14af76ed4cee74fd501addf4dd69087da5bcc557,False,
phase3-b22b30ebf66775191d32b64f,PHASE_3_EMPIRICAL_DILUTION_SCALING,PREREGISTERED_EMPIRICAL_DILUTION_SCALING,PRIMARY_MATRIX,development,task-p3-8e9274e2ed3a6080,g-f9e9faf277cb53e1,phase3-m14-b03-g-f9e9faf277cb53e1,14,8,14,16384,8,3,3,0.375,0.00018310546875,3.737298684576074,P2_O0,MEAN_ENERGY_PREPARATION,COMMON_INITIALIZATION_PREPARATION,2,"[1103, 2207, 3301]",3301.0,1103.0,phase3-c2f47fb9903f1eadebc06b89,,"[2.8746040698350956, 3.2295534178963874, 1.3381083226815658, 0.4324890662459698]","[4.520021716852123, 1.8765571723482288, 2.3224077524043354, -0.16572697834606942]","[4.520021716852123, 1.8765571723482288, 2.3224077524043354, -0.16572697834606942]",COBYLA,120,120,120,121,3,Return from COBYLA because the objective function has been evaluated MAXFUN times.,2.853371476450065,1.6210474918158433,1.2323239846342215,1.6210474918158433,0.09131083012387183,1.1111887694776952,0.4185478922142764,1.5297366616919714,0.025305545986451735,0.02216574247191746,0.8759242927927622,138.20202181400842,2.140514396556591,0.1,0.7972455700269323,1.0605299223389675,False,0.025305545986451766,0.025510452806511014,True,True,0.9999999999999988,12.334745484404266,157.5703125,SUCCESS,,False,d7edcf4ca084e975b0b8d916d003c9c772e9c801b06175ee7112ef86cdea99f3,018e499280521e6e6764118d14af76ed4cee74fd501addf4dd69087da5bcc557,False,
phase3-253eb810baceba95f9173476,PHASE_3_EMPIRICAL_DILUTION_SCALING,PREREGISTERED_EMPIRICAL_DILUTION_SCALING,PRIMARY_MATRIX,development,task-p3-8e9274e2ed3a6080,g-f9e9faf277cb53e1,phase3-m14-b03-g-f9e9faf277cb53e1,14,8,14,16384,8,3,3,0.375,0.00018310546875,3.737298684576074,O0,MEAN_ENERGY,STANDARD_BASELINE,3,"[1103, 2207, 3301]",,1103.0,phase3-c2f47fb9903f1eadebc06b89,"[2.254958360817333, 4.922708285895103, 0.0, 3.2341176960289615, -0.7893767155083915, 0.0]","[2.254958360817333, 4.922708285895103, 0.0, 3.2341176960289615, -0.7893767155083915, 0.0]","[1.9330607425246962, 5.308870867891492, 0.7060231293159226, 3.1817960223464006, -0.5249754534812507, -0.22373552926261658]","[1.9330607425246962, 5.308870867891492, 0.7060231293159226, 3.1817960223464006, -0.5249754534812507, -0.22373552926261658]",COBYLA,240,240,240,241,3,Return from COBYLA because the objective function has been evaluated MAXFUN times.,1.3932131839431654,1.2983177496905625,0.09489543425260294,1.2983177496905625,0.05278010839383492,1.0234339129447658,0.2221037283519616,1.2455376412967274,0.04281747151840401,0.02834679502151684,0.6620380423288817,233.84048445251042,2.3689197020878083,0.1,0.6195851353633449,1.0454545454545454,False,0.042817471518403934,0.05718252848159607,True,True,1.0000000000000018,26.453010415658355,157.62890625,SUCCESS,,False,d7edcf4ca084e975b0b8d916d003c9c772e9c801b06175ee7112ef86cdea99f3,018e499280521e6e6764118d14af76ed4cee74fd501addf4dd69087da5bcc557,False,
phase3-29f3de133bd4f13c5830bd6d,PHASE_3_EMPIRICAL_DILUTION_SCALING,PREREGISTERED_EMPIRICAL_DILUTION_SCALING,PRIMARY_MATRIX,development,task-p3-8e9274e2ed3a6080,g-f9e9faf277cb53e1,phase3-m14-b03-g-f9e9faf277cb53e1,14,8,14,16384,8,3,3,0.375,0.00018310546875,3.737298684576074,O2,EXACT_FEASIBILITY_CAPACITY_CONTROL,STATEVECTOR_MECHANISTIC_CAPACITY_CONTROL,3,"[1103, 2207, 3301]",,1103.0,phase3-c2f47fb9903f1eadebc06b89,"[2.254958360817333, 4.922708285895103, 0.0, 3.2341176960289615, -0.7893767155083915, 0.0]","[2.254958360817333, 4.922708285895103, 0.0, 3.2341176960289615, -0.7893767155083915, 0.0]","[2.612728884754557, 5.481904813005752, 0.7449157921085783, 3.0824091748924314, -0.3933607410140198, -0.194139738006544]","[2.612728884754557, 5.481904813005752, 0.7449157921085783, 3.0824091748924314, -0.3933607410140198, -0.194139738006544]",COBYLA,240,240,240,241,3,Return from COBYLA because the objective function has been evaluated MAXFUN times.,0.9808466732765835,0.9488542624971451,0.031992410779438374,1.3908016444321074,0.06256254317652708,1.0009941718476194,0.32724492940796107,1.3282391012555805,0.05114573750285492,0.03205069761240073,0.6266543250180268,279.3239210822583,2.446108129933619,0.1,0.5373345293290098,1.0454545454545454,False,0.05114573750285484,0.04885426249714517,True,True,1.0000000000000018,3.903389737010002,157.62890625,SUCCESS,,False,d7edcf4ca084e975b0b8d916d003c9c772e9c801b06175ee7112ef86cdea99f3,018e499280521e6e6764118d14af76ed4cee74fd501addf4dd69087da5bcc557,False,
phase3-0060289d9fdd6e77fa544b5f,PHASE_3_EMPIRICAL_DILUTION_SCALING,PREREGISTERED_EMPIRICAL_DILUTION_SCALING,PRIMARY_MATRIX,development,task-p3-8e9274e2ed3a6080,g-f9e9faf277cb53e1,phase3-m14-b03-g-f9e9faf277cb53e1,14,8,14,16384,8,3,3,0.375,0.00018310546875,3.737298684576074,O3,CVAR_ENERGY,TAIL_FOCUSED_ROUTING_OBJECTIVE,3,"[1103, 2207, 3301]",,1103.0,phase3-c2f47fb9903f1eadebc06b89,"[2.254958360817333, 4.922708285895103, 0.0, 3.2341176960289615, -0.7893767155083915, 0.0]","[2.254958360817333, 4.922708285895103, 0.0, 3.2341176960289615, -0.7893767155083915, 0.0]","[2.74805424274709, 5.343240036902369, 0.7240609117156168, 3.0862322340511836, -0.39378888994797606, -0.19501142283093556]","[2.74805424274709, 5.343240036902369, 0.7240609117156168, 3.0862322340511836, -0.39378888994797606, -0.19501142283093556]",COBYLA,240,240,240,241,3,Return from COBYLA because the objective function has been evaluated MAXFUN times.,0.8550960324920289,0.5387205754075586,0.31637545708447035,1.3888409750277986,0.06242214183601153,1.0012631985890341,0.3251556346027528,1.326418833191787,0.05101936090374107,0.03152902743017019,0.6179816224992791,278.63373634896453,2.44503369867507,0.1,0.5387205754075586,1.0454545454545454,False,0.05101936090374107,0.04898063909625894,True,True,1.0,2.0468308068811893,157.62890625,SUCCESS,,False,d7edcf4ca084e975b0b8d916d003c9c772e9c801b06175ee7112ef86cdea99f3,018e499280521e6e6764118d14af76ed4cee74fd501addf4dd69087da5bcc557,False,
phase3-1427296b3c81670c8ea0c97e,PHASE_3_EMPIRICAL_DILUTION_SCALING,PREREGISTERED_EMPIRICAL_DILUTION_SCALING,PRIMARY_MATRIX,development,task-p3-544a26ce57064eff,g-f9e9faf277cb53e1,phase3-m14-b03-g-f9e9faf277cb53e1,14,8,14,16384,8,2,2,0.25,0.0001220703125,3.9133899436317554,P2_O0,MEAN_ENERGY_PREPARATION,COMMON_INITIALIZATION_PREPARATION,2,"[1103, 2207, 3301]",1103.0,1103.0,phase3-1427296b3c81670c8ea0c97e,,"[1.4361119332668082, 4.6766136583430296, 1.8287983773432719, 0.554097077555417]","[2.291113953208349, 4.917273390824467, 3.2489130023305544, -0.7970522158827931]","[2.291113953208349, 4.917273390824467, 3.2489130023305544, -0.7970522158827931]",COBYLA,120,120,120,121,3,Return from COBYLA because the objective function has been evaluated MAXFUN times.,2.8862468246743713,1.4092251444443342,1.477021680230037,1.4092251444443342,0.055408488952882695,1.067302198627208,0.28651445686424315,1.3538166554914512,0.017055764196624183,0.011389917510555292,0.6678045837904864,139.7208202987453,2.145261126709188,0.1,0.8754244515900511,1.0454545454545454,False,0.017055764196624214,0.08294423580337579,True,True,0.9999999999999982,11.932040547020733,157.578125,SUCCESS,,False,d7edcf4ca084e975b0b8d916d003c9c772e9c801b06175ee7112ef86cdea99f3,018e499280521e6e6764118d14af76ed4cee74fd501addf4dd69087da5bcc557,False,
phase3-3d41dc249f9cfe2268ebe405,PHASE_3_EMPIRICAL_DILUTION_SCALING,PREREGISTERED_EMPIRICAL_DILUTION_SCALING,PRIMARY_MATRIX,development,task-p3-544a26ce57064eff,g-f9e9faf277cb53e1,phase3-m14-b03-g-f9e9faf277cb53e1,14,8,14,16384,8,2,2,0.25,0.0001220703125,3.9133899436317554,P2_O0,MEAN_ENERGY_PREPARATION,COMMON_INITIALIZATION_PREPARATION,2,"[1103, 2207, 3301]",2207.0,1103.0,phase3-1427296b3c81670c8ea0c97e,,"[4.119365739193051, 4.0465795222369225, 1.5369649905613294, 0.28561357469155796]","[5.601225919770198, 4.116919388082661, 2.389168211984783, 0.14231323710549967]","[5.601225919770198, 4.116919388082661, 2.389168211984783, 0.14231323710549967]",COBYLA,120,120,120,121,3,Return from COBYLA because the objective function has been evaluated MAXFUN times.,2.6728906680695403,1.4734499769632325,1.1994406911063078,1.4734499769632325,0.08115783274505453,1.056606991872363,0.3356851523458152,1.392292144218178,0.02982190781860835,0.025451717041215117,0.8534570355466558,244.3010688500396,2.3879253670743728,0.1,0.7576209034085086,1.070580173595249,False,0.029821907818608443,0.01405198189307913,True,True,0.9999999999999969,12.919438283890486,157.578125,SUCCESS,,False,d7edcf4ca084e975b0b8d916d003c9c772e9c801b06175ee7112ef86cdea99f3,018e499280521e6e6764118d14af76ed4cee74fd501addf4dd69087da5bcc557,False,
phase3-3b8836ae27ad88d5c26dfefd,PHASE_3_EMPIRICAL_DILUTION_SCALING,PREREGISTERED_EMPIRICAL_DILUTION_SCALING,PRIMARY_MATRIX,development,task-p3-544a26ce57064eff,g-f9e9faf277cb53e1,phase3-m14-b03-g-f9e9faf277cb53e1,14,8,14,16384,8,2,2,0.25,0.0001220703125,3.9133899436317554,P2_O0,MEAN_ENERGY_PREPARATION,COMMON_INITIALIZATION_PREPARATION,2,"[1103, 2207, 3301]",3301.0,1103.0,phase3-1427296b3c81670c8ea0c97e,,"[2.8746040698350956, 3.2295534178963874, 1.3381083226815658, 0.4324890662459698]","[3.881726777177623, 2.0015640940656865, 2.3614903973371657, -0.18172364896005702]","[3.881726777177623, 2.0015640940656865, 2.3614903973371657, -0.18172364896005702]",COBYLA,120,120,120,121,3,Return from COBYLA because the objective function has been evaluated MAXFUN times.,2.877898881679076,1.6816264826739538,1.1962723990051223,1.6816264826739538,0.09547857193999232,1.1081083854716591,0.4780395252623021,1.5861479107339613,0.024247034649256347,0.023247477127965963,0.9587760921799549,198.631707846708,2.2980485767056598,0.1,0.8082553167072781,1.070580173595249,False,0.024247034649256326,0.000116989636125997,True,True,1.0000000000000009,12.750506274402142,157.578125,SUCCESS,,False,d7edcf4ca084e975b0b8d916d003c9c772e9c801b06175ee7112ef86cdea99f3,018e499280521e6e6764118d14af76ed4cee74fd501addf4dd69087da5bcc557,False,
phase3-a9ff033d3babc2325c9d22cb,PHASE_3_EMPIRICAL_DILUTION_SCALING,PREREGISTERED_EMPIRICAL_DILUTION_SCALING,PRIMARY_MATRIX,development,task-p3-544a26ce57064eff,g-f9e9faf277cb53e1,phase3-m14-b03-g-f9e9faf277cb53e1,14,8,14,16384,8,2,2,0.25,0.0001220703125,3.9133899436317554,O0,MEAN_ENERGY,STANDARD_BASELINE,3,"[1103, 2207, 3301]",,1103.0,phase3-1427296b3c81670c8ea0c97e,"[2.291113953208349, 4.917273390824467, 0.0, 3.2489130023305544, -0.7970522158827931, 0.0]","[2.291113953208349, 4.917273390824467, 0.0, 3.2489130023305544, -0.7970522158827931, 0.0]","[2.2513389498939285, 4.8527799551391775, -0.8491153807480144, 3.1894576400845476, -0.9172971958119196, 0.19091457216962998]","[2.2513389498939285, 4.8527799551391775, -0.8491153807480144, 3.1894576400845476, -0.9172971958119196, 0.19091457216962998]",COBYLA,240,240,240,241,3,Return from COBYLA because the objective function has been evaluated MAXFUN times.,1.4092251444443342,1.3171582718527521,0.09206687259158208,1.3171582718527521,0.05236153292669594,1.041321476334702,0.22347526259135447,1.2647967389260564,0.031587133318546845,0.024862720583027447,0.7871154476822668,258.76179614553575,2.4129001570510273,0.1,0.729613320388265,1.0454545454545454,False,0.03158713331854686,0.06841286668145315,True,True,0.9999999999999994,29.099207401275635,157.7734375,SUCCESS,,False,d7edcf4ca084e975b0b8d916d003c9c772e9c801b06175ee7112ef86cdea99f3,018e499280521e6e6764118d14af76ed4cee74fd501addf4dd69087da5bcc557,False,
phase3-ae3d0d5b16f03ca4f0563341,PHASE_3_EMPIRICAL_DILUTION_SCALING,PREREGISTERED_EMPIRICAL_DILUTION_SCALING,PRIMARY_MATRIX,development,task-p3-544a26ce57064eff,g-f9e9faf277cb53e1,phase3-m14-b03-g-f9e9faf277cb53e1,14,8,14,16384,8,2,2,0.25,0.0001220703125,3.9133899436317554,O2,EXACT_FEASIBILITY_CAPACITY_CONTROL,STATEVECTOR_MECHANISTIC_CAPACITY_CONTROL,3,"[1103, 2207, 3301]",,1103.0,phase3-1427296b3c81670c8ea0c97e,"[2.291113953208349, 4.917273390824467, 0.0, 3.2489130023305544, -0.7970522158827931, 0.0]","[2.291113953208349, 4.917273390824467, 0.0, 3.2489130023305544, -0.7970522158827931, 0.0]","[2.5279137196080823, 5.366996655608367, 0.8226976313489672, 3.1121361425418024, -0.4016932234107735, -0.21052134275283563]","[2.5279137196080823, 5.366996655608367, 0.8226976313489672, 3.1121361425418024, -0.4016932234107735, -0.21052134275283563]",COBYLA,240,240,240,241,3,Return from COBYLA because the objective function has been evaluated MAXFUN times.,0.9829442358033759,0.9551991213747705,0.02774511442860539,1.3970579545911845,0.0599660218673021,1.0002834164486014,0.336808516275281,1.3370919327238824,0.044800878625229516,0.033942462191245054,0.7576293865837361,367.0087976978802,2.5646764750037176,0.1,0.5978203722661117,1.0454545454545454,False,0.0448008786252294,0.05519912137477061,True,True,1.0000000000000027,2.5720484042540193,157.7734375,SUCCESS,,False,d7edcf4ca084e975b0b8d916d003c9c772e9c801b06175ee7112ef86cdea99f3,018e499280521e6e6764118d14af76ed4cee74fd501addf4dd69087da5bcc557,False,
phase3-6a91936d95fbcd2a695c08e9,PHASE_3_EMPIRICAL_DILUTION_SCALING,PREREGISTERED_EMPIRICAL_DILUTION_SCALING,PRIMARY_MATRIX,development,task-p3-544a26ce57064eff,g-f9e9faf277cb53e1,phase3-m14-b03-g-f9e9faf277cb53e1,14,8,14,16384,8,2,2,0.25,0.0001220703125,3.9133899436317554,O3,CVAR_ENERGY,TAIL_FOCUSED_ROUTING_OBJECTIVE,3,"[1103, 2207, 3301]",,1103.0,phase3-1427296b3c81670c8ea0c97e,"[2.291113953208349, 4.917273390824467, 0.0, 3.2489130023305544, -0.7970522158827931, 0.0]","[2.291113953208349, 4.917273390824467, 0.0, 3.2489130023305544, -0.7970522158827931, 0.0]","[2.696127528628628, 5.4360436252679305, -1.2120347488813143, 3.0983060413850114, -0.6256142508902816, 0.1881986210339006]","[2.696127528628628, 5.4360436252679305, -1.2120347488813143, 3.0983060413850114, -0.6256142508902816, 0.1881986210339006]",COBYLA,240,240,240,241,3,Return from COBYLA because the objective function has been evaluated MAXFUN times.,0.8754244515900511,0.4520137857078674,0.42341066588218373,1.4684484523282435,0.07470647146243019,0.9875804774653768,0.4061615034004367,1.3937419808658134,0.05973165615361414,0.03886571146982394,0.6506719212651919,489.32172721040706,2.689594500039709,0.1,0.4520137857078674,1.0605299223389675,False,0.05973165615361409,0.003802389894780364,True,True,1.0000000000000009,2.9269405622035265,157.7734375,SUCCESS,,False,d7edcf4ca084e975b0b8d916d003c9c772e9c801b06175ee7112ef86cdea99f3,018e499280521e6e6764118d14af76ed4cee74fd501addf4dd69087da5bcc557,False,
phase3-4ffee17694696453f95f3215,PHASE_3_EMPIRICAL_DILUTION_SCALING,PREREGISTERED_EMPIRICAL_DILUTION_SCALING,PRIMARY_MATRIX,development,task-p3-9203110695eef505,g-f9e9faf277cb53e1,phase3-m14-b03-g-f9e9faf277cb53e1,14,8,14,16384,8,1,1,0.125,6.103515625e-05,4.214419939295737,P2_O0,MEAN_ENERGY_PREPARATION,COMMON_INITIALIZATION_PREPARATION,2,"[1103, 2207, 3301]",1103.0,1103.0,phase3-4ffee17694696453f95f3215,,"[1.4361119332668082, 4.6766136583430296, 1.8287983773432719, 0.554097077555417]","[4.759465589777022, 3.260473642332498, 0.4739141319210866, -1.1357752239164138]","[4.759465589777022, 3.260473642332498, 0.4739141319210866, -1.1357752239164138]",COBYLA,120,120,120,121,3,Return from COBYLA because the objective function has been evaluated MAXFUN times.,3.2055599528354977,1.7822158354450395,1.4233441173904582,1.7822158354450395,0.039483880644815596,1.068253672195815,0.6744782826044095,1.7427319548002247,0.006691006835029324,0.006691006835029324,1.0,109.62545598512044,2.039911412817972,0.1,0.9781929623550387,1.0454545454545454,False,0.006691006835029321,0.09330899316497068,True,True,1.0000000000000004,8.004547209478915,157.5703125,SUCCESS,,False,d7edcf4ca084e975b0b8d916d003c9c772e9c801b06175ee7112ef86cdea99f3,018e499280521e6e6764118d14af76ed4cee74fd501addf4dd69087da5bcc557,False,
phase3-be94ea1be69d1800e6145401,PHASE_3_EMPIRICAL_DILUTION_SCALING,PREREGISTERED_EMPIRICAL_DILUTION_SCALING,PRIMARY_MATRIX,development,task-p3-9203110695eef505,g-f9e9faf277cb53e1,phase3-m14-b03-g-f9e9faf277cb53e1,14,8,14,16384,8,1,1,0.125,6.103515625e-05,4.214419939295737,P2_O0,MEAN_ENERGY_PREPARATION,COMMON_INITIALIZATION_PREPARATION,2,"[1103, 2207, 3301]",2207.0,1103.0,phase3-4ffee17694696453f95f3215,,"[4.119365739193051, 4.0465795222369225, 1.5369649905613294, 0.28561357469155796]","[5.304728975165866, 4.103021734145422, 2.8766163876203876, -0.5454168663565109]","[5.304728975165866, 4.103021734145422, 2.8766163876203876, -0.5454168663565109]",COBYLA,120,120,120,121,3,Return from COBYLA because the objective function has been evaluated MAXFUN times.,2.865514328270656,1.8161346387410062,1.0493796895296499,1.8161346387410062,0.048437687499928425,1.057645509332075,0.7100514419090026,1.7676969512410774,0.016040643047377644,0.016040643047377644,1.0,262.8098956882353,2.419641713862948,0.1,0.8842054133131362,1.0454545454545454,False,0.016040643047377633,0.08395935695262237,True,True,1.0000000000000007,7.013969471678138,157.5703125,SUCCESS,,False,d7edcf4ca084e975b0b8d916d003c9c772e9c801b06175ee7112ef86cdea99f3,018e499280521e6e6764118d14af76ed4cee74fd501addf4dd69087da5bcc557,False,
phase3-e06024cde0edf8eaf8c14397,PHASE_3_EMPIRICAL_DILUTION_SCALING,PREREGISTERED_EMPIRICAL_DILUTION_SCALING,PRIMARY_MATRIX,development,task-p3-9203110695eef505,g-f9e9faf277cb53e1,phase3-m14-b03-g-f9e9faf277cb53e1,14,8,14,16384,8,1,1,0.125,6.103515625e-05,4.214419939295737,P2_O0,MEAN_ENERGY_PREPARATION,COMMON_INITIALIZATION_PREPARATION,2,"[1103, 2207, 3301]",3301.0,1103.0,phase3-4ffee17694696453f95f3215,,"[2.8746040698350956, 3.2295534178963874, 1.3381083226815658, 0.4324890662459698]","[5.659849083852512, 3.6836458603323448, 2.3156063066223016, 0.17740009420892983]","[5.659849083852512, 3.6836458603323448, 2.3156063066223016, 0.17740009420892983]",COBYLA,120,120,120,121,3,Return from COBYLA because the objective function has been evaluated MAXFUN times.,3.106360471506415,1.8726337698808728,1.233726701625542,1.8726337698808728,0.06930761828380959,1.0733253968999181,0.7300007546971458,1.8033261515970633,0.009179471916174534,0.009179471916174534,1.0,150.39646787460356,2.1772376367836683,0.1,0.9531775790244765,1.0454545454545454,False,0.00917947191617454,0.09082052808382546,True,True,0.9999999999999993,6.643608897924423,157.5703125,SUCCESS,,False,d7edcf4ca084e975b0b8d916d003c9c772e9c801b06175ee7112ef86cdea99f3,018e499280521e6e6764118d14af76ed4cee74fd501addf4dd69087da5bcc557,False,
phase3-591bc19d7752522f3d503b01,PHASE_3_EMPIRICAL_DILUTION_SCALING,PREREGISTERED_EMPIRICAL_DILUTION_SCALING,PRIMARY_MATRIX,development,task-p3-9203110695eef505,g-f9e9faf277cb53e1,phase3-m14-b03-g-f9e9faf277cb53e1,14,8,14,16384,8,1,1,0.125,6.103515625e-05,4.214419939295737,O0,MEAN_ENERGY,STANDARD_BASELINE,3,"[1103, 2207, 3301]",,1103.0,phase3-4ffee17694696453f95f3215,"[4.759465589777022, 3.260473642332498, 0.0, 0.4739141319210866, -1.1357752239164138, 0.0]","[4.759465589777022, 3.260473642332498, 0.0, 0.4739141319210866, -1.1357752239164138, 0.0]","[5.182940178848404, 3.7305597565997894, 1.24890109719295, 0.7460302935863787, -1.1647906476429148, -0.20882340586797243]","[5.182940178848404, 3.7305597565997894, 1.24890109719295, 0.7460302935863787, -1.1647906476429148, -0.20882340586797243]",COBYLA,240,240,240,241,3,Return from COBYLA because the objective function has been evaluated MAXFUN times.,1.7822158354450395,1.546386197402061,0.23582963804297852,1.546386197402061,0.03520806670920943,1.0205933010694233,0.4905848296234283,1.5111781306928516,0.036623646889718336,0.036623646889718336,1.0,600.0418306411452,2.778181527355941,0.1,0.677294038461283,1.0454545454545454,False,0.03662364688971831,0.0633763531102817,True,True,1.0000000000000007,26.27311782538891,157.7734375,SUCCESS,,False,d7edcf4ca084e975b0b8d916d003c9c772e9c801b06175ee7112ef86cdea99f3,018e499280521e6e6764118d14af76ed4cee74fd501addf4dd69087da5bcc557,False,
phase3-06c763288ab54480338f0cde,PHASE_3_EMPIRICAL_DILUTION_SCALING,PREREGISTERED_EMPIRICAL_DILUTION_SCALING,PRIMARY_MATRIX,development,task-p3-9203110695eef505,g-f9e9faf277cb53e1,phase3-m14-b03-g-f9e9faf277cb53e1,14,8,14,16384,8,1,1,0.125,6.103515625e-05,4.214419939295737,O2,EXACT_FEASIBILITY_CAPACITY_CONTROL,STATEVECTOR_MECHANISTIC_CAPACITY_CONTROL,3,"[1103, 2207, 3301]",,1103.0,phase3-4ffee17694696453f95f3215,"[4.759465589777022, 3.260473642332498, 0.0, 0.4739141319210866, -1.1357752239164138, 0.0]","[4.759465589777022, 3.260473642332498, 0.0, 0.4739141319210866, -1.1357752239164138, 0.0]","[4.291977105035817, 2.6306153519849036, -1.3203944344255165, -0.021885894023985664, -0.6413072352875248, 0.23556490985675624]","[4.291977105035817, 2.6306153519849036, -1.3203944344255165, -0.021885894023985664, -0.6413072352875248, 0.23556490985675624]",COBYLA,240,240,240,241,3,Return from COBYLA because the objective function has been evaluated MAXFUN times.,0.9933089931649707,0.9351320317251858,0.0581769614397849,1.8259667292980277,0.07261693500485775,0.9638328876078024,0.7895169066853678,1.75334979429317,0.06486796827481424,0.06486796827481424,1.0,1062.7967922145565,3.0264502349312963,0.1,0.39336699776734124,1.0454545454545454,False,0.06486796827481436,0.03513203172518564,True,True,0.9999999999999981,3.1714999368414283,157.7734375,SUCCESS,,False,d7edcf4ca084e975b0b8d916d003c9c772e9c801b06175ee7112ef86cdea99f3,018e499280521e6e6764118d14af76ed4cee74fd501addf4dd69087da5bcc557,False,
phase3-6861d4c21696783520a4c392,PHASE_3_EMPIRICAL_DILUTION_SCALING,PREREGISTERED_EMPIRICAL_DILUTION_SCALING,PRIMARY_MATRIX,development,task-p3-9203110695eef505,g-f9e9faf277cb53e1,phase3-m14-b03-g-f9e9faf277cb53e1,14,8,14,16384,8,1,1,0.125,6.103515625e-05,4.214419939295737,O3,CVAR_ENERGY,TAIL_FOCUSED_ROUTING_OBJECTIVE,3,"[1103, 2207, 3301]",,1103.0,phase3-4ffee17694696453f95f3215,"[4.759465589777022, 3.260473642332498, 0.0, 0.4739141319210866, -1.1357752239164138, 0.0]","[4.759465589777022, 3.260473642332498, 0.0, 0.4739141319210866, -1.1357752239164138, 0.0]","[4.287363297589544, 2.712954800581109, -1.3241010912066167, 0.611498357079189, -1.146424722462036, 0.2454422752354345]","[4.287363297589544, 2.712954800581109, -1.3241010912066167, 0.611498357079189, -1.146424722462036, 0.2454422752354345]",COBYLA,240,240,240,241,3,Return from COBYLA because the objective function has been evaluated MAXFUN times.,0.9781929623550387,0.5130398608309239,0.4651531015241148,1.7394289739044737,0.057328537196295506,1.00791715264543,0.6741832840627479,1.682100436708178,0.052963224023681296,0.052963224023681296,1.0,867.7494624039944,2.9383943532854824,0.1,0.5130398608309239,1.0454545454545454,False,0.05296322402368133,0.047036775976318675,True,True,0.9999999999999993,4.521123870275915,157.7734375,SUCCESS,,False,d7edcf4ca084e975b0b8d916d003c9c772e9c801b06175ee7112ef86cdea99f3,018e499280521e6e6764118d14af76ed4cee74fd501addf4dd69087da5bcc557,False,
phase3-21de597b00646927a8590523,PHASE_3_EMPIRICAL_DILUTION_SCALING,PREREGISTERED_EMPIRICAL_DILUTION_SCALING,PRIMARY_MATRIX,development,task-p3-0a4af485d18a0ad5,g-cd9098863d67a067,phase3-m16-b00-g-cd9098863d67a067,16,9,16,65536,9,9,9,1.0,0.0001373291015625,3.8622374211843744,P2_O0,MEAN_ENERGY_PREPARATION,COMMON_INITIALIZATION_PREPARATION,2,"[1103, 2207, 3301]",1103.0,2207.0,phase3-d53c731bb5d752d15e250e41,,"[1.4361119332668082, 4.6766136583430296, 1.8287983773432719, 0.554097077555417]","[2.606432135758591, 4.421099955362594, 2.2467551751499344, 0.08558514188715934]","[2.606432135758591, 4.421099955362594, 2.2467551751499344, 0.08558514188715934]",COBYLA,120,120,120,121,3,Return from COBYLA because the objective function has been evaluated MAXFUN times.,2.560457512088119,1.7884503352666716,0.7720071768214474,1.7884503352666716,0.15842911252491532,1.2099169251918356,0.4201042975499208,1.6300212227417565,0.011367411357890914,0.0022100205665934436,0.19441722455652263,82.77496341674878,1.9178989974832101,0.1,0.98696469041292,1.1367552045944005,False,0.01136741135789092,2.500192919946409e-06,True,True,0.9999999999999997,24.947458846494555,169.8828125,SUCCESS,,False,d7edcf4ca084e975b0b8d916d003c9c772e9c801b06175ee7112ef86cdea99f3,018e499280521e6e6764118d14af76ed4cee74fd501addf4dd69087da5bcc557,False,
phase3-d53c731bb5d752d15e250e41,PHASE_3_EMPIRICAL_DILUTION_SCALING,PREREGISTERED_EMPIRICAL_DILUTION_SCALING,PRIMARY_MATRIX,development,task-p3-0a4af485d18a0ad5,g-cd9098863d67a067,phase3-m16-b00-g-cd9098863d67a067,16,9,16,65536,9,9,9,1.0,0.0001373291015625,3.8622374211843744,P2_O0,MEAN_ENERGY_PREPARATION,COMMON_INITIALIZATION_PREPARATION,2,"[1103, 2207, 3301]",2207.0,2207.0,phase3-d53c731bb5d752d15e250e41,,"[4.119365739193051, 4.0465795222369225, 1.5369649905613294, 0.28561357469155796]","[5.636941124841006, 3.9640662903657797, 2.495247464562752, 0.09176899046362276]","[5.636941124841006, 3.9640662903657797, 2.495247464562752, 0.09176899046362276]",COBYLA,120,120,120,121,3,Return from COBYLA because the objective function has been evaluated MAXFUN times.,2.5530968711158644,1.3597627717730751,1.1933340993427892,1.3597627717730751,0.11386756598061973,1.075880186101491,0.17001501969096436,1.2458952057924553,0.03556932976520966,0.006615539469004319,0.1859899951073853,259.0079550547534,2.413313103013016,0.1,0.7172913933197191,1.1060660445082557,False,0.035569329765209684,0.00038553803850294166,True,True,0.9999999999999993,26.222032314166427,169.8828125,SUCCESS,,False,d7edcf4ca084e975b0b8d916d003c9c772e9c801b06175ee7112ef86cdea99f3,018e499280521e6e6764118d14af76ed4cee74fd501addf4dd69087da5bcc557,False,
phase3-5c211abbe532531a23c588b8,PHASE_3_EMPIRICAL_DILUTION_SCALING,PREREGISTERED_EMPIRICAL_DILUTION_SCALING,PRIMARY_MATRIX,development,task-p3-0a4af485d18a0ad5,g-cd9098863d67a067,phase3-m16-b00-g-cd9098863d67a067,16,9,16,65536,9,9,9,1.0,0.0001373291015625,3.8622374211843744,P2_O0,MEAN_ENERGY_PREPARATION,COMMON_INITIALIZATION_PREPARATION,2,"[1103, 2207, 3301]",3301.0,2207.0,phase3-d53c731bb5d752d15e250e41,,"[2.8746040698350956, 3.2295534178963874, 1.3381083226815658, 0.4324890662459698]","[4.679364079948605, 3.8933740906704437, 2.467298117795713, 0.0881936408227552]","[4.679364079948605, 3.8933740906704437, 2.467298117795713, 0.0881936408227552]",COBYLA,120,120,120,121,3,Return from COBYLA because the objective function has been evaluated MAXFUN times.,2.7338193497533925,1.6336202158604944,1.100199133892898,1.6336202158604944,0.13720643842698865,1.1309102351263742,0.36550354230713145,1.4964137774335058,0.021496028894655506,0.0031516930576345956,0.14661745539513074,156.52930551557148,2.1945956583823283,0.1,0.8570265877332918,1.1110911701363964,False,0.02149602889465556,0.00018556415785013491,True,True,0.9999999999999978,24.578885899856687,169.8828125,SUCCESS,,False,d7edcf4ca084e975b0b8d916d003c9c772e9c801b06175ee7112ef86cdea99f3,018e499280521e6e6764118d14af76ed4cee74fd501addf4dd69087da5bcc557,False,
phase3-05c95fa092c7a599c8777f1b,PHASE_3_EMPIRICAL_DILUTION_SCALING,PREREGISTERED_EMPIRICAL_DILUTION_SCALING,PRIMARY_MATRIX,development,task-p3-0a4af485d18a0ad5,g-cd9098863d67a067,phase3-m16-b00-g-cd9098863d67a067,16,9,16,65536,9,9,9,1.0,0.0001373291015625,3.8622374211843744,O0,MEAN_ENERGY,STANDARD_BASELINE,3,"[1103, 2207, 3301]",,2207.0,phase3-d53c731bb5d752d15e250e41,"[5.636941124841006, 3.9640662903657797, 0.0, 2.495247464562752, 0.09176899046362276, 0.0]","[5.636941124841006, 3.9640662903657797, 0.0, 2.495247464562752, 0.09176899046362276, 0.0]","[6.631085756430596, 4.491983326933817, 0.09420598133642064, 2.457260853119554, 0.1661479570580882, -0.07676140989875041]","[6.631085756430596, 4.491983326933817, 0.09420598133642064, 2.457260853119554, 0.1661479570580882, -0.07676140989875041]",COBYLA,240,240,240,241,3,Return from COBYLA because the objective function has been evaluated MAXFUN times.,1.3597627717730751,1.1541008872061336,0.20566188456694157,1.1541008872061336,0.08713380497096053,1.0174853189526154,0.04948176328255725,1.066967082235173,0.06380632594058194,0.012953898661005872,0.20301903408556807,464.6234863157754,2.6671011592299014,0.1,0.41861530520543655,1.0558147882268487,False,0.063806325940582,0.001612237393391877,True,True,0.9999999999999992,55.03302884940058,170.96875,SUCCESS,,False,d7edcf4ca084e975b0b8d916d003c9c772e9c801b06175ee7112ef86cdea99f3,018e499280521e6e6764118d14af76ed4cee74fd501addf4dd69087da5bcc557,False,
phase3-39d2ba789eec415429fe6d1b,PHASE_3_EMPIRICAL_DILUTION_SCALING,PREREGISTERED_EMPIRICAL_DILUTION_SCALING,PRIMARY_MATRIX,development,task-p3-0a4af485d18a0ad5,g-cd9098863d67a067,phase3-m16-b00-g-cd9098863d67a067,16,9,16,65536,9,9,9,1.0,0.0001373291015625,3.8622374211843744,O2,EXACT_FEASIBILITY_CAPACITY_CONTROL,STATEVECTOR_MECHANISTIC_CAPACITY_CONTROL,3,"[1103, 2207, 3301]",,2207.0,phase3-d53c731bb5d752d15e250e41,"[5.636941124841006, 3.9640662903657797, 0.0, 2.495247464562752, 0.09176899046362276, 0.0]","[5.636941124841006, 3.9640662903657797, 0.0, 2.495247464562752, 0.09176899046362276, 0.0]","[6.722028450033216, 4.2992297220244575, -0.425648290008964, 2.4582921714700223, 0.09746386575814267, 0.1000209244141488]","[6.722028450033216, 4.2992297220244575, -0.425648290008964, 2.4582921714700223, 0.09746386575814267, 0.1000209244141488]",COBYLA,240,240,240,241,3,Return from COBYLA because the objective function has been evaluated MAXFUN times.,0.9644306702347903,0.9113176964954006,0.053112973739389724,1.2598937124414713,0.10121506619145237,1.003377794143005,0.15530085210701403,1.158678646250019,0.08868230350459937,0.017576600637213613,0.19819738485144367,645.764826941936,2.8100743864832056,0.1,0.17465932959733524,1.0558147882268487,False,0.08868230350459938,0.0002127167888286985,True,True,0.9999999999999998,13.106897179968655,170.96875,SUCCESS,,False,d7edcf4ca084e975b0b8d916d003c9c772e9c801b06175ee7112ef86cdea99f3,018e499280521e6e6764118d14af76ed4cee74fd501addf4dd69087da5bcc557,False,
phase3-dd606acf988257db9ad11486,PHASE_3_EMPIRICAL_DILUTION_SCALING,PREREGISTERED_EMPIRICAL_DILUTION_SCALING,PRIMARY_MATRIX,development,task-p3-0a4af485d18a0ad5,g-cd9098863d67a067,phase3-m16-b00-g-cd9098863d67a067,16,9,16,65536,9,9,9,1.0,0.0001373291015625,3.8622374211843744,O3,CVAR_ENERGY,TAIL_FOCUSED_ROUTING_OBJECTIVE,3,"[1103, 2207, 3301]",,2207.0,phase3-d53c731bb5d752d15e250e41,"[5.636941124841006, 3.9640662903657797, 0.0, 2.495247464562752, 0.09176899046362276, 0.0]","[5.636941124841006, 3.9640662903657797, 0.0, 2.495247464562752, 0.09176899046362276, 0.0]","[6.7677040991792445, 3.9944230415547595, 0.5118402165439884, 2.446265070318524, 0.37982529745482474, -0.21026819261107654]","[6.7677040991792445, 3.9944230415547595, 0.5118402165439884, 2.446265070318524, 0.37982529745482474, -0.21026819261107654]",COBYLA,240,240,240,241,3,Return from COBYLA because the objective function has been evaluated MAXFUN times.,0.7172913933197191,0.06067858986787308,0.656612803451846,1.1878643143790362,0.08972372073670483,0.9771474284322793,0.12099316521005227,1.0981405936423314,0.10512564331065245,0.022345856957749873,0.21256333140066075,765.5015733341021,2.8839460876399188,0.1,0.06067858986787308,0.09547738693467336,True,0.1,0.002313495403325719,True,True,0.9999999999999999,14.200130334123969,170.96875,SUCCESS,,False,d7edcf4ca084e975b0b8d916d003c9c772e9c801b06175ee7112ef86cdea99f3,018e499280521e6e6764118d14af76ed4cee74fd501addf4dd69087da5bcc557,False,
phase3-9a0b42fcc560b359fa7a3138,PHASE_3_EMPIRICAL_DILUTION_SCALING,PREREGISTERED_EMPIRICAL_DILUTION_SCALING,PRIMARY_MATRIX,development,task-p3-2e15b4f402c05649,g-cd9098863d67a067,phase3-m16-b00-g-cd9098863d67a067,16,9,16,65536,9,6,6,0.6666666666666666,9.1552734375e-05,4.038328680240055,P2_O0,MEAN_ENERGY_PREPARATION,COMMON_INITIALIZATION_PREPARATION,2,"[1103, 2207, 3301]",1103.0,2207.0,phase3-18af2e4c7db8f0e363449ca0,,"[1.4361119332668082, 4.6766136583430296, 1.8287983773432719, 0.554097077555417]","[4.182008528602487, 4.264986664947088, 2.32308039991185, 0.14115248221641408]","[4.182008528602487, 4.264986664947088, 2.32308039991185, 0.14115248221641408]",COBYLA,120,120,120,121,3,Return from COBYLA because the objective function has been evaluated MAXFUN times.,3.0150645946796213,1.7377448440884162,1.277319750591205,1.7377448440884162,0.11891322188097302,1.1158530462935987,0.5029785759138442,1.618831622207443,0.026515196448562747,0.0048300345521197175,0.18216099441275416,289.6166524088347,2.461823529352971,0.1,0.7981600835370086,1.0809404163675522,False,0.02651519644856279,0.0006085114697940014,True,True,0.9999999999999984,26.520339802838862,170.34375,SUCCESS,,False,d7edcf4ca084e975b0b8d916d003c9c772e9c801b06175ee7112ef86cdea99f3,018e499280521e6e6764118d14af76ed4cee74fd501addf4dd69087da5bcc557,False,
phase3-18af2e4c7db8f0e363449ca0,PHASE_3_EMPIRICAL_DILUTION_SCALING,PREREGISTERED_EMPIRICAL_DILUTION_SCALING,PRIMARY_MATRIX,development,task-p3-2e15b4f402c05649,g-cd9098863d67a067,phase3-m16-b00-g-cd9098863d67a067,16,9,16,65536,9,6,6,0.6666666666666666,9.1552734375e-05,4.038328680240055,P2_O0,MEAN_ENERGY_PREPARATION,COMMON_INITIALIZATION_PREPARATION,2,"[1103, 2207, 3301]",2207.0,2207.0,phase3-18af2e4c7db8f0e363449ca0,,"[4.119365739193051, 4.0465795222369225, 1.5369649905613294, 0.28561357469155796]","[4.463931814573434, 4.312515755114625, 3.130072953892847, -0.7038012551035097]","[4.463931814573434, 4.312515755114625, 3.130072953892847, -0.7038012551035097]",COBYLA,120,120,120,121,3,Return from COBYLA because the objective function has been evaluated MAXFUN times.,2.7462838587924896,1.266434379578121,1.4798494792143686,1.266434379578121,0.04825924198294122,1.0262418458556317,0.19193329173954846,1.2181751375951797,0.03379928449392524,0.00941204846724579,0.27846886726070846,369.17831809898075,2.5672361869192164,0.1,0.7048491433224,1.0357142857142858,False,0.033799284493925184,0.06620071550607481,True,True,1.0000000000000018,24.66409041173756,170.34375,SUCCESS,,False,d7edcf4ca084e975b0b8d916d003c9c772e9c801b06175ee7112ef86cdea99f3,018e499280521e6e6764118d14af76ed4cee74fd501addf4dd69087da5bcc557,False,
phase3-2a9927f17d683a4603287914,PHASE_3_EMPIRICAL_DILUTION_SCALING,PREREGISTERED_EMPIRICAL_DILUTION_SCALING,PRIMARY_MATRIX,development,task-p3-2e15b4f402c05649,g-cd9098863d67a067,phase3-m16-b00-g-cd9098863d67a067,16,9,16,65536,9,6,6,0.6666666666666666,9.1552734375e-05,4.038328680240055,P2_O0,MEAN_ENERGY_PREPARATION,COMMON_INITIALIZATION_PREPARATION,2,"[1103, 2207, 3301]",3301.0,2207.0,phase3-18af2e4c7db8f0e363449ca0,,"[2.8746040698350956, 3.2295534178963874, 1.3381083226815658, 0.4324890662459698]","[4.722962072098754, 1.7690869905333035, 2.3738417927612225, -0.15671645146745242]","[4.722962072098754, 1.7690869905333035, 2.3738417927612225, -0.15671645146745242]",COBYLA,120,120,120,121,3,Return from COBYLA because the objective function has been evaluated MAXFUN times.,2.960737205072226,1.5572831752039706,1.4034540298682552,1.5572831752039706,0.09087223750763287,1.0832888027245176,0.38312213497182,1.4664109376963372,0.028747872434504686,0.0052637079877202175,0.18309904497149648,314.00342797794985,2.4969343892954483,0.1,0.7581336517067051,1.0457645369705673,False,0.028747872434504686,0.006558241367534259,True,True,1.0,24.820261051878333,170.34375,SUCCESS,,False,d7edcf4ca084e975b0b8d916d003c9c772e9c801b06175ee7112ef86cdea99f3,018e499280521e6e6764118d14af76ed4cee74fd501addf4dd69087da5bcc557,False,
phase3-421f055ac1a38d4c2a0d15c9,PHASE_3_EMPIRICAL_DILUTION_SCALING,PREREGISTERED_EMPIRICAL_DILUTION_SCALING,PRIMARY_MATRIX,development,task-p3-2e15b4f402c05649,g-cd9098863d67a067,phase3-m16-b00-g-cd9098863d67a067,16,9,16,65536,9,6,6,0.6666666666666666,9.1552734375e-05,4.038328680240055,O0,MEAN_ENERGY,STANDARD_BASELINE,3,"[1103, 2207, 3301]",,2207.0,phase3-18af2e4c7db8f0e363449ca0,"[4.463931814573434, 4.312515755114625, 0.0, 3.130072953892847, -0.7038012551035097, 0.0]","[4.463931814573434, 4.312515755114625, 0.0, 3.130072953892847, -0.7038012551035097, 0.0]","[4.2257630758707485, 4.113466361804857, -0.3140048316599706, 3.1410104636204443, -0.8292951708798143, 0.13261838422353314]","[4.2257630758707485, 4.113466361804857, -0.3140048316599706, 3.1410104636204443, -0.8292951708798143, 0.13261838422353314]",COBYLA,240,240,240,241,3,Return from COBYLA because the objective function has been evaluated MAXFUN times.,1.266434379578121,1.234870078088745,0.031564301489376057,1.234870078088745,0.04916173024495283,1.0153563683179698,0.17035197952582168,1.185708347843792,0.041821787641059,0.010940819462360274,0.2616057342230633,456.80544580740707,2.6597312727115408,0.1,0.6266986994494165,1.0357142857142858,False,0.041821787641058976,0.05817821235894103,True,True,1.0000000000000004,56.167134158313274,170.9921875,SUCCESS,,False,d7edcf4ca084e975b0b8d916d003c9c772e9c801b06175ee7112ef86cdea99f3,018e499280521e6e6764118d14af76ed4cee74fd501addf4dd69087da5bcc557,False,
phase3-38a8f4aa1d4e9b36781768c6,PHASE_3_EMPIRICAL_DILUTION_SCALING,PREREGISTERED_EMPIRICAL_DILUTION_SCALING,PRIMARY_MATRIX,development,task-p3-2e15b4f402c05649,g-cd9098863d67a067,phase3-m16-b00-g-cd9098863d67a067,16,9,16,65536,9,6,6,0.6666666666666666,9.1552734375e-05,4.038328680240055,O2,EXACT_FEASIBILITY_CAPACITY_CONTROL,STATEVECTOR_MECHANISTIC_CAPACITY_CONTROL,3,"[1103, 2207, 3301]",,2207.0,phase3-18af2e4c7db8f0e363449ca0,"[4.463931814573434, 4.312515755114625, 0.0, 3.130072953892847, -0.7038012551035097, 0.0]","[4.463931814573434, 4.312515755114625, 0.0, 3.130072953892847, -0.7038012551035097, 0.0]","[4.486429861493126, 4.453357048690669, 0.6578618972609371, 3.0010301985298757, -0.3904991072148352, -0.15887256757024665]","[4.486429861493126, 4.453357048690669, 0.6578618972609371, 3.0010301985298757, -0.3904991072148352, -0.15887256757024665]",COBYLA,240,240,240,241,3,Return from COBYLA because the objective function has been evaluated MAXFUN times.,0.9662007155060748,0.9330199286810047,0.033180786825070085,1.2618372049071396,0.05731124501850501,0.983763389889123,0.22076256999951138,1.2045259598886344,0.06698007131899532,0.016688259304475404,0.24915260578026094,731.6009923269462,2.8642742858719363,0.1,0.3810310424637958,1.0357142857142858,False,0.06698007131899503,0.03301992868100498,True,True,1.0000000000000042,13.625879779458046,170.9921875,SUCCESS,,False,d7edcf4ca084e975b0b8d916d003c9c772e9c801b06175ee7112ef86cdea99f3,018e499280521e6e6764118d14af76ed4cee74fd501addf4dd69087da5bcc557,False,
phase3-a65dfedc7737d3886d46a36b,PHASE_3_EMPIRICAL_DILUTION_SCALING,PREREGISTERED_EMPIRICAL_DILUTION_SCALING,PRIMARY_MATRIX,development,task-p3-2e15b4f402c05649,g-cd9098863d67a067,phase3-m16-b00-g-cd9098863d67a067,16,9,16,65536,9,6,6,0.6666666666666666,9.1552734375e-05,4.038328680240055,O3,CVAR_ENERGY,TAIL_FOCUSED_ROUTING_OBJECTIVE,3,"[1103, 2207, 3301]",,2207.0,phase3-18af2e4c7db8f0e363449ca0,"[4.463931814573434, 4.312515755114625, 0.0, 3.130072953892847, -0.7038012551035097, 0.0]","[4.463931814573434, 4.312515755114625, 0.0, 3.130072953892847, -0.7038012551035097, 0.0]","[4.530140124936354, 4.577183980204262, 0.6401755310438402, 2.981321736587607, -0.3786105185077893, -0.15768334648972657]","[4.530140124936354, 4.577183980204262, 0.6401755310438402, 2.981321736587607, -0.3786105185077893, -0.15768334648972657]",COBYLA,240,240,240,241,3,Return from COBYLA because the objective function has been evaluated MAXFUN times.,0.7048491433224,0.37513293354563393,0.3297162097767661,1.2656170840399454,0.05783860237437019,0.9835606699806982,0.2242178116848763,1.2077784816655748,0.0675682896929249,0.017118900442879472,0.2533570188128056,738.0259055525877,2.8680716063231526,0.1,0.37513293354563393,1.0357142857142858,False,0.06756828969292487,0.03243171030707513,True,True,1.0000000000000002,13.781925988383591,170.9921875,SUCCESS,,False,d7edcf4ca084e975b0b8d916d003c9c772e9c801b06175ee7112ef86cdea99f3,018e499280521e6e6764118d14af76ed4cee74fd501addf4dd69087da5bcc557,False,
phase3-8e8613b0f67e8642e4bcd25b,PHASE_3_EMPIRICAL_DILUTION_SCALING,PREREGISTERED_EMPIRICAL_DILUTION_SCALING,PRIMARY_MATRIX,development,task-p3-8d8d0885533ef396,g-cd9098863d67a067,phase3-m16-b00-g-cd9098863d67a067,16,9,16,65536,9,4,4,0.4444444444444444,6.103515625e-05,4.214419939295737,P2_O0,MEAN_ENERGY_PREPARATION,COMMON_INITIALIZATION_PREPARATION,2,"[1103, 2207, 3301]",1103.0,1103.0,phase3-8e8613b0f67e8642e4bcd25b,,"[1.4361119332668082, 4.6766136583430296, 1.8287983773432719, 0.554097077555417]","[3.966883617329441, 4.967521482337855, 0.6440512132169641, -1.0454163848130875]","[3.966883617329441, 4.967521482337855, 0.6440512132169641, -1.0454163848130875]",COBYLA,120,120,120,121,3,Return from COBYLA because the objective function has been evaluated MAXFUN times.,3.1086530366015355,1.1667609714488254,1.94189206515271,1.1667609714488254,0.03315580017572587,1.0367439474777989,0.09686122379530115,1.1336051712730992,0.010836891575421658,0.002900064452693874,0.26761035971526126,177.55163157170844,2.2493246675096934,0.1,0.9296424943469487,1.0357142857142858,False,0.01083689157542168,0.08916310842457832,True,True,0.9999999999999978,25.343193461187184,170.33984375,SUCCESS,,False,d7edcf4ca084e975b0b8d916d003c9c772e9c801b06175ee7112ef86cdea99f3,018e499280521e6e6764118d14af76ed4cee74fd501addf4dd69087da5bcc557,False,
phase3-2e8ad0ab8675da191663031d,PHASE_3_EMPIRICAL_DILUTION_SCALING,PREREGISTERED_EMPIRICAL_DILUTION_SCALING,PRIMARY_MATRIX,development,task-p3-8d8d0885533ef396,g-cd9098863d67a067,phase3-m16-b00-g-cd9098863d67a067,16,9,16,65536,9,4,4,0.4444444444444444,6.103515625e-05,4.214419939295737,P2_O0,MEAN_ENERGY_PREPARATION,COMMON_INITIALIZATION_PREPARATION,2,"[1103, 2207, 3301]",2207.0,1103.0,phase3-8e8613b0f67e8642e4bcd25b,,"[4.119365739193051, 4.0465795222369225, 1.5369649905613294, 0.28561357469155796]","[5.370036531585982, 4.075049503759148, 2.37063382799724, 0.12398457205373321]","[5.370036531585982, 4.075049503759148, 2.37063382799724, 0.12398457205373321]",COBYLA,120,120,120,121,3,Return from COBYLA because the objective function has been evaluated MAXFUN times.,2.7953832755361523,1.532791891018831,1.2625913845173213,1.532791891018831,0.08549579790368625,1.0572762209010729,0.3900198722140718,1.4472960931151448,0.025832022159775862,0.0062381153435737535,0.24148768938760773,423.2318510657677,2.6265783438607513,0.1,0.7912892128390129,1.0608399138549893,False,0.025832022159775814,0.003913266782565469,True,True,1.0000000000000018,23.965034217573702,170.33984375,SUCCESS,,False,d7edcf4ca084e975b0b8d916d003c9c772e9c801b06175ee7112ef86cdea99f3,018e499280521e6e6764118d14af76ed4cee74fd501addf4dd69087da5bcc557,False,
phase3-f20c8fe1f3ad34c458b868bc,PHASE_3_EMPIRICAL_DILUTION_SCALING,PREREGISTERED_EMPIRICAL_DILUTION_SCALING,PRIMARY_MATRIX,development,task-p3-8d8d0885533ef396,g-cd9098863d67a067,phase3-m16-b00-g-cd9098863d67a067,16,9,16,65536,9,4,4,0.4444444444444444,6.103515625e-05,4.214419939295737,P2_O0,MEAN_ENERGY_PREPARATION,COMMON_INITIALIZATION_PREPARATION,2,"[1103, 2207, 3301]",3301.0,1103.0,phase3-8e8613b0f67e8642e4bcd25b,,"[2.8746040698350956, 3.2295534178963874, 1.3381083226815658, 0.4324890662459698]","[4.746958572550667, 3.446462322312895, 3.635552687072168, -1.061057133240518]","[4.746958572550667, 3.446462322312895, 3.635552687072168, -1.061057133240518]",COBYLA,120,120,120,121,3,Return from COBYLA because the objective function has been evaluated MAXFUN times.,3.0198296773192945,1.2489794788487958,1.7708501984704987,1.2489794788487958,0.04057068481098126,1.0341008650200276,0.17430792901778688,1.2084087940378145,0.017659602225606277,0.005110905098078326,0.28941224342344224,289.33492286433324,2.4614008563645915,0.1,0.8625880273783402,1.0357142857142858,False,0.01765960222560628,0.08234039777439373,True,True,0.9999999999999998,27.573760404251516,170.33984375,SUCCESS,,False,d7edcf4ca084e975b0b8d916d003c9c772e9c801b06175ee7112ef86cdea99f3,018e499280521e6e6764118d14af76ed4cee74fd501addf4dd69087da5bcc557,False,
phase3-1270fe2b2d181c0049166276,PHASE_3_EMPIRICAL_DILUTION_SCALING,PREREGISTERED_EMPIRICAL_DILUTION_SCALING,PRIMARY_MATRIX,development,task-p3-8d8d0885533ef396,g-cd9098863d67a067,phase3-m16-b00-g-cd9098863d67a067,16,9,16,65536,9,4,4,0.4444444444444444,6.103515625e-05,4.214419939295737,O0,MEAN_ENERGY,STANDARD_BASELINE,3,"[1103, 2207, 3301]",,1103.0,phase3-8e8613b0f67e8642e4bcd25b,"[3.966883617329441, 4.967521482337855, 0.0, 0.6440512132169641, -1.0454163848130875, 0.0]","[3.966883617329441, 4.967521482337855, 0.0, 0.6440512132169641, -1.0454163848130875, 0.0]","[4.455610858120258, 5.535240894339157, 0.6993919699208044, 0.7984077515411102, -1.0305211362416398, -0.1073373099766707]","[4.455610858120258, 5.535240894339157, 0.6993919699208044, 0.7984077515411102, -1.0305211362416398, -0.1073373099766707]",COBYLA,240,240,240,241,3,Return from COBYLA because the objective function has been evaluated MAXFUN times.,1.1667609714488254,1.0938703510219199,0.07289062042690553,1.0938703510219199,0.0280866663911647,1.0338327021146891,0.03195098251606613,1.0657836846307545,0.011088606993280778,0.002029051171614249,0.1829852183275832,181.67573697791227,2.2592969306090236,0.1,0.927767699571157,1.0357142857142858,False,0.011088606993280785,0.08891139300671921,True,True,0.9999999999999993,55.515699417330325,170.9609375,SUCCESS,,False,d7edcf4ca084e975b0b8d916d003c9c772e9c801b06175ee7112ef86cdea99f3,018e499280521e6e6764118d14af76ed4cee74fd501addf4dd69087da5bcc557,False,
phase3-4bdc00e24614a28bf136bda7,PHASE_3_EMPIRICAL_DILUTION_SCALING,PREREGISTERED_EMPIRICAL_DILUTION_SCALING,PRIMARY_MATRIX,development,task-p3-8d8d0885533ef396,g-cd9098863d67a067,phase3-m16-b00-g-cd9098863d67a067,16,9,16,65536,9,4,4,0.4444444444444444,6.103515625e-05,4.214419939295737,O2,EXACT_FEASIBILITY_CAPACITY_CONTROL,STATEVECTOR_MECHANISTIC_CAPACITY_CONTROL,3,"[1103, 2207, 3301]",,1103.0,phase3-8e8613b0f67e8642e4bcd25b,"[3.966883617329441, 4.967521482337855, 0.0, 0.6440512132169641, -1.0454163848130875, 0.0]","[3.966883617329441, 4.967521482337855, 0.0, 0.6440512132169641, -1.0454163848130875, 0.0]","[3.9151316237367126, 4.584487689669522, -1.3335313452819002, -0.1210010553424126, -0.5624394662812608, 0.18229138972124947]","[3.9151316237367126, 4.584487689669522, -1.3335313452819002, -0.1210010553424126, -0.5624394662812608, 0.18229138972124947]",COBYLA,240,240,240,241,3,Return from COBYLA because the objective function has been evaluated MAXFUN times.,0.9891631084245783,0.901804300232595,0.08735880819198338,1.3720691790810216,0.06860486048136884,0.9376828753340484,0.36578144326560486,1.303464318599653,0.0981956997674051,0.029305400446487846,0.2984387352593156,1608.838344989165,3.2065124086694587,0.1,0.0721472119185421,1.0357142857142858,False,0.09819569976740507,0.001804300232594938,True,True,1.0000000000000002,13.317029304802418,170.9609375,SUCCESS,,False,d7edcf4ca084e975b0b8d916d003c9c772e9c801b06175ee7112ef86cdea99f3,018e499280521e6e6764118d14af76ed4cee74fd501addf4dd69087da5bcc557,False,
phase3-ec55d749a896db50696d4a32,PHASE_3_EMPIRICAL_DILUTION_SCALING,PREREGISTERED_EMPIRICAL_DILUTION_SCALING,PRIMARY_MATRIX,development,task-p3-8d8d0885533ef396,g-cd9098863d67a067,phase3-m16-b00-g-cd9098863d67a067,16,9,16,65536,9,4,4,0.4444444444444444,6.103515625e-05,4.214419939295737,O3,CVAR_ENERGY,TAIL_FOCUSED_ROUTING_OBJECTIVE,3,"[1103, 2207, 3301]",,1103.0,phase3-8e8613b0f67e8642e4bcd25b,"[3.966883617329441, 4.967521482337855, 0.0, 0.6440512132169641, -1.0454163848130875, 0.0]","[3.966883617329441, 4.967521482337855, 0.0, 0.6440512132169641, -1.0454163848130875, 0.0]","[4.518945951879383, 4.986496917637962, -0.0497035584808882, -0.1741214870342714, -1.2070551572756232, 0.7181334986140615]","[4.518945951879383, 4.986496917637962, -0.0497035584808882, -0.1741214870342714, -1.2070551572756232, 0.7181334986140615]",COBYLA,240,240,240,241,3,Return from COBYLA because the objective function has been evaluated MAXFUN times.,0.9296424943469487,0.6137686603447599,0.3158738340021888,1.4005409417771386,0.05613202279609356,0.999916557822484,0.34449236115856063,1.3444089189810446,0.04289145160830769,0.014365988841812054,0.3349382756500013,702.7335431505132,2.846790683944924,0.1,0.6137686603447599,1.0357142857142858,False,0.042891451608307665,0.05710854839169234,True,True,1.0000000000000004,13.59230231307447,170.9609375,SUCCESS,,False,d7edcf4ca084e975b0b8d916d003c9c772e9c801b06175ee7112ef86cdea99f3,018e499280521e6e6764118d14af76ed4cee74fd501addf4dd69087da5bcc557,False,
phase3-b26c68ba1973880420f17700,PHASE_3_EMPIRICAL_DILUTION_SCALING,PREREGISTERED_EMPIRICAL_DILUTION_SCALING,PRIMARY_MATRIX,development,task-p3-446eb3ddcbf65c5b,g-cd9098863d67a067,phase3-m16-b00-g-cd9098863d67a067,16,9,16,65536,9,3,3,0.3333333333333333,4.57763671875e-05,4.339358675904037,P2_O0,MEAN_ENERGY_PREPARATION,COMMON_INITIALIZATION_PREPARATION,2,"[1103, 2207, 3301]",1103.0,1103.0,phase3-b26c68ba1973880420f17700,,"[1.4361119332668082, 4.6766136583430296, 1.8287983773432719, 0.554097077555417]","[4.134887517750428, 4.31626909543759, 0.5321864228147234, -1.0655183654599272]","[4.134887517750428, 4.31626909543759, 0.5321864228147234, -1.0655183654599272]",COBYLA,120,120,120,121,3,Return from COBYLA because the objective function has been evaluated MAXFUN times.,3.144650755619865,1.2444055735796529,1.900245182040212,1.2444055735796529,0.03445587352400115,1.03915298051715,0.17079671953850187,1.2099497000556525,0.009529493616109759,0.0031424289238907283,0.32975822750732553,208.1749645417897,2.3184284993574455,0.1,0.9426466801496804,1.0357142857142858,False,0.009529493616109764,0.09047050638389025,True,True,0.9999999999999996,24.981534936465323,170.34375,SUCCESS,,False,d7edcf4ca084e975b0b8d916d003c9c772e9c801b06175ee7112ef86cdea99f3,018e499280521e6e6764118d14af76ed4cee74fd501addf4dd69087da5bcc557,False,
phase3-0d87e38a621a91c9a13e54f4,PHASE_3_EMPIRICAL_DILUTION_SCALING,PREREGISTERED_EMPIRICAL_DILUTION_SCALING,PRIMARY_MATRIX,development,task-p3-446eb3ddcbf65c5b,g-cd9098863d67a067,phase3-m16-b00-g-cd9098863d67a067,16,9,16,65536,9,3,3,0.3333333333333333,4.57763671875e-05,4.339358675904037,P2_O0,MEAN_ENERGY_PREPARATION,COMMON_INITIALIZATION_PREPARATION,2,"[1103, 2207, 3301]",2207.0,1103.0,phase3-b26c68ba1973880420f17700,,"[4.119365739193051, 4.0465795222369225, 1.5369649905613294, 0.28561357469155796]","[5.263824913394516, 4.145728446787675, 2.3482359400728825, 0.13681955680118796]","[5.263824913394516, 4.145728446787675, 2.3482359400728825, 0.13681955680118796]",COBYLA,120,120,120,121,3,Return from COBYLA because the objective function has been evaluated MAXFUN times.,2.815382731796325,1.6021720544145124,1.2132106773818125,1.6021720544145124,0.08641110810048368,1.0569222474336395,0.458838698880389,1.5157609463140287,0.02313125726299667,0.0056400267219867736,0.24382707164859507,505.31002532924987,2.703557914707617,0.1,0.8158069417363731,1.050789662598708,False,0.023131257262996637,0.01071403484168848,True,True,1.0000000000000013,25.49523965548724,170.34375,SUCCESS,,False,d7edcf4ca084e975b0b8d916d003c9c772e9c801b06175ee7112ef86cdea99f3,018e499280521e6e6764118d14af76ed4cee74fd501addf4dd69087da5bcc557,False,
phase3-3d6b2033076bb7b1e8659107,PHASE_3_EMPIRICAL_DILUTION_SCALING,PREREGISTERED_EMPIRICAL_DILUTION_SCALING,PRIMARY_MATRIX,development,task-p3-446eb3ddcbf65c5b,g-cd9098863d67a067,phase3-m16-b00-g-cd9098863d67a067,16,9,16,65536,9,3,3,0.3333333333333333,4.57763671875e-05,4.339358675904037,P2_O0,MEAN_ENERGY_PREPARATION,COMMON_INITIALIZATION_PREPARATION,2,"[1103, 2207, 3301]",3301.0,1103.0,phase3-b26c68ba1973880420f17700,,"[2.8746040698350956, 3.2295534178963874, 1.3381083226815658, 0.4324890662459698]","[5.087008489689672, 3.8306910404456387, 2.352358946380479, 0.13700547080765546]","[5.087008489689672, 3.8306910404456387, 2.352358946380479, 0.13700547080765546]",COBYLA,120,120,120,121,3,Return from COBYLA because the objective function has been evaluated MAXFUN times.,3.043853789338278,1.6673365306334813,1.376517258704797,1.6673365306334813,0.09089987458421009,1.0708245767547626,0.5056120792945088,1.5764366560492713,0.014916256669296132,0.0027837773890801265,0.1866270774765025,325.8505990263304,2.5130185237161227,0.1,0.898221361617136,1.0608399138549893,False,0.014916256669296144,0.00141529341048105,True,True,0.9999999999999992,25.31781990919262,170.34375,SUCCESS,,False,d7edcf4ca084e975b0b8d916d003c9c772e9c801b06175ee7112ef86cdea99f3,018e499280521e6e6764118d14af76ed4cee74fd501addf4dd69087da5bcc557,False,
phase3-93c5ab02b890eb2afef5a2df,PHASE_3_EMPIRICAL_DILUTION_SCALING,PREREGISTERED_EMPIRICAL_DILUTION_SCALING,PRIMARY_MATRIX,development,task-p3-446eb3ddcbf65c5b,g-cd9098863d67a067,phase3-m16-b00-g-cd9098863d67a067,16,9,16,65536,9,3,3,0.3333333333333333,4.57763671875e-05,4.339358675904037,O0,MEAN_ENERGY,STANDARD_BASELINE,3,"[1103, 2207, 3301]",,1103.0,phase3-b26c68ba1973880420f17700,"[4.134887517750428, 4.31626909543759, 0.0, 0.5321864228147234, -1.0655183654599272, 0.0]","[4.134887517750428, 4.31626909543759, 0.0, 0.5321864228147234, -1.0655183654599272, 0.0]","[4.728644000464095, 5.365965318622948, 0.5275371955200093, 0.7844628479458384, -1.0084043845260684, -0.15737352669858404]","[4.728644000464095, 5.365965318622948, 0.5275371955200093, 0.7844628479458384, -1.0084043845260684, -0.15737352669858404]",COBYLA,240,240,240,241,3,Return from COBYLA because the objective function has been evaluated MAXFUN times.,1.2444055735796529,1.110063826884891,0.13434174669476184,1.110063826884891,0.025498103658218686,1.0339416334800322,0.05062408974663913,1.0845657232266708,0.00893492839059732,0.0016818061058811124,0.18822826914326057,195.186489002062,2.2904497520861518,0.1,0.9491019632888154,1.0357142857142858,False,0.00893492839059734,0.09106507160940266,True,True,0.9999999999999979,54.601216258481145,171.03515625,SUCCESS,,False,d7edcf4ca084e975b0b8d916d003c9c772e9c801b06175ee7112ef86cdea99f3,018e499280521e6e6764118d14af76ed4cee74fd501addf4dd69087da5bcc557,False,
phase3-492e2aad4e5beef984755ea8,PHASE_3_EMPIRICAL_DILUTION_SCALING,PREREGISTERED_EMPIRICAL_DILUTION_SCALING,PRIMARY_MATRIX,development,task-p3-446eb3ddcbf65c5b,g-cd9098863d67a067,phase3-m16-b00-g-cd9098863d67a067,16,9,16,65536,9,3,3,0.3333333333333333,4.57763671875e-05,4.339358675904037,O2,EXACT_FEASIBILITY_CAPACITY_CONTROL,STATEVECTOR_MECHANISTIC_CAPACITY_CONTROL,3,"[1103, 2207, 3301]",,1103.0,phase3-b26c68ba1973880420f17700,"[4.134887517750428, 4.31626909543759, 0.0, 0.5321864228147234, -1.0655183654599272, 0.0]","[4.134887517750428, 4.31626909543759, 0.0, 0.5321864228147234, -1.0655183654599272, 0.0]","[4.658010069457908, 4.2275568953103955, 0.5397645165541268, -0.169513351437729, -0.3390110878798981, -0.1765882599165733]","[4.658010069457908, 4.2275568953103955, 0.5397645165541268, -0.169513351437729, -0.3390110878798981, -0.1765882599165733]",COBYLA,240,240,240,241,3,Return from COBYLA because the objective function has been evaluated MAXFUN times.,0.9904705063838902,0.9556632430582477,0.034807263325642546,1.3946353196144017,0.05258317111257888,0.9797172895757068,0.3623348589261159,1.3420521485018226,0.044336756941752334,0.019824222741538364,0.4471283898274867,968.5512343115603,2.9861225989222175,0.1,0.6005432651073602,1.0357142857142858,False,0.04433675694175229,0.05566324305824771,True,True,1.0000000000000009,12.59197782818228,171.03515625,SUCCESS,,False,d7edcf4ca084e975b0b8d916d003c9c772e9c801b06175ee7112ef86cdea99f3,018e499280521e6e6764118d14af76ed4cee74fd501addf4dd69087da5bcc557,False,
phase3-d97c59f460fa8226326f7f8c,PHASE_3_EMPIRICAL_DILUTION_SCALING,PREREGISTERED_EMPIRICAL_DILUTION_SCALING,PRIMARY_MATRIX,development,task-p3-446eb3ddcbf65c5b,g-cd9098863d67a067,phase3-m16-b00-g-cd9098863d67a067,16,9,16,65536,9,3,3,0.3333333333333333,4.57763671875e-05,4.339358675904037,O3,CVAR_ENERGY,TAIL_FOCUSED_ROUTING_OBJECTIVE,3,"[1103, 2207, 3301]",,1103.0,phase3-b26c68ba1973880420f17700,"[4.134887517750428, 4.31626909543759, 0.0, 0.5321864228147234, -1.0655183654599272, 0.0]","[4.134887517750428, 4.31626909543759, 0.0, 0.5321864228147234, -1.0655183654599272, 0.0]","[4.5121223505477746, 4.465785162542834, 0.5946457104940204, -0.18741650776909755, -0.3349813390837494, -0.17653345805785292]","[4.5121223505477746, 4.465785162542834, 0.5946457104940204, -0.18741650776909755, -0.3349813390837494, -0.17653345805785292]",COBYLA,240,240,240,241,3,Return from COBYLA because the objective function has been evaluated MAXFUN times.,0.9426466801496804,0.5914270694993523,0.35121961065032814,1.3878168823440562,0.052245429901617825,0.9778191989634579,0.35775225347898026,1.3355714524424387,0.04526170983244285,0.02038133293691332,0.4502996685800039,988.7571385263249,2.9950896319913465,0.1,0.5914270694993523,1.0357142857142858,False,0.04526170983244293,0.054738290167557074,True,True,0.9999999999999982,12.696328765712678,171.03515625,SUCCESS,,False,d7edcf4ca084e975b0b8d916d003c9c772e9c801b06175ee7112ef86cdea99f3,018e499280521e6e6764118d14af76ed4cee74fd501addf4dd69087da5bcc557,False,
phase3-00fa56866168428339b1fc0b,PHASE_3_EMPIRICAL_DILUTION_SCALING,PREREGISTERED_EMPIRICAL_DILUTION_SCALING,PRIMARY_MATRIX,development,task-p3-e87d08a345aac418,g-cd9098863d67a067,phase3-m16-b00-g-cd9098863d67a067,16,9,16,65536,9,2,2,0.2222222222222222,3.0517578125e-05,4.515449934959718,P2_O0,MEAN_ENERGY_PREPARATION,COMMON_INITIALIZATION_PREPARATION,2,"[1103, 2207, 3301]",1103.0,2207.0,phase3-13f65c246304ece7f4b16d8e,,"[1.4361119332668082, 4.6766136583430296, 1.8287983773432719, 0.554097077555417]","[3.7543504150356397, 4.201810864224738, 0.45658433457590764, -1.04779818695928]","[3.7543504150356397, 4.201810864224738, 0.45658433457590764, -1.04779818695928]",COBYLA,120,120,120,121,3,Return from COBYLA because the objective function has been evaluated MAXFUN times.,3.203653472473303,1.3566922953142333,1.8469611771590695,1.3566922953142333,0.03527158154242911,1.0435940512632387,0.27782666250856497,1.3214207137718037,0.005638494976056211,0.0033222185408218114,0.5892030683594763,184.7622033754099,2.2666131327695527,0.1,0.9813385902540986,1.0357142857142858,False,0.00563849497605622,0.09159812518953302,True,True,0.9999999999999982,24.85746061243117,169.875,SUCCESS,,False,d7edcf4ca084e975b0b8d916d003c9c772e9c801b06175ee7112ef86cdea99f3,018e499280521e6e6764118d14af76ed4cee74fd501addf4dd69087da5bcc557,False,
phase3-13f65c246304ece7f4b16d8e,PHASE_3_EMPIRICAL_DILUTION_SCALING,PREREGISTERED_EMPIRICAL_DILUTION_SCALING,PRIMARY_MATRIX,development,task-p3-e87d08a345aac418,g-cd9098863d67a067,phase3-m16-b00-g-cd9098863d67a067,16,9,16,65536,9,2,2,0.2222222222222222,3.0517578125e-05,4.515449934959718,P2_O0,MEAN_ENERGY_PREPARATION,COMMON_INITIALIZATION_PREPARATION,2,"[1103, 2207, 3301]",2207.0,2207.0,phase3-13f65c246304ece7f4b16d8e,,"[4.119365739193051, 4.0465795222369225, 1.5369649905613294, 0.28561357469155796]","[5.179233140899642, 4.294549583895005, 3.7468712304752025, -1.1745496431615678]","[5.179233140899642, 4.294549583895005, 3.7468712304752025, -1.1745496431615678]",COBYLA,120,120,120,121,3,Return from COBYLA because the objective function has been evaluated MAXFUN times.,2.851829493517112,1.2659844111417682,1.5858450823753438,1.2659844111417682,0.027730336523329152,1.0409330336973563,0.1973210409210831,1.238254074618439,0.004322605328537754,0.002344630718460812,0.5424114718458349,141.6431314055251,2.1511955194494408,0.1,0.994086552570554,1.0357142857142858,False,0.004322605328537752,0.09393876259297004,True,True,1.0000000000000004,25.729692437686026,169.875,SUCCESS,,False,d7edcf4ca084e975b0b8d916d003c9c772e9c801b06175ee7112ef86cdea99f3,018e499280521e6e6764118d14af76ed4cee74fd501addf4dd69087da5bcc557,False,
phase3-7d70c663ebb33a45826d934c,PHASE_3_EMPIRICAL_DILUTION_SCALING,PREREGISTERED_EMPIRICAL_DILUTION_SCALING,PRIMARY_MATRIX,development,task-p3-e87d08a345aac418,g-cd9098863d67a067,phase3-m16-b00-g-cd9098863d67a067,16,9,16,65536,9,2,2,0.2222222222222222,3.0517578125e-05,4.515449934959718,P2_O0,MEAN_ENERGY_PREPARATION,COMMON_INITIALIZATION_PREPARATION,2,"[1103, 2207, 3301]",3301.0,2207.0,phase3-13f65c246304ece7f4b16d8e,,"[2.8746040698350956, 3.2295534178963874, 1.3381083226815658, 0.4324890662459698]","[5.431430648269525, 3.9444438606108645, 2.307202508678029, 0.16360344433076743]","[5.431430648269525, 3.9444438606108645, 2.307202508678029, 0.16360344433076743]",COBYLA,120,120,120,121,3,Return from COBYLA because the objective function has been evaluated MAXFUN times.,3.0894636344980286,1.6644994549645264,1.4249641795335022,1.6644994549645264,0.08064688793691273,1.0579228923942858,0.5259296746333276,1.5838525670276136,0.014964196217082247,0.009240845897790456,0.6175303881167803,490.3467816413511,2.6905033291823153,0.1,0.8916880668504653,1.0457645369705673,False,0.014964196217082226,0.003882583869528694,True,True,1.0000000000000013,26.38769985549152,169.875,SUCCESS,,False,d7edcf4ca084e975b0b8d916d003c9c772e9c801b06175ee7112ef86cdea99f3,018e499280521e6e6764118d14af76ed4cee74fd501addf4dd69087da5bcc557,False,
phase3-4bdd3df2f67da74a4deb4920,PHASE_3_EMPIRICAL_DILUTION_SCALING,PREREGISTERED_EMPIRICAL_DILUTION_SCALING,PRIMARY_MATRIX,development,task-p3-e87d08a345aac418,g-cd9098863d67a067,phase3-m16-b00-g-cd9098863d67a067,16,9,16,65536,9,2,2,0.2222222222222222,3.0517578125e-05,4.515449934959718,O0,MEAN_ENERGY,STANDARD_BASELINE,3,"[1103, 2207, 3301]",,2207.0,phase3-13f65c246304ece7f4b16d8e,"[5.179233140899642, 4.294549583895005, 0.0, 3.7468712304752025, -1.1745496431615678, 0.0]","[5.179233140899642, 4.294549583895005, 0.0, 3.7468712304752025, -1.1745496431615678, 0.0]","[5.059671365274708, 5.154927145251678, 0.47312871756008124, 3.8996834607363597, -1.0255232827951108, -0.1875684098111161]","[5.059671365274708, 5.154927145251678, 0.47312871756008124, 3.8996834607363597, -1.0255232827951108, -0.1875684098111161]",COBYLA,240,240,240,241,3,Return from COBYLA because the objective function has been evaluated MAXFUN times.,1.2659844111417682,1.1560469688722463,0.10993744226952185,1.1560469688722463,0.022813036221962357,1.0351297928092928,0.09810413984099194,1.1332339326502834,0.006789403306639313,0.00343385815198644,0.5057672960197389,222.47516755195701,2.3472815425213662,0.1,0.970480813166896,1.0357142857142858,False,0.0067894033066393,0.09267505340425793,True,True,1.000000000000002,54.08394548203796,170.9453125,SUCCESS,,False,d7edcf4ca084e975b0b8d916d003c9c772e9c801b06175ee7112ef86cdea99f3,018e499280521e6e6764118d14af76ed4cee74fd501addf4dd69087da5bcc557,False,
phase3-b04d43ddb285ccf930892322,PHASE_3_EMPIRICAL_DILUTION_SCALING,PREREGISTERED_EMPIRICAL_DILUTION_SCALING,PRIMARY_MATRIX,development,task-p3-e87d08a345aac418,g-cd9098863d67a067,phase3-m16-b00-g-cd9098863d67a067,16,9,16,65536,9,2,2,0.2222222222222222,3.0517578125e-05,4.515449934959718,O2,EXACT_FEASIBILITY_CAPACITY_CONTROL,STATEVECTOR_MECHANISTIC_CAPACITY_CONTROL,3,"[1103, 2207, 3301]",,2207.0,phase3-13f65c246304ece7f4b16d8e,"[5.179233140899642, 4.294549583895005, 0.0, 3.7468712304752025, -1.1745496431615678, 0.0]","[5.179233140899642, 4.294549583895005, 0.0, 3.7468712304752025, -1.1745496431615678, 0.0]","[5.979597774257152, 4.2447364135093615, 1.373047998082981, 4.09663994866976, -1.3972528769542145, -0.22276471094238967]","[5.979597774257152, 4.2447364135093615, 1.373047998082981, 4.09663994866976, -1.3972528769542145, -0.22276471094238967]",COBYLA,240,240,240,241,3,Return from COBYLA because the objective function has been evaluated MAXFUN times.,0.9956773946714622,0.9504709244171705,0.0452064702542917,1.4575828218984561,0.05941994632725104,0.9611634642186796,0.436999411352526,1.3981628755712059,0.04952907558282953,0.029708365237318665,0.5998166710710384,1622.9687486981582,3.2103101572885775,0.1,0.5583604909391806,1.0357142857142858,False,0.04952907558282948,0.034818085915497135,True,True,1.000000000000001,13.764650287106633,170.9453125,SUCCESS,,False,d7edcf4ca084e975b0b8d916d003c9c772e9c801b06175ee7112ef86cdea99f3,018e499280521e6e6764118d14af76ed4cee74fd501addf4dd69087da5bcc557,False,
phase3-77867bac4c8c403bab600fbc,PHASE_3_EMPIRICAL_DILUTION_SCALING,PREREGISTERED_EMPIRICAL_DILUTION_SCALING,PRIMARY_MATRIX,development,task-p3-e87d08a345aac418,g-cd9098863d67a067,phase3-m16-b00-g-cd9098863d67a067,16,9,16,65536,9,2,2,0.2222222222222222,3.0517578125e-05,4.515449934959718,O3,CVAR_ENERGY,TAIL_FOCUSED_ROUTING_OBJECTIVE,3,"[1103, 2207, 3301]",,2207.0,phase3-13f65c246304ece7f4b16d8e,"[5.179233140899642, 4.294549583895005, 0.0, 3.7468712304752025, -1.1745496431615678, 0.0]","[5.179233140899642, 4.294549583895005, 0.0, 3.7468712304752025, -1.1745496431615678, 0.0]","[5.541071023493648, 3.9690402548592405, -1.3442049618776186, 2.9299796171847667, -0.4439116792070334, 0.19523904593727345]","[5.541071023493648, 3.9690402548592405, -1.3442049618776186, 2.9299796171847667, -0.4439116792070334, 0.19523904593727345]",COBYLA,240,240,240,241,3,Return from COBYLA because the objective function has been evaluated MAXFUN times.,0.994086552570554,0.47862060942207757,0.5154659431484765,1.6539310806836693,0.07025802551506455,0.9501977696775623,0.633475285491042,1.5836730551686042,0.057796588827801684,0.03420227989591819,0.591769870672125,1893.8786227094056,3.277352141944614,0.1,0.47862060942207757,1.0357142857142858,False,0.057796588827801684,0.020597817906797586,True,True,1.0,15.22047478146851,170.9453125,SUCCESS,,False,d7edcf4ca084e975b0b8d916d003c9c772e9c801b06175ee7112ef86cdea99f3,018e499280521e6e6764118d14af76ed4cee74fd501addf4dd69087da5bcc557,False,
phase3-3e7872f92a01b6cded46353f,PHASE_3_EMPIRICAL_DILUTION_SCALING,PREREGISTERED_EMPIRICAL_DILUTION_SCALING,PRIMARY_MATRIX,development,task-p3-534079cbcb6aa71c,g-cd9098863d67a067,phase3-m16-b00-g-cd9098863d67a067,16,9,16,65536,9,1,1,0.1111111111111111,1.52587890625e-05,4.816479930623699,P2_O0,MEAN_ENERGY_PREPARATION,COMMON_INITIALIZATION_PREPARATION,2,"[1103, 2207, 3301]",1103.0,2207.0,phase3-b98a37b49285b67710892ad6,,"[1.4361119332668082, 4.6766136583430296, 1.8287983773432719, 0.554097077555417]","[4.444652697694373, 4.210937158325484, 0.5176953616600619, -1.1197622361523403]","[4.444652697694373, 4.210937158325484, 0.5176953616600619, -1.1197622361523403]",COBYLA,120,120,120,121,3,Return from COBYLA because the objective function has been evaluated MAXFUN times.,3.2587560871690675,1.351349412805427,1.9074066743636404,1.351349412805427,0.02907229616258127,1.0436183696168602,0.2786587470259854,1.3222771166428462,0.0021506945033060226,0.0021506945033060226,1.0,140.9479149686635,2.1490586557712845,0.1,1.0148183070068297,1.0357142857142858,False,0.002150694503306024,0.09609405562440232,True,True,0.9999999999999994,25.007911327295005,170.34375,SUCCESS,,False,d7edcf4ca084e975b0b8d916d003c9c772e9c801b06175ee7112ef86cdea99f3,018e499280521e6e6764118d14af76ed4cee74fd501addf4dd69087da5bcc557,False,
phase3-b98a37b49285b67710892ad6,PHASE_3_EMPIRICAL_DILUTION_SCALING,PREREGISTERED_EMPIRICAL_DILUTION_SCALING,PRIMARY_MATRIX,development,task-p3-534079cbcb6aa71c,g-cd9098863d67a067,phase3-m16-b00-g-cd9098863d67a067,16,9,16,65536,9,1,1,0.1111111111111111,1.52587890625e-05,4.816479930623699,P2_O0,MEAN_ENERGY_PREPARATION,COMMON_INITIALIZATION_PREPARATION,2,"[1103, 2207, 3301]",2207.0,2207.0,phase3-b98a37b49285b67710892ad6,,"[4.119365739193051, 4.0465795222369225, 1.5369649905613294, 0.28561357469155796]","[5.463701456426028, 4.4080102078721, 3.778066431459007, -1.2161319978564442]","[5.463701456426028, 4.4080102078721, 3.778066431459007, -1.2161319978564442]",COBYLA,120,120,120,121,3,Return from COBYLA because the objective function has been evaluated MAXFUN times.,2.8867039353308828,1.3039893096328012,1.5827146256980815,1.3039893096328012,0.02558736538240032,1.0422295666455792,0.23617237760482135,1.2784019442504009,0.001605347682764729,0.001605347682764729,1.0,105.20806573766927,2.0220490361208032,0.1,1.0201197604980798,1.0357142857142858,False,0.0016053476827647304,0.09728142569506065,True,True,0.9999999999999991,24.63770701084286,170.34375,SUCCESS,,False,d7edcf4ca084e975b0b8d916d003c9c772e9c801b06175ee7112ef86cdea99f3,018e499280521e6e6764118d14af76ed4cee74fd501addf4dd69087da5bcc557,False,
phase3-729b82ff70a7c44484bb14c6,PHASE_3_EMPIRICAL_DILUTION_SCALING,PREREGISTERED_EMPIRICAL_DILUTION_SCALING,PRIMARY_MATRIX,development,task-p3-534079cbcb6aa71c,g-cd9098863d67a067,phase3-m16-b00-g-cd9098863d67a067,16,9,16,65536,9,1,1,0.1111111111111111,1.52587890625e-05,4.816479930623699,P2_O0,MEAN_ENERGY_PREPARATION,COMMON_INITIALIZATION_PREPARATION,2,"[1103, 2207, 3301]",3301.0,2207.0,phase3-b98a37b49285b67710892ad6,,"[2.8746040698350956, 3.2295534178963874, 1.3381083226815658, 0.4324890662459698]","[5.652651086860647, 3.660760960875211, 2.33252524369501, 0.1595476540831047]","[5.652651086860647, 3.660760960875211, 2.33252524369501, 0.1595476540831047]",COBYLA,120,120,120,121,3,Return from COBYLA because the objective function has been evaluated MAXFUN times.,3.135882832425953,1.6949351899522762,1.440947642473677,1.6949351899522762,0.07319760222889773,1.0470637766085371,0.574673811114841,1.6217375877233788,0.003981224555017157,0.003981224555017157,1.0,260.9135324376044,2.416496604629416,0.1,0.9969393417361183,1.0357142857142858,False,0.003981224555017151,0.08642208473554405,True,True,1.0000000000000013,24.533165804110467,170.34375,SUCCESS,,False,d7edcf4ca084e975b0b8d916d003c9c772e9c801b06175ee7112ef86cdea99f3,018e499280521e6e6764118d14af76ed4cee74fd501addf4dd69087da5bcc557,False,
phase3-76d86655b78166bc9ec3d7e8,PHASE_3_EMPIRICAL_DILUTION_SCALING,PREREGISTERED_EMPIRICAL_DILUTION_SCALING,PRIMARY_MATRIX,development,task-p3-534079cbcb6aa71c,g-cd9098863d67a067,phase3-m16-b00-g-cd9098863d67a067,16,9,16,65536,9,1,1,0.1111111111111111,1.52587890625e-05,4.816479930623699,O0,MEAN_ENERGY,STANDARD_BASELINE,3,"[1103, 2207, 3301]",,2207.0,phase3-b98a37b49285b67710892ad6,"[5.463701456426028, 4.4080102078721, 0.0, 3.778066431459007, -1.2161319978564442, 0.0]","[5.463701456426028, 4.4080102078721, 0.0, 3.778066431459007, -1.2161319978564442, 0.0]","[5.313376224523601, 5.275917250412498, 0.3393715268846171, 3.8928566481869264, -1.0528498872998442, -0.17596992129916914]","[5.313376224523601, 5.275917250412498, 0.3393715268846171, 3.8928566481869264, -1.0528498872998442, -0.17596992129916914]",COBYLA,240,240,240,241,3,Return from COBYLA because the objective function has been evaluated MAXFUN times.,1.3039893096328012,1.2091554357082472,0.094833873924554,1.2091554357082472,0.02095119422442872,1.0392183067206289,0.14898593476319028,1.18820424148382,0.0016905288081463857,0.0016905288081463857,1.0,110.79049597068153,2.044502506560984,0.1,1.0193068748240224,1.0357142857142858,False,0.001690528808146389,0.09812462322610888,True,True,0.9999999999999981,54.248140232637525,171.03515625,SUCCESS,,False,d7edcf4ca084e975b0b8d916d003c9c772e9c801b06175ee7112ef86cdea99f3,018e499280521e6e6764118d14af76ed4cee74fd501addf4dd69087da5bcc557,False,
phase3-f973a0785eb544dd80c22b4f,PHASE_3_EMPIRICAL_DILUTION_SCALING,PREREGISTERED_EMPIRICAL_DILUTION_SCALING,PRIMARY_MATRIX,development,task-p3-534079cbcb6aa71c,g-cd9098863d67a067,phase3-m16-b00-g-cd9098863d67a067,16,9,16,65536,9,1,1,0.1111111111111111,1.52587890625e-05,4.816479930623699,O2,EXACT_FEASIBILITY_CAPACITY_CONTROL,STATEVECTOR_MECHANISTIC_CAPACITY_CONTROL,3,"[1103, 2207, 3301]",,2207.0,phase3-b98a37b49285b67710892ad6,"[5.463701456426028, 4.4080102078721, 0.0, 3.778066431459007, -1.2161319978564442, 0.0]","[5.463701456426028, 4.4080102078721, 0.0, 3.778066431459007, -1.2161319978564442, 0.0]","[6.125229759138566, 3.791977597535469, 0.4280194815247899, 2.6418312224141216, -0.15214716017193497, -0.08590556066572531]","[6.125229759138566, 3.791977597535469, 0.4280194815247899, 2.6418312224141216, -0.15214716017193497, -0.08590556066572531]",COBYLA,240,240,240,241,3,Return from COBYLA because the objective function has been evaluated MAXFUN times.,0.9983946523172352,0.9784688915216095,0.01992576079562569,1.9712893976157397,0.06227430275896171,1.0133147813211791,0.8957003135355988,1.9090150948567777,0.02153110847839047,0.02153110847839047,1.0,1411.0627252397978,3.1495463196509044,0.1,0.8373106778062073,1.0759152907394116,False,0.021531108478390407,0.014681646293162876,True,True,1.0000000000000029,13.85735142417252,171.03515625,SUCCESS,,False,d7edcf4ca084e975b0b8d916d003c9c772e9c801b06175ee7112ef86cdea99f3,018e499280521e6e6764118d14af76ed4cee74fd501addf4dd69087da5bcc557,False,
phase3-27820ab2e55db4ec3b3b8968,PHASE_3_EMPIRICAL_DILUTION_SCALING,PREREGISTERED_EMPIRICAL_DILUTION_SCALING,PRIMARY_MATRIX,development,task-p3-534079cbcb6aa71c,g-cd9098863d67a067,phase3-m16-b00-g-cd9098863d67a067,16,9,16,65536,9,1,1,0.1111111111111111,1.52587890625e-05,4.816479930623699,O3,CVAR_ENERGY,TAIL_FOCUSED_ROUTING_OBJECTIVE,3,"[1103, 2207, 3301]",,2207.0,phase3-b98a37b49285b67710892ad6,"[5.463701456426028, 4.4080102078721, 0.0, 3.778066431459007, -1.2161319978564442, 0.0]","[5.463701456426028, 4.4080102078721, 0.0, 3.778066431459007, -1.2161319978564442, 0.0]","[5.8990334115148455, 4.390533267747871, 0.26654054159827906, 2.8280129252342032, -0.751429487545992, 0.39420666548664884]","[5.8990334115148455, 4.390533267747871, 0.26654054159827906, 2.8280129252342032, -0.751429487545992, 0.39420666548664884]",COBYLA,240,240,240,241,3,Return from COBYLA because the objective function has been evaluated MAXFUN times.,1.0201197604980798,0.8839871124198203,0.13613264807825953,1.7801359987500351,0.05451290461518564,0.997419857099282,0.7282032370355671,1.7256230941348492,0.015615426447314812,0.015615426447314812,1.0,1023.3725876512235,3.0100337796565655,0.1,0.8839871124198203,1.0357142857142858,False,0.015615426447314826,0.07103609290350898,True,True,0.9999999999999991,14.083211423829198,171.03515625,SUCCESS,,False,d7edcf4ca084e975b0b8d916d003c9c772e9c801b06175ee7112ef86cdea99f3,018e499280521e6e6764118d14af76ed4cee74fd501addf4dd69087da5bcc557,False,
phase3-e29c5ed8b4b9a42c90883f23,PHASE_3_EMPIRICAL_DILUTION_SCALING,PREREGISTERED_EMPIRICAL_DILUTION_SCALING,PRIMARY_MATRIX,development,task-p3-486c7e857c1576e1,g-c0fc2d5e7eacaffa,phase3-m16-b01-g-c0fc2d5e7eacaffa,16,9,16,65536,11,11,11,1.0,0.0001678466796875,3.775087245465474,P2_O0,MEAN_ENERGY_PREPARATION,COMMON_INITIALIZATION_PREPARATION,2,"[1103, 2207, 3301]",1103.0,2207.0,phase3-8505fedba5116a49783fb1eb,,"[1.4361119332668082, 4.6766136583430296, 1.8287983773432719, 0.554097077555417]","[2.292280683957814, 4.530034284752015, 2.223931807899767, 0.0960284523692213]","[2.292280683957814, 4.530034284752015, 2.223931807899767, 0.0960284523692213]",COBYLA,120,120,120,121,3,Return from COBYLA because the objective function has been evaluated MAXFUN times.,2.3382964726063067,1.8023733058439482,0.5359231667623585,1.8023733058439482,0.1665610481071448,1.2351142349936224,0.40069802274318067,1.635812257736803,0.0060014480271586125,0.0014474192150978986,0.24117833038757144,35.75553617344244,1.5533432949044084,0.1,1.0853586549858119,1.186386477843764,False,0.0060014480271586065,0.0001523670986415815,True,True,1.000000000000001,23.092476930469275,177.3125,SUCCESS,,False,d7edcf4ca084e975b0b8d916d003c9c772e9c801b06175ee7112ef86cdea99f3,018e499280521e6e6764118d14af76ed4cee74fd501addf4dd69087da5bcc557,False,
phase3-8505fedba5116a49783fb1eb,PHASE_3_EMPIRICAL_DILUTION_SCALING,PREREGISTERED_EMPIRICAL_DILUTION_SCALING,PRIMARY_MATRIX,development,task-p3-486c7e857c1576e1,g-c0fc2d5e7eacaffa,phase3-m16-b01-g-c0fc2d5e7eacaffa,16,9,16,65536,11,11,11,1.0,0.0001678466796875,3.775087245465474,P2_O0,MEAN_ENERGY_PREPARATION,COMMON_INITIALIZATION_PREPARATION,2,"[1103, 2207, 3301]",2207.0,2207.0,phase3-8505fedba5116a49783fb1eb,,"[4.119365739193051, 4.0465795222369225, 1.5369649905613294, 0.28561357469155796]","[5.295600196068185, 4.090081945284211, 2.5008563699211908, 0.11660156551050732]","[5.295600196068185, 4.090081945284211, 2.5008563699211908, 0.11660156551050732]",COBYLA,120,120,120,121,3,Return from COBYLA because the objective function has been evaluated MAXFUN times.,2.464851869024458,1.6008863899982373,0.8639654790262208,1.6008863899982373,0.1473984407138868,1.1402622802388573,0.3132256690454929,1.4534879492843504,0.01754933235397793,0.004267308811330469,0.2431607496659662,104.5557313772998,2.019347844301579,0.1,0.9540446775908568,1.1662859753312014,False,0.017549332353977893,0.0003229534627050834,True,True,1.0000000000000022,25.25464417785406,177.3125,SUCCESS,,False,d7edcf4ca084e975b0b8d916d003c9c772e9c801b06175ee7112ef86cdea99f3,018e499280521e6e6764118d14af76ed4cee74fd501addf4dd69087da5bcc557,False,
phase3-81ff18e7fe69998a7d15a75b,PHASE_3_EMPIRICAL_DILUTION_SCALING,PREREGISTERED_EMPIRICAL_DILUTION_SCALING,PRIMARY_MATRIX,development,task-p3-486c7e857c1576e1,g-c0fc2d5e7eacaffa,phase3-m16-b01-g-c0fc2d5e7eacaffa,16,9,16,65536,11,11,11,1.0,0.0001678466796875,3.775087245465474,P2_O0,MEAN_ENERGY_PREPARATION,COMMON_INITIALIZATION_PREPARATION,2,"[1103, 2207, 3301]",3301.0,2207.0,phase3-8505fedba5116a49783fb1eb,,"[2.8746040698350956, 3.2295534178963874, 1.3381083226815658, 0.4324890662459698]","[2.7343147830020866, 4.160021819575265, 2.567657543302706, -0.3281697726094756]","[2.7343147830020866, 4.160021819575265, 2.567657543302706, -0.3281697726094756]",COBYLA,120,120,120,121,3,Return from COBYLA because the objective function has been evaluated MAXFUN times.,2.6277864102874133,1.849309205617057,0.7784772046703563,1.849309205617057,0.1463393184902063,1.1603987569468759,0.5425711301799746,1.7029698871268506,0.008786081167861988,0.0010673044362095128,0.12147673300737688,52.34587412881847,1.7188824565267744,0.1,1.0155292902845798,1.1411603471904979,False,0.008786081167861977,8.170045275789073e-05,True,True,1.0000000000000009,24.171598123386502,177.3125,SUCCESS,,False,d7edcf4ca084e975b0b8d916d003c9c772e9c801b06175ee7112ef86cdea99f3,018e499280521e6e6764118d14af76ed4cee74fd501addf4dd69087da5bcc557,False,
phase3-77681eb34306e6624d77d93f,PHASE_3_EMPIRICAL_DILUTION_SCALING,PREREGISTERED_EMPIRICAL_DILUTION_SCALING,PRIMARY_MATRIX,development,task-p3-486c7e857c1576e1,g-c0fc2d5e7eacaffa,phase3-m16-b01-g-c0fc2d5e7eacaffa,16,9,16,65536,11,11,11,1.0,0.0001678466796875,3.775087245465474,O0,MEAN_ENERGY,STANDARD_BASELINE,3,"[1103, 2207, 3301]",,2207.0,phase3-8505fedba5116a49783fb1eb,"[5.295600196068185, 4.090081945284211, 0.0, 2.5008563699211908, 0.11660156551050732, 0.0]","[5.295600196068185, 4.090081945284211, 0.0, 2.5008563699211908, 0.11660156551050732, 0.0]","[6.608533058586745, 4.2800720090395, 0.03662991056346413, 2.474583187896575, 0.12100319887282758, -0.018483177396951406]","[6.608533058586745, 4.2800720090395, 0.03662991056346413, 2.474583187896575, 0.12100319887282758, -0.018483177396951406]",COBYLA,240,240,240,241,3,Return from COBYLA because the objective function has been evaluated MAXFUN times.,1.6008863899982373,1.2954357990022412,0.30545059099599614,1.2954357990022412,0.1192309552581535,1.081932892331952,0.09427195141213608,1.176204843744088,0.037369598263673975,0.010026811367019222,0.2683146684176701,222.64127198255798,2.3476056745217644,0.1,0.7221901126657854,1.1260849703060758,False,0.03736959826367405,0.0001103136810058497,True,True,0.999999999999998,53.2842001914978,177.48828125,SUCCESS,,False,d7edcf4ca084e975b0b8d916d003c9c772e9c801b06175ee7112ef86cdea99f3,018e499280521e6e6764118d14af76ed4cee74fd501addf4dd69087da5bcc557,False,
phase3-1517b10c4ef056e01f0f0ad8,PHASE_3_EMPIRICAL_DILUTION_SCALING,PREREGISTERED_EMPIRICAL_DILUTION_SCALING,PRIMARY_MATRIX,development,task-p3-486c7e857c1576e1,g-c0fc2d5e7eacaffa,phase3-m16-b01-g-c0fc2d5e7eacaffa,16,9,16,65536,11,11,11,1.0,0.0001678466796875,3.775087245465474,O2,EXACT_FEASIBILITY_CAPACITY_CONTROL,STATEVECTOR_MECHANISTIC_CAPACITY_CONTROL,3,"[1103, 2207, 3301]",,2207.0,phase3-8505fedba5116a49783fb1eb,"[5.295600196068185, 4.090081945284211, 0.0, 2.5008563699211908, 0.11660156551050732, 0.0]","[5.295600196068185, 4.090081945284211, 0.0, 2.5008563699211908, 0.11660156551050732, 0.0]","[6.754518773580144, 3.9832251712964304, -0.39487950251378273, 2.518531944010091, 0.10181249509438667, 0.10460737069195512]","[6.754518773580144, 3.9832251712964304, -0.39487950251378273, 2.518531944010091, 0.10181249509438667, 0.10460737069195512]",COBYLA,240,240,240,241,3,Return from COBYLA because the objective function has been evaluated MAXFUN times.,0.9824506676460221,0.9430331423797779,0.0394175252662442,1.440839526093343,0.13237104649039516,1.0702047687615486,0.23826371084139952,1.3084684796029482,0.05696685762022215,0.015469640006764042,0.2715550875193898,339.39818009080716,2.5307095092290375,0.1,0.5287406898271637,1.135906806761078,False,0.05696685762022207,0.00021025851614131508,True,True,1.0000000000000013,14.823977494612336,177.48828125,SUCCESS,,False,d7edcf4ca084e975b0b8d916d003c9c772e9c801b06175ee7112ef86cdea99f3,018e499280521e6e6764118d14af76ed4cee74fd501addf4dd69087da5bcc557,False,
phase3-14845963aed172ca27f71862,PHASE_3_EMPIRICAL_DILUTION_SCALING,PREREGISTERED_EMPIRICAL_DILUTION_SCALING,PRIMARY_MATRIX,development,task-p3-486c7e857c1576e1,g-c0fc2d5e7eacaffa,phase3-m16-b01-g-c0fc2d5e7eacaffa,16,9,16,65536,11,11,11,1.0,0.0001678466796875,3.775087245465474,O3,CVAR_ENERGY,TAIL_FOCUSED_ROUTING_OBJECTIVE,3,"[1103, 2207, 3301]",,2207.0,phase3-8505fedba5116a49783fb1eb,"[5.295600196068185, 4.090081945284211, 0.0, 2.5008563699211908, 0.11660156551050732, 0.0]","[5.295600196068185, 4.090081945284211, 0.0, 2.5008563699211908, 0.11660156551050732, 0.0]","[6.897638227787244, 3.947228506076752, 0.36768197368954453, 2.5289149317572615, 0.3494803353555207, -0.18236890442427875]","[6.897638227787244, 3.947228506076752, 0.36768197368954453, 2.5289149317572615, 0.3494803353555207, -0.18236890442427875]",COBYLA,240,240,240,241,3,Return from COBYLA because the objective function has been evaluated MAXFUN times.,0.9540446775908568,0.4430548649028458,0.510989812688011,1.3348807164535004,0.12450489538253155,1.0522317756428923,0.15814404542807659,1.210375821070969,0.06469455390826773,0.017983021750650457,0.2779680925870376,385.43838953929395,2.5859549680640357,0.1,0.4430548649028458,1.1158063042485153,False,0.06469455390826755,0.0001014154864352329,True,True,1.0000000000000027,13.098390601575375,177.48828125,SUCCESS,,False,d7edcf4ca084e975b0b8d916d003c9c772e9c801b06175ee7112ef86cdea99f3,018e499280521e6e6764118d14af76ed4cee74fd501addf4dd69087da5bcc557,False,
phase3-3f6508cc6ffc55963d2f377f,PHASE_3_EMPIRICAL_DILUTION_SCALING,PREREGISTERED_EMPIRICAL_DILUTION_SCALING,PRIMARY_MATRIX,development,task-p3-e9bcaf1b39a948a8,g-c0fc2d5e7eacaffa,phase3-m16-b01-g-c0fc2d5e7eacaffa,16,9,16,65536,11,7,7,0.6363636363636364,0.0001068115234375,3.971381890609442,P2_O0,MEAN_ENERGY_PREPARATION,COMMON_INITIALIZATION_PREPARATION,2,"[1103, 2207, 3301]",1103.0,1103.0,phase3-3f6508cc6ffc55963d2f377f,,"[1.4361119332668082, 4.6766136583430296, 1.8287983773432719, 0.554097077555417]","[2.2440322649822653, 4.969198772861455, 3.2322297150045527, -0.7911629801260379]","[2.2440322649822653, 4.969198772861455, 3.2322297150045527, -0.7911629801260379]",COBYLA,120,120,120,121,3,Return from COBYLA because the objective function has been evaluated MAXFUN times.,2.836583713558486,1.5073018117624635,1.3292819017960227,1.5073018117624635,0.09448087974384337,1.1056632880846609,0.30715764393395945,1.4128209320186198,0.009290197425283102,0.0030589975167043563,0.32927152962103373,86.97748263762192,1.9394068338603498,0.1,0.9762241523994949,1.085655550479671,False,0.009290197425283067,0.0004513689772728119,True,True,1.0000000000000036,24.38565705064684,177.51171875,SUCCESS,,False,d7edcf4ca084e975b0b8d916d003c9c772e9c801b06175ee7112ef86cdea99f3,018e499280521e6e6764118d14af76ed4cee74fd501addf4dd69087da5bcc557,False,
phase3-935c45e2fad0742c52e273be,PHASE_3_EMPIRICAL_DILUTION_SCALING,PREREGISTERED_EMPIRICAL_DILUTION_SCALING,PRIMARY_MATRIX,development,task-p3-e9bcaf1b39a948a8,g-c0fc2d5e7eacaffa,phase3-m16-b01-g-c0fc2d5e7eacaffa,16,9,16,65536,11,7,7,0.6363636363636364,0.0001068115234375,3.971381890609442,P2_O0,MEAN_ENERGY_PREPARATION,COMMON_INITIALIZATION_PREPARATION,2,"[1103, 2207, 3301]",2207.0,1103.0,phase3-3f6508cc6ffc55963d2f377f,,"[4.119365739193051, 4.0465795222369225, 1.5369649905613294, 0.28561357469155796]","[5.327590762457474, 4.119854459520959, 2.3559782152332214, 0.1388354640454296]","[5.327590762457474, 4.119854459520959, 2.3559782152332214, 0.1388354640454296]",COBYLA,120,120,120,121,3,Return from COBYLA because the objective function has been evaluated MAXFUN times.,2.6744158357956547,1.6544221368511882,1.0199936989444665,1.6544221368511882,0.12487504195101048,1.1302379025044615,0.39930919239571633,1.529547094900178,0.016017848390032265,0.004790964918197827,0.2991016522031257,149.9636731555935,2.17598606933066,0.1,0.938133248368965,1.1308816811329374,False,0.016017848390032275,0.00020293855136710448,True,True,0.9999999999999991,25.395721124485135,177.51171875,SUCCESS,,False,d7edcf4ca084e975b0b8d916d003c9c772e9c801b06175ee7112ef86cdea99f3,018e499280521e6e6764118d14af76ed4cee74fd501addf4dd69087da5bcc557,False,
phase3-56d5e04efda2f15d91546a4f,PHASE_3_EMPIRICAL_DILUTION_SCALING,PREREGISTERED_EMPIRICAL_DILUTION_SCALING,PRIMARY_MATRIX,development,task-p3-e9bcaf1b39a948a8,g-c0fc2d5e7eacaffa,phase3-m16-b01-g-c0fc2d5e7eacaffa,16,9,16,65536,11,7,7,0.6363636363636364,0.0001068115234375,3.971381890609442,P2_O0,MEAN_ENERGY_PREPARATION,COMMON_INITIALIZATION_PREPARATION,2,"[1103, 2207, 3301]",3301.0,1103.0,phase3-3f6508cc6ffc55963d2f377f,,"[2.8746040698350956, 3.2295534178963874, 1.3381083226815658, 0.4324890662459698]","[4.748679731556626, 1.9254009534752476, 2.3266080994468665, -0.15183203790902955]","[4.748679731556626, 1.9254009534752476, 2.3266080994468665, -0.15183203790902955]",COBYLA,120,120,120,121,3,Return from COBYLA because the objective function has been evaluated MAXFUN times.,2.8359321480350923,1.7235798898974106,1.1123522581376817,1.7235798898974106,0.1215870754076813,1.1575089112573869,0.44448390323234244,1.6019928144897295,0.010025509744691921,0.002418336689957957,0.2412183272016032,93.86168666116139,1.9724883540641356,0.1,0.9866309401884957,1.1160347190497943,False,0.010025509744691912,0.00017511162275973824,True,True,1.0000000000000009,26.31909168884158,177.51171875,SUCCESS,,False,d7edcf4ca084e975b0b8d916d003c9c772e9c801b06175ee7112ef86cdea99f3,018e499280521e6e6764118d14af76ed4cee74fd501addf4dd69087da5bcc557,False,
phase3-0c48973f879d82f1f9d31449,PHASE_3_EMPIRICAL_DILUTION_SCALING,PREREGISTERED_EMPIRICAL_DILUTION_SCALING,PRIMARY_MATRIX,development,task-p3-e9bcaf1b39a948a8,g-c0fc2d5e7eacaffa,phase3-m16-b01-g-c0fc2d5e7eacaffa,16,9,16,65536,11,7,7,0.6363636363636364,0.0001068115234375,3.971381890609442,O0,MEAN_ENERGY,STANDARD_BASELINE,3,"[1103, 2207, 3301]",,1103.0,phase3-3f6508cc6ffc55963d2f377f,"[2.2440322649822653, 4.969198772861455, 0.0, 3.2322297150045527, -0.7911629801260379, 0.0]","[2.2440322649822653, 4.969198772861455, 0.0, 3.2322297150045527, -0.7911629801260379, 0.0]","[2.484945094095592, 5.0298422358670605, -0.8932844682679972, 3.156667519803384, -0.84630479801601, 0.14931016321520685]","[2.484945094095592, 5.0298422358670605, -0.8932844682679972, 3.156667519803384, -0.84630479801601, 0.14931016321520685]",COBYLA,240,240,240,241,3,Return from COBYLA because the objective function has been evaluated MAXFUN times.,1.5073018117624635,1.3905099088547153,0.11679190290774821,1.3905099088547153,0.09028809465188552,1.0725880912643124,0.22763372293851755,1.30022181420283,0.02529693567998726,0.0083647404306204,0.3306622010047587,236.8371395319493,2.3744498071262603,0.1,0.8170115777688433,1.0756052992233895,False,0.025296935679987313,0.01337486841256287,True,True,0.999999999999998,54.010015084408224,177.4921875,SUCCESS,,False,d7edcf4ca084e975b0b8d916d003c9c772e9c801b06175ee7112ef86cdea99f3,018e499280521e6e6764118d14af76ed4cee74fd501addf4dd69087da5bcc557,False,
phase3-6cc39584957b44d00ce4772b,PHASE_3_EMPIRICAL_DILUTION_SCALING,PREREGISTERED_EMPIRICAL_DILUTION_SCALING,PRIMARY_MATRIX,development,task-p3-e9bcaf1b39a948a8,g-c0fc2d5e7eacaffa,phase3-m16-b01-g-c0fc2d5e7eacaffa,16,9,16,65536,11,7,7,0.6363636363636364,0.0001068115234375,3.971381890609442,O2,EXACT_FEASIBILITY_CAPACITY_CONTROL,STATEVECTOR_MECHANISTIC_CAPACITY_CONTROL,3,"[1103, 2207, 3301]",,1103.0,phase3-3f6508cc6ffc55963d2f377f,"[2.2440322649822653, 4.969198772861455, 0.0, 3.2322297150045527, -0.7911629801260379, 0.0]","[2.2440322649822653, 4.969198772861455, 0.0, 3.2322297150045527, -0.7911629801260379, 0.0]","[2.8890763183932098, 5.56912381973811, 0.8388793017375917, 3.0734708486237716, -0.41844278890534203, -0.1719047004291868]","[2.8890763183932098, 5.56912381973811, 0.8388793017375917, 3.0734708486237716, -0.41844278890534203, -0.1719047004291868]",COBYLA,240,240,240,241,3,Return from COBYLA because the objective function has been evaluated MAXFUN times.,0.9907098025747169,0.9582311212026178,0.03247868137209908,1.4810132100317146,0.09510891483097464,1.0406165918604875,0.34528770334025266,1.38590429520074,0.04176887879738225,0.013277453473387331,0.31787909696583616,391.05217726646333,2.5922347082579655,0.1,0.6539806720047175,1.0756052992233895,False,0.04176887879738214,0.0019138282475007207,True,True,1.0000000000000027,13.60160025767982,177.4921875,SUCCESS,,False,d7edcf4ca084e975b0b8d916d003c9c772e9c801b06175ee7112ef86cdea99f3,018e499280521e6e6764118d14af76ed4cee74fd501addf4dd69087da5bcc557,False,
phase3-525e68bb65309e9d6877b178,PHASE_3_EMPIRICAL_DILUTION_SCALING,PREREGISTERED_EMPIRICAL_DILUTION_SCALING,PRIMARY_MATRIX,development,task-p3-e9bcaf1b39a948a8,g-c0fc2d5e7eacaffa,phase3-m16-b01-g-c0fc2d5e7eacaffa,16,9,16,65536,11,7,7,0.6363636363636364,0.0001068115234375,3.971381890609442,O3,CVAR_ENERGY,TAIL_FOCUSED_ROUTING_OBJECTIVE,3,"[1103, 2207, 3301]",,1103.0,phase3-3f6508cc6ffc55963d2f377f,"[2.2440322649822653, 4.969198772861455, 0.0, 3.2322297150045527, -0.7911629801260379, 0.0]","[2.2440322649822653, 4.969198772861455, 0.0, 3.2322297150045527, -0.7911629801260379, 0.0]","[2.979377569633519, 5.693537598899126, 0.8443455250859874, 3.0534782116110337, -0.41628452527141613, -0.16939697485268468]","[2.979377569633519, 5.693537598899126, 0.8443455250859874, 3.0534782116110337, -0.41628452527141613, -0.16939697485268468]",COBYLA,240,240,240,241,3,Return from COBYLA because the objective function has been evaluated MAXFUN times.,0.9762241523994949,0.6539037151872882,0.3223204372122067,1.4854771180446025,0.09483861185644789,1.0410758606674748,0.3495626455206796,1.3906385061881545,0.04173990502336873,0.013282624525741145,0.3182236403821394,390.7809165159276,2.5919333471291552,0.1,0.6539037151872882,1.0756052992233895,False,0.0417399050233687,0.014191774818938685,True,True,1.0000000000000009,15.482058602385223,177.4921875,SUCCESS,,False,d7edcf4ca084e975b0b8d916d003c9c772e9c801b06175ee7112ef86cdea99f3,018e499280521e6e6764118d14af76ed4cee74fd501addf4dd69087da5bcc557,False,
phase3-d4c307a7d895849fd3306367,PHASE_3_EMPIRICAL_DILUTION_SCALING,PREREGISTERED_EMPIRICAL_DILUTION_SCALING,PRIMARY_MATRIX,development,task-p3-3d17acd5c2e5a10b,g-c0fc2d5e7eacaffa,phase3-m16-b01-g-c0fc2d5e7eacaffa,16,9,16,65536,11,4,4,0.3636363636363636,6.103515625e-05,4.214419939295737,P2_O0,MEAN_ENERGY_PREPARATION,COMMON_INITIALIZATION_PREPARATION,2,"[1103, 2207, 3301]",1103.0,1103.0,phase3-d4c307a7d895849fd3306367,,"[1.4361119332668082, 4.6766136583430296, 1.8287983773432719, 0.554097077555417]","[3.030756326829147, 5.758775350281682, 3.7408616185139585, -1.0315355377595008]","[3.030756326829147, 5.758775350281682, 3.7408616185139585, -1.0315355377595008]",COBYLA,120,120,120,121,3,Return from COBYLA because the objective function has been evaluated MAXFUN times.,2.925586555890983,1.4941414436712828,1.4314451122197003,1.4941414436712828,0.0846381909789583,1.1073282094352856,0.3021750432570389,1.4095032526923248,0.0020116357279971317,0.0004920476727706636,0.2446007822999678,32.958639767505005,1.5179692796738424,0.1,1.0422295379995101,1.0756052992233895,False,0.0020116357279971295,0.0038803215012367803,True,True,1.0000000000000009,25.9346734713763,177.51171875,SUCCESS,,False,d7edcf4ca084e975b0b8d916d003c9c772e9c801b06175ee7112ef86cdea99f3,018e499280521e6e6764118d14af76ed4cee74fd501addf4dd69087da5bcc557,False,
phase3-2831965db607a8fb2201a6da,PHASE_3_EMPIRICAL_DILUTION_SCALING,PREREGISTERED_EMPIRICAL_DILUTION_SCALING,PRIMARY_MATRIX,development,task-p3-3d17acd5c2e5a10b,g-c0fc2d5e7eacaffa,phase3-m16-b01-g-c0fc2d5e7eacaffa,16,9,16,65536,11,4,4,0.3636363636363636,6.103515625e-05,4.214419939295737,P2_O0,MEAN_ENERGY_PREPARATION,COMMON_INITIALIZATION_PREPARATION,2,"[1103, 2207, 3301]",2207.0,1103.0,phase3-d4c307a7d895849fd3306367,,"[4.119365739193051, 4.0465795222369225, 1.5369649905613294, 0.28561357469155796]","[5.226597887995978, 4.0726600957322505, 2.3386606188145387, 0.132719776092116]","[5.226597887995978, 4.0726600957322505, 2.3386606188145387, 0.132719776092116]",COBYLA,120,120,120,121,3,Return from COBYLA because the objective function has been evaluated MAXFUN times.,2.728192572756167,1.7236000665989466,1.0045925061572203,1.7236000665989466,0.12112330468138557,1.1291148328493985,0.47336192906816255,1.6024767619175613,0.011612047940503589,0.0027802614217244098,0.23942903404891008,190.2517934572108,2.279328759449964,0.1,0.9747875891397639,1.120831429876656,False,0.011612047940503599,0.002328598472229118,True,True,0.9999999999999992,25.65066561102867,177.51171875,SUCCESS,,False,d7edcf4ca084e975b0b8d916d003c9c772e9c801b06175ee7112ef86cdea99f3,018e499280521e6e6764118d14af76ed4cee74fd501addf4dd69087da5bcc557,False,
phase3-7f35fc03cab35bcc933ebe5f,PHASE_3_EMPIRICAL_DILUTION_SCALING,PREREGISTERED_EMPIRICAL_DILUTION_SCALING,PRIMARY_MATRIX,development,task-p3-3d17acd5c2e5a10b,g-c0fc2d5e7eacaffa,phase3-m16-b01-g-c0fc2d5e7eacaffa,16,9,16,65536,11,4,4,0.3636363636363636,6.103515625e-05,4.214419939295737,P2_O0,MEAN_ENERGY_PREPARATION,COMMON_INITIALIZATION_PREPARATION,2,"[1103, 2207, 3301]",3301.0,1103.0,phase3-d4c307a7d895849fd3306367,,"[2.8746040698350956, 3.2295534178963874, 1.3381083226815658, 0.4324890662459698]","[4.913672844565109, 2.75441236588727, 3.1710884656080376, -0.768447864497939]","[4.913672844565109, 2.75441236588727, 3.1710884656080376, -0.768447864497939]",COBYLA,120,120,120,121,3,Return from COBYLA because the objective function has been evaluated MAXFUN times.,2.893814623675741,1.593268114087727,1.3005465095880142,1.593268114087727,0.09081148683967642,1.0990981386362804,0.4033584886117701,1.5024566272480506,0.007664720841089765,0.0021681394428712053,0.2828725909035117,125.57878626041472,2.09891628121515,0.1,0.9911817749003311,1.0806304248515304,False,0.00766472084108975,0.002930530077536367,True,True,1.000000000000002,24.292459194548428,177.51171875,SUCCESS,,False,d7edcf4ca084e975b0b8d916d003c9c772e9c801b06175ee7112ef86cdea99f3,018e499280521e6e6764118d14af76ed4cee74fd501addf4dd69087da5bcc557,False,
phase3-529b3bd0e7610aa5f407fb27,PHASE_3_EMPIRICAL_DILUTION_SCALING,PREREGISTERED_EMPIRICAL_DILUTION_SCALING,PRIMARY_MATRIX,development,task-p3-3d17acd5c2e5a10b,g-c0fc2d5e7eacaffa,phase3-m16-b01-g-c0fc2d5e7eacaffa,16,9,16,65536,11,4,4,0.3636363636363636,6.103515625e-05,4.214419939295737,O0,MEAN_ENERGY,STANDARD_BASELINE,3,"[1103, 2207, 3301]",,1103.0,phase3-d4c307a7d895849fd3306367,"[3.030756326829147, 5.758775350281682, 0.0, 3.7408616185139585, -1.0315355377595008, 0.0]","[3.030756326829147, 5.758775350281682, 0.0, 3.7408616185139585, -1.0315355377595008, 0.0]","[3.837581184892589, 6.267758785822515, 0.861447570713923, 3.9547980209227735, -0.940122345364632, -0.16175064057678934]","[3.837581184892589, 6.267758785822515, 0.861447570713923, 3.9547980209227735, -0.940122345364632, -0.16175064057678934]",COBYLA,240,240,240,241,3,Return from COBYLA because the objective function has been evaluated MAXFUN times.,1.4941414436712828,1.3090681956973338,0.18507324797394897,1.3090681956973338,0.07630745751609361,1.0914878118316154,0.14127292634962463,1.2327607381812402,0.00426371778971746,0.00046129099777476965,0.10818985226630996,69.85675226673087,1.8442083908432205,0.1,1.0191053712091174,1.0756052992233895,False,0.00426371778971746,0.02192260049443752,True,True,1.0,52.07594263833016,177.45703125,SUCCESS,,False,d7edcf4ca084e975b0b8d916d003c9c772e9c801b06175ee7112ef86cdea99f3,018e499280521e6e6764118d14af76ed4cee74fd501addf4dd69087da5bcc557,False,
phase3-318df07ec0ac1ecbcbce452c,PHASE_3_EMPIRICAL_DILUTION_SCALING,PREREGISTERED_EMPIRICAL_DILUTION_SCALING,PRIMARY_MATRIX,development,task-p3-3d17acd5c2e5a10b,g-c0fc2d5e7eacaffa,phase3-m16-b01-g-c0fc2d5e7eacaffa,16,9,16,65536,11,4,4,0.3636363636363636,6.103515625e-05,4.214419939295737,O2,EXACT_FEASIBILITY_CAPACITY_CONTROL,STATEVECTOR_MECHANISTIC_CAPACITY_CONTROL,3,"[1103, 2207, 3301]",,1103.0,phase3-d4c307a7d895849fd3306367,"[3.030756326829147, 5.758775350281682, 0.0, 3.7408616185139585, -1.0315355377595008, 0.0]","[3.030756326829147, 5.758775350281682, 0.0, 3.7408616185139585, -1.0315355377595008, 0.0]","[3.736284729537529, 5.660480451313236, -1.5052149355302056, 2.969281435902623, -0.5190427134366397, 0.19268424133810771]","[3.736284729537529, 5.660480451313236, -1.5052149355302056, 2.969281435902623, -0.5190427134366397, 0.19268424133810771]",COBYLA,240,240,240,241,3,Return from COBYLA because the objective function has been evaluated MAXFUN times.,0.9979883642720029,0.9514724997040079,0.04651586456799495,1.6032739596023275,0.1038843143596479,1.0111928871564626,0.48819675808621726,1.49938964524268,0.048527500295992024,0.015149865463162366,0.3121913424502853,795.0745648495333,2.9004078602088588,0.1,0.5915454531755523,1.0806304248515304,False,0.04852750029599194,0.0025506222576392734,True,True,1.0000000000000018,14.115499530918896,177.45703125,SUCCESS,,False,d7edcf4ca084e975b0b8d916d003c9c772e9c801b06175ee7112ef86cdea99f3,018e499280521e6e6764118d14af76ed4cee74fd501addf4dd69087da5bcc557,False,
phase3-d2ed6c637cd7883e563794aa,PHASE_3_EMPIRICAL_DILUTION_SCALING,PREREGISTERED_EMPIRICAL_DILUTION_SCALING,PRIMARY_MATRIX,development,task-p3-3d17acd5c2e5a10b,g-c0fc2d5e7eacaffa,phase3-m16-b01-g-c0fc2d5e7eacaffa,16,9,16,65536,11,4,4,0.3636363636363636,6.103515625e-05,4.214419939295737,O3,CVAR_ENERGY,TAIL_FOCUSED_ROUTING_OBJECTIVE,3,"[1103, 2207, 3301]",,1103.0,phase3-d4c307a7d895849fd3306367,"[3.030756326829147, 5.758775350281682, 0.0, 3.7408616185139585, -1.0315355377595008, 0.0]","[3.030756326829147, 5.758775350281682, 0.0, 3.7408616185139585, -1.0315355377595008, 0.0]","[3.4144434608728265, 5.890138139327533, -0.8989527995254711, 2.9836299659305556, -0.5694822561808375, 0.17584513795540582]","[3.4144434608728265, 5.890138139327533, -0.8989527995254711, 2.9836299659305556, -0.5694822561808375, 0.17584513795540582]",COBYLA,240,240,240,241,3,Return from COBYLA because the objective function has been evaluated MAXFUN times.,1.0422295379995101,0.6820640794220667,0.3601654585774434,1.6485662987617316,0.10218990068940612,1.0229769549991983,0.523399443073127,1.546376398072325,0.03934495893807954,0.01214823976878085,0.308762293738813,644.6278072414951,2.8093090356954944,0.1,0.6820640794220667,1.0806304248515304,False,0.039344958938079586,0.0021350288405194706,True,True,0.9999999999999988,13.832846576347947,177.45703125,SUCCESS,,False,d7edcf4ca084e975b0b8d916d003c9c772e9c801b06175ee7112ef86cdea99f3,018e499280521e6e6764118d14af76ed4cee74fd501addf4dd69087da5bcc557,False,
phase3-cf68191696ee79fac466f3d3,PHASE_3_EMPIRICAL_DILUTION_SCALING,PREREGISTERED_EMPIRICAL_DILUTION_SCALING,PRIMARY_MATRIX,development,task-p3-caa0c0ea626868d3,g-c0fc2d5e7eacaffa,phase3-m16-b01-g-c0fc2d5e7eacaffa,16,9,16,65536,11,3,3,0.2727272727272727,4.57763671875e-05,4.339358675904037,P2_O0,MEAN_ENERGY_PREPARATION,COMMON_INITIALIZATION_PREPARATION,2,"[1103, 2207, 3301]",1103.0,3301.0,phase3-6cc22fe605955efef94b5b46,,"[1.4361119332668082, 4.6766136583430296, 1.8287983773432719, 0.554097077555417]","[4.375646982055247, 3.8985236723615415, 2.332451825782025, 0.1421475418287481]","[4.375646982055247, 3.8985236723615415, 2.332451825782025, 0.1421475418287481]",COBYLA,120,120,120,121,3,Return from COBYLA because the objective function has been evaluated MAXFUN times.,2.995335948549051,1.9449508160222495,1.0503851325268017,1.9449508160222495,0.13330047689396585,1.1510856225659676,0.660564716562316,1.8116503391282837,0.006956771391861191,0.000952626174626254,0.13693509833322146,151.972989979005,2.18176640804069,0.1,1.0286758187544354,1.135906806761078,False,0.006956771391861194,0.0005735131883488065,True,True,0.9999999999999996,25.150778006762266,177.51171875,SUCCESS,,False,d7edcf4ca084e975b0b8d916d003c9c772e9c801b06175ee7112ef86cdea99f3,018e499280521e6e6764118d14af76ed4cee74fd501addf4dd69087da5bcc557,False,
phase3-b083fc366dba4509a8a08c04,PHASE_3_EMPIRICAL_DILUTION_SCALING,PREREGISTERED_EMPIRICAL_DILUTION_SCALING,PRIMARY_MATRIX,development,task-p3-caa0c0ea626868d3,g-c0fc2d5e7eacaffa,phase3-m16-b01-g-c0fc2d5e7eacaffa,16,9,16,65536,11,3,3,0.2727272727272727,4.57763671875e-05,4.339358675904037,P2_O0,MEAN_ENERGY_PREPARATION,COMMON_INITIALIZATION_PREPARATION,2,"[1103, 2207, 3301]",2207.0,3301.0,phase3-6cc22fe605955efef94b5b46,,"[4.119365739193051, 4.0465795222369225, 1.5369649905613294, 0.28561357469155796]","[5.283934599192548, 4.14809337077653, 2.3296402384095374, 0.127831177354857]","[5.283934599192548, 4.14809337077653, 2.3296402384095374, 0.127831177354857]",COBYLA,120,120,120,121,3,Return from COBYLA because the objective function has been evaluated MAXFUN times.,2.7698072598090873,1.773152116948133,0.9966551428609542,1.773152116948133,0.11671960226411812,1.1248473087466668,0.5315852059373483,1.656432514684015,0.009703977913553765,0.001835197472291399,0.18911805948446536,211.98663218088652,2.326308475300822,0.1,0.9883775919497165,1.1107811786203745,False,0.009703977913553756,0.0027958060975898508,True,True,1.0000000000000009,23.543087880127132,177.51171875,SUCCESS,,False,d7edcf4ca084e975b0b8d916d003c9c772e9c801b06175ee7112ef86cdea99f3,018e499280521e6e6764118d14af76ed4cee74fd501addf4dd69087da5bcc557,False,
phase3-6cc22fe605955efef94b5b46,PHASE_3_EMPIRICAL_DILUTION_SCALING,PREREGISTERED_EMPIRICAL_DILUTION_SCALING,PRIMARY_MATRIX,development,task-p3-caa0c0ea626868d3,g-c0fc2d5e7eacaffa,phase3-m16-b01-g-c0fc2d5e7eacaffa,16,9,16,65536,11,3,3,0.2727272727272727,4.57763671875e-05,4.339358675904037,P2_O0,MEAN_ENERGY_PREPARATION,COMMON_INITIALIZATION_PREPARATION,2,"[1103, 2207, 3301]",3301.0,3301.0,phase3-6cc22fe605955efef94b5b46,,"[2.8746040698350956, 3.2295534178963874, 1.3381083226815658, 0.4324890662459698]","[4.237509025104647, 3.6178862966270375, 3.200227868396783, -0.7999429485349223]","[4.237509025104647, 3.6178862966270375, 3.200227868396783, -0.7999429485349223]",COBYLA,120,120,120,121,3,Return from COBYLA because the objective function has been evaluated MAXFUN times.,2.939508422905895,1.6686172114245532,1.270891211481342,1.6686172114245532,0.08825751345852995,1.1000168042144263,0.480342893751597,1.580359697966023,0.006449996715885373,0.002046555232921517,0.3172955465048779,140.90232825742126,2.148918169411673,0.1,1.000409249372778,1.0756052992233895,False,0.006449996715885364,0.011015027212774545,True,True,1.0000000000000013,24.723469767719507,177.51171875,SUCCESS,,False,d7edcf4ca084e975b0b8d916d003c9c772e9c801b06175ee7112ef86cdea99f3,018e499280521e6e6764118d14af76ed4cee74fd501addf4dd69087da5bcc557,False,
phase3-824119bfe947d5c572ccad10,PHASE_3_EMPIRICAL_DILUTION_SCALING,PREREGISTERED_EMPIRICAL_DILUTION_SCALING,PRIMARY_MATRIX,development,task-p3-caa0c0ea626868d3,g-c0fc2d5e7eacaffa,phase3-m16-b01-g-c0fc2d5e7eacaffa,16,9,16,65536,11,3,3,0.2727272727272727,4.57763671875e-05,4.339358675904037,O0,MEAN_ENERGY,STANDARD_BASELINE,3,"[1103, 2207, 3301]",,3301.0,phase3-6cc22fe605955efef94b5b46,"[4.237509025104647, 3.6178862966270375, 0.0, 3.200227868396783, -0.7999429485349223, 0.0]","[4.237509025104647, 3.6178862966270375, 0.0, 3.200227868396783, -0.7999429485349223, 0.0]","[4.462491026438224, 3.421443046277874, -1.1619378796238855, 3.130084806200328, -0.8015159043840399, 0.1504010763826473]","[4.462491026438224, 3.421443046277874, -1.1619378796238855, 3.130084806200328, -0.8015159043840399, 0.1504010763826473]",COBYLA,240,240,240,241,3,Return from COBYLA because the objective function has been evaluated MAXFUN times.,1.6686172114245532,1.5183272826392527,0.15028992878530056,1.5183272826392527,0.08486244688404376,1.0588917353435747,0.374573100411634,1.4334648357552084,0.020101315495295,0.005695020274376487,0.28331579969029824,439.11993743321773,2.6425831558943225,0.1,0.8648616185132901,1.0756052992233895,False,0.020101315495295057,0.00919166279443713,True,True,0.9999999999999972,55.08387947548181,177.4921875,SUCCESS,,False,d7edcf4ca084e975b0b8d916d003c9c772e9c801b06175ee7112ef86cdea99f3,018e499280521e6e6764118d14af76ed4cee74fd501addf4dd69087da5bcc557,False,
phase3-5bf44c74e011d20c5ac34eb8,PHASE_3_EMPIRICAL_DILUTION_SCALING,PREREGISTERED_EMPIRICAL_DILUTION_SCALING,PRIMARY_MATRIX,development,task-p3-caa0c0ea626868d3,g-c0fc2d5e7eacaffa,phase3-m16-b01-g-c0fc2d5e7eacaffa,16,9,16,65536,11,3,3,0.2727272727272727,4.57763671875e-05,4.339358675904037,O2,EXACT_FEASIBILITY_CAPACITY_CONTROL,STATEVECTOR_MECHANISTIC_CAPACITY_CONTROL,3,"[1103, 2207, 3301]",,3301.0,phase3-6cc22fe605955efef94b5b46,"[4.237509025104647, 3.6178862966270375, 0.0, 3.200227868396783, -0.7999429485349223, 0.0]","[4.237509025104647, 3.6178862966270375, 0.0, 3.200227868396783, -0.7999429485349223, 0.0]","[4.785865241461029, 3.677458350779699, 0.7588156007874076, 3.1029350870874652, -0.4272380091325942, -0.17768531338093177]","[4.785865241461029, 3.677458350779699, 0.7588156007874076, 3.1029350870874652, -0.4272380091325942, -0.17768531338093177]",COBYLA,240,240,240,241,3,Return from COBYLA because the objective function has been evaluated MAXFUN times.,0.9935500032841146,0.9756512421994011,0.017898761084713444,1.6288277693089341,0.0894354610454458,1.0382508617460517,0.5011414465174366,1.5393923082634888,0.024348757800598902,0.007816574897502638,0.32102561294976517,531.9067304066832,2.7258354856392315,0.1,0.8229750421008928,1.0756052992233895,False,0.02434875780059885,0.010516109888167036,True,True,1.0000000000000022,13.371925747022033,177.4921875,SUCCESS,,False,d7edcf4ca084e975b0b8d916d003c9c772e9c801b06175ee7112ef86cdea99f3,018e499280521e6e6764118d14af76ed4cee74fd501addf4dd69087da5bcc557,False,
phase3-b98d3ff2fe3c333b869d0a81,PHASE_3_EMPIRICAL_DILUTION_SCALING,PREREGISTERED_EMPIRICAL_DILUTION_SCALING,PRIMARY_MATRIX,development,task-p3-caa0c0ea626868d3,g-c0fc2d5e7eacaffa,phase3-m16-b01-g-c0fc2d5e7eacaffa,16,9,16,65536,11,3,3,0.2727272727272727,4.57763671875e-05,4.339358675904037,O3,CVAR_ENERGY,TAIL_FOCUSED_ROUTING_OBJECTIVE,3,"[1103, 2207, 3301]",,3301.0,phase3-6cc22fe605955efef94b5b46,"[4.237509025104647, 3.6178862966270375, 0.0, 3.200227868396783, -0.7999429485349223, 0.0]","[4.237509025104647, 3.6178862966270375, 0.0, 3.200227868396783, -0.7999429485349223, 0.0]","[4.764016666708982, 4.3167626312596115, 0.7569181300766678, 3.016884486641294, -0.3825861417566216, -0.17362598121121417]","[4.764016666708982, 4.3167626312596115, 0.7569181300766678, 3.016884486641294, -0.3825861417566216, -0.17362598121121417]",COBYLA,240,240,240,241,3,Return from COBYLA because the objective function has been evaluated MAXFUN times.,1.000409249372778,0.8198313855958546,0.18057786377692353,1.6358149985193935,0.08882836307153005,1.036320869967725,0.5106657654801381,1.546986635447863,0.024646015655413987,0.008982146133054822,0.36444617493707204,538.4004273310703,2.731105395917726,0.1,0.8198313855958546,1.0756052992233895,False,0.024646015655414015,0.009621207372019838,True,True,0.9999999999999987,13.928584180772305,177.4921875,SUCCESS,,False,d7edcf4ca084e975b0b8d916d003c9c772e9c801b06175ee7112ef86cdea99f3,018e499280521e6e6764118d14af76ed4cee74fd501addf4dd69087da5bcc557,False,
phase3-66f22f748a2a050bbc48baa0,PHASE_3_EMPIRICAL_DILUTION_SCALING,PREREGISTERED_EMPIRICAL_DILUTION_SCALING,PRIMARY_MATRIX,development,task-p3-e0c8183c0c2a1a94,g-c0fc2d5e7eacaffa,phase3-m16-b01-g-c0fc2d5e7eacaffa,16,9,16,65536,11,2,2,0.1818181818181818,3.0517578125e-05,4.515449934959718,P2_O0,MEAN_ENERGY_PREPARATION,COMMON_INITIALIZATION_PREPARATION,2,"[1103, 2207, 3301]",1103.0,3301.0,phase3-68b2669d49fcfe63f22284e0,,"[1.4361119332668082, 4.6766136583430296, 1.8287983773432719, 0.554097077555417]","[4.6943896254395785, 4.111168449927957, 2.308254811483912, 0.13717323045110774]","[4.6943896254395785, 4.111168449927957, 2.308254811483912, 0.13717323045110774]",COBYLA,120,120,120,121,3,Return from COBYLA because the objective function has been evaluated MAXFUN times.,3.0026106539314426,1.8843365651567654,1.1182740887746772,1.8843365651567654,0.12651378796842075,1.1450309582590974,0.6127918189292473,1.7578227771883446,0.007205728012701973,0.001422461228392762,0.1974070109065043,236.11729552021825,2.3731278001828513,0.1,1.0199241701661852,1.1260849703060758,False,0.007205728012701973,0.0026913359091518957,True,True,1.0,25.80096389632672,170.34375,SUCCESS,,False,d7edcf4ca084e975b0b8d916d003c9c772e9c801b06175ee7112ef86cdea99f3,018e499280521e6e6764118d14af76ed4cee74fd501addf4dd69087da5bcc557,False,
phase3-961dd992b4ee6ae9834c9719,PHASE_3_EMPIRICAL_DILUTION_SCALING,PREREGISTERED_EMPIRICAL_DILUTION_SCALING,PRIMARY_MATRIX,development,task-p3-e0c8183c0c2a1a94,g-c0fc2d5e7eacaffa,phase3-m16-b01-g-c0fc2d5e7eacaffa,16,9,16,65536,11,2,2,0.1818181818181818,3.0517578125e-05,4.515449934959718,P2_O0,MEAN_ENERGY_PREPARATION,COMMON_INITIALIZATION_PREPARATION,2,"[1103, 2207, 3301]",2207.0,3301.0,phase3-68b2669d49fcfe63f22284e0,,"[4.119365739193051, 4.0465795222369225, 1.5369649905613294, 0.28561357469155796]","[5.885204825353944, 4.122855772589002, 2.350977281278287, 0.14039708778331203]","[5.885204825353944, 4.122855772589002, 2.350977281278287, 0.14039708778331203]",COBYLA,120,120,120,121,3,Return from COBYLA because the objective function has been evaluated MAXFUN times.,2.77427447299414,1.682672342737142,1.091602130256998,1.682672342737142,0.10881327152371185,1.1026618777016652,0.4711971935117642,1.5738590712134302,0.011286883723606821,0.0024832719545368246,0.2200139573816105,369.8486058551483,2.568023985967338,0.1,0.9665898224538102,1.100730927364093,False,0.011286883723606811,0.0029228334782185894,True,True,1.0000000000000009,24.566629629582167,170.34375,SUCCESS,,False,d7edcf4ca084e975b0b8d916d003c9c772e9c801b06175ee7112ef86cdea99f3,018e499280521e6e6764118d14af76ed4cee74fd501addf4dd69087da5bcc557,False,
phase3-68b2669d49fcfe63f22284e0,PHASE_3_EMPIRICAL_DILUTION_SCALING,PREREGISTERED_EMPIRICAL_DILUTION_SCALING,PRIMARY_MATRIX,development,task-p3-e0c8183c0c2a1a94,g-c0fc2d5e7eacaffa,phase3-m16-b01-g-c0fc2d5e7eacaffa,16,9,16,65536,11,2,2,0.1818181818181818,3.0517578125e-05,4.515449934959718,P2_O0,MEAN_ENERGY_PREPARATION,COMMON_INITIALIZATION_PREPARATION,2,"[1103, 2207, 3301]",3301.0,3301.0,phase3-68b2669d49fcfe63f22284e0,,"[2.8746040698350956, 3.2295534178963874, 1.3381083226815658, 0.4324890662459698]","[4.415677936596824, 3.515258854759506, 3.20009664703095, -0.806171940869225]","[4.415677936596824, 3.515258854759506, 3.20009664703095, -0.806171940869225]",COBYLA,120,120,120,121,3,Return from COBYLA because the objective function has been evaluated MAXFUN times.,2.944453219774073,1.6752778249045728,1.2691753948695002,1.6752778249045728,0.08774952446845714,1.1008829603685573,0.48664534006755894,1.587528300436116,0.005044817822875251,0.0019906836189915985,0.394599703871373,165.3085904199762,2.2182954226885356,0.1,1.013704815644808,1.0756052992233895,False,0.005044817822875254,0.010071651864110215,True,True,0.9999999999999993,23.281452426686883,170.34375,SUCCESS,,False,d7edcf4ca084e975b0b8d916d003c9c772e9c801b06175ee7112ef86cdea99f3,018e499280521e6e6764118d14af76ed4cee74fd501addf4dd69087da5bcc557,False,
phase3-7a7b1f8df8243bef9e9fed1d,PHASE_3_EMPIRICAL_DILUTION_SCALING,PREREGISTERED_EMPIRICAL_DILUTION_SCALING,PRIMARY_MATRIX,development,task-p3-e0c8183c0c2a1a94,g-c0fc2d5e7eacaffa,phase3-m16-b01-g-c0fc2d5e7eacaffa,16,9,16,65536,11,2,2,0.1818181818181818,3.0517578125e-05,4.515449934959718,O0,MEAN_ENERGY,STANDARD_BASELINE,3,"[1103, 2207, 3301]",,3301.0,phase3-68b2669d49fcfe63f22284e0,"[4.415677936596824, 3.515258854759506, 0.0, 3.20009664703095, -0.806171940869225, 0.0]","[4.415677936596824, 3.515258854759506, 0.0, 3.20009664703095, -0.806171940869225, 0.0]","[4.824317574969025, 3.3503788980721145, -0.8024133701662592, 3.1289063474562173, -0.8628265271855506, 0.16139830379686884]","[4.824317574969025, 3.3503788980721145, -0.8024133701662592, 3.1289063474562173, -0.8628265271855506, 0.16139830379686884]",COBYLA,240,240,240,241,3,Return from COBYLA because the objective function has been evaluated MAXFUN times.,1.6752778249045728,1.5599048206685184,0.11537300423605434,1.5599048206685184,0.08340925345194412,1.0765937662849074,0.39990180093166733,1.4764955672165747,0.010773473743540131,0.0038265896782016862,0.35518624440850777,353.025187628323,2.547805692520263,0.1,0.9550018653706099,1.0756052992233895,False,0.010773473743540133,0.014327725940771835,True,True,0.9999999999999998,54.5991953285411,170.94921875,SUCCESS,,False,d7edcf4ca084e975b0b8d916d003c9c772e9c801b06175ee7112ef86cdea99f3,018e499280521e6e6764118d14af76ed4cee74fd501addf4dd69087da5bcc557,False,
phase3-13cb3f25d72993349775b6ad,PHASE_3_EMPIRICAL_DILUTION_SCALING,PREREGISTERED_EMPIRICAL_DILUTION_SCALING,PRIMARY_MATRIX,development,task-p3-e0c8183c0c2a1a94,g-c0fc2d5e7eacaffa,phase3-m16-b01-g-c0fc2d5e7eacaffa,16,9,16,65536,11,2,2,0.1818181818181818,3.0517578125e-05,4.515449934959718,O2,EXACT_FEASIBILITY_CAPACITY_CONTROL,STATEVECTOR_MECHANISTIC_CAPACITY_CONTROL,3,"[1103, 2207, 3301]",,3301.0,phase3-68b2669d49fcfe63f22284e0,"[4.415677936596824, 3.515258854759506, 0.0, 3.20009664703095, -0.806171940869225, 0.0]","[4.415677936596824, 3.515258854759506, 0.0, 3.20009664703095, -0.806171940869225, 0.0]","[4.944622960918057, 3.4569375368732262, 0.8211373074164582, 3.120334311530422, -0.44417654024219666, -0.18049283827291546]","[4.944622960918057, 3.4569375368732262, 0.8211373074164582, 3.120334311530422, -0.44417654024219666, -0.18049283827291546]",COBYLA,240,240,240,241,3,Return from COBYLA because the objective function has been evaluated MAXFUN times.,0.9949551821771248,0.9807097432146079,0.014245438962516843,1.6278284461658357,0.08851302377138802,1.0393104568780414,0.5000049655164066,1.5393154223944476,0.01929025678539205,0.007521874587666946,0.3899312835152637,632.1031343437267,2.800787943823744,0.1,0.8716736065968845,1.0756052992233895,False,0.01929025678539207,0.01252250894930304,True,True,0.9999999999999991,12.462784579023719,170.94921875,SUCCESS,,False,d7edcf4ca084e975b0b8d916d003c9c772e9c801b06175ee7112ef86cdea99f3,018e499280521e6e6764118d14af76ed4cee74fd501addf4dd69087da5bcc557,False,
phase3-09f49bb0e79a119b9b6bb4c6,PHASE_3_EMPIRICAL_DILUTION_SCALING,PREREGISTERED_EMPIRICAL_DILUTION_SCALING,PRIMARY_MATRIX,development,task-p3-e0c8183c0c2a1a94,g-c0fc2d5e7eacaffa,phase3-m16-b01-g-c0fc2d5e7eacaffa,16,9,16,65536,11,2,2,0.1818181818181818,3.0517578125e-05,4.515449934959718,O3,CVAR_ENERGY,TAIL_FOCUSED_ROUTING_OBJECTIVE,3,"[1103, 2207, 3301]",,3301.0,phase3-68b2669d49fcfe63f22284e0,"[4.415677936596824, 3.515258854759506, 0.0, 3.20009664703095, -0.806171940869225, 0.0]","[4.415677936596824, 3.515258854759506, 0.0, 3.20009664703095, -0.806171940869225, 0.0]","[4.682827527692723, 3.9862230144229733, 0.8090817759514723, 3.0937970326948876, -0.4341276208004207, -0.17992477501878665]","[4.682827527692723, 3.9862230144229733, 0.8090817759514723, 3.0937970326948876, -0.4341276208004207, -0.17992477501878665]",COBYLA,240,240,240,241,3,Return from COBYLA because the objective function has been evaluated MAXFUN times.,1.013704815644808,0.8730446568716629,0.1406601587731452,1.626425023033612,0.08783069613194566,1.0396034424956662,0.4989908844060005,1.5385943269016664,0.0190894813304835,0.007751566395275743,0.40606479877991586,625.5241242372833,2.7962440635435857,0.1,0.8730446568716629,1.0756052992233895,False,0.019089481330483483,0.010172299502688803,True,True,1.0000000000000009,13.393212689086795,170.94921875,SUCCESS,,False,d7edcf4ca084e975b0b8d916d003c9c772e9c801b06175ee7112ef86cdea99f3,018e499280521e6e6764118d14af76ed4cee74fd501addf4dd69087da5bcc557,False,
phase3-267762cedc9fcbe8df26f5e0,PHASE_3_EMPIRICAL_DILUTION_SCALING,PREREGISTERED_EMPIRICAL_DILUTION_SCALING,PRIMARY_MATRIX,development,task-p3-742ad01cf4b5d731,g-c0fc2d5e7eacaffa,phase3-m16-b01-g-c0fc2d5e7eacaffa,16,9,16,65536,11,1,1,0.0909090909090909,1.52587890625e-05,4.816479930623699,P2_O0,MEAN_ENERGY_PREPARATION,COMMON_INITIALIZATION_PREPARATION,2,"[1103, 2207, 3301]",1103.0,2207.0,phase3-95eb710a66ff12a2154ddd66,,"[1.4361119332668082, 4.6766136583430296, 1.8287983773432719, 0.554097077555417]","[4.69096971395372, 3.3283396091600466, 0.4420234807439544, -1.069744299922135]","[4.69096971395372, 3.3283396091600466, 0.4420234807439544, -1.069744299922135]",COBYLA,120,120,120,121,3,Return from COBYLA because the objective function has been evaluated MAXFUN times.,3.173765211007407,1.9902574359440206,1.1835077750633864,1.9902574359440206,0.07929475109857458,1.0915677555840995,0.8193949292613468,1.9109626848454462,0.0030197388354599383,0.0030197388354599383,1.0,197.90160432070252,2.2964493148976755,0.1,1.033664342609555,1.0756052992233895,False,0.003019738835459943,0.02332465393437086,True,True,0.9999999999999984,25.138512558303773,170.34375,SUCCESS,,False,d7edcf4ca084e975b0b8d916d003c9c772e9c801b06175ee7112ef86cdea99f3,018e499280521e6e6764118d14af76ed4cee74fd501addf4dd69087da5bcc557,False,
phase3-95eb710a66ff12a2154ddd66,PHASE_3_EMPIRICAL_DILUTION_SCALING,PREREGISTERED_EMPIRICAL_DILUTION_SCALING,PRIMARY_MATRIX,development,task-p3-742ad01cf4b5d731,g-c0fc2d5e7eacaffa,phase3-m16-b01-g-c0fc2d5e7eacaffa,16,9,16,65536,11,1,1,0.0909090909090909,1.52587890625e-05,4.816479930623699,P2_O0,MEAN_ENERGY_PREPARATION,COMMON_INITIALIZATION_PREPARATION,2,"[1103, 2207, 3301]",2207.0,2207.0,phase3-95eb710a66ff12a2154ddd66,,"[4.119365739193051, 4.0465795222369225, 1.5369649905613294, 0.28561357469155796]","[5.568628299343649, 4.288811305314972, 2.8552245589276533, -0.5268452067663205]","[5.568628299343649, 4.288811305314972, 2.8552245589276533, -0.5268452067663205]",COBYLA,120,120,120,121,3,Return from COBYLA because the objective function has been evaluated MAXFUN times.,2.8868458243130277,1.9685608002236183,0.9182850240894094,1.9685608002236183,0.07737728667686308,1.0798526580314052,0.8113308555153492,1.8911835135467545,0.005388830963718171,0.005388830963718171,1.0,353.16242603823406,2.547974491529836,0.1,1.006332955461995,1.0756052992233895,False,0.005388830963718166,0.002982630251608942,True,True,1.0000000000000009,25.596523441374302,170.34375,SUCCESS,,False,d7edcf4ca084e975b0b8d916d003c9c772e9c801b06175ee7112ef86cdea99f3,018e499280521e6e6764118d14af76ed4cee74fd501addf4dd69087da5bcc557,False,
phase3-320770543be4a042dba5a879,PHASE_3_EMPIRICAL_DILUTION_SCALING,PREREGISTERED_EMPIRICAL_DILUTION_SCALING,PRIMARY_MATRIX,development,task-p3-742ad01cf4b5d731,g-c0fc2d5e7eacaffa,phase3-m16-b01-g-c0fc2d5e7eacaffa,16,9,16,65536,11,1,1,0.0909090909090909,1.52587890625e-05,4.816479930623699,P2_O0,MEAN_ENERGY_PREPARATION,COMMON_INITIALIZATION_PREPARATION,2,"[1103, 2207, 3301]",3301.0,2207.0,phase3-95eb710a66ff12a2154ddd66,,"[2.8746040698350956, 3.2295534178963874, 1.3381083226815658, 0.4324890662459698]","[5.780484300794237, 2.5654148998123643, 3.5434178111390313, -1.1076873123879847]","[5.780484300794237, 2.5654148998123643, 3.5434178111390313, -1.1076873123879847]",COBYLA,120,120,120,121,3,Return from COBYLA because the objective function has been evaluated MAXFUN times.,3.081271130788467,1.9901085292007803,1.0911626015876865,1.9901085292007803,0.07916929071981696,1.0954534870461443,0.8154857514348188,1.9109392384809634,0.0027202110410739565,0.0027202110410739565,1.0,178.2717507878228,2.2510825296646644,0.1,1.0355037687205755,1.0756052992233895,False,0.002720211041073953,0.018876231819893174,True,True,1.0000000000000013,27.04622808843851,170.34375,SUCCESS,,False,d7edcf4ca084e975b0b8d916d003c9c772e9c801b06175ee7112ef86cdea99f3,018e499280521e6e6764118d14af76ed4cee74fd501addf4dd69087da5bcc557,False,
phase3-e446f858fa5035c10e8a219f,PHASE_3_EMPIRICAL_DILUTION_SCALING,PREREGISTERED_EMPIRICAL_DILUTION_SCALING,PRIMARY_MATRIX,development,task-p3-742ad01cf4b5d731,g-c0fc2d5e7eacaffa,phase3-m16-b01-g-c0fc2d5e7eacaffa,16,9,16,65536,11,1,1,0.0909090909090909,1.52587890625e-05,4.816479930623699,O0,MEAN_ENERGY,STANDARD_BASELINE,3,"[1103, 2207, 3301]",,2207.0,phase3-95eb710a66ff12a2154ddd66,"[5.568628299343649, 4.288811305314972, 0.0, 2.8552245589276533, -0.5268452067663205, 0.0]","[5.568628299343649, 4.288811305314972, 0.0, 2.8552245589276533, -0.5268452067663205, 0.0]","[5.456594946470514, 5.136940845176007, -1.2164834038261825, 2.7569913243375046, -0.5565624080969546, 0.17191016385724017]","[5.456594946470514, 5.136940845176007, -1.2164834038261825, 2.7569913243375046, -0.5565624080969546, 0.17191016385724017]",COBYLA,240,240,240,241,3,Return from COBYLA because the objective function has been evaluated MAXFUN times.,1.9685608002236183,1.813740267975455,0.15482053224816328,1.813740267975455,0.07059685182790248,1.0536196363191903,0.6895237798283629,1.7431434161475539,0.01166386730514704,0.01166386730514704,1.0,764.4032077101164,2.883322500842264,0.1,0.9357227018600606,1.0756052992233895,False,0.011663867305146987,0.0007189095403833251,True,True,1.0000000000000044,55.26706693973392,170.96484375,SUCCESS,,False,d7edcf4ca084e975b0b8d916d003c9c772e9c801b06175ee7112ef86cdea99f3,018e499280521e6e6764118d14af76ed4cee74fd501addf4dd69087da5bcc557,False,
phase3-cd3f33fecdfac9a0a87478b8,PHASE_3_EMPIRICAL_DILUTION_SCALING,PREREGISTERED_EMPIRICAL_DILUTION_SCALING,PRIMARY_MATRIX,development,task-p3-742ad01cf4b5d731,g-c0fc2d5e7eacaffa,phase3-m16-b01-g-c0fc2d5e7eacaffa,16,9,16,65536,11,1,1,0.0909090909090909,1.52587890625e-05,4.816479930623699,O2,EXACT_FEASIBILITY_CAPACITY_CONTROL,STATEVECTOR_MECHANISTIC_CAPACITY_CONTROL,3,"[1103, 2207, 3301]",,2207.0,phase3-95eb710a66ff12a2154ddd66,"[5.568628299343649, 4.288811305314972, 0.0, 2.8552245589276533, -0.5268452067663205, 0.0]","[5.568628299343649, 4.288811305314972, 0.0, 2.8552245589276533, -0.5268452067663205, 0.0]","[5.246381287228719, 4.392829886975165, 0.7394357078366041, 2.829129510689673, -0.2931540764263679, -0.1627463387624796]","[5.246381287228719, 4.392829886975165, 0.7394357078366041, 2.829129510689673, -0.2931540764263679, -0.1627463387624796]",COBYLA,240,240,240,241,3,Return from COBYLA because the objective function has been evaluated MAXFUN times.,0.9946111690362819,0.9855488204348499,0.009062348601431958,1.9094109699033655,0.0783467797291974,1.031672463011575,0.7993917271625932,1.831064190174168,0.014451179565150102,0.014451179565150102,1.0,947.0725039816771,2.976383228078066,0.1,0.9177454275205432,1.0756052992233895,False,0.014451179565150131,0.02504462839626205,True,True,0.999999999999998,13.022147190757096,170.96484375,SUCCESS,,False,d7edcf4ca084e975b0b8d916d003c9c772e9c801b06175ee7112ef86cdea99f3,018e499280521e6e6764118d14af76ed4cee74fd501addf4dd69087da5bcc557,False,
phase3-9ca57c9161ea51bcad2c0468,PHASE_3_EMPIRICAL_DILUTION_SCALING,PREREGISTERED_EMPIRICAL_DILUTION_SCALING,PRIMARY_MATRIX,development,task-p3-742ad01cf4b5d731,g-c0fc2d5e7eacaffa,phase3-m16-b01-g-c0fc2d5e7eacaffa,16,9,16,65536,11,1,1,0.0909090909090909,1.52587890625e-05,4.816479930623699,O3,CVAR_ENERGY,TAIL_FOCUSED_ROUTING_OBJECTIVE,3,"[1103, 2207, 3301]",,2207.0,phase3-95eb710a66ff12a2154ddd66,"[5.568628299343649, 4.288811305314972, 0.0, 2.8552245589276533, -0.5268452067663205, 0.0]","[5.568628299343649, 4.288811305314972, 0.0, 2.8552245589276533, -0.5268452067663205, 0.0]","[5.426765298067897, 4.6357877553630695, -1.267182744735259, 2.901015991180713, -0.44975288019838644, 0.19271164392719073]","[5.426765298067897, 4.6357877553630695, -1.267182744735259, 2.901015991180713, -0.44975288019838644, 0.19271164392719073]",COBYLA,240,240,240,241,3,Return from COBYLA because the objective function has been evaluated MAXFUN times.,1.006332955461995,0.8194484804397546,0.18688447502224048,1.9851082754833556,0.09694185933839074,1.024452105999239,0.8637143101457256,1.888166416144965,0.024987027654953708,0.024987027654953708,1.0,1637.5498443950462,3.2141945280936017,0.1,0.8194484804397546,1.0756052992233895,False,0.024987027654953742,0.0057788505801624895,True,True,0.9999999999999987,13.751347474753857,170.96484375,SUCCESS,,False,d7edcf4ca084e975b0b8d916d003c9c772e9c801b06175ee7112ef86cdea99f3,018e499280521e6e6764118d14af76ed4cee74fd501addf4dd69087da5bcc557,False,
phase3-692aac14f1802fbf42c0d801,PHASE_3_EMPIRICAL_DILUTION_SCALING,PREREGISTERED_EMPIRICAL_DILUTION_SCALING,PRIMARY_MATRIX,development,task-p3-40545d1e72d819c2,g-5017fd274a1c10ec,phase3-m16-b02-g-5017fd274a1c10ec,16,10,16,65536,10,10,10,1.0,0.000152587890625,3.816479930623699,P2_O0,MEAN_ENERGY_PREPARATION,COMMON_INITIALIZATION_PREPARATION,2,"[1103, 2207, 3301]",1103.0,1103.0,phase3-692aac14f1802fbf42c0d801,,"[1.4361119332668082, 4.6766136583430296, 1.8287983773432719, 0.554097077555417]","[2.0703260601388047, 4.334889483519265, 2.219315205936337, 0.09192033601045009]","[2.0703260601388047, 4.334889483519265, 2.219315205936337, 0.09192033601045009]",COBYLA,120,120,120,121,3,Return from COBYLA because the objective function has been evaluated MAXFUN times.,2.2840081233239538,1.8306797763130236,0.45332834701093017,1.8306797763130236,0.19330555672976263,1.274802923496958,0.36257129608630295,1.6373742195832608,0.003520347238321629,0.00042041911929190253,0.11942546880470313,23.07094766106463,1.3630654339453794,0.1,1.1359834949955574,1.2264098269123396,False,0.003520347238321621,2.0149538231720165e-05,True,True,1.0000000000000022,24.81378109380603,178.31640625,SUCCESS,,False,d7edcf4ca084e975b0b8d916d003c9c772e9c801b06175ee7112ef86cdea99f3,018e499280521e6e6764118d14af76ed4cee74fd501addf4dd69087da5bcc557,False,
phase3-cb4d276cd0db35650189ec02,PHASE_3_EMPIRICAL_DILUTION_SCALING,PREREGISTERED_EMPIRICAL_DILUTION_SCALING,PRIMARY_MATRIX,development,task-p3-40545d1e72d819c2,g-5017fd274a1c10ec,phase3-m16-b02-g-5017fd274a1c10ec,16,10,16,65536,10,10,10,1.0,0.000152587890625,3.816479930623699,P2_O0,MEAN_ENERGY_PREPARATION,COMMON_INITIALIZATION_PREPARATION,2,"[1103, 2207, 3301]",2207.0,1103.0,phase3-692aac14f1802fbf42c0d801,,"[4.119365739193051, 4.0465795222369225, 1.5369649905613294, 0.28561357469155796]","[2.3406881499002, 4.027877387852201, 2.2917746169356583, 0.07748862019424954]","[2.3406881499002, 4.027877387852201, 2.2917746169356583, 0.07748862019424954]",COBYLA,120,120,120,121,3,Return from COBYLA because the objective function has been evaluated MAXFUN times.,2.458292828776326,1.853076162459972,0.6052166663163538,1.853076162459972,0.19235738601495342,1.2602856200403965,0.40043315640462235,1.6607187764450189,0.0037382243766973244,0.00041692758811738947,0.11153091577818555,24.498827275123585,1.3891452957877015,0.1,1.110242617629576,1.1965382467895032,False,0.0037382243766973244,0.00025402262968317324,True,True,1.0,24.203418511897326,178.31640625,SUCCESS,,False,d7edcf4ca084e975b0b8d916d003c9c772e9c801b06175ee7112ef86cdea99f3,018e499280521e6e6764118d14af76ed4cee74fd501addf4dd69087da5bcc557,False,
phase3-0bb0b3be598a0e5585d9668a,PHASE_3_EMPIRICAL_DILUTION_SCALING,PREREGISTERED_EMPIRICAL_DILUTION_SCALING,PRIMARY_MATRIX,development,task-p3-40545d1e72d819c2,g-5017fd274a1c10ec,phase3-m16-b02-g-5017fd274a1c10ec,16,10,16,65536,10,10,10,1.0,0.000152587890625,3.816479930623699,P2_O0,MEAN_ENERGY_PREPARATION,COMMON_INITIALIZATION_PREPARATION,2,"[1103, 2207, 3301]",3301.0,1103.0,phase3-692aac14f1802fbf42c0d801,,"[2.8746040698350956, 3.2295534178963874, 1.3381083226815658, 0.4324890662459698]","[2.1298020786020917, 4.308877949163493, 2.261908630622642, 0.08674288076157446]","[2.1298020786020917, 4.308877949163493, 2.261908630622642, 0.08674288076157446]",COBYLA,120,120,120,121,3,Return from COBYLA because the objective function has been evaluated MAXFUN times.,2.60402964607456,1.8319320758004372,0.7720975702741226,1.8319320758004372,0.1927919996492718,1.2680139515187439,0.37112612463242156,1.6391400761511652,0.0037091464388511624,0.0004198756607050128,0.11320007652085617,24.30826210165498,1.3857539104418073,0.1,1.1236304938439579,1.2163595756560581,False,0.003709146438851158,0.00016777627511491144,True,True,1.0000000000000013,29.213510955683887,178.31640625,SUCCESS,,False,d7edcf4ca084e975b0b8d916d003c9c772e9c801b06175ee7112ef86cdea99f3,018e499280521e6e6764118d14af76ed4cee74fd501addf4dd69087da5bcc557,False,
phase3-8c9f77f8d2b01e161bb6d753,PHASE_3_EMPIRICAL_DILUTION_SCALING,PREREGISTERED_EMPIRICAL_DILUTION_SCALING,PRIMARY_MATRIX,development,task-p3-40545d1e72d819c2,g-5017fd274a1c10ec,phase3-m16-b02-g-5017fd274a1c10ec,16,10,16,65536,10,10,10,1.0,0.000152587890625,3.816479930623699,O0,MEAN_ENERGY,STANDARD_BASELINE,3,"[1103, 2207, 3301]",,1103.0,phase3-692aac14f1802fbf42c0d801,"[2.0703260601388047, 4.334889483519265, 0.0, 2.219315205936337, 0.09192033601045009, 0.0]","[2.0703260601388047, 4.334889483519265, 0.0, 2.219315205936337, 0.09192033601045009, 0.0]","[2.031105120619332, 4.3952040914669706, -0.0012104965322328348, 2.2677822127880747, 0.09443849592240897, -0.006889068135708182]","[2.031105120619332, 4.3952040914669706, -0.0012104965322328348, 2.2677822127880747, 0.09443849592240897, -0.006889068135708182]",COBYLA,240,240,240,241,3,Return from COBYLA because the objective function has been evaluated MAXFUN times.,1.8306797763130236,1.829078982330878,0.0016007939821456318,1.829078982330878,0.19314699555696035,1.2691444218405967,0.3667875649333205,1.6359319867739175,0.0036707949552768826,0.0004147441894312884,0.11298484238000836,24.056921818902577,1.381240056811468,0.1,1.12714076531111,1.2169179229480738,False,0.0036707949552768817,2.089118772008458e-05,True,True,1.0000000000000002,53.128616196103394,178.49609375,SUCCESS,,False,d7edcf4ca084e975b0b8d916d003c9c772e9c801b06175ee7112ef86cdea99f3,018e499280521e6e6764118d14af76ed4cee74fd501addf4dd69087da5bcc557,False,
phase3-f12cc67ff8678ef8ad5553d4,PHASE_3_EMPIRICAL_DILUTION_SCALING,PREREGISTERED_EMPIRICAL_DILUTION_SCALING,PRIMARY_MATRIX,development,task-p3-40545d1e72d819c2,g-5017fd274a1c10ec,phase3-m16-b02-g-5017fd274a1c10ec,16,10,16,65536,10,10,10,1.0,0.000152587890625,3.816479930623699,O2,EXACT_FEASIBILITY_CAPACITY_CONTROL,STATEVECTOR_MECHANISTIC_CAPACITY_CONTROL,3,"[1103, 2207, 3301]",,1103.0,phase3-692aac14f1802fbf42c0d801,"[2.0703260601388047, 4.334889483519265, 0.0, 2.219315205936337, 0.09192033601045009, 0.0]","[2.0703260601388047, 4.334889483519265, 0.0, 2.219315205936337, 0.09192033601045009, 0.0]","[2.456142583110186, 4.078694574169114, 0.7410727671732937, 2.53473949331437, 0.29109365817044613, -0.15494214209244778]","[2.456142583110186, 4.078694574169114, 0.7410727671732937, 2.53473949331437, 0.29109365817044613, -0.15494214209244778]",COBYLA,240,240,240,241,3,Return from COBYLA because the objective function has been evaluated MAXFUN times.,0.9964796527616784,0.9877734174187511,0.008706235342927249,1.9455775785566605,0.2027357219260027,1.244237488054507,0.4986043685761511,1.742841856630658,0.01222658258124885,0.0014792807498726968,0.12098889775965507,80.12813160447247,1.9037850161551388,0.1,1.0192366522607574,1.1915131211613623,False,0.012226582581248834,5.313292370839884e-05,True,True,1.0000000000000013,12.90440313424915,178.49609375,SUCCESS,,False,d7edcf4ca084e975b0b8d916d003c9c772e9c801b06175ee7112ef86cdea99f3,018e499280521e6e6764118d14af76ed4cee74fd501addf4dd69087da5bcc557,False,
phase3-7c03246705e9a2d8187c197a,PHASE_3_EMPIRICAL_DILUTION_SCALING,PREREGISTERED_EMPIRICAL_DILUTION_SCALING,PRIMARY_MATRIX,development,task-p3-40545d1e72d819c2,g-5017fd274a1c10ec,phase3-m16-b02-g-5017fd274a1c10ec,16,10,16,65536,10,10,10,1.0,0.000152587890625,3.816479930623699,O3,CVAR_ENERGY,TAIL_FOCUSED_ROUTING_OBJECTIVE,3,"[1103, 2207, 3301]",,1103.0,phase3-692aac14f1802fbf42c0d801,"[2.0703260601388047, 4.334889483519265, 0.0, 2.219315205936337, 0.09192033601045009, 0.0]","[2.0703260601388047, 4.334889483519265, 0.0, 2.219315205936337, 0.09192033601045009, 0.0]","[2.752727426503618, 4.780471179824978, 1.3131094428194994, 2.8276738047244776, -0.33942458963453753, -0.17458201624021308]","[2.752727426503618, 4.780471179824978, 1.3131094428194994, 2.8276738047244776, -0.33942458963453753, -0.17458201624021308]",COBYLA,240,240,240,241,3,Return from COBYLA because the objective function has been evaluated MAXFUN times.,1.1359834949955574,0.8531298606349245,0.28285363436063293,1.5947583111100325,0.14025652922759102,1.1352194444768051,0.31928233740563605,1.454501781882441,0.024295895091955587,0.003942677281837637,0.16227750683460368,159.22557807464014,2.202012834283531,0.1,0.8531298606349245,1.1208821887213847,False,0.024295895091955552,0.001678224801867842,True,True,1.0000000000000013,13.909987988881767,178.49609375,SUCCESS,,False,d7edcf4ca084e975b0b8d916d003c9c772e9c801b06175ee7112ef86cdea99f3,018e499280521e6e6764118d14af76ed4cee74fd501addf4dd69087da5bcc557,False,
phase3-b20bcee1112cf5b96f1ed6cc,PHASE_3_EMPIRICAL_DILUTION_SCALING,PREREGISTERED_EMPIRICAL_DILUTION_SCALING,PRIMARY_MATRIX,development,task-p3-c0d5d0b8db783fa9,g-5017fd274a1c10ec,phase3-m16-b02-g-5017fd274a1c10ec,16,10,16,65536,10,6,6,0.6,9.1552734375e-05,4.038328680240055,P2_O0,MEAN_ENERGY_PREPARATION,COMMON_INITIALIZATION_PREPARATION,2,"[1103, 2207, 3301]",1103.0,1103.0,phase3-b20bcee1112cf5b96f1ed6cc,,"[1.4361119332668082, 4.6766136583430296, 1.8287983773432719, 0.554097077555417]","[2.826641376186574, 5.081772568855761, 3.49048137398921, -0.9198670249127486]","[2.826641376186574, 5.081772568855761, 3.49048137398921, -0.9198670249127486]",COBYLA,120,120,120,121,3,Return from COBYLA because the objective function has been evaluated MAXFUN times.,2.8946187435575643,1.6625569305286079,1.2320618130289565,1.6625569305286079,0.10276700857355481,1.1503281450697724,0.4094617768852806,1.559789921955053,0.003384638453879693,0.0011852618975456586,0.3501886283266191,36.96927761890993,1.567840964525329,0.1,1.0390105353476369,1.100781686208822,False,0.003384638453879697,0.0011509215769388847,True,True,0.9999999999999989,25.318327017128468,178.515625,SUCCESS,,False,d7edcf4ca084e975b0b8d916d003c9c772e9c801b06175ee7112ef86cdea99f3,018e499280521e6e6764118d14af76ed4cee74fd501addf4dd69087da5bcc557,False,
phase3-fe6a75f7f60ded9e82f2c1b7,PHASE_3_EMPIRICAL_DILUTION_SCALING,PREREGISTERED_EMPIRICAL_DILUTION_SCALING,PRIMARY_MATRIX,development,task-p3-c0d5d0b8db783fa9,g-5017fd274a1c10ec,phase3-m16-b02-g-5017fd274a1c10ec,16,10,16,65536,10,6,6,0.6,9.1552734375e-05,4.038328680240055,P2_O0,MEAN_ENERGY_PREPARATION,COMMON_INITIALIZATION_PREPARATION,2,"[1103, 2207, 3301]",2207.0,1103.0,phase3-b20bcee1112cf5b96f1ed6cc,,"[4.119365739193051, 4.0465795222369225, 1.5369649905613294, 0.28561357469155796]","[5.281330411000625, 4.042199772921861, 2.366270707136279, 0.11249914289494335]","[5.281330411000625, 4.042199772921861, 2.366270707136279, 0.11249914289494335]",COBYLA,120,120,120,121,3,Return from COBYLA because the objective function has been evaluated MAXFUN times.,2.7450059708751393,1.8164076634382766,0.9285983074368627,1.8164076634382766,0.1427477395746415,1.1761861441683754,0.4974737796952601,1.6736599238636354,0.005805398574555858,0.0008760675164631841,0.15090566224046167,63.410433497015454,1.8021607221937144,0.1,1.0677035095723648,1.1563372417643774,False,0.005805398574555859,0.0017875630910849788,True,True,0.9999999999999998,26.103020780719817,178.515625,SUCCESS,,False,d7edcf4ca084e975b0b8d916d003c9c772e9c801b06175ee7112ef86cdea99f3,018e499280521e6e6764118d14af76ed4cee74fd501addf4dd69087da5bcc557,False,
phase3-2134fbfb8dd19023cf2ec66c,PHASE_3_EMPIRICAL_DILUTION_SCALING,PREREGISTERED_EMPIRICAL_DILUTION_SCALING,PRIMARY_MATRIX,development,task-p3-c0d5d0b8db783fa9,g-5017fd274a1c10ec,phase3-m16-b02-g-5017fd274a1c10ec,16,10,16,65536,10,6,6,0.6,9.1552734375e-05,4.038328680240055,P2_O0,MEAN_ENERGY_PREPARATION,COMMON_INITIALIZATION_PREPARATION,2,"[1103, 2207, 3301]",3301.0,1103.0,phase3-b20bcee1112cf5b96f1ed6cc,,"[2.8746040698350956, 3.2295534178963874, 1.3381083226815658, 0.4324890662459698]","[4.925059394489096, 1.8544063591023974, 2.2189171348306127, -0.11586927246624651]","[4.925059394489096, 1.8544063591023974, 2.2189171348306127, -0.11586927246624651]",COBYLA,120,120,120,121,3,Return from COBYLA because the objective function has been evaluated MAXFUN times.,2.8750076268446048,1.876566547343119,0.9984410795014858,1.876566547343119,0.14285869101986448,1.2266590098041792,0.5070488465190752,1.7337078563232546,0.0017638168484545385,0.00019117861959060576,0.10838915602723549,19.26558349671944,1.2847821670250081,0.1,1.1048548740431314,1.1613623673925182,False,0.0017638168484545374,0.001042740697430572,True,True,1.0000000000000004,21.690857517533004,178.515625,SUCCESS,,False,d7edcf4ca084e975b0b8d916d003c9c772e9c801b06175ee7112ef86cdea99f3,018e499280521e6e6764118d14af76ed4cee74fd501addf4dd69087da5bcc557,False,
phase3-4f071503145289550bf90571,PHASE_3_EMPIRICAL_DILUTION_SCALING,PREREGISTERED_EMPIRICAL_DILUTION_SCALING,PRIMARY_MATRIX,development,task-p3-c0d5d0b8db783fa9,g-5017fd274a1c10ec,phase3-m16-b02-g-5017fd274a1c10ec,16,10,16,65536,10,6,6,0.6,9.1552734375e-05,4.038328680240055,O0,MEAN_ENERGY,STANDARD_BASELINE,3,"[1103, 2207, 3301]",,1103.0,phase3-b20bcee1112cf5b96f1ed6cc,"[2.826641376186574, 5.081772568855761, 0.0, 3.49048137398921, -0.9198670249127486, 0.0]","[2.826641376186574, 5.081772568855761, 0.0, 3.49048137398921, -0.9198670249127486, 0.0]","[2.9447165137465268, 6.5615090959960884, 1.2916907425464965, 3.8485989136982584, -0.894115750875073, -0.1425500720861791]","[2.9447165137465268, 6.5615090959960884, 1.2916907425464965, 3.8485989136982584, -0.894115750875073, -0.1425500720861791]",COBYLA,240,240,240,241,3,Return from COBYLA because the objective function has been evaluated MAXFUN times.,1.6625569305286079,1.3873679835069663,0.27518894702164154,1.3873679835069663,0.07953083237956209,1.1280308898923286,0.17980626123507576,1.3078371511274047,0.005012961794619295,0.0008680478204149731,0.17316066947621656,54.75491069536168,1.7384230749689586,0.1,1.0174011608918017,1.0907314349525405,False,0.005012961794619285,0.011310985064566348,True,True,1.000000000000002,56.26812632102519,178.4609375,SUCCESS,,False,d7edcf4ca084e975b0b8d916d003c9c772e9c801b06175ee7112ef86cdea99f3,018e499280521e6e6764118d14af76ed4cee74fd501addf4dd69087da5bcc557,False,
phase3-9fbe807dd17d425642b216ff,PHASE_3_EMPIRICAL_DILUTION_SCALING,PREREGISTERED_EMPIRICAL_DILUTION_SCALING,PRIMARY_MATRIX,development,task-p3-c0d5d0b8db783fa9,g-5017fd274a1c10ec,phase3-m16-b02-g-5017fd274a1c10ec,16,10,16,65536,10,6,6,0.6,9.1552734375e-05,4.038328680240055,O2,EXACT_FEASIBILITY_CAPACITY_CONTROL,STATEVECTOR_MECHANISTIC_CAPACITY_CONTROL,3,"[1103, 2207, 3301]",,1103.0,phase3-b20bcee1112cf5b96f1ed6cc,"[2.826641376186574, 5.081772568855761, 0.0, 3.49048137398921, -0.9198670249127486, 0.0]","[2.826641376186574, 5.081772568855761, 0.0, 3.49048137398921, -0.9198670249127486, 0.0]","[3.4568780466921454, 5.625935266311267, -1.2167658506913999, 2.9939423129356584, -0.5319793681339182, 0.18218350671084532]","[3.4568780466921454, 5.625935266311267, -1.2167658506913999, 2.9939423129356584, -0.5319793681339182, 0.18218350671084532]",COBYLA,240,240,240,241,3,Return from COBYLA because the objective function has been evaluated MAXFUN times.,0.9966153615461203,0.9575901318563576,0.03902522968976274,1.6747746251411058,0.12444633187740049,1.065099835754902,0.48522845750880333,1.5503282932637055,0.042409868143642435,0.011460795770976888,0.2702388918578835,463.22885311029177,2.6657956024385645,0.1,0.6786097923263357,1.1108319374651034,False,0.04240986814364239,0.002963470989631095,True,True,1.0000000000000009,13.546892469748855,178.4609375,SUCCESS,,False,d7edcf4ca084e975b0b8d916d003c9c772e9c801b06175ee7112ef86cdea99f3,018e499280521e6e6764118d14af76ed4cee74fd501addf4dd69087da5bcc557,False,
phase3-82f92d9e5534f151e813d497,PHASE_3_EMPIRICAL_DILUTION_SCALING,PREREGISTERED_EMPIRICAL_DILUTION_SCALING,PRIMARY_MATRIX,development,task-p3-c0d5d0b8db783fa9,g-5017fd274a1c10ec,phase3-m16-b02-g-5017fd274a1c10ec,16,10,16,65536,10,6,6,0.6,9.1552734375e-05,4.038328680240055,O3,CVAR_ENERGY,TAIL_FOCUSED_ROUTING_OBJECTIVE,3,"[1103, 2207, 3301]",,1103.0,phase3-b20bcee1112cf5b96f1ed6cc,"[2.826641376186574, 5.081772568855761, 0.0, 3.49048137398921, -0.9198670249127486, 0.0]","[2.826641376186574, 5.081772568855761, 0.0, 3.49048137398921, -0.9198670249127486, 0.0]","[3.5052535181648037, 5.391298837225896, 0.7862864174410048, 3.0226926285497817, -0.39546040249884623, -0.16462177527862354]","[3.5052535181648037, 5.391298837225896, 0.7862864174410048, 3.0226926285497817, -0.39546040249884623, -0.16462177527862354]",COBYLA,240,240,240,241,3,Return from COBYLA because the objective function has been evaluated MAXFUN times.,1.0390105353476369,0.8344869804377444,0.2045235549098925,1.598211016343547,0.10594200822283506,1.0838439597752552,0.40842504834545723,1.492269008120712,0.025467627589889685,0.0071033449215407805,0.27891663235882697,278.1744069551684,2.4443171708413765,0.1,0.8344869804377444,1.0957565605806812,False,0.02546762758988964,0.00091914622772378,True,True,1.000000000000002,13.309070012532175,178.4609375,SUCCESS,,False,d7edcf4ca084e975b0b8d916d003c9c772e9c801b06175ee7112ef86cdea99f3,018e499280521e6e6764118d14af76ed4cee74fd501addf4dd69087da5bcc557,False,
phase3-f28bc1947863ef0aa0d2fb77,PHASE_3_EMPIRICAL_DILUTION_SCALING,PREREGISTERED_EMPIRICAL_DILUTION_SCALING,PRIMARY_MATRIX,development,task-p3-0aba913814f5b408,g-5017fd274a1c10ec,phase3-m16-b02-g-5017fd274a1c10ec,16,10,16,65536,10,5,5,0.5,7.62939453125e-05,4.11750992628768,P2_O0,MEAN_ENERGY_PREPARATION,COMMON_INITIALIZATION_PREPARATION,2,"[1103, 2207, 3301]",1103.0,1103.0,phase3-f28bc1947863ef0aa0d2fb77,,"[1.4361119332668082, 4.6766136583430296, 1.8287983773432719, 0.554097077555417]","[2.6781940998490965, 5.075986259659192, 3.4911659351219972, -0.9195282275530743]","[2.6781940998490965, 5.075986259659192, 3.4911659351219972, -0.9195282275530743]",COBYLA,120,120,120,121,3,Return from COBYLA because the objective function has been evaluated MAXFUN times.,2.9022062822864623,1.6693208154756818,1.2328854668107805,1.6693208154756818,0.102395856028725,1.150888498983844,0.4160364604631131,1.5669249594469563,0.0029422519669690156,0.001128540150725595,0.38356339409237256,38.56468498145628,1.5861897881457347,0.1,1.044087225060717,1.100781686208822,False,0.002942251966969017,0.003524265033559612,True,True,0.9999999999999998,25.553601655177772,178.51171875,SUCCESS,,False,d7edcf4ca084e975b0b8d916d003c9c772e9c801b06175ee7112ef86cdea99f3,018e499280521e6e6764118d14af76ed4cee74fd501addf4dd69087da5bcc557,False,
phase3-e77fac2d6a16954378c76449,PHASE_3_EMPIRICAL_DILUTION_SCALING,PREREGISTERED_EMPIRICAL_DILUTION_SCALING,PRIMARY_MATRIX,development,task-p3-0aba913814f5b408,g-5017fd274a1c10ec,phase3-m16-b02-g-5017fd274a1c10ec,16,10,16,65536,10,5,5,0.5,7.62939453125e-05,4.11750992628768,P2_O0,MEAN_ENERGY_PREPARATION,COMMON_INITIALIZATION_PREPARATION,2,"[1103, 2207, 3301]",2207.0,1103.0,phase3-f28bc1947863ef0aa0d2fb77,,"[4.119365739193051, 4.0465795222369225, 1.5369649905613294, 0.28561357469155796]","[5.373094174314182, 4.038021710066861, 2.388598084817856, 0.11510447515580333]","[5.373094174314182, 4.038021710066861, 2.388598084817856, 0.11510447515580333]",COBYLA,120,120,120,121,3,Return from COBYLA because the objective function has been evaluated MAXFUN times.,2.7500400005190837,1.8050308099173074,0.9450091906017763,1.8050308099173074,0.14135392494546384,1.1671466987363044,0.49653018623553946,1.6636768849718437,0.006028948150402043,0.001073006456294934,0.17797573134268538,79.02262919694967,1.8977514751901685,0.1,1.0645454576700961,1.1560580681183696,False,0.006028948150402034,0.000459819912616663,True,True,1.0000000000000016,24.853804764337838,178.51171875,SUCCESS,,False,d7edcf4ca084e975b0b8d916d003c9c772e9c801b06175ee7112ef86cdea99f3,018e499280521e6e6764118d14af76ed4cee74fd501addf4dd69087da5bcc557,False,
phase3-68a0fabc5f0d0f7123625e22,PHASE_3_EMPIRICAL_DILUTION_SCALING,PREREGISTERED_EMPIRICAL_DILUTION_SCALING,PRIMARY_MATRIX,development,task-p3-0aba913814f5b408,g-5017fd274a1c10ec,phase3-m16-b02-g-5017fd274a1c10ec,16,10,16,65536,10,5,5,0.5,7.62939453125e-05,4.11750992628768,P2_O0,MEAN_ENERGY_PREPARATION,COMMON_INITIALIZATION_PREPARATION,2,"[1103, 2207, 3301]",3301.0,1103.0,phase3-f28bc1947863ef0aa0d2fb77,,"[2.8746040698350956, 3.2295534178963874, 1.3381083226815658, 0.4324890662459698]","[4.681313176546379, 1.3562743927958307, 2.520432859659752, -0.1927706895888508]","[4.681313176546379, 1.3562743927958307, 2.520432859659752, -0.1927706895888508]",COBYLA,120,120,120,121,3,Return from COBYLA because the objective function has been evaluated MAXFUN times.,2.880186226646068,1.843262007366448,1.0369242192796198,1.843262007366448,0.1333748919159426,1.165537736851321,0.5443493785991844,1.7098871154505055,0.007664998882355374,0.0017228708885697072,0.2247711858818024,100.46667335080835,2.0020220221529694,0.1,1.0251223432689447,1.1309324399776661,False,0.007664998882355363,0.0022100627210858426,True,True,1.0000000000000013,29.459116050973535,178.51171875,SUCCESS,,False,d7edcf4ca084e975b0b8d916d003c9c772e9c801b06175ee7112ef86cdea99f3,018e499280521e6e6764118d14af76ed4cee74fd501addf4dd69087da5bcc557,False,
phase3-9ad826c78de5f71e5935b1f2,PHASE_3_EMPIRICAL_DILUTION_SCALING,PREREGISTERED_EMPIRICAL_DILUTION_SCALING,PRIMARY_MATRIX,development,task-p3-0aba913814f5b408,g-5017fd274a1c10ec,phase3-m16-b02-g-5017fd274a1c10ec,16,10,16,65536,10,5,5,0.5,7.62939453125e-05,4.11750992628768,O0,MEAN_ENERGY,STANDARD_BASELINE,3,"[1103, 2207, 3301]",,1103.0,phase3-f28bc1947863ef0aa0d2fb77,"[2.6781940998490965, 5.075986259659192, 0.0, 3.4911659351219972, -0.9195282275530743, 0.0]","[2.6781940998490965, 5.075986259659192, 0.0, 3.4911659351219972, -0.9195282275530743, 0.0]","[3.6940084706408647, 6.194544324217598, 1.223138384914033, 3.873197802037897, -0.9288903676813538, -0.15330831176496137]","[3.6940084706408647, 6.194544324217598, 1.223138384914033, 3.873197802037897, -0.9288903676813538, -0.15330831176496137]",COBYLA,240,240,240,241,3,Return from COBYLA because the objective function has been evaluated MAXFUN times.,1.6693208154756818,1.3737316550563783,0.2955891604193035,1.3737316550563783,0.07780359841012859,1.1242491719128909,0.17167888473335854,1.2959280566462494,0.0036092929633221556,0.0004634957065878884,0.12841731366723586,47.30772472885616,1.674932061101524,0.1,1.033836083011795,1.0907314349525405,False,0.0036092929633221643,0.01922283177632335,True,True,0.9999999999999977,54.65211590472609,178.46484375,SUCCESS,,False,d7edcf4ca084e975b0b8d916d003c9c772e9c801b06175ee7112ef86cdea99f3,018e499280521e6e6764118d14af76ed4cee74fd501addf4dd69087da5bcc557,False,
phase3-50c7699528329fc5c42543c4,PHASE_3_EMPIRICAL_DILUTION_SCALING,PREREGISTERED_EMPIRICAL_DILUTION_SCALING,PRIMARY_MATRIX,development,task-p3-0aba913814f5b408,g-5017fd274a1c10ec,phase3-m16-b02-g-5017fd274a1c10ec,16,10,16,65536,10,5,5,0.5,7.62939453125e-05,4.11750992628768,O2,EXACT_FEASIBILITY_CAPACITY_CONTROL,STATEVECTOR_MECHANISTIC_CAPACITY_CONTROL,3,"[1103, 2207, 3301]",,1103.0,phase3-f28bc1947863ef0aa0d2fb77,"[2.6781940998490965, 5.075986259659192, 0.0, 3.4911659351219972, -0.9195282275530743, 0.0]","[2.6781940998490965, 5.075986259659192, 0.0, 3.4911659351219972, -0.9195282275530743, 0.0]","[3.3229957918144604, 5.502446473079703, -1.1173027322380045, 3.0198424429815605, -0.5472545187520952, 0.18454823869211628]","[3.3229957918144604, 5.502446473079703, -1.1173027322380045, 3.0198424429815605, -0.5472545187520952, 0.18454823869211628]",COBYLA,240,240,240,241,3,Return from COBYLA because the objective function has been evaluated MAXFUN times.,0.9970577480330309,0.9631835220521798,0.0338742259808511,1.6979472896266827,0.12490760012731786,1.0681935198581625,0.5048461696412023,1.5730396894993646,0.03681647794782021,0.011466445605638373,0.3114487383038025,482.5609397576691,2.683552165616204,0.1,0.7333940477334331,1.1155914505457496,False,0.03681647794782021,0.0034853710347565597,True,True,1.0,12.467269713059068,178.46484375,SUCCESS,,False,d7edcf4ca084e975b0b8d916d003c9c772e9c801b06175ee7112ef86cdea99f3,018e499280521e6e6764118d14af76ed4cee74fd501addf4dd69087da5bcc557,False,
phase3-cba55375675a15224fb4706c,PHASE_3_EMPIRICAL_DILUTION_SCALING,PREREGISTERED_EMPIRICAL_DILUTION_SCALING,PRIMARY_MATRIX,development,task-p3-0aba913814f5b408,g-5017fd274a1c10ec,phase3-m16-b02-g-5017fd274a1c10ec,16,10,16,65536,10,5,5,0.5,7.62939453125e-05,4.11750992628768,O3,CVAR_ENERGY,TAIL_FOCUSED_ROUTING_OBJECTIVE,3,"[1103, 2207, 3301]",,1103.0,phase3-f28bc1947863ef0aa0d2fb77,"[2.6781940998490965, 5.075986259659192, 0.0, 3.4911659351219972, -0.9195282275530743, 0.0]","[2.6781940998490965, 5.075986259659192, 0.0, 3.4911659351219972, -0.9195282275530743, 0.0]","[3.355087812294785, 5.654646007683412, 0.7548505442606059, 3.0089396518376264, -0.38977336215530545, -0.16511176280486323]","[3.355087812294785, 5.654646007683412, 0.7548505442606059, 3.0089396518376264, -0.38977336215530545, -0.16511176280486323]",COBYLA,240,240,240,241,3,Return from COBYLA because the objective function has been evaluated MAXFUN times.,1.044087225060717,0.8677105971650371,0.17637662789567987,1.604614705673369,0.10506760596434726,1.0855110964372878,0.41403600327173407,1.4995470997090217,0.021874446482879468,0.007096758574713646,0.32443145842652915,286.7127449403978,2.45744699861186,0.1,0.8677105971650371,1.0957565605806812,False,0.02187444648287953,0.00017077095659992492,True,True,0.9999999999999972,12.853296130895615,178.46484375,SUCCESS,,False,d7edcf4ca084e975b0b8d916d003c9c772e9c801b06175ee7112ef86cdea99f3,018e499280521e6e6764118d14af76ed4cee74fd501addf4dd69087da5bcc557,False,
phase3-a9f6012653e63cdddfa682b2,PHASE_3_EMPIRICAL_DILUTION_SCALING,PREREGISTERED_EMPIRICAL_DILUTION_SCALING,PRIMARY_MATRIX,development,task-p3-b12e7fb7d3bcb7e3,g-5017fd274a1c10ec,phase3-m16-b02-g-5017fd274a1c10ec,16,10,16,65536,10,4,4,0.4,6.103515625e-05,4.214419939295737,P2_O0,MEAN_ENERGY_PREPARATION,COMMON_INITIALIZATION_PREPARATION,2,"[1103, 2207, 3301]",1103.0,1103.0,phase3-a9f6012653e63cdddfa682b2,,"[1.4361119332668082, 4.6766136583430296, 1.8287983773432719, 0.554097077555417]","[2.9346661719023235, 5.204554478199727, 3.5196834321989248, -0.9493393496414536]","[2.9346661719023235, 5.204554478199727, 3.5196834321989248, -0.9493393496414536]",COBYLA,120,120,120,121,3,Return from COBYLA because the objective function has been evaluated MAXFUN times.,2.9227755321710482,1.6664671474429464,1.2563083847281018,1.6664671474429464,0.09856425059752436,1.1507173944956552,0.4171855023497673,1.5679028968454223,0.0016126940202876223,0.00034234248751783815,0.2122798765365185,26.422378828392404,1.4219719149263834,0.1,1.0543358962857756,1.0957565605806812,False,0.001612694020287625,0.000515921503506031,True,True,0.9999999999999983,26.792008579708636,178.29296875,SUCCESS,,False,d7edcf4ca084e975b0b8d916d003c9c772e9c801b06175ee7112ef86cdea99f3,018e499280521e6e6764118d14af76ed4cee74fd501addf4dd69087da5bcc557,False,
phase3-01508755137759307a4c7055,PHASE_3_EMPIRICAL_DILUTION_SCALING,PREREGISTERED_EMPIRICAL_DILUTION_SCALING,PRIMARY_MATRIX,development,task-p3-b12e7fb7d3bcb7e3,g-5017fd274a1c10ec,phase3-m16-b02-g-5017fd274a1c10ec,16,10,16,65536,10,4,4,0.4,6.103515625e-05,4.214419939295737,P2_O0,MEAN_ENERGY_PREPARATION,COMMON_INITIALIZATION_PREPARATION,2,"[1103, 2207, 3301]",2207.0,1103.0,phase3-a9f6012653e63cdddfa682b2,,"[4.119365739193051, 4.0465795222369225, 1.5369649905613294, 0.28561357469155796]","[5.154754219773754, 4.158059403889655, 2.3519774345582904, 0.11752890821912385]","[5.154754219773754, 4.158059403889655, 2.3519774345582904, 0.11752890821912385]",COBYLA,120,120,120,121,3,Return from COBYLA because the objective function has been evaluated MAXFUN times.,2.7636100878865317,1.852079688846512,0.9115303990400196,1.852079688846512,0.14342755914817631,1.1797655005807466,0.5288866291175892,1.708652129698336,0.004185719361792084,0.0008424524811237384,0.20126826676766232,68.57882602360151,1.8361900463106298,0.1,1.0815491673832198,1.1513121161362367,False,0.004185719361792078,0.001847946067004974,True,True,1.0000000000000016,25.07560608163476,178.29296875,SUCCESS,,False,d7edcf4ca084e975b0b8d916d003c9c772e9c801b06175ee7112ef86cdea99f3,018e499280521e6e6764118d14af76ed4cee74fd501addf4dd69087da5bcc557,False,
phase3-af95c6b4ba33d3a98edeabba,PHASE_3_EMPIRICAL_DILUTION_SCALING,PREREGISTERED_EMPIRICAL_DILUTION_SCALING,PRIMARY_MATRIX,development,task-p3-b12e7fb7d3bcb7e3,g-5017fd274a1c10ec,phase3-m16-b02-g-5017fd274a1c10ec,16,10,16,65536,10,4,4,0.4,6.103515625e-05,4.214419939295737,P2_O0,MEAN_ENERGY_PREPARATION,COMMON_INITIALIZATION_PREPARATION,2,"[1103, 2207, 3301]",3301.0,1103.0,phase3-a9f6012653e63cdddfa682b2,,"[2.8746040698350956, 3.2295534178963874, 1.3381083226815658, 0.4324890662459698]","[5.147297695021117, 1.7933213899588247, 2.4755599200522957, -0.17070972206436286]","[5.147297695021117, 1.7933213899588247, 2.4755599200522957, -0.17070972206436286]",COBYLA,120,120,120,121,3,Return from COBYLA because the objective function has been evaluated MAXFUN times.,2.8944246972925365,1.7878056682042114,1.106619029088325,1.7878056682042114,0.12342089585180308,1.1589922568455098,0.5053925155068985,1.6643847723524083,0.0050217160408640715,0.0010704358169356157,0.21316135922958898,82.27579561351695,1.9152720906490546,0.1,1.0436193264871245,1.1208821887213847,False,0.0050217160408640785,0.00010782491386088222,True,True,0.9999999999999986,25.813050909899175,178.29296875,SUCCESS,,False,d7edcf4ca084e975b0b8d916d003c9c772e9c801b06175ee7112ef86cdea99f3,018e499280521e6e6764118d14af76ed4cee74fd501addf4dd69087da5bcc557,False,
phase3-ec0108407bba7f6408542652,PHASE_3_EMPIRICAL_DILUTION_SCALING,PREREGISTERED_EMPIRICAL_DILUTION_SCALING,PRIMARY_MATRIX,development,task-p3-b12e7fb7d3bcb7e3,g-5017fd274a1c10ec,phase3-m16-b02-g-5017fd274a1c10ec,16,10,16,65536,10,4,4,0.4,6.103515625e-05,4.214419939295737,O0,MEAN_ENERGY,STANDARD_BASELINE,3,"[1103, 2207, 3301]",,1103.0,phase3-a9f6012653e63cdddfa682b2,"[2.9346661719023235, 5.204554478199727, 0.0, 3.5196834321989248, -0.9493393496414536, 0.0]","[2.9346661719023235, 5.204554478199727, 0.0, 3.5196834321989248, -0.9493393496414536, 0.0]","[4.162383469195337, 6.446318622904995, 1.1500604136096177, 3.884399667787325, -0.9640761297721872, -0.149639043862269]","[4.162383469195337, 6.446318622904995, 1.1500604136096177, 3.884399667787325, -0.9640761297721872, -0.149639043862269]",COBYLA,240,240,240,241,3,Return from COBYLA because the objective function has been evaluated MAXFUN times.,1.6664671474429464,1.3452142024985665,0.32125294494437995,1.3452142024985665,0.0725136319638854,1.1203251444964202,0.15237542603826051,1.272700570534681,0.0021040028615134545,0.00034172244814489763,0.16241539134556562,34.47198288303644,1.537466265432694,0.1,1.045037115633028,1.0907314349525405,False,0.0021040028615134545,0.00890386553345171,True,True,1.0,54.51676938030869,178.4609375,SUCCESS,,False,d7edcf4ca084e975b0b8d916d003c9c772e9c801b06175ee7112ef86cdea99f3,018e499280521e6e6764118d14af76ed4cee74fd501addf4dd69087da5bcc557,False,
phase3-ad12749f0227f1313fb10ed3,PHASE_3_EMPIRICAL_DILUTION_SCALING,PREREGISTERED_EMPIRICAL_DILUTION_SCALING,PRIMARY_MATRIX,development,task-p3-b12e7fb7d3bcb7e3,g-5017fd274a1c10ec,phase3-m16-b02-g-5017fd274a1c10ec,16,10,16,65536,10,4,4,0.4,6.103515625e-05,4.214419939295737,O2,EXACT_FEASIBILITY_CAPACITY_CONTROL,STATEVECTOR_MECHANISTIC_CAPACITY_CONTROL,3,"[1103, 2207, 3301]",,1103.0,phase3-a9f6012653e63cdddfa682b2,"[2.9346661719023235, 5.204554478199727, 0.0, 3.5196834321989248, -0.9493393496414536, 0.0]","[2.9346661719023235, 5.204554478199727, 0.0, 3.5196834321989248, -0.9493393496414536, 0.0]","[3.6489832337600343, 5.5165188166006764, -1.2817038400353584, 2.9989975937964513, -0.5069643626141284, 0.18395339392741994]","[3.6489832337600343, 5.5165188166006764, -1.2817038400353584, 2.9989975937964513, -0.5069643626141284, 0.18395339392741994]",COBYLA,240,240,240,241,3,Return from COBYLA because the objective function has been evaluated MAXFUN times.,0.9983873059797124,0.9729408294098484,0.025446476569863985,1.7346694859526914,0.12630755186228615,1.0690241778580316,0.5393377562323737,1.6083619340904052,0.027059170590151588,0.007816016123524895,0.28884906495876117,443.3374509490436,2.6467344198928604,0.1,0.8340803892169592,1.1157423802509652,False,0.027059170590151588,0.004971769477558882,True,True,1.0,12.469768332317472,178.4609375,SUCCESS,,False,d7edcf4ca084e975b0b8d916d003c9c772e9c801b06175ee7112ef86cdea99f3,018e499280521e6e6764118d14af76ed4cee74fd501addf4dd69087da5bcc557,False,
phase3-6e2651a31a1a8643aa6b83a5,PHASE_3_EMPIRICAL_DILUTION_SCALING,PREREGISTERED_EMPIRICAL_DILUTION_SCALING,PRIMARY_MATRIX,development,task-p3-b12e7fb7d3bcb7e3,g-5017fd274a1c10ec,phase3-m16-b02-g-5017fd274a1c10ec,16,10,16,65536,10,4,4,0.4,6.103515625e-05,4.214419939295737,O3,CVAR_ENERGY,TAIL_FOCUSED_ROUTING_OBJECTIVE,3,"[1103, 2207, 3301]",,1103.0,phase3-a9f6012653e63cdddfa682b2,"[2.9346661719023235, 5.204554478199727, 0.0, 3.5196834321989248, -0.9493393496414536, 0.0]","[2.9346661719023235, 5.204554478199727, 0.0, 3.5196834321989248, -0.9493393496414536, 0.0]","[3.5613915846245825, 6.004364484897289, -1.3009688138887636, 2.9478822367573803, -0.4964571246696843, 0.18135079083092812]","[3.5613915846245825, 6.004364484897289, -1.3009688138887636, 2.9478822367573803, -0.4964571246696843, 0.18135079083092812]",COBYLA,240,240,240,241,3,Return from COBYLA because the objective function has been evaluated MAXFUN times.,1.0543358962857756,0.8321273215605385,0.22220857472523714,1.696939735234884,0.12235465114505341,1.064922510599249,0.5096625734905816,1.5745850840898303,0.026856710998931943,0.0077203433729173074,0.28746421604731626,440.02035300650095,2.6434727651088763,0.1,0.8321273215605385,1.1108319374651034,False,0.02685671099893186,0.0004721937608129084,True,True,1.000000000000003,13.099480174481869,178.4609375,SUCCESS,,False,d7edcf4ca084e975b0b8d916d003c9c772e9c801b06175ee7112ef86cdea99f3,018e499280521e6e6764118d14af76ed4cee74fd501addf4dd69087da5bcc557,False,
phase3-a74f01242a863754188c9033,PHASE_3_EMPIRICAL_DILUTION_SCALING,PREREGISTERED_EMPIRICAL_DILUTION_SCALING,PRIMARY_MATRIX,development,task-p3-82aca830655428f2,g-5017fd274a1c10ec,phase3-m16-b02-g-5017fd274a1c10ec,16,10,16,65536,10,3,3,0.3,4.57763671875e-05,4.339358675904037,P2_O0,MEAN_ENERGY_PREPARATION,COMMON_INITIALIZATION_PREPARATION,2,"[1103, 2207, 3301]",1103.0,3301.0,phase3-baf4cd848422ad8d727bd374,,"[1.4361119332668082, 4.6766136583430296, 1.8287983773432719, 0.554097077555417]","[2.930043363817302, 5.080135280117207, 3.5186368455917045, -0.9445621072410455]","[2.930043363817302, 5.080135280117207, 3.5186368455917045, -0.9445621072410455]",COBYLA,120,120,120,121,3,Return from COBYLA because the objective function has been evaluated MAXFUN times.,2.92405404639079,1.671727245037696,1.2523268013530937,1.671727245037696,0.09949010860735814,1.149788530427634,0.4224486060027039,1.572237136430338,0.0014286916496799652,0.0003653761378502654,0.2557417746034364,31.21024531780873,1.4942971823068556,0.1,1.057065162911382,1.0957565605806812,False,0.001428691649679965,0.0007581932480168474,True,True,1.0,27.284731027670205,178.51171875,SUCCESS,,False,d7edcf4ca084e975b0b8d916d003c9c772e9c801b06175ee7112ef86cdea99f3,018e499280521e6e6764118d14af76ed4cee74fd501addf4dd69087da5bcc557,False,
phase3-82a0c8eea113c83f04e19331,PHASE_3_EMPIRICAL_DILUTION_SCALING,PREREGISTERED_EMPIRICAL_DILUTION_SCALING,PRIMARY_MATRIX,development,task-p3-82aca830655428f2,g-5017fd274a1c10ec,phase3-m16-b02-g-5017fd274a1c10ec,16,10,16,65536,10,3,3,0.3,4.57763671875e-05,4.339358675904037,P2_O0,MEAN_ENERGY_PREPARATION,COMMON_INITIALIZATION_PREPARATION,2,"[1103, 2207, 3301]",2207.0,3301.0,phase3-baf4cd848422ad8d727bd374,,"[4.119365739193051, 4.0465795222369225, 1.5369649905613294, 0.28561357469155796]","[5.236761851995928, 4.108945951576151, 2.3639388252159796, 0.12157018935155627]","[5.236761851995928, 4.108945951576151, 2.3639388252159796, 0.12157018935155627]",COBYLA,120,120,120,121,3,Return from COBYLA because the objective function has been evaluated MAXFUN times.,2.7645863397629045,1.8377796895153558,0.9268066502475487,1.8377796895153558,0.14216480088761563,1.1739395758906086,0.5216753127371313,1.6956148886277398,0.0036872106107561343,0.0008915857039266109,0.24180493008067525,80.54834486217133,1.906056620799793,0.1,1.0857480763102494,1.1513121161362367,False,0.0036872106107561295,0.004397569840057194,True,True,1.0000000000000013,25.255979791283607,178.51171875,SUCCESS,,False,d7edcf4ca084e975b0b8d916d003c9c772e9c801b06175ee7112ef86cdea99f3,018e499280521e6e6764118d14af76ed4cee74fd501addf4dd69087da5bcc557,False,
phase3-baf4cd848422ad8d727bd374,PHASE_3_EMPIRICAL_DILUTION_SCALING,PREREGISTERED_EMPIRICAL_DILUTION_SCALING,PRIMARY_MATRIX,development,task-p3-82aca830655428f2,g-5017fd274a1c10ec,phase3-m16-b02-g-5017fd274a1c10ec,16,10,16,65536,10,3,3,0.3,4.57763671875e-05,4.339358675904037,P2_O0,MEAN_ENERGY_PREPARATION,COMMON_INITIALIZATION_PREPARATION,2,"[1103, 2207, 3301]",3301.0,3301.0,phase3-baf4cd848422ad8d727bd374,,"[2.8746040698350956, 3.2295534178963874, 1.3381083226815658, 0.4324890662459698]","[5.950874698145567, 1.6545928948732673, 2.554027574618918, -0.2065950201619964]","[5.950874698145567, 1.6545928948732673, 2.554027574618918, -0.2065950201619964]",COBYLA,120,120,120,121,3,Return from COBYLA because the objective function has been evaluated MAXFUN times.,2.8955332194974592,1.648878611054407,1.2466546084430523,1.648878611054407,0.10683000364730194,1.1295311202305114,0.41251748717659376,1.5420486074071047,0.006426959202957931,0.0018993865996106839,0.29553425494540464,140.39906610835033,2.14736421900932,0.1,1.0186722454985377,1.100781686208822,False,0.006426959202957937,0.006148400153059536,True,True,0.9999999999999991,26.86357060354203,178.51171875,SUCCESS,,False,d7edcf4ca084e975b0b8d916d003c9c772e9c801b06175ee7112ef86cdea99f3,018e499280521e6e6764118d14af76ed4cee74fd501addf4dd69087da5bcc557,False,
phase3-2df6635582a83cbe5dbe24c6,PHASE_3_EMPIRICAL_DILUTION_SCALING,PREREGISTERED_EMPIRICAL_DILUTION_SCALING,PRIMARY_MATRIX,development,task-p3-82aca830655428f2,g-5017fd274a1c10ec,phase3-m16-b02-g-5017fd274a1c10ec,16,10,16,65536,10,3,3,0.3,4.57763671875e-05,4.339358675904037,O0,MEAN_ENERGY,STANDARD_BASELINE,3,"[1103, 2207, 3301]",,3301.0,phase3-baf4cd848422ad8d727bd374,"[5.950874698145567, 1.6545928948732673, 0.0, 2.554027574618918, -0.2065950201619964, 0.0]","[5.950874698145567, 1.6545928948732673, 0.0, 2.554027574618918, -0.2065950201619964, 0.0]","[7.0047003930086715, 1.1894185505239003, -0.46815348456230704, 2.524578567642645, -0.4009563889082526, 0.21455423936461887]","[7.0047003930086715, 1.1894185505239003, -0.46815348456230704, 2.524578567642645, -0.4009563889082526, 0.21455423936461887]",COBYLA,240,240,240,241,3,Return from COBYLA because the objective function has been evaluated MAXFUN times.,1.648878611054407,1.4589343399990684,0.1899442710553385,1.4589343399990684,0.08897228066206168,1.1209290696797625,0.24903298965724405,1.3699620593370065,0.007078693144331778,0.0020799634546402094,0.2938343861261634,154.63641130230914,2.189311762323593,0.1,1.0080016465826098,1.0907314349525405,False,0.007078693144331764,0.029923904628342046,True,True,1.000000000000002,54.20514004305005,178.4921875,SUCCESS,,False,d7edcf4ca084e975b0b8d916d003c9c772e9c801b06175ee7112ef86cdea99f3,018e499280521e6e6764118d14af76ed4cee74fd501addf4dd69087da5bcc557,False,
phase3-c765c528e604ac05a5e6c66a,PHASE_3_EMPIRICAL_DILUTION_SCALING,PREREGISTERED_EMPIRICAL_DILUTION_SCALING,PRIMARY_MATRIX,development,task-p3-82aca830655428f2,g-5017fd274a1c10ec,phase3-m16-b02-g-5017fd274a1c10ec,16,10,16,65536,10,3,3,0.3,4.57763671875e-05,4.339358675904037,O2,EXACT_FEASIBILITY_CAPACITY_CONTROL,STATEVECTOR_MECHANISTIC_CAPACITY_CONTROL,3,"[1103, 2207, 3301]",,3301.0,phase3-baf4cd848422ad8d727bd374,"[5.950874698145567, 1.6545928948732673, 0.0, 2.554027574618918, -0.2065950201619964, 0.0]","[5.950874698145567, 1.6545928948732673, 0.0, 2.554027574618918, -0.2065950201619964, 0.0]","[6.716728675354479, 1.0002793801864718, 0.47748037724339376, 2.7900215521209506, -0.16956266668062886, -0.10679294244957474]","[6.716728675354479, 1.0002793801864718, 0.47748037724339376, 2.7900215521209506, -0.16956266668062886, -0.10679294244957474]",COBYLA,240,240,240,241,3,Return from COBYLA because the objective function has been evaluated MAXFUN times.,0.9935730407970421,0.9871683793503827,0.00640466144665941,1.5997791959553693,0.10418201730939393,1.084495766621701,0.4111014120242744,1.4955971786459754,0.012831620649617265,0.003978647930386647,0.31006589417100017,280.31103029777233,2.4476401876753893,0.1,0.9577772506954687,1.100781686208822,False,0.012831620649617282,0.003729763056235902,True,True,0.9999999999999984,13.567497277632356,178.4921875,SUCCESS,,False,d7edcf4ca084e975b0b8d916d003c9c772e9c801b06175ee7112ef86cdea99f3,018e499280521e6e6764118d14af76ed4cee74fd501addf4dd69087da5bcc557,False,
phase3-e115c1592965837a02044aa4,PHASE_3_EMPIRICAL_DILUTION_SCALING,PREREGISTERED_EMPIRICAL_DILUTION_SCALING,PRIMARY_MATRIX,development,task-p3-82aca830655428f2,g-5017fd274a1c10ec,phase3-m16-b02-g-5017fd274a1c10ec,16,10,16,65536,10,3,3,0.3,4.57763671875e-05,4.339358675904037,O3,CVAR_ENERGY,TAIL_FOCUSED_ROUTING_OBJECTIVE,3,"[1103, 2207, 3301]",,3301.0,phase3-baf4cd848422ad8d727bd374,"[5.950874698145567, 1.6545928948732673, 0.0, 2.554027574618918, -0.2065950201619964, 0.0]","[5.950874698145567, 1.6545928948732673, 0.0, 2.554027574618918, -0.2065950201619964, 0.0]","[6.726436247096577, 1.1316408901677553, 0.4231277286727079, 2.8010718685145513, -0.1917038576064333, -0.12125990785620769]","[6.726436247096577, 1.1316408901677553, 0.4231277286727079, 2.8010718685145513, -0.1917038576064333, -0.12125990785620769]",COBYLA,240,240,240,241,3,Return from COBYLA because the objective function has been evaluated MAXFUN times.,1.0186722454985377,0.9603514181295791,0.058320827368958605,1.5871889580978378,0.10097970239490127,1.088237122033881,0.3979721336690548,1.4862092557029356,0.012026785084368918,0.0036415977914135912,0.3027906265778821,262.72912909640047,2.419508226210165,0.1,0.9603514181295791,1.0957565605806812,False,0.012026785084368895,0.0007382945233243565,True,True,1.0000000000000018,13.073938551358879,178.4921875,SUCCESS,,False,d7edcf4ca084e975b0b8d916d003c9c772e9c801b06175ee7112ef86cdea99f3,018e499280521e6e6764118d14af76ed4cee74fd501addf4dd69087da5bcc557,False,
phase3-1c0b0f46219ad0770b97a279,PHASE_3_EMPIRICAL_DILUTION_SCALING,PREREGISTERED_EMPIRICAL_DILUTION_SCALING,PRIMARY_MATRIX,development,task-p3-1945829fa0700d95,g-5017fd274a1c10ec,phase3-m16-b02-g-5017fd274a1c10ec,16,10,16,65536,10,1,1,0.1,1.52587890625e-05,4.816479930623699,P2_O0,MEAN_ENERGY_PREPARATION,COMMON_INITIALIZATION_PREPARATION,2,"[1103, 2207, 3301]",1103.0,1103.0,phase3-1c0b0f46219ad0770b97a279,,"[1.4361119332668082, 4.6766136583430296, 1.8287983773432719, 0.554097077555417]","[5.715022768097889, 3.2153526441959173, 0.47520455605671574, 2.0160601000601734]","[5.715022768097889, 3.2153526441959173, 0.47520455605671574, 2.0160601000601734]",COBYLA,120,120,120,121,3,Return from COBYLA because the objective function has been evaluated MAXFUN times.,3.118990017164742,1.8692113695071875,1.2497786476575543,1.8692113695071875,0.07895253674874317,1.1288887742251745,0.6613700585332692,1.790258832758444,0.0008691341716022468,0.0008691341716022468,1.0,56.959577070124844,1.755566755966003,0.1,1.054446648835196,1.0907314349525405,False,0.0008691341716022472,0.0037111951232292745,True,True,0.9999999999999994,27.28346034232527,178.51171875,SUCCESS,,False,d7edcf4ca084e975b0b8d916d003c9c772e9c801b06175ee7112ef86cdea99f3,018e499280521e6e6764118d14af76ed4cee74fd501addf4dd69087da5bcc557,False,
phase3-95d1cfd44a4cae9a6b049f4b,PHASE_3_EMPIRICAL_DILUTION_SCALING,PREREGISTERED_EMPIRICAL_DILUTION_SCALING,PRIMARY_MATRIX,development,task-p3-1945829fa0700d95,g-5017fd274a1c10ec,phase3-m16-b02-g-5017fd274a1c10ec,16,10,16,65536,10,1,1,0.1,1.52587890625e-05,4.816479930623699,P2_O0,MEAN_ENERGY_PREPARATION,COMMON_INITIALIZATION_PREPARATION,2,"[1103, 2207, 3301]",2207.0,1103.0,phase3-1c0b0f46219ad0770b97a279,,"[4.119365739193051, 4.0465795222369225, 1.5369649905613294, 0.28561357469155796]","[5.375865058655653, 4.180082786463289, 3.024203876265069, -0.6640451633453283]","[5.375865058655653, 4.180082786463289, 3.024203876265069, -0.6640451633453283]",COBYLA,120,120,120,121,3,Return from COBYLA because the objective function has been evaluated MAXFUN times.,2.8885906492350344,1.9088303359117382,0.9797603133232962,1.9088303359117382,0.08544911933938469,1.1298936627758311,0.6934875537965223,1.8233812165723537,0.0013214931889840426,0.0013214931889840426,1.0,86.60537763325821,1.9375448597302711,0.1,1.0490038423438044,1.0833260535785505,False,0.0013214931889840452,0.0005002507855527971,True,True,0.999999999999998,24.824022348038852,178.51171875,SUCCESS,,False,d7edcf4ca084e975b0b8d916d003c9c772e9c801b06175ee7112ef86cdea99f3,018e499280521e6e6764118d14af76ed4cee74fd501addf4dd69087da5bcc557,False,
phase3-250d11ada188be3d746ae8f6,PHASE_3_EMPIRICAL_DILUTION_SCALING,PREREGISTERED_EMPIRICAL_DILUTION_SCALING,PRIMARY_MATRIX,development,task-p3-1945829fa0700d95,g-5017fd274a1c10ec,phase3-m16-b02-g-5017fd274a1c10ec,16,10,16,65536,10,1,1,0.1,1.52587890625e-05,4.816479930623699,P2_O0,MEAN_ENERGY_PREPARATION,COMMON_INITIALIZATION_PREPARATION,2,"[1103, 2207, 3301]",3301.0,1103.0,phase3-1c0b0f46219ad0770b97a279,,"[2.8746040698350956, 3.2295534178963874, 1.3381083226815658, 0.4324890662459698]","[4.68073879650944, 3.2844725822172287, 3.1190752815298115, -0.7426774767505441]","[4.68073879650944, 3.2844725822172287, 3.1190752815298115, -0.7426774767505441]",COBYLA,120,120,120,121,3,Return from COBYLA because the objective function has been evaluated MAXFUN times.,3.033113196468093,1.9479730965104105,1.0851400999576826,1.9479730965104105,0.08840688856378333,1.134823145674101,0.7247430622725257,1.8595662079466266,0.0011829982586063856,0.0011829982586063856,1.0,77.52897387602809,1.889464035963215,0.1,1.0589907031027992,1.0907314349525405,False,0.0011829982586063846,0.025290281760271746,True,True,1.0000000000000009,24.230670924298465,178.51171875,SUCCESS,,False,d7edcf4ca084e975b0b8d916d003c9c772e9c801b06175ee7112ef86cdea99f3,018e499280521e6e6764118d14af76ed4cee74fd501addf4dd69087da5bcc557,False,
phase3-ae2a307e1b0e38412c235676,PHASE_3_EMPIRICAL_DILUTION_SCALING,PREREGISTERED_EMPIRICAL_DILUTION_SCALING,PRIMARY_MATRIX,development,task-p3-1945829fa0700d95,g-5017fd274a1c10ec,phase3-m16-b02-g-5017fd274a1c10ec,16,10,16,65536,10,1,1,0.1,1.52587890625e-05,4.816479930623699,O0,MEAN_ENERGY,STANDARD_BASELINE,3,"[1103, 2207, 3301]",,1103.0,phase3-1c0b0f46219ad0770b97a279,"[5.715022768097889, 3.2153526441959173, 0.0, 0.47520455605671574, 2.0160601000601734, 0.0]","[5.715022768097889, 3.2153526441959173, 0.0, 0.47520455605671574, 2.0160601000601734, 0.0]","[6.211393800447527, 4.43173887663922, 1.3457559921577145, 0.7198873212228651, 2.009133560527388, -0.2065588825239337]","[6.211393800447527, 4.43173887663922, 1.3457559921577145, 0.7198873212228651, 2.009133560527388, -0.2065588825239337]",COBYLA,240,240,240,241,3,Return from COBYLA because the objective function has been evaluated MAXFUN times.,1.8692113695071875,1.5682711298191983,0.3009402396879892,1.5682711298191983,0.06561980593890918,1.1019546702266176,0.40069665365367235,1.5026513238802897,0.003268471012269717,0.003268471012269717,1.0,214.20251626010818,2.330824568230017,0.1,1.025982371438397,1.0555555555555556,False,0.003268471012269716,0.09673152898773028,True,True,1.0000000000000004,56.88958093430847,178.4609375,SUCCESS,,False,d7edcf4ca084e975b0b8d916d003c9c772e9c801b06175ee7112ef86cdea99f3,018e499280521e6e6764118d14af76ed4cee74fd501addf4dd69087da5bcc557,False,
phase3-0f7ee718b240a610f2324a86,PHASE_3_EMPIRICAL_DILUTION_SCALING,PREREGISTERED_EMPIRICAL_DILUTION_SCALING,PRIMARY_MATRIX,development,task-p3-1945829fa0700d95,g-5017fd274a1c10ec,phase3-m16-b02-g-5017fd274a1c10ec,16,10,16,65536,10,1,1,0.1,1.52587890625e-05,4.816479930623699,O2,EXACT_FEASIBILITY_CAPACITY_CONTROL,STATEVECTOR_MECHANISTIC_CAPACITY_CONTROL,3,"[1103, 2207, 3301]",,1103.0,phase3-1c0b0f46219ad0770b97a279,"[5.715022768097889, 3.2153526441959173, 0.0, 0.47520455605671574, 2.0160601000601734, 0.0]","[5.715022768097889, 3.2153526441959173, 0.0, 0.47520455605671574, 2.0160601000601734, 0.0]","[6.429214307176458, 3.391087714016476, 1.2599512279607348, 0.9976292160572111, 1.698183144898792, -0.21804669163291268]","[6.429214307176458, 3.391087714016476, 1.2599512279607348, 0.9976292160572111, 1.698183144898792, -0.21804669163291268]",COBYLA,240,240,240,241,3,Return from COBYLA because the objective function has been evaluated MAXFUN times.,0.9991308658283977,0.9916722729696057,0.007458592858792024,1.9144296569211396,0.10712311840293051,1.0768630823880014,0.7304434561302074,1.8073065385182088,0.008327727030394276,0.008327727030394276,1.0,545.7659186639193,2.737006411879253,0.1,0.9976162709094851,1.100781686208822,False,0.008327727030394257,0.005819591692244386,True,True,1.0000000000000022,13.648847599513829,178.4609375,SUCCESS,,False,d7edcf4ca084e975b0b8d916d003c9c772e9c801b06175ee7112ef86cdea99f3,018e499280521e6e6764118d14af76ed4cee74fd501addf4dd69087da5bcc557,False,
phase3-7b0afb00d790c4d2b8f82070,PHASE_3_EMPIRICAL_DILUTION_SCALING,PREREGISTERED_EMPIRICAL_DILUTION_SCALING,PRIMARY_MATRIX,development,task-p3-1945829fa0700d95,g-5017fd274a1c10ec,phase3-m16-b02-g-5017fd274a1c10ec,16,10,16,65536,10,1,1,0.1,1.52587890625e-05,4.816479930623699,O3,CVAR_ENERGY,TAIL_FOCUSED_ROUTING_OBJECTIVE,3,"[1103, 2207, 3301]",,1103.0,phase3-1c0b0f46219ad0770b97a279,"[5.715022768097889, 3.2153526441959173, 0.0, 0.47520455605671574, 2.0160601000601734, 0.0]","[5.715022768097889, 3.2153526441959173, 0.0, 0.47520455605671574, 2.0160601000601734, 0.0]","[5.879587767486799, 3.182600229058211, -1.4488244626356257, 0.61526599793505, 2.0035160791057676, 0.2332580464271073]","[5.879587767486799, 3.182600229058211, -1.4488244626356257, 0.61526599793505, 2.0035160791057676, 0.2332580464271073]",COBYLA,240,240,240,241,3,Return from COBYLA because the objective function has been evaluated MAXFUN times.,1.054446648835196,0.9977850780681566,0.05666157076703937,1.8157813134141478,0.09769103070688816,1.1190459104159798,0.59904437229128,1.7180902827072595,0.007244485662784149,0.007244485662784149,1.0,474.774612396222,2.676487487892047,0.1,0.9977850780681566,1.0907314349525405,False,0.007244485662784162,8.919926807834933e-06,True,True,0.9999999999999982,15.502081675454974,178.4609375,SUCCESS,,False,d7edcf4ca084e975b0b8d916d003c9c772e9c801b06175ee7112ef86cdea99f3,018e499280521e6e6764118d14af76ed4cee74fd501addf4dd69087da5bcc557,False,
phase3-3feb864b366ec7cdd1a0b388,PHASE_3_EMPIRICAL_DILUTION_SCALING,PREREGISTERED_EMPIRICAL_DILUTION_SCALING,PRIMARY_MATRIX,development,task-p3-354137ea30cee634,g-e7e26759e1ed20ef,phase3-m16-b03-g-e7e26759e1ed20ef,16,9,16,65536,9,9,9,1.0,0.0001373291015625,3.8622374211843744,P2_O0,MEAN_ENERGY_PREPARATION,COMMON_INITIALIZATION_PREPARATION,2,"[1103, 2207, 3301]",1103.0,2207.0,phase3-d2e54310de3ebbddcb1ed3df,,"[1.4361119332668082, 4.6766136583430296, 1.8287983773432719, 0.554097077555417]","[2.279196066436813, 4.543996227640113, 2.25335229840449, 0.08908919778704494]","[2.279196066436813, 4.543996227640113, 2.25335229840449, 0.08908919778704494]",COBYLA,120,120,120,121,3,Return from COBYLA because the objective function has been evaluated MAXFUN times.,2.3717873148539432,1.7796154810266105,0.5921718338273327,1.7796154810266105,0.12469422927859325,1.2523974629751629,0.4025237887728547,1.6549212517480174,0.006605531520828648,0.0008134424257930127,0.12314564289460363,48.1000126387807,1.682145190489258,0.1,1.0483370191303647,1.1512105984467793,False,0.006605531520828654,9.488140301205927e-05,True,True,0.999999999999999,24.77065335214138,178.51171875,SUCCESS,,False,d7edcf4ca084e975b0b8d916d003c9c772e9c801b06175ee7112ef86cdea99f3,018e499280521e6e6764118d14af76ed4cee74fd501addf4dd69087da5bcc557,False,
phase3-d2e54310de3ebbddcb1ed3df,PHASE_3_EMPIRICAL_DILUTION_SCALING,PREREGISTERED_EMPIRICAL_DILUTION_SCALING,PRIMARY_MATRIX,development,task-p3-354137ea30cee634,g-e7e26759e1ed20ef,phase3-m16-b03-g-e7e26759e1ed20ef,16,9,16,65536,9,9,9,1.0,0.0001373291015625,3.8622374211843744,P2_O0,MEAN_ENERGY_PREPARATION,COMMON_INITIALIZATION_PREPARATION,2,"[1103, 2207, 3301]",2207.0,2207.0,phase3-d2e54310de3ebbddcb1ed3df,,"[4.119365739193051, 4.0465795222369225, 1.5369649905613294, 0.28561357469155796]","[6.202660974133725, 3.9716078851682934, 2.496265463279875, 0.07385844789969614]","[6.202660974133725, 3.9716078851682934, 2.496265463279875, 0.07385844789969614]",COBYLA,120,120,120,121,3,Return from COBYLA because the objective function has been evaluated MAXFUN times.,2.4706224091209745,1.3092239188483512,1.1613984902726233,1.3092239188483512,0.08390145474315952,1.1043654367813298,0.12095702732386217,1.2253224641051919,0.026700359445983327,0.00410816654762331,0.15386184429218697,194.42608407244037,2.2887545291540556,0.1,0.8129484397588713,1.1107811786203745,False,0.026700359445983337,0.0002913619593909039,True,True,0.9999999999999997,27.16525484342128,178.51171875,SUCCESS,,False,d7edcf4ca084e975b0b8d916d003c9c772e9c801b06175ee7112ef86cdea99f3,018e499280521e6e6764118d14af76ed4cee74fd501addf4dd69087da5bcc557,False,
phase3-a7c1fd1be7ff1ec0b68d658a,PHASE_3_EMPIRICAL_DILUTION_SCALING,PREREGISTERED_EMPIRICAL_DILUTION_SCALING,PRIMARY_MATRIX,development,task-p3-354137ea30cee634,g-e7e26759e1ed20ef,phase3-m16-b03-g-e7e26759e1ed20ef,16,9,16,65536,9,9,9,1.0,0.0001373291015625,3.8622374211843744,P2_O0,MEAN_ENERGY_PREPARATION,COMMON_INITIALIZATION_PREPARATION,2,"[1103, 2207, 3301]",3301.0,2207.0,phase3-d2e54310de3ebbddcb1ed3df,,"[2.8746040698350956, 3.2295534178963874, 1.3381083226815658, 0.4324890662459698]","[2.545671603716714, 3.927897151785468, 2.25779138196385, 0.07289425173684927]","[2.545671603716714, 3.927897151785468, 2.25779138196385, 0.07289425173684927]",COBYLA,120,120,120,121,3,Return from COBYLA because the objective function has been evaluated MAXFUN times.,2.6150675358494424,1.7939258518859578,0.8211416839634846,1.7939258518859578,0.12363756503239523,1.247970736189106,0.42231755066445636,1.670288286853562,0.006711586330332025,0.0008502477804587709,0.126683579501347,48.872280193848844,1.689062602021923,0.1,1.0398834347139778,1.1411603471904979,False,0.00671158633033204,0.00025419739184619206,True,True,0.9999999999999978,19.758227004669607,178.51171875,SUCCESS,,False,d7edcf4ca084e975b0b8d916d003c9c772e9c801b06175ee7112ef86cdea99f3,018e499280521e6e6764118d14af76ed4cee74fd501addf4dd69087da5bcc557,False,
phase3-6a727571965727b1ef739788,PHASE_3_EMPIRICAL_DILUTION_SCALING,PREREGISTERED_EMPIRICAL_DILUTION_SCALING,PRIMARY_MATRIX,development,task-p3-354137ea30cee634,g-e7e26759e1ed20ef,phase3-m16-b03-g-e7e26759e1ed20ef,16,9,16,65536,9,9,9,1.0,0.0001373291015625,3.8622374211843744,O0,MEAN_ENERGY,STANDARD_BASELINE,3,"[1103, 2207, 3301]",,2207.0,phase3-d2e54310de3ebbddcb1ed3df,"[6.202660974133725, 3.9716078851682934, 0.0, 2.496265463279875, 0.07385844789969614, 0.0]","[6.202660974133725, 3.9716078851682934, 0.0, 2.496265463279875, 0.07385844789969614, 0.0]","[6.9865232887940065, 4.471761953495367, 0.16120033502980655, 2.4701641715497877, 0.20470975020167478, -0.11707447202308542]","[6.9865232887940065, 4.471761953495367, 0.16120033502980655, 2.4701641715497877, 0.20470975020167478, -0.11707447202308542]",COBYLA,240,240,240,241,3,Return from COBYLA because the objective function has been evaluated MAXFUN times.,1.3092239188483512,1.198804862444308,0.11041905640404326,1.198804862444308,0.07100896385031717,1.0682550537441773,0.059540844849813514,1.1277958985939909,0.04646568288662687,0.007141322739363768,0.15369025688889829,338.3527770731087,2.5293697453608726,0.1,0.5936953259923317,1.0756052992233895,False,0.046465682886626836,0.00012592731553386083,True,True,1.0000000000000009,53.58886154182255,178.4609375,SUCCESS,,False,d7edcf4ca084e975b0b8d916d003c9c772e9c801b06175ee7112ef86cdea99f3,018e499280521e6e6764118d14af76ed4cee74fd501addf4dd69087da5bcc557,False,
phase3-86269c2d9ff1e5f0a2335e08,PHASE_3_EMPIRICAL_DILUTION_SCALING,PREREGISTERED_EMPIRICAL_DILUTION_SCALING,PRIMARY_MATRIX,development,task-p3-354137ea30cee634,g-e7e26759e1ed20ef,phase3-m16-b03-g-e7e26759e1ed20ef,16,9,16,65536,9,9,9,1.0,0.0001373291015625,3.8622374211843744,O2,EXACT_FEASIBILITY_CAPACITY_CONTROL,STATEVECTOR_MECHANISTIC_CAPACITY_CONTROL,3,"[1103, 2207, 3301]",,2207.0,phase3-d2e54310de3ebbddcb1ed3df,"[6.202660974133725, 3.9716078851682934, 0.0, 2.496265463279875, 0.07385844789969614, 0.0]","[6.202660974133725, 3.9716078851682934, 0.0, 2.496265463279875, 0.07385844789969614, 0.0]","[7.147532851797202, 4.140042229102209, -0.5487394633148772, 2.499927706568087, 0.106538898034641, 0.09622253859001093]","[7.147532851797202, 4.140042229102209, -0.5487394633148772, 2.499927706568087, 0.106538898034641, 0.09622253859001093]",COBYLA,240,240,240,241,3,Return from COBYLA because the objective function has been evaluated MAXFUN times.,0.9732996405540166,0.9324629885774096,0.04083665197660702,1.3399102834983847,0.08466608166180406,1.060453494782299,0.19479070705428156,1.2552442018365804,0.06753701142259037,0.010330708977115313,0.1529636677654322,491.7895089545425,2.69177925996238,0.1,0.3850140922660154,1.0957058017359524,False,0.06753701142259023,0.0003173238682642465,True,True,1.000000000000002,13.587968725711107,178.4609375,SUCCESS,,False,d7edcf4ca084e975b0b8d916d003c9c772e9c801b06175ee7112ef86cdea99f3,018e499280521e6e6764118d14af76ed4cee74fd501addf4dd69087da5bcc557,False,
phase3-febd012c8f16fd955d779220,PHASE_3_EMPIRICAL_DILUTION_SCALING,PREREGISTERED_EMPIRICAL_DILUTION_SCALING,PRIMARY_MATRIX,development,task-p3-354137ea30cee634,g-e7e26759e1ed20ef,phase3-m16-b03-g-e7e26759e1ed20ef,16,9,16,65536,9,9,9,1.0,0.0001373291015625,3.8622374211843744,O3,CVAR_ENERGY,TAIL_FOCUSED_ROUTING_OBJECTIVE,3,"[1103, 2207, 3301]",,2207.0,phase3-d2e54310de3ebbddcb1ed3df,"[6.202660974133725, 3.9716078851682934, 0.0, 2.496265463279875, 0.07385844789969614, 0.0]","[6.202660974133725, 3.9716078851682934, 0.0, 2.496265463279875, 0.07385844789969614, 0.0]","[7.232388863686183, 4.193542264905358, -0.3665692730648346, 2.5128999294406626, 0.09456999476950559, 0.08479666345900799]","[7.232388863686183, 4.193542264905358, -0.3665692730648346, 2.5128999294406626, 0.09456999476950559, 0.08479666345900799]",COBYLA,240,240,240,241,3,Return from COBYLA because the objective function has been evaluated MAXFUN times.,0.8129484397588713,0.4094877437577352,0.4034606960011361,1.3169746358296444,0.08284956638384429,1.0594309653556502,0.1746941040901499,1.2341250694457997,0.06497197788677612,0.009959544205993055,0.153289841712209,473.11150475419555,2.6749635090092765,0.1,0.4094877437577352,1.0906806761078118,False,0.06497197788677621,0.0003083974169274112,True,True,0.9999999999999986,11.952162491157651,178.4609375,SUCCESS,,False,d7edcf4ca084e975b0b8d916d003c9c772e9c801b06175ee7112ef86cdea99f3,018e499280521e6e6764118d14af76ed4cee74fd501addf4dd69087da5bcc557,False,
phase3-edeab1a97e0298dd9b868d34,PHASE_3_EMPIRICAL_DILUTION_SCALING,PREREGISTERED_EMPIRICAL_DILUTION_SCALING,PRIMARY_MATRIX,development,task-p3-80b76edb78728176,g-e7e26759e1ed20ef,phase3-m16-b03-g-e7e26759e1ed20ef,16,9,16,65536,9,6,6,0.6666666666666666,9.1552734375e-05,4.038328680240055,P2_O0,MEAN_ENERGY_PREPARATION,COMMON_INITIALIZATION_PREPARATION,2,"[1103, 2207, 3301]",1103.0,1103.0,phase3-edeab1a97e0298dd9b868d34,,"[1.4361119332668082, 4.6766136583430296, 1.8287983773432719, 0.554097077555417]","[2.9179042221965563, 4.927834803405094, 3.1875782681326745, -0.750541848141122]","[2.9179042221965563, 4.927834803405094, 3.1875782681326745, -0.750541848141122]",COBYLA,120,120,120,121,3,Return from COBYLA because the objective function has been evaluated MAXFUN times.,2.8687395274057326,1.4180219352356593,1.4507175921700732,1.4180219352356593,0.05112770893045238,1.0909298560704093,0.2759643702347977,1.3668942263052077,0.01499036265235968,0.0026908446789633135,0.1795049753876194,163.734734464174,2.2141408198270622,0.1,0.8970997217263247,1.050479671082686,False,0.014990362652359689,0.027047118285632277,True,True,0.9999999999999996,25.729321191087365,178.51171875,SUCCESS,,False,d7edcf4ca084e975b0b8d916d003c9c772e9c801b06175ee7112ef86cdea99f3,018e499280521e6e6764118d14af76ed4cee74fd501addf4dd69087da5bcc557,False,
phase3-6ec8baf445a5312e99dcda10,PHASE_3_EMPIRICAL_DILUTION_SCALING,PREREGISTERED_EMPIRICAL_DILUTION_SCALING,PRIMARY_MATRIX,development,task-p3-80b76edb78728176,g-e7e26759e1ed20ef,phase3-m16-b03-g-e7e26759e1ed20ef,16,9,16,65536,9,6,6,0.6666666666666666,9.1552734375e-05,4.038328680240055,P2_O0,MEAN_ENERGY_PREPARATION,COMMON_INITIALIZATION_PREPARATION,2,"[1103, 2207, 3301]",2207.0,1103.0,phase3-edeab1a97e0298dd9b868d34,,"[4.119365739193051, 4.0465795222369225, 1.5369649905613294, 0.28561357469155796]","[5.436514126753796, 4.184652702319787, 2.3796217168112967, 0.11311375639590238]","[5.436514126753796, 4.184652702319787, 2.3796217168112967, 0.11311375639590238]",COBYLA,120,120,120,121,3,Return from COBYLA because the objective function has been evaluated MAXFUN times.,2.6843316734503713,1.581862163129804,1.1024695103205673,1.581862163129804,0.07739757962185093,1.1234813575679499,0.3809832259400031,1.5044645835079529,0.01852255018474687,0.002528566693801587,0.13651288124914007,202.31564148459515,2.306029460367691,0.1,0.8827765518258854,1.0957058017359524,False,0.018522550184746845,0.00023663253678492258,True,True,1.0000000000000013,25.12760786898434,178.51171875,SUCCESS,,False,d7edcf4ca084e975b0b8d916d003c9c772e9c801b06175ee7112ef86cdea99f3,018e499280521e6e6764118d14af76ed4cee74fd501addf4dd69087da5bcc557,False,
phase3-19fd577b153daf4f8ae0a5bd,PHASE_3_EMPIRICAL_DILUTION_SCALING,PREREGISTERED_EMPIRICAL_DILUTION_SCALING,PRIMARY_MATRIX,development,task-p3-80b76edb78728176,g-e7e26759e1ed20ef,phase3-m16-b03-g-e7e26759e1ed20ef,16,9,16,65536,9,6,6,0.6666666666666666,9.1552734375e-05,4.038328680240055,P2_O0,MEAN_ENERGY_PREPARATION,COMMON_INITIALIZATION_PREPARATION,2,"[1103, 2207, 3301]",3301.0,1103.0,phase3-edeab1a97e0298dd9b868d34,,"[2.8746040698350956, 3.2295534178963874, 1.3381083226815658, 0.4324890662459698]","[4.715829796834427, 1.8310656439464466, 2.3650746887277796, -0.14581782425201437]","[4.715829796834427, 1.8310656439464466, 2.3650746887277796, -0.14581782425201437]",COBYLA,120,120,120,121,3,Return from COBYLA because the objective function has been evaluated MAXFUN times.,2.8390268510790344,1.6739658381160702,1.1650610129629642,1.6739658381160702,0.07916205338535434,1.1529464482252825,0.4418573365054333,1.5948037847307157,0.011897194280073535,0.0013860312913653078,0.11650068568576329,129.94908738981653,2.1137732338719792,0.1,0.9409114092709286,1.0756052992233895,False,0.011897194280073561,0.0009022690883729589,True,True,0.9999999999999978,21.912469305098057,178.51171875,SUCCESS,,False,d7edcf4ca084e975b0b8d916d003c9c772e9c801b06175ee7112ef86cdea99f3,018e499280521e6e6764118d14af76ed4cee74fd501addf4dd69087da5bcc557,False,
phase3-b5f69960847aa0b11de77068,PHASE_3_EMPIRICAL_DILUTION_SCALING,PREREGISTERED_EMPIRICAL_DILUTION_SCALING,PRIMARY_MATRIX,development,task-p3-80b76edb78728176,g-e7e26759e1ed20ef,phase3-m16-b03-g-e7e26759e1ed20ef,16,9,16,65536,9,6,6,0.6666666666666666,9.1552734375e-05,4.038328680240055,O0,MEAN_ENERGY,STANDARD_BASELINE,3,"[1103, 2207, 3301]",,1103.0,phase3-edeab1a97e0298dd9b868d34,"[2.9179042221965563, 4.927834803405094, 0.0, 3.1875782681326745, -0.750541848141122, 0.0]","[2.9179042221965563, 4.927834803405094, 0.0, 3.1875782681326745, -0.750541848141122, 0.0]","[2.583285749504776, 5.364007247905487, 0.7396813842872315, 3.126285731267533, -0.5617100497400981, -0.15795174447998442]","[2.583285749504776, 5.364007247905487, 0.7396813842872315, 3.126285731267533, -0.5617100497400981, -0.15795174447998442]",COBYLA,240,240,240,241,3,Return from COBYLA because the objective function has been evaluated MAXFUN times.,1.4180219352356593,1.3264578168293832,0.0915641184062761,1.3264578168293832,0.0487552141169388,1.0570185074232528,0.22068409528919197,1.2777026027124447,0.03764458110445533,0.006745449739715536,0.17918780185117256,411.1792112102641,2.614031149068692,0.1,0.6699743368244585,1.050479671082686,False,0.037644581104455184,0.008384031514479778,True,True,1.0000000000000036,53.64674994163215,177.49609375,SUCCESS,,False,d7edcf4ca084e975b0b8d916d003c9c772e9c801b06175ee7112ef86cdea99f3,018e499280521e6e6764118d14af76ed4cee74fd501addf4dd69087da5bcc557,False,
phase3-cc00708439d19d843d1b7a30,PHASE_3_EMPIRICAL_DILUTION_SCALING,PREREGISTERED_EMPIRICAL_DILUTION_SCALING,PRIMARY_MATRIX,development,task-p3-80b76edb78728176,g-e7e26759e1ed20ef,phase3-m16-b03-g-e7e26759e1ed20ef,16,9,16,65536,9,6,6,0.6666666666666666,9.1552734375e-05,4.038328680240055,O2,EXACT_FEASIBILITY_CAPACITY_CONTROL,STATEVECTOR_MECHANISTIC_CAPACITY_CONTROL,3,"[1103, 2207, 3301]",,1103.0,phase3-edeab1a97e0298dd9b868d34,"[2.9179042221965563, 4.927834803405094, 0.0, 3.1875782681326745, -0.750541848141122, 0.0]","[2.9179042221965563, 4.927834803405094, 0.0, 3.1875782681326745, -0.750541848141122, 0.0]","[3.52542726846198, 5.410261667969954, 0.7626819213373252, 3.016818001239705, -0.41834652705944175, -0.15984603894781138]","[3.52542726846198, 5.410261667969954, 0.7626819213373252, 3.016818001239705, -0.41834652705944175, -0.15984603894781138]",COBYLA,240,240,240,241,3,Return from COBYLA because the objective function has been evaluated MAXFUN times.,0.9850096373476404,0.9545325770803961,0.030477060267244283,1.378125119592325,0.05438567106598614,1.0388840448595602,0.284855403666779,1.3237394485263392,0.045467422919603956,0.008381351689322934,0.18433751356752595,496.62550474319414,2.696029019456971,0.1,0.5926751752977338,1.050479671082686,False,0.04546742291960401,0.020795001844630123,True,True,0.9999999999999988,13.507161939516664,177.49609375,SUCCESS,,False,d7edcf4ca084e975b0b8d916d003c9c772e9c801b06175ee7112ef86cdea99f3,018e499280521e6e6764118d14af76ed4cee74fd501addf4dd69087da5bcc557,False,
phase3-4bee8155a3afefcc78138871,PHASE_3_EMPIRICAL_DILUTION_SCALING,PREREGISTERED_EMPIRICAL_DILUTION_SCALING,PRIMARY_MATRIX,development,task-p3-80b76edb78728176,g-e7e26759e1ed20ef,phase3-m16-b03-g-e7e26759e1ed20ef,16,9,16,65536,9,6,6,0.6666666666666666,9.1552734375e-05,4.038328680240055,O3,CVAR_ENERGY,TAIL_FOCUSED_ROUTING_OBJECTIVE,3,"[1103, 2207, 3301]",,1103.0,phase3-edeab1a97e0298dd9b868d34,"[2.9179042221965563, 4.927834803405094, 0.0, 3.1875782681326745, -0.750541848141122, 0.0]","[2.9179042221965563, 4.927834803405094, 0.0, 3.1875782681326745, -0.750541848141122, 0.0]","[3.6227086216969178, 5.5191573411473955, -1.3158508697810054, 2.9888016026213102, -0.554474700927105, 0.1814593165695187]","[3.6227086216969178, 5.5191573411473955, -1.3158508697810054, 2.9888016026213102, -0.554474700927105, 0.1814593165695187]",COBYLA,240,240,240,241,3,Return from COBYLA because the objective function has been evaluated MAXFUN times.,0.8970997217263247,0.29506708979946994,0.6020326319268547,1.4553803869844575,0.06668734335799097,1.008859123859547,0.3798339197669197,1.3886930436264666,0.07538056201153535,0.013908459769184707,0.1845098974859901,823.3567519979969,2.9155880513159484,0.1,0.29506708979946994,1.065555047967108,False,0.07538056201153534,0.0007893661972239729,True,True,1.0,13.841354673728347,177.49609375,SUCCESS,,False,d7edcf4ca084e975b0b8d916d003c9c772e9c801b06175ee7112ef86cdea99f3,018e499280521e6e6764118d14af76ed4cee74fd501addf4dd69087da5bcc557,False,
phase3-380a1333d65fb7759e756a86,PHASE_3_EMPIRICAL_DILUTION_SCALING,PREREGISTERED_EMPIRICAL_DILUTION_SCALING,PRIMARY_MATRIX,development,task-p3-bc9d9c5bdb69b31d,g-e7e26759e1ed20ef,phase3-m16-b03-g-e7e26759e1ed20ef,16,9,16,65536,9,4,4,0.4444444444444444,6.103515625e-05,4.214419939295737,P2_O0,MEAN_ENERGY_PREPARATION,COMMON_INITIALIZATION_PREPARATION,2,"[1103, 2207, 3301]",1103.0,3301.0,phase3-8bcda552466ed176f7723fa6,,"[1.4361119332668082, 4.6766136583430296, 1.8287983773432719, 0.554097077555417]","[4.481084677836495, 4.187505214590503, 2.327876754365328, 0.11909354853489856]","[4.481084677836495, 4.187505214590503, 2.327876754365328, 0.11909354853489856]",COBYLA,120,120,120,121,3,Return from COBYLA because the objective function has been evaluated MAXFUN times.,2.9370439661936762,1.8265232408131107,1.1105207253805656,1.8265232408131107,0.08909525686942771,1.162175142762272,0.5752528411814112,1.7374279839436833,0.00854869353135485,0.001511762123635159,0.1768413054100403,140.06179481771787,2.1463196873013954,0.1,0.9882742953321997,1.105756052992234,False,0.008548693531354843,0.0006535847358408314,True,True,1.0000000000000007,23.938447415828705,178.29296875,SUCCESS,,False,d7edcf4ca084e975b0b8d916d003c9c772e9c801b06175ee7112ef86cdea99f3,018e499280521e6e6764118d14af76ed4cee74fd501addf4dd69087da5bcc557,False,
phase3-2fc374eeca613bd76724c540,PHASE_3_EMPIRICAL_DILUTION_SCALING,PREREGISTERED_EMPIRICAL_DILUTION_SCALING,PRIMARY_MATRIX,development,task-p3-bc9d9c5bdb69b31d,g-e7e26759e1ed20ef,phase3-m16-b03-g-e7e26759e1ed20ef,16,9,16,65536,9,4,4,0.4444444444444444,6.103515625e-05,4.214419939295737,P2_O0,MEAN_ENERGY_PREPARATION,COMMON_INITIALIZATION_PREPARATION,2,"[1103, 2207, 3301]",2207.0,3301.0,phase3-8bcda552466ed176f7723fa6,,"[4.119365739193051, 4.0465795222369225, 1.5369649905613294, 0.28561357469155796]","[5.201557299476183, 3.97190565625512, 2.3568341194269897, 0.11720395374422869]","[5.201557299476183, 3.97190565625512, 2.3568341194269897, 0.11720395374422869]",COBYLA,120,120,120,121,3,Return from COBYLA because the objective function has been evaluated MAXFUN times.,2.723391389557109,1.697129374799714,1.026262014757395,1.697129374799714,0.07744050174690631,1.1338196149279582,0.48586925812484927,1.6196888730528072,0.00975454345341013,0.0015172604794232067,0.15554397667814804,159.81843994067157,2.2036268870083715,0.1,0.9680152388854147,1.085655550479671,False,0.009754543453410137,0.0004184612758919154,True,True,0.9999999999999992,25.265548094175756,178.29296875,SUCCESS,,False,d7edcf4ca084e975b0b8d916d003c9c772e9c801b06175ee7112ef86cdea99f3,018e499280521e6e6764118d14af76ed4cee74fd501addf4dd69087da5bcc557,False,
phase3-8bcda552466ed176f7723fa6,PHASE_3_EMPIRICAL_DILUTION_SCALING,PREREGISTERED_EMPIRICAL_DILUTION_SCALING,PRIMARY_MATRIX,development,task-p3-bc9d9c5bdb69b31d,g-e7e26759e1ed20ef,phase3-m16-b03-g-e7e26759e1ed20ef,16,9,16,65536,9,4,4,0.4444444444444444,6.103515625e-05,4.214419939295737,P2_O0,MEAN_ENERGY_PREPARATION,COMMON_INITIALIZATION_PREPARATION,2,"[1103, 2207, 3301]",3301.0,3301.0,phase3-8bcda552466ed176f7723fa6,,"[2.8746040698350956, 3.2295534178963874, 1.3381083226815658, 0.4324890662459698]","[6.106623906017763, 2.716576740896308, 3.674186793096839, -1.156742382782011]","[6.106623906017763, 2.716576740896308, 3.674186793096839, -1.156742382782011]",COBYLA,120,120,120,121,3,Return from COBYLA because the objective function has been evaluated MAXFUN times.,2.8836941634263242,1.4078248934914963,1.475869269934828,1.4078248934914963,0.04174188110964903,1.0822938620324218,0.2837891503494258,1.3660830123818475,0.010024461977355082,0.002074518924463373,0.2069456624355143,164.24078503698567,2.215481012205303,0.1,0.9449856638012545,1.0454545454545454,False,0.010024461977355074,0.08997553802264494,True,True,1.0000000000000009,22.91951701231301,178.29296875,SUCCESS,,False,d7edcf4ca084e975b0b8d916d003c9c772e9c801b06175ee7112ef86cdea99f3,018e499280521e6e6764118d14af76ed4cee74fd501addf4dd69087da5bcc557,False,
phase3-47a80c507df7bbff6a4ae2e5,PHASE_3_EMPIRICAL_DILUTION_SCALING,PREREGISTERED_EMPIRICAL_DILUTION_SCALING,PRIMARY_MATRIX,development,task-p3-bc9d9c5bdb69b31d,g-e7e26759e1ed20ef,phase3-m16-b03-g-e7e26759e1ed20ef,16,9,16,65536,9,4,4,0.4444444444444444,6.103515625e-05,4.214419939295737,O0,MEAN_ENERGY,STANDARD_BASELINE,3,"[1103, 2207, 3301]",,3301.0,phase3-8bcda552466ed176f7723fa6,"[6.106623906017763, 2.716576740896308, 0.0, 3.674186793096839, -1.156742382782011, 0.0]","[6.106623906017763, 2.716576740896308, 0.0, 3.674186793096839, -1.156742382782011, 0.0]","[6.312669503064229, 3.6991070230533434, 0.8461987856071944, 3.8936991167732726, -1.165690404399742, -0.14230963768030802]","[6.312669503064229, 3.6991070230533434, 0.8461987856071944, 3.8936991167732726, -1.165690404399742, -0.14230963768030802]",COBYLA,240,240,240,241,3,Return from COBYLA because the objective function has been evaluated MAXFUN times.,1.4078248934914963,1.2498215485235455,0.15800334496795077,1.2498215485235455,0.036535991115933274,1.0585241892956965,0.15476136811191674,1.2132855574076125,0.02124567413121791,0.004981748161102379,0.23448294134297729,348.08912496587425,2.5416904552260053,0.1,0.8323486498274307,1.0454545454545454,False,0.021245674131217866,0.07875432586878214,True,True,1.0000000000000022,53.61036425642669,178.4609375,SUCCESS,,False,d7edcf4ca084e975b0b8d916d003c9c772e9c801b06175ee7112ef86cdea99f3,018e499280521e6e6764118d14af76ed4cee74fd501addf4dd69087da5bcc557,False,
phase3-2928db5485d4205c85e34ff7,PHASE_3_EMPIRICAL_DILUTION_SCALING,PREREGISTERED_EMPIRICAL_DILUTION_SCALING,PRIMARY_MATRIX,development,task-p3-bc9d9c5bdb69b31d,g-e7e26759e1ed20ef,phase3-m16-b03-g-e7e26759e1ed20ef,16,9,16,65536,9,4,4,0.4444444444444444,6.103515625e-05,4.214419939295737,O2,EXACT_FEASIBILITY_CAPACITY_CONTROL,STATEVECTOR_MECHANISTIC_CAPACITY_CONTROL,3,"[1103, 2207, 3301]",,3301.0,phase3-8bcda552466ed176f7723fa6,"[6.106623906017763, 2.716576740896308, 0.0, 3.674186793096839, -1.156742382782011, 0.0]","[6.106623906017763, 2.716576740896308, 0.0, 3.674186793096839, -1.156742382782011, 0.0]","[7.125604168657045, 2.9225073390323875, 1.14850232508322, 4.155853857198615, -1.4938509331682928, -0.1929069161288134]","[7.125604168657045, 2.9225073390323875, 1.14850232508322, 4.155853857198615, -1.4938509331682928, -0.1929069161288134]",COBYLA,240,240,240,241,3,Return from COBYLA because the objective function has been evaluated MAXFUN times.,0.9899755380226449,0.9539323860909023,0.03604315193174268,1.4567964409588212,0.05736049978727879,1.0317447795925128,0.3676911615790297,1.3994359411715425,0.04606761390909776,0.010298857763804802,0.22355960923278706,754.7717862866577,2.8778156576706517,0.1,0.5865574105354755,1.0605299223389675,False,0.046067613909097756,0.004336312654872956,True,True,1.0,12.44892153982073,178.4609375,SUCCESS,,False,d7edcf4ca084e975b0b8d916d003c9c772e9c801b06175ee7112ef86cdea99f3,018e499280521e6e6764118d14af76ed4cee74fd501addf4dd69087da5bcc557,False,
phase3-bae354dfef5f6213519a8a56,PHASE_3_EMPIRICAL_DILUTION_SCALING,PREREGISTERED_EMPIRICAL_DILUTION_SCALING,PRIMARY_MATRIX,development,task-p3-bc9d9c5bdb69b31d,g-e7e26759e1ed20ef,phase3-m16-b03-g-e7e26759e1ed20ef,16,9,16,65536,9,4,4,0.4444444444444444,6.103515625e-05,4.214419939295737,O3,CVAR_ENERGY,TAIL_FOCUSED_ROUTING_OBJECTIVE,3,"[1103, 2207, 3301]",,3301.0,phase3-8bcda552466ed176f7723fa6,"[6.106623906017763, 2.716576740896308, 0.0, 3.674186793096839, -1.156742382782011, 0.0]","[6.106623906017763, 2.716576740896308, 0.0, 3.674186793096839, -1.156742382782011, 0.0]","[6.710702788179938, 2.6601146680896535, -1.2655109181324762, 3.140836214552283, -0.599148138096391, 0.16729672889267305]","[6.710702788179938, 2.6601146680896535, -1.2655109181324762, 3.140836214552283, -0.599148138096391, 0.16729672889267305]",COBYLA,240,240,240,241,3,Return from COBYLA because the objective function has been evaluated MAXFUN times.,0.9449856638012545,0.4974740261379044,0.44751163766335006,1.615245762700774,0.06900317275319022,1.0308506783180635,0.51539191162952,1.5462425899475836,0.05498168578699477,0.013408043724260615,0.2438638163297663,900.8199399341223,2.9546379908593075,0.1,0.4974740261379044,1.065555047967108,False,0.054981685786994854,0.0010716110051168931,True,True,0.9999999999999984,13.527799332514405,178.4609375,SUCCESS,,False,d7edcf4ca084e975b0b8d916d003c9c772e9c801b06175ee7112ef86cdea99f3,018e499280521e6e6764118d14af76ed4cee74fd501addf4dd69087da5bcc557,False,
phase3-dcff7d1bdcee8cc99ef60838,PHASE_3_EMPIRICAL_DILUTION_SCALING,PREREGISTERED_EMPIRICAL_DILUTION_SCALING,PRIMARY_MATRIX,development,task-p3-b41b79df32f0fdb5,g-e7e26759e1ed20ef,phase3-m16-b03-g-e7e26759e1ed20ef,16,9,16,65536,9,3,3,0.3333333333333333,4.57763671875e-05,4.339358675904037,P2_O0,MEAN_ENERGY_PREPARATION,COMMON_INITIALIZATION_PREPARATION,2,"[1103, 2207, 3301]",1103.0,3301.0,phase3-6541f31bb9b39592956651aa,,"[1.4361119332668082, 4.6766136583430296, 1.8287983773432719, 0.554097077555417]","[4.49978978999113, 4.081387088377198, 2.332369122472613, 0.10790127124839492]","[4.49978978999113, 4.081387088377198, 2.332369122472613, 0.10790127124839492]",COBYLA,120,120,120,121,3,Return from COBYLA because the objective function has been evaluated MAXFUN times.,2.9396712313256073,1.8295774704076444,1.1100937609179629,1.8295774704076444,0.08805756765259007,1.1607943177975357,0.5807255849575184,1.7415199027550543,0.005830778165678366,0.004877616725238803,0.8365292910558414,127.3752926219658,2.105085194729569,0.1,1.0151520795607716,1.105756052992234,False,0.005830778165678358,0.0015539001127173602,True,True,1.0000000000000013,25.246526862494648,178.51171875,SUCCESS,,False,d7edcf4ca084e975b0b8d916d003c9c772e9c801b06175ee7112ef86cdea99f3,018e499280521e6e6764118d14af76ed4cee74fd501addf4dd69087da5bcc557,False,
phase3-f68456f08043e3ab160bd794,PHASE_3_EMPIRICAL_DILUTION_SCALING,PREREGISTERED_EMPIRICAL_DILUTION_SCALING,PRIMARY_MATRIX,development,task-p3-b41b79df32f0fdb5,g-e7e26759e1ed20ef,phase3-m16-b03-g-e7e26759e1ed20ef,16,9,16,65536,9,3,3,0.3333333333333333,4.57763671875e-05,4.339358675904037,P2_O0,MEAN_ENERGY_PREPARATION,COMMON_INITIALIZATION_PREPARATION,2,"[1103, 2207, 3301]",2207.0,3301.0,phase3-6541f31bb9b39592956651aa,,"[4.119365739193051, 4.0465795222369225, 1.5369649905613294, 0.28561357469155796]","[5.164358898409937, 4.030102113577917, 2.3628896233967334, 0.11726025389956972]","[5.164358898409937, 4.030102113577917, 2.3628896233967334, 0.11726025389956972]",COBYLA,120,120,120,121,3,Return from COBYLA because the objective function has been evaluated MAXFUN times.,2.724813886662067,1.7047143759118422,1.0200995107502249,1.7047143759118422,0.07792922397115638,1.132559822259549,0.49422532968113686,1.6267851519406855,0.008332782468933743,0.006997459380238824,0.8397506362762659,182.03241062801393,2.260148720423219,0.1,0.9821326020916916,1.085655550479671,False,0.008332782468933759,0.0004646137374749726,True,True,0.9999999999999981,25.6237610951066,178.51171875,SUCCESS,,False,d7edcf4ca084e975b0b8d916d003c9c772e9c801b06175ee7112ef86cdea99f3,018e499280521e6e6764118d14af76ed4cee74fd501addf4dd69087da5bcc557,False,
phase3-6541f31bb9b39592956651aa,PHASE_3_EMPIRICAL_DILUTION_SCALING,PREREGISTERED_EMPIRICAL_DILUTION_SCALING,PRIMARY_MATRIX,development,task-p3-b41b79df32f0fdb5,g-e7e26759e1ed20ef,phase3-m16-b03-g-e7e26759e1ed20ef,16,9,16,65536,9,3,3,0.3333333333333333,4.57763671875e-05,4.339358675904037,P2_O0,MEAN_ENERGY_PREPARATION,COMMON_INITIALIZATION_PREPARATION,2,"[1103, 2207, 3301]",3301.0,3301.0,phase3-6541f31bb9b39592956651aa,,"[2.8746040698350956, 3.2295534178963874, 1.3381083226815658, 0.4324890662459698]","[5.168589935661756, 1.6389930917796274, 2.430573391905975, -0.16298664998692627]","[5.168589935661756, 1.6389930917796274, 2.430573391905975, -0.16298664998692627]",COBYLA,120,120,120,121,3,Return from COBYLA because the objective function has been evaluated MAXFUN times.,2.885451110569049,1.6447125629855028,1.240738547583546,1.6447125629855028,0.06761738049293775,1.127085157784043,0.4500100247085219,1.577095182492565,0.008700232132607722,0.007614991444029049,0.8752630191887313,190.05947101419324,2.2788895161738822,0.1,0.9651969086550224,1.065555047967108,False,0.008700232132607724,0.006742256077040973,True,True,0.9999999999999998,25.042746192775667,178.51171875,SUCCESS,,False,d7edcf4ca084e975b0b8d916d003c9c772e9c801b06175ee7112ef86cdea99f3,018e499280521e6e6764118d14af76ed4cee74fd501addf4dd69087da5bcc557,False,
phase3-5fe608f01c6394c86f3d622a,PHASE_3_EMPIRICAL_DILUTION_SCALING,PREREGISTERED_EMPIRICAL_DILUTION_SCALING,PRIMARY_MATRIX,development,task-p3-b41b79df32f0fdb5,g-e7e26759e1ed20ef,phase3-m16-b03-g-e7e26759e1ed20ef,16,9,16,65536,9,3,3,0.3333333333333333,4.57763671875e-05,4.339358675904037,O0,MEAN_ENERGY,STANDARD_BASELINE,3,"[1103, 2207, 3301]",,3301.0,phase3-6541f31bb9b39592956651aa,"[5.168589935661756, 1.6389930917796274, 0.0, 2.430573391905975, -0.16298664998692627, 0.0]","[5.168589935661756, 1.6389930917796274, 0.0, 2.430573391905975, -0.16298664998692627, 0.0]","[6.5491789721851195, 1.3128232539426066, 0.05878062723226181, 2.494489106567252, -0.09399510114709507, -0.05512060652136394]","[6.5491789721851195, 1.3128232539426066, 0.05878062723226181, 2.494489106567252, -0.09399510114709507, -0.05512060652136394]",COBYLA,240,240,240,241,3,Return from COBYLA because the objective function has been evaluated MAXFUN times.,1.6447125629855028,1.4464463227926159,0.19826624019288697,1.4464463227926159,0.05178202582812887,1.0821767688614945,0.31248752810299263,1.3946642969644873,0.016550594846084656,0.013021935756212513,0.7867956334689136,361.553261277668,2.5581722833045726,0.1,0.8812986430010505,1.0555047967108269,False,0.01655059484608469,0.004181198228037447,True,True,0.9999999999999979,54.933052332140505,178.46484375,SUCCESS,,False,d7edcf4ca084e975b0b8d916d003c9c772e9c801b06175ee7112ef86cdea99f3,018e499280521e6e6764118d14af76ed4cee74fd501addf4dd69087da5bcc557,False,
phase3-5cbc46a6a87382cea44d92e6,PHASE_3_EMPIRICAL_DILUTION_SCALING,PREREGISTERED_EMPIRICAL_DILUTION_SCALING,PRIMARY_MATRIX,development,task-p3-b41b79df32f0fdb5,g-e7e26759e1ed20ef,phase3-m16-b03-g-e7e26759e1ed20ef,16,9,16,65536,9,3,3,0.3333333333333333,4.57763671875e-05,4.339358675904037,O2,EXACT_FEASIBILITY_CAPACITY_CONTROL,STATEVECTOR_MECHANISTIC_CAPACITY_CONTROL,3,"[1103, 2207, 3301]",,3301.0,phase3-6541f31bb9b39592956651aa,"[5.168589935661756, 1.6389930917796274, 0.0, 2.430573391905975, -0.16298664998692627, 0.0]","[5.168589935661756, 1.6389930917796274, 0.0, 2.430573391905975, -0.16298664998692627, 0.0]","[6.28876225905439, 0.9549246949853241, -0.8261336489504133, 2.88442421230883, -0.4472163285191476, 0.17027040644322156]","[6.28876225905439, 0.9549246949853241, -0.8261336489504133, 2.88442421230883, -0.4472163285191476, 0.17027040644322156]",COBYLA,240,240,240,241,3,Return from COBYLA because the objective function has been evaluated MAXFUN times.,0.9912997678673923,0.9655361316448909,0.02576363622250133,1.5539535258868176,0.06140169989444292,1.0307731877183384,0.46177863827403615,1.4925518259923745,0.034463868355109076,0.024027912620843573,0.6971913997948396,752.8746921734761,2.876722698609468,0.1,0.7057733929505323,1.065555047967108,False,0.03446386835510895,0.0063912586825976,True,True,1.0000000000000036,12.35954586416483,178.46484375,SUCCESS,,False,d7edcf4ca084e975b0b8d916d003c9c772e9c801b06175ee7112ef86cdea99f3,018e499280521e6e6764118d14af76ed4cee74fd501addf4dd69087da5bcc557,False,
phase3-e2a183402865da4e17df55c8,PHASE_3_EMPIRICAL_DILUTION_SCALING,PREREGISTERED_EMPIRICAL_DILUTION_SCALING,PRIMARY_MATRIX,development,task-p3-b41b79df32f0fdb5,g-e7e26759e1ed20ef,phase3-m16-b03-g-e7e26759e1ed20ef,16,9,16,65536,9,3,3,0.3333333333333333,4.57763671875e-05,4.339358675904037,O3,CVAR_ENERGY,TAIL_FOCUSED_ROUTING_OBJECTIVE,3,"[1103, 2207, 3301]",,3301.0,phase3-6541f31bb9b39592956651aa,"[5.168589935661756, 1.6389930917796274, 0.0, 2.430573391905975, -0.16298664998692627, 0.0]","[5.168589935661756, 1.6389930917796274, 0.0, 2.430573391905975, -0.16298664998692627, 0.0]","[6.038564900765628, 1.7030977373070653, 0.7529596386138061, 3.060453604665128, -0.4003909097314845, -0.1735455049532883]","[6.038564900765628, 1.7030977373070653, 0.7529596386138061, 3.060453604665128, -0.4003909097314845, -0.1735455049532883]",COBYLA,240,240,240,241,3,Return from COBYLA because the objective function has been evaluated MAXFUN times.,0.9651969086550224,0.7838882888306905,0.18130861982433188,1.464036564383259,0.052242812429027105,1.044360222702893,0.36743352925133843,1.4117937519542316,0.026227072475268808,0.01865129225543425,0.7111465556448113,572.9391405797388,2.7581084922743195,0.1,0.7838882888306905,1.050479671082686,False,0.026227072475268808,0.02364686634644486,True,True,1.0000000000000002,13.523438424803317,178.46484375,SUCCESS,,False,d7edcf4ca084e975b0b8d916d003c9c772e9c801b06175ee7112ef86cdea99f3,018e499280521e6e6764118d14af76ed4cee74fd501addf4dd69087da5bcc557,False,
phase3-deabf0c76a552ed778678bfa,PHASE_3_EMPIRICAL_DILUTION_SCALING,PREREGISTERED_EMPIRICAL_DILUTION_SCALING,PRIMARY_MATRIX,development,task-p3-eba2c2d5b53b4e31,g-e7e26759e1ed20ef,phase3-m16-b03-g-e7e26759e1ed20ef,16,9,16,65536,9,2,2,0.2222222222222222,3.0517578125e-05,4.515449934959718,P2_O0,MEAN_ENERGY_PREPARATION,COMMON_INITIALIZATION_PREPARATION,2,"[1103, 2207, 3301]",1103.0,2207.0,phase3-343f68c81c2f783f1bc2a1d1,,"[1.4361119332668082, 4.6766136583430296, 1.8287983773432719, 0.554097077555417]","[3.50303383427212, 4.3208228758641765, 3.5826678019397575, -1.019191301668716]","[3.50303383427212, 4.3208228758641765, 3.5826678019397575, -1.019191301668716]",COBYLA,120,120,120,121,3,Return from COBYLA because the objective function has been evaluated MAXFUN times.,3.047530175314189,1.591267847452126,1.456262327862063,1.591267847452126,0.038728017704377844,1.0923218309216152,0.46021799882613296,1.5525398297477488,0.0034381999250151975,0.0034381999250151975,1.0,112.662935142898,2.0517810614720227,0.1,1.0109213445748166,1.0454545454545454,False,0.0034381999250151915,0.09536858400204526,True,True,1.0000000000000018,24.905111742205918,177.515625,SUCCESS,,False,d7edcf4ca084e975b0b8d916d003c9c772e9c801b06175ee7112ef86cdea99f3,018e499280521e6e6764118d14af76ed4cee74fd501addf4dd69087da5bcc557,False,
phase3-343f68c81c2f783f1bc2a1d1,PHASE_3_EMPIRICAL_DILUTION_SCALING,PREREGISTERED_EMPIRICAL_DILUTION_SCALING,PRIMARY_MATRIX,development,task-p3-eba2c2d5b53b4e31,g-e7e26759e1ed20ef,phase3-m16-b03-g-e7e26759e1ed20ef,16,9,16,65536,9,2,2,0.2222222222222222,3.0517578125e-05,4.515449934959718,P2_O0,MEAN_ENERGY_PREPARATION,COMMON_INITIALIZATION_PREPARATION,2,"[1103, 2207, 3301]",2207.0,2207.0,phase3-343f68c81c2f783f1bc2a1d1,,"[4.119365739193051, 4.0465795222369225, 1.5369649905613294, 0.28561357469155796]","[5.429486145757473, 4.018329110258834, 3.732735796601765, -1.1694824093545721]","[5.429486145757473, 4.018329110258834, 3.732735796601765, -1.1694824093545721]",COBYLA,120,120,120,121,3,Return from COBYLA because the objective function has been evaluated MAXFUN times.,2.7891032888897778,1.4961099190843536,1.2929933698054241,1.4961099190843536,0.03265971948783081,1.0814459056151187,0.38200429398140423,1.4634501995965234,0.0033041123516144725,0.0033041123516144725,1.0,108.26915353770303,2.0345047414218063,0.1,1.012269969870326,1.0454545454545454,False,0.003304112351614474,0.09556462870915686,True,True,0.9999999999999996,27.546641814522445,177.515625,SUCCESS,,False,d7edcf4ca084e975b0b8d916d003c9c772e9c801b06175ee7112ef86cdea99f3,018e499280521e6e6764118d14af76ed4cee74fd501addf4dd69087da5bcc557,False,
phase3-2e34d29444fae4b7372ea369,PHASE_3_EMPIRICAL_DILUTION_SCALING,PREREGISTERED_EMPIRICAL_DILUTION_SCALING,PRIMARY_MATRIX,development,task-p3-eba2c2d5b53b4e31,g-e7e26759e1ed20ef,phase3-m16-b03-g-e7e26759e1ed20ef,16,9,16,65536,9,2,2,0.2222222222222222,3.0517578125e-05,4.515449934959718,P2_O0,MEAN_ENERGY_PREPARATION,COMMON_INITIALIZATION_PREPARATION,2,"[1103, 2207, 3301]",3301.0,2207.0,phase3-343f68c81c2f783f1bc2a1d1,,"[2.8746040698350956, 3.2295534178963874, 1.3381083226815658, 0.4324890662459698]","[4.844568584014807, 3.2776201171552293, 3.5804876703247004, -1.0631483184813484]","[4.844568584014807, 3.2776201171552293, 3.5804876703247004, -1.0631483184813484]",COBYLA,120,120,120,121,3,Return from COBYLA because the objective function has been evaluated MAXFUN times.,2.961959066421642,1.5958668980672697,1.3660921683543725,1.5958668980672697,0.039171384228174365,1.085957386573786,0.47073812726530884,1.556695513839095,0.0047120343599406445,0.0047120343599406445,1.0,154.40394190653504,2.188658383605956,0.1,0.9981285910691093,1.0454545454545454,False,0.004712034359940648,0.09366607284756878,True,True,0.9999999999999993,21.377513952553272,177.515625,SUCCESS,,False,d7edcf4ca084e975b0b8d916d003c9c772e9c801b06175ee7112ef86cdea99f3,018e499280521e6e6764118d14af76ed4cee74fd501addf4dd69087da5bcc557,False,
phase3-ca42ab7ee623521c4a560528,PHASE_3_EMPIRICAL_DILUTION_SCALING,PREREGISTERED_EMPIRICAL_DILUTION_SCALING,PRIMARY_MATRIX,development,task-p3-eba2c2d5b53b4e31,g-e7e26759e1ed20ef,phase3-m16-b03-g-e7e26759e1ed20ef,16,9,16,65536,9,2,2,0.2222222222222222,3.0517578125e-05,4.515449934959718,O0,MEAN_ENERGY,STANDARD_BASELINE,3,"[1103, 2207, 3301]",,2207.0,phase3-343f68c81c2f783f1bc2a1d1,"[5.429486145757473, 4.018329110258834, 0.0, 3.732735796601765, -1.1694824093545721, 0.0]","[5.429486145757473, 4.018329110258834, 0.0, 3.732735796601765, -1.1694824093545721, 0.0]","[5.8676624970014215, 4.95657712493633, 0.6947485013684659, 3.9057839404037438, -1.0984217386756292, -0.15756671410254386]","[5.8676624970014215, 4.95657712493633, 0.6947485013684659, 3.9057839404037438, -1.0984217386756292, -0.15756671410254386]",COBYLA,240,240,240,241,3,Return from COBYLA because the objective function has been evaluated MAXFUN times.,1.4961099190843536,1.324318941825086,0.17179097725926762,1.324318941825086,0.02682796376640953,1.0687590852234836,0.22873189283519196,1.297490978058676,0.006078192162186301,0.006078192162186301,1.0,199.17020077052072,2.299224361150814,0.1,0.9844998034924892,1.0454545454545454,False,0.006078192162186296,0.09259883407004235,True,True,1.0000000000000009,54.8129863049835,178.4921875,SUCCESS,,False,d7edcf4ca084e975b0b8d916d003c9c772e9c801b06175ee7112ef86cdea99f3,018e499280521e6e6764118d14af76ed4cee74fd501addf4dd69087da5bcc557,False,
phase3-f9952be02d2222d6d33ddd07,PHASE_3_EMPIRICAL_DILUTION_SCALING,PREREGISTERED_EMPIRICAL_DILUTION_SCALING,PRIMARY_MATRIX,development,task-p3-eba2c2d5b53b4e31,g-e7e26759e1ed20ef,phase3-m16-b03-g-e7e26759e1ed20ef,16,9,16,65536,9,2,2,0.2222222222222222,3.0517578125e-05,4.515449934959718,O2,EXACT_FEASIBILITY_CAPACITY_CONTROL,STATEVECTOR_MECHANISTIC_CAPACITY_CONTROL,3,"[1103, 2207, 3301]",,2207.0,phase3-343f68c81c2f783f1bc2a1d1,"[5.429486145757473, 4.018329110258834, 0.0, 3.732735796601765, -1.1694824093545721, 0.0]","[5.429486145757473, 4.018329110258834, 0.0, 3.732735796601765, -1.1694824093545721, 0.0]","[6.2968145750079, 3.9670694441656, 1.2102859897575795, 4.100147980300715, -1.4276275356629045, -0.20058486467315068]","[6.2968145750079, 3.9670694441656, 1.2102859897575795, 4.100147980300715, -1.4276275356629045, -0.20058486467315068]",COBYLA,240,240,240,241,3,Return from COBYLA because the objective function has been evaluated MAXFUN times.,0.9966958876483856,0.9717614676840984,0.024934419964287136,1.6618833041817798,0.05560566867689002,1.0335945767589982,0.5726830587458916,1.6062776355048896,0.02823853231590161,0.02823853231590161,1.0,925.320226927464,2.9662920556798067,0.1,0.7635291503520409,1.053395230408257,False,0.028238532315901687,0.003877140787497152,True,True,0.9999999999999973,15.705061989836395,178.4921875,SUCCESS,,False,d7edcf4ca084e975b0b8d916d003c9c772e9c801b06175ee7112ef86cdea99f3,018e499280521e6e6764118d14af76ed4cee74fd501addf4dd69087da5bcc557,False,
phase3-4955077e599cf8d34921ef1a,PHASE_3_EMPIRICAL_DILUTION_SCALING,PREREGISTERED_EMPIRICAL_DILUTION_SCALING,PRIMARY_MATRIX,development,task-p3-eba2c2d5b53b4e31,g-e7e26759e1ed20ef,phase3-m16-b03-g-e7e26759e1ed20ef,16,9,16,65536,9,2,2,0.2222222222222222,3.0517578125e-05,4.515449934959718,O3,CVAR_ENERGY,TAIL_FOCUSED_ROUTING_OBJECTIVE,3,"[1103, 2207, 3301]",,2207.0,phase3-343f68c81c2f783f1bc2a1d1,"[5.429486145757473, 4.018329110258834, 0.0, 3.732735796601765, -1.1694824093545721, 0.0]","[5.429486145757473, 4.018329110258834, 0.0, 3.732735796601765, -1.1694824093545721, 0.0]","[5.837526219206445, 3.888368781380167, -0.9302087489658786, 2.862821348976624, -0.43435551044418763, 0.1728544245032337]","[5.837526219206445, 3.888368781380167, -0.9302087489658786, 2.862821348976624, -0.43435551044418763, 0.1728544245032337]",COBYLA,240,240,240,241,3,Return from COBYLA because the objective function has been evaluated MAXFUN times.,1.012269969870326,0.6631262492405762,0.34914372062974974,1.7635240656028375,0.05979793142062622,1.0085343670486395,0.6951917671335719,1.7037261341822114,0.03853551383870263,0.03853551383870263,1.0,1262.7317174666077,3.1013110892724116,0.1,0.6631262492405762,1.0605299223389675,False,0.038535513838702684,0.00506645672418779,True,True,0.9999999999999986,13.084629212506115,178.4921875,SUCCESS,,False,d7edcf4ca084e975b0b8d916d003c9c772e9c801b06175ee7112ef86cdea99f3,018e499280521e6e6764118d14af76ed4cee74fd501addf4dd69087da5bcc557,False,
phase3-c4f6f4a20f3be12273208041,PHASE_3_EMPIRICAL_DILUTION_SCALING,PREREGISTERED_EMPIRICAL_DILUTION_SCALING,PRIMARY_MATRIX,development,task-p3-b6a037038c8281f2,g-e7e26759e1ed20ef,phase3-m16-b03-g-e7e26759e1ed20ef,16,9,16,65536,9,1,1,0.1111111111111111,1.52587890625e-05,4.816479930623699,P2_O0,MEAN_ENERGY_PREPARATION,COMMON_INITIALIZATION_PREPARATION,2,"[1103, 2207, 3301]",1103.0,2207.0,phase3-7e4b78f49e51e94c524317c2,,"[1.4361119332668082, 4.6766136583430296, 1.8287983773432719, 0.554097077555417]","[3.2032253701970514, 4.000405980081698, 3.4932634800881828, -0.9601961094768604]","[3.2032253701970514, 4.000405980081698, 3.4932634800881828, -0.9601961094768604]",COBYLA,120,120,120,121,3,Return from COBYLA because the objective function has been evaluated MAXFUN times.,3.0481224980129227,1.6686927835000243,1.3794297145128984,1.6686927835000243,0.04383573017185706,1.096137815114646,0.5287192382135215,1.6248570533281672,0.002085835073829399,0.002085835073829399,1.0,136.6972873984835,2.1357598965754385,0.1,1.0247528300986877,1.050479671082686,False,0.0020858350738293917,0.006751813209972188,True,True,1.0000000000000036,25.44377047382295,177.51171875,SUCCESS,,False,d7edcf4ca084e975b0b8d916d003c9c772e9c801b06175ee7112ef86cdea99f3,018e499280521e6e6764118d14af76ed4cee74fd501addf4dd69087da5bcc557,False,
phase3-7e4b78f49e51e94c524317c2,PHASE_3_EMPIRICAL_DILUTION_SCALING,PREREGISTERED_EMPIRICAL_DILUTION_SCALING,PRIMARY_MATRIX,development,task-p3-b6a037038c8281f2,g-e7e26759e1ed20ef,phase3-m16-b03-g-e7e26759e1ed20ef,16,9,16,65536,9,1,1,0.1111111111111111,1.52587890625e-05,4.816479930623699,P2_O0,MEAN_ENERGY_PREPARATION,COMMON_INITIALIZATION_PREPARATION,2,"[1103, 2207, 3301]",2207.0,2207.0,phase3-7e4b78f49e51e94c524317c2,,"[4.119365739193051, 4.0465795222369225, 1.5369649905613294, 0.28561357469155796]","[5.340624416467003, 4.349079235417326, 3.7736316460534924, -1.1738542012578261]","[5.340624416467003, 4.349079235417326, 3.7736316460534924, -1.1738542012578261]",COBYLA,120,120,120,121,3,Return from COBYLA because the objective function has been evaluated MAXFUN times.,2.7895657177016533,1.4739002725318977,1.3156654451697556,1.4739002725318977,0.031105547454640465,1.079822535663311,0.36297218941394693,1.4427947250772573,0.0010297038762446,0.0010297038762446,1.0,67.4826732335661,1.829192278238237,0.1,1.035030968969985,1.0454545454545454,False,0.0010297038762446004,0.09607087740620093,True,True,0.9999999999999996,25.772978807799518,177.51171875,SUCCESS,,False,d7edcf4ca084e975b0b8d916d003c9c772e9c801b06175ee7112ef86cdea99f3,018e499280521e6e6764118d14af76ed4cee74fd501addf4dd69087da5bcc557,False,
phase3-be332110355351087dc2c5dc,PHASE_3_EMPIRICAL_DILUTION_SCALING,PREREGISTERED_EMPIRICAL_DILUTION_SCALING,PRIMARY_MATRIX,development,task-p3-b6a037038c8281f2,g-e7e26759e1ed20ef,phase3-m16-b03-g-e7e26759e1ed20ef,16,9,16,65536,9,1,1,0.1111111111111111,1.52587890625e-05,4.816479930623699,P2_O0,MEAN_ENERGY_PREPARATION,COMMON_INITIALIZATION_PREPARATION,2,"[1103, 2207, 3301]",3301.0,2207.0,phase3-7e4b78f49e51e94c524317c2,,"[2.8746040698350956, 3.2295534178963874, 1.3381083226815658, 0.4324890662459698]","[4.67908549039051, 3.058378159864049, 3.5416729883937315, -1.0639440544791765]","[4.67908549039051, 3.058378159864049, 3.5416729883937315, -1.0639440544791765]",COBYLA,120,120,120,121,3,Return from COBYLA because the objective function has been evaluated MAXFUN times.,2.962452172027392,1.6327993942940962,1.329652777733296,1.6327993942940962,0.04143706427848979,1.0933659151304354,0.49799641488517093,1.5913623300156068,0.002081570918678332,0.002081570918678332,1.0,136.41783172650315,2.134871142419154,0.1,1.0244541513136447,1.0454545454545454,False,0.00208157091867833,0.09430207546252216,True,True,1.0000000000000009,23.22873555123806,177.51171875,SUCCESS,,False,d7edcf4ca084e975b0b8d916d003c9c772e9c801b06175ee7112ef86cdea99f3,018e499280521e6e6764118d14af76ed4cee74fd501addf4dd69087da5bcc557,False,
phase3-e69eb172a5d3147d2bb8e25e,PHASE_3_EMPIRICAL_DILUTION_SCALING,PREREGISTERED_EMPIRICAL_DILUTION_SCALING,PRIMARY_MATRIX,development,task-p3-b6a037038c8281f2,g-e7e26759e1ed20ef,phase3-m16-b03-g-e7e26759e1ed20ef,16,9,16,65536,9,1,1,0.1111111111111111,1.52587890625e-05,4.816479930623699,O0,MEAN_ENERGY,STANDARD_BASELINE,3,"[1103, 2207, 3301]",,2207.0,phase3-7e4b78f49e51e94c524317c2,"[5.340624416467003, 4.349079235417326, 0.0, 3.7736316460534924, -1.1738542012578261, 0.0]","[5.340624416467003, 4.349079235417326, 0.0, 3.7736316460534924, -1.1738542012578261, 0.0]","[5.673516447564623, 5.246512617027842, 0.7781716383939224, 3.929605666979059, -1.1264225185079053, -0.13561561912829653]","[5.673516447564623, 5.246512617027842, 0.7781716383939224, 3.929605666979059, -1.1264225185079053, -0.13561561912829653]",COBYLA,240,240,240,241,3,Return from COBYLA because the objective function has been evaluated MAXFUN times.,1.4739002725318977,1.3066752578238956,0.1672250147080021,1.3066752578238956,0.026110033304169947,1.070784587420753,0.2097806370989727,1.2805652245197252,0.0010631257456528616,0.0010631257456528616,1.0,69.67300886710593,1.843064566184985,0.1,1.034666954406615,1.0454545454545454,False,0.0010631257456528648,0.09495238205415177,True,True,0.9999999999999969,54.778011651709676,177.49609375,SUCCESS,,False,d7edcf4ca084e975b0b8d916d003c9c772e9c801b06175ee7112ef86cdea99f3,018e499280521e6e6764118d14af76ed4cee74fd501addf4dd69087da5bcc557,False,
phase3-3861a47cd178a562778c744a,PHASE_3_EMPIRICAL_DILUTION_SCALING,PREREGISTERED_EMPIRICAL_DILUTION_SCALING,PRIMARY_MATRIX,development,task-p3-b6a037038c8281f2,g-e7e26759e1ed20ef,phase3-m16-b03-g-e7e26759e1ed20ef,16,9,16,65536,9,1,1,0.1111111111111111,1.52587890625e-05,4.816479930623699,O2,EXACT_FEASIBILITY_CAPACITY_CONTROL,STATEVECTOR_MECHANISTIC_CAPACITY_CONTROL,3,"[1103, 2207, 3301]",,2207.0,phase3-7e4b78f49e51e94c524317c2,"[5.340624416467003, 4.349079235417326, 0.0, 3.7736316460534924, -1.1738542012578261, 0.0]","[5.340624416467003, 4.349079235417326, 0.0, 3.7736316460534924, -1.1738542012578261, 0.0]","[6.157363091834377, 4.3714948835486345, 0.5654296911315286, 3.3741811199488274, -0.7693929815898528, -0.4623176972153205]","[6.157363091834377, 4.3714948835486345, 0.5654296911315286, 3.3741811199488274, -0.7693929815898528, -0.4623176972153205]",COBYLA,240,240,240,241,3,Return from COBYLA because the objective function has been evaluated MAXFUN times.,0.9989702961237554,0.9974067589300268,0.0015635371937285925,1.957824020122292,0.060440303568030804,1.123907655811608,0.7734760607426537,1.8973837165542617,0.002593241069973201,0.002593241069973201,1.0,169.9506467617637,2.2303228216671256,0.1,1.0303539247357818,1.0756052992233895,False,0.002593241069973199,0.010512138811534705,True,True,1.0000000000000007,12.66956358589232,177.49609375,SUCCESS,,False,d7edcf4ca084e975b0b8d916d003c9c772e9c801b06175ee7112ef86cdea99f3,018e499280521e6e6764118d14af76ed4cee74fd501addf4dd69087da5bcc557,False,
phase3-9cc03025a03eed2171849fae,PHASE_3_EMPIRICAL_DILUTION_SCALING,PREREGISTERED_EMPIRICAL_DILUTION_SCALING,PRIMARY_MATRIX,development,task-p3-b6a037038c8281f2,g-e7e26759e1ed20ef,phase3-m16-b03-g-e7e26759e1ed20ef,16,9,16,65536,9,1,1,0.1111111111111111,1.52587890625e-05,4.816479930623699,O3,CVAR_ENERGY,TAIL_FOCUSED_ROUTING_OBJECTIVE,3,"[1103, 2207, 3301]",,2207.0,phase3-7e4b78f49e51e94c524317c2,"[5.340624416467003, 4.349079235417326, 0.0, 3.7736316460534924, -1.1738542012578261, 0.0]","[5.340624416467003, 4.349079235417326, 0.0, 3.7736316460534924, -1.1738542012578261, 0.0]","[5.687633603815406, 4.0685817151893495, -1.0265981696521913, 2.9016500315661027, -0.44769607957698687, 0.16690317161532595]","[5.687633603815406, 4.0685817151893495, -1.0265981696521913, 2.9016500315661027, -0.44769607957698687, 0.16690317161532595]",COBYLA,240,240,240,241,3,Return from COBYLA because the objective function has been evaluated MAXFUN times.,1.035030968969985,0.8555376272089038,0.17949334176108123,1.7709099229806822,0.060677393723460815,1.015410340470694,0.6948221887865267,1.7102325292572214,0.01935109639950944,0.01935109639950944,1.0,1268.1934536382507,3.1031855070467147,0.1,0.8555376272089038,1.0605299223389675,False,0.019351096399509445,0.0071419922344600345,True,True,0.9999999999999998,14.242643790319562,177.49609375,SUCCESS,,False,d7edcf4ca084e975b0b8d916d003c9c772e9c801b06175ee7112ef86cdea99f3,018e499280521e6e6764118d14af76ed4cee74fd501addf4dd69087da5bcc557,False,
phase3-26981cad97075cde0dbaa7ad,PHASE_3_EMPIRICAL_DILUTION_SCALING,PREREGISTERED_EMPIRICAL_DILUTION_SCALING,PRIMARY_MATRIX,development,task-p3-43c6ab33060f5bcf,g-6561c85f253791c6,phase3-m18-b00-g-6561c85f253791c6,18,9,18,262144,11,11,11,1.0,4.1961669921875e-05,4.377147236793436,P2_O0,MEAN_ENERGY_PREPARATION,COMMON_INITIALIZATION_PREPARATION,2,"[1103, 2207, 3301]",1103.0,1103.0,phase3-26981cad97075cde0dbaa7ad,,"[1.4361119332668082, 4.6766136583430296, 1.8287983773432719, 0.554097077555417]","[2.9389167807240137, 4.918503317208587, 3.1764727354144977, -0.7426075846910183]","[2.9389167807240137, 4.918503317208587, 3.1764727354144977, -0.7426075846910183]",COBYLA,120,120,120,121,3,Return from COBYLA because the objective function has been evaluated MAXFUN times.,2.9490886485147376,1.2942355914010772,1.6548530571136604,1.2942355914010772,0.08010887198177664,1.040576188098267,0.17355053132103343,1.2141267194192997,0.01948765547304629,0.007762560472488224,0.3983321894839918,464.41563239329514,2.6669068298173646,0.1,0.8411154445064417,1.0313409151018251,False,0.019487655473046258,0.012702415956274818,True,True,1.0000000000000013,55.41160452645272,243.41015625,SUCCESS,,False,d7edcf4ca084e975b0b8d916d003c9c772e9c801b06175ee7112ef86cdea99f3,018e499280521e6e6764118d14af76ed4cee74fd501addf4dd69087da5bcc557,False,
phase3-ac084940cf45d2a90ac80c2f,PHASE_3_EMPIRICAL_DILUTION_SCALING,PREREGISTERED_EMPIRICAL_DILUTION_SCALING,PRIMARY_MATRIX,development,task-p3-43c6ab33060f5bcf,g-6561c85f253791c6,phase3-m18-b00-g-6561c85f253791c6,18,9,18,262144,11,11,11,1.0,4.1961669921875e-05,4.377147236793436,P2_O0,MEAN_ENERGY_PREPARATION,COMMON_INITIALIZATION_PREPARATION,2,"[1103, 2207, 3301]",2207.0,1103.0,phase3-26981cad97075cde0dbaa7ad,,"[4.119365739193051, 4.0465795222369225, 1.5369649905613294, 0.28561357469155796]","[5.089706573957695, 4.148361778767145, 2.333859019475511, 0.08569265806894054]","[5.089706573957695, 4.148361778767145, 2.333859019475511, 0.08569265806894054]",COBYLA,120,120,120,121,3,Return from COBYLA because the objective function has been evaluated MAXFUN times.,2.719654320803668,1.648608885040844,1.0710454357628238,1.648608885040844,0.14882075675800008,1.0939795725956012,0.4058085556872427,1.4997881282828442,0.017283646416891695,0.007304234951403725,0.42260960304447864,411.89129148269603,2.6147826098709794,0.1,0.9004696788409413,1.0978577096006348,False,0.01728364641689166,0.00034167666705725575,True,True,1.0000000000000018,53.92288595251739,243.41015625,SUCCESS,,False,d7edcf4ca084e975b0b8d916d003c9c772e9c801b06175ee7112ef86cdea99f3,018e499280521e6e6764118d14af76ed4cee74fd501addf4dd69087da5bcc557,False,
phase3-d98f574993f4f1b37f84572c,PHASE_3_EMPIRICAL_DILUTION_SCALING,PREREGISTERED_EMPIRICAL_DILUTION_SCALING,PRIMARY_MATRIX,development,task-p3-43c6ab33060f5bcf,g-6561c85f253791c6,phase3-m18-b00-g-6561c85f253791c6,18,9,18,262144,11,11,11,1.0,4.1961669921875e-05,4.377147236793436,P2_O0,MEAN_ENERGY_PREPARATION,COMMON_INITIALIZATION_PREPARATION,2,"[1103, 2207, 3301]",3301.0,1103.0,phase3-26981cad97075cde0dbaa7ad,,"[2.8746040698350956, 3.2295534178963874, 1.3381083226815658, 0.4324890662459698]","[5.35203054075457, 3.7444086148548434, 2.3780183854415524, 0.0948245811475872]","[5.35203054075457, 3.7444086148548434, 2.3780183854415524, 0.0948245811475872]",COBYLA,120,120,120,121,3,Return from COBYLA because the objective function has been evaluated MAXFUN times.,2.898849903595421,1.620726171547264,1.2781237320481569,1.620726171547264,0.14338328505432402,1.0829896505320118,0.3943532359609277,1.4773428864929394,0.018524490898120968,0.00849905281175297,0.4588008846502266,441.4621947270021,2.6448935180507416,0.1,0.8872978630977703,1.0978577096006348,False,0.01852449089812098,0.0016124548659981752,True,True,0.999999999999999,54.06342795304954,243.41015625,SUCCESS,,False,d7edcf4ca084e975b0b8d916d003c9c772e9c801b06175ee7112ef86cdea99f3,018e499280521e6e6764118d14af76ed4cee74fd501addf4dd69087da5bcc557,False,
phase3-bda050722e8866a90096fc81,PHASE_3_EMPIRICAL_DILUTION_SCALING,PREREGISTERED_EMPIRICAL_DILUTION_SCALING,PRIMARY_MATRIX,development,task-p3-43c6ab33060f5bcf,g-6561c85f253791c6,phase3-m18-b00-g-6561c85f253791c6,18,9,18,262144,11,11,11,1.0,4.1961669921875e-05,4.377147236793436,O0,MEAN_ENERGY,STANDARD_BASELINE,3,"[1103, 2207, 3301]",,1103.0,phase3-26981cad97075cde0dbaa7ad,"[2.9389167807240137, 4.918503317208587, 0.0, 3.1764727354144977, -0.7426075846910183, 0.0]","[2.9389167807240137, 4.918503317208587, 0.0, 3.1764727354144977, -0.7426075846910183, 0.0]","[3.5113256998737716, 5.5387404140395295, 0.7405205180056347, 3.1068553350957027, -0.5418787371124145, -0.148516086043506]","[3.5113256998737716, 5.5387404140395295, 0.7405205180056347, 3.1068553350957027, -0.5418787371124145, -0.148516086043506]",COBYLA,240,240,240,241,3,Return from COBYLA because the objective function has been evaluated MAXFUN times.,1.2942355914010772,1.1804458966157918,0.11378969478528544,1.1804458966157918,0.06810277904070418,1.0000325323847734,0.11231058519031467,1.112343117575088,0.05148806709086151,0.020385300759513773,0.39592282078757446,1227.0261690424363,3.088853825114562,0.1,0.5352631924787419,1.0263157894736843,False,0.051488067090861435,0.04851193290913857,True,True,1.0000000000000016,146.04506919533014,228.73046875,SUCCESS,,False,d7edcf4ca084e975b0b8d916d003c9c772e9c801b06175ee7112ef86cdea99f3,018e499280521e6e6764118d14af76ed4cee74fd501addf4dd69087da5bcc557,False,
phase3-8aa000510157462bfb035f0b,PHASE_3_EMPIRICAL_DILUTION_SCALING,PREREGISTERED_EMPIRICAL_DILUTION_SCALING,PRIMARY_MATRIX,development,task-p3-43c6ab33060f5bcf,g-6561c85f253791c6,phase3-m18-b00-g-6561c85f253791c6,18,9,18,262144,11,11,11,1.0,4.1961669921875e-05,4.377147236793436,O2,EXACT_FEASIBILITY_CAPACITY_CONTROL,STATEVECTOR_MECHANISTIC_CAPACITY_CONTROL,3,"[1103, 2207, 3301]",,1103.0,phase3-26981cad97075cde0dbaa7ad,"[2.9389167807240137, 4.918503317208587, 0.0, 3.1764727354144977, -0.7426075846910183, 0.0]","[2.9389167807240137, 4.918503317208587, 0.0, 3.1764727354144977, -0.7426075846910183, 0.0]","[3.611922945709909, 5.524264117103319, 0.8305781111177085, 3.0535721385154146, -0.48115765326029636, -0.14114863446353404]","[3.611922945709909, 5.524264117103319, 0.8305781111177085, 3.0535721385154146, -0.48115765326029636, -0.14114863446353404]",COBYLA,240,240,240,241,3,Return from COBYLA because the objective function has been evaluated MAXFUN times.,0.9805123445269537,0.9436116334966869,0.03690071103026682,1.1924111833391662,0.07394524492914635,0.9940143858601008,0.12445155254991834,1.1184659384100193,0.05638836650331308,0.022113127950120576,0.39215762614477095,1343.806540785864,3.1283367506250475,0.1,0.4886380864420596,1.0263157894736843,False,0.05638836650331293,0.04361163349668708,True,True,1.0000000000000027,113.58628926519305,228.73046875,SUCCESS,,False,d7edcf4ca084e975b0b8d916d003c9c772e9c801b06175ee7112ef86cdea99f3,018e499280521e6e6764118d14af76ed4cee74fd501addf4dd69087da5bcc557,False,
phase3-ebe4d8b95f15f511fa22ed23,PHASE_3_EMPIRICAL_DILUTION_SCALING,PREREGISTERED_EMPIRICAL_DILUTION_SCALING,PRIMARY_MATRIX,development,task-p3-43c6ab33060f5bcf,g-6561c85f253791c6,phase3-m18-b00-g-6561c85f253791c6,18,9,18,262144,11,11,11,1.0,4.1961669921875e-05,4.377147236793436,O3,CVAR_ENERGY,TAIL_FOCUSED_ROUTING_OBJECTIVE,3,"[1103, 2207, 3301]",,1103.0,phase3-26981cad97075cde0dbaa7ad,"[2.9389167807240137, 4.918503317208587, 0.0, 3.1764727354144977, -0.7426075846910183, 0.0]","[2.9389167807240137, 4.918503317208587, 0.0, 3.1764727354144977, -0.7426075846910183, 0.0]","[3.470427820654164, 5.789382317193366, -1.4190697233695106, 3.0535471286554294, -0.6120937271814151, 0.16666614325386006]","[3.470427820654164, 5.789382317193366, -1.4190697233695106, 3.0535471286554294, -0.6120937271814151, 0.16666614325386006]",COBYLA,240,240,240,241,3,Return from COBYLA because the objective function has been evaluated MAXFUN times.,0.8411154445064417,0.21218016185091787,0.6289352826555239,1.2458477343298493,0.0987398608703407,0.9696340757139688,0.1774737977455393,1.1471078734595082,0.08561457373811678,0.029504169592295272,0.3446162061443473,2040.3042561822622,3.3096949355279763,0.1,0.21218016185091787,1.0263157894736843,False,0.08561457373811703,0.01438542626188298,True,True,0.9999999999999971,115.92394567281008,228.73046875,SUCCESS,,False,d7edcf4ca084e975b0b8d916d003c9c772e9c801b06175ee7112ef86cdea99f3,018e499280521e6e6764118d14af76ed4cee74fd501addf4dd69087da5bcc557,False,
phase3-dc7ca537261eb0c9cbfef1d5,PHASE_3_EMPIRICAL_DILUTION_SCALING,PREREGISTERED_EMPIRICAL_DILUTION_SCALING,PRIMARY_MATRIX,development,task-p3-b36a74d436a6d25a,g-6561c85f253791c6,phase3-m18-b00-g-6561c85f253791c6,18,9,18,262144,11,7,7,0.6363636363636364,2.6702880859375e-05,4.573441881937405,P2_O0,MEAN_ENERGY_PREPARATION,COMMON_INITIALIZATION_PREPARATION,2,"[1103, 2207, 3301]",1103.0,2207.0,phase3-68f1d8fed7707fb465dfbc11,,"[1.4361119332668082, 4.6766136583430296, 1.8287983773432719, 0.554097077555417]","[3.5647217946363243, 5.404653499832426, 0.03168086674082517, -0.7481974133066022]","[3.5647217946363243, 5.404653499832426, 0.03168086674082517, -0.7481974133066022]",COBYLA,120,120,120,121,3,Return from COBYLA because the objective function has been evaluated MAXFUN times.,3.023336517200708,1.2783500095020088,1.7449865076986992,1.2783500095020088,0.06409998885895254,1.0318803644667185,0.18236965617633788,1.2142500206430555,0.017600732890704393,0.008467622282079444,0.48109486887057484,659.1323604144018,2.8189726340562076,0.1,0.8578145140125778,1.0263157894736843,False,0.017600732890704438,0.08239926710929557,True,True,0.9999999999999974,54.102658377960324,243.765625,SUCCESS,,False,d7edcf4ca084e975b0b8d916d003c9c772e9c801b06175ee7112ef86cdea99f3,018e499280521e6e6764118d14af76ed4cee74fd501addf4dd69087da5bcc557,False,
phase3-68f1d8fed7707fb465dfbc11,PHASE_3_EMPIRICAL_DILUTION_SCALING,PREREGISTERED_EMPIRICAL_DILUTION_SCALING,PRIMARY_MATRIX,development,task-p3-b36a74d436a6d25a,g-6561c85f253791c6,phase3-m18-b00-g-6561c85f253791c6,18,9,18,262144,11,7,7,0.6363636363636364,2.6702880859375e-05,4.573441881937405,P2_O0,MEAN_ENERGY_PREPARATION,COMMON_INITIALIZATION_PREPARATION,2,"[1103, 2207, 3301]",2207.0,2207.0,phase3-68f1d8fed7707fb465dfbc11,,"[4.119365739193051, 4.0465795222369225, 1.5369649905613294, 0.28561357469155796]","[5.613410050725305, 4.149057585378878, 3.647971794479341, -1.0411726349926311]","[5.613410050725305, 4.149057585378878, 3.647971794479341, -1.0411726349926311]",COBYLA,120,120,120,121,3,Return from COBYLA because the objective function has been evaluated MAXFUN times.,2.7610046225561957,1.1788595026431095,1.5821451199130863,1.1788595026431095,0.05106892615430675,1.0286663988893634,0.0991241775994397,1.127790576488803,0.01310439131530615,0.0065259840442540035,0.4979997839832167,490.74822242280214,2.690858735183167,0.1,0.9006734326657773,1.0263157894736843,False,0.013104391315306134,0.08689560868469387,True,True,1.000000000000001,54.73581137508154,243.765625,SUCCESS,,False,d7edcf4ca084e975b0b8d916d003c9c772e9c801b06175ee7112ef86cdea99f3,018e499280521e6e6764118d14af76ed4cee74fd501addf4dd69087da5bcc557,False,
phase3-e7d7298a31209ed827957b2c,PHASE_3_EMPIRICAL_DILUTION_SCALING,PREREGISTERED_EMPIRICAL_DILUTION_SCALING,PRIMARY_MATRIX,development,task-p3-b36a74d436a6d25a,g-6561c85f253791c6,phase3-m18-b00-g-6561c85f253791c6,18,9,18,262144,11,7,7,0.6363636363636364,2.6702880859375e-05,4.573441881937405,P2_O0,MEAN_ENERGY_PREPARATION,COMMON_INITIALIZATION_PREPARATION,2,"[1103, 2207, 3301]",3301.0,2207.0,phase3-68f1d8fed7707fb465dfbc11,,"[2.8746040698350956, 3.2295534178963874, 1.3381083226815658, 0.4324890662459698]","[5.314047398893738, 1.7606837888035318, 2.43758257065835, -0.16092517234115425]","[5.314047398893738, 1.7606837888035318, 2.43758257065835, -0.16092517234115425]",COBYLA,120,120,120,121,3,Return from COBYLA because the objective function has been evaluated MAXFUN times.,2.9456367181773517,1.595339929340857,1.3502967888364947,1.595339929340857,0.116850302447937,1.0641851499253314,0.4143044769675879,1.4784896268929197,0.02269083392209763,0.012234387957446068,0.5391775374783172,849.7522810963374,2.9292923390876626,0.1,0.8181093775353698,1.0564665432425286,False,0.022690833922097642,0.01193126880341601,True,True,0.9999999999999996,55.07583397440612,243.765625,SUCCESS,,False,d7edcf4ca084e975b0b8d916d003c9c772e9c801b06175ee7112ef86cdea99f3,018e499280521e6e6764118d14af76ed4cee74fd501addf4dd69087da5bcc557,False,
phase3-a89160e6059d32caef395460,PHASE_3_EMPIRICAL_DILUTION_SCALING,PREREGISTERED_EMPIRICAL_DILUTION_SCALING,PRIMARY_MATRIX,development,task-p3-b36a74d436a6d25a,g-6561c85f253791c6,phase3-m18-b00-g-6561c85f253791c6,18,9,18,262144,11,7,7,0.6363636363636364,2.6702880859375e-05,4.573441881937405,O0,MEAN_ENERGY,STANDARD_BASELINE,3,"[1103, 2207, 3301]",,2207.0,phase3-68f1d8fed7707fb465dfbc11,"[5.613410050725305, 4.149057585378878, 0.0, 3.647971794479341, -1.0411726349926311, 0.0]","[5.613410050725305, 4.149057585378878, 0.0, 3.647971794479341, -1.0411726349926311, 0.0]","[6.1728570013749575, 5.026493241993607, 0.6448581466956221, 3.8599634052324294, -1.0666749027092517, -0.12282265250946668]","[6.1728570013749575, 5.026493241993607, 0.6448581466956221, 3.8599634052324294, -1.0666749027092517, -0.12282265250946668]",COBYLA,240,240,240,241,3,Return from COBYLA because the objective function has been evaluated MAXFUN times.,1.1788595026431095,1.1015223109985917,0.0773371916445178,1.1015223109985917,0.0414276395609145,1.022691240106301,0.03740343133137619,1.060094671437677,0.01573003749540594,0.008374315846554656,0.532377360766014,589.0764213136707,2.770171639781829,0.1,0.8753829016291693,1.0263157894736843,False,0.01573003749540596,0.08426996250459404,True,True,0.9999999999999984,145.02906117402017,228.734375,SUCCESS,,False,d7edcf4ca084e975b0b8d916d003c9c772e9c801b06175ee7112ef86cdea99f3,018e499280521e6e6764118d14af76ed4cee74fd501addf4dd69087da5bcc557,False,
phase3-893209c664c4f673f0cb8706,PHASE_3_EMPIRICAL_DILUTION_SCALING,PREREGISTERED_EMPIRICAL_DILUTION_SCALING,PRIMARY_MATRIX,development,task-p3-b36a74d436a6d25a,g-6561c85f253791c6,phase3-m18-b00-g-6561c85f253791c6,18,9,18,262144,11,7,7,0.6363636363636364,2.6702880859375e-05,4.573441881937405,O2,EXACT_FEASIBILITY_CAPACITY_CONTROL,STATEVECTOR_MECHANISTIC_CAPACITY_CONTROL,3,"[1103, 2207, 3301]",,2207.0,phase3-68f1d8fed7707fb465dfbc11,"[5.613410050725305, 4.149057585378878, 0.0, 3.647971794479341, -1.0411726349926311, 0.0]","[5.613410050725305, 4.149057585378878, 0.0, 3.647971794479341, -1.0411726349926311, 0.0]","[5.722377377789552, 4.09179750898024, 0.725729960190018, 3.0687780530179376, -0.4638879191278418, -0.13324955597869045]","[5.722377377789552, 4.09179750898024, 0.725729960190018, 3.0687780530179376, -0.4638879191278418, -0.13324955597869045]",COBYLA,240,240,240,241,3,Return from COBYLA because the objective function has been evaluated MAXFUN times.,0.9868956086846938,0.956740016506736,0.030155592177957824,1.230335506929273,0.06686926579686694,0.9965438447402594,0.16692239639214695,1.163466241132407,0.04325998349326394,0.02071575611002447,0.47886648207459775,1620.0493018368832,3.2095282313265208,0.1,0.6124539249247409,1.0263157894736843,False,0.04325998349326394,0.05674001650673607,True,True,1.0,117.06846245378256,228.734375,SUCCESS,,False,d7edcf4ca084e975b0b8d916d003c9c772e9c801b06175ee7112ef86cdea99f3,018e499280521e6e6764118d14af76ed4cee74fd501addf4dd69087da5bcc557,False,
phase3-78519ea864373c70b733b1c7,PHASE_3_EMPIRICAL_DILUTION_SCALING,PREREGISTERED_EMPIRICAL_DILUTION_SCALING,PRIMARY_MATRIX,development,task-p3-b36a74d436a6d25a,g-6561c85f253791c6,phase3-m18-b00-g-6561c85f253791c6,18,9,18,262144,11,7,7,0.6363636363636364,2.6702880859375e-05,4.573441881937405,O3,CVAR_ENERGY,TAIL_FOCUSED_ROUTING_OBJECTIVE,3,"[1103, 2207, 3301]",,2207.0,phase3-68f1d8fed7707fb465dfbc11,"[5.613410050725305, 4.149057585378878, 0.0, 3.647971794479341, -1.0411726349926311, 0.0]","[5.613410050725305, 4.149057585378878, 0.0, 3.647971794479341, -1.0411726349926311, 0.0]","[5.630252046249842, 4.158872469354751, 0.6863980019374459, 3.0641418790788975, -0.4547850745114102, -0.13997002015241566]","[5.630252046249842, 4.158872469354751, 0.6863980019374459, 3.0641418790788975, -0.4547850745114102, -0.13997002015241566]",COBYLA,240,240,240,241,3,Return from COBYLA because the objective function has been evaluated MAXFUN times.,0.9006734326657773,0.6118866472497897,0.28878678541598757,1.2295252492163167,0.0669231330027967,0.9964214771600662,0.16618063905345462,1.1626021162135203,0.043321884722372826,0.02069753088651076,0.4777615521381479,1622.3674498088146,3.2101492243210012,0.1,0.6118866472497897,1.0263157894736843,False,0.04332188472237291,0.056678115277627096,True,True,0.9999999999999983,111.36348313931376,228.734375,SUCCESS,,False,d7edcf4ca084e975b0b8d916d003c9c772e9c801b06175ee7112ef86cdea99f3,018e499280521e6e6764118d14af76ed4cee74fd501addf4dd69087da5bcc557,False,
phase3-d1c6c24a7bc6784b51a05d62,PHASE_3_EMPIRICAL_DILUTION_SCALING,PREREGISTERED_EMPIRICAL_DILUTION_SCALING,PRIMARY_MATRIX,development,task-p3-3da056542192ad36,g-6561c85f253791c6,phase3-m18-b00-g-6561c85f253791c6,18,9,18,262144,11,4,4,0.3636363636363636,1.52587890625e-05,4.816479930623699,P2_O0,MEAN_ENERGY_PREPARATION,COMMON_INITIALIZATION_PREPARATION,2,"[1103, 2207, 3301]",1103.0,1103.0,phase3-d1c6c24a7bc6784b51a05d62,,"[1.4361119332668082, 4.6766136583430296, 1.8287983773432719, 0.554097077555417]","[6.2282290756805745, 4.098836781933465, 0.5330122687531633, -1.1122303040568766]","[6.2282290756805745, 4.098836781933465, 0.5330122687531633, -1.1122303040568766]",COBYLA,120,120,120,121,3,Return from COBYLA because the objective function has been evaluated MAXFUN times.,3.1152373266706577,1.2141933983762434,1.9010439282944143,1.2141933983762434,0.040318713612009165,1.0306920606184364,0.14318262414579722,1.1738746847642345,0.007802559352494874,0.004339753617916353,0.5561961687005577,511.3485297251041,2.7087170115641417,0.1,0.95102782664481,1.0263157894736843,False,0.007802559352494871,0.09219744064750514,True,True,1.0000000000000004,55.33923836238682,243.765625,SUCCESS,,False,d7edcf4ca084e975b0b8d916d003c9c772e9c801b06175ee7112ef86cdea99f3,018e499280521e6e6764118d14af76ed4cee74fd501addf4dd69087da5bcc557,False,
phase3-c79d0601df8003dce1527584,PHASE_3_EMPIRICAL_DILUTION_SCALING,PREREGISTERED_EMPIRICAL_DILUTION_SCALING,PRIMARY_MATRIX,development,task-p3-3da056542192ad36,g-6561c85f253791c6,phase3-m18-b00-g-6561c85f253791c6,18,9,18,262144,11,4,4,0.3636363636363636,1.52587890625e-05,4.816479930623699,P2_O0,MEAN_ENERGY_PREPARATION,COMMON_INITIALIZATION_PREPARATION,2,"[1103, 2207, 3301]",2207.0,1103.0,phase3-d1c6c24a7bc6784b51a05d62,,"[4.119365739193051, 4.0465795222369225, 1.5369649905613294, 0.28561357469155796]","[5.590060694371698, 4.383334668615408, 3.6625842955389083, -1.07668595813736]","[5.590060694371698, 4.383334668615408, 3.6625842955389083, -1.07668595813736]",COBYLA,120,120,120,121,3,Return from COBYLA because the objective function has been evaluated MAXFUN times.,2.8118729670569564,1.221012101070209,1.5908608659867474,1.221012101070209,0.04158624542760789,1.0308011927795941,0.14862466286300804,1.1794258556426025,0.008047042763961405,0.004551260935253917,0.5655818005139343,527.3709945789747,2.7221162399043153,0.1,0.9486497962267328,1.0263157894736843,False,0.008047042763961395,0.09195295723603861,True,True,1.0000000000000013,54.69044417794794,243.765625,SUCCESS,,False,d7edcf4ca084e975b0b8d916d003c9c772e9c801b06175ee7112ef86cdea99f3,018e499280521e6e6764118d14af76ed4cee74fd501addf4dd69087da5bcc557,False,
phase3-71110a29108651ed22c7a604,PHASE_3_EMPIRICAL_DILUTION_SCALING,PREREGISTERED_EMPIRICAL_DILUTION_SCALING,PRIMARY_MATRIX,development,task-p3-3da056542192ad36,g-6561c85f253791c6,phase3-m18-b00-g-6561c85f253791c6,18,9,18,262144,11,4,4,0.3636363636363636,1.52587890625e-05,4.816479930623699,P2_O0,MEAN_ENERGY_PREPARATION,COMMON_INITIALIZATION_PREPARATION,2,"[1103, 2207, 3301]",3301.0,1103.0,phase3-d1c6c24a7bc6784b51a05d62,,"[2.8746040698350956, 3.2295534178963874, 1.3381083226815658, 0.4324890662459698]","[5.097307810366153, 3.538706357620077, 2.3430504481932557, 0.11105532425723952]","[5.097307810366153, 3.538706357620077, 2.3430504481932557, 0.11105532425723952]",COBYLA,120,120,120,121,3,Return from COBYLA because the objective function has been evaluated MAXFUN times.,3.0060723200483066,1.8641376545458843,1.1419346655024223,1.8641376545458843,0.13870448112081624,1.08821411324283,0.6372190601822371,1.725433173425067,0.0050564417100034155,0.0032276903466611434,0.6383323553944347,331.37896390678384,2.520324935739405,0.1,1.0115764413512498,1.0878074583443533,False,0.0050564417100034224,0.001011217501961592,True,True,0.9999999999999987,54.89165364112705,243.765625,SUCCESS,,False,d7edcf4ca084e975b0b8d916d003c9c772e9c801b06175ee7112ef86cdea99f3,018e499280521e6e6764118d14af76ed4cee74fd501addf4dd69087da5bcc557,False,
phase3-b5494849147f068310eabb5d,PHASE_3_EMPIRICAL_DILUTION_SCALING,PREREGISTERED_EMPIRICAL_DILUTION_SCALING,PRIMARY_MATRIX,development,task-p3-3da056542192ad36,g-6561c85f253791c6,phase3-m18-b00-g-6561c85f253791c6,18,9,18,262144,11,4,4,0.3636363636363636,1.52587890625e-05,4.816479930623699,O0,MEAN_ENERGY,STANDARD_BASELINE,3,"[1103, 2207, 3301]",,1103.0,phase3-d1c6c24a7bc6784b51a05d62,"[6.2282290756805745, 4.098836781933465, 0.0, 0.5330122687531633, -1.1122303040568766, 0.0]","[6.2282290756805745, 4.098836781933465, 0.0, 0.5330122687531633, -1.1122303040568766, 0.0]","[6.762868006791633, 4.905340006974874, 0.5642430498303495, 0.7151687576745992, -1.0998398752913627, -0.1408393924306757]","[6.762868006791633, 4.905340006974874, 0.5642430498303495, 0.7151687576745992, -1.0998398752913627, -0.1408393924306757]",COBYLA,240,240,240,241,3,Return from COBYLA because the objective function has been evaluated MAXFUN times.,1.2141933983762434,1.1392499326746537,0.07494346570158972,1.1392499326746537,0.03446209548298932,1.0265208911292267,0.07826694606243821,1.104787837191665,0.009469462004084783,0.005564063469917524,0.5875796816669615,620.5906618997003,2.7928052364174296,0.1,0.9348689852808014,1.0263157894736843,False,0.009469462004084788,0.09053053799591522,True,True,0.9999999999999993,146.58383187558502,228.796875,SUCCESS,,False,d7edcf4ca084e975b0b8d916d003c9c772e9c801b06175ee7112ef86cdea99f3,018e499280521e6e6764118d14af76ed4cee74fd501addf4dd69087da5bcc557,False,
phase3-5b93b23b3fdfe47351c86b99,PHASE_3_EMPIRICAL_DILUTION_SCALING,PREREGISTERED_EMPIRICAL_DILUTION_SCALING,PRIMARY_MATRIX,development,task-p3-3da056542192ad36,g-6561c85f253791c6,phase3-m18-b00-g-6561c85f253791c6,18,9,18,262144,11,4,4,0.3636363636363636,1.52587890625e-05,4.816479930623699,O2,EXACT_FEASIBILITY_CAPACITY_CONTROL,STATEVECTOR_MECHANISTIC_CAPACITY_CONTROL,3,"[1103, 2207, 3301]",,1103.0,phase3-d1c6c24a7bc6784b51a05d62,"[6.2282290756805745, 4.098836781933465, 0.0, 0.5330122687531633, -1.1122303040568766, 0.0]","[6.2282290756805745, 4.098836781933465, 0.0, 0.5330122687531633, -1.1122303040568766, 0.0]","[6.686287733344576, 4.165098721503932, 1.3398587874812544, 0.9268520628057139, -1.398953253062461, -0.18613632698778657]","[6.686287733344576, 4.165098721503932, 1.3398587874812544, 0.9268520628057139, -1.398953253062461, -0.18613632698778657]",COBYLA,240,240,240,241,3,Return from COBYLA because the objective function has been evaluated MAXFUN times.,0.9921974406475051,0.9521131092384817,0.040084331409023455,1.3749353546791088,0.07809003787682062,0.9861380068672874,0.31070730993500056,1.2968453168022875,0.047886890761518267,0.027337517784554746,0.5708768589862818,3138.315272946861,3.4966965703609802,0.1,0.5646584470097722,1.0313409151018251,False,0.04788689076151839,0.011670459840363703,True,True,0.9999999999999972,112.42237425595522,228.796875,SUCCESS,,False,d7edcf4ca084e975b0b8d916d003c9c772e9c801b06175ee7112ef86cdea99f3,018e499280521e6e6764118d14af76ed4cee74fd501addf4dd69087da5bcc557,False,
phase3-085d804bd02dcdfbc49111ff,PHASE_3_EMPIRICAL_DILUTION_SCALING,PREREGISTERED_EMPIRICAL_DILUTION_SCALING,PRIMARY_MATRIX,development,task-p3-3da056542192ad36,g-6561c85f253791c6,phase3-m18-b00-g-6561c85f253791c6,18,9,18,262144,11,4,4,0.3636363636363636,1.52587890625e-05,4.816479930623699,O3,CVAR_ENERGY,TAIL_FOCUSED_ROUTING_OBJECTIVE,3,"[1103, 2207, 3301]",,1103.0,phase3-d1c6c24a7bc6784b51a05d62,"[6.2282290756805745, 4.098836781933465, 0.0, 0.5330122687531633, -1.1122303040568766, 0.0]","[6.2282290756805745, 4.098836781933465, 0.0, 0.5330122687531633, -1.1122303040568766, 0.0]","[6.39443323632725, 4.057667529085661, 0.5066846706459696, -0.18079850952276919, -0.3502227337737999, -0.1388865905012305]","[6.39443323632725, 4.057667529085661, 0.5066846706459696, -0.18079850952276919, -0.3502227337737999, -0.1388865905012305]",COBYLA,240,240,240,241,3,Return from COBYLA because the objective function has been evaluated MAXFUN times.,0.95102782664481,0.691942437599027,0.25908538904578304,1.3496195764327525,0.06367782229170828,0.9921295486678895,0.29381220547315556,1.2859417541410438,0.0346407935161279,0.01974306585862988,0.5699368823476285,2270.219043872958,3.3560677624600164,0.1,0.691942437599027,1.0263157894736843,False,0.03464079351612796,0.06535920648387204,True,True,0.9999999999999982,118.97376767639071,228.796875,SUCCESS,,False,d7edcf4ca084e975b0b8d916d003c9c772e9c801b06175ee7112ef86cdea99f3,018e499280521e6e6764118d14af76ed4cee74fd501addf4dd69087da5bcc557,False,
phase3-233a0af6b15e82b240441fb4,PHASE_3_EMPIRICAL_DILUTION_SCALING,PREREGISTERED_EMPIRICAL_DILUTION_SCALING,PRIMARY_MATRIX,development,task-p3-0bf148a8545bb3da,g-6561c85f253791c6,phase3-m18-b00-g-6561c85f253791c6,18,9,18,262144,11,3,3,0.2727272727272727,1.1444091796875e-05,4.941418667231999,P2_O0,MEAN_ENERGY_PREPARATION,COMMON_INITIALIZATION_PREPARATION,2,"[1103, 2207, 3301]",1103.0,1103.0,phase3-233a0af6b15e82b240441fb4,,"[1.4361119332668082, 4.6766136583430296, 1.8287983773432719, 0.554097077555417]","[4.878916914611404, 4.855002461384, 0.5138506077516501, -1.0628376124471097]","[4.878916914611404, 4.855002461384, 0.5138506077516501, -1.0628376124471097]",COBYLA,120,120,120,121,3,Return from COBYLA because the objective function has been evaluated MAXFUN times.,3.1665033477810973,1.2868784679887069,1.8796248797923905,1.2868784679887069,0.038057886408073054,1.0330456522851716,0.21577492929546255,1.248820581580633,0.004842682709212191,0.0032752497145362236,0.6763296113341777,423.1600720412402,2.626504682396145,0.1,0.9794419084796261,1.0263157894736843,False,0.004842682709212195,0.09515731729078782,True,True,0.9999999999999991,55.403650362975895,243.765625,SUCCESS,,False,d7edcf4ca084e975b0b8d916d003c9c772e9c801b06175ee7112ef86cdea99f3,018e499280521e6e6764118d14af76ed4cee74fd501addf4dd69087da5bcc557,False,
phase3-3a301aa8c033320c3b32d454,PHASE_3_EMPIRICAL_DILUTION_SCALING,PREREGISTERED_EMPIRICAL_DILUTION_SCALING,PRIMARY_MATRIX,development,task-p3-0bf148a8545bb3da,g-6561c85f253791c6,phase3-m18-b00-g-6561c85f253791c6,18,9,18,262144,11,3,3,0.2727272727272727,1.1444091796875e-05,4.941418667231999,P2_O0,MEAN_ENERGY_PREPARATION,COMMON_INITIALIZATION_PREPARATION,2,"[1103, 2207, 3301]",2207.0,1103.0,phase3-233a0af6b15e82b240441fb4,,"[4.119365739193051, 4.0465795222369225, 1.5369649905613294, 0.28561357469155796]","[5.763989912801381, 4.045108538993811, 3.6161639808087904, -1.0890220231117598]","[5.763989912801381, 4.045108538993811, 3.6161639808087904, -1.0890220231117598]",COBYLA,120,120,120,121,3,Return from COBYLA because the objective function has been evaluated MAXFUN times.,2.843032842032194,1.3015330791322088,1.5414997628999854,1.3015330791322088,0.03931013932167708,1.032474631831916,0.22974830797861603,1.262222939810532,0.0057328094481712746,0.0038563226430974214,0.6726758804668732,500.94053332713685,2.6997861738099074,0.1,0.9708313487913409,1.0263157894736843,False,0.005732809448171261,0.09426719055182875,True,True,1.0000000000000024,55.121538965031505,243.765625,SUCCESS,,False,d7edcf4ca084e975b0b8d916d003c9c772e9c801b06175ee7112ef86cdea99f3,018e499280521e6e6764118d14af76ed4cee74fd501addf4dd69087da5bcc557,False,
phase3-584046c6b4b1fa73389abf7b,PHASE_3_EMPIRICAL_DILUTION_SCALING,PREREGISTERED_EMPIRICAL_DILUTION_SCALING,PRIMARY_MATRIX,development,task-p3-0bf148a8545bb3da,g-6561c85f253791c6,phase3-m18-b00-g-6561c85f253791c6,18,9,18,262144,11,3,3,0.2727272727272727,1.1444091796875e-05,4.941418667231999,P2_O0,MEAN_ENERGY_PREPARATION,COMMON_INITIALIZATION_PREPARATION,2,"[1103, 2207, 3301]",3301.0,1103.0,phase3-233a0af6b15e82b240441fb4,,"[2.8746040698350956, 3.2295534178963874, 1.3381083226815658, 0.4324890662459698]","[5.064850996366729, 3.5875434029166207, 2.317849196554239, 0.12097786856106932]","[5.064850996366729, 3.5875434029166207, 2.317849196554239, 0.12097786856106932]",COBYLA,120,120,120,121,3,Return from COBYLA because the objective function has been evaluated MAXFUN times.,3.045201403169367,1.9491170709194041,1.0960843322499627,1.9491170709194041,0.13688576396515506,1.0894765014327301,0.7227548055215182,1.8122313069542482,0.0014413450685075877,0.0010747263671497947,0.7456412698331836,125.9466538796177,2.10018663375615,0.1,1.0374410934831388,1.0765670457550913,False,0.00144134506850759,0.001914397423625605,True,True,0.9999999999999986,55.42557526752353,243.765625,SUCCESS,,False,d7edcf4ca084e975b0b8d916d003c9c772e9c801b06175ee7112ef86cdea99f3,018e499280521e6e6764118d14af76ed4cee74fd501addf4dd69087da5bcc557,False,
phase3-afa3cac07ec52bd345bae3bc,PHASE_3_EMPIRICAL_DILUTION_SCALING,PREREGISTERED_EMPIRICAL_DILUTION_SCALING,PRIMARY_MATRIX,development,task-p3-0bf148a8545bb3da,g-6561c85f253791c6,phase3-m18-b00-g-6561c85f253791c6,18,9,18,262144,11,3,3,0.2727272727272727,1.1444091796875e-05,4.941418667231999,O0,MEAN_ENERGY,STANDARD_BASELINE,3,"[1103, 2207, 3301]",,1103.0,phase3-233a0af6b15e82b240441fb4,"[4.878916914611404, 4.855002461384, 0.0, 0.5138506077516501, -1.0628376124471097, 0.0]","[4.878916914611404, 4.855002461384, 0.0, 0.5138506077516501, -1.0628376124471097, 0.0]","[5.599828510675163, 5.708455773519819, 0.6958273412585517, 0.7319503916851385, -1.0444836208818489, -0.1344238697962074]","[5.599828510675163, 5.708455773519819, 0.6958273412585517, 0.7319503916851385, -1.0444836208818489, -0.1344238697962074]",COBYLA,240,240,240,241,3,Return from COBYLA because the objective function has been evaluated MAXFUN times.,1.2868784679887069,1.1465584286972352,0.14032003929147163,1.1465584286972352,0.02847116002652108,1.028718146491857,0.08936912217885828,1.1180872686707142,0.0056651519436671655,0.0036454652977259685,0.6434894128128514,495.0285303735618,2.6946302296946585,0.1,0.9715277095563626,1.0263157894736843,False,0.005665151943667188,0.09433484805633281,True,True,0.9999999999999961,146.73385306447744,228.73828125,SUCCESS,,False,d7edcf4ca084e975b0b8d916d003c9c772e9c801b06175ee7112ef86cdea99f3,018e499280521e6e6764118d14af76ed4cee74fd501addf4dd69087da5bcc557,False,
phase3-bc0baebcc133c307dc92767c,PHASE_3_EMPIRICAL_DILUTION_SCALING,PREREGISTERED_EMPIRICAL_DILUTION_SCALING,PRIMARY_MATRIX,development,task-p3-0bf148a8545bb3da,g-6561c85f253791c6,phase3-m18-b00-g-6561c85f253791c6,18,9,18,262144,11,3,3,0.2727272727272727,1.1444091796875e-05,4.941418667231999,O2,EXACT_FEASIBILITY_CAPACITY_CONTROL,STATEVECTOR_MECHANISTIC_CAPACITY_CONTROL,3,"[1103, 2207, 3301]",,1103.0,phase3-233a0af6b15e82b240441fb4,"[4.878916914611404, 4.855002461384, 0.0, 0.5138506077516501, -1.0628376124471097, 0.0]","[4.878916914611404, 4.855002461384, 0.0, 0.5138506077516501, -1.0628376124471097, 0.0]","[4.8024516749849475, 4.817354602993312, -1.1452294282399444, -0.1775339584417338, -0.5291164026515689, 0.16926986190108925]","[4.8024516749849475, 4.817354602993312, -1.1452294282399444, -0.1775339584417338, -0.5291164026515689, 0.16926986190108925]",COBYLA,240,240,240,241,3,Return from COBYLA because the objective function has been evaluated MAXFUN times.,0.9951573172907878,0.9404824092008058,0.05467490808998199,1.5239199388138802,0.08182867989992958,0.9525824248336594,0.48950883408029144,1.4420912589139512,0.0595175907991942,0.04189859477081946,0.7039699391089386,5200.726440821321,3.716064010405036,0.1,0.4518088802266897,1.0464162919862472,False,0.05951759079919408,0.004708568854258577,True,True,1.000000000000002,116.88692241720855,228.73828125,SUCCESS,,False,d7edcf4ca084e975b0b8d916d003c9c772e9c801b06175ee7112ef86cdea99f3,018e499280521e6e6764118d14af76ed4cee74fd501addf4dd69087da5bcc557,False,
phase3-eb24c01661c1b3c70c457274,PHASE_3_EMPIRICAL_DILUTION_SCALING,PREREGISTERED_EMPIRICAL_DILUTION_SCALING,PRIMARY_MATRIX,development,task-p3-0bf148a8545bb3da,g-6561c85f253791c6,phase3-m18-b00-g-6561c85f253791c6,18,9,18,262144,11,3,3,0.2727272727272727,1.1444091796875e-05,4.941418667231999,O3,CVAR_ENERGY,TAIL_FOCUSED_ROUTING_OBJECTIVE,3,"[1103, 2207, 3301]",,1103.0,phase3-233a0af6b15e82b240441fb4,"[4.878916914611404, 4.855002461384, 0.0, 0.5138506077516501, -1.0628376124471097, 0.0]","[4.878916914611404, 4.855002461384, 0.0, 0.5138506077516501, -1.0628376124471097, 0.0]","[5.068583133168038, 4.965703954526159, 0.20381243042921354, -0.09056653679054982, -1.047603478057767, 0.4975380952531786]","[5.068583133168038, 4.965703954526159, 0.20381243042921354, -0.09056653679054982, -1.047603478057767, 0.4975380952531786]",COBYLA,240,240,240,241,3,Return from COBYLA because the objective function has been evaluated MAXFUN times.,0.9794419084796261,0.8134191688151223,0.16602273966450376,1.5738853889009732,0.06740562783795175,1.0051136583052862,0.501366102757735,1.5064797610630207,0.0219742290077438,0.015661809196414484,0.7127353224040399,1920.1374296686636,3.2833323135008357,0.1,0.8134191688151223,1.0263157894736843,False,0.02197422900774382,0.07802577099225619,True,True,0.9999999999999991,115.73439388629049,228.73828125,SUCCESS,,False,d7edcf4ca084e975b0b8d916d003c9c772e9c801b06175ee7112ef86cdea99f3,018e499280521e6e6764118d14af76ed4cee74fd501addf4dd69087da5bcc557,False,
phase3-70576e19d3901b9612978560,PHASE_3_EMPIRICAL_DILUTION_SCALING,PREREGISTERED_EMPIRICAL_DILUTION_SCALING,PRIMARY_MATRIX,development,task-p3-c2b256f487cef0e9,g-6561c85f253791c6,phase3-m18-b00-g-6561c85f253791c6,18,9,18,262144,11,2,2,0.1818181818181818,7.62939453125e-06,5.11750992628768,P2_O0,MEAN_ENERGY_PREPARATION,COMMON_INITIALIZATION_PREPARATION,2,"[1103, 2207, 3301]",1103.0,2207.0,phase3-bc930d906f7415f3f6019bc5,,"[1.4361119332668082, 4.6766136583430296, 1.8287983773432719, 0.554097077555417]","[4.766335720047162, 4.401187342416608, 0.44753661575172793, -1.02193239244881]","[4.766335720047162, 4.401187342416608, 0.44753661575172793, -1.02193239244881]",COBYLA,120,120,120,121,3,Return from COBYLA because the objective function has been evaluated MAXFUN times.,3.1906577307272217,1.3707914016901839,1.8198663290370378,1.3707914016901839,0.04184729821794415,1.031240888162013,0.29770321531022703,1.3289441034722398,0.004680604724910434,0.002469498437904777,0.5276024323869887,613.4962225034604,2.7878118929783398,0.1,0.9811856211583804,1.0263157894736843,False,0.004680604724910439,0.09531939527508956,True,True,0.9999999999999991,54.818599491380155,243.765625,SUCCESS,,False,d7edcf4ca084e975b0b8d916d003c9c772e9c801b06175ee7112ef86cdea99f3,018e499280521e6e6764118d14af76ed4cee74fd501addf4dd69087da5bcc557,False,
phase3-bc930d906f7415f3f6019bc5,PHASE_3_EMPIRICAL_DILUTION_SCALING,PREREGISTERED_EMPIRICAL_DILUTION_SCALING,PRIMARY_MATRIX,development,task-p3-c2b256f487cef0e9,g-6561c85f253791c6,phase3-m18-b00-g-6561c85f253791c6,18,9,18,262144,11,2,2,0.1818181818181818,7.62939453125e-06,5.11750992628768,P2_O0,MEAN_ENERGY_PREPARATION,COMMON_INITIALIZATION_PREPARATION,2,"[1103, 2207, 3301]",2207.0,2207.0,phase3-bc930d906f7415f3f6019bc5,,"[4.119365739193051, 4.0465795222369225, 1.5369649905613294, 0.28561357469155796]","[5.523606871741329, 4.101010965391053, 3.6118102754954142, -1.0716088695620414]","[5.523606871741329, 4.101010965391053, 3.6118102754954142, -1.0716088695620414]",COBYLA,120,120,120,121,3,Return from COBYLA because the objective function has been evaluated MAXFUN times.,2.8583601294125853,1.3445330010278773,1.513827128384708,1.3445330010278773,0.039080338812222545,1.0317128482796156,0.273739813936038,1.3054526622156535,0.0041021054680071434,0.002104928543965543,0.5131336969227525,537.6711679026323,2.730516748479142,0.1,0.9867783961335722,1.0263157894736843,False,0.004102105468007142,0.09589789453199286,True,True,1.0000000000000004,54.540782869793475,243.765625,SUCCESS,,False,d7edcf4ca084e975b0b8d916d003c9c772e9c801b06175ee7112ef86cdea99f3,018e499280521e6e6764118d14af76ed4cee74fd501addf4dd69087da5bcc557,False,
phase3-f558e04a6c7322fbafcb5862,PHASE_3_EMPIRICAL_DILUTION_SCALING,PREREGISTERED_EMPIRICAL_DILUTION_SCALING,PRIMARY_MATRIX,development,task-p3-c2b256f487cef0e9,g-6561c85f253791c6,phase3-m18-b00-g-6561c85f253791c6,18,9,18,262144,11,2,2,0.1818181818181818,7.62939453125e-06,5.11750992628768,P2_O0,MEAN_ENERGY_PREPARATION,COMMON_INITIALIZATION_PREPARATION,2,"[1103, 2207, 3301]",3301.0,2207.0,phase3-bc930d906f7415f3f6019bc5,,"[2.8746040698350956, 3.2295534178963874, 1.3381083226815658, 0.4324890662459698]","[6.309323982756112, 3.0274395031423196, 3.5178369920781356, -1.0795607302951178]","[6.309323982756112, 3.0274395031423196, 3.5178369920781356, -1.0795607302951178]",COBYLA,120,120,120,121,3,Return from COBYLA because the objective function has been evaluated MAXFUN times.,3.064871330488266,1.390002307335096,1.6748690231531702,1.390002307335096,0.04264237923914408,1.0349553940670966,0.31240453402885476,1.3473599280959512,0.004132729569703975,0.00207431487381872,0.5019236896178769,541.6851301602394,2.7337469138999366,0.1,0.9864948715131358,1.0263157894736843,False,0.0041327295697039705,0.09586727043029604,True,True,1.000000000000001,53.582480010576546,243.765625,SUCCESS,,False,d7edcf4ca084e975b0b8d916d003c9c772e9c801b06175ee7112ef86cdea99f3,018e499280521e6e6764118d14af76ed4cee74fd501addf4dd69087da5bcc557,False,
phase3-1bd1ca930912b01d128a29f0,PHASE_3_EMPIRICAL_DILUTION_SCALING,PREREGISTERED_EMPIRICAL_DILUTION_SCALING,PRIMARY_MATRIX,development,task-p3-c2b256f487cef0e9,g-6561c85f253791c6,phase3-m18-b00-g-6561c85f253791c6,18,9,18,262144,11,2,2,0.1818181818181818,7.62939453125e-06,5.11750992628768,O0,MEAN_ENERGY,STANDARD_BASELINE,3,"[1103, 2207, 3301]",,2207.0,phase3-bc930d906f7415f3f6019bc5,"[5.523606871741329, 4.101010965391053, 0.0, 3.6118102754954142, -1.0716088695620414, 0.0]","[5.523606871741329, 4.101010965391053, 0.0, 3.6118102754954142, -1.0716088695620414, 0.0]","[6.096706673566267, 5.060681441977299, 0.6864759257257731, 3.843513415567678, -1.0705664746943828, -0.1425755617838101]","[6.096706673566267, 5.060681441977299, 0.6864759257257731, 3.843513415567678, -1.0705664746943828, -0.1425755617838101]",COBYLA,240,240,240,241,3,Return from COBYLA because the objective function has been evaluated MAXFUN times.,1.3445330010278773,1.1916230844231983,0.152909916604679,1.1916230844231983,0.029189447133346192,1.0269360114734,0.13549762581645117,1.1624336372898525,0.005599883958709108,0.0025932418706892052,0.46308850144226965,733.9879902359202,2.8656889538984416,0.1,0.9724127459633588,1.0263157894736843,False,0.005599883958709107,0.0944001160412909,True,True,1.0000000000000002,144.54478908516467,228.73046875,SUCCESS,,False,d7edcf4ca084e975b0b8d916d003c9c772e9c801b06175ee7112ef86cdea99f3,018e499280521e6e6764118d14af76ed4cee74fd501addf4dd69087da5bcc557,False,
phase3-b15b123310853845f0af5d89,PHASE_3_EMPIRICAL_DILUTION_SCALING,PREREGISTERED_EMPIRICAL_DILUTION_SCALING,PRIMARY_MATRIX,development,task-p3-c2b256f487cef0e9,g-6561c85f253791c6,phase3-m18-b00-g-6561c85f253791c6,18,9,18,262144,11,2,2,0.1818181818181818,7.62939453125e-06,5.11750992628768,O2,EXACT_FEASIBILITY_CAPACITY_CONTROL,STATEVECTOR_MECHANISTIC_CAPACITY_CONTROL,3,"[1103, 2207, 3301]",,2207.0,phase3-bc930d906f7415f3f6019bc5,"[5.523606871741329, 4.101010965391053, 0.0, 3.6118102754954142, -1.0716088695620414, 0.0]","[5.523606871741329, 4.101010965391053, 0.0, 3.6118102754954142, -1.0716088695620414, 0.0]","[5.798848169903398, 4.275780819269317, 0.6584285342340737, 2.7422873597669453, -0.24894829515187777, -0.13447649578100523]","[5.798848169903398, 4.275780819269317, 0.6584285342340737, 2.7422873597669453, -0.24894829515187777, -0.13447649578100523]",COBYLA,240,240,240,241,3,Return from COBYLA because the objective function has been evaluated MAXFUN times.,0.9958978945319928,0.9755375512987619,0.020360343233230993,1.5807764719368276,0.06955691151083558,0.990365546096042,0.5208540143299503,1.511219560425993,0.024462448701238176,0.014099204511304746,0.576361127354806,3206.3420761686903,3.506009854221288,0.1,0.7901503339490197,1.0263157894736843,False,0.024462448701238156,0.07553755129876186,True,True,1.0000000000000009,112.97932578716427,228.73046875,SUCCESS,,False,d7edcf4ca084e975b0b8d916d003c9c772e9c801b06175ee7112ef86cdea99f3,018e499280521e6e6764118d14af76ed4cee74fd501addf4dd69087da5bcc557,False,
phase3-0244d072b84a3a6f59711ee4,PHASE_3_EMPIRICAL_DILUTION_SCALING,PREREGISTERED_EMPIRICAL_DILUTION_SCALING,PRIMARY_MATRIX,development,task-p3-c2b256f487cef0e9,g-6561c85f253791c6,phase3-m18-b00-g-6561c85f253791c6,18,9,18,262144,11,2,2,0.1818181818181818,7.62939453125e-06,5.11750992628768,O3,CVAR_ENERGY,TAIL_FOCUSED_ROUTING_OBJECTIVE,3,"[1103, 2207, 3301]",,2207.0,phase3-bc930d906f7415f3f6019bc5,"[5.523606871741329, 4.101010965391053, 0.0, 3.6118102754954142, -1.0716088695620414, 0.0]","[5.523606871741329, 4.101010965391053, 0.0, 3.6118102754954142, -1.0716088695620414, 0.0]","[5.641594210022406, 4.281830595342949, -1.197954024848464, 2.9328179164903183, -0.48734266623717515, 0.17347731943394912]","[5.641594210022406, 4.281830595342949, -1.197954024848464, 2.9328179164903183, -0.48734266623717515, 0.17347731943394912]",COBYLA,240,240,240,241,3,Return from COBYLA because the objective function has been evaluated MAXFUN times.,0.9867783961335722,0.6099001757087253,0.37687822042484687,1.5921220983456836,0.08036687885029205,0.9565495915346389,0.5552056279607519,1.5117552194953918,0.04361144497533336,0.02451225121988149,0.5620600563394683,5716.239315806894,3.7571104026519446,0.1,0.6099001757087253,1.0464162919862472,False,0.0436114449753334,0.01678478441940663,True,True,0.9999999999999992,117.03843598812819,228.73046875,SUCCESS,,False,d7edcf4ca084e975b0b8d916d003c9c772e9c801b06175ee7112ef86cdea99f3,018e499280521e6e6764118d14af76ed4cee74fd501addf4dd69087da5bcc557,False,
phase3-7af59a1febd7a0f93eacb722,PHASE_3_EMPIRICAL_DILUTION_SCALING,PREREGISTERED_EMPIRICAL_DILUTION_SCALING,PRIMARY_MATRIX,development,task-p3-e5b1288aa9c9bfcf,g-6561c85f253791c6,phase3-m18-b00-g-6561c85f253791c6,18,9,18,262144,11,1,1,0.0909090909090909,3.814697265625e-06,5.418539921951662,P2_O0,MEAN_ENERGY_PREPARATION,COMMON_INITIALIZATION_PREPARATION,2,"[1103, 2207, 3301]",1103.0,1103.0,phase3-7af59a1febd7a0f93eacb722,,"[1.4361119332668082, 4.6766136583430296, 1.8287983773432719, 0.554097077555417]","[4.538091773138991, 4.904543744922506, 0.4726797357748708, -1.0354959753235222]","[4.538091773138991, 4.904543744922506, 0.4726797357748708, -1.0354959753235222]",COBYLA,120,120,120,121,3,Return from COBYLA because the objective function has been evaluated MAXFUN times.,3.1992718687666506,1.343444801045706,1.8558270677209445,1.343444801045706,0.03775910994500443,1.0334153684120055,0.27227032268869533,1.3056856911006998,0.0015983225869913697,0.0015983225869913697,1.0,418.9906762442656,2.6222043587641006,0.1,1.0111167181657565,1.0263157894736843,False,0.0015983225869913736,0.09840167741300863,True,True,0.9999999999999976,51.726305860094726,243.765625,SUCCESS,,False,d7edcf4ca084e975b0b8d916d003c9c772e9c801b06175ee7112ef86cdea99f3,018e499280521e6e6764118d14af76ed4cee74fd501addf4dd69087da5bcc557,False,
phase3-f3f64b6ba9f4c89e5339de8f,PHASE_3_EMPIRICAL_DILUTION_SCALING,PREREGISTERED_EMPIRICAL_DILUTION_SCALING,PRIMARY_MATRIX,development,task-p3-e5b1288aa9c9bfcf,g-6561c85f253791c6,phase3-m18-b00-g-6561c85f253791c6,18,9,18,262144,11,1,1,0.0909090909090909,3.814697265625e-06,5.418539921951662,P2_O0,MEAN_ENERGY_PREPARATION,COMMON_INITIALIZATION_PREPARATION,2,"[1103, 2207, 3301]",2207.0,1103.0,phase3-7af59a1febd7a0f93eacb722,,"[4.119365739193051, 4.0465795222369225, 1.5369649905613294, 0.28561357469155796]","[5.645302253839729, 4.08511697040739, 3.6215662277812424, -1.0919973837699604]","[5.645302253839729, 4.08511697040739, 3.6215662277812424, -1.0919973837699604]",COBYLA,120,120,120,121,3,Return from COBYLA because the objective function has been evaluated MAXFUN times.,2.8637230470861157,1.3450485964620622,1.5186744506240535,1.3450485964620622,0.03782773642526819,1.032633907357295,0.2745869526794999,1.3072208600367952,0.0018008362251713517,0.0018008362251713517,1.0,472.0784114113188,2.674014140191231,0.1,1.0091909371922676,1.0263157894736843,False,0.0018008362251713493,0.09819916377482865,True,True,1.0000000000000013,52.883160828612745,243.765625,SUCCESS,,False,d7edcf4ca084e975b0b8d916d003c9c772e9c801b06175ee7112ef86cdea99f3,018e499280521e6e6764118d14af76ed4cee74fd501addf4dd69087da5bcc557,False,
phase3-7710945d245c7d9a42138aad,PHASE_3_EMPIRICAL_DILUTION_SCALING,PREREGISTERED_EMPIRICAL_DILUTION_SCALING,PRIMARY_MATRIX,development,task-p3-e5b1288aa9c9bfcf,g-6561c85f253791c6,phase3-m18-b00-g-6561c85f253791c6,18,9,18,262144,11,1,1,0.0909090909090909,3.814697265625e-06,5.418539921951662,P2_O0,MEAN_ENERGY_PREPARATION,COMMON_INITIALIZATION_PREPARATION,2,"[1103, 2207, 3301]",3301.0,1103.0,phase3-7af59a1febd7a0f93eacb722,,"[2.8746040698350956, 3.2295534178963874, 1.3381083226815658, 0.4324890662459698]","[5.48478756102989, 3.94402701926568, 3.595639378027306, -1.077121116223496]","[5.48478756102989, 3.94402701926568, 3.595639378027306, -1.077121116223496]",COBYLA,120,120,120,121,3,Return from COBYLA because the objective function has been evaluated MAXFUN times.,3.07198161580111,1.3661043164594666,1.7058772993416436,1.3661043164594666,0.039910855924369465,1.0328033713812639,0.293390089153832,1.3261934605350947,0.001966671981828398,0.001966671981828398,1.0,515.5512600044235,2.7122718526075116,0.1,1.0076139404637292,1.0263157894736843,False,0.001966671981828399,0.0980333280181716,True,True,0.9999999999999993,53.873835793696344,243.765625,SUCCESS,,False,d7edcf4ca084e975b0b8d916d003c9c772e9c801b06175ee7112ef86cdea99f3,018e499280521e6e6764118d14af76ed4cee74fd501addf4dd69087da5bcc557,False,
phase3-ab6531201728aa7718d3c349,PHASE_3_EMPIRICAL_DILUTION_SCALING,PREREGISTERED_EMPIRICAL_DILUTION_SCALING,PRIMARY_MATRIX,development,task-p3-e5b1288aa9c9bfcf,g-6561c85f253791c6,phase3-m18-b00-g-6561c85f253791c6,18,9,18,262144,11,1,1,0.0909090909090909,3.814697265625e-06,5.418539921951662,O0,MEAN_ENERGY,STANDARD_BASELINE,3,"[1103, 2207, 3301]",,1103.0,phase3-7af59a1febd7a0f93eacb722,"[4.538091773138991, 4.904543744922506, 0.0, 0.4726797357748708, -1.0354959753235222, 0.0]","[4.538091773138991, 4.904543744922506, 0.0, 0.4726797357748708, -1.0354959753235222, 0.0]","[5.154851789854119, 5.912555382584696, -0.5035531446902459, 0.7084768700106907, -1.2880074227175735, 0.15560667817659232]","[5.154851789854119, 5.912555382584696, -0.5035531446902459, 0.7084768700106907, -1.2880074227175735, 0.15560667817659232]",COBYLA,240,240,240,241,3,Return from COBYLA because the objective function has been evaluated MAXFUN times.,1.343444801045706,1.1804906441312781,0.16295415691442794,1.1804906441312781,0.025713342526663217,1.0314307716222746,0.1233465299823413,1.1547773016046161,0.0011828914807498823,0.0011828914807498823,1.0,310.08790432969715,2.49148482594284,0.1,1.0150672141786927,1.0263157894736843,False,0.0011828914807498832,0.09881710851925012,True,True,0.9999999999999992,145.01908086240292,228.73046875,SUCCESS,,False,d7edcf4ca084e975b0b8d916d003c9c772e9c801b06175ee7112ef86cdea99f3,018e499280521e6e6764118d14af76ed4cee74fd501addf4dd69087da5bcc557,False,
phase3-733618a3cdd535db5737f8fd,PHASE_3_EMPIRICAL_DILUTION_SCALING,PREREGISTERED_EMPIRICAL_DILUTION_SCALING,PRIMARY_MATRIX,development,task-p3-e5b1288aa9c9bfcf,g-6561c85f253791c6,phase3-m18-b00-g-6561c85f253791c6,18,9,18,262144,11,1,1,0.0909090909090909,3.814697265625e-06,5.418539921951662,O2,EXACT_FEASIBILITY_CAPACITY_CONTROL,STATEVECTOR_MECHANISTIC_CAPACITY_CONTROL,3,"[1103, 2207, 3301]",,1103.0,phase3-7af59a1febd7a0f93eacb722,"[4.538091773138991, 4.904543744922506, 0.0, 0.4726797357748708, -1.0354959753235222, 0.0]","[4.538091773138991, 4.904543744922506, 0.0, 0.4726797357748708, -1.0354959753235222, 0.0]","[4.494840512879894, 4.83225983663036, 0.632439041723726, -0.15701707490298278, -0.38828967688153687, -0.16191057837378472]","[4.494840512879894, 4.83225983663036, 0.632439041723726, -0.15701707490298278, -0.38828967688153687, -0.16191057837378472]",COBYLA,240,240,240,241,3,Return from COBYLA because the objective function has been evaluated MAXFUN times.,0.9984016774130087,0.9902804452324672,0.008121232180541504,1.5071311106466936,0.05864514597383319,0.9865494344148698,0.4619365302579907,1.4484859646728596,0.009719554767532874,0.009719554767532874,1.0,2547.9229649801377,3.406186293212059,0.1,0.9338887617914189,1.0263157894736843,False,0.009719554767532898,0.0902804452324671,True,True,0.9999999999999976,113.2213347600773,228.73046875,SUCCESS,,False,d7edcf4ca084e975b0b8d916d003c9c772e9c801b06175ee7112ef86cdea99f3,018e499280521e6e6764118d14af76ed4cee74fd501addf4dd69087da5bcc557,False,
phase3-2a17ff4adb7bce7072f94d25,PHASE_3_EMPIRICAL_DILUTION_SCALING,PREREGISTERED_EMPIRICAL_DILUTION_SCALING,PRIMARY_MATRIX,development,task-p3-e5b1288aa9c9bfcf,g-6561c85f253791c6,phase3-m18-b00-g-6561c85f253791c6,18,9,18,262144,11,1,1,0.0909090909090909,3.814697265625e-06,5.418539921951662,O3,CVAR_ENERGY,TAIL_FOCUSED_ROUTING_OBJECTIVE,3,"[1103, 2207, 3301]",,1103.0,phase3-7af59a1febd7a0f93eacb722,"[4.538091773138991, 4.904543744922506, 0.0, 0.4726797357748708, -1.0354959753235222, 0.0]","[4.538091773138991, 4.904543744922506, 0.0, 0.4726797357748708, -1.0354959753235222, 0.0]","[4.4655282333343145, 5.002069737514018, 0.6389214249908037, -0.18641605858195423, -0.375679798712029, -0.15624367978741716]","[4.4655282333343145, 5.002069737514018, 0.6389214249908037, -0.18641605858195423, -0.375679798712029, -0.15624367978741716]",COBYLA,240,240,240,241,3,Return from COBYLA because the objective function has been evaluated MAXFUN times.,1.0111167181657565,0.9328324325980114,0.07828428556774514,1.5095220515326986,0.05882872509704042,0.985670358440726,0.46502296799493253,1.4506933264356583,0.009830637528769844,0.009830637528769844,1.0,2577.042644341842,3.411121605221107,0.1,0.9328324325980114,1.0263157894736843,False,0.00983063752876982,0.09016936247123018,True,True,1.0000000000000024,112.0241393847391,228.73046875,SUCCESS,,False,d7edcf4ca084e975b0b8d916d003c9c772e9c801b06175ee7112ef86cdea99f3,018e499280521e6e6764118d14af76ed4cee74fd501addf4dd69087da5bcc557,False,
phase3-fb0301d9bb3a0627bae00367,PHASE_3_EMPIRICAL_DILUTION_SCALING,PREREGISTERED_EMPIRICAL_DILUTION_SCALING,PRIMARY_MATRIX,development,task-p3-d68e836641aa0696,g-3973175f1911b646,phase3-m18-b01-g-3973175f1911b646,18,10,18,262144,12,12,12,1.0,4.57763671875e-05,4.339358675904037,P2_O0,MEAN_ENERGY_PREPARATION,COMMON_INITIALIZATION_PREPARATION,2,"[1103, 2207, 3301]",1103.0,2207.0,phase3-09df3fe68175f15211f472ee,,"[1.4361119332668082, 4.6766136583430296, 1.8287983773432719, 0.554097077555417]","[2.265770168678372, 4.48495967561691, 2.2642496160403396, 0.09079999287516101]","[2.265770168678372, 4.48495967561691, 2.2642496160403396, 0.09079999287516101]",COBYLA,120,120,120,121,3,Return from COBYLA because the objective function has been evaluated MAXFUN times.,2.4435101639839645,1.935236306943696,0.5082738570402685,1.935236306943696,0.11166888530489447,1.3193589618408685,0.5042084597979333,1.8235674216388016,0.0014320094247118559,0.00024965840607392745,0.17434131491429455,31.282723219305396,1.4953045521767696,0.1,1.1387134203456937,1.2031208674953717,False,0.001432009424711857,1.7150557866094096e-05,True,True,0.9999999999999993,55.675937234424055,252.3359375,SUCCESS,,False,d7edcf4ca084e975b0b8d916d003c9c772e9c801b06175ee7112ef86cdea99f3,018e499280521e6e6764118d14af76ed4cee74fd501addf4dd69087da5bcc557,False,
phase3-09df3fe68175f15211f472ee,PHASE_3_EMPIRICAL_DILUTION_SCALING,PREREGISTERED_EMPIRICAL_DILUTION_SCALING,PRIMARY_MATRIX,development,task-p3-d68e836641aa0696,g-3973175f1911b646,phase3-m18-b01-g-3973175f1911b646,18,10,18,262144,12,12,12,1.0,4.57763671875e-05,4.339358675904037,P2_O0,MEAN_ENERGY_PREPARATION,COMMON_INITIALIZATION_PREPARATION,2,"[1103, 2207, 3301]",2207.0,2207.0,phase3-09df3fe68175f15211f472ee,,"[4.119365739193051, 4.0465795222369225, 1.5369649905613294, 0.28561357469155796]","[5.856002778095971, 4.0258888691859855, 2.4580602974736205, 0.09408234757259334]","[5.856002778095971, 4.0258888691859855, 2.4580602974736205, 0.09408234757259334]",COBYLA,120,120,120,121,3,Return from COBYLA because the objective function has been evaluated MAXFUN times.,2.507223009739325,1.64060681485343,0.866616194885895,1.64060681485343,0.08723947850297553,1.1989388306528976,0.35442850569755685,1.5533673363504543,0.007155027825483578,0.0010369876822327172,0.14493132766574973,156.3039678569639,2.193970002948885,0.1,1.0476162271152032,1.150489288548003,False,0.007155027825483591,0.00013828508782230686,True,True,0.9999999999999981,55.685743948444724,252.3359375,SUCCESS,,False,d7edcf4ca084e975b0b8d916d003c9c772e9c801b06175ee7112ef86cdea99f3,018e499280521e6e6764118d14af76ed4cee74fd501addf4dd69087da5bcc557,False,
phase3-ba58271f94900ec38352bade,PHASE_3_EMPIRICAL_DILUTION_SCALING,PREREGISTERED_EMPIRICAL_DILUTION_SCALING,PRIMARY_MATRIX,development,task-p3-d68e836641aa0696,g-3973175f1911b646,phase3-m18-b01-g-3973175f1911b646,18,10,18,262144,12,12,12,1.0,4.57763671875e-05,4.339358675904037,P2_O0,MEAN_ENERGY_PREPARATION,COMMON_INITIALIZATION_PREPARATION,2,"[1103, 2207, 3301]",3301.0,2207.0,phase3-09df3fe68175f15211f472ee,,"[2.8746040698350956, 3.2295534178963874, 1.3381083226815658, 0.4324890662459698]","[2.616069340615361, 4.045532437094209, 2.2589422305056632, 0.09265927955802628]","[2.616069340615361, 4.045532437094209, 2.2589422305056632, 0.09265927955802628]",COBYLA,120,120,120,121,3,Return from COBYLA because the objective function has been evaluated MAXFUN times.,2.605711951726842,1.9391627072103312,0.6665492445165109,1.9391627072103312,0.11077605503464885,1.3142477637502483,0.5141388884254345,1.8283866521756829,0.0016581650130244585,0.00034343515097109593,0.20711759582038058,36.223167431190305,1.558986423276311,0.1,1.1275775812637627,1.1930706162390903,False,0.0016581650130244546,4.2710541511434275e-05,True,True,1.0000000000000024,56.54832895565778,252.3359375,SUCCESS,,False,d7edcf4ca084e975b0b8d916d003c9c772e9c801b06175ee7112ef86cdea99f3,018e499280521e6e6764118d14af76ed4cee74fd501addf4dd69087da5bcc557,False,
phase3-77db536972108667d9ea39e5,PHASE_3_EMPIRICAL_DILUTION_SCALING,PREREGISTERED_EMPIRICAL_DILUTION_SCALING,PRIMARY_MATRIX,development,task-p3-d68e836641aa0696,g-3973175f1911b646,phase3-m18-b01-g-3973175f1911b646,18,10,18,262144,12,12,12,1.0,4.57763671875e-05,4.339358675904037,O0,MEAN_ENERGY,STANDARD_BASELINE,3,"[1103, 2207, 3301]",,2207.0,phase3-09df3fe68175f15211f472ee,"[5.856002778095971, 4.0258888691859855, 0.0, 2.4580602974736205, 0.09408234757259334, 0.0]","[5.856002778095971, 4.0258888691859855, 0.0, 2.4580602974736205, 0.09408234757259334, 0.0]","[6.8997001998493515, 4.430282542780681, 0.07906132012281172, 2.4533536556266298, 0.13418811295276817, -0.041653409738884734]","[6.8997001998493515, 4.430282542780681, 0.07906132012281172, 2.4533536556266298, 0.13418811295276817, -0.041653409738884734]",COBYLA,240,240,240,241,3,Return from COBYLA because the objective function has been evaluated MAXFUN times.,1.64060681485343,1.4137406415948668,0.2268661732585633,1.4137406415948668,0.07386979400293084,1.1618187100145578,0.17805213757737867,1.339870847591936,0.01510482432375716,0.002225018265886643,0.1473051402780694,329.9699222939164,2.518474354492711,0.1,0.9426033482892416,1.1303887860354402,False,0.015104824323757135,1.1369200505956245e-05,True,True,1.0000000000000016,147.72813785728067,253.265625,SUCCESS,,False,d7edcf4ca084e975b0b8d916d003c9c772e9c801b06175ee7112ef86cdea99f3,018e499280521e6e6764118d14af76ed4cee74fd501addf4dd69087da5bcc557,False,
phase3-d2689a9e06c2efa4d7d725a4,PHASE_3_EMPIRICAL_DILUTION_SCALING,PREREGISTERED_EMPIRICAL_DILUTION_SCALING,PRIMARY_MATRIX,development,task-p3-d68e836641aa0696,g-3973175f1911b646,phase3-m18-b01-g-3973175f1911b646,18,10,18,262144,12,12,12,1.0,4.57763671875e-05,4.339358675904037,O2,EXACT_FEASIBILITY_CAPACITY_CONTROL,STATEVECTOR_MECHANISTIC_CAPACITY_CONTROL,3,"[1103, 2207, 3301]",,2207.0,phase3-09df3fe68175f15211f472ee,"[5.856002778095971, 4.0258888691859855, 0.0, 2.4580602974736205, 0.09408234757259334, 0.0]","[5.856002778095971, 4.0258888691859855, 0.0, 2.4580602974736205, 0.09408234757259334, 0.0]","[7.242147282843382, 4.385736508335577, -0.328385634052854, 2.5322016684674904, 0.07600637962549749, 0.08335102435737704]","[7.242147282843382, 4.385736508335577, -0.328385634052854, 2.5322016684674904, 0.07600637962549749, 0.08335102435737704]",COBYLA,240,240,240,241,3,Return from COBYLA because the objective function has been evaluated MAXFUN times.,0.9928449721745164,0.9737710717756185,0.01907390039889789,1.4827315470267246,0.08018954087432516,1.1428129972884258,0.2597290088639738,1.4025420061523992,0.026228928224381547,0.0036962960582333404,0.1409244032624019,572.9796800376897,2.7581392205642787,0.1,0.8267153934265231,1.1303887860354402,False,0.026228928224381443,0.00016361339387382934,True,True,1.000000000000004,115.39214377105236,253.265625,SUCCESS,,False,d7edcf4ca084e975b0b8d916d003c9c772e9c801b06175ee7112ef86cdea99f3,018e499280521e6e6764118d14af76ed4cee74fd501addf4dd69087da5bcc557,False,
phase3-ddae5556d2689617bfc3cd3d,PHASE_3_EMPIRICAL_DILUTION_SCALING,PREREGISTERED_EMPIRICAL_DILUTION_SCALING,PRIMARY_MATRIX,development,task-p3-d68e836641aa0696,g-3973175f1911b646,phase3-m18-b01-g-3973175f1911b646,18,10,18,262144,12,12,12,1.0,4.57763671875e-05,4.339358675904037,O3,CVAR_ENERGY,TAIL_FOCUSED_ROUTING_OBJECTIVE,3,"[1103, 2207, 3301]",,2207.0,phase3-09df3fe68175f15211f472ee,"[5.856002778095971, 4.0258888691859855, 0.0, 2.4580602974736205, 0.09408234757259334, 0.0]","[5.856002778095971, 4.0258888691859855, 0.0, 2.4580602974736205, 0.09408234757259334, 0.0]","[7.119577244533298, 4.555573129971428, 0.7072708894461716, 2.520488590823966, 0.24427580134966184, -0.13344622332754813]","[7.119577244533298, 4.555573129971428, 0.7072708894461716, 2.520488590823966, 0.24427580134966184, -0.13344622332754813]",COBYLA,240,240,240,241,3,Return from COBYLA because the objective function has been evaluated MAXFUN times.,1.0476162271152032,0.8041972448144298,0.2434189823007734,1.3834257208552474,0.07454952933255601,1.1315863991056339,0.1772897924170574,1.3088761915226914,0.027815567971359888,0.004169066953622175,0.14988250313331106,607.6403541903472,2.783646608212848,0.1,0.8041972448144298,1.1229833377413383,False,0.027815567971359905,0.00021097896226257573,True,True,0.9999999999999994,120.45889101363719,253.265625,SUCCESS,,False,d7edcf4ca084e975b0b8d916d003c9c772e9c801b06175ee7112ef86cdea99f3,018e499280521e6e6764118d14af76ed4cee74fd501addf4dd69087da5bcc557,False,
phase3-2f80b58c0ce8a8fcb623f300,PHASE_3_EMPIRICAL_DILUTION_SCALING,PREREGISTERED_EMPIRICAL_DILUTION_SCALING,PRIMARY_MATRIX,development,task-p3-b1e8ffefbffe8436,g-3973175f1911b646,phase3-m18-b01-g-3973175f1911b646,18,10,18,262144,12,7,7,0.5833333333333334,2.6702880859375e-05,4.573441881937405,P2_O0,MEAN_ENERGY_PREPARATION,COMMON_INITIALIZATION_PREPARATION,2,"[1103, 2207, 3301]",1103.0,1103.0,phase3-2f80b58c0ce8a8fcb623f300,,"[1.4361119332668082, 4.6766136583430296, 1.8287983773432719, 0.554097077555417]","[2.6963980049341467, 4.89051903618986, 3.200407926783148, -0.7491975600324694]","[2.6963980049341467, 4.89051903618986, 3.200407926783148, -0.7491975600324694]",COBYLA,120,120,120,121,3,Return from COBYLA because the objective function has been evaluated MAXFUN times.,2.735766486519738,1.6281262073697607,1.1076402791499775,1.6281262073697607,0.061695064383060653,1.1661309278670449,0.40030021511965547,1.5664311429867006,0.004665498748459447,0.0009976206186272278,0.2138293615353864,174.71892913087905,2.2423399592001507,0.1,1.025896209092215,1.1028828352287754,False,0.004665498748459438,0.0002598246633389867,True,True,1.0000000000000018,56.132019431330264,252.5078125,SUCCESS,,False,d7edcf4ca084e975b0b8d916d003c9c772e9c801b06175ee7112ef86cdea99f3,018e499280521e6e6764118d14af76ed4cee74fd501addf4dd69087da5bcc557,False,
phase3-63b642f09ef6f0cca58768ad,PHASE_3_EMPIRICAL_DILUTION_SCALING,PREREGISTERED_EMPIRICAL_DILUTION_SCALING,PRIMARY_MATRIX,development,task-p3-b1e8ffefbffe8436,g-3973175f1911b646,phase3-m18-b01-g-3973175f1911b646,18,10,18,262144,12,7,7,0.5833333333333334,2.6702880859375e-05,4.573441881937405,P2_O0,MEAN_ENERGY_PREPARATION,COMMON_INITIALIZATION_PREPARATION,2,"[1103, 2207, 3301]",2207.0,1103.0,phase3-2f80b58c0ce8a8fcb623f300,,"[4.119365739193051, 4.0465795222369225, 1.5369649905613294, 0.28561357469155796]","[5.451265558223695, 4.187373724616662, 2.4056581396336427, 0.11998127455024216]","[5.451265558223695, 4.187373724616662, 2.4056581396336427, 0.11998127455024216]",COBYLA,120,120,120,121,3,Return from COBYLA because the objective function has been evaluated MAXFUN times.,2.6482503554218058,1.8338799486483424,0.8143704067734634,1.8338799486483424,0.08616194044902306,1.2118605611400919,0.5358574470592276,1.7477180081993193,0.005225300331006805,0.0016716305290418148,0.31991089949842694,195.6830185673497,2.291553139084238,0.1,1.058977306096575,1.1454641629198623,False,0.005225300331006798,9.708568159789988e-05,True,True,1.0000000000000013,55.51543464884162,252.5078125,SUCCESS,,False,d7edcf4ca084e975b0b8d916d003c9c772e9c801b06175ee7112ef86cdea99f3,018e499280521e6e6764118d14af76ed4cee74fd501addf4dd69087da5bcc557,False,
phase3-88e10926bff5a803763f2dab,PHASE_3_EMPIRICAL_DILUTION_SCALING,PREREGISTERED_EMPIRICAL_DILUTION_SCALING,PRIMARY_MATRIX,development,task-p3-b1e8ffefbffe8436,g-3973175f1911b646,phase3-m18-b01-g-3973175f1911b646,18,10,18,262144,12,7,7,0.5833333333333334,2.6702880859375e-05,4.573441881937405,P2_O0,MEAN_ENERGY_PREPARATION,COMMON_INITIALIZATION_PREPARATION,2,"[1103, 2207, 3301]",3301.0,1103.0,phase3-2f80b58c0ce8a8fcb623f300,,"[2.8746040698350956, 3.2295534178963874, 1.3381083226815658, 0.4324890662459698]","[4.470434739326242, 3.814494711036926, 2.3108036113117807, 0.1060053706006429]","[4.470434739326242, 3.814494711036926, 2.3108036113117807, 0.1060053706006429]",COBYLA,120,120,120,121,3,Return from COBYLA because the objective function has been evaluated MAXFUN times.,2.736513872141398,1.984725597525137,0.7517882746162612,1.984725597525137,0.09531362111858165,1.2639063849354217,0.625505591471134,1.8894119764065553,0.0023616119726576953,0.0007932681907956661,0.3359011556428312,88.44034413719699,1.9466504238274687,0.1,1.0984468835498495,1.1605395398042844,False,0.0023616119726576914,7.440229174805746e-05,True,True,1.0000000000000018,54.8311623390764,252.5078125,SUCCESS,,False,d7edcf4ca084e975b0b8d916d003c9c772e9c801b06175ee7112ef86cdea99f3,018e499280521e6e6764118d14af76ed4cee74fd501addf4dd69087da5bcc557,False,
phase3-0fbe6c1cbed2902b4a4dd256,PHASE_3_EMPIRICAL_DILUTION_SCALING,PREREGISTERED_EMPIRICAL_DILUTION_SCALING,PRIMARY_MATRIX,development,task-p3-b1e8ffefbffe8436,g-3973175f1911b646,phase3-m18-b01-g-3973175f1911b646,18,10,18,262144,12,7,7,0.5833333333333334,2.6702880859375e-05,4.573441881937405,O0,MEAN_ENERGY,STANDARD_BASELINE,3,"[1103, 2207, 3301]",,1103.0,phase3-2f80b58c0ce8a8fcb623f300,"[2.6963980049341467, 4.89051903618986, 0.0, 3.200407926783148, -0.7491975600324694, 0.0]","[2.6963980049341467, 4.89051903618986, 0.0, 3.200407926783148, -0.7491975600324694, 0.0]","[3.217561467610697, 4.904155993884279, 0.8126062641809537, 3.1464993792771803, -0.5803289672919025, -0.1642766667369025]","[3.217561467610697, 4.904155993884279, 0.8126062641809537, 3.1464993792771803, -0.5803289672919025, -0.1642766667369025]",COBYLA,240,240,240,241,3,Return from COBYLA because the objective function has been evaluated MAXFUN times.,1.6281262073697607,1.4797928927369113,0.14833331463284938,1.4797928927369113,0.05603160856399559,1.14025647906723,0.28350480510568493,1.423761284172915,0.016241613360871272,0.004271461310655668,0.2629948894699293,608.2344989817484,2.784071049633315,0.1,0.8984928673572691,1.0777572070880719,False,0.016241613360871255,0.0007820231286840423,True,True,1.0000000000000009,143.8983018686995,253.265625,SUCCESS,,False,d7edcf4ca084e975b0b8d916d003c9c772e9c801b06175ee7112ef86cdea99f3,018e499280521e6e6764118d14af76ed4cee74fd501addf4dd69087da5bcc557,False,
phase3-72c250a7a091ef213a0334b4,PHASE_3_EMPIRICAL_DILUTION_SCALING,PREREGISTERED_EMPIRICAL_DILUTION_SCALING,PRIMARY_MATRIX,development,task-p3-b1e8ffefbffe8436,g-3973175f1911b646,phase3-m18-b01-g-3973175f1911b646,18,10,18,262144,12,7,7,0.5833333333333334,2.6702880859375e-05,4.573441881937405,O2,EXACT_FEASIBILITY_CAPACITY_CONTROL,STATEVECTOR_MECHANISTIC_CAPACITY_CONTROL,3,"[1103, 2207, 3301]",,1103.0,phase3-2f80b58c0ce8a8fcb623f300,"[2.6963980049341467, 4.89051903618986, 0.0, 3.200407926783148, -0.7491975600324694, 0.0]","[2.6963980049341467, 4.89051903618986, 0.0, 3.200407926783148, -0.7491975600324694, 0.0]","[3.4694357586150297, 5.549370682832693, 0.9869761962654255, 3.1010445007015037, -0.4615483825225919, -0.16738780560855027]","[3.4694357586150297, 5.549370682832693, 0.9869761962654255, 3.1010445007015037, -0.4615483825225919, -0.16738780560855027]",COBYLA,240,240,240,241,3,Return from COBYLA because the objective function has been evaluated MAXFUN times.,0.9953345012515405,0.9772443701053017,0.018090131146238808,1.5231858774144658,0.05876590338745981,1.1062345402868459,0.35818543374015965,1.4644199740270054,0.02275562989469823,0.005868645905629458,0.2578986357568057,852.1788347308247,2.930530743577461,0.1,0.8296810099681419,1.0727320814599313,False,0.022755629894698287,0.0011195821202497902,True,True,0.9999999999999977,116.74350216425955,253.265625,SUCCESS,,False,d7edcf4ca084e975b0b8d916d003c9c772e9c801b06175ee7112ef86cdea99f3,018e499280521e6e6764118d14af76ed4cee74fd501addf4dd69087da5bcc557,False,
phase3-501dcbdc7a1cd02485c74a86,PHASE_3_EMPIRICAL_DILUTION_SCALING,PREREGISTERED_EMPIRICAL_DILUTION_SCALING,PRIMARY_MATRIX,development,task-p3-b1e8ffefbffe8436,g-3973175f1911b646,phase3-m18-b01-g-3973175f1911b646,18,10,18,262144,12,7,7,0.5833333333333334,2.6702880859375e-05,4.573441881937405,O3,CVAR_ENERGY,TAIL_FOCUSED_ROUTING_OBJECTIVE,3,"[1103, 2207, 3301]",,1103.0,phase3-2f80b58c0ce8a8fcb623f300,"[2.6963980049341467, 4.89051903618986, 0.0, 3.200407926783148, -0.7491975600324694, 0.0]","[2.6963980049341467, 4.89051903618986, 0.0, 3.200407926783148, -0.7491975600324694, 0.0]","[3.349719339421496, 5.517401022011988, 1.0469713616798138, 3.1161580972345018, -0.47171012628408115, -0.17261438227920492]","[3.349719339421496, 5.517401022011988, 1.0469713616798138, 3.1161580972345018, -0.47171012628408115, -0.17261438227920492]",COBYLA,240,240,240,241,3,Return from COBYLA because the objective function has been evaluated MAXFUN times.,1.025896209092215,0.8287140787078342,0.19718213038438082,1.516255909159558,0.05833118045120368,1.1075156104104469,0.3504091182979067,1.4579247287083539,0.022822955959865433,0.006021333908543857,0.2638279598458884,854.7001381632806,2.931813774163358,0.1,0.8287140787078342,1.0727320814599313,False,0.022822955959865422,0.0004264063607310048,True,True,1.0000000000000004,133.1277092229575,253.265625,SUCCESS,,False,d7edcf4ca084e975b0b8d916d003c9c772e9c801b06175ee7112ef86cdea99f3,018e499280521e6e6764118d14af76ed4cee74fd501addf4dd69087da5bcc557,False,
phase3-07002a635c9c56c7368cd037,PHASE_3_EMPIRICAL_DILUTION_SCALING,PREREGISTERED_EMPIRICAL_DILUTION_SCALING,PRIMARY_MATRIX,development,task-p3-eac9ec0e8d9747fc,g-3973175f1911b646,phase3-m18-b01-g-3973175f1911b646,18,10,18,262144,12,4,4,0.3333333333333333,1.52587890625e-05,4.816479930623699,P2_O0,MEAN_ENERGY_PREPARATION,COMMON_INITIALIZATION_PREPARATION,2,"[1103, 2207, 3301]",1103.0,1103.0,phase3-07002a635c9c56c7368cd037,,"[1.4361119332668082, 4.6766136583430296, 1.8287983773432719, 0.554097077555417]","[3.0639618565181355, 5.416131877780226, 3.5598475517334514, -0.9506272741760511]","[3.0639618565181355, 5.416131877780226, 3.5598475517334514, -0.9506272741760511]",COBYLA,120,120,120,121,3,Return from COBYLA because the objective function has been evaluated MAXFUN times.,2.84070804295818,1.6968087630412365,1.1438992799169434,1.6968087630412365,0.053611933118122616,1.1672267292768626,0.4759701006462513,1.6431968299231139,0.0024670284891471416,0.0008202535466125343,0.3324864508946543,161.67917906474707,2.2086540953578444,0.1,1.035695964270457,1.0727320814599313,False,0.0024670284891471347,0.0009195047949701052,True,True,1.0000000000000029,54.15380380023271,252.5078125,SUCCESS,,False,d7edcf4ca084e975b0b8d916d003c9c772e9c801b06175ee7112ef86cdea99f3,018e499280521e6e6764118d14af76ed4cee74fd501addf4dd69087da5bcc557,False,
phase3-d4e00e53078bb50c5d6cc123,PHASE_3_EMPIRICAL_DILUTION_SCALING,PREREGISTERED_EMPIRICAL_DILUTION_SCALING,PRIMARY_MATRIX,development,task-p3-eac9ec0e8d9747fc,g-3973175f1911b646,phase3-m18-b01-g-3973175f1911b646,18,10,18,262144,12,4,4,0.3333333333333333,1.52587890625e-05,4.816479930623699,P2_O0,MEAN_ENERGY_PREPARATION,COMMON_INITIALIZATION_PREPARATION,2,"[1103, 2207, 3301]",2207.0,1103.0,phase3-07002a635c9c56c7368cd037,,"[4.119365739193051, 4.0465795222369225, 1.5369649905613294, 0.28561357469155796]","[5.221937854972815, 4.158006476964858, 2.3669398425227755, 0.12094022223296355]","[5.221937854972815, 4.158006476964858, 2.3669398425227755, 0.12094022223296355]",COBYLA,120,120,120,121,3,Return from COBYLA because the objective function has been evaluated MAXFUN times.,2.716420752633661,1.951547764020743,0.764872988612918,1.951547764020743,0.08433336840576083,1.2197644174183402,0.647449978196642,1.8672143956149816,0.0036553012810365574,0.0009362443436563072,0.25613329016502034,239.55382475401183,2.3794031092634667,0.1,1.071109170978345,1.1404390372917217,False,0.003655301281036561,0.00016211020952644484,True,True,0.999999999999999,53.870651367120445,252.5078125,SUCCESS,,False,d7edcf4ca084e975b0b8d916d003c9c772e9c801b06175ee7112ef86cdea99f3,018e499280521e6e6764118d14af76ed4cee74fd501addf4dd69087da5bcc557,False,
phase3-c3f8ca6aa7077c74511d66df,PHASE_3_EMPIRICAL_DILUTION_SCALING,PREREGISTERED_EMPIRICAL_DILUTION_SCALING,PRIMARY_MATRIX,development,task-p3-eac9ec0e8d9747fc,g-3973175f1911b646,phase3-m18-b01-g-3973175f1911b646,18,10,18,262144,12,4,4,0.3333333333333333,1.52587890625e-05,4.816479930623699,P2_O0,MEAN_ENERGY_PREPARATION,COMMON_INITIALIZATION_PREPARATION,2,"[1103, 2207, 3301]",3301.0,1103.0,phase3-07002a635c9c56c7368cd037,,"[2.8746040698350956, 3.2295534178963874, 1.3381083226815658, 0.4324890662459698]","[4.5735715392735115, 2.0396021974585863, 2.6376427833334004, -0.4463876375210116]","[4.5735715392735115, 2.0396021974585863, 2.6376427833334004, -0.4463876375210116]",COBYLA,120,120,120,121,3,Return from COBYLA because the objective function has been evaluated MAXFUN times.,2.804997517596579,1.9379845665728477,0.8670129510237314,1.9379845665728477,0.07471570331757475,1.2219847523728176,0.6412841108824546,1.8632688632552725,0.0014822841773233758,0.00024103868411979562,0.16261300485244978,97.14297584506475,1.9874114033710615,0.1,1.0590134429729914,1.1153134091510182,False,0.0014822841773233736,3.93518880482252e-05,True,True,1.0000000000000013,55.81035930849612,252.5078125,SUCCESS,,False,d7edcf4ca084e975b0b8d916d003c9c772e9c801b06175ee7112ef86cdea99f3,018e499280521e6e6764118d14af76ed4cee74fd501addf4dd69087da5bcc557,False,
phase3-f373218f2686917b20b61fd5,PHASE_3_EMPIRICAL_DILUTION_SCALING,PREREGISTERED_EMPIRICAL_DILUTION_SCALING,PRIMARY_MATRIX,development,task-p3-eac9ec0e8d9747fc,g-3973175f1911b646,phase3-m18-b01-g-3973175f1911b646,18,10,18,262144,12,4,4,0.3333333333333333,1.52587890625e-05,4.816479930623699,O0,MEAN_ENERGY,STANDARD_BASELINE,3,"[1103, 2207, 3301]",,1103.0,phase3-07002a635c9c56c7368cd037,"[3.0639618565181355, 5.416131877780226, 0.0, 3.5598475517334514, -0.9506272741760511, 0.0]","[3.0639618565181355, 5.416131877780226, 0.0, 3.5598475517334514, -0.9506272741760511, 0.0]","[4.466395185292564, 6.632410416298536, 1.2975343925237417, 3.8492595157254, -0.9417640528209883, -0.13526916912703116]","[4.466395185292564, 6.632410416298536, 1.2975343925237417, 3.8492595157254, -0.9417640528209883, -0.13526916912703116]",COBYLA,240,240,240,241,3,Return from COBYLA because the objective function has been evaluated MAXFUN times.,1.6968087630412365,1.2831662055699016,0.41364255747133494,1.2831662055699016,0.03514382589955432,1.117207835634355,0.13081454403599085,1.248022379670346,0.007429926121567864,0.0020064410001542745,0.2700485802045734,486.92763830307155,2.687464426059251,0.1,0.9800402602315111,1.057656704575509,False,0.007429926121567852,0.029366678120660808,True,True,1.0000000000000016,142.7829410340637,253.265625,SUCCESS,,False,d7edcf4ca084e975b0b8d916d003c9c772e9c801b06175ee7112ef86cdea99f3,018e499280521e6e6764118d14af76ed4cee74fd501addf4dd69087da5bcc557,False,
phase3-7aac751ed66ba6ab2691d54a,PHASE_3_EMPIRICAL_DILUTION_SCALING,PREREGISTERED_EMPIRICAL_DILUTION_SCALING,PRIMARY_MATRIX,development,task-p3-eac9ec0e8d9747fc,g-3973175f1911b646,phase3-m18-b01-g-3973175f1911b646,18,10,18,262144,12,4,4,0.3333333333333333,1.52587890625e-05,4.816479930623699,O2,EXACT_FEASIBILITY_CAPACITY_CONTROL,STATEVECTOR_MECHANISTIC_CAPACITY_CONTROL,3,"[1103, 2207, 3301]",,1103.0,phase3-07002a635c9c56c7368cd037,"[3.0639618565181355, 5.416131877780226, 0.0, 3.5598475517334514, -0.9506272741760511, 0.0]","[3.0639618565181355, 5.416131877780226, 0.0, 3.5598475517334514, -0.9506272741760511, 0.0]","[3.8121915939662028, 6.112163968591894, 1.0063011210853705, 2.9754494413901202, -0.4187913016689199, -0.16904779958213542]","[3.8121915939662028, 6.112163968591894, 1.0063011210853705, 2.9754494413901202, -0.4187913016689199, -0.16904779958213542]",COBYLA,240,240,240,241,3,Return from COBYLA because the objective function has been evaluated MAXFUN times.,0.9975329715108529,0.9811905561337794,0.016342415377073483,1.580503037975488,0.05245276022178436,1.0910607266819878,0.43698955107171655,1.5280502777537046,0.01880944386622058,0.005912832479167694,0.31435445519930577,1232.695713216632,3.090855885695496,0.1,0.8660920667822587,1.0626818302036498,False,0.01880944386622052,0.011178416263227312,True,True,1.0000000000000033,115.21252908464521,253.265625,SUCCESS,,False,d7edcf4ca084e975b0b8d916d003c9c772e9c801b06175ee7112ef86cdea99f3,018e499280521e6e6764118d14af76ed4cee74fd501addf4dd69087da5bcc557,False,
phase3-8a2d8370aa41fc57265dcb9e,PHASE_3_EMPIRICAL_DILUTION_SCALING,PREREGISTERED_EMPIRICAL_DILUTION_SCALING,PRIMARY_MATRIX,development,task-p3-eac9ec0e8d9747fc,g-3973175f1911b646,phase3-m18-b01-g-3973175f1911b646,18,10,18,262144,12,4,4,0.3333333333333333,1.52587890625e-05,4.816479930623699,O3,CVAR_ENERGY,TAIL_FOCUSED_ROUTING_OBJECTIVE,3,"[1103, 2207, 3301]",,1103.0,phase3-07002a635c9c56c7368cd037,"[3.0639618565181355, 5.416131877780226, 0.0, 3.5598475517334514, -0.9506272741760511, 0.0]","[3.0639618565181355, 5.416131877780226, 0.0, 3.5598475517334514, -0.9506272741760511, 0.0]","[3.7600468556827606, 6.598654466282698, -1.4972793784035843, 2.866458120634511, -0.5364425416175105, 0.19306264908425358]","[3.7600468556827606, 6.598654466282698, -1.4972793784035843, 2.866458120634511, -0.5364425416175105, 0.19306264908425358]",COBYLA,240,240,240,241,3,Return from COBYLA because the objective function has been evaluated MAXFUN times.,1.035695964270457,0.7482053897493802,0.28749057452107685,1.5803827955687317,0.0581471083917442,1.0565618997645758,0.4656737874124117,1.5222356871769875,0.030484990310498436,0.009790074564952428,0.32114409305161945,1997.8643249888255,3.300565991943333,0.1,0.7482053897493802,1.0706418753256397,False,0.0304849903104985,0.002176562919222483,True,True,0.999999999999998,118.59328735619783,253.265625,SUCCESS,,False,d7edcf4ca084e975b0b8d916d003c9c772e9c801b06175ee7112ef86cdea99f3,018e499280521e6e6764118d14af76ed4cee74fd501addf4dd69087da5bcc557,False,
phase3-9820072bab896c1d42f320f4,PHASE_3_EMPIRICAL_DILUTION_SCALING,PREREGISTERED_EMPIRICAL_DILUTION_SCALING,PRIMARY_MATRIX,development,task-p3-8464e365f66913a8,g-3973175f1911b646,phase3-m18-b01-g-3973175f1911b646,18,10,18,262144,12,3,3,0.25,1.1444091796875e-05,4.941418667231999,P2_O0,MEAN_ENERGY_PREPARATION,COMMON_INITIALIZATION_PREPARATION,2,"[1103, 2207, 3301]",1103.0,1103.0,phase3-9820072bab896c1d42f320f4,,"[1.4361119332668082, 4.6766136583430296, 1.8287983773432719, 0.554097077555417]","[3.136867814657004, 5.25581616024076, 3.32021816027574, -0.8283080616812964]","[3.136867814657004, 5.25581616024076, 3.32021816027574, -0.8283080616812964]",COBYLA,120,120,120,121,3,Return from COBYLA because the objective function has been evaluated MAXFUN times.,2.8754528174998324,1.7475128987924378,1.1279399187073946,1.7475128987924378,0.05416597475028359,1.1585902509578268,0.5347566730843276,1.6933469240421548,0.003555642332566891,0.0012790509077597984,0.3597242883640733,310.6967678761384,2.492336735389319,0.1,1.0260362158812546,1.0777572070880719,False,0.003555642332566895,0.0010742963478612422,True,True,0.999999999999999,56.4007663289085,252.5078125,SUCCESS,,False,d7edcf4ca084e975b0b8d916d003c9c772e9c801b06175ee7112ef86cdea99f3,018e499280521e6e6764118d14af76ed4cee74fd501addf4dd69087da5bcc557,False,
phase3-b5517eeb3a4191a9c103e880,PHASE_3_EMPIRICAL_DILUTION_SCALING,PREREGISTERED_EMPIRICAL_DILUTION_SCALING,PRIMARY_MATRIX,development,task-p3-8464e365f66913a8,g-3973175f1911b646,phase3-m18-b01-g-3973175f1911b646,18,10,18,262144,12,3,3,0.25,1.1444091796875e-05,4.941418667231999,P2_O0,MEAN_ENERGY_PREPARATION,COMMON_INITIALIZATION_PREPARATION,2,"[1103, 2207, 3301]",2207.0,1103.0,phase3-9820072bab896c1d42f320f4,,"[4.119365739193051, 4.0465795222369225, 1.5369649905613294, 0.28561357469155796]","[5.236733293113934, 4.055004418229713, 2.353760154521298, 0.10945337443816594]","[5.236733293113934, 4.055004418229713, 2.353760154521298, 0.10945337443816594]",COBYLA,120,120,120,121,3,Return from COBYLA because the objective function has been evaluated MAXFUN times.,2.7414598319220227,1.9796066700035002,0.7618531619185225,1.9796066700035002,0.08173711081753376,1.2182138589292775,0.6796557002566891,1.8978695591859662,0.003030620300786687,0.0006599635031909831,0.2177651562024019,264.8196427098084,2.4229501952846304,0.1,1.0737724626887184,1.1404390372917217,False,0.0030306203007866898,0.0006819652037094864,True,True,0.9999999999999992,54.466980939731,252.5078125,SUCCESS,,False,d7edcf4ca084e975b0b8d916d003c9c772e9c801b06175ee7112ef86cdea99f3,018e499280521e6e6764118d14af76ed4cee74fd501addf4dd69087da5bcc557,False,
phase3-340bb96d023de061f85f3384,PHASE_3_EMPIRICAL_DILUTION_SCALING,PREREGISTERED_EMPIRICAL_DILUTION_SCALING,PRIMARY_MATRIX,development,task-p3-8464e365f66913a8,g-3973175f1911b646,phase3-m18-b01-g-3973175f1911b646,18,10,18,262144,12,3,3,0.25,1.1444091796875e-05,4.941418667231999,P2_O0,MEAN_ENERGY_PREPARATION,COMMON_INITIALIZATION_PREPARATION,2,"[1103, 2207, 3301]",3301.0,1103.0,phase3-9820072bab896c1d42f320f4,,"[2.8746040698350956, 3.2295534178963874, 1.3381083226815658, 0.4324890662459698]","[4.804766956697434, 3.4812495123365186, 3.1865040080776197, -0.756618850051071]","[4.804766956697434, 3.4812495123365186, 3.1865040080776197, -0.756618850051071]",COBYLA,120,120,120,121,3,Return from COBYLA because the objective function has been evaluated MAXFUN times.,2.8315753209225116,1.7619887462571153,1.0695865746653963,1.7619887462571153,0.05525299400266797,1.1531001380633537,0.5536356141910925,1.7067357522544466,0.003900753960365164,0.0014881722303212667,0.38150886865521594,340.8530820619885,2.532567225330112,0.1,1.026106586073648,1.0878074583443533,False,0.003900753960365159,0.0010921086498652949,True,True,1.0000000000000013,54.64314154256135,252.5078125,SUCCESS,,False,d7edcf4ca084e975b0b8d916d003c9c772e9c801b06175ee7112ef86cdea99f3,018e499280521e6e6764118d14af76ed4cee74fd501addf4dd69087da5bcc557,False,
phase3-119031d72fcbf8bfa29b789d,PHASE_3_EMPIRICAL_DILUTION_SCALING,PREREGISTERED_EMPIRICAL_DILUTION_SCALING,PRIMARY_MATRIX,development,task-p3-8464e365f66913a8,g-3973175f1911b646,phase3-m18-b01-g-3973175f1911b646,18,10,18,262144,12,3,3,0.25,1.1444091796875e-05,4.941418667231999,O0,MEAN_ENERGY,STANDARD_BASELINE,3,"[1103, 2207, 3301]",,1103.0,phase3-9820072bab896c1d42f320f4,"[3.136867814657004, 5.25581616024076, 0.0, 3.32021816027574, -0.8283080616812964, 0.0]","[3.136867814657004, 5.25581616024076, 0.0, 3.32021816027574, -0.8283080616812964, 0.0]","[4.221821430486867, 6.279131378347044, 1.1175235994575625, 3.798865510740294, -0.9075470561356771, -0.14560866545463658]","[4.221821430486867, 6.279131378347044, 1.1175235994575625, 3.798865510740294, -0.9075470561356771, -0.14560866545463658]",COBYLA,240,240,240,241,3,Return from COBYLA because the objective function has been evaluated MAXFUN times.,1.7475128987924378,1.3257497709171067,0.4217631278753311,1.3257497709171067,0.035226450254677945,1.1142918684999699,0.17623145216245978,1.2905233206624285,0.008238161921416798,0.0023982369128518703,0.291113106992612,719.861572909295,2.8572489910124763,0.1,0.9714325752151544,1.057656704575509,False,0.008238161921416805,0.022629276221694444,True,True,0.9999999999999993,145.43516550585628,253.265625,SUCCESS,,False,d7edcf4ca084e975b0b8d916d003c9c772e9c801b06175ee7112ef86cdea99f3,018e499280521e6e6764118d14af76ed4cee74fd501addf4dd69087da5bcc557,False,
phase3-d4bf3276c1b4e692334cd18b,PHASE_3_EMPIRICAL_DILUTION_SCALING,PREREGISTERED_EMPIRICAL_DILUTION_SCALING,PRIMARY_MATRIX,development,task-p3-8464e365f66913a8,g-3973175f1911b646,phase3-m18-b01-g-3973175f1911b646,18,10,18,262144,12,3,3,0.25,1.1444091796875e-05,4.941418667231999,O2,EXACT_FEASIBILITY_CAPACITY_CONTROL,STATEVECTOR_MECHANISTIC_CAPACITY_CONTROL,3,"[1103, 2207, 3301]",,1103.0,phase3-9820072bab896c1d42f320f4,"[3.136867814657004, 5.25581616024076, 0.0, 3.32021816027574, -0.8283080616812964, 0.0]","[3.136867814657004, 5.25581616024076, 0.0, 3.32021816027574, -0.8283080616812964, 0.0]","[3.9441446125017205, 6.110055078038163, 1.0085055874052427, 2.947658850178971, -0.40483599697607914, -0.1787110746373572]","[3.9441446125017205, 6.110055078038163, 1.0085055874052427, 2.947658850178971, -0.40483599697607914, -0.1787110746373572]",COBYLA,240,240,240,241,3,Return from COBYLA because the objective function has been evaluated MAXFUN times.,0.9964443576674331,0.9827435164844134,0.01370084118301973,1.5929225461963903,0.04973874185792948,1.0866773753453252,0.45650642899313576,1.5431838043384605,0.017256483515586674,0.0059523205681412785,0.3449324170109704,1507.894538236651,3.178370968149466,0.1,0.8807193342035106,1.0626818302036498,False,0.017256483515586712,0.00150958721321659,True,True,0.999999999999998,113.42114510573447,253.265625,SUCCESS,,False,d7edcf4ca084e975b0b8d916d003c9c772e9c801b06175ee7112ef86cdea99f3,018e499280521e6e6764118d14af76ed4cee74fd501addf4dd69087da5bcc557,False,
phase3-049891caec260e7b197d44bf,PHASE_3_EMPIRICAL_DILUTION_SCALING,PREREGISTERED_EMPIRICAL_DILUTION_SCALING,PRIMARY_MATRIX,development,task-p3-8464e365f66913a8,g-3973175f1911b646,phase3-m18-b01-g-3973175f1911b646,18,10,18,262144,12,3,3,0.25,1.1444091796875e-05,4.941418667231999,O3,CVAR_ENERGY,TAIL_FOCUSED_ROUTING_OBJECTIVE,3,"[1103, 2207, 3301]",,1103.0,phase3-9820072bab896c1d42f320f4,"[3.136867814657004, 5.25581616024076, 0.0, 3.32021816027574, -0.8283080616812964, 0.0]","[3.136867814657004, 5.25581616024076, 0.0, 3.32021816027574, -0.8283080616812964, 0.0]","[3.8157445079248196, 5.862757726894775, 0.9943940324717291, 3.0348147031987835, -0.45205402275407597, -0.17458128168814194]","[3.8157445079248196, 5.862757726894775, 0.9943940324717291, 3.0348147031987835, -0.45205402275407597, -0.17458128168814194]",COBYLA,240,240,240,241,3,Return from COBYLA because the objective function has been evaluated MAXFUN times.,1.0260362158812546,0.8882207030340323,0.13781551284722227,1.6090137676049585,0.050614177596404235,1.0917521190194357,0.46664747098911846,1.558399590008554,0.01655448372176308,0.005713386957284312,0.34512625421071275,1446.5528602526203,3.160334308358403,0.1,0.8882207030340323,1.0626818302036498,False,0.016554483721763075,0.003980268920354274,True,True,1.0000000000000004,116.3972200891003,253.265625,SUCCESS,,False,d7edcf4ca084e975b0b8d916d003c9c772e9c801b06175ee7112ef86cdea99f3,018e499280521e6e6764118d14af76ed4cee74fd501addf4dd69087da5bcc557,False,
phase3-026984003c1c7366497fe9c3,PHASE_3_EMPIRICAL_DILUTION_SCALING,PREREGISTERED_EMPIRICAL_DILUTION_SCALING,PRIMARY_MATRIX,development,task-p3-ba8f8a726d2a95e8,g-3973175f1911b646,phase3-m18-b01-g-3973175f1911b646,18,10,18,262144,12,2,2,0.1666666666666666,7.62939453125e-06,5.11750992628768,P2_O0,MEAN_ENERGY_PREPARATION,COMMON_INITIALIZATION_PREPARATION,2,"[1103, 2207, 3301]",1103.0,2207.0,phase3-43ee484ed11d03e706e37d9a,,"[1.4361119332668082, 4.6766136583430296, 1.8287983773432719, 0.554097077555417]","[3.2778521607682802, 5.988053112337241, 3.6632198215351472, 2.1585179805784525]","[3.2778521607682802, 5.988053112337241, 3.6632198215351472, 2.1585179805784525]",COBYLA,120,120,120,121,3,Return from COBYLA because the objective function has been evaluated MAXFUN times.,2.923290092336491,1.7032301564899368,1.2200599358465543,1.7032301564899368,0.04355253754600114,1.1469388949028865,0.5127387240410494,1.6596776189439362,0.002133972013278528,0.0008368449454238672,0.39215366472317525,279.70397972444323,2.4466986457067765,0.1,1.0353182371902798,1.0626818302036498,False,0.002133972013278521,0.01887474848466457,True,True,1.0000000000000033,53.301357687450945,244.859375,SUCCESS,,False,d7edcf4ca084e975b0b8d916d003c9c772e9c801b06175ee7112ef86cdea99f3,018e499280521e6e6764118d14af76ed4cee74fd501addf4dd69087da5bcc557,False,
phase3-43ee484ed11d03e706e37d9a,PHASE_3_EMPIRICAL_DILUTION_SCALING,PREREGISTERED_EMPIRICAL_DILUTION_SCALING,PRIMARY_MATRIX,development,task-p3-ba8f8a726d2a95e8,g-3973175f1911b646,phase3-m18-b01-g-3973175f1911b646,18,10,18,262144,12,2,2,0.1666666666666666,7.62939453125e-06,5.11750992628768,P2_O0,MEAN_ENERGY_PREPARATION,COMMON_INITIALIZATION_PREPARATION,2,"[1103, 2207, 3301]",2207.0,2207.0,phase3-43ee484ed11d03e706e37d9a,,"[4.119365739193051, 4.0465795222369225, 1.5369649905613294, 0.28561357469155796]","[6.100429805510651, 4.753757880347075, 3.6872716000781085, -1.0991390896209212]","[6.100429805510651, 4.753757880347075, 3.6872716000781085, -1.0991390896209212]",COBYLA,120,120,120,121,3,Return from COBYLA because the objective function has been evaluated MAXFUN times.,2.772642948721194,1.6002632693526033,1.1723796793685906,1.6002632693526033,0.038680042799859184,1.1268723225777462,0.434710903974997,1.5615832265527438,0.0031892640947513862,0.0011732023676215726,0.3678598989504592,418.0232234272537,2.6212004098280057,0.1,1.023164342378881,1.0626818302036498,False,0.003189264094751387,0.0003141898456291703,True,True,0.9999999999999996,55.13274167384952,244.859375,SUCCESS,,False,d7edcf4ca084e975b0b8d916d003c9c772e9c801b06175ee7112ef86cdea99f3,018e499280521e6e6764118d14af76ed4cee74fd501addf4dd69087da5bcc557,False,
phase3-bd01e7ae672153f60ce1de52,PHASE_3_EMPIRICAL_DILUTION_SCALING,PREREGISTERED_EMPIRICAL_DILUTION_SCALING,PRIMARY_MATRIX,development,task-p3-ba8f8a726d2a95e8,g-3973175f1911b646,phase3-m18-b01-g-3973175f1911b646,18,10,18,262144,12,2,2,0.1666666666666666,7.62939453125e-06,5.11750992628768,P2_O0,MEAN_ENERGY_PREPARATION,COMMON_INITIALIZATION_PREPARATION,2,"[1103, 2207, 3301]",3301.0,2207.0,phase3-43ee484ed11d03e706e37d9a,,"[2.8746040698350956, 3.2295534178963874, 1.3381083226815658, 0.4324890662459698]","[4.814273485436828, 4.364865154820467, 3.5733996260350325, -1.0164641837123638]","[4.814273485436828, 4.364865154820467, 3.5733996260350325, -1.0164641837123638]",COBYLA,120,120,120,121,3,Return from COBYLA because the objective function has been evaluated MAXFUN times.,2.8655884962777853,1.7369682113203733,1.128620284957412,1.7369682113203733,0.045819268432258295,1.1439563295239465,0.5471926133641678,1.691148942888115,0.002803872736052052,0.001171187645975769,0.41770356796751085,367.50920725981456,2.565268223997196,0.1,1.0299496368476595,1.0677069558317904,False,0.002803872736052056,0.00041162902726339656,True,True,0.9999999999999986,52.36060342565179,244.859375,SUCCESS,,False,d7edcf4ca084e975b0b8d916d003c9c772e9c801b06175ee7112ef86cdea99f3,018e499280521e6e6764118d14af76ed4cee74fd501addf4dd69087da5bcc557,False,
phase3-af724cce5c52c664b54a4567,PHASE_3_EMPIRICAL_DILUTION_SCALING,PREREGISTERED_EMPIRICAL_DILUTION_SCALING,PRIMARY_MATRIX,development,task-p3-ba8f8a726d2a95e8,g-3973175f1911b646,phase3-m18-b01-g-3973175f1911b646,18,10,18,262144,12,2,2,0.1666666666666666,7.62939453125e-06,5.11750992628768,O0,MEAN_ENERGY,STANDARD_BASELINE,3,"[1103, 2207, 3301]",,2207.0,phase3-43ee484ed11d03e706e37d9a,"[6.100429805510651, 4.753757880347075, 0.0, 3.6872716000781085, -1.0991390896209212, 0.0]","[6.100429805510651, 4.753757880347075, 0.0, 3.6872716000781085, -1.0991390896209212, 0.0]","[6.7913880437603, 5.826307485721511, 0.8904188517884087, 3.8698218680760053, -1.0555946903205422, -0.1642718809368349]","[6.7913880437603, 5.826307485721511, 0.8904188517884087, 3.8698218680760053, -1.0555946903205422, -0.1642718809368349]",COBYLA,240,240,240,241,3,Return from COBYLA because the objective function has been evaluated MAXFUN times.,1.6002632693526033,1.3379702636803548,0.26229300567224856,1.3379702636803548,0.03035603916252814,1.1028684960203063,0.20474572849751935,1.3076142245178266,0.008300663461719938,0.0022370536272402967,0.2695029906412768,1087.9845612545557,3.036622732669582,0.1,0.9692748504426577,1.057656704575509,False,0.008300663461719931,0.011561712324510365,True,True,1.0000000000000009,144.4599639819935,246.25,SUCCESS,,False,d7edcf4ca084e975b0b8d916d003c9c772e9c801b06175ee7112ef86cdea99f3,018e499280521e6e6764118d14af76ed4cee74fd501addf4dd69087da5bcc557,False,
phase3-435e5112a0698ef7031962cc,PHASE_3_EMPIRICAL_DILUTION_SCALING,PREREGISTERED_EMPIRICAL_DILUTION_SCALING,PRIMARY_MATRIX,development,task-p3-ba8f8a726d2a95e8,g-3973175f1911b646,phase3-m18-b01-g-3973175f1911b646,18,10,18,262144,12,2,2,0.1666666666666666,7.62939453125e-06,5.11750992628768,O2,EXACT_FEASIBILITY_CAPACITY_CONTROL,STATEVECTOR_MECHANISTIC_CAPACITY_CONTROL,3,"[1103, 2207, 3301]",,2207.0,phase3-43ee484ed11d03e706e37d9a,"[6.100429805510651, 4.753757880347075, 0.0, 3.6872716000781085, -1.0991390896209212, 0.0]","[6.100429805510651, 4.753757880347075, 0.0, 3.6872716000781085, -1.0991390896209212, 0.0]","[6.545887515042432, 5.02460067934135, -1.342968813069142, 2.9659030876009407, -0.5371267630732258, 0.20037320012625712]","[6.545887515042432, 5.02460067934135, -1.342968813069142, 2.9659030876009407, -0.5371267630732258, 0.20037320012625712]",COBYLA,240,240,240,241,3,Return from COBYLA because the objective function has been evaluated MAXFUN times.,0.9968107359052486,0.9753792615290414,0.021431474376207182,1.7444602571623988,0.05742718237942405,1.0610926743057447,0.6259404004772308,1.687033074782975,0.024620738470958616,0.013031754524284274,0.5292999046172346,3227.0894328654877,3.508811001245797,0.1,0.8070770815928813,1.072721402826811,False,0.024620738470958633,0.0026260467768056545,True,True,0.9999999999999992,114.1309147272259,246.25,SUCCESS,,False,d7edcf4ca084e975b0b8d916d003c9c772e9c801b06175ee7112ef86cdea99f3,018e499280521e6e6764118d14af76ed4cee74fd501addf4dd69087da5bcc557,False,
phase3-b744df78048a2447c89f566f,PHASE_3_EMPIRICAL_DILUTION_SCALING,PREREGISTERED_EMPIRICAL_DILUTION_SCALING,PRIMARY_MATRIX,development,task-p3-ba8f8a726d2a95e8,g-3973175f1911b646,phase3-m18-b01-g-3973175f1911b646,18,10,18,262144,12,2,2,0.1666666666666666,7.62939453125e-06,5.11750992628768,O3,CVAR_ENERGY,TAIL_FOCUSED_ROUTING_OBJECTIVE,3,"[1103, 2207, 3301]",,2207.0,phase3-43ee484ed11d03e706e37d9a,"[6.100429805510651, 4.753757880347075, 0.0, 3.6872716000781085, -1.0991390896209212, 0.0]","[6.100429805510651, 4.753757880347075, 0.0, 3.6872716000781085, -1.0991390896209212, 0.0]","[6.75725788385909, 5.05374925534547, 0.8133674825932338, 2.9604659969363194, -0.3853143019483813, -0.16038411404100858]","[6.75725788385909, 5.05374925534547, 0.8133674825932338, 2.9604659969363194, -0.3853143019483813, -0.16038411404100858]",COBYLA,240,240,240,241,3,Return from COBYLA because the objective function has been evaluated MAXFUN times.,1.023164342378881,0.893057705192737,0.13010663718614401,1.7037883501806461,0.0474513577493129,1.0843975496301972,0.5719394428011356,1.6563369924313325,0.015766671480276242,0.008839715364509847,0.5606583086080112,2066.5691642627676,3.315249944897188,0.1,0.893057705192737,1.0626818302036498,False,0.015766671480276225,0.005765603440104863,True,True,1.000000000000001,118.72786944080144,246.25,SUCCESS,,False,d7edcf4ca084e975b0b8d916d003c9c772e9c801b06175ee7112ef86cdea99f3,018e499280521e6e6764118d14af76ed4cee74fd501addf4dd69087da5bcc557,False,
phase3-2f545a118cd7c1e891f26bb3,PHASE_3_EMPIRICAL_DILUTION_SCALING,PREREGISTERED_EMPIRICAL_DILUTION_SCALING,PRIMARY_MATRIX,development,task-p3-1e07ffd5b6000802,g-3973175f1911b646,phase3-m18-b01-g-3973175f1911b646,18,10,18,262144,12,1,1,0.0833333333333333,3.814697265625e-06,5.418539921951662,P2_O0,MEAN_ENERGY_PREPARATION,COMMON_INITIALIZATION_PREPARATION,2,"[1103, 2207, 3301]",1103.0,2207.0,phase3-59e4a9b32c6dca9900af2684,,"[1.4361119332668082, 4.6766136583430296, 1.8287983773432719, 0.554097077555417]","[4.318494130347232, 5.15624602110881, 0.4844496125003973, 2.1167717864105113]","[4.318494130347232, 5.15624602110881, 0.4844496125003973, 2.1167717864105113]",COBYLA,120,120,120,121,3,Return from COBYLA because the objective function has been evaluated MAXFUN times.,3.05068888136321,1.9540565546711215,1.0966323266920885,1.9540565546711215,0.037161229344322914,1.1295884331131893,0.7873068922136078,1.9168953253267973,0.0020132160254055444,0.0020132160254055444,1.0,527.752501763911,2.7224303007190334,0.1,1.0360278835421122,1.0626818302036498,False,0.0020132160254055435,0.0255735058547448,True,True,1.0000000000000004,55.714865637011826,244.4375,SUCCESS,,False,d7edcf4ca084e975b0b8d916d003c9c772e9c801b06175ee7112ef86cdea99f3,018e499280521e6e6764118d14af76ed4cee74fd501addf4dd69087da5bcc557,False,
phase3-59e4a9b32c6dca9900af2684,PHASE_3_EMPIRICAL_DILUTION_SCALING,PREREGISTERED_EMPIRICAL_DILUTION_SCALING,PRIMARY_MATRIX,development,task-p3-1e07ffd5b6000802,g-3973175f1911b646,phase3-m18-b01-g-3973175f1911b646,18,10,18,262144,12,1,1,0.0833333333333333,3.814697265625e-06,5.418539921951662,P2_O0,MEAN_ENERGY_PREPARATION,COMMON_INITIALIZATION_PREPARATION,2,"[1103, 2207, 3301]",2207.0,2207.0,phase3-59e4a9b32c6dca9900af2684,,"[4.119365739193051, 4.0465795222369225, 1.5369649905613294, 0.28561357469155796]","[5.756542980067898, 4.581422261912875, 3.673901601906303, -1.1177868424928696]","[5.756542980067898, 4.581422261912875, 3.673901601906303, -1.1177868424928696]",COBYLA,120,120,120,121,3,Return from COBYLA because the objective function has been evaluated MAXFUN times.,2.857983139935125,1.9234026464053577,0.9345804935297675,1.9234026464053577,0.03524497926679679,1.124849270945961,0.7633083961925995,1.8881576671385614,0.0021962885301223018,0.0021962885301223018,1.0,575.7438604403807,2.7602293154750344,0.1,1.0330857360348171,1.0626818302036498,False,0.002196288530122295,0.013664416734876048,True,True,1.000000000000003,55.063062130473554,244.4375,SUCCESS,,False,d7edcf4ca084e975b0b8d916d003c9c772e9c801b06175ee7112ef86cdea99f3,018e499280521e6e6764118d14af76ed4cee74fd501addf4dd69087da5bcc557,False,
phase3-3664902d81f20e71beece60a,PHASE_3_EMPIRICAL_DILUTION_SCALING,PREREGISTERED_EMPIRICAL_DILUTION_SCALING,PRIMARY_MATRIX,development,task-p3-1e07ffd5b6000802,g-3973175f1911b646,phase3-m18-b01-g-3973175f1911b646,18,10,18,262144,12,1,1,0.0833333333333333,3.814697265625e-06,5.418539921951662,P2_O0,MEAN_ENERGY_PREPARATION,COMMON_INITIALIZATION_PREPARATION,2,"[1103, 2207, 3301]",3301.0,2207.0,phase3-59e4a9b32c6dca9900af2684,,"[2.8746040698350956, 3.2295534178963874, 1.3381083226815658, 0.4324890662459698]","[4.884658321631003, 3.681349590529313, 3.51872146420472, -1.0086579230089685]","[4.884658321631003, 3.681349590529313, 3.51872146420472, -1.0086579230089685]",COBYLA,120,120,120,121,3,Return from COBYLA because the objective function has been evaluated MAXFUN times.,2.9673388529742097,2.0355163656716795,0.9318224873025303,2.0355163656716795,0.04319416084604701,1.1390449830097467,0.853277221815886,1.9923222048256322,0.002101786283091186,0.002101786283091186,1.0,550.9706633946558,2.741128475321831,0.1,1.0451800099292556,1.1153134091510182,False,0.0021017862830911846,0.0063684266588161925,True,True,1.0000000000000007,52.79644284397364,244.4375,SUCCESS,,False,d7edcf4ca084e975b0b8d916d003c9c772e9c801b06175ee7112ef86cdea99f3,018e499280521e6e6764118d14af76ed4cee74fd501addf4dd69087da5bcc557,False,
phase3-fb425d009e268bef151d29fc,PHASE_3_EMPIRICAL_DILUTION_SCALING,PREREGISTERED_EMPIRICAL_DILUTION_SCALING,PRIMARY_MATRIX,development,task-p3-1e07ffd5b6000802,g-3973175f1911b646,phase3-m18-b01-g-3973175f1911b646,18,10,18,262144,12,1,1,0.0833333333333333,3.814697265625e-06,5.418539921951662,O0,MEAN_ENERGY,STANDARD_BASELINE,3,"[1103, 2207, 3301]",,2207.0,phase3-59e4a9b32c6dca9900af2684,"[5.756542980067898, 4.581422261912875, 0.0, 3.673901601906303, -1.1177868424928696, 0.0]","[5.756542980067898, 4.581422261912875, 0.0, 3.673901601906303, -1.1177868424928696, 0.0]","[6.500950136406297, 5.868923981264524, 1.1546211179286527, 3.8530507113615817, -1.0702571339483034, -0.19265242810244543]","[6.500950136406297, 5.868923981264524, 1.1546211179286527, 3.8530507113615817, -1.0702571339483034, -0.19265242810244543]",COBYLA,240,240,240,241,3,Return from COBYLA because the objective function has been evaluated MAXFUN times.,1.9234026464053577,1.605174468795975,0.3182281776093827,1.605174468795975,0.02652477196468602,1.097200898658294,0.48144879817299613,1.5786496968312909,0.007388562702401822,0.007388562702401822,1.0,1936.8673810584232,3.287099885227996,0.1,0.9780540960167817,1.0526315789473684,False,0.0073885627024018125,0.09055537140158965,True,True,1.0000000000000013,145.6410225192085,246.2578125,SUCCESS,,False,d7edcf4ca084e975b0b8d916d003c9c772e9c801b06175ee7112ef86cdea99f3,018e499280521e6e6764118d14af76ed4cee74fd501addf4dd69087da5bcc557,False,
phase3-b668c7c9fe69c7ce4536bed4,PHASE_3_EMPIRICAL_DILUTION_SCALING,PREREGISTERED_EMPIRICAL_DILUTION_SCALING,PRIMARY_MATRIX,development,task-p3-1e07ffd5b6000802,g-3973175f1911b646,phase3-m18-b01-g-3973175f1911b646,18,10,18,262144,12,1,1,0.0833333333333333,3.814697265625e-06,5.418539921951662,O2,EXACT_FEASIBILITY_CAPACITY_CONTROL,STATEVECTOR_MECHANISTIC_CAPACITY_CONTROL,3,"[1103, 2207, 3301]",,2207.0,phase3-59e4a9b32c6dca9900af2684,"[5.756542980067898, 4.581422261912875, 0.0, 3.673901601906303, -1.1177868424928696, 0.0]","[5.756542980067898, 4.581422261912875, 0.0, 3.673901601906303, -1.1177868424928696, 0.0]","[6.550907384258247, 4.129434425173228, -1.2865435802958223, 2.9128698083862727, -0.4868005751335613, 0.20438811173962626]","[6.550907384258247, 4.129434425173228, -1.2865435802958223, 2.9128698083862727, -0.4868005751335613, 0.20438811173962626]",COBYLA,240,240,240,241,3,Return from COBYLA because the objective function has been evaluated MAXFUN times.,0.9978037114698777,0.9811809574805609,0.016622753989316785,1.9666782559151266,0.05553666576246088,1.048487066363037,0.8626545237896283,1.9111415901526658,0.01881904251943909,0.01881904251943909,1.0,4933.299082215841,3.6931374454476673,0.1,0.8672426053852063,1.0727320814599313,False,0.018819042519439128,0.0015966645340253632,True,True,0.999999999999998,115.03684064559639,246.2578125,SUCCESS,,False,d7edcf4ca084e975b0b8d916d003c9c772e9c801b06175ee7112ef86cdea99f3,018e499280521e6e6764118d14af76ed4cee74fd501addf4dd69087da5bcc557,False,
phase3-93f6c57f19dc906b238160e9,PHASE_3_EMPIRICAL_DILUTION_SCALING,PREREGISTERED_EMPIRICAL_DILUTION_SCALING,PRIMARY_MATRIX,development,task-p3-1e07ffd5b6000802,g-3973175f1911b646,phase3-m18-b01-g-3973175f1911b646,18,10,18,262144,12,1,1,0.0833333333333333,3.814697265625e-06,5.418539921951662,O3,CVAR_ENERGY,TAIL_FOCUSED_ROUTING_OBJECTIVE,3,"[1103, 2207, 3301]",,2207.0,phase3-59e4a9b32c6dca9900af2684,"[5.756542980067898, 4.581422261912875, 0.0, 3.673901601906303, -1.1177868424928696, 0.0]","[5.756542980067898, 4.581422261912875, 0.0, 3.673901601906303, -1.1177868424928696, 0.0]","[6.26596807966057, 4.477044773418727, 0.761340573217388, 2.863783701772979, -0.3157435007615367, -0.16623485660868237]","[6.26596807966057, 4.477044773418727, 0.761340573217388, 2.863783701772979, -0.3157435007615367, -0.16623485660868237]",COBYLA,240,240,240,241,3,Return from COBYLA because the objective function has been evaluated MAXFUN times.,1.0330857360348171,0.9514760438557368,0.08160969217908032,1.9388437574636919,0.042783207988992725,1.0781059044964822,0.817954644978218,1.8960605494747003,0.010155932783048592,0.010155932783048592,1.0,2662.31684347949,3.4252597397886664,0.1,0.9514760438557368,1.0626818302036498,False,0.010155932783048622,0.0153451467261346,True,True,0.9999999999999971,118.55541821476072,246.2578125,SUCCESS,,False,d7edcf4ca084e975b0b8d916d003c9c772e9c801b06175ee7112ef86cdea99f3,018e499280521e6e6764118d14af76ed4cee74fd501addf4dd69087da5bcc557,False,
phase3-7c6cdbf870383040887d2695,PHASE_3_EMPIRICAL_DILUTION_SCALING,PREREGISTERED_EMPIRICAL_DILUTION_SCALING,PRIMARY_MATRIX,development,task-p3-ba6b71f64afcb032,g-595b062626366822,phase3-m18-b02-g-595b062626366822,18,10,18,262144,11,11,11,1.0,4.1961669921875e-05,4.377147236793436,P2_O0,MEAN_ENERGY_PREPARATION,COMMON_INITIALIZATION_PREPARATION,2,"[1103, 2207, 3301]",1103.0,2207.0,phase3-ef6744faff551171b32aa29b,,"[1.4361119332668082, 4.6766136583430296, 1.8287983773432719, 0.554097077555417]","[2.9853426124057734, 4.387674945757397, 2.2237565457448243, 0.07548204266329644]","[2.9853426124057734, 4.387674945757397, 2.2237565457448243, 0.07548204266329644]",COBYLA,120,120,120,121,3,Return from COBYLA because the objective function has been evaluated MAXFUN times.,2.616096286567361,1.9466236299809454,0.6694726565864157,1.9466236299809454,0.19829067848650278,1.3195998860767844,0.428733065417659,1.7483329514944428,0.0025225374959694366,0.00018108518310842138,0.07178691432645226,60.11527903121927,1.7789848672709045,0.1,1.149019433911114,1.2232213700079344,False,0.00252253749596944,2.1563333865839973e-05,True,True,0.9999999999999987,55.158934220671654,252.5078125,SUCCESS,,False,d7edcf4ca084e975b0b8d916d003c9c772e9c801b06175ee7112ef86cdea99f3,018e499280521e6e6764118d14af76ed4cee74fd501addf4dd69087da5bcc557,False,
phase3-ef6744faff551171b32aa29b,PHASE_3_EMPIRICAL_DILUTION_SCALING,PREREGISTERED_EMPIRICAL_DILUTION_SCALING,PRIMARY_MATRIX,development,task-p3-ba6b71f64afcb032,g-595b062626366822,phase3-m18-b02-g-595b062626366822,18,10,18,262144,11,11,11,1.0,4.1961669921875e-05,4.377147236793436,P2_O0,MEAN_ENERGY_PREPARATION,COMMON_INITIALIZATION_PREPARATION,2,"[1103, 2207, 3301]",2207.0,2207.0,phase3-ef6744faff551171b32aa29b,,"[4.119365739193051, 4.0465795222369225, 1.5369649905613294, 0.28561357469155796]","[5.420257649851145, 3.889108885185568, 2.489652262139313, 0.0838086094152431]","[5.420257649851145, 3.889108885185568, 2.489652262139313, 0.0838086094152431]",COBYLA,120,120,120,121,3,Return from COBYLA because the objective function has been evaluated MAXFUN times.,2.6678144349613073,1.6063865807949806,1.0614278541663267,1.6063865807949806,0.16071147899063176,1.1893137381688386,0.25636136363551043,1.4456751018043486,0.008904507264784483,0.0011334690423373801,0.12729160734362246,212.20574112906033,2.326757129362411,0.1,1.069680907284028,1.2033853477915895,False,0.00890450726478446,7.933954172287261e-05,True,True,1.0000000000000027,53.83513774257153,252.5078125,SUCCESS,,False,d7edcf4ca084e975b0b8d916d003c9c772e9c801b06175ee7112ef86cdea99f3,018e499280521e6e6764118d14af76ed4cee74fd501addf4dd69087da5bcc557,False,
phase3-cfbbea79e0f1a01dd4070513,PHASE_3_EMPIRICAL_DILUTION_SCALING,PREREGISTERED_EMPIRICAL_DILUTION_SCALING,PRIMARY_MATRIX,development,task-p3-ba6b71f64afcb032,g-595b062626366822,phase3-m18-b02-g-595b062626366822,18,10,18,262144,11,11,11,1.0,4.1961669921875e-05,4.377147236793436,P2_O0,MEAN_ENERGY_PREPARATION,COMMON_INITIALIZATION_PREPARATION,2,"[1103, 2207, 3301]",3301.0,2207.0,phase3-ef6744faff551171b32aa29b,,"[2.8746040698350956, 3.2295534178963874, 1.3381083226815658, 0.4324890662459698]","[2.56446215976784, 3.9816089734314115, 2.2367953314314266, 0.08023817439975961]","[2.56446215976784, 3.9816089734314115, 2.2367953314314266, 0.08023817439975961]",COBYLA,120,120,120,121,3,Return from COBYLA because the objective function has been evaluated MAXFUN times.,2.8169893241957666,1.9383965149500335,0.8785928092457331,1.9383965149500335,0.19871168185644034,1.3149700636527764,0.42471476944081676,1.7396848330935932,0.002611768277902761,0.00021183878857768582,0.08110933514660476,62.24176213114013,1.7940818794989437,0.1,1.1552250928872871,1.2308912985982543,False,0.002611768277902756,5.929820951044995e-06,True,True,1.000000000000002,54.55053316615522,252.5078125,SUCCESS,,False,d7edcf4ca084e975b0b8d916d003c9c772e9c801b06175ee7112ef86cdea99f3,018e499280521e6e6764118d14af76ed4cee74fd501addf4dd69087da5bcc557,False,
phase3-93dce553faf3ac430148e928,PHASE_3_EMPIRICAL_DILUTION_SCALING,PREREGISTERED_EMPIRICAL_DILUTION_SCALING,PRIMARY_MATRIX,development,task-p3-ba6b71f64afcb032,g-595b062626366822,phase3-m18-b02-g-595b062626366822,18,10,18,262144,11,11,11,1.0,4.1961669921875e-05,4.377147236793436,O0,MEAN_ENERGY,STANDARD_BASELINE,3,"[1103, 2207, 3301]",,2207.0,phase3-ef6744faff551171b32aa29b,"[5.420257649851145, 3.889108885185568, 0.0, 2.489652262139313, 0.0838086094152431, 0.0]","[5.420257649851145, 3.889108885185568, 0.0, 2.489652262139313, 0.0838086094152431, 0.0]","[6.508688159182253, 4.324044558122092, -0.017074980162722884, 2.4747760558096283, 0.10975153081510229, -0.031094233883674067]","[6.508688159182253, 4.324044558122092, -0.017074980162722884, 2.4747760558096283, 0.10975153081510229, -0.031094233883674067]",COBYLA,240,240,240,241,3,Return from COBYLA because the objective function has been evaluated MAXFUN times.,1.6063865807949806,1.350869107723653,0.25551747307132766,1.350869107723653,0.13016283703922008,1.141290906745128,0.07941536393930541,1.2207062706844334,0.017939716321398222,0.0020421804575478657,0.11383571629346133,427.52627230514685,2.6309628081087864,0.1,0.9470235129378292,1.1631843427664639,False,0.017939716321398222,0.0001887197826336423,True,True,0.9999999999999999,144.48795588687062,253.265625,SUCCESS,,False,d7edcf4ca084e975b0b8d916d003c9c772e9c801b06175ee7112ef86cdea99f3,018e499280521e6e6764118d14af76ed4cee74fd501addf4dd69087da5bcc557,False,
phase3-046eb4c5fa0b2cedb8b4429f,PHASE_3_EMPIRICAL_DILUTION_SCALING,PREREGISTERED_EMPIRICAL_DILUTION_SCALING,PRIMARY_MATRIX,development,task-p3-ba6b71f64afcb032,g-595b062626366822,phase3-m18-b02-g-595b062626366822,18,10,18,262144,11,11,11,1.0,4.1961669921875e-05,4.377147236793436,O2,EXACT_FEASIBILITY_CAPACITY_CONTROL,STATEVECTOR_MECHANISTIC_CAPACITY_CONTROL,3,"[1103, 2207, 3301]",,2207.0,phase3-ef6744faff551171b32aa29b,"[5.420257649851145, 3.889108885185568, 0.0, 2.489652262139313, 0.0838086094152431, 0.0]","[5.420257649851145, 3.889108885185568, 0.0, 2.489652262139313, 0.0838086094152431, 0.0]","[6.734921851111949, 3.8233825622407744, -0.24711871631585955, 2.5197485298315425, 0.0809559237592136, 0.08869930421745545]","[6.734921851111949, 3.8233825622407744, -0.24711871631585955, 2.5197485298315425, 0.0809559237592136, 0.08869930421745545]",COBYLA,240,240,240,241,3,Return from COBYLA because the objective function has been evaluated MAXFUN times.,0.9910954927352155,0.9696785829640647,0.02141690977115074,1.4901288862898292,0.1454645964535133,1.1326201147465513,0.21204417508976467,1.3446642898363161,0.030321417035935234,0.003628518828569751,0.1196685110154791,722.597958860746,2.8588967304720163,0.1,0.8308429361192158,1.1779952393546682,False,0.030321417035935206,9.688134138935434e-05,True,True,1.0000000000000009,112.9527521058917,253.265625,SUCCESS,,False,d7edcf4ca084e975b0b8d916d003c9c772e9c801b06175ee7112ef86cdea99f3,018e499280521e6e6764118d14af76ed4cee74fd501addf4dd69087da5bcc557,False,
phase3-e167c9f258ba87a57c03edf0,PHASE_3_EMPIRICAL_DILUTION_SCALING,PREREGISTERED_EMPIRICAL_DILUTION_SCALING,PRIMARY_MATRIX,development,task-p3-ba6b71f64afcb032,g-595b062626366822,phase3-m18-b02-g-595b062626366822,18,10,18,262144,11,11,11,1.0,4.1961669921875e-05,4.377147236793436,O3,CVAR_ENERGY,TAIL_FOCUSED_ROUTING_OBJECTIVE,3,"[1103, 2207, 3301]",,2207.0,phase3-ef6744faff551171b32aa29b,"[5.420257649851145, 3.889108885185568, 0.0, 2.489652262139313, 0.0838086094152431, 0.0]","[5.420257649851145, 3.889108885185568, 0.0, 2.489652262139313, 0.0838086094152431, 0.0]","[6.859014587622363, 3.817047243368636, -0.3516505890901802, 2.500264509305805, 0.08646676800901937, 0.10286064716147028]","[6.859014587622363, 3.817047243368636, -0.3516505890901802, 2.500264509305805, 0.08646676800901937, 0.10286064716147028]",COBYLA,240,240,240,241,3,Return from COBYLA because the objective function has been evaluated MAXFUN times.,1.069680907284028,0.8032274871705256,0.2664534201135025,1.505151698569375,0.1451713354675024,1.131477475453448,0.2285028876484243,1.3599803631018723,0.03269992020924348,0.0038535249215883452,0.11784508637727645,779.2807166665384,2.891693929737284,0.1,0.8032274871705256,1.1732345940227453,False,0.032699920209243505,2.728430377066382e-05,True,True,0.9999999999999992,113.80711059179157,253.265625,SUCCESS,,False,d7edcf4ca084e975b0b8d916d003c9c772e9c801b06175ee7112ef86cdea99f3,018e499280521e6e6764118d14af76ed4cee74fd501addf4dd69087da5bcc557,False,
phase3-c6b47b1f5ed04b2b9e2a1254,PHASE_3_EMPIRICAL_DILUTION_SCALING,PREREGISTERED_EMPIRICAL_DILUTION_SCALING,PRIMARY_MATRIX,development,task-p3-b7c9af0733f91182,g-595b062626366822,phase3-m18-b02-g-595b062626366822,18,10,18,262144,11,7,7,0.6363636363636364,2.6702880859375e-05,4.573441881937405,P2_O0,MEAN_ENERGY_PREPARATION,COMMON_INITIALIZATION_PREPARATION,2,"[1103, 2207, 3301]",1103.0,1103.0,phase3-c6b47b1f5ed04b2b9e2a1254,,"[1.4361119332668082, 4.6766136583430296, 1.8287983773432719, 0.554097077555417]","[3.23667882729729, 5.027005801155861, 0.5198142692270744, 2.1443699711712227]","[3.23667882729729, 5.027005801155861, 0.5198142692270744, 2.1443699711712227]",COBYLA,120,120,120,121,3,Return from COBYLA because the objective function has been evaluated MAXFUN times.,3.1224647133512233,1.4751072994696388,1.6473574138815845,1.4751072994696388,0.0781792594456543,1.1314252333035109,0.2655028067204731,1.396928040023984,0.0032980641621553055,0.0006760007867917621,0.2049689616559768,123.5096759605772,2.0917009823056203,0.1,1.0323882414891823,1.092832583972494,False,0.0032980641621553064,0.009217099334802761,True,True,0.9999999999999997,53.730726432055235,252.5078125,SUCCESS,,False,d7edcf4ca084e975b0b8d916d003c9c772e9c801b06175ee7112ef86cdea99f3,018e499280521e6e6764118d14af76ed4cee74fd501addf4dd69087da5bcc557,False,
phase3-a0368c40a9f25cd1026bd7e9,PHASE_3_EMPIRICAL_DILUTION_SCALING,PREREGISTERED_EMPIRICAL_DILUTION_SCALING,PRIMARY_MATRIX,development,task-p3-b7c9af0733f91182,g-595b062626366822,phase3-m18-b02-g-595b062626366822,18,10,18,262144,11,7,7,0.6363636363636364,2.6702880859375e-05,4.573441881937405,P2_O0,MEAN_ENERGY_PREPARATION,COMMON_INITIALIZATION_PREPARATION,2,"[1103, 2207, 3301]",2207.0,1103.0,phase3-c6b47b1f5ed04b2b9e2a1254,,"[4.119365739193051, 4.0465795222369225, 1.5369649905613294, 0.28561357469155796]","[5.340697582574095, 4.145190773200376, 2.37590041858019, 0.09442011838189372]","[5.340697582574095, 4.145190773200376, 2.37590041858019, 0.09442011838189372]",COBYLA,120,120,120,121,3,Return from COBYLA because the objective function has been evaluated MAXFUN times.,2.9053328177964723,1.77269975339007,1.1326330644064024,1.77269975339007,0.12952915158018288,1.1783800011389745,0.4647906006709124,1.6431706018098864,0.006280378845049896,0.001310824176356321,0.20871737337780089,235.19480456525142,2.371427723979086,0.1,1.055232681514377,1.150489288548003,False,0.006280378845049878,9.509531618616396e-05,True,True,1.0000000000000029,55.32391916774213,252.5078125,SUCCESS,,False,d7edcf4ca084e975b0b8d916d003c9c772e9c801b06175ee7112ef86cdea99f3,018e499280521e6e6764118d14af76ed4cee74fd501addf4dd69087da5bcc557,False,
phase3-8035c2df5e9dc9494c24e2b5,PHASE_3_EMPIRICAL_DILUTION_SCALING,PREREGISTERED_EMPIRICAL_DILUTION_SCALING,PRIMARY_MATRIX,development,task-p3-b7c9af0733f91182,g-595b062626366822,phase3-m18-b02-g-595b062626366822,18,10,18,262144,11,7,7,0.6363636363636364,2.6702880859375e-05,4.573441881937405,P2_O0,MEAN_ENERGY_PREPARATION,COMMON_INITIALIZATION_PREPARATION,2,"[1103, 2207, 3301]",3301.0,1103.0,phase3-c6b47b1f5ed04b2b9e2a1254,,"[2.8746040698350956, 3.2295534178963874, 1.3381083226815658, 0.4324890662459698]","[4.660501484325731, 3.3817554500193485, 3.1741371985497575, -0.7648596065208207]","[4.660501484325731, 3.3817554500193485, 3.1741371985497575, -0.7648596065208207]",COBYLA,120,120,120,121,3,Return from COBYLA because the objective function has been evaluated MAXFUN times.,3.0616601328143656,1.5782180959154337,1.4834420368989318,1.5782180959154337,0.08938967773092593,1.1358096387427683,0.3530187794417398,1.4888284181845082,0.007422369576563286,0.0015605916555281115,0.21025518056333412,277.9613786112294,2.4439844569927525,0.1,1.0023759188564532,1.0978577096006348,False,0.007422369576563285,0.0009087344059830055,True,True,1.0,55.55460645258427,252.5078125,SUCCESS,,False,d7edcf4ca084e975b0b8d916d003c9c772e9c801b06175ee7112ef86cdea99f3,018e499280521e6e6764118d14af76ed4cee74fd501addf4dd69087da5bcc557,False,
phase3-8d4b27684b7aa15a5eb759c6,PHASE_3_EMPIRICAL_DILUTION_SCALING,PREREGISTERED_EMPIRICAL_DILUTION_SCALING,PRIMARY_MATRIX,development,task-p3-b7c9af0733f91182,g-595b062626366822,phase3-m18-b02-g-595b062626366822,18,10,18,262144,11,7,7,0.6363636363636364,2.6702880859375e-05,4.573441881937405,O0,MEAN_ENERGY,STANDARD_BASELINE,3,"[1103, 2207, 3301]",,1103.0,phase3-c6b47b1f5ed04b2b9e2a1254,"[3.23667882729729, 5.027005801155861, 0.0, 0.5198142692270744, 2.1443699711712227, 0.0]","[3.23667882729729, 5.027005801155861, 0.0, 0.5198142692270744, 2.1443699711712227, 0.0]","[4.329404090425221, 6.205029480221583, 0.6825510604887927, 0.755942777637429, 2.1862571492160106, -0.12479343559875329]","[4.329404090425221, 6.205029480221583, 0.6825510604887927, 0.755942777637429, 2.1862571492160106, -0.12479343559875329]",COBYLA,240,240,240,241,3,Return from COBYLA because the objective function has been evaluated MAXFUN times.,1.4751072994696388,1.226442979629413,0.24866431984022586,1.226442979629413,0.055621834903077885,1.1057421951953565,0.06507894953097831,1.1708211447263346,0.0031815059948771566,0.0005516779671717516,0.17340151741347037,119.14467250301105,2.0760746278467894,0.1,1.022523327747432,1.0526315789473684,False,0.003181505994877155,0.09681849400512285,True,True,1.0000000000000004,139.69313908740878,253.265625,SUCCESS,,False,d7edcf4ca084e975b0b8d916d003c9c772e9c801b06175ee7112ef86cdea99f3,018e499280521e6e6764118d14af76ed4cee74fd501addf4dd69087da5bcc557,False,
phase3-6309fba92ccada679590c195,PHASE_3_EMPIRICAL_DILUTION_SCALING,PREREGISTERED_EMPIRICAL_DILUTION_SCALING,PRIMARY_MATRIX,development,task-p3-b7c9af0733f91182,g-595b062626366822,phase3-m18-b02-g-595b062626366822,18,10,18,262144,11,7,7,0.6363636363636364,2.6702880859375e-05,4.573441881937405,O2,EXACT_FEASIBILITY_CAPACITY_CONTROL,STATEVECTOR_MECHANISTIC_CAPACITY_CONTROL,3,"[1103, 2207, 3301]",,1103.0,phase3-c6b47b1f5ed04b2b9e2a1254,"[3.23667882729729, 5.027005801155861, 0.0, 0.5198142692270744, 2.1443699711712227, 0.0]","[3.23667882729729, 5.027005801155861, 0.0, 0.5198142692270744, 2.1443699711712227, 0.0]","[3.7492005553683896, 5.368612759502438, -1.2333470652568301, -0.14437370596516813, 2.6031431256781334, 0.17366741345297185]","[3.7492005553683896, 5.368612759502438, -1.2333470652568301, -0.14437370596516813, 2.6031431256781334, 0.17366741345297185]",COBYLA,240,240,240,241,3,Return from COBYLA because the objective function has been evaluated MAXFUN times.,0.9967019358378447,0.9525437872397549,0.044158148598089864,1.6336165873003996,0.11323805317258379,1.0628346216253874,0.45754391250242826,1.5203785341278147,0.047456212760245135,0.013052897248452058,0.2750513892542788,1777.1944911173857,3.249734958360737,0.1,0.6221872126132971,1.107907960856916,False,0.04745621276024514,0.0005665860525016081,True,True,0.9999999999999998,120.56233588047326,253.265625,SUCCESS,,False,d7edcf4ca084e975b0b8d916d003c9c772e9c801b06175ee7112ef86cdea99f3,018e499280521e6e6764118d14af76ed4cee74fd501addf4dd69087da5bcc557,False,
phase3-04ee246662d2d4a465b85a46,PHASE_3_EMPIRICAL_DILUTION_SCALING,PREREGISTERED_EMPIRICAL_DILUTION_SCALING,PRIMARY_MATRIX,development,task-p3-b7c9af0733f91182,g-595b062626366822,phase3-m18-b02-g-595b062626366822,18,10,18,262144,11,7,7,0.6363636363636364,2.6702880859375e-05,4.573441881937405,O3,CVAR_ENERGY,TAIL_FOCUSED_ROUTING_OBJECTIVE,3,"[1103, 2207, 3301]",,1103.0,phase3-c6b47b1f5ed04b2b9e2a1254,"[3.23667882729729, 5.027005801155861, 0.0, 0.5198142692270744, 2.1443699711712227, 0.0]","[3.23667882729729, 5.027005801155861, 0.0, 0.5198142692270744, 2.1443699711712227, 0.0]","[3.992476195086952, 5.521699352442261, 0.7008155837205119, -0.1801592610320794, 2.758068982206062, -0.15227341205464515]","[3.992476195086952, 5.521699352442261, 0.7008155837205119, -0.1801592610320794, 2.758068982206062, -0.15227341205464515]",COBYLA,240,240,240,241,3,Return from COBYLA because the objective function has been evaluated MAXFUN times.,1.0323882414891823,0.803688101074301,0.2287001404148813,1.5267047528461843,0.09151535372945005,1.081290611447582,0.35389878766915234,1.4351893991167342,0.0276946745180019,0.007872750063393458,0.28426945614674287,1037.1418224067272,3.015838147398935,0.1,0.803688101074301,1.0978577096006348,False,0.02769467451800185,0.00018867770008892948,True,True,1.0000000000000018,117.6982615981251,253.265625,SUCCESS,,False,d7edcf4ca084e975b0b8d916d003c9c772e9c801b06175ee7112ef86cdea99f3,018e499280521e6e6764118d14af76ed4cee74fd501addf4dd69087da5bcc557,False,
phase3-cc6f2f2b16e70003d7d3a365,PHASE_3_EMPIRICAL_DILUTION_SCALING,PREREGISTERED_EMPIRICAL_DILUTION_SCALING,PRIMARY_MATRIX,development,task-p3-570d4439775bbe3c,g-595b062626366822,phase3-m18-b02-g-595b062626366822,18,10,18,262144,11,4,4,0.3636363636363636,1.52587890625e-05,4.816479930623699,P2_O0,MEAN_ENERGY_PREPARATION,COMMON_INITIALIZATION_PREPARATION,2,"[1103, 2207, 3301]",1103.0,1103.0,phase3-cc6f2f2b16e70003d7d3a365,,"[1.4361119332668082, 4.6766136583430296, 1.8287983773432719, 0.554097077555417]","[5.09615131991721, 4.3191817743888965, 0.5878429147283459, 2.015202668812882]","[5.09615131991721, 4.3191817743888965, 0.5878429147283459, 2.015202668812882]",COBYLA,120,120,120,121,3,Return from COBYLA because the objective function has been evaluated MAXFUN times.,3.191333426946949,1.466930968388045,1.7244024585589042,1.466930968388045,0.06621221420550816,1.115396475556872,0.28532227862566517,1.4007187541825377,0.0019703260308206933,0.000354081637272344,0.17970713056298585,129.12728675586496,2.1110180256537934,0.1,1.037143055533608,1.0878074583443533,False,0.0019703260308206946,0.005146082089508508,True,True,0.9999999999999993,53.99005338642746,252.5078125,SUCCESS,,False,d7edcf4ca084e975b0b8d916d003c9c772e9c801b06175ee7112ef86cdea99f3,018e499280521e6e6764118d14af76ed4cee74fd501addf4dd69087da5bcc557,False,
phase3-121d8f2be5767fb056a617ce,PHASE_3_EMPIRICAL_DILUTION_SCALING,PREREGISTERED_EMPIRICAL_DILUTION_SCALING,PRIMARY_MATRIX,development,task-p3-570d4439775bbe3c,g-595b062626366822,phase3-m18-b02-g-595b062626366822,18,10,18,262144,11,4,4,0.3636363636363636,1.52587890625e-05,4.816479930623699,P2_O0,MEAN_ENERGY_PREPARATION,COMMON_INITIALIZATION_PREPARATION,2,"[1103, 2207, 3301]",2207.0,1103.0,phase3-cc6f2f2b16e70003d7d3a365,,"[4.119365739193051, 4.0465795222369225, 1.5369649905613294, 0.28561357469155796]","[5.270627244032057, 4.159827597614166, 2.34069903590225, 0.10994635358177998]","[5.270627244032057, 4.159827597614166, 2.34069903590225, 0.10994635358177998]",COBYLA,120,120,120,121,3,Return from COBYLA because the objective function has been evaluated MAXFUN times.,2.944195756425355,1.875281990706521,1.068913765718834,1.875281990706521,0.12774650037250607,1.1837186589003228,0.5638168314336923,1.7475354903340148,0.0036339011968728767,0.0008674134087129025,0.23870032830263738,238.15134883826084,2.376853045605555,0.1,1.0754261362322166,1.143083840253901,False,0.0036339011968728675,1.3835342332083056e-05,True,True,1.0000000000000024,54.23007270600647,252.5078125,SUCCESS,,False,d7edcf4ca084e975b0b8d916d003c9c772e9c801b06175ee7112ef86cdea99f3,018e499280521e6e6764118d14af76ed4cee74fd501addf4dd69087da5bcc557,False,
phase3-96b3f104c4a731bae0303d0f,PHASE_3_EMPIRICAL_DILUTION_SCALING,PREREGISTERED_EMPIRICAL_DILUTION_SCALING,PRIMARY_MATRIX,development,task-p3-570d4439775bbe3c,g-595b062626366822,phase3-m18-b02-g-595b062626366822,18,10,18,262144,11,4,4,0.3636363636363636,1.52587890625e-05,4.816479930623699,P2_O0,MEAN_ENERGY_PREPARATION,COMMON_INITIALIZATION_PREPARATION,2,"[1103, 2207, 3301]",3301.0,1103.0,phase3-cc6f2f2b16e70003d7d3a365,,"[2.8746040698350956, 3.2295534178963874, 1.3381083226815658, 0.4324890662459698]","[5.059296404040281, 3.9103317054336464, 3.683838682068797, -1.108966964899106]","[5.059296404040281, 3.9103317054336464, 3.683838682068797, -1.108966964899106]",COBYLA,120,120,120,121,3,Return from COBYLA because the objective function has been evaluated MAXFUN times.,3.1069937293589005,1.5141192614271244,1.5928744679317761,1.5141192614271244,0.07047728905463278,1.1185274177882298,0.32511455458426086,1.4436419723724905,0.0023976870407811483,0.0004628440873836725,0.19303773991825113,157.13481790463334,2.1962724265959945,0.1,1.0369905691602794,1.0878074583443533,False,0.0023976870407811453,0.004240021519519965,True,True,1.0000000000000013,54.13985960651189,252.5078125,SUCCESS,,False,d7edcf4ca084e975b0b8d916d003c9c772e9c801b06175ee7112ef86cdea99f3,018e499280521e6e6764118d14af76ed4cee74fd501addf4dd69087da5bcc557,False,
phase3-cecfd6b4b90f45bd0a631d89,PHASE_3_EMPIRICAL_DILUTION_SCALING,PREREGISTERED_EMPIRICAL_DILUTION_SCALING,PRIMARY_MATRIX,development,task-p3-570d4439775bbe3c,g-595b062626366822,phase3-m18-b02-g-595b062626366822,18,10,18,262144,11,4,4,0.3636363636363636,1.52587890625e-05,4.816479930623699,O0,MEAN_ENERGY,STANDARD_BASELINE,3,"[1103, 2207, 3301]",,1103.0,phase3-cc6f2f2b16e70003d7d3a365,"[5.09615131991721, 4.3191817743888965, 0.0, 0.5878429147283459, 2.015202668812882, 0.0]","[5.09615131991721, 4.3191817743888965, 0.0, 0.5878429147283459, 2.015202668812882, 0.0]","[5.437984242892081, 5.364791023992875, 0.7976779819432874, 0.7520273860137057, 2.080927824945716, -0.1435709729022385]","[5.437984242892081, 5.364791023992875, 0.7976779819432874, 0.7520273860137057, 2.080927824945716, -0.1435709729022385]",COBYLA,240,240,240,241,3,Return from COBYLA because the objective function has been evaluated MAXFUN times.,1.466930968388045,1.2765216741559922,0.19040929423205277,1.2765216741559922,0.05382378597237175,1.1021824539888834,0.12051543419473758,1.2226978881836197,0.0024599367558419604,0.00037375947049047263,0.15193865029369275,161.21441523085872,2.207403872303532,0.1,1.0294504105583526,1.0526315789473684,False,0.0024599367558419613,0.09754006324415804,True,True,0.9999999999999996,145.2448757784441,253.265625,SUCCESS,,False,d7edcf4ca084e975b0b8d916d003c9c772e9c801b06175ee7112ef86cdea99f3,018e499280521e6e6764118d14af76ed4cee74fd501addf4dd69087da5bcc557,False,
phase3-49a714bf150e8f6652f8d120,PHASE_3_EMPIRICAL_DILUTION_SCALING,PREREGISTERED_EMPIRICAL_DILUTION_SCALING,PRIMARY_MATRIX,development,task-p3-570d4439775bbe3c,g-595b062626366822,phase3-m18-b02-g-595b062626366822,18,10,18,262144,11,4,4,0.3636363636363636,1.52587890625e-05,4.816479930623699,O2,EXACT_FEASIBILITY_CAPACITY_CONTROL,STATEVECTOR_MECHANISTIC_CAPACITY_CONTROL,3,"[1103, 2207, 3301]",,1103.0,phase3-cc6f2f2b16e70003d7d3a365,"[5.09615131991721, 4.3191817743888965, 0.0, 0.5878429147283459, 2.015202668812882, 0.0]","[5.09615131991721, 4.3191817743888965, 0.0, 0.5878429147283459, 2.015202668812882, 0.0]","[6.148653358638778, 4.470491825588343, 1.311766897449417, 0.982520907374117, 1.698313909238336, -0.1866336728442014]","[6.148653358638778, 4.470491825588343, 1.311766897449417, 0.982520907374117, 1.698313909238336, -0.1866336728442014]",COBYLA,240,240,240,241,3,Return from COBYLA because the objective function has been evaluated MAXFUN times.,0.9980296739691793,0.9811964803682898,0.01683319360088953,1.7148603602639183,0.10692455218670562,1.0929730728894351,0.5149627351877767,1.6079358080772133,0.018803519631710272,0.004910043125611942,0.2611236205657818,1232.3074625837644,3.0907190784812095,0.1,0.9052386894213089,1.1102882835228773,False,0.018803519631710255,0.005271778231194416,True,True,1.0000000000000009,113.19294460490346,253.265625,SUCCESS,,False,d7edcf4ca084e975b0b8d916d003c9c772e9c801b06175ee7112ef86cdea99f3,018e499280521e6e6764118d14af76ed4cee74fd501addf4dd69087da5bcc557,False,
phase3-e2b1bf1c90004457b1db9355,PHASE_3_EMPIRICAL_DILUTION_SCALING,PREREGISTERED_EMPIRICAL_DILUTION_SCALING,PRIMARY_MATRIX,development,task-p3-570d4439775bbe3c,g-595b062626366822,phase3-m18-b02-g-595b062626366822,18,10,18,262144,11,4,4,0.3636363636363636,1.52587890625e-05,4.816479930623699,O3,CVAR_ENERGY,TAIL_FOCUSED_ROUTING_OBJECTIVE,3,"[1103, 2207, 3301]",,1103.0,phase3-cc6f2f2b16e70003d7d3a365,"[5.09615131991721, 4.3191817743888965, 0.0, 0.5878429147283459, 2.015202668812882, 0.0]","[5.09615131991721, 4.3191817743888965, 0.0, 0.5878429147283459, 2.015202668812882, 0.0]","[5.7692625408538785, 4.469539252838754, -1.0070067812503374, -0.2468817914803272, 2.6953105333685214, 0.1584691061240726]","[5.7692625408538785, 4.469539252838754, -1.0070067812503374, -0.2468817914803272, 2.6953105333685214, 0.1584691061240726]",COBYLA,240,240,240,241,3,Return from COBYLA because the objective function has been evaluated MAXFUN times.,1.037143055533608,0.7888980882521992,0.24824496728140888,1.7577454223196445,0.10677544752304008,1.0601915639696218,0.5907784108269837,1.650969974796606,0.03083287936263612,0.00776795233815131,0.25193729871251225,2020.6635819097207,3.305494014315929,0.1,0.7888980882521992,1.1102882835228773,False,0.030832879362636092,0.0002431634991050674,True,True,1.0000000000000009,117.56350701767951,253.265625,SUCCESS,,False,d7edcf4ca084e975b0b8d916d003c9c772e9c801b06175ee7112ef86cdea99f3,018e499280521e6e6764118d14af76ed4cee74fd501addf4dd69087da5bcc557,False,
phase3-5bd2c24c22091ad024030a8b,PHASE_3_EMPIRICAL_DILUTION_SCALING,PREREGISTERED_EMPIRICAL_DILUTION_SCALING,PRIMARY_MATRIX,development,task-p3-430990bd4bb51ff0,g-595b062626366822,phase3-m18-b02-g-595b062626366822,18,10,18,262144,11,3,3,0.2727272727272727,1.1444091796875e-05,4.941418667231999,P2_O0,MEAN_ENERGY_PREPARATION,COMMON_INITIALIZATION_PREPARATION,2,"[1103, 2207, 3301]",1103.0,1103.0,phase3-5bd2c24c22091ad024030a8b,,"[1.4361119332668082, 4.6766136583430296, 1.8287983773432719, 0.554097077555417]","[5.141713001990875, 4.333304512335669, 0.5918180855413131, 2.0251906339813965]","[5.141713001990875, 4.333304512335669, 0.5918180855413131, 2.0251906339813965]",COBYLA,120,120,120,121,3,Return from COBYLA because the objective function has been evaluated MAXFUN times.,3.207836344444164,1.4864771786835609,1.7213591657606033,1.4864771786835609,0.06517535739994453,1.1125737421945885,0.3087280790890286,1.421301821283617,0.001702725836069321,0.0003687264341093311,0.21655067791801547,148.78645385685203,2.172563393017526,0.1,1.0386781624594716,1.0878074583443533,False,0.0017027258360693205,0.0024076766601894145,True,True,1.0000000000000002,54.98081050440669,252.5078125,SUCCESS,,False,d7edcf4ca084e975b0b8d916d003c9c772e9c801b06175ee7112ef86cdea99f3,018e499280521e6e6764118d14af76ed4cee74fd501addf4dd69087da5bcc557,False,
phase3-2ba1066cc7eec812342f50b6,PHASE_3_EMPIRICAL_DILUTION_SCALING,PREREGISTERED_EMPIRICAL_DILUTION_SCALING,PRIMARY_MATRIX,development,task-p3-430990bd4bb51ff0,g-595b062626366822,phase3-m18-b02-g-595b062626366822,18,10,18,262144,11,3,3,0.2727272727272727,1.1444091796875e-05,4.941418667231999,P2_O0,MEAN_ENERGY_PREPARATION,COMMON_INITIALIZATION_PREPARATION,2,"[1103, 2207, 3301]",2207.0,1103.0,phase3-5bd2c24c22091ad024030a8b,,"[4.119365739193051, 4.0465795222369225, 1.5369649905613294, 0.28561357469155796]","[5.652040187119659, 4.238065865565114, 2.3538376756242005, 0.11403322452975102]","[5.652040187119659, 4.238065865565114, 2.3538376756242005, 0.11403322452975102]",COBYLA,120,120,120,121,3,Return from COBYLA because the objective function has been evaluated MAXFUN times.,2.953879932790417,1.8300810750009677,1.1237988577894493,1.8300810750009677,0.11981066161846775,1.1664416293967341,0.5438287839857654,1.7102704133825,0.0038578875415478248,0.0011562338596287792,0.2997064707502817,337.1073572305043,2.5277682309242433,0.1,1.0658743113312752,1.1330335889976195,False,0.0038578875415478187,0.0004010567872902854,True,True,1.0000000000000016,53.68140199035406,252.5078125,SUCCESS,,False,d7edcf4ca084e975b0b8d916d003c9c772e9c801b06175ee7112ef86cdea99f3,018e499280521e6e6764118d14af76ed4cee74fd501addf4dd69087da5bcc557,False,
phase3-f89f9b03b0d2a75c543555ee,PHASE_3_EMPIRICAL_DILUTION_SCALING,PREREGISTERED_EMPIRICAL_DILUTION_SCALING,PRIMARY_MATRIX,development,task-p3-430990bd4bb51ff0,g-595b062626366822,phase3-m18-b02-g-595b062626366822,18,10,18,262144,11,3,3,0.2727272727272727,1.1444091796875e-05,4.941418667231999,P2_O0,MEAN_ENERGY_PREPARATION,COMMON_INITIALIZATION_PREPARATION,2,"[1103, 2207, 3301]",3301.0,1103.0,phase3-5bd2c24c22091ad024030a8b,,"[2.8746040698350956, 3.2295534178963874, 1.3381083226815658, 0.4324890662459698]","[4.681420059916681, 3.4182982528489934, 3.6118503856148845, -1.0748525574728662]","[4.681420059916681, 3.4182982528489934, 3.6118503856148845, -1.0748525574728662]",COBYLA,120,120,120,121,3,Return from COBYLA because the objective function has been evaluated MAXFUN times.,3.1187634313637154,1.6259523026640819,1.4928111286996335,1.6259523026640819,0.07733071664007807,1.1263880229892578,0.4222335630347463,1.5486215860240047,0.0021796190830878632,0.0005445861572130501,0.24985382144917526,190.45802163899495,2.279799268833072,0.1,1.0456278734195272,1.092832583972494,False,0.002179619083087862,0.013270534358399894,True,True,1.0000000000000004,55.75656829960644,252.5078125,SUCCESS,,False,d7edcf4ca084e975b0b8d916d003c9c772e9c801b06175ee7112ef86cdea99f3,018e499280521e6e6764118d14af76ed4cee74fd501addf4dd69087da5bcc557,False,
phase3-676e17cd077e0d8bfef766cf,PHASE_3_EMPIRICAL_DILUTION_SCALING,PREREGISTERED_EMPIRICAL_DILUTION_SCALING,PRIMARY_MATRIX,development,task-p3-430990bd4bb51ff0,g-595b062626366822,phase3-m18-b02-g-595b062626366822,18,10,18,262144,11,3,3,0.2727272727272727,1.1444091796875e-05,4.941418667231999,O0,MEAN_ENERGY,STANDARD_BASELINE,3,"[1103, 2207, 3301]",,1103.0,phase3-5bd2c24c22091ad024030a8b,"[5.141713001990875, 4.333304512335669, 0.0, 0.5918180855413131, 2.0251906339813965, 0.0]","[5.141713001990875, 4.333304512335669, 0.0, 0.5918180855413131, 2.0251906339813965, 0.0]","[5.516414054553499, 5.419772350086353, 0.7305946351134894, 0.7528642410033964, 2.0713975169953938, -0.13955139348091428]","[5.516414054553499, 5.419772350086353, 0.7305946351134894, 0.7528642410033964, 2.0713975169953938, -0.13955139348091428]",COBYLA,240,240,240,241,3,Return from COBYLA because the objective function has been evaluated MAXFUN times.,1.4864771786835609,1.2930087272404296,0.1934684514431313,1.2930087272404296,0.052579138480440595,1.1022428016672408,0.13818678709274734,1.2404295887599883,0.0017626854181145917,0.0003233331718729853,0.18343214764823423,154.02580208207718,2.187593479039303,0.1,1.0359541724000172,1.0526315789473684,False,0.0017626854181145935,0.09823731458188541,True,True,0.999999999999999,147.64501655567437,253.265625,SUCCESS,,False,d7edcf4ca084e975b0b8d916d003c9c772e9c801b06175ee7112ef86cdea99f3,018e499280521e6e6764118d14af76ed4cee74fd501addf4dd69087da5bcc557,False,
phase3-a6f1f217f7426f440860275d,PHASE_3_EMPIRICAL_DILUTION_SCALING,PREREGISTERED_EMPIRICAL_DILUTION_SCALING,PRIMARY_MATRIX,development,task-p3-430990bd4bb51ff0,g-595b062626366822,phase3-m18-b02-g-595b062626366822,18,10,18,262144,11,3,3,0.2727272727272727,1.1444091796875e-05,4.941418667231999,O2,EXACT_FEASIBILITY_CAPACITY_CONTROL,STATEVECTOR_MECHANISTIC_CAPACITY_CONTROL,3,"[1103, 2207, 3301]",,1103.0,phase3-5bd2c24c22091ad024030a8b,"[5.141713001990875, 4.333304512335669, 0.0, 0.5918180855413131, 2.0251906339813965, 0.0]","[5.141713001990875, 4.333304512335669, 0.0, 0.5918180855413131, 2.0251906339813965, 0.0]","[6.345118304067, 4.23975754852514, 1.2637873541226154, 0.984409392215121, 1.6815908658479426, -0.18436424272407706]","[6.345118304067, 4.23975754852514, 1.2637873541226154, 0.984409392215121, 1.6815908658479426, -0.18436424272407706]",COBYLA,240,240,240,241,3,Return from COBYLA because the objective function has been evaluated MAXFUN times.,0.9982972741639307,0.984271412901341,0.014025861262589645,1.7501584843985138,0.10636291221178251,1.0924797888652964,0.5513157833214348,1.643795572186732,0.015728587098658965,0.005220198799225309,0.33189241770294725,1374.3849121302853,3.138108378868914,0.1,0.9331516981487683,1.1102882835228773,False,0.015728587098658982,0.0037543266797708114,True,True,0.999999999999999,117.66684755682945,253.265625,SUCCESS,,False,d7edcf4ca084e975b0b8d916d003c9c772e9c801b06175ee7112ef86cdea99f3,018e499280521e6e6764118d14af76ed4cee74fd501addf4dd69087da5bcc557,False,
phase3-555e4d2d2bb31d7ef9d586f1,PHASE_3_EMPIRICAL_DILUTION_SCALING,PREREGISTERED_EMPIRICAL_DILUTION_SCALING,PRIMARY_MATRIX,development,task-p3-430990bd4bb51ff0,g-595b062626366822,phase3-m18-b02-g-595b062626366822,18,10,18,262144,11,3,3,0.2727272727272727,1.1444091796875e-05,4.941418667231999,O3,CVAR_ENERGY,TAIL_FOCUSED_ROUTING_OBJECTIVE,3,"[1103, 2207, 3301]",,1103.0,phase3-5bd2c24c22091ad024030a8b,"[5.141713001990875, 4.333304512335669, 0.0, 0.5918180855413131, 2.0251906339813965, 0.0]","[5.141713001990875, 4.333304512335669, 0.0, 0.5918180855413131, 2.0251906339813965, 0.0]","[5.7236509126306965, 4.286400472432411, -1.0916029608417854, -0.2503051719957534, 2.698672762197508, 0.16864016949452787]","[5.7236509126306965, 4.286400472432411, -1.0916029608417854, -0.2503051719957534, 2.698672762197508, 0.16864016949452787]",COBYLA,240,240,240,241,3,Return from COBYLA because the objective function has been evaluated MAXFUN times.,1.0386781624594716,0.8371005194349935,0.20157764302447811,1.7906203216265177,0.10664474871567516,1.061029498129673,0.6229460747811686,1.683975572910842,0.02585000727324008,0.008084306415567635,0.31273903833429506,2258.8081022120828,3.3538793368564512,0.1,0.8371005194349935,1.111823318986601,False,0.02585000727324012,0.0019758456484483683,True,True,0.9999999999999986,119.7691615158692,253.265625,SUCCESS,,False,d7edcf4ca084e975b0b8d916d003c9c772e9c801b06175ee7112ef86cdea99f3,018e499280521e6e6764118d14af76ed4cee74fd501addf4dd69087da5bcc557,False,
phase3-3c1b68cf8cf34032dfda563a,PHASE_3_EMPIRICAL_DILUTION_SCALING,PREREGISTERED_EMPIRICAL_DILUTION_SCALING,PRIMARY_MATRIX,development,task-p3-65c7a1b65ff60e55,g-595b062626366822,phase3-m18-b02-g-595b062626366822,18,10,18,262144,11,2,2,0.1818181818181818,7.62939453125e-06,5.11750992628768,P2_O0,MEAN_ENERGY_PREPARATION,COMMON_INITIALIZATION_PREPARATION,2,"[1103, 2207, 3301]",1103.0,2207.0,phase3-7d1db2e56c67b0545e1a47b8,,"[1.4361119332668082, 4.6766136583430296, 1.8287983773432719, 0.554097077555417]","[5.374830398396522, 4.051919507913939, 0.5648322572246072, 1.995359074882964]","[5.374830398396522, 4.051919507913939, 0.5648322572246072, 1.995359074882964]",COBYLA,120,120,120,121,3,Return from COBYLA because the objective function has been evaluated MAXFUN times.,3.22141639649698,1.5255505177833208,1.6958658787136593,1.5255505177833208,0.06564439190073924,1.1167027706496007,0.3432033552329807,1.4599061258825823,0.0013345790897323407,0.000783233251288536,0.58687660949762,174.92595044939736,2.242854242302956,0.1,1.0412004758983147,1.0777572070880719,False,0.0013345790897323422,0.001625592431927378,True,True,0.9999999999999988,54.84347118716687,252.390625,SUCCESS,,False,d7edcf4ca084e975b0b8d916d003c9c772e9c801b06175ee7112ef86cdea99f3,018e499280521e6e6764118d14af76ed4cee74fd501addf4dd69087da5bcc557,False,
phase3-7d1db2e56c67b0545e1a47b8,PHASE_3_EMPIRICAL_DILUTION_SCALING,PREREGISTERED_EMPIRICAL_DILUTION_SCALING,PRIMARY_MATRIX,development,task-p3-65c7a1b65ff60e55,g-595b062626366822,phase3-m18-b02-g-595b062626366822,18,10,18,262144,11,2,2,0.1818181818181818,7.62939453125e-06,5.11750992628768,P2_O0,MEAN_ENERGY_PREPARATION,COMMON_INITIALIZATION_PREPARATION,2,"[1103, 2207, 3301]",2207.0,2207.0,phase3-7d1db2e56c67b0545e1a47b8,,"[4.119365739193051, 4.0465795222369225, 1.5369649905613294, 0.28561357469155796]","[4.907691977690693, 4.796657716753864, 3.7555442013345757, -1.1208416347018078]","[4.907691977690693, 4.796657716753864, 3.7555442013345757, -1.1208416347018078]",COBYLA,120,120,120,121,3,Return from COBYLA because the objective function has been evaluated MAXFUN times.,2.9620755863573462,1.4648467811884092,1.497228805168937,1.4648467811884092,0.06080411888622158,1.1115915465438562,0.29245111575833005,1.4040426623021864,0.0009869360662244377,0.0005506886945324386,0.5579780832603672,129.3596840721695,2.1117989462468216,0.1,1.0433004397296441,1.0526315789473684,False,0.0009869360662244395,0.09901306393377557,True,True,0.9999999999999983,54.20732329413295,252.390625,SUCCESS,,False,d7edcf4ca084e975b0b8d916d003c9c772e9c801b06175ee7112ef86cdea99f3,018e499280521e6e6764118d14af76ed4cee74fd501addf4dd69087da5bcc557,False,
phase3-2ee3e7f7903530d53b5137c2,PHASE_3_EMPIRICAL_DILUTION_SCALING,PREREGISTERED_EMPIRICAL_DILUTION_SCALING,PRIMARY_MATRIX,development,task-p3-65c7a1b65ff60e55,g-595b062626366822,phase3-m18-b02-g-595b062626366822,18,10,18,262144,11,2,2,0.1818181818181818,7.62939453125e-06,5.11750992628768,P2_O0,MEAN_ENERGY_PREPARATION,COMMON_INITIALIZATION_PREPARATION,2,"[1103, 2207, 3301]",3301.0,2207.0,phase3-7d1db2e56c67b0545e1a47b8,,"[2.8746040698350956, 3.2295534178963874, 1.3381083226815658, 0.4324890662459698]","[4.903832831840275, 3.6942793203367126, 3.633012412293796, -1.09357275307672]","[4.903832831840275, 3.6942793203367126, 3.633012412293796, -1.09357275307672]",COBYLA,120,120,120,121,3,Return from COBYLA because the objective function has been evaluated MAXFUN times.,3.1288284292859583,1.594106722666924,1.5347217066190342,1.594106722666924,0.07170795049156205,1.1223907984520998,0.4000079737232631,1.5223987721753627,0.0015589658629567103,0.00093147752043703,0.5974970604362075,204.33677358946193,2.310346531731912,0.1,1.0455099566861694,1.0878074583443533,False,0.0015589658629567107,0.006104319128567362,True,True,0.9999999999999999,53.952989912591875,252.390625,SUCCESS,,False,d7edcf4ca084e975b0b8d916d003c9c772e9c801b06175ee7112ef86cdea99f3,018e499280521e6e6764118d14af76ed4cee74fd501addf4dd69087da5bcc557,False,
phase3-46905003e4dd717786550455,PHASE_3_EMPIRICAL_DILUTION_SCALING,PREREGISTERED_EMPIRICAL_DILUTION_SCALING,PRIMARY_MATRIX,development,task-p3-65c7a1b65ff60e55,g-595b062626366822,phase3-m18-b02-g-595b062626366822,18,10,18,262144,11,2,2,0.1818181818181818,7.62939453125e-06,5.11750992628768,O0,MEAN_ENERGY,STANDARD_BASELINE,3,"[1103, 2207, 3301]",,2207.0,phase3-7d1db2e56c67b0545e1a47b8,"[4.907691977690693, 4.796657716753864, 0.0, 3.7555442013345757, -1.1208416347018078, 0.0]","[4.907691977690693, 4.796657716753864, 0.0, 3.7555442013345757, -1.1208416347018078, 0.0]","[5.288872158247173, 5.591930490282132, 0.8853705641177314, 3.9033969389225036, -1.0693662200152187, -0.133955347919294]","[5.288872158247173, 5.591930490282132, 0.8853705641177314, 3.9033969389225036, -1.0693662200152187, -0.133955347919294]",COBYLA,240,240,240,241,3,Return from COBYLA because the objective function has been evaluated MAXFUN times.,1.4648467811884092,1.2815206688787695,0.1833261123096397,1.2815206688787695,0.05064156973461989,1.1006111339792244,0.13026796516492273,1.2308790991441472,0.0013137081173658304,0.0005141932057204651,0.39140597437389274,172.19035035937412,2.2360088097012545,0.1,1.0402439120006528,1.0526315789473684,False,0.001313708117365826,0.09868629188263418,True,True,1.000000000000003,147.975028866902,253.265625,SUCCESS,,False,d7edcf4ca084e975b0b8d916d003c9c772e9c801b06175ee7112ef86cdea99f3,018e499280521e6e6764118d14af76ed4cee74fd501addf4dd69087da5bcc557,False,
phase3-79554bf90510e5fdfae085af,PHASE_3_EMPIRICAL_DILUTION_SCALING,PREREGISTERED_EMPIRICAL_DILUTION_SCALING,PRIMARY_MATRIX,development,task-p3-65c7a1b65ff60e55,g-595b062626366822,phase3-m18-b02-g-595b062626366822,18,10,18,262144,11,2,2,0.1818181818181818,7.62939453125e-06,5.11750992628768,O2,EXACT_FEASIBILITY_CAPACITY_CONTROL,STATEVECTOR_MECHANISTIC_CAPACITY_CONTROL,3,"[1103, 2207, 3301]",,2207.0,phase3-7d1db2e56c67b0545e1a47b8,"[4.907691977690693, 4.796657716753864, 0.0, 3.7555442013345757, -1.1208416347018078, 0.0]","[4.907691977690693, 4.796657716753864, 0.0, 3.7555442013345757, -1.1208416347018078, 0.0]","[6.089645167358802, 4.695196483087735, 1.2801594591080994, 4.115567426883316, -1.4440789347379206, -0.18597265393031653]","[6.089645167358802, 4.695196483087735, 1.2801594591080994, 4.115567426883316, -1.4440789347379206, -0.18597265393031653]",COBYLA,240,240,240,241,3,Return from COBYLA because the objective function has been evaluated MAXFUN times.,0.9990130639337755,0.9895951424189087,0.009417921514866867,1.7835789339204953,0.10656083498454796,1.0959411966010755,0.5810769023348723,1.6770180989359473,0.010404857581091321,0.00557902495796643,0.5361942645044133,1363.7854928688016,3.1347460663692557,0.1,0.9863538439698255,1.1102882835228773,False,0.010404857581091342,0.0031767085667587236,True,True,0.9999999999999979,114.95930863171816,253.265625,SUCCESS,,False,d7edcf4ca084e975b0b8d916d003c9c772e9c801b06175ee7112ef86cdea99f3,018e499280521e6e6764118d14af76ed4cee74fd501addf4dd69087da5bcc557,False,
phase3-6f66444b11163041687485b8,PHASE_3_EMPIRICAL_DILUTION_SCALING,PREREGISTERED_EMPIRICAL_DILUTION_SCALING,PRIMARY_MATRIX,development,task-p3-65c7a1b65ff60e55,g-595b062626366822,phase3-m18-b02-g-595b062626366822,18,10,18,262144,11,2,2,0.1818181818181818,7.62939453125e-06,5.11750992628768,O3,CVAR_ENERGY,TAIL_FOCUSED_ROUTING_OBJECTIVE,3,"[1103, 2207, 3301]",,2207.0,phase3-7d1db2e56c67b0545e1a47b8,"[4.907691977690693, 4.796657716753864, 0.0, 3.7555442013345757, -1.1208416347018078, 0.0]","[4.907691977690693, 4.796657716753864, 0.0, 3.7555442013345757, -1.1208416347018078, 0.0]","[5.085038797924235, 4.447911101604276, -0.9784033027708471, 2.94087830595752, -0.507784549786717, 0.1733630751703388]","[5.085038797924235, 4.447911101604276, -0.9784033027708471, 2.94087830595752, -0.507784549786717, 0.1733630751703388]",COBYLA,240,240,240,241,3,Return from COBYLA because the objective function has been evaluated MAXFUN times.,1.0433004397296441,0.9188092534784057,0.12449118625123845,1.7904421908404953,0.1040894271061397,1.061999638296206,0.6243531254381496,1.6863527637343563,0.01736052132340895,0.00959593585050715,0.5527446827053505,2275.478250901858,3.3570726888608915,0.1,0.9188092534784057,1.107907960856916,False,0.017360521323408897,0.001155688781292255,True,True,1.0000000000000029,121.71601149439812,253.265625,SUCCESS,,False,d7edcf4ca084e975b0b8d916d003c9c772e9c801b06175ee7112ef86cdea99f3,018e499280521e6e6764118d14af76ed4cee74fd501addf4dd69087da5bcc557,False,
phase3-0ef254344d0b4ce471b06ff3,PHASE_3_EMPIRICAL_DILUTION_SCALING,PREREGISTERED_EMPIRICAL_DILUTION_SCALING,PRIMARY_MATRIX,development,task-p3-ff25d52b46ff8fca,g-595b062626366822,phase3-m18-b02-g-595b062626366822,18,10,18,262144,11,1,1,0.0909090909090909,3.814697265625e-06,5.418539921951662,P2_O0,MEAN_ENERGY_PREPARATION,COMMON_INITIALIZATION_PREPARATION,2,"[1103, 2207, 3301]",1103.0,1103.0,phase3-0ef254344d0b4ce471b06ff3,,"[1.4361119332668082, 4.6766136583430296, 1.8287983773432719, 0.554097077555417]","[5.297004727972551, 5.450323773031597, 0.6813043113487367, 1.9871989814661626]","[5.297004727972551, 5.450323773031597, 0.6813043113487367, 1.9871989814661626]",COBYLA,120,120,120,121,3,Return from COBYLA because the objective function has been evaluated MAXFUN times.,3.230097593413217,1.3973911222803872,1.8327064711328298,1.3973911222803872,0.05339790842859233,1.1065543143127112,0.23743889953908176,1.343993213851793,0.00026690239615377137,0.00026690239615377137,1.0,69.96686173733424,1.844892394696417,0.1,1.0501305601968451,1.0526315789473684,False,0.0002669023961537709,0.09973309760384623,True,True,1.0000000000000018,55.097771189175546,252.5078125,SUCCESS,,False,d7edcf4ca084e975b0b8d916d003c9c772e9c801b06175ee7112ef86cdea99f3,018e499280521e6e6764118d14af76ed4cee74fd501addf4dd69087da5bcc557,False,
phase3-6801cc2b50db4bc22923bb06,PHASE_3_EMPIRICAL_DILUTION_SCALING,PREREGISTERED_EMPIRICAL_DILUTION_SCALING,PRIMARY_MATRIX,development,task-p3-ff25d52b46ff8fca,g-595b062626366822,phase3-m18-b02-g-595b062626366822,18,10,18,262144,11,1,1,0.0909090909090909,3.814697265625e-06,5.418539921951662,P2_O0,MEAN_ENERGY_PREPARATION,COMMON_INITIALIZATION_PREPARATION,2,"[1103, 2207, 3301]",2207.0,1103.0,phase3-0ef254344d0b4ce471b06ff3,,"[4.119365739193051, 4.0465795222369225, 1.5369649905613294, 0.28561357469155796]","[5.3611678720525555, 4.152969421041926, 3.7106225612351715, -1.1334827643900516]","[5.3611678720525555, 4.152969421041926, 3.7106225612351715, -1.1334827643900516]",COBYLA,120,120,120,121,3,Return from COBYLA because the objective function has been evaluated MAXFUN times.,2.9672202328820068,1.5263038537919542,1.4409163790900525,1.5263038537919542,0.06444655782323756,1.1141161156695236,0.34774118029919215,1.4618572959687146,0.0005568995578375479,0.0005568995578375479,1.0,145.98787768976615,2.164316795024058,0.1,1.0480328745634404,1.0626818302036498,False,0.0005568995578375486,0.006166447522508792,True,True,0.9999999999999987,54.992657967843115,252.5078125,SUCCESS,,False,d7edcf4ca084e975b0b8d916d003c9c772e9c801b06175ee7112ef86cdea99f3,018e499280521e6e6764118d14af76ed4cee74fd501addf4dd69087da5bcc557,False,
phase3-ae892b06989137048fa0b6c8,PHASE_3_EMPIRICAL_DILUTION_SCALING,PREREGISTERED_EMPIRICAL_DILUTION_SCALING,PRIMARY_MATRIX,development,task-p3-ff25d52b46ff8fca,g-595b062626366822,phase3-m18-b02-g-595b062626366822,18,10,18,262144,11,1,1,0.0909090909090909,3.814697265625e-06,5.418539921951662,P2_O0,MEAN_ENERGY_PREPARATION,COMMON_INITIALIZATION_PREPARATION,2,"[1103, 2207, 3301]",3301.0,1103.0,phase3-0ef254344d0b4ce471b06ff3,,"[2.8746040698350956, 3.2295534178963874, 1.3381083226815658, 0.4324890662459698]","[4.756586439454172, 3.5959712793544565, 3.6395178040711738, -1.0926824772508914]","[4.756586439454172, 3.5959712793544565, 3.6395178040711738, -1.0926824772508914]",COBYLA,120,120,120,121,3,Return from COBYLA because the objective function has been evaluated MAXFUN times.,3.135426716678075,1.627985613294658,1.507441103383417,1.627985613294658,0.0732885288148708,1.1226415958013347,0.43205548867845356,1.5546970844797885,0.0006418610252010659,0.0006418610252010659,1.0,168.26001659030823,2.2259809274006956,0.1,1.0571504474706894,1.092832583972494,False,0.000641861025201066,0.004710331346718055,True,True,0.9999999999999999,55.13451213296503,252.5078125,SUCCESS,,False,d7edcf4ca084e975b0b8d916d003c9c772e9c801b06175ee7112ef86cdea99f3,018e499280521e6e6764118d14af76ed4cee74fd501addf4dd69087da5bcc557,False,
phase3-596a1a2f157f6a286c2c02f2,PHASE_3_EMPIRICAL_DILUTION_SCALING,PREREGISTERED_EMPIRICAL_DILUTION_SCALING,PRIMARY_MATRIX,development,task-p3-ff25d52b46ff8fca,g-595b062626366822,phase3-m18-b02-g-595b062626366822,18,10,18,262144,11,1,1,0.0909090909090909,3.814697265625e-06,5.418539921951662,O0,MEAN_ENERGY,STANDARD_BASELINE,3,"[1103, 2207, 3301]",,1103.0,phase3-0ef254344d0b4ce471b06ff3,"[5.297004727972551, 5.450323773031597, 0.0, 0.6813043113487367, 1.9871989814661626, 0.0]","[5.297004727972551, 5.450323773031597, 0.0, 0.6813043113487367, 1.9871989814661626, 0.0]","[5.1666421568853576, 6.237626775770533, 0.8223133340880534, 0.7866120259749716, 2.089648845041132, -0.13605577244569758]","[5.1666421568853576, 6.237626775770533, 0.8223133340880534, 0.7866120259749716, 2.089648845041132, -0.13605577244569758]",COBYLA,240,240,240,241,3,Return from COBYLA because the objective function has been evaluated MAXFUN times.,1.3973911222803872,1.2593176971212086,0.13807342515917864,1.2593176971212086,0.04601240882490602,1.0980423953304828,0.11526289296582146,1.2133052882963047,0.0004058421953630699,0.0004058421953630699,1.0,106.3890964612566,2.026897120540253,0.1,1.0488286196821703,1.0526315789473684,False,0.0004058421953630705,0.09959415780463693,True,True,0.9999999999999986,142.59002614300698,253.265625,SUCCESS,,False,d7edcf4ca084e975b0b8d916d003c9c772e9c801b06175ee7112ef86cdea99f3,018e499280521e6e6764118d14af76ed4cee74fd501addf4dd69087da5bcc557,False,
phase3-d073841f8dbf842fbaa36948,PHASE_3_EMPIRICAL_DILUTION_SCALING,PREREGISTERED_EMPIRICAL_DILUTION_SCALING,PRIMARY_MATRIX,development,task-p3-ff25d52b46ff8fca,g-595b062626366822,phase3-m18-b02-g-595b062626366822,18,10,18,262144,11,1,1,0.0909090909090909,3.814697265625e-06,5.418539921951662,O2,EXACT_FEASIBILITY_CAPACITY_CONTROL,STATEVECTOR_MECHANISTIC_CAPACITY_CONTROL,3,"[1103, 2207, 3301]",,1103.0,phase3-0ef254344d0b4ce471b06ff3,"[5.297004727972551, 5.450323773031597, 0.0, 0.6813043113487367, 1.9871989814661626, 0.0]","[5.297004727972551, 5.450323773031597, 0.0, 0.6813043113487367, 1.9871989814661626, 0.0]","[5.932503545313589, 4.963403922078652, 1.3069200000543602, 0.9772689042126566, 1.7160826329267167, -0.19132180480219774]","[5.932503545313589, 4.963403922078652, 1.3069200000543602, 0.9772689042126566, 1.7160826329267167, -0.19132180480219774]",COBYLA,240,240,240,241,3,Return from COBYLA because the objective function has been evaluated MAXFUN times.,0.9997330976038462,0.9951031014118404,0.00462999619200577,1.8021422746824254,0.10585014082806644,1.0967626541017428,0.5995294797526167,1.6962921338543595,0.0048968985881595725,0.0048968985881595725,1.0,1283.692583494503,3.108461032084084,0.1,1.0410335502196362,1.1102882835228773,False,0.00489689858815956,0.0027896464445581054,True,True,1.0000000000000024,116.04148392565548,253.265625,SUCCESS,,False,d7edcf4ca084e975b0b8d916d003c9c772e9c801b06175ee7112ef86cdea99f3,018e499280521e6e6764118d14af76ed4cee74fd501addf4dd69087da5bcc557,False,
phase3-4aed810337ded50d77d87aac,PHASE_3_EMPIRICAL_DILUTION_SCALING,PREREGISTERED_EMPIRICAL_DILUTION_SCALING,PRIMARY_MATRIX,development,task-p3-ff25d52b46ff8fca,g-595b062626366822,phase3-m18-b02-g-595b062626366822,18,10,18,262144,11,1,1,0.0909090909090909,3.814697265625e-06,5.418539921951662,O3,CVAR_ENERGY,TAIL_FOCUSED_ROUTING_OBJECTIVE,3,"[1103, 2207, 3301]",,1103.0,phase3-0ef254344d0b4ce471b06ff3,"[5.297004727972551, 5.450323773031597, 0.0, 0.6813043113487367, 1.9871989814661626, 0.0]","[5.297004727972551, 5.450323773031597, 0.0, 0.6813043113487367, 1.9871989814661626, 0.0]","[5.282698832378302, 5.404016499961159, -0.034144271844869754, 0.6271125943589906, 2.0456150733208127, 0.10709564848676001]","[5.282698832378302, 5.404016499961159, -0.034144271844869754, 0.6271125943589906, 2.0456150733208127, 0.10709564848676001]",COBYLA,240,76,76,77,0,Return from COBYLA because the trust region radius reaches its lower bound.,1.0501305601968451,1.047938537498045,0.0021920226988001446,1.5232480037530491,0.06360983652396875,1.108561003106429,0.3510771641226505,1.4596381672290792,0.0005009440611086925,0.0005009440611086925,1.0,131.31947995527707,2.118329154189798,0.1,1.047938537498045,1.0626818302036498,False,0.0005009440611086919,1.067990839344335e-05,True,True,1.000000000000001,38.33368389494717,253.265625,SUCCESS,,False,d7edcf4ca084e975b0b8d916d003c9c772e9c801b06175ee7112ef86cdea99f3,018e499280521e6e6764118d14af76ed4cee74fd501addf4dd69087da5bcc557,False,
phase3-e454407c42357a2c867816b4,PHASE_3_EMPIRICAL_DILUTION_SCALING,PREREGISTERED_EMPIRICAL_DILUTION_SCALING,PRIMARY_MATRIX,development,task-p3-e583c66df4316206,g-0510569b7dbe24ff,phase3-m18-b03-g-0510569b7dbe24ff,18,9,18,262144,11,11,11,1.0,4.1961669921875e-05,4.377147236793436,P2_O0,MEAN_ENERGY_PREPARATION,COMMON_INITIALIZATION_PREPARATION,2,"[1103, 2207, 3301]",1103.0,2207.0,phase3-3bf05676114b56ba7d820a79,,"[1.4361119332668082, 4.6766136583430296, 1.8287983773432719, 0.554097077555417]","[2.6972840397219655, 4.40481200208598, 2.284683973459006, 0.08626509163797691]","[2.6972840397219655, 4.40481200208598, 2.284683973459006, 0.08626509163797691]",COBYLA,120,120,120,121,3,Return from COBYLA because the objective function has been evaluated MAXFUN times.,2.770071375279742,1.923321534372045,0.8467498409076972,1.923321534372045,0.17164750559198425,1.2161645223161723,0.5355095064638888,1.7516740287800612,0.005119143023714365,0.0006176137511709558,0.12064787959818038,121.9956935280526,2.0863445002648024,0.1,1.0698618387313814,1.1579773869346734,False,0.005119143023714358,5.605704162858771e-05,True,True,1.0000000000000013,55.249330846592784,252.3359375,SUCCESS,,False,d7edcf4ca084e975b0b8d916d003c9c772e9c801b06175ee7112ef86cdea99f3,018e499280521e6e6764118d14af76ed4cee74fd501addf4dd69087da5bcc557,False,
phase3-3bf05676114b56ba7d820a79,PHASE_3_EMPIRICAL_DILUTION_SCALING,PREREGISTERED_EMPIRICAL_DILUTION_SCALING,PRIMARY_MATRIX,development,task-p3-e583c66df4316206,g-0510569b7dbe24ff,phase3-m18-b03-g-0510569b7dbe24ff,18,9,18,262144,11,11,11,1.0,4.1961669921875e-05,4.377147236793436,P2_O0,MEAN_ENERGY_PREPARATION,COMMON_INITIALIZATION_PREPARATION,2,"[1103, 2207, 3301]",2207.0,2207.0,phase3-3bf05676114b56ba7d820a79,,"[4.119365739193051, 4.0465795222369225, 1.5369649905613294, 0.28561357469155796]","[5.736505207966111, 3.988626294846268, 2.4440964492135753, 0.08807438516090123]","[5.736505207966111, 3.988626294846268, 2.4440964492135753, 0.08807438516090123]",COBYLA,120,120,120,121,3,Return from COBYLA because the objective function has been evaluated MAXFUN times.,2.634595769348574,1.4333446283226725,1.2012511410259017,1.4333446283226725,0.11481820903446457,1.0891819599850994,0.2293444593031086,1.3185264192882078,0.021827155475788753,0.0033954561074946875,0.15556109046187971,520.168895004106,2.7161443787480413,0.1,0.8606464248974006,1.1066268844221105,False,0.021827155475788763,0.0003376592377592469,True,True,0.9999999999999994,54.47989995311946,252.3359375,SUCCESS,,False,d7edcf4ca084e975b0b8d916d003c9c772e9c801b06175ee7112ef86cdea99f3,018e499280521e6e6764118d14af76ed4cee74fd501addf4dd69087da5bcc557,False,
phase3-9a99db525e49fc655f505484,PHASE_3_EMPIRICAL_DILUTION_SCALING,PREREGISTERED_EMPIRICAL_DILUTION_SCALING,PRIMARY_MATRIX,development,task-p3-e583c66df4316206,g-0510569b7dbe24ff,phase3-m18-b03-g-0510569b7dbe24ff,18,9,18,262144,11,11,11,1.0,4.1961669921875e-05,4.377147236793436,P2_O0,MEAN_ENERGY_PREPARATION,COMMON_INITIALIZATION_PREPARATION,2,"[1103, 2207, 3301]",3301.0,2207.0,phase3-3bf05676114b56ba7d820a79,,"[2.8746040698350956, 3.2295534178963874, 1.3381083226815658, 0.4324890662459698]","[5.074925185241495, 3.7314351577008917, 2.4148247060745356, 0.09923679047300485]","[5.074925185241495, 3.7314351577008917, 2.4148247060745356, 0.09923679047300485]",COBYLA,120,120,120,121,3,Return from COBYLA because the objective function has been evaluated MAXFUN times.,2.803704504488702,1.6187450613361565,1.1849594431525456,1.6187450613361565,0.13104304636415884,1.1210131859763484,0.36668882899564903,1.4877020149719973,0.01579588390816732,0.0027600338840746198,0.17473120846675344,376.436017383874,2.57569117002282,0.1,0.9256086557318212,1.116677135678392,False,0.015795883908167337,0.00017779220468015777,True,True,0.9999999999999989,51.59552679024637,252.3359375,SUCCESS,,False,d7edcf4ca084e975b0b8d916d003c9c772e9c801b06175ee7112ef86cdea99f3,018e499280521e6e6764118d14af76ed4cee74fd501addf4dd69087da5bcc557,False,
phase3-a7206f856bf2d7e3b4bf9d82,PHASE_3_EMPIRICAL_DILUTION_SCALING,PREREGISTERED_EMPIRICAL_DILUTION_SCALING,PRIMARY_MATRIX,development,task-p3-e583c66df4316206,g-0510569b7dbe24ff,phase3-m18-b03-g-0510569b7dbe24ff,18,9,18,262144,11,11,11,1.0,4.1961669921875e-05,4.377147236793436,O0,MEAN_ENERGY,STANDARD_BASELINE,3,"[1103, 2207, 3301]",,2207.0,phase3-3bf05676114b56ba7d820a79,"[5.736505207966111, 3.988626294846268, 0.0, 2.4440964492135753, 0.08807438516090123, 0.0]","[5.736505207966111, 3.988626294846268, 0.0, 2.4440964492135753, 0.08807438516090123, 0.0]","[6.728927972126081, 4.461961965949492, 0.06392900924499144, 2.4274638926247807, 0.1291484915785252, -0.03793765043293322]","[6.728927972126081, 4.461961965949492, 0.06392900924499144, 2.4274638926247807, 0.1291484915785252, -0.03793765043293322]",COBYLA,240,240,240,241,3,Return from COBYLA because the objective function has been evaluated MAXFUN times.,1.4333446283226725,1.2376138933030605,0.19573073501961202,1.2376138933030605,0.09351593526692943,1.0507698160755627,0.09332814196056878,1.1440979580361317,0.03678456379756613,0.006095162527293894,0.16569892090706764,876.6229720135615,2.9428128472077506,0.1,0.6957285329944319,1.081501256281407,False,0.03678456379756619,0.0013970343423836545,True,True,0.9999999999999982,145.63078518677503,253.265625,SUCCESS,,False,d7edcf4ca084e975b0b8d916d003c9c772e9c801b06175ee7112ef86cdea99f3,018e499280521e6e6764118d14af76ed4cee74fd501addf4dd69087da5bcc557,False,
phase3-d0c897b01a9b0b32be7c72db,PHASE_3_EMPIRICAL_DILUTION_SCALING,PREREGISTERED_EMPIRICAL_DILUTION_SCALING,PRIMARY_MATRIX,development,task-p3-e583c66df4316206,g-0510569b7dbe24ff,phase3-m18-b03-g-0510569b7dbe24ff,18,9,18,262144,11,11,11,1.0,4.1961669921875e-05,4.377147236793436,O2,EXACT_FEASIBILITY_CAPACITY_CONTROL,STATEVECTOR_MECHANISTIC_CAPACITY_CONTROL,3,"[1103, 2207, 3301]",,2207.0,phase3-3bf05676114b56ba7d820a79,"[5.736505207966111, 3.988626294846268, 0.0, 2.4440964492135753, 0.08807438516090123, 0.0]","[5.736505207966111, 3.988626294846268, 0.0, 2.4440964492135753, 0.08807438516090123, 0.0]","[7.2604583038029, 4.37494898125499, -0.863813816383963, 2.45915938392855, 0.11021612273144352, 0.1097180086648778]","[7.2604583038029, 4.37494898125499, -0.863813816383963, 2.45915938392855, 0.11021612273144352, 0.1097180086648778]",COBYLA,240,240,240,241,3,Return from COBYLA because the objective function has been evaluated MAXFUN times.,0.9781728445242113,0.9300386869060514,0.04813415761815987,1.3399865499994366,0.1065138049750505,1.0238044456175874,0.2096682994067985,1.2334727450243863,0.06996131309394861,0.011033329569883664,0.15770615332887464,1667.267132700006,3.2220051888880175,0.1,0.3666240283197307,1.0915515075376885,False,0.06996131309394873,0.00042904885804895265,True,True,0.9999999999999982,115.92076351959258,253.265625,SUCCESS,,False,d7edcf4ca084e975b0b8d916d003c9c772e9c801b06175ee7112ef86cdea99f3,018e499280521e6e6764118d14af76ed4cee74fd501addf4dd69087da5bcc557,False,
phase3-bbfd446d4508b573815cafc3,PHASE_3_EMPIRICAL_DILUTION_SCALING,PREREGISTERED_EMPIRICAL_DILUTION_SCALING,PRIMARY_MATRIX,development,task-p3-e583c66df4316206,g-0510569b7dbe24ff,phase3-m18-b03-g-0510569b7dbe24ff,18,9,18,262144,11,11,11,1.0,4.1961669921875e-05,4.377147236793436,O3,CVAR_ENERGY,TAIL_FOCUSED_ROUTING_OBJECTIVE,3,"[1103, 2207, 3301]",,2207.0,phase3-3bf05676114b56ba7d820a79,"[5.736505207966111, 3.988626294846268, 0.0, 2.4440964492135753, 0.08807438516090123, 0.0]","[5.736505207966111, 3.988626294846268, 0.0, 2.4440964492135753, 0.08807438516090123, 0.0]","[7.180266556011725, 4.06174484882922, -0.8689094653094749, 2.444354748665241, 0.13618927788836893, 0.10163231278120821]","[7.180266556011725, 4.06174484882922, -0.8689094653094749, 2.444354748665241, 0.13618927788836893, 0.10163231278120821]",COBYLA,240,240,240,241,3,Return from COBYLA because the objective function has been evaluated MAXFUN times.,0.8606464248974006,0.36568899753613554,0.4949574273612651,1.3643166729225864,0.10818837038585372,1.02670260559957,0.22942569693716283,1.2561283025367331,0.0701283113427797,0.011273947659962452,0.16076171583337576,1671.2469135128767,3.223040618208372,0.1,0.36568899753613554,1.0915515075376885,False,0.07012831134277986,0.0006225922218525276,True,True,0.999999999999998,91.30470888502896,253.265625,SUCCESS,,False,d7edcf4ca084e975b0b8d916d003c9c772e9c801b06175ee7112ef86cdea99f3,018e499280521e6e6764118d14af76ed4cee74fd501addf4dd69087da5bcc557,False,
phase3-18c7241e29405e57ed46dc57,PHASE_3_EMPIRICAL_DILUTION_SCALING,PREREGISTERED_EMPIRICAL_DILUTION_SCALING,PRIMARY_MATRIX,development,task-p3-29e2fa41ead6bf52,g-0510569b7dbe24ff,phase3-m18-b03-g-0510569b7dbe24ff,18,9,18,262144,11,7,7,0.6363636363636364,2.6702880859375e-05,4.573441881937405,P2_O0,MEAN_ENERGY_PREPARATION,COMMON_INITIALIZATION_PREPARATION,2,"[1103, 2207, 3301]",1103.0,1103.0,phase3-18c7241e29405e57ed46dc57,,"[1.4361119332668082, 4.6766136583430296, 1.8287983773432719, 0.554097077555417]","[3.774966223178452, 5.371967445626125, 3.711731575380165, -0.9875302196652164]","[3.774966223178452, 5.371967445626125, 3.711731575380165, -0.9875302196652164]",COBYLA,120,120,120,121,3,Return from COBYLA because the objective function has been evaluated MAXFUN times.,3.007282248745425,1.2402372824742853,1.7670449662711398,1.2402372824742853,0.04829349567560796,1.0466228195163472,0.14532096728232924,1.1919437867986773,0.01053786756136892,0.002444954235787585,0.23201603375151675,394.63410771535627,2.5961946180485236,0.1,0.92879133610824,1.03125,False,0.010537867561368945,0.08946213243863106,True,True,0.9999999999999976,54.68631705828011,252.5078125,SUCCESS,,False,d7edcf4ca084e975b0b8d916d003c9c772e9c801b06175ee7112ef86cdea99f3,018e499280521e6e6764118d14af76ed4cee74fd501addf4dd69087da5bcc557,False,
phase3-2727defbc3c0a61510bd6af9,PHASE_3_EMPIRICAL_DILUTION_SCALING,PREREGISTERED_EMPIRICAL_DILUTION_SCALING,PRIMARY_MATRIX,development,task-p3-29e2fa41ead6bf52,g-0510569b7dbe24ff,phase3-m18-b03-g-0510569b7dbe24ff,18,9,18,262144,11,7,7,0.6363636363636364,2.6702880859375e-05,4.573441881937405,P2_O0,MEAN_ENERGY_PREPARATION,COMMON_INITIALIZATION_PREPARATION,2,"[1103, 2207, 3301]",2207.0,1103.0,phase3-18c7241e29405e57ed46dc57,,"[4.119365739193051, 4.0465795222369225, 1.5369649905613294, 0.28561357469155796]","[5.312183855367144, 3.9532472048452436, 3.1777269873420466, -0.7650390908777115]","[5.312183855367144, 3.9532472048452436, 3.1777269873420466, -0.7650390908777115]",COBYLA,120,120,120,121,3,Return from COBYLA because the objective function has been evaluated MAXFUN times.,2.7528893509143115,1.3272174526462466,1.425671898268065,1.3272174526462466,0.055391016186859224,1.0484049678768743,0.2234214685825128,1.2718264364593874,0.01776366005487242,0.004006423439484474,0.22554042506490923,665.2338430606394,2.8229743353770234,0.1,0.8584569834051938,1.03125,False,0.017763660054872454,0.08223633994512755,True,True,0.9999999999999981,52.631479914300144,252.5078125,SUCCESS,,False,d7edcf4ca084e975b0b8d916d003c9c772e9c801b06175ee7112ef86cdea99f3,018e499280521e6e6764118d14af76ed4cee74fd501addf4dd69087da5bcc557,False,
phase3-7fb6bb56e877aa21e969bb57,PHASE_3_EMPIRICAL_DILUTION_SCALING,PREREGISTERED_EMPIRICAL_DILUTION_SCALING,PRIMARY_MATRIX,development,task-p3-29e2fa41ead6bf52,g-0510569b7dbe24ff,phase3-m18-b03-g-0510569b7dbe24ff,18,9,18,262144,11,7,7,0.6363636363636364,2.6702880859375e-05,4.573441881937405,P2_O0,MEAN_ENERGY_PREPARATION,COMMON_INITIALIZATION_PREPARATION,2,"[1103, 2207, 3301]",3301.0,1103.0,phase3-18c7241e29405e57ed46dc57,,"[2.8746040698350956, 3.2295534178963874, 1.3381083226815658, 0.4324890662459698]","[5.15177712115273, 3.7580513421165502, 2.374506339071916, 0.1076457144723139]","[5.15177712115273, 3.7580513421165502, 2.374506339071916, 0.1076457144723139]",COBYLA,120,120,120,121,3,Return from COBYLA because the objective function has been evaluated MAXFUN times.,2.9405098387018542,1.6829835530476156,1.2575262856542386,1.6829835530476156,0.11242806226222582,1.1012781021578864,0.4692773886275033,1.57055549078539,0.013080715372243645,0.0033311362381673914,0.2546600964375257,489.86157864877686,2.690073377739285,0.1,0.9387365715222923,1.0926507537688441,False,0.013080715372243654,0.0008670616563382916,True,True,0.9999999999999992,53.238114959560335,252.5078125,SUCCESS,,False,d7edcf4ca084e975b0b8d916d003c9c772e9c801b06175ee7112ef86cdea99f3,018e499280521e6e6764118d14af76ed4cee74fd501addf4dd69087da5bcc557,False,
phase3-caf197429e296f97ebe75ba9,PHASE_3_EMPIRICAL_DILUTION_SCALING,PREREGISTERED_EMPIRICAL_DILUTION_SCALING,PRIMARY_MATRIX,development,task-p3-29e2fa41ead6bf52,g-0510569b7dbe24ff,phase3-m18-b03-g-0510569b7dbe24ff,18,9,18,262144,11,7,7,0.6363636363636364,2.6702880859375e-05,4.573441881937405,O0,MEAN_ENERGY,STANDARD_BASELINE,3,"[1103, 2207, 3301]",,1103.0,phase3-18c7241e29405e57ed46dc57,"[3.774966223178452, 5.371967445626125, 0.0, 3.711731575380165, -0.9875302196652164, 0.0]","[3.774966223178452, 5.371967445626125, 0.0, 3.711731575380165, -0.9875302196652164, 0.0]","[4.769527066366727, 6.183357595604292, 0.6036286673864693, 3.9134262001403655, -0.9938115463269712, -0.11574159236311286]","[4.769527066366727, 6.183357595604292, 0.6036286673864693, 3.9134262001403655, -0.9938115463269712, -0.11574159236311286]",COBYLA,240,240,240,241,3,Return from COBYLA because the objective function has been evaluated MAXFUN times.,1.2402372824742853,1.122549814176474,0.11768746829781129,1.122549814176474,0.036174724548781206,1.0383654107064677,0.048009678921225415,1.0863750896276927,0.011379448972002309,0.0021846518261657726,0.19198221561877304,426.1506101880819,2.62956311462803,0.1,0.9205643364465416,1.03125,False,0.011379448972002324,0.08862055102799768,True,True,0.9999999999999988,129.69993642903864,253.265625,SUCCESS,,False,d7edcf4ca084e975b0b8d916d003c9c772e9c801b06175ee7112ef86cdea99f3,018e499280521e6e6764118d14af76ed4cee74fd501addf4dd69087da5bcc557,False,
phase3-8a21dd14e909a2c7d06630a6,PHASE_3_EMPIRICAL_DILUTION_SCALING,PREREGISTERED_EMPIRICAL_DILUTION_SCALING,PRIMARY_MATRIX,development,task-p3-29e2fa41ead6bf52,g-0510569b7dbe24ff,phase3-m18-b03-g-0510569b7dbe24ff,18,9,18,262144,11,7,7,0.6363636363636364,2.6702880859375e-05,4.573441881937405,O2,EXACT_FEASIBILITY_CAPACITY_CONTROL,STATEVECTOR_MECHANISTIC_CAPACITY_CONTROL,3,"[1103, 2207, 3301]",,1103.0,phase3-18c7241e29405e57ed46dc57,"[3.774966223178452, 5.371967445626125, 0.0, 3.711731575380165, -0.9875302196652164, 0.0]","[3.774966223178452, 5.371967445626125, 0.0, 3.711731575380165, -0.9875302196652164, 0.0]","[4.296006429629831, 5.29758158168087, 0.621165774387767, 3.033404405410091, -0.4375405552543825, -0.14641281004675258]","[4.296006429629831, 5.29758158168087, 0.621165774387767, 3.033404405410091, -0.4375405552543825, -0.14641281004675258]",COBYLA,240,240,240,241,3,Return from COBYLA because the objective function has been evaluated MAXFUN times.,0.9894621324386311,0.9597275607718481,0.02973457166678306,1.299346961560797,0.060557760002061596,1.012581475927683,0.2262077256310526,1.2387892015587358,0.0402724392281519,0.008691757448370528,0.21582396335940518,1508.1683298606645,3.17844981676571,0.1,0.6413319519472833,1.0413002512562815,False,0.04027243922815179,0.007438033337431163,True,True,1.0000000000000027,113.7740315143019,253.265625,SUCCESS,,False,d7edcf4ca084e975b0b8d916d003c9c772e9c801b06175ee7112ef86cdea99f3,018e499280521e6e6764118d14af76ed4cee74fd501addf4dd69087da5bcc557,False,
phase3-114f0df13949505383b76176,PHASE_3_EMPIRICAL_DILUTION_SCALING,PREREGISTERED_EMPIRICAL_DILUTION_SCALING,PRIMARY_MATRIX,development,task-p3-29e2fa41ead6bf52,g-0510569b7dbe24ff,phase3-m18-b03-g-0510569b7dbe24ff,18,9,18,262144,11,7,7,0.6363636363636364,2.6702880859375e-05,4.573441881937405,O3,CVAR_ENERGY,TAIL_FOCUSED_ROUTING_OBJECTIVE,3,"[1103, 2207, 3301]",,1103.0,phase3-18c7241e29405e57ed46dc57,"[3.774966223178452, 5.371967445626125, 0.0, 3.711731575380165, -0.9875302196652164, 0.0]","[3.774966223178452, 5.371967445626125, 0.0, 3.711731575380165, -0.9875302196652164, 0.0]","[4.279677079276722, 5.244579732781337, -1.0435488102036605, 3.0423145846160504, -0.6240420854046331, 0.16735048932306953]","[4.279677079276722, 5.244579732781337, -1.0435488102036605, 3.0423145846160504, -0.6240420854046331, 0.16735048932306953]",COBYLA,240,240,240,241,3,Return from COBYLA because the objective function has been evaluated MAXFUN times.,0.92879133610824,0.4015020119630428,0.5272893241451972,1.359153851417635,0.0745940949348551,0.988492686436118,0.2960670700466616,1.2845597564827802,0.06534452421156366,0.013327706761965088,0.2039605754694065,2447.0964221308777,3.38865108205075,0.1,0.4015020119630428,1.051350502512563,False,0.06534452421156373,0.005821649346335611,True,True,0.9999999999999988,84.26084166858345,253.265625,SUCCESS,,False,d7edcf4ca084e975b0b8d916d003c9c772e9c801b06175ee7112ef86cdea99f3,018e499280521e6e6764118d14af76ed4cee74fd501addf4dd69087da5bcc557,False,
phase3-cace35a4fb5efa810357f054,PHASE_3_EMPIRICAL_DILUTION_SCALING,PREREGISTERED_EMPIRICAL_DILUTION_SCALING,PRIMARY_MATRIX,development,task-p3-1bebe0fdf35e1111,g-0510569b7dbe24ff,phase3-m18-b03-g-0510569b7dbe24ff,18,9,18,262144,11,4,4,0.3636363636363636,1.52587890625e-05,4.816479930623699,P2_O0,MEAN_ENERGY_PREPARATION,COMMON_INITIALIZATION_PREPARATION,2,"[1103, 2207, 3301]",1103.0,2207.0,phase3-ac762a501ccde34ba6cceede,,"[1.4361119332668082, 4.6766136583430296, 1.8287983773432719, 0.554097077555417]","[4.10951160367728, 4.705553303971388, 0.508865249935647, -1.0324194380402671]","[4.10951160367728, 4.705553303971388, 0.508865249935647, -1.0324194380402671]",COBYLA,120,120,120,121,3,Return from COBYLA because the objective function has been evaluated MAXFUN times.,3.1202533242942487,1.3665313148573943,1.7537220094368544,1.3665313148573943,0.04358411986299045,1.0450475230192429,0.27789967197516086,1.322947194994404,0.007524940502863566,0.0022529275287021013,0.2993947298114536,493.15450079566665,2.692983001084903,0.1,0.9578522925255369,1.03125,False,0.007524940502863566,0.09247505949713644,True,True,1.0000000000000002,54.91152573376894,252.5078125,SUCCESS,,False,d7edcf4ca084e975b0b8d916d003c9c772e9c801b06175ee7112ef86cdea99f3,018e499280521e6e6764118d14af76ed4cee74fd501addf4dd69087da5bcc557,False,
phase3-ac762a501ccde34ba6cceede,PHASE_3_EMPIRICAL_DILUTION_SCALING,PREREGISTERED_EMPIRICAL_DILUTION_SCALING,PRIMARY_MATRIX,development,task-p3-1bebe0fdf35e1111,g-0510569b7dbe24ff,phase3-m18-b03-g-0510569b7dbe24ff,18,9,18,262144,11,4,4,0.3636363636363636,1.52587890625e-05,4.816479930623699,P2_O0,MEAN_ENERGY_PREPARATION,COMMON_INITIALIZATION_PREPARATION,2,"[1103, 2207, 3301]",2207.0,2207.0,phase3-ac762a501ccde34ba6cceede,,"[4.119365739193051, 4.0465795222369225, 1.5369649905613294, 0.28561357469155796]","[5.419237597891213, 4.06292596177068, 3.6975501701987747, -1.1290151264092978]","[5.419237597891213, 4.06292596177068, 3.6975501701987747, -1.1290151264092978]",COBYLA,120,120,120,121,3,Return from COBYLA because the objective function has been evaluated MAXFUN times.,2.815393115584716,1.3439081375121964,1.4714849780725194,1.3439081375121964,0.041173715858770096,1.04352805383493,0.2592063678184943,1.3027344216534265,0.007823725133693626,0.0022592014232291264,0.2887628827218965,512.7356503617455,2.7098935148601684,0.1,0.9549485968254349,1.03125,False,0.007823725133693617,0.09217627486630639,True,True,1.000000000000001,54.439744231291115,252.5078125,SUCCESS,,False,d7edcf4ca084e975b0b8d916d003c9c772e9c801b06175ee7112ef86cdea99f3,018e499280521e6e6764118d14af76ed4cee74fd501addf4dd69087da5bcc557,False,
phase3-85d83cd65c9cc35cdd65a4ea,PHASE_3_EMPIRICAL_DILUTION_SCALING,PREREGISTERED_EMPIRICAL_DILUTION_SCALING,PRIMARY_MATRIX,development,task-p3-1bebe0fdf35e1111,g-0510569b7dbe24ff,phase3-m18-b03-g-0510569b7dbe24ff,18,9,18,262144,11,4,4,0.3636363636363636,1.52587890625e-05,4.816479930623699,P2_O0,MEAN_ENERGY_PREPARATION,COMMON_INITIALIZATION_PREPARATION,2,"[1103, 2207, 3301]",3301.0,2207.0,phase3-ac762a501ccde34ba6cceede,,"[2.8746040698350956, 3.2295534178963874, 1.3381083226815658, 0.4324890662459698]","[5.4696669001831335, 4.0009768574264, 2.3333736282817865, 0.12222882175308598]","[5.4696669001831335, 4.0009768574264, 2.3333736282817865, 0.12222882175308598]",COBYLA,120,120,120,121,3,Return from COBYLA because the objective function has been evaluated MAXFUN times.,3.015974603768247,1.7312041770402455,1.2847704267280013,1.7312041770402455,0.09928198389508969,1.0863478654501986,0.5455743276949573,1.6319221931451555,0.011218093210688708,0.003881787079696483,0.3460291340776059,735.1889566556952,2.8663989748477037,0.1,0.9417073488972214,1.0714510050251256,False,0.011218093210688736,2.6847222733439313e-05,True,True,0.9999999999999974,53.185541624203324,252.5078125,SUCCESS,,False,d7edcf4ca084e975b0b8d916d003c9c772e9c801b06175ee7112ef86cdea99f3,018e499280521e6e6764118d14af76ed4cee74fd501addf4dd69087da5bcc557,False,
phase3-0ee6eea1a7b5dc6902ab5852,PHASE_3_EMPIRICAL_DILUTION_SCALING,PREREGISTERED_EMPIRICAL_DILUTION_SCALING,PRIMARY_MATRIX,development,task-p3-1bebe0fdf35e1111,g-0510569b7dbe24ff,phase3-m18-b03-g-0510569b7dbe24ff,18,9,18,262144,11,4,4,0.3636363636363636,1.52587890625e-05,4.816479930623699,O0,MEAN_ENERGY,STANDARD_BASELINE,3,"[1103, 2207, 3301]",,2207.0,phase3-ac762a501ccde34ba6cceede,"[5.419237597891213, 4.06292596177068, 0.0, 3.6975501701987747, -1.1290151264092978, 0.0]","[5.419237597891213, 4.06292596177068, 0.0, 3.6975501701987747, -1.1290151264092978, 0.0]","[5.942220391899134, 4.978757578364741, 0.868246467537722, 3.908027028439186, -1.129476839669052, -0.1405081956675283]","[5.942220391899134, 4.978757578364741, 0.868246467537722, 3.908027028439186, -1.129476839669052, -0.1405081956675283]",COBYLA,240,240,240,241,3,Return from COBYLA because the objective function has been evaluated MAXFUN times.,1.3439081375121964,1.1950864369436827,0.14882170056851374,1.1950864369436827,0.03573622788976755,1.026802987001429,0.1325472220524849,1.1593502090539136,0.019689067838167623,0.005066518469184081,0.25732647735422703,1290.3427498421534,3.1107050859531267,0.1,0.8393973309294481,1.03125,False,0.01968906783816762,0.08031093216183238,True,True,1.0000000000000002,146.6787622049451,253.265625,SUCCESS,,False,d7edcf4ca084e975b0b8d916d003c9c772e9c801b06175ee7112ef86cdea99f3,018e499280521e6e6764118d14af76ed4cee74fd501addf4dd69087da5bcc557,False,
phase3-acda812c50f89b89dcc05ed9,PHASE_3_EMPIRICAL_DILUTION_SCALING,PREREGISTERED_EMPIRICAL_DILUTION_SCALING,PRIMARY_MATRIX,development,task-p3-1bebe0fdf35e1111,g-0510569b7dbe24ff,phase3-m18-b03-g-0510569b7dbe24ff,18,9,18,262144,11,4,4,0.3636363636363636,1.52587890625e-05,4.816479930623699,O2,EXACT_FEASIBILITY_CAPACITY_CONTROL,STATEVECTOR_MECHANISTIC_CAPACITY_CONTROL,3,"[1103, 2207, 3301]",,2207.0,phase3-ac762a501ccde34ba6cceede,"[5.419237597891213, 4.06292596177068, 0.0, 3.6975501701987747, -1.1290151264092978, 0.0]","[5.419237597891213, 4.06292596177068, 0.0, 3.6975501701987747, -1.1290151264092978, 0.0]","[6.2066033765008894, 3.4219011894593705, 1.336743826799142, 4.013693543232167, -1.3425855967724012, -0.19144214587924344]","[6.2066033765008894, 3.4219011894593705, 1.336743826799142, 4.013693543232167, -1.3425855967724012, -0.19144214587924344]",COBYLA,240,240,240,241,3,Return from COBYLA because the objective function has been evaluated MAXFUN times.,0.9921762748663063,0.9593728740801764,0.03280340078612998,1.375004183893748,0.061554072965051096,1.0046678921955574,0.3087822187331402,1.313450110928697,0.040627125919823606,0.01342137082341362,0.3303549173008272,2662.53932428156,3.425296030791345,0.1,0.635976039366129,1.0413002512562815,False,0.04062712591982349,0.007173361648098217,True,True,1.000000000000003,115.04135155212134,253.265625,SUCCESS,,False,d7edcf4ca084e975b0b8d916d003c9c772e9c801b06175ee7112ef86cdea99f3,018e499280521e6e6764118d14af76ed4cee74fd501addf4dd69087da5bcc557,False,
phase3-99d9163bcf9b4b5831ff52df,PHASE_3_EMPIRICAL_DILUTION_SCALING,PREREGISTERED_EMPIRICAL_DILUTION_SCALING,PRIMARY_MATRIX,development,task-p3-1bebe0fdf35e1111,g-0510569b7dbe24ff,phase3-m18-b03-g-0510569b7dbe24ff,18,9,18,262144,11,4,4,0.3636363636363636,1.52587890625e-05,4.816479930623699,O3,CVAR_ENERGY,TAIL_FOCUSED_ROUTING_OBJECTIVE,3,"[1103, 2207, 3301]",,2207.0,phase3-ac762a501ccde34ba6cceede,"[5.419237597891213, 4.06292596177068, 0.0, 3.6975501701987747, -1.1290151264092978, 0.0]","[5.419237597891213, 4.06292596177068, 0.0, 3.6975501701987747, -1.1290151264092978, 0.0]","[5.484644555235908, 4.002342882198201, 0.6302047144665605, 3.0142880912969385, -0.410309402321595, -0.1576191824044643]","[5.484644555235908, 4.002342882198201, 0.6302047144665605, 3.0142880912969385, -0.410309402321595, -0.1576191824044643]",COBYLA,240,240,240,241,3,Return from COBYLA because the objective function has been evaluated MAXFUN times.,0.9549485968254349,0.744966085254964,0.20998251157047088,1.4306873710077046,0.05517423009662095,1.0076938882162885,0.36781925269479543,1.375513140911084,0.029369848743668915,0.009680932921501557,0.32962147697776,1924.782407265086,3.284381640511869,0.1,0.744966085254964,1.03125,False,0.02936984874366893,0.07063015125633107,True,True,0.9999999999999994,102.21574138663709,253.265625,SUCCESS,,False,d7edcf4ca084e975b0b8d916d003c9c772e9c801b06175ee7112ef86cdea99f3,018e499280521e6e6764118d14af76ed4cee74fd501addf4dd69087da5bcc557,False,
phase3-7703f2c924ac0b3af57cb92c,PHASE_3_EMPIRICAL_DILUTION_SCALING,PREREGISTERED_EMPIRICAL_DILUTION_SCALING,PRIMARY_MATRIX,development,task-p3-c3838972a3aa5aca,g-0510569b7dbe24ff,phase3-m18-b03-g-0510569b7dbe24ff,18,9,18,262144,11,3,3,0.2727272727272727,1.1444091796875e-05,4.941418667231999,P2_O0,MEAN_ENERGY_PREPARATION,COMMON_INITIALIZATION_PREPARATION,2,"[1103, 2207, 3301]",1103.0,2207.0,phase3-09c3d517e2305e69930239e2,,"[1.4361119332668082, 4.6766136583430296, 1.8287983773432719, 0.554097077555417]","[4.647210455169044, 4.426433840176193, 0.511476913640436, -1.0928901394744006]","[4.647210455169044, 4.426433840176193, 0.511476913640436, -1.0928901394744006]",COBYLA,120,120,120,121,3,Return from COBYLA because the objective function has been evaluated MAXFUN times.,3.1702452604245366,1.4366524257320807,1.7335928346924558,1.4366524257320807,0.039709394360210926,1.0463104904678575,0.35063254090401236,1.3969430313718691,0.005670437704182749,0.001639800796872885,0.2891841657414383,495.49040717509416,2.6950352508470243,0.1,0.9757216283521588,1.03125,False,0.005670437704182763,0.09432956229581724,True,True,0.9999999999999976,54.25070712901652,252.5078125,SUCCESS,,False,d7edcf4ca084e975b0b8d916d003c9c772e9c801b06175ee7112ef86cdea99f3,018e499280521e6e6764118d14af76ed4cee74fd501addf4dd69087da5bcc557,False,
phase3-09c3d517e2305e69930239e2,PHASE_3_EMPIRICAL_DILUTION_SCALING,PREREGISTERED_EMPIRICAL_DILUTION_SCALING,PRIMARY_MATRIX,development,task-p3-c3838972a3aa5aca,g-0510569b7dbe24ff,phase3-m18-b03-g-0510569b7dbe24ff,18,9,18,262144,11,3,3,0.2727272727272727,1.1444091796875e-05,4.941418667231999,P2_O0,MEAN_ENERGY_PREPARATION,COMMON_INITIALIZATION_PREPARATION,2,"[1103, 2207, 3301]",2207.0,2207.0,phase3-09c3d517e2305e69930239e2,,"[4.119365739193051, 4.0465795222369225, 1.5369649905613294, 0.28561357469155796]","[5.566399663960274, 4.752110569822573, 3.772001785601154, -1.1804524229022133]","[5.566399663960274, 4.752110569822573, 3.772001785601154, -1.1804524229022133]",COBYLA,120,120,120,121,3,Return from COBYLA because the objective function has been evaluated MAXFUN times.,2.8464276919533624,1.3775859435691553,1.4688417483842071,1.3775859435691553,0.034410732063797946,1.0437236495167022,0.29945156198865486,1.3431752115053572,0.005018116831129493,0.0012088254046146013,0.24089224011600288,438.4897395265366,2.6419594355147353,0.1,0.982147323757378,1.03125,False,0.005018116831129482,0.09498188316887052,True,True,1.0000000000000024,55.78380784485489,252.5078125,SUCCESS,,False,d7edcf4ca084e975b0b8d916d003c9c772e9c801b06175ee7112ef86cdea99f3,018e499280521e6e6764118d14af76ed4cee74fd501addf4dd69087da5bcc557,False,
phase3-69cf8cd9d38e5582a307f6d1,PHASE_3_EMPIRICAL_DILUTION_SCALING,PREREGISTERED_EMPIRICAL_DILUTION_SCALING,PRIMARY_MATRIX,development,task-p3-c3838972a3aa5aca,g-0510569b7dbe24ff,phase3-m18-b03-g-0510569b7dbe24ff,18,9,18,262144,11,3,3,0.2727272727272727,1.1444091796875e-05,4.941418667231999,P2_O0,MEAN_ENERGY_PREPARATION,COMMON_INITIALIZATION_PREPARATION,2,"[1103, 2207, 3301]",3301.0,2207.0,phase3-09c3d517e2305e69930239e2,,"[2.8746040698350956, 3.2295534178963874, 1.3381083226815658, 0.4324890662459698]","[5.115471915130149, 3.6719673325570397, 2.311453247100817, 0.12711530503772495]","[5.115471915130149, 3.6719673325570397, 2.311453247100817, 0.12711530503772495]",COBYLA,120,120,120,121,3,Return from COBYLA because the objective function has been evaluated MAXFUN times.,3.0551181854886,1.91894431983216,1.1361738656564397,1.91894431983216,0.10559470724682493,1.1031993008726433,0.7101503117126923,1.813349612585336,0.002558622975478822,0.0006175064497997832,0.24134327555009263,223.57588709464008,2.3494249626024266,0.1,1.0259103327345036,1.0714510050251256,False,0.002558622975478822,0.0002922465761126536,True,True,0.9999999999999998,52.89973083231598,252.5078125,SUCCESS,,False,d7edcf4ca084e975b0b8d916d003c9c772e9c801b06175ee7112ef86cdea99f3,018e499280521e6e6764118d14af76ed4cee74fd501addf4dd69087da5bcc557,False,
phase3-bbe279e68c9912c685ce52d4,PHASE_3_EMPIRICAL_DILUTION_SCALING,PREREGISTERED_EMPIRICAL_DILUTION_SCALING,PRIMARY_MATRIX,development,task-p3-c3838972a3aa5aca,g-0510569b7dbe24ff,phase3-m18-b03-g-0510569b7dbe24ff,18,9,18,262144,11,3,3,0.2727272727272727,1.1444091796875e-05,4.941418667231999,O0,MEAN_ENERGY,STANDARD_BASELINE,3,"[1103, 2207, 3301]",,2207.0,phase3-09c3d517e2305e69930239e2,"[5.566399663960274, 4.752110569822573, 0.0, 3.772001785601154, -1.1804524229022133, 0.0]","[5.566399663960274, 4.752110569822573, 0.0, 3.772001785601154, -1.1804524229022133, 0.0]","[5.538031359104185, 5.527837326559148, 0.6701076314457395, 3.914681252874944, -1.0775343848874945, -0.1519384751259928]","[5.538031359104185, 5.527837326559148, 0.6701076314457395, 3.914681252874944, -1.0775343848874945, -0.1519384751259928]",COBYLA,240,240,240,241,3,Return from COBYLA because the objective function has been evaluated MAXFUN times.,1.3775859435691553,1.2482004975535188,0.1293854460156365,1.2482004975535188,0.03050413186556762,1.0330525187311907,0.18464384695676017,1.2176963656879503,0.011329143197221433,0.0025734551895364474,0.2271535582821134,989.9556380974718,2.995615733424676,0.1,0.9204290354286268,1.03125,False,0.011329143197221413,0.08867085680277859,True,True,1.0000000000000018,146.30030343402177,253.265625,SUCCESS,,False,d7edcf4ca084e975b0b8d916d003c9c772e9c801b06175ee7112ef86cdea99f3,018e499280521e6e6764118d14af76ed4cee74fd501addf4dd69087da5bcc557,False,
phase3-5ca14afa57dc75944d394cd5,PHASE_3_EMPIRICAL_DILUTION_SCALING,PREREGISTERED_EMPIRICAL_DILUTION_SCALING,PRIMARY_MATRIX,development,task-p3-c3838972a3aa5aca,g-0510569b7dbe24ff,phase3-m18-b03-g-0510569b7dbe24ff,18,9,18,262144,11,3,3,0.2727272727272727,1.1444091796875e-05,4.941418667231999,O2,EXACT_FEASIBILITY_CAPACITY_CONTROL,STATEVECTOR_MECHANISTIC_CAPACITY_CONTROL,3,"[1103, 2207, 3301]",,2207.0,phase3-09c3d517e2305e69930239e2,"[5.566399663960274, 4.752110569822573, 0.0, 3.772001785601154, -1.1804524229022133, 0.0]","[5.566399663960274, 4.752110569822573, 0.0, 3.772001785601154, -1.1804524229022133, 0.0]","[5.8718216963254255, 4.614361302755393, 1.2372060368815554, 4.030268070407171, -1.3513187071623056, -0.1816009466419204]","[5.8718216963254255, 4.614361302755393, 1.2372060368815554, 4.030268070407171, -1.3513187071623056, -0.1816009466419204]",COBYLA,240,240,240,241,3,Return from COBYLA because the objective function has been evaluated MAXFUN times.,0.9949818831688705,0.963186055750191,0.03179582741867948,1.4868840636006555,0.062138098516655436,1.006117570097105,0.4186283949868953,1.424745965084,0.03681394424980905,0.012469883675442462,0.33872718421110615,3216.8515338073144,3.507431017527358,0.1,0.671659534156567,1.0413002512562815,False,0.03681394424980907,0.011218958841122464,True,True,0.9999999999999994,115.53418511059135,253.265625,SUCCESS,,False,d7edcf4ca084e975b0b8d916d003c9c772e9c801b06175ee7112ef86cdea99f3,018e499280521e6e6764118d14af76ed4cee74fd501addf4dd69087da5bcc557,False,
phase3-4b7e49ea2effc14b36fbb9f5,PHASE_3_EMPIRICAL_DILUTION_SCALING,PREREGISTERED_EMPIRICAL_DILUTION_SCALING,PRIMARY_MATRIX,development,task-p3-c3838972a3aa5aca,g-0510569b7dbe24ff,phase3-m18-b03-g-0510569b7dbe24ff,18,9,18,262144,11,3,3,0.2727272727272727,1.1444091796875e-05,4.941418667231999,O3,CVAR_ENERGY,TAIL_FOCUSED_ROUTING_OBJECTIVE,3,"[1103, 2207, 3301]",,2207.0,phase3-09c3d517e2305e69930239e2,"[5.566399663960274, 4.752110569822573, 0.0, 3.772001785601154, -1.1804524229022133, 0.0]","[5.566399663960274, 4.752110569822573, 0.0, 3.772001785601154, -1.1804524229022133, 0.0]","[5.236634565873457, 4.485470587229213, -1.1302697900491185, 2.9176991191115116, -0.492752263655366, 0.17264560725268158]","[5.236634565873457, 4.485470587229213, -1.1302697900491185, 2.9176991191115116, -0.492752263655366, 0.17264560725268158]",COBYLA,240,240,240,241,3,Return from COBYLA because the objective function has been evaluated MAXFUN times.,0.982147323757378,0.5137712412224215,0.46837608253495655,1.6247622342688808,0.07065017022491475,0.9708243406499176,0.5832877233940479,1.5541120640439663,0.053367662311070305,0.019134296683107378,0.35853728371269245,4663.337489624405,3.668696846845819,0.1,0.5137712412224215,1.051350502512563,False,0.05336766231107026,0.007575285884464669,True,True,1.0000000000000007,105.68708131182939,253.265625,SUCCESS,,False,d7edcf4ca084e975b0b8d916d003c9c772e9c801b06175ee7112ef86cdea99f3,018e499280521e6e6764118d14af76ed4cee74fd501addf4dd69087da5bcc557,False,
phase3-00f18a23f96f37c4262fc2d5,PHASE_3_EMPIRICAL_DILUTION_SCALING,PREREGISTERED_EMPIRICAL_DILUTION_SCALING,PRIMARY_MATRIX,development,task-p3-fa9bbbbc60ce0e0a,g-0510569b7dbe24ff,phase3-m18-b03-g-0510569b7dbe24ff,18,9,18,262144,11,2,2,0.1818181818181818,7.62939453125e-06,5.11750992628768,P2_O0,MEAN_ENERGY_PREPARATION,COMMON_INITIALIZATION_PREPARATION,2,"[1103, 2207, 3301]",1103.0,2207.0,phase3-7ede588ec06b3be15e8df420,,"[1.4361119332668082, 4.6766136583430296, 1.8287983773432719, 0.554097077555417]","[4.526812124602206, 3.7942588559128145, 0.3827618337067328, -1.027566773102314]","[4.526812124602206, 3.7942588559128145, 0.3827618337067328, -1.027566773102314]",COBYLA,120,120,120,121,3,Return from COBYLA because the objective function has been evaluated MAXFUN times.,3.171900737896462,1.5261483713363349,1.6457523665601272,1.5261483713363349,0.04592355574335748,1.0493774055088547,0.4308474100841232,1.4802248155929776,0.004239548453705959,0.0022511163413155935,0.5309802130809007,555.6860949241475,2.744829529459,0.1,0.989733603716464,1.03125,False,0.004239548453705943,0.09576045154629406,True,True,1.0000000000000038,54.72096532769501,252.5078125,SUCCESS,,False,d7edcf4ca084e975b0b8d916d003c9c772e9c801b06175ee7112ef86cdea99f3,018e499280521e6e6764118d14af76ed4cee74fd501addf4dd69087da5bcc557,False,
phase3-7ede588ec06b3be15e8df420,PHASE_3_EMPIRICAL_DILUTION_SCALING,PREREGISTERED_EMPIRICAL_DILUTION_SCALING,PRIMARY_MATRIX,development,task-p3-fa9bbbbc60ce0e0a,g-0510569b7dbe24ff,phase3-m18-b03-g-0510569b7dbe24ff,18,9,18,262144,11,2,2,0.1818181818181818,7.62939453125e-06,5.11750992628768,P2_O0,MEAN_ENERGY_PREPARATION,COMMON_INITIALIZATION_PREPARATION,2,"[1103, 2207, 3301]",2207.0,2207.0,phase3-7ede588ec06b3be15e8df420,,"[4.119365739193051, 4.0465795222369225, 1.5369649905613294, 0.28561357469155796]","[5.556481484046531, 4.639560998780623, 3.7511571720587353, -1.190721515932736]","[5.556481484046531, 4.639560998780623, 3.7511571720587353, -1.190721515932736]",COBYLA,120,120,120,121,3,Return from COBYLA because the objective function has been evaluated MAXFUN times.,2.8474904616406933,1.401724888388238,1.4457655732524552,1.401724888388238,0.035081897522853435,1.045396443908027,0.3212465469573581,1.3666429908653857,0.0026473903850123253,0.0011037739949583388,0.4169290638838669,346.9987525443355,2.540327913511089,0.1,1.0054009075103578,1.03125,False,0.0026473903850123296,0.09735260961498768,True,True,0.9999999999999983,55.53283930569887,252.5078125,SUCCESS,,False,d7edcf4ca084e975b0b8d916d003c9c772e9c801b06175ee7112ef86cdea99f3,018e499280521e6e6764118d14af76ed4cee74fd501addf4dd69087da5bcc557,False,
phase3-e2645772599a36a2275c707c,PHASE_3_EMPIRICAL_DILUTION_SCALING,PREREGISTERED_EMPIRICAL_DILUTION_SCALING,PRIMARY_MATRIX,development,task-p3-fa9bbbbc60ce0e0a,g-0510569b7dbe24ff,phase3-m18-b03-g-0510569b7dbe24ff,18,9,18,262144,11,2,2,0.1818181818181818,7.62939453125e-06,5.11750992628768,P2_O0,MEAN_ENERGY_PREPARATION,COMMON_INITIALIZATION_PREPARATION,2,"[1103, 2207, 3301]",3301.0,2207.0,phase3-7ede588ec06b3be15e8df420,,"[2.8746040698350956, 3.2295534178963874, 1.3381083226815658, 0.4324890662459698]","[5.183710947932742, 3.5771581973369595, 2.3162182718694067, 0.1402640797721308]","[5.183710947932742, 3.5771581973369595, 2.3162182718694067, 0.1402640797721308]",COBYLA,120,120,120,121,3,Return from COBYLA because the objective function has been evaluated MAXFUN times.,3.0564065842064645,1.921361094149121,1.1350454900573435,1.921361094149121,0.10540574353974773,1.0992665747239316,0.7166887758854419,1.815955350609373,0.001365732348073029,0.0005372678620629856,0.3933917672968939,179.00927032662807,2.252875522306429,0.1,1.036451379814603,1.0614007537688441,False,0.0013657323480730323,0.005832275556126892,True,True,0.9999999999999977,53.897380793467164,252.5078125,SUCCESS,,False,d7edcf4ca084e975b0b8d916d003c9c772e9c801b06175ee7112ef86cdea99f3,018e499280521e6e6764118d14af76ed4cee74fd501addf4dd69087da5bcc557,False,
phase3-1dacc020496e2b139c3bdf87,PHASE_3_EMPIRICAL_DILUTION_SCALING,PREREGISTERED_EMPIRICAL_DILUTION_SCALING,PRIMARY_MATRIX,development,task-p3-fa9bbbbc60ce0e0a,g-0510569b7dbe24ff,phase3-m18-b03-g-0510569b7dbe24ff,18,9,18,262144,11,2,2,0.1818181818181818,7.62939453125e-06,5.11750992628768,O0,MEAN_ENERGY,STANDARD_BASELINE,3,"[1103, 2207, 3301]",,2207.0,phase3-7ede588ec06b3be15e8df420,"[5.556481484046531, 4.639560998780623, 0.0, 3.7511571720587353, -1.190721515932736, 0.0]","[5.556481484046531, 4.639560998780623, 0.0, 3.7511571720587353, -1.190721515932736, 0.0]","[5.965521644899058, 5.549092361038975, 0.7303061788303651, 3.935049614045668, -1.123464036303383, -0.14340013330505438]","[5.965521644899058, 5.549092361038975, 0.7303061788303651, 3.935049614045668, -1.123464036303383, -0.14340013330505438]",COBYLA,240,240,240,241,3,Return from COBYLA because the objective function has been evaluated MAXFUN times.,1.401724888388238,1.2616261893669891,0.14009869902124894,1.2616261893669891,0.030794459132172495,1.034569356040255,0.19626237419456083,1.2308317302348173,0.007236049541789231,0.00292156574174607,0.40375148413144574,948.4434855413981,2.9770114578933713,0.1,0.9606212448960036,1.03125,False,0.00723604954178922,0.09276395045821079,True,True,1.0000000000000016,148.02172303199768,253.265625,SUCCESS,,False,d7edcf4ca084e975b0b8d916d003c9c772e9c801b06175ee7112ef86cdea99f3,018e499280521e6e6764118d14af76ed4cee74fd501addf4dd69087da5bcc557,False,
phase3-b472f806fd2c6e398762cf3a,PHASE_3_EMPIRICAL_DILUTION_SCALING,PREREGISTERED_EMPIRICAL_DILUTION_SCALING,PRIMARY_MATRIX,development,task-p3-fa9bbbbc60ce0e0a,g-0510569b7dbe24ff,phase3-m18-b03-g-0510569b7dbe24ff,18,9,18,262144,11,2,2,0.1818181818181818,7.62939453125e-06,5.11750992628768,O2,EXACT_FEASIBILITY_CAPACITY_CONTROL,STATEVECTOR_MECHANISTIC_CAPACITY_CONTROL,3,"[1103, 2207, 3301]",,2207.0,phase3-7ede588ec06b3be15e8df420,"[5.556481484046531, 4.639560998780623, 0.0, 3.7511571720587353, -1.190721515932736, 0.0]","[5.556481484046531, 4.639560998780623, 0.0, 3.7511571720587353, -1.190721515932736, 0.0]","[5.8463948987952765, 4.599366056632487, 1.2758182475364068, 4.0441519566019375, -1.3561624275998327, -0.18366978652566474]","[5.8463948987952765, 4.599366056632487, 1.2758182475364068, 4.0441519566019375, -1.3561624275998327, -0.18366978652566474]",COBYLA,240,240,240,241,3,Return from COBYLA because the objective function has been evaluated MAXFUN times.,0.9973526096149877,0.9757668832429718,0.021585726372015945,1.5328350635075598,0.0644557172170553,1.0116323168861223,0.4567470294043821,1.468379346290505,0.02423311675702826,0.012694374213663541,0.5238440577389547,3176.283079577208,3.501919201066072,0.1,0.7973509896630856,1.0502521863940733,False,0.024233116757028317,0.00443312850729255,True,True,0.9999999999999976,116.44116413220763,253.265625,SUCCESS,,False,d7edcf4ca084e975b0b8d916d003c9c772e9c801b06175ee7112ef86cdea99f3,018e499280521e6e6764118d14af76ed4cee74fd501addf4dd69087da5bcc557,False,
phase3-f6d4188f54765ac7688d9182,PHASE_3_EMPIRICAL_DILUTION_SCALING,PREREGISTERED_EMPIRICAL_DILUTION_SCALING,PRIMARY_MATRIX,development,task-p3-fa9bbbbc60ce0e0a,g-0510569b7dbe24ff,phase3-m18-b03-g-0510569b7dbe24ff,18,9,18,262144,11,2,2,0.1818181818181818,7.62939453125e-06,5.11750992628768,O3,CVAR_ENERGY,TAIL_FOCUSED_ROUTING_OBJECTIVE,3,"[1103, 2207, 3301]",,2207.0,phase3-7ede588ec06b3be15e8df420,"[5.556481484046531, 4.639560998780623, 0.0, 3.7511571720587353, -1.190721515932736, 0.0]","[5.556481484046531, 4.639560998780623, 0.0, 3.7511571720587353, -1.190721515932736, 0.0]","[5.270863467264466, 4.448893417698895, 0.719170806899768, 2.8398418551766147, -0.29620402831665477, -0.1591039683408101]","[5.270863467264466, 4.448893417698895, 0.719170806899768, 2.8398418551766147, -0.29620402831665477, -0.1591039683408101]",COBYLA,240,240,240,241,3,Return from COBYLA because the objective function has been evaluated MAXFUN times.,1.0054009075103578,0.8381673741157161,0.16723353339464175,1.596793864063751,0.057175369206247745,1.0029092568226083,0.5367092380348948,1.5396184948575034,0.0198054979324859,0.011212713996881762,0.5661414843042217,2595.946225006792,3.4142956918168124,0.1,0.8381673741157161,1.0413002512562815,False,0.0198054979324859,0.010353685298590279,True,True,1.0,104.87310949340463,253.265625,SUCCESS,,False,d7edcf4ca084e975b0b8d916d003c9c772e9c801b06175ee7112ef86cdea99f3,018e499280521e6e6764118d14af76ed4cee74fd501addf4dd69087da5bcc557,False,
phase3-416be0b6dee8da64125771ea,PHASE_3_EMPIRICAL_DILUTION_SCALING,PREREGISTERED_EMPIRICAL_DILUTION_SCALING,PRIMARY_MATRIX,development,task-p3-37baef352149cb65,g-0510569b7dbe24ff,phase3-m18-b03-g-0510569b7dbe24ff,18,9,18,262144,11,1,1,0.0909090909090909,3.814697265625e-06,5.418539921951662,P2_O0,MEAN_ENERGY_PREPARATION,COMMON_INITIALIZATION_PREPARATION,2,"[1103, 2207, 3301]",1103.0,2207.0,phase3-6434c8be3021591c9c115808,,"[1.4361119332668082, 4.6766136583430296, 1.8287983773432719, 0.554097077555417]","[4.43390857041226, 3.8589529403578404, 0.42032471778632774, -1.0617457987570067]","[4.43390857041226, 3.8589529403578404, 0.42032471778632774, -1.0617457987570067]",COBYLA,120,120,120,121,3,Return from COBYLA because the objective function has been evaluated MAXFUN times.,3.1761690792843873,1.5281227485429938,1.6480463307413935,1.5281227485429938,0.046001524392957585,1.0513429595307042,0.4307782646193314,1.4821212241500366,0.0018266945496729831,0.0018266945496729831,1.0,478.8570160294745,2.6802058549189383,0.1,1.0136055305040224,1.03125,False,0.0018266945496729831,0.09817330545032703,True,True,1.0,54.11785510368645,252.390625,SUCCESS,,False,d7edcf4ca084e975b0b8d916d003c9c772e9c801b06175ee7112ef86cdea99f3,018e499280521e6e6764118d14af76ed4cee74fd501addf4dd69087da5bcc557,False,
phase3-6434c8be3021591c9c115808,PHASE_3_EMPIRICAL_DILUTION_SCALING,PREREGISTERED_EMPIRICAL_DILUTION_SCALING,PRIMARY_MATRIX,development,task-p3-37baef352149cb65,g-0510569b7dbe24ff,phase3-m18-b03-g-0510569b7dbe24ff,18,9,18,262144,11,1,1,0.0909090909090909,3.814697265625e-06,5.418539921951662,P2_O0,MEAN_ENERGY_PREPARATION,COMMON_INITIALIZATION_PREPARATION,2,"[1103, 2207, 3301]",2207.0,2207.0,phase3-6434c8be3021591c9c115808,,"[4.119365739193051, 4.0465795222369225, 1.5369649905613294, 0.28561357469155796]","[5.519532757528653, 4.416584289182125, 3.7206032634490196, -1.1784474021508382]","[5.519532757528653, 4.416584289182125, 3.7206032634490196, -1.1784474021508382]",COBYLA,120,120,120,121,3,Return from COBYLA because the objective function has been evaluated MAXFUN times.,2.8502322216350464,1.4189137672950338,1.4313184543400126,1.4189137672950338,0.03617114699800216,1.046021819318729,0.33672080097830154,1.3827426202970319,0.0015765558556209516,0.0015765558556209516,1.0,413.28465821589873,2.6162492838787466,0.1,1.0160216785993648,1.03125,False,0.001576555855620951,0.09842344414437905,True,True,1.0000000000000004,54.52866656053811,252.390625,SUCCESS,,False,d7edcf4ca084e975b0b8d916d003c9c772e9c801b06175ee7112ef86cdea99f3,018e499280521e6e6764118d14af76ed4cee74fd501addf4dd69087da5bcc557,False,
phase3-9187b679384e6f46d14c0ddf,PHASE_3_EMPIRICAL_DILUTION_SCALING,PREREGISTERED_EMPIRICAL_DILUTION_SCALING,PRIMARY_MATRIX,development,task-p3-37baef352149cb65,g-0510569b7dbe24ff,phase3-m18-b03-g-0510569b7dbe24ff,18,9,18,262144,11,1,1,0.0909090909090909,3.814697265625e-06,5.418539921951662,P2_O0,MEAN_ENERGY_PREPARATION,COMMON_INITIALIZATION_PREPARATION,2,"[1103, 2207, 3301]",3301.0,2207.0,phase3-6434c8be3021591c9c115808,,"[2.8746040698350956, 3.2295534178963874, 1.3381083226815658, 0.4324890662459698]","[5.107471004455504, 3.481608515004426, 2.3280376307592214, 0.14292567861711644]","[5.107471004455504, 3.481608515004426, 2.3280376307592214, 0.14292567861711644]",COBYLA,120,120,120,121,3,Return from COBYLA because the objective function has been evaluated MAXFUN times.,3.0599140831675316,1.9487402400007505,1.111173843166781,1.9487402400007505,0.10774168546148562,1.0973110238729133,0.7436875306663522,1.8409985545392658,0.000604083366732749,0.000604083366732749,1.0,158.35683008878976,2.19963679966816,0.1,1.0444948420861115,1.066425879396985,False,0.0006040833667327502,0.001955068063849666,True,True,0.999999999999998,55.12567561492324,252.390625,SUCCESS,,False,d7edcf4ca084e975b0b8d916d003c9c772e9c801b06175ee7112ef86cdea99f3,018e499280521e6e6764118d14af76ed4cee74fd501addf4dd69087da5bcc557,False,
phase3-2344a4163243ea050aefe466,PHASE_3_EMPIRICAL_DILUTION_SCALING,PREREGISTERED_EMPIRICAL_DILUTION_SCALING,PRIMARY_MATRIX,development,task-p3-37baef352149cb65,g-0510569b7dbe24ff,phase3-m18-b03-g-0510569b7dbe24ff,18,9,18,262144,11,1,1,0.0909090909090909,3.814697265625e-06,5.418539921951662,O0,MEAN_ENERGY,STANDARD_BASELINE,3,"[1103, 2207, 3301]",,2207.0,phase3-6434c8be3021591c9c115808,"[5.519532757528653, 4.416584289182125, 0.0, 3.7206032634490196, -1.1784474021508382, 0.0]","[5.519532757528653, 4.416584289182125, 0.0, 3.7206032634490196, -1.1784474021508382, 0.0]","[5.934407594674797, 5.063196025765358, 0.9047553198563479, 3.910878613278219, -1.1462500373743214, -0.14502472501826932]","[5.934407594674797, 5.063196025765358, 0.9047553198563479, 3.910878613278219, -1.1462500373743214, -0.14502472501826932]",COBYLA,240,240,240,241,3,Return from COBYLA because the objective function has been evaluated MAXFUN times.,1.4189137672950338,1.2659281254859382,0.15298564180909557,1.2659281254859382,0.0327175928468516,1.0323320807931247,0.20087845184596131,1.2332105326390874,0.005790435265804724,0.005790435265804724,1.0,1517.9278623191135,3.181251132731286,0.1,0.975318832726186,1.03125,False,0.005790435265804713,0.0942095647341953,True,True,1.0000000000000018,145.90697667654604,253.265625,SUCCESS,,False,d7edcf4ca084e975b0b8d916d003c9c772e9c801b06175ee7112ef86cdea99f3,018e499280521e6e6764118d14af76ed4cee74fd501addf4dd69087da5bcc557,False,
phase3-ceaad509af4251b152c2a6e0,PHASE_3_EMPIRICAL_DILUTION_SCALING,PREREGISTERED_EMPIRICAL_DILUTION_SCALING,PRIMARY_MATRIX,development,task-p3-37baef352149cb65,g-0510569b7dbe24ff,phase3-m18-b03-g-0510569b7dbe24ff,18,9,18,262144,11,1,1,0.0909090909090909,3.814697265625e-06,5.418539921951662,O2,EXACT_FEASIBILITY_CAPACITY_CONTROL,STATEVECTOR_MECHANISTIC_CAPACITY_CONTROL,3,"[1103, 2207, 3301]",,2207.0,phase3-6434c8be3021591c9c115808,"[5.519532757528653, 4.416584289182125, 0.0, 3.7206032634490196, -1.1784474021508382, 0.0]","[5.519532757528653, 4.416584289182125, 0.0, 3.7206032634490196, -1.1784474021508382, 0.0]","[5.999587841536387, 4.432787892434606, 1.3112011491176219, 4.0332191729985425, -1.3519110712300288, -0.19249281632174417]","[5.999587841536387, 4.432787892434606, 1.3112011491176219, 4.0332191729985425, -1.3519110712300288, -0.19249281632174417]",COBYLA,240,240,240,241,3,Return from COBYLA because the objective function has been evaluated MAXFUN times.,0.998423444144379,0.9881143159677553,0.010309128176623661,1.515172416801805,0.061270427050300225,1.0146428200365412,0.4392591697149635,1.4539019897515049,0.011885684032244695,0.011885684032244695,1.0,3115.7607549487534,3.4935641027891697,0.1,0.9196436727883092,1.0413002512562815,False,0.011885684032244704,0.02514178151926927,True,True,0.9999999999999992,114.91596423834562,253.265625,SUCCESS,,False,d7edcf4ca084e975b0b8d916d003c9c772e9c801b06175ee7112ef86cdea99f3,018e499280521e6e6764118d14af76ed4cee74fd501addf4dd69087da5bcc557,False,
phase3-c9182b15797f660b0201d7af,PHASE_3_EMPIRICAL_DILUTION_SCALING,PREREGISTERED_EMPIRICAL_DILUTION_SCALING,PRIMARY_MATRIX,development,task-p3-37baef352149cb65,g-0510569b7dbe24ff,phase3-m18-b03-g-0510569b7dbe24ff,18,9,18,262144,11,1,1,0.0909090909090909,3.814697265625e-06,5.418539921951662,O3,CVAR_ENERGY,TAIL_FOCUSED_ROUTING_OBJECTIVE,3,"[1103, 2207, 3301]",,2207.0,phase3-6434c8be3021591c9c115808,"[5.519532757528653, 4.416584289182125, 0.0, 3.7206032634490196, -1.1784474021508382, 0.0]","[5.519532757528653, 4.416584289182125, 0.0, 3.7206032634490196, -1.1784474021508382, 0.0]","[5.5584305378822085, 4.212265252796061, 0.6505037860456224, 2.900174907241135, -0.3327400541217486, -0.16224892080699493]","[5.5584305378822085, 4.212265252796061, 0.6505037860456224, 2.900174907241135, -0.3327400541217486, -0.16224892080699493]",COBYLA,240,240,240,241,3,Return from COBYLA because the objective function has been evaluated MAXFUN times.,1.0160216785993648,0.9517390329361948,0.06428264566316999,1.578742549470805,0.053821394150840994,1.006631108758261,0.5182900465617035,1.5249211553199638,0.008287875585365324,0.008287875585365324,1.0,2172.6168574500075,3.336983144927763,0.1,0.9517390329361948,1.04020818182039,False,0.008287875585365334,0.006067747231316159,True,True,0.9999999999999988,100.45468590222299,253.265625,SUCCESS,,False,d7edcf4ca084e975b0b8d916d003c9c772e9c801b06175ee7112ef86cdea99f3,018e499280521e6e6764118d14af76ed4cee74fd501addf4dd69087da5bcc557,False,
