run_id,task_id,graph_id,base_instance_id,size_stratum,tightness_level,seed,algorithm,depth,n_nodes,n_edges,n_qubits,resource_count,budget,n_candidate_routes,n_feasible_routes,route_feasible_fraction,state_space_size,n_feasible_states,feasible_state_fraction,n_optimal_states,optimal_cost,flow_penalty_strength,resource_penalty_strength,optimizer,eval_budget,initial_parameters,optimized_parameters,nfev,status,optimizer_message,objective_initial,objective_final,expected_energy,p_feas,p_opt,p_opt_given_feasible,feasibility_amplification,uniform_p_feas,uniform_p_opt,uniform_feasibility_amplification,task_build_time_s,exact_reference_time_s,energy_build_time_s,optimization_time_s,optimizer_runtime_s,total_time_s,peak_memory_mb,execution_status,failure_reason,zero_feasible,zero_optimal_probability,resource_censored,base_graph_id,stress_level,optimizer_seed,dilution_score,log_feasibility_gain,uniform_log_feasibility_gain,expected_energy_normalized,expected_energy_raw,objective_initial_raw,objective_final_raw,objective_improvement,optimizer_status,hamiltonian_normalization_mode,hamiltonian_normalization_factor,raw_energy_span,normalized_energy_span,penalty_contract,state_norm,row_type
pilot-run-e17c04b71b3a50207152,task-v2-e442db508705,g-548c8c6335dd2a2e,v2-S1-b000-g-548c8c6335dd2a2e,S1,D1,0,Uniform,0,6,7,7,1,926.0,3,1,0.3333333333333333,128,1,0.0078125,1,4.0,172.0,172.0,analytic,0,,,0,0,analytic uniform baseline,,,,0.0078125,0.0078125,1.0,1.0,0.0078125,0.0078125,1.0,0.0002874173223972,0.000509887933731,0.0,0.0,0.0,0.0,168.38671875,SUCCESS,,False,False,False,g-548c8c6335dd2a2e,D1,0,2.1072099696478683,0.0,0.0,,,,,,0,global_fixed,172.0,,,penalty_contract_v2_scale_controlled,,analytic_uniform
pilot-run-4cfd98dc7794a34c3e68,task-v2-e442db508705,g-548c8c6335dd2a2e,v2-S1-b000-g-548c8c6335dd2a2e,S1,D1,1103,Penalty-X,1,6,7,7,1,926.0,3,1,0.3333333333333333,128,1,0.0078125,1,4.0,172.0,172.0,COBYLA,120,"[1.4361119332668082, 2.3383068291715148]","[1.6631119806980255, 2.4471037872544223]",47,0,Return from COBYLA because the trust region radius reaches its lower bound.,1.7038922331540018,1.6785339395471968,1.6785339395471968,0.0207345897639146,0.0207345897639146,1.0,2.65402748978108,0.0078125,0.0078125,1.0,0.0002874173223972,0.000509887933731,0.0142380809411406,0.09734155703336,0.09734155703336,0.0983106428757309,132.4140625,SUCCESS,,False,False,False,g-548c8c6335dd2a2e,D1,1103,2.1072099696478683,0.4239054168699399,0.0,1.6785339395471968,288.7078376021178,293.0694641024883,288.7078376021178,0.025358293606805,0,global_fixed,172.0,576.1148505076894,3.349504944812148,penalty_contract_v2_scale_controlled,1.0000000000000002,optimized_seed
pilot-run-f22cd5cc96dbaff30a54,task-v2-e442db508705,g-548c8c6335dd2a2e,v2-S1-b000-g-548c8c6335dd2a2e,S1,D1,2207,Penalty-X,1,6,7,7,1,926.0,3,1,0.3333333333333333,128,1,0.0078125,1,4.0,172.0,172.0,COBYLA,120,"[4.119365739193051, 2.0232897611184613]","[6.194650165336967, 2.617467027587562]",120,3,Return from COBYLA because the objective function has been evaluated MAXFUN times.,2.185630291492463,1.6035682262498991,1.6035682262498991,0.0883392132826028,0.0883392132826028,1.0,11.30741930017317,0.0078125,0.0078125,1.0,0.0002874173223972,0.000509887933731,0.0142380809411406,0.2091322792693972,0.2091322792693972,0.2096356162801385,132.828125,SUCCESS,,False,False,False,g-548c8c6335dd2a2e,D1,2207,2.1072099696478683,1.053363496916338,0.0,1.6035682262498991,275.81373491498266,375.9284101367036,275.81373491498266,0.5820620652425637,3,global_fixed,172.0,576.1148505076894,3.349504944812148,penalty_contract_v2_scale_controlled,0.9999999999999994,optimized_seed
pilot-run-b43f38e097e08beaa710,task-v2-e442db508705,g-548c8c6335dd2a2e,v2-S1-b000-g-548c8c6335dd2a2e,S1,D1,3301,Penalty-X,1,6,7,7,1,926.0,3,1,0.3333333333333333,128,1,0.0078125,1,4.0,172.0,172.0,COBYLA,120,"[2.8746040698350956, 1.6147767089481937]","[1.6630030583920272, 2.4471022598120933]",44,0,Return from COBYLA because the trust region radius reaches its lower bound.,2.260089000527504,1.678533938032506,1.678533938032506,0.0207345779749315,0.0207345779749315,1.0,2.654025980791241,0.0078125,0.0078125,1.0,0.0002874173223972,0.000509887933731,0.0142380809411406,0.0745508912950754,0.0745508912950754,0.0750222820788621,132.828125,SUCCESS,,False,False,False,g-548c8c6335dd2a2e,D1,3301,2.1072099696478683,0.4239051699447859,0.0,1.678533938032506,288.707837341591,388.7353080907307,288.707837341591,0.5815550624949981,0,global_fixed,172.0,576.1148505076894,3.349504944812148,penalty_contract_v2_scale_controlled,0.9999999999999992,optimized_seed
pilot-run-ef9b25196a6e0feed43a,task-v2-e442db508705,g-548c8c6335dd2a2e,v2-S1-b000-g-548c8c6335dd2a2e,S1,D1,1103,Penalty-X,2,6,7,7,1,926.0,3,1,0.3333333333333333,128,1,0.0078125,1,4.0,172.0,172.0,COBYLA,120,"[1.4361119332668082, 4.6766136583430296, 1.8287983773432719, 0.554097077555417]","[1.477800657813748, 4.34993797619227, 2.440640577618369, 0.14039436331164015]",120,3,Return from COBYLA because the objective function has been evaluated MAXFUN times.,2.0373448781393364,1.6117171955819425,1.6117171955819425,0.0309282430236393,0.0309282430236393,1.0,3.958815107025838,0.0078125,0.0078125,1.0,0.0002874173223972,0.000509887933731,0.0142380809411406,0.229210247285664,0.229210247285664,0.2298391964286565,132.85546875,SUCCESS,,False,False,False,g-548c8c6335dd2a2e,D1,1103,2.1072099696478683,0.597565218884431,0.0,1.6117171955819425,277.2153576400941,350.42331903996586,277.2153576400941,0.4256276825573939,3,global_fixed,172.0,576.1148505076894,3.349504944812148,penalty_contract_v2_scale_controlled,0.9999999999999998,optimized_seed
pilot-run-ceb7b8b159925446f6c8,task-v2-e442db508705,g-548c8c6335dd2a2e,v2-S1-b000-g-548c8c6335dd2a2e,S1,D1,2207,Penalty-X,2,6,7,7,1,926.0,3,1,0.3333333333333333,128,1,0.0078125,1,4.0,172.0,172.0,COBYLA,120,"[4.119365739193051, 4.0465795222369225, 1.5369649905613294, 0.28561357469155796]","[3.879273207878719, 6.298057187376657, 2.550077674081783, -0.3874335713792828]",120,3,Return from COBYLA because the objective function has been evaluated MAXFUN times.,2.295951089456552,1.6710622921516056,1.6710622921516056,0.0735805162119946,0.0735805162119946,1.0,9.418306075135316,0.0078125,0.0078125,1.0,0.0002874173223972,0.000509887933731,0.0142380809411406,0.2427193755283951,0.2427193755283951,0.243336989544332,132.85546875,SUCCESS,,False,False,False,g-548c8c6335dd2a2e,D1,2207,2.1072099696478683,0.973972799993131,0.0,1.6710622921516056,287.4227142500762,394.9035873865269,287.4227142500762,0.624888797304946,3,global_fixed,172.0,576.1148505076894,3.349504944812148,penalty_contract_v2_scale_controlled,0.9999999999999996,optimized_seed
pilot-run-899c00c682e2c0f6dca3,task-v2-e442db508705,g-548c8c6335dd2a2e,v2-S1-b000-g-548c8c6335dd2a2e,S1,D1,3301,Penalty-X,2,6,7,7,1,926.0,3,1,0.3333333333333333,128,1,0.0078125,1,4.0,172.0,172.0,COBYLA,120,"[2.8746040698350956, 3.2295534178963874, 1.3381083226815658, 0.4324890662459698]","[2.7723638353221602, 3.568660695598161, 3.0688492111878953, -0.4992284504091515]",120,3,Return from COBYLA because the objective function has been evaluated MAXFUN times.,2.3843635270681505,1.5859170053675018,1.5859170053675018,0.0955316564577685,0.0955316564577685,1.0,12.228052026594373,0.0078125,0.0078125,1.0,0.0002874173223972,0.000509887933731,0.0142380809411406,0.2360614547505974,0.2360614547505974,0.2366663496941328,132.85546875,SUCCESS,,False,False,False,g-548c8c6335dd2a2e,D1,3301,2.1072099696478683,1.087357277847213,0.0,1.5859170053675018,272.77772492321026,410.11052665572186,272.7777249232103,0.7984465217006487,3,global_fixed,172.0,576.1148505076894,3.349504944812148,penalty_contract_v2_scale_controlled,1.0,optimized_seed
pilot-run-3fdcfb93d75b7792d0bf,task-v2-e442db508705,g-548c8c6335dd2a2e,v2-S1-b000-g-548c8c6335dd2a2e,S1,D1,1103,Penalty-X,3,6,7,7,1,926.0,3,1,0.3333333333333333,128,1,0.0078125,1,4.0,172.0,172.0,COBYLA,120,"[1.4361119332668082, 4.6766136583430296, 3.6575967546865438, 0.554097077555417, 2.658092015317178, 1.6434959053105886]","[1.4301522428476536, 5.4665092560399104, 3.5140789898446387, 0.7873635908747999, 3.4359087218109883, 1.6873507252307582]",120,3,Return from COBYLA because the objective function has been evaluated MAXFUN times.,2.4600648665487768,1.6109772782424756,1.6109772782424756,0.0155910675250959,0.0155910675250959,1.0,1.9956566432122784,0.0078125,0.0078125,1.0,0.0002874173223972,0.000509887933731,0.0142380809411406,0.2664619237184524,0.2664619237184524,0.2671938724815845,132.91796875,SUCCESS,,False,False,False,g-548c8c6335dd2a2e,D1,1103,2.1072099696478683,0.3000858221289474,0.0,1.6109772782424756,277.08809185770576,423.1311570463896,277.0880918577058,0.8490875883063012,3,global_fixed,172.0,576.1148505076894,3.349504944812148,penalty_contract_v2_scale_controlled,1.0,optimized_seed
pilot-run-c05fb782ab4ba0eb86df,task-v2-e442db508705,g-548c8c6335dd2a2e,v2-S1-b000-g-548c8c6335dd2a2e,S1,D1,2207,Penalty-X,3,6,7,7,1,926.0,3,1,0.3333333333333333,128,1,0.0078125,1,4.0,172.0,172.0,COBYLA,120,"[4.119365739193051, 4.0465795222369225, 3.073929981122659, 0.28561357469155796, 1.0467419303334264, 1.2456798648809793]","[5.069818734753354, 5.2042880037268615, 2.942267069497085, 0.7312740400591933, 0.8686944031520314, 1.3919830340066335]",120,3,Return from COBYLA because the objective function has been evaluated MAXFUN times.,2.25239221228236,1.907990357995459,1.907990357995459,0.0474608763650312,0.0474608763650312,1.0,6.074992174723999,0.0078125,0.0078125,1.0,0.0002874173223972,0.000509887933731,0.0142380809411406,0.2705094842240214,0.2705094842240214,0.271266408264637,132.91796875,SUCCESS,,False,False,False,g-548c8c6335dd2a2e,D1,2207,2.1072099696478683,0.7835457228503703,0.0,1.907990357995459,328.1743415752189,387.4114605125658,328.1743415752189,0.3444018542869009,3,global_fixed,172.0,576.1148505076894,3.349504944812148,penalty_contract_v2_scale_controlled,0.9999999999999994,optimized_seed
pilot-run-2c133921093dbcfa11c3,task-v2-e442db508705,g-548c8c6335dd2a2e,v2-S1-b000-g-548c8c6335dd2a2e,S1,D1,3301,Penalty-X,3,6,7,7,1,926.0,3,1,0.3333333333333333,128,1,0.0078125,1,4.0,172.0,172.0,COBYLA,120,"[2.8746040698350956, 3.2295534178963874, 2.6762166453631315, 0.4324890662459698, 2.8286472419409745, 2.8565676468058108]","[1.3548263689342672, 3.6133128942461954, 2.346828868940657, 0.8271851659346426, 3.2594200420267914, 1.9654861064107754]",120,3,Return from COBYLA because the objective function has been evaluated MAXFUN times.,2.2769865868107404,1.5936407386978046,1.5936407386978046,0.0320556620705403,0.0320556620705403,1.0,4.103124745029166,0.0078125,0.0078125,1.0,0.0002874173223972,0.000509887933731,0.0142380809411406,0.2650181520730257,0.2650181520730257,0.2657701624557376,132.91796875,SUCCESS,,False,False,False,g-548c8c6335dd2a2e,D1,3301,2.1072099696478683,0.6131147207822333,0.0,1.5936407386978046,274.1062070560224,391.6416929314473,274.1062070560224,0.6833458481129357,3,global_fixed,172.0,576.1148505076894,3.349504944812148,penalty_contract_v2_scale_controlled,0.9999999999999998,optimized_seed
pilot-run-380e896d7e28d367fddd,task-v2-d7382a83ef13,g-548c8c6335dd2a2e,v2-S1-b000-g-548c8c6335dd2a2e,S1,D2,0,Uniform,0,6,7,7,1,989.0,3,2,0.6666666666666666,128,2,0.015625,1,4.0,172.0,172.0,analytic,0,,,0,0,analytic uniform baseline,,,,0.015625,0.0078125,0.5,1.0,0.015625,0.0078125,1.0,0.0002874173223972,0.0005090115591883,0.0,0.0,0.0,0.0,168.38671875,SUCCESS,,False,False,False,g-548c8c6335dd2a2e,D2,0,1.806179973983887,0.0,0.0,,,,,,0,global_fixed,172.0,,,penalty_contract_v2_scale_controlled,,analytic_uniform
pilot-run-aad5d23a99c6aedc8929,task-v2-d7382a83ef13,g-548c8c6335dd2a2e,v2-S1-b000-g-548c8c6335dd2a2e,S1,D2,1103,Penalty-X,1,6,7,7,1,989.0,3,2,0.6666666666666666,128,2,0.015625,1,4.0,172.0,172.0,COBYLA,120,"[1.4361119332668082, 2.3383068291715148]","[1.5613958288409346, 2.600985614869904]",33,0,Return from COBYLA because the trust region radius reaches its lower bound.,1.681126444649585,1.6534095727412712,1.6534095727412712,0.0614348004771243,0.0258875140999507,0.4213819186991605,3.93182723053596,0.015625,0.0078125,1.0,0.0002874173223972,0.0005090115591883,0.0057860575616359,0.0702149309217929,0.0702149309217929,0.0710590314120054,132.375,SUCCESS,,False,False,False,g-548c8c6335dd2a2e,D2,1103,1.806179973983887,0.5945944261302485,0.0,1.6534095727412712,284.38644651149866,289.1537484797286,284.38644651149866,0.0277168719083138,0,global_fixed,172.0,572.6097673531438,3.3291265543787425,penalty_contract_v2_scale_controlled,0.9999999999999994,optimized_seed
pilot-run-0e7169c324f7b2c550b7,task-v2-d7382a83ef13,g-548c8c6335dd2a2e,v2-S1-b000-g-548c8c6335dd2a2e,S1,D2,2207,Penalty-X,1,6,7,7,1,989.0,3,2,0.6666666666666666,128,2,0.015625,1,4.0,172.0,172.0,COBYLA,120,"[4.119365739193051, 2.0232897611184613]","[6.22046833446379, 2.6393659013287776]",120,3,Return from COBYLA because the objective function has been evaluated MAXFUN times.,2.14886697874438,1.534421078345882,1.534421078345882,0.1515250745422748,0.0925156419627582,0.6105632499586517,9.697604770705588,0.015625,0.0078125,1.0,0.0002874173223972,0.0005090115591883,0.0057860575616359,0.2079406389966607,0.2079406389966607,0.2084575798362493,132.5859375,SUCCESS,,False,False,False,g-548c8c6335dd2a2e,D2,2207,1.806179973983887,0.986664480315766,0.0,1.534421078345882,263.9204254754917,369.6051203440333,263.9204254754917,0.6144459003984977,3,global_fixed,172.0,572.6097673531438,3.3291265543787425,penalty_contract_v2_scale_controlled,1.0000000000000004,optimized_seed
pilot-run-86959f7f77ca4d8d43b1,task-v2-d7382a83ef13,g-548c8c6335dd2a2e,v2-S1-b000-g-548c8c6335dd2a2e,S1,D2,3301,Penalty-X,1,6,7,7,1,989.0,3,2,0.6666666666666666,128,2,0.015625,1,4.0,172.0,172.0,COBYLA,120,"[2.8746040698350956, 1.6147767089481937]","[1.5614325668502391, 2.6009047361091615]",47,0,Return from COBYLA because the trust region radius reaches its lower bound.,2.22049481356238,1.6534095699503704,1.6534095699503704,0.0614236235409096,0.0258840869742764,0.4214028004557079,3.9311119066182174,0.015625,0.0078125,1.0,0.0002874173223972,0.0005090115591883,0.0057860575616359,0.0752982096746563,0.0752982096746563,0.0757793644443154,132.5859375,SUCCESS,,False,False,False,g-548c8c6335dd2a2e,D2,3301,1.806179973983887,0.5945154070190264,0.0,1.6534095699503704,284.38644603146366,381.92510793272936,284.3864460314637,0.5670852436120097,0,global_fixed,172.0,572.6097673531438,3.3291265543787425,penalty_contract_v2_scale_controlled,0.9999999999999992,optimized_seed
pilot-run-e1bfd2f153774c058267,task-v2-d7382a83ef13,g-548c8c6335dd2a2e,v2-S1-b000-g-548c8c6335dd2a2e,S1,D2,1103,Penalty-X,2,6,7,7,1,989.0,3,2,0.6666666666666666,128,2,0.015625,1,4.0,172.0,172.0,COBYLA,120,"[1.4361119332668082, 4.6766136583430296, 1.8287983773432719, 0.554097077555417]","[1.3782086668752445, 4.601681502666781, 2.554680337050873, 0.14831440667307677]",120,3,Return from COBYLA because the objective function has been evaluated MAXFUN times.,2.047692209075657,1.5767358274755168,1.5767358274755168,0.099888333195524,0.0449298070060725,0.4498003477355632,6.392853324513539,0.015625,0.0078125,1.0,0.0002874173223972,0.0005090115591883,0.0057860575616359,0.2306149695068597,0.2306149695068597,0.2312652394175529,132.8359375,SUCCESS,,False,False,False,g-548c8c6335dd2a2e,D2,1103,1.806179973983887,0.8056947402409731,0.0,1.5767358274755168,271.1985623257889,352.20305996101297,271.1985623257889,0.4709563816001401,3,global_fixed,172.0,572.6097673531438,3.3291265543787425,penalty_contract_v2_scale_controlled,1.0000000000000004,optimized_seed
pilot-run-7d9615bd6c60b7b21d0c,task-v2-d7382a83ef13,g-548c8c6335dd2a2e,v2-S1-b000-g-548c8c6335dd2a2e,S1,D2,2207,Penalty-X,2,6,7,7,1,989.0,3,2,0.6666666666666666,128,2,0.015625,1,4.0,172.0,172.0,COBYLA,120,"[4.119365739193051, 4.0465795222369225, 1.5369649905613294, 0.28561357469155796]","[4.8842099188213615, 6.738175990251219, 2.4882356625947186, -0.32227751464685306]",120,3,Return from COBYLA because the objective function has been evaluated MAXFUN times.,2.298708155228438,1.4805575381283131,1.4805575381283131,0.150843954523465,0.0935704573434424,0.6203129428623327,9.65401308950176,0.015625,0.0078125,1.0,0.0002874173223972,0.0005090115591883,0.0057860575616359,0.22860614862293,0.22860614862293,0.2292320048436522,132.87890625,SUCCESS,,False,False,False,g-548c8c6335dd2a2e,D2,2207,1.806179973983887,0.9847078833261091,0.0,1.4805575381283131,254.65589655806983,395.37780269929135,254.65589655806983,0.8181506171001249,3,global_fixed,172.0,572.6097673531438,3.3291265543787425,penalty_contract_v2_scale_controlled,1.0000000000000009,optimized_seed
pilot-run-32ca1a31869585888b3d,task-v2-d7382a83ef13,g-548c8c6335dd2a2e,v2-S1-b000-g-548c8c6335dd2a2e,S1,D2,3301,Penalty-X,2,6,7,7,1,989.0,3,2,0.6666666666666666,128,2,0.015625,1,4.0,172.0,172.0,COBYLA,120,"[2.8746040698350956, 3.2295534178963874, 1.3381083226815658, 0.4324890662459698]","[3.032761243412031, 3.331088620118533, 3.069783442292192, -0.4785774234800611]",120,3,Return from COBYLA because the objective function has been evaluated MAXFUN times.,2.3084087992092805,1.5136882839514054,1.5136882839514054,0.1643406008826411,0.1002075385582622,0.6097552158143952,10.51779845648903,0.015625,0.0078125,1.0,0.0002874173223972,0.0005090115591883,0.0057860575616359,0.2320120027288794,0.2320120027288794,0.2326495060697198,132.87890625,SUCCESS,,False,False,False,g-548c8c6335dd2a2e,D2,3301,1.806179973983887,1.0219248445461495,0.0,1.5136882839514054,260.35438483964174,397.0463134639962,260.35438483964174,0.7947205152578751,3,global_fixed,172.0,572.6097673531438,3.3291265543787425,penalty_contract_v2_scale_controlled,1.0000000000000004,optimized_seed
pilot-run-95596f77a57f0673815a,task-v2-d7382a83ef13,g-548c8c6335dd2a2e,v2-S1-b000-g-548c8c6335dd2a2e,S1,D2,1103,Penalty-X,3,6,7,7,1,989.0,3,2,0.6666666666666666,128,2,0.015625,1,4.0,172.0,172.0,COBYLA,120,"[1.4361119332668082, 4.6766136583430296, 3.6575967546865438, 0.554097077555417, 2.658092015317178, 1.6434959053105886]","[1.4056588241736698, 5.526459798398741, 3.6352104571955746, 0.9950104640599253, 3.2065394310809996, 1.777551034170013]",120,3,Return from COBYLA because the objective function has been evaluated MAXFUN times.,2.411280749144645,1.6156165692792386,1.6156165692792386,0.0421490590487546,0.0168402995746246,0.3995415308119975,2.6975397791202944,0.015625,0.0078125,1.0,0.0002874173223972,0.0005090115591883,0.0057860575616359,0.286057393066585,0.286057393066585,0.286849201656878,132.87890625,SUCCESS,,False,False,False,g-548c8c6335dd2a2e,D2,1103,1.806179973983887,0.4309678577015876,0.0,1.6156165692792386,277.88604991602904,414.74028885287896,277.88604991602904,0.7956641798654065,3,global_fixed,172.0,572.6097673531438,3.3291265543787425,penalty_contract_v2_scale_controlled,0.9999999999999996,optimized_seed
pilot-run-382c5523a773f283397f,task-v2-d7382a83ef13,g-548c8c6335dd2a2e,v2-S1-b000-g-548c8c6335dd2a2e,S1,D2,2207,Penalty-X,3,6,7,7,1,989.0,3,2,0.6666666666666666,128,2,0.015625,1,4.0,172.0,172.0,COBYLA,120,"[4.119365739193051, 4.0465795222369225, 3.073929981122659, 0.28561357469155796, 1.0467419303334264, 1.2456798648809793]","[5.044663890708744, 5.37391526890806, 3.435522602811747, 0.7516038539289883, 0.9446121059635761, 1.2893847024657568]",120,3,Return from COBYLA because the objective function has been evaluated MAXFUN times.,2.246142903681994,1.8041013009278049,1.8041013009278049,0.111912938734673,0.0823014552601957,0.7354060771768205,7.162428079019076,0.015625,0.0078125,1.0,0.0002874173223972,0.0005090115591883,0.0057860575616359,0.2654471416026354,0.2654471416026354,0.2662688670679927,132.94140625,SUCCESS,,False,False,False,g-548c8c6335dd2a2e,D2,2207,1.806179973983887,0.8550602740620825,0.0,1.8041013009278049,310.3054237595825,386.336579433303,310.3054237595824,0.4420416027541891,3,global_fixed,172.0,572.6097673531438,3.3291265543787425,penalty_contract_v2_scale_controlled,1.0,optimized_seed
pilot-run-47ab129e59e3e50ab60c,task-v2-d7382a83ef13,g-548c8c6335dd2a2e,v2-S1-b000-g-548c8c6335dd2a2e,S1,D2,3301,Penalty-X,3,6,7,7,1,989.0,3,2,0.6666666666666666,128,2,0.015625,1,4.0,172.0,172.0,COBYLA,120,"[2.8746040698350956, 3.2295534178963874, 2.6762166453631315, 0.4324890662459698, 2.8286472419409745, 2.8565676468058108]","[2.8657907601425494, 3.5119020132451206, 2.0921502511760246, -0.042249918172701906, 2.6199404398565123, 3.0278944565584114]",120,3,Return from COBYLA because the objective function has been evaluated MAXFUN times.,2.24746096077429,1.481547803454795,1.481547803454795,0.1825729760713611,0.1085732820625467,0.5946842977468328,11.684670468567113,0.015625,0.0078125,1.0,0.0002874173223972,0.0005090115591883,0.0057860575616359,0.27041179779917,0.27041179779917,0.2711686221882701,132.94140625,SUCCESS,,False,False,False,g-548c8c6335dd2a2e,D2,3301,1.806179973983887,1.0676164689147287,0.0,1.481547803454795,254.8262221942248,386.5632852531779,254.82622219422475,0.765913157319495,3,global_fixed,172.0,572.6097673531438,3.3291265543787425,penalty_contract_v2_scale_controlled,1.0000000000000004,optimized_seed
pilot-run-9e4f93bac1184e11a063,task-v2-ce7fc44fc7b5,g-548c8c6335dd2a2e,v2-S1-b000-g-548c8c6335dd2a2e,S1,D3,0,Uniform,0,6,7,7,1,1231.0,3,3,1.0,128,3,0.0234375,1,4.0,172.0,172.0,analytic,0,,,0,0,analytic uniform baseline,,,,0.0234375,0.0078125,0.3333333333333333,1.0,0.0234375,0.0078125,1.0,0.0002874173223972,0.0005089538171887,0.0,0.0,0.0,0.0,168.38671875,SUCCESS,,False,False,False,g-548c8c6335dd2a2e,D3,0,1.630088714928206,0.0,0.0,,,,,,0,global_fixed,172.0,,,penalty_contract_v2_scale_controlled,,analytic_uniform
pilot-run-7b34c7d3203f987b63ee,task-v2-ce7fc44fc7b5,g-548c8c6335dd2a2e,v2-S1-b000-g-548c8c6335dd2a2e,S1,D3,1103,Penalty-X,1,6,7,7,1,1231.0,3,3,1.0,128,3,0.0234375,1,4.0,172.0,172.0,COBYLA,120,"[1.4361119332668082, 2.3383068291715148]","[1.378094097460818, 2.766819596851633]",48,0,Return from COBYLA because the trust region radius reaches its lower bound.,1.5908891634158169,1.498719680667378,1.498719680667378,0.1016414827980833,0.0392330352065311,0.3859943216734628,4.336703266051554,0.0234375,0.0078125,1.0,0.0002874173223972,0.0005089538171887,0.0085506029427051,0.1027204673737287,0.1027204673737287,0.1035701055079698,132.3984375,SUCCESS,,False,False,False,g-548c8c6335dd2a2e,D3,1103,1.630088714928206,0.6371597070634054,0.0,1.498719680667378,257.779785074789,273.63293610752044,257.779785074789,0.0921694827484387,0,global_fixed,172.0,560.9120383941536,3.2611165022915904,penalty_contract_v2_scale_controlled,1.0,optimized_seed
pilot-run-d517f2fd0564abb4c65d,task-v2-ce7fc44fc7b5,g-548c8c6335dd2a2e,v2-S1-b000-g-548c8c6335dd2a2e,S1,D3,2207,Penalty-X,1,6,7,7,1,1231.0,3,3,1.0,128,3,0.0234375,1,4.0,172.0,172.0,COBYLA,120,"[4.119365739193051, 2.0232897611184613]","[6.328023515238132, 2.674785756845065]",119,0,Return from COBYLA because the trust region radius reaches its lower bound.,2.106923498480023,1.3314207906026403,1.3314207906026403,0.2395782759727159,0.0978442918695765,0.4084021870193246,10.222006441502543,0.0234375,0.0078125,1.0,0.0002874173223972,0.0005089538171887,0.0085506029427051,0.2132836049422621,0.2132836049422621,0.2137834578752517,132.81640625,SUCCESS,,False,False,False,g-548c8c6335dd2a2e,D3,2207,1.630088714928206,1.009536150294441,0.0,1.3314207906026403,229.0043759836541,362.390841738564,229.0043759836541,0.7755027078773828,0,global_fixed,172.0,560.9120383941536,3.2611165022915904,penalty_contract_v2_scale_controlled,1.0000000000000004,optimized_seed
pilot-run-6c8a4fe021f1ca00d9fd,task-v2-ce7fc44fc7b5,g-548c8c6335dd2a2e,v2-S1-b000-g-548c8c6335dd2a2e,S1,D3,3301,Penalty-X,1,6,7,7,1,1231.0,3,3,1.0,128,3,0.0234375,1,4.0,172.0,172.0,COBYLA,120,"[2.8746040698350956, 1.6147767089481937]","[1.3783397205926664, 2.7667921761444503]",70,0,Return from COBYLA because the trust region radius reaches its lower bound.,2.0529298345293365,1.498719722410303,1.498719722410303,0.1016336603990423,0.0392331103612162,0.3860247698171649,4.336369510359142,0.0234375,0.0078125,1.0,0.0002874173223972,0.0005089538171887,0.0085506029427051,0.117526046000421,0.117526046000421,0.1180397467687726,132.85546875,SUCCESS,,False,False,False,g-548c8c6335dd2a2e,D3,3301,1.630088714928206,0.6371262821725215,0.0,1.498719722410303,257.7797922545721,353.1039315390459,257.7797922545721,0.5542101121190335,0,global_fixed,172.0,560.9120383941536,3.2611165022915904,penalty_contract_v2_scale_controlled,1.0000000000000009,optimized_seed
pilot-run-77da046177a8bc2e806a,task-v2-ce7fc44fc7b5,g-548c8c6335dd2a2e,v2-S1-b000-g-548c8c6335dd2a2e,S1,D3,1103,Penalty-X,2,6,7,7,1,1231.0,3,3,1.0,128,3,0.0234375,1,4.0,172.0,172.0,COBYLA,120,"[1.4361119332668082, 4.6766136583430296, 1.8287983773432719, 0.554097077555417]","[1.2230132147294046, 4.782995288064548, 2.701315695909157, 0.11815955664767501]",120,3,Return from COBYLA because the objective function has been evaluated MAXFUN times.,1.9276286801955167,1.4606063228435135,1.4606063228435135,0.1354543708242046,0.0506567742558499,0.3739766679186252,5.779386488499398,0.0234375,0.0078125,1.0,0.0002874173223972,0.0005089538171887,0.0085506029427051,0.2420910522341728,0.2420910522341728,0.2427251553162932,132.85546875,SUCCESS,,False,False,False,g-548c8c6335dd2a2e,D3,1103,1.630088714928206,0.7618817382819428,0.0,1.4606063228435135,251.22428752908428,331.55213299362896,251.2242875290844,0.4670223573520038,3,global_fixed,172.0,560.9120383941536,3.2611165022915904,penalty_contract_v2_scale_controlled,0.9999999999999996,optimized_seed
pilot-run-79ea654700f93276512c,task-v2-ce7fc44fc7b5,g-548c8c6335dd2a2e,v2-S1-b000-g-548c8c6335dd2a2e,S1,D3,2207,Penalty-X,2,6,7,7,1,1231.0,3,3,1.0,128,3,0.0234375,1,4.0,172.0,172.0,COBYLA,120,"[4.119365739193051, 4.0465795222369225, 1.5369649905613294, 0.28561357469155796]","[6.057428853187273, 4.377771129103387, 2.7001753060835285, 0.12927775915703282]",120,3,Return from COBYLA because the objective function has been evaluated MAXFUN times.,2.1775692219444736,1.261482475324296,1.261482475324296,0.297342946902572,0.1153029515555255,0.3877776579422477,12.686632401176404,0.0234375,0.0078125,1.0,0.0002874173223972,0.0005089538171887,0.0085506029427051,0.2396873524412512,0.2396873524412512,0.2403457397595048,132.8984375,SUCCESS,,False,False,False,g-548c8c6335dd2a2e,D3,2207,1.630088714928206,1.1033463562413153,0.0,1.261482475324296,216.97498575577893,374.5419061744494,216.9749857557789,0.9160867466201776,3,global_fixed,172.0,560.9120383941536,3.2611165022915904,penalty_contract_v2_scale_controlled,1.0,optimized_seed
pilot-run-1fd15e2d9a5599711850,task-v2-ce7fc44fc7b5,g-548c8c6335dd2a2e,v2-S1-b000-g-548c8c6335dd2a2e,S1,D3,3301,Penalty-X,2,6,7,7,1,1231.0,3,3,1.0,128,3,0.0234375,1,4.0,172.0,172.0,COBYLA,120,"[2.8746040698350956, 3.2295534178963874, 1.3381083226815658, 0.4324890662459698]","[1.9479617096463702, 0.6266568289030283, 1.576806729659442, 1.1946472781263702]",120,3,Return from COBYLA because the objective function has been evaluated MAXFUN times.,2.355021635940917,1.5752417685566071,1.5752417685566071,0.1053807211098925,0.0411706656423204,0.3906849868619425,4.49624410068875,0.0234375,0.0078125,1.0,0.0002874173223972,0.0005089538171887,0.0085506029427051,0.2386181438341736,0.2386181438341736,0.2392411511391401,132.8984375,SUCCESS,,False,False,False,g-548c8c6335dd2a2e,D3,3301,1.630088714928206,0.6528498810094969,0.0,1.5752417685566071,270.9415841917364,405.0637213818378,270.9415841917364,0.7797798673843104,3,global_fixed,172.0,560.9120383941536,3.2611165022915904,penalty_contract_v2_scale_controlled,0.9999999999999992,optimized_seed
pilot-run-d23717688fb701dc6cdc,task-v2-ce7fc44fc7b5,g-548c8c6335dd2a2e,v2-S1-b000-g-548c8c6335dd2a2e,S1,D3,1103,Penalty-X,3,6,7,7,1,1231.0,3,3,1.0,128,3,0.0234375,1,4.0,172.0,172.0,COBYLA,120,"[1.4361119332668082, 4.6766136583430296, 3.6575967546865438, 0.554097077555417, 2.658092015317178, 1.6434959053105886]","[1.3076161240492674, 4.711818765467614, 4.21174420477971, 1.2056767314413064, 3.0263696347879674, 1.6093734181316979]",120,3,Return from COBYLA because the objective function has been evaluated MAXFUN times.,2.104908816151244,1.4671321646577955,1.4671321646577955,0.1269645324561242,0.0438775516157423,0.345589045751067,5.417153384794633,0.0234375,0.0078125,1.0,0.0002874173223972,0.0005089538171887,0.0085506029427051,0.2570557165890932,0.2570557165890932,0.2578150490298867,132.953125,SUCCESS,,False,False,False,g-548c8c6335dd2a2e,D3,1103,1.630088714928206,0.7337711326569516,0.0,1.4671321646577955,252.34673232114085,362.044316378014,252.34673232114088,0.6377766514934482,3,global_fixed,172.0,560.9120383941536,3.2611165022915904,penalty_contract_v2_scale_controlled,0.9999999999999988,optimized_seed
pilot-run-fa761ed771c06d940665,task-v2-ce7fc44fc7b5,g-548c8c6335dd2a2e,v2-S1-b000-g-548c8c6335dd2a2e,S1,D3,2207,Penalty-X,3,6,7,7,1,1231.0,3,3,1.0,128,3,0.0234375,1,4.0,172.0,172.0,COBYLA,120,"[4.119365739193051, 4.0465795222369225, 3.073929981122659, 0.28561357469155796, 1.0467419303334264, 1.2456798648809793]","[3.295205758279169, 3.1042334806963554, 3.2947130935971813, -0.0018675455983230105, 1.1399620996048148, 1.4585158210986797]",120,3,Return from COBYLA because the objective function has been evaluated MAXFUN times.,1.975126254259388,1.2835095463474888,1.2835095463474888,0.2934359991382947,0.1198432230583082,0.4084134987194491,12.519935963233907,0.0234375,0.0078125,1.0,0.0002874173223972,0.0005089538171887,0.0085506029427051,0.2683910587802529,0.2683910587802529,0.2691589128226042,132.953125,SUCCESS,,False,False,False,g-548c8c6335dd2a2e,D3,2207,1.630088714928206,1.0976021075576956,0.0,1.2835095463474888,220.7636419717681,339.72171573261465,220.76364197176807,0.6916167079118987,3,global_fixed,172.0,560.9120383941536,3.2611165022915904,penalty_contract_v2_scale_controlled,1.0,optimized_seed
pilot-run-90e510390f24deebcb76,task-v2-ce7fc44fc7b5,g-548c8c6335dd2a2e,v2-S1-b000-g-548c8c6335dd2a2e,S1,D3,3301,Penalty-X,3,6,7,7,1,1231.0,3,3,1.0,128,3,0.0234375,1,4.0,172.0,172.0,COBYLA,120,"[2.8746040698350956, 3.2295534178963874, 2.6762166453631315, 0.4324890662459698, 2.8286472419409745, 2.8565676468058108]","[2.1999030780050894, 2.814321829246446, 1.5400655014375486, 0.5423846840435429, 2.2404918842455346, 2.930676634463587]",120,3,Return from COBYLA because the objective function has been evaluated MAXFUN times.,2.014858383095696,1.5277552278697757,1.5277552278697757,0.1164617461164536,0.0341752428959285,0.2934460802412807,4.96903450096869,0.0234375,0.0078125,1.0,0.0002874173223972,0.0005089538171887,0.0085506029427051,0.2712050881236791,0.2712050881236791,0.2719452520832419,132.953125,SUCCESS,,False,False,False,g-548c8c6335dd2a2e,D3,3301,1.630088714928206,0.696272012146681,0.0,1.5277552278697757,262.77389919360144,346.5556418924597,262.77389919360144,0.4871031552259202,3,global_fixed,172.0,560.9120383941536,3.2611165022915904,penalty_contract_v2_scale_controlled,0.9999999999999996,optimized_seed
pilot-run-92d2d4f349f19002aa7d,task-v2-4e78b3f98433,g-553bb3c5ba0f2136,v2-S1-b001-g-553bb3c5ba0f2136,S1,D1,0,Uniform,0,6,7,7,1,901.0,3,1,0.3333333333333333,128,1,0.0078125,1,12.0,172.0,172.0,analytic,0,,,0,0,analytic uniform baseline,,,,0.0078125,0.0078125,1.0,1.0,0.0078125,0.0078125,1.0,0.000300214625895,0.0004659751430153,0.0,0.0,0.0,0.0,168.38671875,SUCCESS,,False,False,False,g-553bb3c5ba0f2136,D1,0,2.1072099696478683,0.0,0.0,,,,,,0,global_fixed,172.0,,,penalty_contract_v2_scale_controlled,,analytic_uniform
pilot-run-f823c2c3ce7bfd483b34,task-v2-4e78b3f98433,g-553bb3c5ba0f2136,v2-S1-b001-g-553bb3c5ba0f2136,S1,D1,1103,Penalty-X,1,6,7,7,1,901.0,3,1,0.3333333333333333,128,1,0.0078125,1,12.0,172.0,172.0,COBYLA,120,"[1.4361119332668082, 2.3383068291715148]","[1.9405532898469584, 2.4021760660642273]",37,0,Return from COBYLA because the trust region radius reaches its lower bound.,1.869072629561,1.8105297884108724,1.8105297884108724,0.0195885744024459,0.0195885744024459,1.0,2.507337523513077,0.0078125,0.0078125,1.0,0.000300214625895,0.0004659751430153,0.0021469881758093,0.0743466727435588,0.0743466727435588,0.0752234729006886,132.30859375,SUCCESS,,False,False,False,g-553bb3c5ba0f2136,D1,1103,2.1072099696478683,0.3992128001459337,0.0,1.8105297884108724,311.4111236066701,321.480492284492,311.41112360667006,0.0585428411501274,0,global_fixed,172.0,567.4832037301957,3.299320951919742,penalty_contract_v2_scale_controlled,0.9999999999999992,optimized_seed
pilot-run-eeb794f26a2a93c62e01,task-v2-4e78b3f98433,g-553bb3c5ba0f2136,v2-S1-b001-g-553bb3c5ba0f2136,S1,D1,2207,Penalty-X,1,6,7,7,1,901.0,3,1,0.3333333333333333,128,1,0.0078125,1,12.0,172.0,172.0,COBYLA,120,"[4.119365739193051, 2.0232897611184613]","[6.0992588550225015, 2.57158698060114]",120,3,Return from COBYLA because the objective function has been evaluated MAXFUN times.,2.134821045782366,1.6657570617638051,1.6657570617638051,0.0779720865589671,0.0779720865589671,1.0,9.980427079547791,0.0078125,0.0078125,1.0,0.000300214625895,0.0004659751430153,0.0021469881758093,0.213673124089837,0.213673124089837,0.2141674244776368,132.82421875,SUCCESS,,False,False,False,g-553bb3c5ba0f2136,D1,2207,2.1072099696478683,0.9991491258888155,0.0,1.6657570617638051,286.5102146233745,367.18921987456696,286.5102146233745,0.4690639840185606,3,global_fixed,172.0,567.4832037301957,3.299320951919742,penalty_contract_v2_scale_controlled,1.0,optimized_seed
pilot-run-0c3a599ee7cd111d7a71,task-v2-4e78b3f98433,g-553bb3c5ba0f2136,v2-S1-b001-g-553bb3c5ba0f2136,S1,D1,3301,Penalty-X,1,6,7,7,1,901.0,3,1,0.3333333333333333,128,1,0.0078125,1,12.0,172.0,172.0,COBYLA,120,"[2.8746040698350956, 1.6147767089481937]","[1.9406526149171268, 2.402143535977596]",45,0,Return from COBYLA because the trust region radius reaches its lower bound.,2.4070778311007146,1.8105297867632328,1.8105297867632328,0.0195849820880522,0.0195849820880522,1.0,2.5068777072706903,0.0078125,0.0078125,1.0,0.000300214625895,0.0004659751430153,0.0021469881758093,0.0749414935708046,0.0749414935708046,0.0754325138404965,132.82421875,SUCCESS,,False,False,False,g-553bb3c5ba0f2136,D1,3301,2.1072099696478683,0.3991331483367764,0.0,1.8105297867632328,311.41112332327606,414.0173869493229,311.411123323276,0.596548044337482,0,global_fixed,172.0,567.4832037301957,3.299320951919742,penalty_contract_v2_scale_controlled,1.0,optimized_seed
pilot-run-73be4529ad6985cb7150,task-v2-4e78b3f98433,g-553bb3c5ba0f2136,v2-S1-b001-g-553bb3c5ba0f2136,S1,D1,1103,Penalty-X,2,6,7,7,1,901.0,3,1,0.3333333333333333,128,1,0.0078125,1,12.0,172.0,172.0,COBYLA,120,"[1.4361119332668082, 4.6766136583430296, 1.8287983773432719, 0.554097077555417]","[1.6943290289611375, 4.238012900972635, 2.425342072178163, 0.1685275075675178]",120,3,Return from COBYLA because the objective function has been evaluated MAXFUN times.,2.2919928535038263,1.7075527106223567,1.7075527106223567,0.054451953239791,0.054451953239791,1.0,6.96985001469325,0.0078125,0.0078125,1.0,0.000300214625895,0.0004659751430153,0.0021469881758093,0.2440828951075673,0.2440828951075673,0.2447182508185506,132.859375,SUCCESS,,False,False,False,g-553bb3c5ba0f2136,D1,1103,2.1072099696478683,0.8432234325467988,0.0,1.7075527106223567,293.69906622704536,394.22277080265815,293.69906622704536,0.5844401428814696,3,global_fixed,172.0,567.4832037301957,3.299320951919742,penalty_contract_v2_scale_controlled,0.9999999999999998,optimized_seed
pilot-run-dbdab78c643818283037,task-v2-4e78b3f98433,g-553bb3c5ba0f2136,v2-S1-b001-g-553bb3c5ba0f2136,S1,D1,2207,Penalty-X,2,6,7,7,1,901.0,3,1,0.3333333333333333,128,1,0.0078125,1,12.0,172.0,172.0,COBYLA,120,"[4.119365739193051, 4.0465795222369225, 1.5369649905613294, 0.28561357469155796]","[3.2617673516882473, 5.94505017619575, 2.3753965412699434, -0.40746338949101585]",120,3,Return from COBYLA because the objective function has been evaluated MAXFUN times.,2.4503046586254,1.687431451865166,1.687431451865166,0.0159270138085219,0.0159270138085219,1.0,2.0386577674908084,0.0078125,0.0078125,1.0,0.000300214625895,0.0004659751430153,0.0021469881758093,0.2403022581711411,0.2403022581711411,0.240902941673994,132.859375,SUCCESS,,False,False,False,g-553bb3c5ba0f2136,D1,2207,2.1072099696478683,0.3093443262367397,0.0,1.687431451865166,290.2382097208085,421.4524012835688,290.2382097208085,0.7628732067602337,3,global_fixed,172.0,567.4832037301957,3.299320951919742,penalty_contract_v2_scale_controlled,0.9999999999999998,optimized_seed
pilot-run-1eaa311db858c1a5c5bb,task-v2-4e78b3f98433,g-553bb3c5ba0f2136,v2-S1-b001-g-553bb3c5ba0f2136,S1,D1,3301,Penalty-X,2,6,7,7,1,901.0,3,1,0.3333333333333333,128,1,0.0078125,1,12.0,172.0,172.0,COBYLA,120,"[2.8746040698350956, 3.2295534178963874, 1.3381083226815658, 0.4324890662459698]","[1.307318752691071, 1.2991391804027617, 2.67102286333235, -0.3163059091851462]",120,3,Return from COBYLA because the objective function has been evaluated MAXFUN times.,2.551011872666578,1.4079863839740818,1.4079863839740818,0.1002946856020147,0.1002946856020147,1.0,12.837719757057885,0.0078125,0.0078125,1.0,0.000300214625895,0.0004659751430153,0.0021469881758093,0.2395504424348473,0.2395504424348473,0.2401532288640737,132.9140625,SUCCESS,,False,False,False,g-553bb3c5ba0f2136,D1,3301,2.1072099696478683,1.1084878909547582,0.0,1.4079863839740818,242.17365804354205,438.7740420986514,242.17365804354208,1.1430254886924962,3,global_fixed,172.0,567.4832037301957,3.299320951919742,penalty_contract_v2_scale_controlled,1.0000000000000002,optimized_seed
pilot-run-2ff4a6a09a1e77b377cc,task-v2-4e78b3f98433,g-553bb3c5ba0f2136,v2-S1-b001-g-553bb3c5ba0f2136,S1,D1,1103,Penalty-X,3,6,7,7,1,901.0,3,1,0.3333333333333333,128,1,0.0078125,1,12.0,172.0,172.0,COBYLA,120,"[1.4361119332668082, 4.6766136583430296, 3.6575967546865438, 0.554097077555417, 2.658092015317178, 1.6434959053105886]","[1.3406610191446862, 5.180127805241215, 4.6028713901509875, 0.7040616124472738, 3.6473397560284373, 1.6715741601291572]",120,3,Return from COBYLA because the objective function has been evaluated MAXFUN times.,2.644479086921627,1.6231261882965546,1.6231261882965546,0.002835945218821,0.002835945218821,1.0,0.3630009880090896,0.0078125,0.0078125,1.0,0.000300214625895,0.0004659751430153,0.0021469881758093,0.2645318740978837,0.2645318740978837,0.2653287397697568,132.9140625,SUCCESS,,False,False,False,g-553bb3c5ba0f2136,D1,1103,2.1072099696478683,-0.4400921929079322,0.0,1.6231261882965546,279.17770438700745,454.8504029505198,279.1777043870074,1.0213528986250722,3,global_fixed,172.0,567.4832037301957,3.299320951919742,penalty_contract_v2_scale_controlled,0.9999999999999982,optimized_seed
pilot-run-13e9b0b03d9edcab7176,task-v2-4e78b3f98433,g-553bb3c5ba0f2136,v2-S1-b001-g-553bb3c5ba0f2136,S1,D1,2207,Penalty-X,3,6,7,7,1,901.0,3,1,0.3333333333333333,128,1,0.0078125,1,12.0,172.0,172.0,COBYLA,120,"[4.119365739193051, 4.0465795222369225, 3.073929981122659, 0.28561357469155796, 1.0467419303334264, 1.2456798648809793]","[5.909422531322108, 5.013044420645715, 3.0245757669928857, 0.9464390506053153, 0.0032439425489707453, 1.72818998795335]",120,3,Return from COBYLA because the objective function has been evaluated MAXFUN times.,2.3111762957336843,1.626826618338895,1.626826618338895,0.0523015211587626,0.0523015211587626,1.0,6.694594708321615,0.0078125,0.0078125,1.0,0.000300214625895,0.0004659751430153,0.0021469881758093,0.264076235704124,0.264076235704124,0.2648528600111604,132.9140625,SUCCESS,,False,False,False,g-553bb3c5ba0f2136,D1,2207,2.1072099696478683,0.8257242898965877,0.0,1.626826618338895,279.81417835429,397.5223228661937,279.81417835428994,0.6843496773947892,3,global_fixed,172.0,567.4832037301957,3.299320951919742,penalty_contract_v2_scale_controlled,0.9999999999999996,optimized_seed
pilot-run-977c6fe2000194c415f0,task-v2-4e78b3f98433,g-553bb3c5ba0f2136,v2-S1-b001-g-553bb3c5ba0f2136,S1,D1,3301,Penalty-X,3,6,7,7,1,901.0,3,1,0.3333333333333333,128,1,0.0078125,1,12.0,172.0,172.0,COBYLA,120,"[2.8746040698350956, 3.2295534178963874, 2.6762166453631315, 0.4324890662459698, 2.8286472419409745, 2.8565676468058108]","[2.8538355486990654, 4.2273244533826055, 1.9281134397576187, 0.7549090756794706, 2.4496591718989453, 2.683534828839026]",120,3,Return from COBYLA because the objective function has been evaluated MAXFUN times.,2.387704062390703,1.74080725528821,1.74080725528821,0.0071046297218334,0.0071046297218334,1.0,0.9093926043946776,0.0078125,0.0078125,1.0,0.000300214625895,0.0004659751430153,0.0021469881758093,0.264330537058413,0.264330537058413,0.2650994183495641,132.9140625,SUCCESS,,False,False,False,g-553bb3c5ba0f2136,D1,3301,2.1072099696478683,-0.0412485820020806,0.0,1.74080725528821,299.4188479095721,410.6850987312009,299.4188479095721,0.646896807102493,3,global_fixed,172.0,567.4832037301957,3.299320951919742,penalty_contract_v2_scale_controlled,1.0000000000000016,optimized_seed
pilot-run-c537c052e25caee880a1,task-v2-f83834022ee2,g-553bb3c5ba0f2136,v2-S1-b001-g-553bb3c5ba0f2136,S1,D2,0,Uniform,0,6,7,7,1,1393.0,3,2,0.6666666666666666,128,2,0.015625,1,8.0,172.0,172.0,analytic,0,,,0,0,analytic uniform baseline,,,,0.015625,0.0078125,0.5,1.0,0.015625,0.0078125,1.0,0.000300214625895,0.0004643676802515,0.0,0.0,0.0,0.0,168.38671875,SUCCESS,,False,False,False,g-553bb3c5ba0f2136,D2,0,1.806179973983887,0.0,0.0,,,,,,0,global_fixed,172.0,,,penalty_contract_v2_scale_controlled,,analytic_uniform
pilot-run-35f42d411185d9f94c44,task-v2-f83834022ee2,g-553bb3c5ba0f2136,v2-S1-b001-g-553bb3c5ba0f2136,S1,D2,1103,Penalty-X,1,6,7,7,1,1393.0,3,2,0.6666666666666666,128,2,0.015625,1,8.0,172.0,172.0,COBYLA,120,"[1.4361119332668082, 2.3383068291715148]","[1.5327836480155546, 2.7054087249923326]",72,0,Return from COBYLA because the trust region radius reaches its lower bound.,1.7060925249992889,1.6001052747416518,1.6001052747416518,0.0830643082612936,0.036182794568307,0.4355997819723916,5.316115728722791,0.015625,0.0078125,1.0,0.000300214625895,0.0004643676802515,0.0036156810820102,0.1420284053310752,0.1420284053310752,0.1429191762581467,132.35546875,SUCCESS,,False,False,False,g-553bb3c5ba0f2136,D2,1103,1.806179973983887,0.7255944267098653,0.0,1.6001052747416518,275.21810725556406,293.4479142998777,275.2181072555641,0.1059872502576371,0,global_fixed,172.0,539.6097236125881,3.137265834956908,penalty_contract_v2_scale_controlled,0.999999999999999,optimized_seed
pilot-run-dddeeb1169d3b0b02238,task-v2-f83834022ee2,g-553bb3c5ba0f2136,v2-S1-b001-g-553bb3c5ba0f2136,S1,D2,2207,Penalty-X,1,6,7,7,1,1393.0,3,2,0.6666666666666666,128,2,0.015625,1,8.0,172.0,172.0,COBYLA,120,"[4.119365739193051, 2.0232897611184613]","[6.353035960041025, 2.61913882703354]",120,3,Return from COBYLA because the objective function has been evaluated MAXFUN times.,2.1792603972443576,1.4119221866033835,1.4119221866033835,0.2025290691417382,0.1070353318879372,0.528493674224264,12.961860425071247,0.015625,0.0078125,1.0,0.000300214625895,0.0004643676802515,0.0036156810820102,0.2086260700598359,0.2086260700598359,0.209149969741702,132.81640625,SUCCESS,,False,False,False,g-553bb3c5ba0f2136,D2,2207,1.806179973983887,1.1126673406051948,0.0,1.4119221866033835,242.850616095782,374.8327883260295,242.850616095782,0.7673382106409741,3,global_fixed,172.0,539.6097236125881,3.137265834956908,penalty_contract_v2_scale_controlled,0.9999999999999998,optimized_seed
pilot-run-e884d15c1ec26bd14cc7,task-v2-f83834022ee2,g-553bb3c5ba0f2136,v2-S1-b001-g-553bb3c5ba0f2136,S1,D2,3301,Penalty-X,1,6,7,7,1,1393.0,3,2,0.6666666666666666,128,2,0.015625,1,8.0,172.0,172.0,COBYLA,120,"[2.8746040698350956, 1.6147767089481937]","[1.5331299411789001, 2.7053977755495575]",82,0,Return from COBYLA because the trust region radius reaches its lower bound.,2.2075891368764435,1.600105285644661,1.600105285644661,0.0830587936989207,0.0361782950681289,0.4355745304858558,5.315762796730927,0.015625,0.0078125,1.0,0.000300214625895,0.0004643676802515,0.0036156810820102,0.1433009505271911,0.1433009505271911,0.143795782700181,132.81640625,SUCCESS,,False,False,False,g-553bb3c5ba0f2136,D2,3301,1.806179973983887,0.7255655933449537,0.0,1.600105285644661,275.21810913088166,379.7053315427483,275.21810913088166,0.6074838512317826,0,global_fixed,172.0,539.6097236125881,3.137265834956908,penalty_contract_v2_scale_controlled,0.9999999999999992,optimized_seed
pilot-run-70a20c28d7f0a4c4f55e,task-v2-f83834022ee2,g-553bb3c5ba0f2136,v2-S1-b001-g-553bb3c5ba0f2136,S1,D2,1103,Penalty-X,2,6,7,7,1,1393.0,3,2,0.6666666666666666,128,2,0.015625,1,8.0,172.0,172.0,COBYLA,120,"[1.4361119332668082, 4.6766136583430296, 1.8287983773432719, 0.554097077555417]","[1.413635163902173, 4.73105758961043, 2.584346588403444, 0.1602227979409323]",120,3,Return from COBYLA because the objective function has been evaluated MAXFUN times.,1.974356364443311,1.5389477825874605,1.5389477825874605,0.1165600690762756,0.0503655621948515,0.4320996254891792,7.459844420881638,0.015625,0.0078125,1.0,0.000300214625895,0.0004643676802515,0.0036156810820102,0.2353489184752106,0.2353489184752106,0.2359966477379202,132.8671875,SUCCESS,,False,False,False,g-553bb3c5ba0f2136,D2,1103,1.806179973983887,0.8727297701191603,0.0,1.5389477825874605,264.6990186050432,339.5892946842495,264.6990186050432,0.4354085818558506,3,global_fixed,172.0,539.6097236125881,3.137265834956908,penalty_contract_v2_scale_controlled,0.9999999999999988,optimized_seed
pilot-run-1a5de73350301290ce90,task-v2-f83834022ee2,g-553bb3c5ba0f2136,v2-S1-b001-g-553bb3c5ba0f2136,S1,D2,2207,Penalty-X,2,6,7,7,1,1393.0,3,2,0.6666666666666666,128,2,0.015625,1,8.0,172.0,172.0,COBYLA,120,"[4.119365739193051, 4.0465795222369225, 1.5369649905613294, 0.28561357469155796]","[3.446785770283552, 4.257463579873268, 1.2003831452582399, 1.1523700333710754]",120,3,Return from COBYLA because the objective function has been evaluated MAXFUN times.,2.24576227720928,1.827662903124119,1.827662903124119,0.0449529338661405,0.0392537323610066,0.8732184750809625,2.876987767432996,0.015625,0.0078125,1.0,0.000300214625895,0.0004643676802515,0.0036156810820102,0.2361335139721632,0.2361335139721632,0.2367401663213968,132.9140625,SUCCESS,,False,False,False,g-553bb3c5ba0f2136,D2,2207,1.806179973983887,0.4589380153322296,0.0,1.827662903124119,314.3580193373484,386.2711116799962,314.3580193373485,0.418099374085161,3,global_fixed,172.0,539.6097236125881,3.137265834956908,penalty_contract_v2_scale_controlled,1.0000000000000004,optimized_seed
pilot-run-d9dcdd294e7de7a6dc7a,task-v2-f83834022ee2,g-553bb3c5ba0f2136,v2-S1-b001-g-553bb3c5ba0f2136,S1,D2,3301,Penalty-X,2,6,7,7,1,1393.0,3,2,0.6666666666666666,128,2,0.015625,1,8.0,172.0,172.0,COBYLA,120,"[2.8746040698350956, 3.2295534178963874, 1.3381083226815658, 0.4324890662459698]","[3.6693799678389927, 4.195975796142059, 1.1770428549108263, 1.1657648504052525]",120,3,Return from COBYLA because the objective function has been evaluated MAXFUN times.,2.105379908573181,1.8248685186398348,1.8248685186398348,0.0561079146934678,0.0473607757066428,0.8441015134030045,3.590906540381941,0.015625,0.0078125,1.0,0.000300214625895,0.0004643676802515,0.0036156810820102,0.2386370915919542,0.2386370915919542,0.2392548723146319,132.9140625,SUCCESS,,False,False,False,g-553bb3c5ba0f2136,D2,3301,1.806179973983887,0.5552041020003146,0.0,1.8248685186398348,313.8773852060516,362.1253442745871,313.8773852060516,0.280511389933346,3,global_fixed,172.0,539.6097236125881,3.137265834956908,penalty_contract_v2_scale_controlled,0.9999999999999996,optimized_seed
pilot-run-d0e77565161e35c79b64,task-v2-f83834022ee2,g-553bb3c5ba0f2136,v2-S1-b001-g-553bb3c5ba0f2136,S1,D2,1103,Penalty-X,3,6,7,7,1,1393.0,3,2,0.6666666666666666,128,2,0.015625,1,8.0,172.0,172.0,COBYLA,120,"[1.4361119332668082, 4.6766136583430296, 3.6575967546865438, 0.554097077555417, 2.658092015317178, 1.6434959053105886]","[1.6692102389139774, 4.334041083925588, 3.725645590974897, 0.926945328336782, 3.616380123857673, 1.445841886950276]",120,3,Return from COBYLA because the objective function has been evaluated MAXFUN times.,2.3360051223522875,1.5653773961432011,1.5653773961432011,0.019653529095641,0.0146852274056855,0.7472056206405499,1.2578258621210263,0.015625,0.0078125,1.0,0.000300214625895,0.0004643676802515,0.0036156810820102,0.2595022795721888,0.2595022795721888,0.2602653354406357,132.9140625,SUCCESS,,False,False,False,g-553bb3c5ba0f2136,D2,1103,1.806179973983887,0.0996205200005613,0.0,1.5653773961432011,269.2449121366306,401.7928810445935,269.2449121366306,0.7706277262090864,3,global_fixed,172.0,539.6097236125881,3.137265834956908,penalty_contract_v2_scale_controlled,1.0,optimized_seed
pilot-run-a10a84e62a877d9f5039,task-v2-f83834022ee2,g-553bb3c5ba0f2136,v2-S1-b001-g-553bb3c5ba0f2136,S1,D2,2207,Penalty-X,3,6,7,7,1,1393.0,3,2,0.6666666666666666,128,2,0.015625,1,8.0,172.0,172.0,COBYLA,120,"[4.119365739193051, 4.0465795222369225, 3.073929981122659, 0.28561357469155796, 1.0467419303334264, 1.2456798648809793]","[5.668447925746891, 5.304617194680147, 4.664428021073446, 0.7494145252052196, 0.8309961458749251, 1.1514761441434587]",120,3,Return from COBYLA because the objective function has been evaluated MAXFUN times.,2.3102729352708646,1.563838853115599,1.563838853115599,0.1631932816201947,0.1472291357609023,0.9021764517460572,10.44437002369246,0.015625,0.0078125,1.0,0.000300214625895,0.0004643676802515,0.0036156810820102,0.2649580696597695,0.2649580696597695,0.2657193075865507,132.96875,SUCCESS,,False,False,False,g-553bb3c5ba0f2136,D2,2207,1.806179973983887,1.018882249631292,0.0,1.563838853115599,268.9802827358829,397.3669448665887,268.9802827358829,0.746434082155266,3,global_fixed,172.0,539.6097236125881,3.137265834956908,penalty_contract_v2_scale_controlled,1.0,optimized_seed
pilot-run-8385242fd5a89303f62a,task-v2-f83834022ee2,g-553bb3c5ba0f2136,v2-S1-b001-g-553bb3c5ba0f2136,S1,D2,3301,Penalty-X,3,6,7,7,1,1393.0,3,2,0.6666666666666666,128,2,0.015625,1,8.0,172.0,172.0,COBYLA,120,"[2.8746040698350956, 3.2295534178963874, 2.6762166453631315, 0.4324890662459698, 2.8286472419409745, 2.8565676468058108]","[3.025491980457933, 3.4523369581391137, 2.2835693155827164, -0.00357802866188822, 2.6009510869866648, 2.9854334292073066]",120,3,Return from COBYLA because the objective function has been evaluated MAXFUN times.,2.071918394318065,1.3190617115071412,1.3190617115071412,0.2568082858807293,0.1368163414472526,0.5327567254227727,16.435730296366675,0.015625,0.0078125,1.0,0.000300214625895,0.0004643676802515,0.0036156810820102,0.2592762475833297,0.2592762475833297,0.2600121889263391,132.96875,SUCCESS,,False,False,False,g-553bb3c5ba0f2136,D2,3301,1.806179973983887,1.2157890060529188,0.0,1.3190617115071412,226.87861437922828,356.36996382270723,226.87861437922828,0.7528566828109242,3,global_fixed,172.0,539.6097236125881,3.137265834956908,penalty_contract_v2_scale_controlled,0.9999999999999996,optimized_seed
pilot-run-94f9803b48c90f546560,task-v2-73f419868dc6,g-553bb3c5ba0f2136,v2-S1-b001-g-553bb3c5ba0f2136,S1,D3,0,Uniform,0,6,7,7,1,2104.0,3,3,1.0,128,3,0.0234375,1,8.0,172.0,172.0,analytic,0,,,0,0,analytic uniform baseline,,,,0.0234375,0.0078125,0.3333333333333333,1.0,0.0234375,0.0078125,1.0,0.000300214625895,0.0004638405516743,0.0,0.0,0.0,0.0,168.38671875,SUCCESS,,False,False,False,g-553bb3c5ba0f2136,D3,0,1.630088714928206,0.0,0.0,,,,,,0,global_fixed,172.0,,,penalty_contract_v2_scale_controlled,,analytic_uniform
pilot-run-544c5b342814a468a69e,task-v2-73f419868dc6,g-553bb3c5ba0f2136,v2-S1-b001-g-553bb3c5ba0f2136,S1,D3,1103,Penalty-X,1,6,7,7,1,2104.0,3,3,1.0,128,3,0.0234375,1,8.0,172.0,172.0,COBYLA,120,"[1.4361119332668082, 2.3383068291715148]","[1.4742789150625966, 2.780967535826244]",53,0,Return from COBYLA because the trust region radius reaches its lower bound.,1.475318494306055,1.359975504333382,1.359975504333382,0.1222688308641111,0.0383142324429094,0.3133605856221172,5.216803450202076,0.0234375,0.0078125,1.0,0.000300214625895,0.0004638405516743,0.0066141793504357,0.1093671359121799,0.1093671359121799,0.1104331165552139,132.5,SUCCESS,,False,False,False,g-553bb3c5ba0f2136,D3,1103,1.630088714928206,0.7174044744259075,0.0,1.359975504333382,233.91578674534168,253.7547810206416,233.91578674534168,0.1153429899726734,0,global_fixed,172.0,512.2421602495117,2.9781520944739053,penalty_contract_v2_scale_controlled,1.0,optimized_seed
pilot-run-134aceea924997aece56,task-v2-73f419868dc6,g-553bb3c5ba0f2136,v2-S1-b001-g-553bb3c5ba0f2136,S1,D3,2207,Penalty-X,1,6,7,7,1,2104.0,3,3,1.0,128,3,0.0234375,1,8.0,172.0,172.0,COBYLA,120,"[4.119365739193051, 2.0232897611184613]","[6.59057295337689, 2.6584811414676697]",113,0,Return from COBYLA because the trust region radius reaches its lower bound.,1.994091585103102,1.1650570014142982,1.1650570014142982,0.2739405185081916,0.109964215010536,0.4014163936367368,11.688128789682844,0.0234375,0.0078125,1.0,0.000300214625895,0.0004638405516743,0.0066141793504357,0.2037451742216944,0.2037451742216944,0.2042272267863154,132.82421875,SUCCESS,,False,False,False,g-553bb3c5ba0f2136,D3,2207,1.630088714928206,1.067744988376311,0.0,1.1650570014142982,200.3898042432593,342.9837526377336,200.3898042432593,0.8290345836888038,0,global_fixed,172.0,512.2421602495117,2.9781520944739053,penalty_contract_v2_scale_controlled,0.9999999999999996,optimized_seed
pilot-run-db0d91cf93f2fb696256,task-v2-73f419868dc6,g-553bb3c5ba0f2136,v2-S1-b001-g-553bb3c5ba0f2136,S1,D3,3301,Penalty-X,1,6,7,7,1,2104.0,3,3,1.0,128,3,0.0234375,1,8.0,172.0,172.0,COBYLA,120,"[2.8746040698350956, 1.6147767089481937]","[1.4753352639926514, 2.7809594063534755]",91,0,Return from COBYLA because the trust region radius reaches its lower bound.,1.844378431094419,1.359975610165311,1.359975610165311,0.1222796714307832,0.0383131729708395,0.3133241406567469,5.21726598104675,0.0234375,0.0078125,1.0,0.000300214625895,0.0004638405516743,0.0066141793504357,0.1608509039506316,0.1608509039506316,0.1613364806398749,132.82421875,SUCCESS,,False,False,False,g-553bb3c5ba0f2136,D3,3301,1.630088714928206,0.7174429780212701,0.0,1.359975610165311,233.9158049484336,317.23309014824,233.9158049484335,0.4844028209291076,0,global_fixed,172.0,512.2421602495117,2.9781520944739053,penalty_contract_v2_scale_controlled,1.0,optimized_seed
pilot-run-27f4f308985febfcd1cb,task-v2-73f419868dc6,g-553bb3c5ba0f2136,v2-S1-b001-g-553bb3c5ba0f2136,S1,D3,1103,Penalty-X,2,6,7,7,1,2104.0,3,3,1.0,128,3,0.0234375,1,8.0,172.0,172.0,COBYLA,120,"[1.4361119332668082, 4.6766136583430296, 1.8287983773432719, 0.554097077555417]","[1.7438488525076061, 4.877360859857171, 3.125380496550806, -0.4764872455989399]",120,3,Return from COBYLA because the objective function has been evaluated MAXFUN times.,1.8568339223397947,1.16418401734986,1.16418401734986,0.2692989412267526,0.1084846192300934,0.4028408679807927,11.49008815900811,0.0234375,0.0078125,1.0,0.000300214625895,0.0004638405516743,0.0066141793504357,0.2402564566582441,0.2402564566582441,0.2408973015844822,132.86328125,SUCCESS,,False,False,False,g-553bb3c5ba0f2136,D3,1103,1.630088714928206,1.060323360874871,0.0,1.16418401734986,200.23965098417585,319.3754346424447,200.2396509841759,0.6926499049899348,3,global_fixed,172.0,512.2421602495117,2.9781520944739053,penalty_contract_v2_scale_controlled,0.9999999999999992,optimized_seed
pilot-run-5df749a57d9b23ad530f,task-v2-73f419868dc6,g-553bb3c5ba0f2136,v2-S1-b001-g-553bb3c5ba0f2136,S1,D3,2207,Penalty-X,2,6,7,7,1,2104.0,3,3,1.0,128,3,0.0234375,1,8.0,172.0,172.0,COBYLA,120,"[4.119365739193051, 4.0465795222369225, 1.5369649905613294, 0.28561357469155796]","[3.5453770475857507, 3.4895461137174135, 1.9042726016470402, 0.5662903258296381]",120,3,Return from COBYLA because the objective function has been evaluated MAXFUN times.,1.852536931791498,1.6916894781543337,1.6916894781543337,0.0148914964532499,0.0049619827868113,0.3332091440500234,0.6353705153386624,0.0234375,0.0078125,1.0,0.000300214625895,0.0004638405516743,0.0066141793504357,0.2410536250099539,0.2410536250099539,0.2416882626712322,132.86328125,SUCCESS,,False,False,False,g-553bb3c5ba0f2136,D3,2207,1.630088714928206,-0.1969729426766816,0.0,1.6916894781543337,290.97059024254537,318.63635226813767,290.97059024254537,0.1608474536371644,3,global_fixed,172.0,512.2421602495117,2.9781520944739053,penalty_contract_v2_scale_controlled,1.0,optimized_seed
pilot-run-4b765540bc8dc87124ea,task-v2-73f419868dc6,g-553bb3c5ba0f2136,v2-S1-b001-g-553bb3c5ba0f2136,S1,D3,3301,Penalty-X,2,6,7,7,1,2104.0,3,3,1.0,128,3,0.0234375,1,8.0,172.0,172.0,COBYLA,120,"[2.8746040698350956, 3.2295534178963874, 1.3381083226815658, 0.4324890662459698]","[3.2011129338142457, 3.180561205852778, 1.8769222911534662, 0.5378481181089453]",120,3,Return from COBYLA because the objective function has been evaluated MAXFUN times.,2.007374984933541,1.6858682581219162,1.6858682581219162,0.0158531358790671,0.0059285552609935,0.3739673529715804,0.6764004641735305,0.0234375,0.0078125,1.0,0.000300214625895,0.0004638405516743,0.0066141793504357,0.2392212338745594,0.2392212338745594,0.2398415030911564,132.93359375,SUCCESS,,False,False,False,g-553bb3c5ba0f2136,D3,3301,1.630088714928206,-0.1697961030436427,0.0,1.6858682581219162,289.9693403969695,345.26849740856903,289.9693403969696,0.3215067268116247,3,global_fixed,172.0,512.2421602495117,2.9781520944739053,penalty_contract_v2_scale_controlled,1.0000000000000004,optimized_seed
pilot-run-c6626b2fcfd7cd9faf72,task-v2-73f419868dc6,g-553bb3c5ba0f2136,v2-S1-b001-g-553bb3c5ba0f2136,S1,D3,1103,Penalty-X,3,6,7,7,1,2104.0,3,3,1.0,128,3,0.0234375,1,8.0,172.0,172.0,COBYLA,120,"[1.4361119332668082, 4.6766136583430296, 3.6575967546865438, 0.554097077555417, 2.658092015317178, 1.6434959053105886]","[1.3529974522367179, 4.839539736801578, 4.217914991227771, 1.1718523322500811, 3.0639175913984578, 1.6798513338663095]",120,3,Return from COBYLA because the objective function has been evaluated MAXFUN times.,1.8241609565936647,1.3177432845047,1.3177432845047,0.1488099095693424,0.0446035192265474,0.299734872197897,6.349222808291945,0.0234375,0.0078125,1.0,0.000300214625895,0.0004638405516743,0.0066141793504357,0.2668952299281955,0.2668952299281955,0.2676469124853611,132.93359375,SUCCESS,,False,False,False,g-553bb3c5ba0f2136,D3,1103,1.630088714928206,0.8027205676971045,0.0,1.3177432845047,226.6518449348084,313.7556845341104,226.6518449348084,0.5064176720889653,3,global_fixed,172.0,512.2421602495117,2.9781520944739053,penalty_contract_v2_scale_controlled,0.999999999999999,optimized_seed
pilot-run-3a362124fffdea23c245,task-v2-73f419868dc6,g-553bb3c5ba0f2136,v2-S1-b001-g-553bb3c5ba0f2136,S1,D3,2207,Penalty-X,3,6,7,7,1,2104.0,3,3,1.0,128,3,0.0234375,1,8.0,172.0,172.0,COBYLA,120,"[4.119365739193051, 4.0465795222369225, 3.073929981122659, 0.28561357469155796, 1.0467419303334264, 1.2456798648809793]","[4.032149256668306, 3.777779635191655, 4.261114592948453, 0.7246411216774202, 1.1997627162167959, 1.0877862545618788]",120,3,Return from COBYLA because the objective function has been evaluated MAXFUN times.,1.8520683810796863,1.4488393896334535,1.4488393896334535,0.1683437761720976,0.0635915667606933,0.3777482494849337,7.182667783342834,0.0234375,0.0078125,1.0,0.000300214625895,0.0004638405516743,0.0066141793504357,0.2696417765691876,0.2696417765691876,0.2704111216589808,132.96875,SUCCESS,,False,False,False,g-553bb3c5ba0f2136,D3,2207,1.630088714928206,0.8562857796732255,0.0,1.4488393896334535,249.200375016954,318.5557615457061,249.200375016954,0.403228991446233,3,global_fixed,172.0,512.2421602495117,2.9781520944739053,penalty_contract_v2_scale_controlled,0.9999999999999996,optimized_seed
pilot-run-9d9f71cb55c2ac6ba4c5,task-v2-73f419868dc6,g-553bb3c5ba0f2136,v2-S1-b001-g-553bb3c5ba0f2136,S1,D3,3301,Penalty-X,3,6,7,7,1,2104.0,3,3,1.0,128,3,0.0234375,1,8.0,172.0,172.0,COBYLA,120,"[2.8746040698350956, 3.2295534178963874, 2.6762166453631315, 0.4324890662459698, 2.8286472419409745, 2.8565676468058108]","[3.4615849791867594, 3.685893751960206, 2.6796025312206764, 0.66149508449842, 2.3738289660736887, 2.735619382151903]",120,3,Return from COBYLA because the objective function has been evaluated MAXFUN times.,1.7987560903310849,1.3251717992960712,1.3251717992960712,0.1839235935239739,0.0840942694206591,0.4572239363608216,7.84740665702289,0.0234375,0.0078125,1.0,0.000300214625895,0.0004638405516743,0.0066141793504357,0.2798810536041856,0.2798810536041856,0.2806268641725182,132.96875,SUCCESS,,False,False,False,g-553bb3c5ba0f2136,D3,3301,1.630088714928206,0.894726158576479,0.0,1.3251717992960712,227.92954947892423,309.3860475369466,227.92954947892423,0.4735842910350136,3,global_fixed,172.0,512.2421602495117,2.9781520944739053,penalty_contract_v2_scale_controlled,0.9999999999999992,optimized_seed
pilot-run-531b35e6d704ac3eaaad,task-v2-3f363bac5736,g-60667963f6db3f1b,v2-S2-b000-g-60667963f6db3f1b,S2,D1,0,Uniform,0,8,10,10,1,1727.0,4,1,0.25,1024,1,0.0009765625,1,23.0,172.0,172.0,analytic,0,,,0,0,analytic uniform baseline,,,,0.0009765625,0.0009765625,1.0,1.0,0.0009765625,0.0009765625,1.0,0.0005791746079921,0.0044074580073356,0.0,0.0,0.0,0.0,168.38671875,SUCCESS,,False,False,False,g-60667963f6db3f1b,D1,0,3.010299956639812,0.0,0.0,,,,,,0,global_fixed,172.0,,,penalty_contract_v2_scale_controlled,,analytic_uniform
pilot-run-4e8c63cc90e692a1967d,task-v2-3f363bac5736,g-60667963f6db3f1b,v2-S2-b000-g-60667963f6db3f1b,S2,D1,1103,Penalty-X,1,8,10,10,1,1727.0,4,1,0.25,1024,1,0.0009765625,1,23.0,172.0,172.0,COBYLA,120,"[1.4361119332668082, 2.3383068291715148]","[2.281919099054004, 2.4862799642012945]",103,0,Return from COBYLA because the trust region radius reaches its lower bound.,2.1283813819171176,1.999752136588728,1.999752136588728,0.0043588651122032,0.0043588651122032,1.0,4.4634778748961255,0.0009765625,0.0009765625,1.0,0.0005791746079921,0.0044074580073356,0.0097064096480607,0.2240521656349301,0.2240521656349301,0.2253667656332254,132.51171875,SUCCESS,,False,False,False,g-60667963f6db3f1b,D1,1103,3.010299956639812,0.6496733863521026,0.0,1.999752136588728,343.9573674932612,366.0815976897442,343.9573674932612,0.1286292453283901,0,global_fixed,172.0,581.1195838823343,3.3786022318740367,penalty_contract_v2_scale_controlled,1.0000000000000002,optimized_seed
pilot-run-91b39adeabab69fbfb7d,task-v2-3f363bac5736,g-60667963f6db3f1b,v2-S2-b000-g-60667963f6db3f1b,S2,D1,2207,Penalty-X,1,8,10,10,1,1727.0,4,1,0.25,1024,1,0.0009765625,1,23.0,172.0,172.0,COBYLA,120,"[4.119365739193051, 2.0232897611184613]","[6.380313487651604, 2.5625996425841566]",120,3,Return from COBYLA because the objective function has been evaluated MAXFUN times.,2.3083819276964817,1.8274106454151773,1.8274106454151773,0.0199298114405389,0.0199298114405389,1.0,20.408126915111865,0.0009765625,0.0009765625,1.0,0.0005791746079921,0.0044074580073356,0.0097064096480607,0.2394843231886625,0.2394843231886625,0.2401865469291806,132.93359375,SUCCESS,,False,False,False,g-60667963f6db3f1b,D1,2207,3.010299956639812,1.309803146423047,0.0,1.8274106454151773,314.31463101141054,397.04169156379487,314.3146310114105,0.4809712822813043,3,global_fixed,172.0,581.1195838823343,3.3786022318740367,penalty_contract_v2_scale_controlled,1.000000000000001,optimized_seed
pilot-run-9e68c912e07f7d209cb1,task-v2-3f363bac5736,g-60667963f6db3f1b,v2-S2-b000-g-60667963f6db3f1b,S2,D1,3301,Penalty-X,1,8,10,10,1,1727.0,4,1,0.25,1024,1,0.0009765625,1,23.0,172.0,172.0,COBYLA,120,"[2.8746040698350956, 1.6147767089481937]","[2.2825739585896763, 2.486210789863926]",80,0,Return from COBYLA because the trust region radius reaches its lower bound.,2.5944416172759075,1.9997521271181808,1.9997521271181808,0.0043583042877855,0.0043583042877855,1.0,4.462903590692361,0.0009765625,0.0009765625,1.0,0.0005791746079921,0.0044074580073356,0.0097064096480607,0.1581341717392206,0.1581341717392206,0.1588177923113107,132.93359375,SUCCESS,,False,False,False,g-60667963f6db3f1b,D1,3301,3.010299956639812,0.6496175051505104,0.0,1.9997521271181808,343.9573658643271,446.2439581714561,343.9573658643271,0.5946894901577269,0,global_fixed,172.0,581.1195838823343,3.3786022318740367,penalty_contract_v2_scale_controlled,1.0,optimized_seed
pilot-run-5328569e682ab1259c47,task-v2-3f363bac5736,g-60667963f6db3f1b,v2-S2-b000-g-60667963f6db3f1b,S2,D1,1103,Penalty-X,2,8,10,10,1,1727.0,4,1,0.25,1024,1,0.0009765625,1,23.0,172.0,172.0,COBYLA,120,"[1.4361119332668082, 4.6766136583430296, 1.8287983773432719, 0.554097077555417]","[2.0768976884211376, 4.188858657666209, 2.386172634502439, 0.10584506695084335]",120,3,Return from COBYLA because the objective function has been evaluated MAXFUN times.,2.649068077344959,1.93726317638217,1.93726317638217,0.0064054210845946,0.0064054210845946,1.0,6.559151190624968,0.0009765625,0.0009765625,1.0,0.0005791746079921,0.0044074580073356,0.0097064096480607,0.2826780434697866,0.2826780434697866,0.2837314493954181,132.98046875,SUCCESS,,False,False,False,g-60667963f6db3f1b,D1,1103,3.010299956639812,0.8168476416502248,0.0,1.93726317638217,333.20926633773325,455.63970930333295,333.20926633773325,0.7118049009627891,3,global_fixed,172.0,581.1195838823343,3.3786022318740367,penalty_contract_v2_scale_controlled,0.9999999999999982,optimized_seed
pilot-run-c1e6fd8b354ce07f1c28,task-v2-3f363bac5736,g-60667963f6db3f1b,v2-S2-b000-g-60667963f6db3f1b,S2,D1,2207,Penalty-X,2,8,10,10,1,1727.0,4,1,0.25,1024,1,0.0009765625,1,23.0,172.0,172.0,COBYLA,120,"[4.119365739193051, 4.0465795222369225, 1.5369649905613294, 0.28561357469155796]","[4.784719897843099, 3.929300037215576, 2.515327043692428, 0.14820513845737432]",120,3,Return from COBYLA because the objective function has been evaluated MAXFUN times.,2.697461011927275,1.8763979305029184,1.8763979305029184,0.0155399771465292,0.0155399771465292,1.0,15.912936598045954,0.0009765625,0.0009765625,1.0,0.0005791746079921,0.0044074580073356,0.0097064096480607,0.285998816601932,0.285998816601932,0.2870771884918213,133.02734375,SUCCESS,,False,False,False,g-60667963f6db3f1b,D1,2207,3.010299956639812,1.201750332421082,0.0,1.8763979305029184,322.740444046502,463.9632940514913,322.740444046502,0.8210630814243562,3,global_fixed,172.0,581.1195838823343,3.3786022318740367,penalty_contract_v2_scale_controlled,0.9999999999999988,optimized_seed
pilot-run-abe696366548b55f136a,task-v2-3f363bac5736,g-60667963f6db3f1b,v2-S2-b000-g-60667963f6db3f1b,S2,D1,3301,Penalty-X,2,8,10,10,1,1727.0,4,1,0.25,1024,1,0.0009765625,1,23.0,172.0,172.0,COBYLA,120,"[2.8746040698350956, 3.2295534178963874, 1.3381083226815658, 0.4324890662459698]","[2.160715597332026, 3.7799114624427643, 2.376668882563157, 0.09990672968278555]",120,3,Return from COBYLA because the objective function has been evaluated MAXFUN times.,2.8807130575181867,1.9474382224519056,1.9474382224519056,0.0042403499805832,0.0042403499805832,1.0,4.342118380117217,0.0009765625,0.0009765625,1.0,0.0005791746079921,0.0044074580073356,0.0097064096480607,0.2853461010381579,0.2853461010381579,0.2863855212926864,133.02734375,SUCCESS,,False,False,False,g-60667963f6db3f1b,D1,3301,3.010299956639812,0.6377016595446661,0.0,1.9474382224519056,334.9593742617278,495.4826458931281,334.9593742617278,0.933274835066281,3,global_fixed,172.0,581.1195838823343,3.3786022318740367,penalty_contract_v2_scale_controlled,1.0000000000000009,optimized_seed
pilot-run-c40eb0aa3daa235c78bb,task-v2-3f363bac5736,g-60667963f6db3f1b,v2-S2-b000-g-60667963f6db3f1b,S2,D1,1103,Penalty-X,3,8,10,10,1,1727.0,4,1,0.25,1024,1,0.0009765625,1,23.0,172.0,172.0,COBYLA,120,"[1.4361119332668082, 4.6766136583430296, 3.6575967546865438, 0.554097077555417, 2.658092015317178, 1.6434959053105886]","[1.5694845200448708, 5.401471883476209, 3.8763954380906993, 0.7107427896443206, 3.6723946242838554, 1.7393286241522357]",120,3,Return from COBYLA because the objective function has been evaluated MAXFUN times.,2.7931985803688453,1.7348423196756952,1.7348423196756952,0.0004633833497598,0.0004633833497598,1.0,0.4745045501541228,0.0009765625,0.0009765625,1.0,0.0005791746079921,0.0044074580073356,0.0097064096480607,0.3415861623361707,0.3415861623361707,0.342933620326221,133.078125,SUCCESS,,False,False,False,g-60667963f6db3f1b,D1,1103,3.010299956639812,-0.323759618647958,0.0,1.7348423196756952,298.3928789842196,480.4301558234414,298.3928789842196,1.05835626069315,3,global_fixed,172.0,581.1195838823343,3.3786022318740367,penalty_contract_v2_scale_controlled,1.0000000000000018,optimized_seed
pilot-run-3b72093291e8d5f95c7f,task-v2-3f363bac5736,g-60667963f6db3f1b,v2-S2-b000-g-60667963f6db3f1b,S2,D1,2207,Penalty-X,3,8,10,10,1,1727.0,4,1,0.25,1024,1,0.0009765625,1,23.0,172.0,172.0,COBYLA,120,"[4.119365739193051, 4.0465795222369225, 3.073929981122659, 0.28561357469155796, 1.0467419303334264, 1.2456798648809793]","[4.0299333815179095, 5.618193355121383, 2.8726703717326756, 0.7747282542339821, 0.45956930727161394, 1.6929150490959939]",120,3,Return from COBYLA because the objective function has been evaluated MAXFUN times.,2.3767859577725563,1.7611338958773326,1.7611338958773326,0.0001684157655081,0.0001684157655081,1.0,0.1724577438803225,0.0009765625,0.0009765625,1.0,0.0005791746079921,0.0044074580073356,0.0097064096480607,0.3451315285637975,0.3451315285637975,0.3465087134391069,133.078125,SUCCESS,,False,False,False,g-60667963f6db3f1b,D1,2207,3.010299956639812,-0.7633172997078159,0.0,1.7611338958773326,302.91503009090115,408.80718473687966,302.9150300909012,0.6156520618952237,3,global_fixed,172.0,581.1195838823343,3.3786022318740367,penalty_contract_v2_scale_controlled,1.0000000000000009,optimized_seed
pilot-run-10b9778866f3d47a83d6,task-v2-3f363bac5736,g-60667963f6db3f1b,v2-S2-b000-g-60667963f6db3f1b,S2,D1,3301,Penalty-X,3,8,10,10,1,1727.0,4,1,0.25,1024,1,0.0009765625,1,23.0,172.0,172.0,COBYLA,120,"[2.8746040698350956, 3.2295534178963874, 2.6762166453631315, 0.4324890662459698, 2.8286472419409745, 2.8565676468058108]","[2.6299498371766914, 3.7131202002584103, 2.262376257756017, 0.894537788178278, 2.7397007043719257, 2.248920888308654]",120,3,Return from COBYLA because the objective function has been evaluated MAXFUN times.,2.3632940886315605,1.79951651670905,1.79951651670905,0.0001513256565989,0.0001513256565989,1.0,0.1549574723573119,0.0009765625,0.0009765625,1.0,0.0005791746079921,0.0044074580073356,0.0097064096480607,0.3285463098436594,0.3285463098436594,0.3298702966421842,133.078125,SUCCESS,,False,False,False,g-60667963f6db3f1b,D1,3301,3.010299956639812,-0.8097874763766114,0.0,1.79951651670905,309.51684087395665,406.4865832446284,309.5168408739566,0.5637775719225107,3,global_fixed,172.0,581.1195838823343,3.3786022318740367,penalty_contract_v2_scale_controlled,0.999999999999998,optimized_seed
pilot-run-2ded855be5b855eb61ef,task-v2-f1a738d52e35,g-60667963f6db3f1b,v2-S2-b000-g-60667963f6db3f1b,S2,D2,0,Uniform,0,8,10,10,1,1902.0,4,2,0.5,1024,2,0.001953125,1,9.0,172.0,172.0,analytic,0,,,0,0,analytic uniform baseline,,,,0.001953125,0.0009765625,0.5,1.0,0.001953125,0.0009765625,1.0,0.0005791746079921,0.0044050067663192,0.0,0.0,0.0,0.0,168.38671875,SUCCESS,,False,False,False,g-60667963f6db3f1b,D2,0,2.709269960975831,0.0,0.0,,,,,,0,global_fixed,172.0,,,penalty_contract_v2_scale_controlled,,analytic_uniform
pilot-run-4ab9e986dd868fb68f96,task-v2-f1a738d52e35,g-60667963f6db3f1b,v2-S2-b000-g-60667963f6db3f1b,S2,D2,1103,Penalty-X,1,8,10,10,1,1902.0,4,2,0.5,1024,2,0.001953125,1,9.0,172.0,172.0,COBYLA,120,"[1.4361119332668082, 2.3383068291715148]","[2.078194302283659, 2.5023176095949764]",61,0,Return from COBYLA because the trust region radius reaches its lower bound.,2.0539172410835347,1.9346363002739608,1.9346363002739608,0.0126438333887309,0.0072814998281579,0.5758933706487873,6.473642695030261,0.001953125,0.0009765625,1.0,0.0005791746079921,0.0044050067663192,0.0109016122296452,0.133655272424221,0.133655272424221,0.1346869617700576,132.453125,SUCCESS,,False,False,False,g-60667963f6db3f1b,D2,1103,2.709269960975831,0.8111487253632795,0.0,1.9346363002739608,332.75744364712125,353.273765466368,332.75744364712125,0.1192809408095738,0,global_fixed,172.0,588.8463564880509,3.4235253284189007,penalty_contract_v2_scale_controlled,1.0000000000000009,optimized_seed
pilot-run-a400d552732ef13e1d29,task-v2-f1a738d52e35,g-60667963f6db3f1b,v2-S2-b000-g-60667963f6db3f1b,S2,D2,2207,Penalty-X,1,8,10,10,1,1902.0,4,2,0.5,1024,2,0.001953125,1,9.0,172.0,172.0,COBYLA,120,"[4.119365739193051, 2.0232897611184613]","[6.408560946747538, 2.5749135915372476]",120,3,Return from COBYLA because the objective function has been evaluated MAXFUN times.,2.302602735821044,1.7574127820585534,1.7574127820585534,0.0592305330558607,0.0380017434206782,0.6415904341910702,30.326032924600725,0.001953125,0.0009765625,1.0,0.0005791746079921,0.0044050067663192,0.0109016122296452,0.2345964629203081,0.2345964629203081,0.2353325886651873,132.921875,SUCCESS,,False,False,False,g-60667963f6db3f1b,D2,2207,2.709269960975831,1.48181560214585,0.0,1.7574127820585534,302.2749985140712,396.0476705612196,302.2749985140712,0.5451899537624905,3,global_fixed,172.0,588.8463564880509,3.4235253284189007,penalty_contract_v2_scale_controlled,0.9999999999999992,optimized_seed
pilot-run-bbebf7615945cc300fc3,task-v2-f1a738d52e35,g-60667963f6db3f1b,v2-S2-b000-g-60667963f6db3f1b,S2,D2,3301,Penalty-X,1,8,10,10,1,1902.0,4,2,0.5,1024,2,0.001953125,1,9.0,172.0,172.0,COBYLA,120,"[2.8746040698350956, 1.6147767089481937]","[2.079304445575817, 2.502273057622812]",75,0,Return from COBYLA because the trust region radius reaches its lower bound.,2.5433348473645303,1.9346363468572567,1.9346363468572567,0.0126486102084648,0.0072859062443614,0.5760242528056999,6.476088426733979,0.001953125,0.0009765625,1.0,0.0005791746079921,0.0044050067663192,0.0109016122296452,0.1446358347311616,0.1446358347311616,0.1453201789408922,132.921875,SUCCESS,,False,False,False,g-60667963f6db3f1b,D2,3301,2.709269960975831,0.8113127701277278,0.0,1.9346363468572567,332.7574516594482,437.4535937466992,332.7574516594482,0.6086985005072736,0,global_fixed,172.0,588.8463564880509,3.4235253284189007,penalty_contract_v2_scale_controlled,1.0,optimized_seed
pilot-run-0672cf39ee93946e20ca,task-v2-f1a738d52e35,g-60667963f6db3f1b,v2-S2-b000-g-60667963f6db3f1b,S2,D2,1103,Penalty-X,2,8,10,10,1,1902.0,4,2,0.5,1024,2,0.001953125,1,9.0,172.0,172.0,COBYLA,120,"[1.4361119332668082, 4.6766136583430296, 1.8287983773432719, 0.554097077555417]","[1.955596815775932, 4.284139006759231, 2.4393506953469357, 0.0866672880719361]",120,3,Return from COBYLA because the objective function has been evaluated MAXFUN times.,2.5090034660461136,1.8938721248452108,1.8938721248452108,0.0114882753098701,0.0047393104042268,0.4125345429487678,5.8819969586535095,0.001953125,0.0009765625,1.0,0.0005791746079921,0.0044050067663192,0.0109016122296452,0.2843608800321817,0.2843608800321817,0.2853961642831564,133.00390625,SUCCESS,,False,False,False,g-60667963f6db3f1b,D2,1103,2.709269960975831,0.7695247956147193,0.0,1.8938721248452108,325.7460054733763,431.5485961599316,325.7460054733763,0.6151313412009027,3,global_fixed,172.0,588.8463564880509,3.4235253284189007,penalty_contract_v2_scale_controlled,1.0000000000000002,optimized_seed
pilot-run-056b73015319ff469a7e,task-v2-f1a738d52e35,g-60667963f6db3f1b,v2-S2-b000-g-60667963f6db3f1b,S2,D2,2207,Penalty-X,2,8,10,10,1,1902.0,4,2,0.5,1024,2,0.001953125,1,9.0,172.0,172.0,COBYLA,120,"[4.119365739193051, 4.0465795222369225, 1.5369649905613294, 0.28561357469155796]","[1.7807333527346352, 6.511052433574562, 2.4245827064658805, -0.4038890372916536]",120,3,Return from COBYLA because the objective function has been evaluated MAXFUN times.,2.6266189346207067,1.5242604748595223,1.5242604748595223,0.0282440787250293,0.0120701078875866,0.4273500298981393,14.460968307215028,0.001953125,0.0009765625,1.0,0.0005791746079921,0.0044050067663192,0.0109016122296452,0.2805116791278124,0.2805116791278124,0.2815638333559036,133.00390625,SUCCESS,,False,False,False,g-60667963f6db3f1b,D2,2207,2.709269960975831,1.160197374314016,0.0,1.5242604748595223,262.1728016758379,451.7784567547616,262.1728016758379,1.1023584597611842,3,global_fixed,172.0,588.8463564880509,3.4235253284189007,penalty_contract_v2_scale_controlled,1.0000000000000009,optimized_seed
pilot-run-6492df430d3bfda4a7a1,task-v2-f1a738d52e35,g-60667963f6db3f1b,v2-S2-b000-g-60667963f6db3f1b,S2,D2,3301,Penalty-X,2,8,10,10,1,1902.0,4,2,0.5,1024,2,0.001953125,1,9.0,172.0,172.0,COBYLA,120,"[2.8746040698350956, 3.2295534178963874, 1.3381083226815658, 0.4324890662459698]","[1.4095912197959284, 1.9465685943560067, 2.062214668905843, -0.5496863513999996]",120,3,Return from COBYLA because the objective function has been evaluated MAXFUN times.,2.795881042513046,1.789972766722728,1.789972766722728,0.0197278087985491,0.0129553906094396,0.6567070241674476,10.100638104857168,0.001953125,0.0009765625,1.0,0.0005791746079921,0.0044050067663192,0.0109016122296452,0.2926426921039819,0.2926426921039819,0.2936562318354845,133.00390625,SUCCESS,,False,False,False,g-60667963f6db3f1b,D2,3301,2.709269960975831,1.0043488110761574,0.0,1.789972766722728,307.8753158763092,480.891539312244,307.8753158763092,1.0059082757903182,3,global_fixed,172.0,588.8463564880509,3.4235253284189007,penalty_contract_v2_scale_controlled,0.9999999999999998,optimized_seed
pilot-run-b185d4de3bef59e2c405,task-v2-f1a738d52e35,g-60667963f6db3f1b,v2-S2-b000-g-60667963f6db3f1b,S2,D2,1103,Penalty-X,3,8,10,10,1,1902.0,4,2,0.5,1024,2,0.001953125,1,9.0,172.0,172.0,COBYLA,120,"[1.4361119332668082, 4.6766136583430296, 3.6575967546865438, 0.554097077555417, 2.658092015317178, 1.6434959053105886]","[1.4034409030429669, 5.423054193557046, 3.5692167345951047, 0.7465890323329254, 3.7222422604809284, 1.731597811164901]",120,3,Return from COBYLA because the objective function has been evaluated MAXFUN times.,2.7531120305753314,1.730182208754327,1.730182208754327,0.0079283861104386,0.0069522158064065,0.8768765432921042,4.059333688544566,0.001953125,0.0009765625,1.0,0.0005791746079921,0.0044050067663192,0.0109016122296452,0.33884665556252,0.33884665556252,0.3401733394712209,133.0703125,SUCCESS,,False,False,False,g-60667963f6db3f1b,D2,1103,2.709269960975831,0.6084547530017002,0.0,1.730182208754327,297.59133990574423,473.535269258957,297.59133990574423,1.0229298218210043,3,global_fixed,172.0,588.8463564880509,3.4235253284189007,penalty_contract_v2_scale_controlled,1.0000000000000016,optimized_seed
pilot-run-2c693cf1fe7bd4f90dd7,task-v2-f1a738d52e35,g-60667963f6db3f1b,v2-S2-b000-g-60667963f6db3f1b,S2,D2,2207,Penalty-X,3,8,10,10,1,1902.0,4,2,0.5,1024,2,0.001953125,1,9.0,172.0,172.0,COBYLA,120,"[4.119365739193051, 4.0465795222369225, 3.073929981122659, 0.28561357469155796, 1.0467419303334264, 1.2456798648809793]","[4.940965680093127, 5.224607150411203, 2.9883495945793186, 0.7889803517817513, 0.35974312981813505, 1.7346456523893232]",120,3,Return from COBYLA because the objective function has been evaluated MAXFUN times.,2.35500264750951,1.7310942254080857,1.7310942254080857,0.0036703094195684,0.0036585676688503,0.9968008826025592,1.8791984228190608,0.001953125,0.0009765625,1.0,0.0005791746079921,0.0044050067663192,0.0109016122296452,0.344848501496017,0.344848501496017,0.346247979439795,133.0703125,SUCCESS,,False,False,False,g-60667963f6db3f1b,D2,2207,2.709269960975831,0.2739726392733455,0.0,1.7310942254080857,297.74820677019073,405.06045537163567,297.74820677019073,0.6239084221014242,3,global_fixed,172.0,588.8463564880509,3.4235253284189007,penalty_contract_v2_scale_controlled,0.9999999999999992,optimized_seed
pilot-run-6fa7990e601cac6f91da,task-v2-f1a738d52e35,g-60667963f6db3f1b,v2-S2-b000-g-60667963f6db3f1b,S2,D2,3301,Penalty-X,3,8,10,10,1,1902.0,4,2,0.5,1024,2,0.001953125,1,9.0,172.0,172.0,COBYLA,120,"[2.8746040698350956, 3.2295534178963874, 2.6762166453631315, 0.4324890662459698, 2.8286472419409745, 2.8565676468058108]","[2.6600134750029643, 3.9120434933375607, 2.3911932370227014, 0.6062814733009071, 2.668952099021739, 2.573678715339666]",120,3,Return from COBYLA because the objective function has been evaluated MAXFUN times.,2.324051319617972,1.8771922605396312,1.8771922605396312,0.0300942771688124,0.0265291230121422,0.8815338166565164,15.408269910431963,0.001953125,0.0009765625,1.0,0.0005791746079921,0.0044050067663192,0.0109016122296452,0.343909909017384,0.343909909017384,0.3452630536630749,133.0703125,SUCCESS,,False,False,False,g-60667963f6db3f1b,D2,3301,2.709269960975831,1.1877538774897345,0.0,1.8771922605396312,322.87706881281656,399.7368269742912,322.87706881281656,0.4468590590783408,3,global_fixed,172.0,588.8463564880509,3.4235253284189007,penalty_contract_v2_scale_controlled,1.0000000000000018,optimized_seed
pilot-run-65060599083de2c91e13,task-v2-a0f813383468,g-60667963f6db3f1b,v2-S2-b000-g-60667963f6db3f1b,S2,D3,0,Uniform,0,8,10,10,1,1979.0,4,3,0.75,1024,3,0.0029296875,1,9.0,172.0,172.0,analytic,0,,,0,0,analytic uniform baseline,,,,0.0029296875,0.0009765625,0.3333333333333333,1.0,0.0029296875,0.0009765625,1.0,0.0005791746079921,0.0044045681133866,0.0,0.0,0.0,0.0,168.38671875,SUCCESS,,False,False,False,g-60667963f6db3f1b,D3,0,2.533178701920149,0.0,0.0,,,,,,0,global_fixed,172.0,,,penalty_contract_v2_scale_controlled,,analytic_uniform
pilot-run-f9b97476cda2221d87fd,task-v2-a0f813383468,g-60667963f6db3f1b,v2-S2-b000-g-60667963f6db3f1b,S2,D3,1103,Penalty-X,1,8,10,10,1,1979.0,4,3,0.75,1024,3,0.0029296875,1,9.0,172.0,172.0,COBYLA,120,"[1.4361119332668082, 2.3383068291715148]","[2.025229725055197, 2.5050758467940493]",38,0,Return from COBYLA because the trust region radius reaches its lower bound.,2.0212879505401933,1.9124773073751204,1.9124773073751204,0.0150332370350904,0.00670598382432,0.4460771694523925,5.131344907977543,0.0029296875,0.0009765625,1.0,0.0005791746079921,0.0044045681133866,0.0004889592528343,0.0916081527248025,0.0916081527248025,0.0922929029911756,133.07421875,SUCCESS,,False,False,False,g-60667963f6db3f1b,D3,1103,2.533178701920149,0.7102312071319212,0.0,1.9124773073751204,328.9460968685207,347.66152749291325,328.9460968685207,0.1088106431650728,0,global_fixed,172.0,586.223812038228,3.408277976966441,penalty_contract_v2_scale_controlled,1.000000000000001,optimized_seed
pilot-run-6895a91c80fe173b4ea5,task-v2-a0f813383468,g-60667963f6db3f1b,v2-S2-b000-g-60667963f6db3f1b,S2,D3,2207,Penalty-X,1,8,10,10,1,1979.0,4,3,0.75,1024,3,0.0029296875,1,9.0,172.0,172.0,COBYLA,120,"[4.119365739193051, 2.0232897611184613]","[6.439285044126419, 2.5874928268066686]",115,0,Return from COBYLA because the trust region radius reaches its lower bound.,2.2906095669924373,1.7151345775714413,1.7151345775714413,0.0911699596442955,0.0387401219968117,0.4249220044404797,31.11934622525288,0.0029296875,0.0009765625,1.0,0.0005791746079921,0.0044045681133866,0.0004889592528343,0.2610342558473348,0.2610342558473348,0.2617250718176365,133.07421875,SUCCESS,,False,False,False,g-60667963f6db3f1b,D3,2207,2.533178701920149,1.4930304644825756,0.0,1.7151345775714413,295.00314734228795,393.9848455226992,295.0031473422879,0.5754749894209961,0,global_fixed,172.0,586.223812038228,3.408277976966441,penalty_contract_v2_scale_controlled,1.0,optimized_seed
pilot-run-121c270f41b56a490f9a,task-v2-a0f813383468,g-60667963f6db3f1b,v2-S2-b000-g-60667963f6db3f1b,S2,D3,3301,Penalty-X,1,8,10,10,1,1979.0,4,3,0.75,1024,3,0.0029296875,1,9.0,172.0,172.0,COBYLA,120,"[2.8746040698350956, 1.6147767089481937]","[2.024474758450748, 2.5050862044934323]",94,0,Return from COBYLA because the trust region radius reaches its lower bound.,2.521820032196893,1.9124771371189,1.9124771371189,0.0150279267574699,0.0067022971377517,0.4459894731933121,5.12953233321642,0.0029296875,0.0009765625,1.0,0.0005791746079921,0.0044045681133866,0.0004889592528343,0.2173950234428048,0.2173950234428048,0.2180832279846072,133.07421875,SUCCESS,,False,False,False,g-60667963f6db3f1b,D3,3301,2.533178701920149,0.7100777716689531,0.0,1.9124771371189,328.9460675844508,433.7530455378657,328.9460675844508,0.6093428950779933,0,global_fixed,172.0,586.223812038228,3.408277976966441,penalty_contract_v2_scale_controlled,0.9999999999999988,optimized_seed
pilot-run-b3be90607266281dfbf1,task-v2-a0f813383468,g-60667963f6db3f1b,v2-S2-b000-g-60667963f6db3f1b,S2,D3,1103,Penalty-X,2,8,10,10,1,1979.0,4,3,0.75,1024,3,0.0029296875,1,9.0,172.0,172.0,COBYLA,120,"[1.4361119332668082, 4.6766136583430296, 1.8287983773432719, 0.554097077555417]","[1.810195493725013, 4.304895532019816, 2.4328348053488718, 0.09093273598858453]",120,3,Return from COBYLA because the objective function has been evaluated MAXFUN times.,2.45162237385129,1.8736319855723045,1.8736319855723045,0.0140469351739137,0.0039304144048983,0.279805833531388,4.794687206029227,0.0029296875,0.0009765625,1.0,0.0005791746079921,0.0044045681133866,0.0004889592528343,0.2942648930475116,0.2942648930475116,0.2952765198424458,133.07421875,SUCCESS,,False,False,False,g-60667963f6db3f1b,D3,1103,2.533178701920149,0.6807602800934447,0.0,1.8736319855723045,322.2647015184364,421.67904830242185,322.2647015184363,0.5779903882789856,3,global_fixed,172.0,586.223812038228,3.408277976966441,penalty_contract_v2_scale_controlled,1.0000000000000004,optimized_seed
pilot-run-f5c78a7027720aa42f1f,task-v2-a0f813383468,g-60667963f6db3f1b,v2-S2-b000-g-60667963f6db3f1b,S2,D3,2207,Penalty-X,2,8,10,10,1,1979.0,4,3,0.75,1024,3,0.0029296875,1,9.0,172.0,172.0,COBYLA,120,"[4.119365739193051, 4.0465795222369225, 1.5369649905613294, 0.28561357469155796]","[1.448251790673219, 6.460818290119395, 2.427962575891561, -0.4227616333666228]",120,3,Return from COBYLA because the objective function has been evaluated MAXFUN times.,2.5968966346713813,1.4862253921164332,1.4862253921164332,0.0565617081331557,0.0174692452770211,0.308852859179846,19.306396376117167,0.0029296875,0.0009765625,1.0,0.0005791746079921,0.0044045681133866,0.0004889592528343,0.2910138247534632,0.2910138247534632,0.2920556170865893,133.07421875,SUCCESS,,False,False,False,g-60667963f6db3f1b,D3,2207,2.533178701920149,1.285701218366742,0.0,1.4862253921164332,255.6307674440265,446.6662211634776,255.6307674440265,1.110671242554948,3,global_fixed,172.0,586.223812038228,3.408277976966441,penalty_contract_v2_scale_controlled,0.9999999999999992,optimized_seed
pilot-run-9977f04ae701a4c99ac2,task-v2-a0f813383468,g-60667963f6db3f1b,v2-S2-b000-g-60667963f6db3f1b,S2,D3,3301,Penalty-X,2,8,10,10,1,1979.0,4,3,0.75,1024,3,0.0029296875,1,9.0,172.0,172.0,COBYLA,120,"[2.8746040698350956, 3.2295534178963874, 1.3381083226815658, 0.4324890662459698]","[1.6551175236196038, 6.25512558171863, 2.4422554668440046, -0.41919510185957665]",120,3,Return from COBYLA because the objective function has been evaluated MAXFUN times.,2.750755654714517,1.519600850974557,1.519600850974557,0.0453993938747525,0.0128918693315081,0.2839656707108057,15.49632644258221,0.0029296875,0.0009765625,1.0,0.0005791746079921,0.0044045681133866,0.0004889592528343,0.2832427900284529,0.2832427900284529,0.2842603400349617,133.07421875,SUCCESS,,False,False,False,g-60667963f6db3f1b,D3,3301,2.533178701920149,1.1902287565700391,0.0,1.519600850974557,261.3713463676238,473.12997261089697,261.3713463676238,1.23115480373996,3,global_fixed,172.0,586.223812038228,3.408277976966441,penalty_contract_v2_scale_controlled,1.0000000000000016,optimized_seed
pilot-run-eb25bf2deef58b050ce3,task-v2-a0f813383468,g-60667963f6db3f1b,v2-S2-b000-g-60667963f6db3f1b,S2,D3,1103,Penalty-X,3,8,10,10,1,1979.0,4,3,0.75,1024,3,0.0029296875,1,9.0,172.0,172.0,COBYLA,120,"[1.4361119332668082, 4.6766136583430296, 3.6575967546865438, 0.554097077555417, 2.658092015317178, 1.6434959053105886]","[1.445449553853864, 5.465601940923468, 3.604016239941293, 0.744032361541414, 3.7209733541840024, 1.7144409122360937]",120,3,Return from COBYLA because the objective function has been evaluated MAXFUN times.,2.735831003550892,1.7168371425882276,1.7168371425882276,0.0110490620587291,0.0074836411602986,0.6773100848308043,3.7714131827128754,0.0029296875,0.0009765625,1.0,0.0005791746079921,0.0044045681133866,0.0004889592528343,0.3410729682072997,0.3410729682072997,0.342392086982727,133.07421875,SUCCESS,,False,False,False,g-60667963f6db3f1b,D3,1103,2.533178701920149,0.5765041147822554,0.0,1.7168371425882276,295.2959885251752,470.56293261075336,295.2959885251752,1.018993860962664,3,global_fixed,172.0,586.223812038228,3.408277976966441,penalty_contract_v2_scale_controlled,1.0000000000000022,optimized_seed
pilot-run-ed8c65d8662f364d105f,task-v2-a0f813383468,g-60667963f6db3f1b,v2-S2-b000-g-60667963f6db3f1b,S2,D3,2207,Penalty-X,3,8,10,10,1,1979.0,4,3,0.75,1024,3,0.0029296875,1,9.0,172.0,172.0,COBYLA,120,"[4.119365739193051, 4.0465795222369225, 3.073929981122659, 0.28561357469155796, 1.0467419303334264, 1.2456798648809793]","[5.167079874179521, 5.004756903469873, 2.692979361519298, 0.7926646372795739, 0.2891408149175828, 1.759994949547217]",120,3,Return from COBYLA because the objective function has been evaluated MAXFUN times.,2.345146973542988,1.725537173604421,1.725537173604421,0.005551227793741,0.0042944371155506,0.7736013139998663,1.8948190869302688,0.0029296875,0.0009765625,1.0,0.0005791746079921,0.0044045681133866,0.0004889592528343,0.3409835211932659,0.3409835211932659,0.342315430752933,133.07421875,SUCCESS,,False,False,False,g-60667963f6db3f1b,D3,2207,2.533178701920149,0.2775677508219852,0.0,1.725537173604421,296.79239385996044,403.3652794493939,296.7923938599604,0.6196097999385668,3,global_fixed,172.0,586.223812038228,3.408277976966441,penalty_contract_v2_scale_controlled,0.9999999999999996,optimized_seed
pilot-run-f49e475bfb2b660a540d,task-v2-a0f813383468,g-60667963f6db3f1b,v2-S2-b000-g-60667963f6db3f1b,S2,D3,3301,Penalty-X,3,8,10,10,1,1979.0,4,3,0.75,1024,3,0.0029296875,1,9.0,172.0,172.0,COBYLA,120,"[2.8746040698350956, 3.2295534178963874, 2.6762166453631315, 0.4324890662459698, 2.8286472419409745, 2.8565676468058108]","[2.6154293647322624, 3.7964185136360338, 2.468555410729188, 0.020757033806823474, 2.5800021380712908, 3.065577288037185]",120,3,Return from COBYLA because the objective function has been evaluated MAXFUN times.,2.303051326445966,1.6957575501871576,1.6957575501871576,0.0989222287668508,0.0407849261264707,0.4122928348348934,33.76545408575176,0.0029296875,0.0009765625,1.0,0.0005791746079921,0.0044045681133866,0.0004889592528343,0.3410552553832531,0.3410552553832531,0.3424043329432606,133.07421875,SUCCESS,,False,False,False,g-60667963f6db3f1b,D3,3301,2.533178701920149,1.5284725945896014,0.0,1.6957575501871576,291.67029863219113,396.1248281487062,291.6702986321911,0.6072937762588086,3,global_fixed,172.0,586.223812038228,3.408277976966441,penalty_contract_v2_scale_controlled,0.9999999999999996,optimized_seed
pilot-run-df2dedb401f8e0b22ed5,task-v2-6996479d6302,g-60667963f6db3f1b,v2-S2-b000-g-60667963f6db3f1b,S2,D4,0,Uniform,0,8,10,10,1,2940.0,4,4,1.0,1024,4,0.00390625,1,9.0,172.0,172.0,analytic,0,,,0,0,analytic uniform baseline,,,,0.00390625,0.0009765625,0.25,1.0,0.00390625,0.0009765625,1.0,0.0005791746079921,0.0044042048975825,0.0,0.0,0.0,0.0,168.38671875,SUCCESS,,False,False,False,g-60667963f6db3f1b,D4,0,2.4082399653118496,0.0,0.0,,,,,,0,global_fixed,172.0,,,penalty_contract_v2_scale_controlled,,analytic_uniform
pilot-run-1ae13f2a55eaafee9f0f,task-v2-6996479d6302,g-60667963f6db3f1b,v2-S2-b000-g-60667963f6db3f1b,S2,D4,1103,Penalty-X,1,8,10,10,1,2940.0,4,4,1.0,1024,4,0.00390625,1,9.0,172.0,172.0,COBYLA,120,"[1.4361119332668082, 2.3383068291715148]","[1.5041664066156897, 2.518606361159064]",46,0,Return from COBYLA because the trust region radius reaches its lower bound.,1.6374372676157525,1.6126142243965649,1.6126142243965649,0.0106993656105673,0.0029334883077477,0.2741740412020754,2.7390375963052405,0.00390625,0.0009765625,1.0,0.0005791746079921,0.0044042048975825,0.0007709208875894,0.0882785664871335,0.0882785664871335,0.0889367805793881,133.171875,SUCCESS,,False,False,False,g-60667963f6db3f1b,D4,1103,2.4082399653118496,0.4375979934645661,0.0,1.6126142243965649,277.3696465962091,281.6392100299094,277.3696465962091,0.0248230432191876,0,global_fixed,172.0,564.2177030428672,3.2803354828073674,penalty_contract_v2_scale_controlled,1.0000000000000009,optimized_seed
pilot-run-427ed1bf36dcfed0b36b,task-v2-6996479d6302,g-60667963f6db3f1b,v2-S2-b000-g-60667963f6db3f1b,S2,D4,2207,Penalty-X,1,8,10,10,1,2940.0,4,4,1.0,1024,4,0.00390625,1,9.0,172.0,172.0,COBYLA,120,"[4.119365739193051, 2.0232897611184613]","[6.539162015983302, 2.621432938855625]",120,3,Return from COBYLA because the objective function has been evaluated MAXFUN times.,2.2783642959675268,1.4357886134778677,1.4357886134778677,0.1188306263976853,0.0393704954083549,0.3313160638958131,30.42064035780744,0.00390625,0.0009765625,1.0,0.0005791746079921,0.0044042048975825,0.0007709208875894,0.2407723013311624,0.2407723013311624,0.2414475958794355,133.171875,SUCCESS,,False,False,False,g-60667963f6db3f1b,D4,2207,2.4082399653118496,1.4831683517595546,0.0,1.4357886134778677,246.95564151819323,391.8786589064146,246.95564151819323,0.8425756824896591,3,global_fixed,172.0,564.2177030428672,3.2803354828073674,penalty_contract_v2_scale_controlled,1.0,optimized_seed
pilot-run-cbfdadb5111e34d58ace,task-v2-6996479d6302,g-60667963f6db3f1b,v2-S2-b000-g-60667963f6db3f1b,S2,D4,3301,Penalty-X,1,8,10,10,1,2940.0,4,4,1.0,1024,4,0.00390625,1,9.0,172.0,172.0,COBYLA,120,"[2.8746040698350956, 1.6147767089481937]","[1.5041622562181929, 2.5185562678921003]",39,0,Return from COBYLA because the trust region radius reaches its lower bound.,2.1831116238783697,1.6126142241558925,1.6126142241558925,0.0106979324897913,0.0029335696681188,0.2742183754588289,2.7386707173865945,0.00390625,0.0009765625,1.0,0.0005791746079921,0.0044042048975825,0.0007709208875894,0.0751072810962796,0.0751072810962796,0.0757836960256099,133.171875,SUCCESS,,False,False,False,g-60667963f6db3f1b,D4,3301,2.4082399653118496,0.4375398182274018,0.0,1.6126142241558925,277.36964655481347,375.4951993070796,277.36964655481347,0.5704973997224774,0,global_fixed,172.0,564.2177030428672,3.2803354828073674,penalty_contract_v2_scale_controlled,1.0,optimized_seed
pilot-run-5524530c2b5adc8d9426,task-v2-6996479d6302,g-60667963f6db3f1b,v2-S2-b000-g-60667963f6db3f1b,S2,D4,1103,Penalty-X,2,8,10,10,1,2940.0,4,4,1.0,1024,4,0.00390625,1,9.0,172.0,172.0,COBYLA,120,"[1.4361119332668082, 4.6766136583430296, 1.8287983773432719, 0.554097077555417]","[1.3117964969211644, 4.575373130391077, 1.000298449563627, 1.4488474187930573]",120,3,Return from COBYLA because the objective function has been evaluated MAXFUN times.,2.0794377898856053,1.5711715778007558,1.5711715778007558,0.0208944086691845,0.0050861899095585,0.2434234914271455,5.348968619311249,0.00390625,0.0009765625,1.0,0.0005791746079921,0.0044042048975825,0.0007709208875894,0.2791040707379579,0.2791040707379579,0.2801140276715159,133.171875,SUCCESS,,False,False,False,g-60667963f6db3f1b,D4,1103,2.4082399653118496,0.7282700500356153,0.0,1.5711715778007558,270.24151138173,357.6632998603241,270.24151138173,0.5082662120848496,3,global_fixed,172.0,564.2177030428672,3.2803354828073674,penalty_contract_v2_scale_controlled,1.0000000000000004,optimized_seed
pilot-run-13fb9b32e8583221fdbe,task-v2-6996479d6302,g-60667963f6db3f1b,v2-S2-b000-g-60667963f6db3f1b,S2,D4,2207,Penalty-X,2,8,10,10,1,2940.0,4,4,1.0,1024,4,0.00390625,1,9.0,172.0,172.0,COBYLA,120,"[4.119365739193051, 4.0465795222369225, 1.5369649905613294, 0.28561357469155796]","[6.357931285509614, 3.8449562185494717, 2.6155911839506403, 0.12235468941507413]",120,3,Return from COBYLA because the objective function has been evaluated MAXFUN times.,2.358930493278594,1.359232437207909,1.359232437207909,0.166007622981611,0.0554235551986498,0.3338615070995215,42.497951483292425,0.00390625,0.0009765625,1.0,0.0005791746079921,0.0044042048975825,0.0007709208875894,0.2882501874119043,0.2882501874119043,0.2892700331285596,133.171875,SUCCESS,,False,False,False,g-60667963f6db3f1b,D4,2207,2.4082399653118496,1.628367996381045,0.0,1.359232437207909,233.7879791997603,405.7360448439181,233.7879791997604,0.999698056070685,3,global_fixed,172.0,564.2177030428672,3.2803354828073674,penalty_contract_v2_scale_controlled,1.0000000000000009,optimized_seed
pilot-run-a78b650ca05056e46ef6,task-v2-6996479d6302,g-60667963f6db3f1b,v2-S2-b000-g-60667963f6db3f1b,S2,D4,3301,Penalty-X,2,8,10,10,1,2940.0,4,4,1.0,1024,4,0.00390625,1,9.0,172.0,172.0,COBYLA,120,"[2.8746040698350956, 3.2295534178963874, 1.3381083226815658, 0.4324890662459698]","[3.4410415080893064, 2.0624397849985283, 1.575700986275079, 1.0528469041010955]",120,3,Return from COBYLA because the objective function has been evaluated MAXFUN times.,2.5108559951934186,1.7364900131746082,1.7364900131746082,0.0575229919921651,0.01637879063906,0.2847346786358214,14.725885949994284,0.00390625,0.0009765625,1.0,0.0005791746079921,0.0044042048975825,0.0007709208875894,0.2859001643955707,0.2859001643955707,0.2869263561442494,133.171875,SUCCESS,,False,False,False,g-60667963f6db3f1b,D4,3301,2.4082399653118496,1.168081432601368,0.0,1.7364900131746082,298.67628226603256,431.867231173268,298.6762822660326,0.7743659820188105,3,global_fixed,172.0,564.2177030428672,3.2803354828073674,penalty_contract_v2_scale_controlled,1.0000000000000009,optimized_seed
pilot-run-d4f85f423319804a2cf4,task-v2-6996479d6302,g-60667963f6db3f1b,v2-S2-b000-g-60667963f6db3f1b,S2,D4,1103,Penalty-X,3,8,10,10,1,2940.0,4,4,1.0,1024,4,0.00390625,1,9.0,172.0,172.0,COBYLA,120,"[1.4361119332668082, 4.6766136583430296, 3.6575967546865438, 0.554097077555417, 2.658092015317178, 1.6434959053105886]","[1.3164754852189828, 4.638652547043085, 4.093644075292885, 1.004014534558702, 3.0152520895161, 1.556686565348153]",120,3,Return from COBYLA because the objective function has been evaluated MAXFUN times.,2.1923370454662945,1.571181160049544,1.571181160049544,0.0221681232691571,0.0054239310975243,0.2446725431679079,5.675039556904233,0.00390625,0.0009765625,1.0,0.0005791746079921,0.0044042048975825,0.0007709208875894,0.3308505676686764,0.3308505676686764,0.3321460066363215,133.171875,SUCCESS,,False,False,False,g-60667963f6db3f1b,D4,1103,2.4082399653118496,0.7539688930520073,0.0,1.571181160049544,270.2431595285216,377.0819718202026,270.2431595285216,0.6211558854167505,3,global_fixed,172.0,564.2177030428672,3.2803354828073674,penalty_contract_v2_scale_controlled,1.000000000000001,optimized_seed
pilot-run-0c630cccb19714834c3c,task-v2-6996479d6302,g-60667963f6db3f1b,v2-S2-b000-g-60667963f6db3f1b,S2,D4,2207,Penalty-X,3,8,10,10,1,2940.0,4,4,1.0,1024,4,0.00390625,1,9.0,172.0,172.0,COBYLA,120,"[4.119365739193051, 4.0465795222369225, 3.073929981122659, 0.28561357469155796, 1.0467419303334264, 1.2456798648809793]","[4.18735533542547, 4.914178524188872, 3.6231936163569376, 0.29932552940177864, 1.1530260338429676, 1.3081723598250539]",120,3,Return from COBYLA because the objective function has been evaluated MAXFUN times.,2.0998332061911693,1.8923871728250523,1.8923871728250523,0.0389518345687185,0.004953181671165,0.1271617043460872,9.971669649591943,0.00390625,0.0009765625,1.0,0.0005791746079921,0.0044042048975825,0.0007709208875894,0.3422105479985475,0.3422105479985475,0.3435136619955301,133.171875,SUCCESS,,False,False,False,g-60667963f6db3f1b,D4,2207,2.4082399653118496,0.9987678823732744,0.0,1.8923871728250523,325.490593725909,361.1713114648811,325.490593725909,0.207446033366117,3,global_fixed,172.0,564.2177030428672,3.2803354828073674,penalty_contract_v2_scale_controlled,0.9999999999999996,optimized_seed
pilot-run-c135de8de4ec02c84d9e,task-v2-6996479d6302,g-60667963f6db3f1b,v2-S2-b000-g-60667963f6db3f1b,S2,D4,3301,Penalty-X,3,8,10,10,1,2940.0,4,4,1.0,1024,4,0.00390625,1,9.0,172.0,172.0,COBYLA,120,"[2.8746040698350956, 3.2295534178963874, 2.6762166453631315, 0.4324890662459698, 2.8286472419409745, 2.8565676468058108]","[2.4410046093388944, 3.9678445524626236, 3.7709361554720497, 0.014847941649035726, 2.623779992657374, 3.259304617496453]",120,3,Return from COBYLA because the objective function has been evaluated MAXFUN times.,2.182319638111825,1.3623349023653857,1.3623349023653857,0.1683527505044137,0.0564455057404368,0.3352811615570071,43.09830412912992,0.00390625,0.0009765625,1.0,0.0005791746079921,0.0044042048975825,0.0007709208875894,0.3315931791439652,0.3315931791439652,0.33293133135885,133.171875,SUCCESS,,False,False,False,g-60667963f6db3f1b,D4,3301,2.4082399653118496,1.6344601814866926,0.0,1.3623349023653857,234.3216032068464,375.35897775523387,234.3216032068464,0.8199847357464392,3,global_fixed,172.0,564.2177030428672,3.2803354828073674,penalty_contract_v2_scale_controlled,0.9999999999999988,optimized_seed
pilot-run-400062e4a9c57dd8d2e2,task-v2-4d2b9f5eb099,g-6aa6775bed3bc2cc,v2-S2-b001-g-6aa6775bed3bc2cc,S2,D1,0,Uniform,0,8,10,10,1,1327.0,4,1,0.25,1024,1,0.0009765625,1,13.0,172.0,172.0,analytic,0,,,0,0,analytic uniform baseline,,,,0.0009765625,0.0009765625,1.0,1.0,0.0009765625,0.0009765625,1.0,0.0002047521993517,0.0040476191788911,0.0,0.0,0.0,0.0,168.38671875,SUCCESS,,False,False,False,g-6aa6775bed3bc2cc,D1,0,3.010299956639812,0.0,0.0,,,,,,0,global_fixed,172.0,,,penalty_contract_v2_scale_controlled,,analytic_uniform
pilot-run-aa5713fde21f5315f383,task-v2-4d2b9f5eb099,g-6aa6775bed3bc2cc,v2-S2-b001-g-6aa6775bed3bc2cc,S2,D1,1103,Penalty-X,1,8,10,10,1,1327.0,4,1,0.25,1024,1,0.0009765625,1,13.0,172.0,172.0,COBYLA,120,"[1.4361119332668082, 2.3383068291715148]","[2.398941934647219, 2.3636120762271284]",87,0,Return from COBYLA because the trust region radius reaches its lower bound.,2.017825163797537,1.8911032330332247,1.8911032330332247,0.0028630838931384,0.0028630838931384,1.0,2.931797906573753,0.0009765625,0.0009765625,1.0,0.0002047521993517,0.0040476191788911,0.0004744948819279,0.1964879771694541,0.1964879771694541,0.197184226475656,133.15625,SUCCESS,,False,False,False,g-6aa6775bed3bc2cc,D1,1103,3.010299956639812,0.4671340304012958,0.0,1.8911032330332247,325.26975608171466,347.0659281731765,325.26975608171466,0.1267219307643128,0,global_fixed,172.0,600.6102809101112,3.491920237849484,penalty_contract_v2_scale_controlled,0.9999999999999992,optimized_seed
pilot-run-eb27a46ced94bd8a2ec8,task-v2-4d2b9f5eb099,g-6aa6775bed3bc2cc,v2-S2-b001-g-6aa6775bed3bc2cc,S2,D1,2207,Penalty-X,1,8,10,10,1,1327.0,4,1,0.25,1024,1,0.0009765625,1,13.0,172.0,172.0,COBYLA,120,"[4.119365739193051, 2.0232897611184613]","[6.594653295692522, 2.47416539773053]",97,0,Return from COBYLA because the trust region radius reaches its lower bound.,2.091718365554433,1.7176988897017411,1.7176988897017411,0.0080261477920723,0.0080261477920723,1.0,8.218775339082065,0.0009765625,0.0009765625,1.0,0.0002047521993517,0.0040476191788911,0.0004744948819279,0.2051640385761857,0.2051640385761857,0.2058405615389347,133.15625,SUCCESS,,False,False,False,g-6aa6775bed3bc2cc,D1,2207,3.010299956639812,0.9148071091333868,0.0,1.7176988897017411,295.44420902869945,359.7755588753625,295.44420902869945,0.374019475852692,0,global_fixed,172.0,600.6102809101112,3.491920237849484,penalty_contract_v2_scale_controlled,1.0,optimized_seed
pilot-run-e6a90b5163daa3832acb,task-v2-4d2b9f5eb099,g-6aa6775bed3bc2cc,v2-S2-b001-g-6aa6775bed3bc2cc,S2,D1,3301,Penalty-X,1,8,10,10,1,1327.0,4,1,0.25,1024,1,0.0009765625,1,13.0,172.0,172.0,COBYLA,120,"[2.8746040698350956, 1.6147767089481937]","[2.4004047901542034, 2.36351059993565]",120,3,Return from COBYLA because the objective function has been evaluated MAXFUN times.,2.4574084298982743,1.891103371221425,1.891103371221425,0.0028615771620861,0.0028615771620861,1.0,2.930255013976206,0.0009765625,0.0009765625,1.0,0.0002047521993517,0.0040476191788911,0.0004744948819279,0.2401165589690208,0.2401165589690208,0.2408123193308711,133.15625,SUCCESS,,False,False,False,g-6aa6775bed3bc2cc,D1,3301,3.010299956639812,0.4669054177409058,0.0,1.891103371221425,325.2697798500851,422.6742499425032,325.26977985008506,0.5663050586768494,3,global_fixed,172.0,600.6102809101112,3.491920237849484,penalty_contract_v2_scale_controlled,1.0000000000000004,optimized_seed
pilot-run-f2b9ea422f4fb769e5f9,task-v2-4d2b9f5eb099,g-6aa6775bed3bc2cc,v2-S2-b001-g-6aa6775bed3bc2cc,S2,D1,1103,Penalty-X,2,8,10,10,1,1327.0,4,1,0.25,1024,1,0.0009765625,1,13.0,172.0,172.0,COBYLA,120,"[1.4361119332668082, 4.6766136583430296, 1.8287983773432719, 0.554097077555417]","[2.1450982007237074, 4.482779151310205, 2.279926225258401, 0.12233595615805042]",120,3,Return from COBYLA because the objective function has been evaluated MAXFUN times.,2.4516927806092923,1.805285959498969,1.805285959498969,0.0051368521648854,0.0051368521648854,1.0,5.260136616842693,0.0009765625,0.0009765625,1.0,0.0002047521993517,0.0040476191788911,0.0004744948819279,0.2827655021101236,0.2827655021101236,0.2838105717673898,133.15625,SUCCESS,,False,False,False,g-6aa6775bed3bc2cc,D1,1103,3.010299956639812,0.7209970238439334,0.0,1.805285959498969,310.5091850338227,421.6911582647983,310.5091850338227,0.6464068211103233,3,global_fixed,172.0,600.6102809101112,3.491920237849484,penalty_contract_v2_scale_controlled,1.0000000000000018,optimized_seed
pilot-run-7bbef1ae4698ae1dcb32,task-v2-4d2b9f5eb099,g-6aa6775bed3bc2cc,v2-S2-b001-g-6aa6775bed3bc2cc,S2,D1,2207,Penalty-X,2,8,10,10,1,1327.0,4,1,0.25,1024,1,0.0009765625,1,13.0,172.0,172.0,COBYLA,120,"[4.119365739193051, 4.0465795222369225, 1.5369649905613294, 0.28561357469155796]","[3.3845201324537864, 6.764256654954441, 2.4656432901734386, -0.3924608655984018]",120,3,Return from COBYLA because the objective function has been evaluated MAXFUN times.,2.5226132498655085,1.6436858706178623,1.6436858706178623,0.0066963918651979,0.0066963918651979,1.0,6.857105269962684,0.0009765625,0.0009765625,1.0,0.0002047521993517,0.0040476191788911,0.0004744948819279,0.2915012333542108,0.2915012333542108,0.2925025662407279,133.15625,SUCCESS,,False,False,False,g-6aa6775bed3bc2cc,D1,2207,3.010299956639812,0.8361408167853355,0.0,1.6436858706178623,282.7139697462724,433.88947897686745,282.7139697462724,0.878927379247646,3,global_fixed,172.0,600.6102809101112,3.491920237849484,penalty_contract_v2_scale_controlled,1.0,optimized_seed
pilot-run-74864345da55c906d138,task-v2-4d2b9f5eb099,g-6aa6775bed3bc2cc,v2-S2-b001-g-6aa6775bed3bc2cc,S2,D1,3301,Penalty-X,2,8,10,10,1,1327.0,4,1,0.25,1024,1,0.0009765625,1,13.0,172.0,172.0,COBYLA,120,"[2.8746040698350956, 3.2295534178963874, 1.3381083226815658, 0.4324890662459698]","[1.989718223424795, 1.8239627287977078, 2.2752762050858175, -0.21611021563015606]",120,3,Return from COBYLA because the objective function has been evaluated MAXFUN times.,2.714704575756624,1.6566276406834683,1.6566276406834683,0.0054770428902372,0.0054770428902372,1.0,5.608491919602993,0.0009765625,0.0009765625,1.0,0.0002047521993517,0.0040476191788911,0.0004744948819279,0.2854516245424747,0.2854516245424747,0.2864604433998465,133.15625,SUCCESS,,False,False,False,g-6aa6775bed3bc2cc,D1,3301,3.010299956639812,0.7488460985034981,0.0,1.6566276406834683,284.9399541975565,466.9291870301393,284.9399541975566,1.0580769350731556,3,global_fixed,172.0,600.6102809101112,3.491920237849484,penalty_contract_v2_scale_controlled,0.999999999999999,optimized_seed
pilot-run-f407a146059537a0b705,task-v2-4d2b9f5eb099,g-6aa6775bed3bc2cc,v2-S2-b001-g-6aa6775bed3bc2cc,S2,D1,1103,Penalty-X,3,8,10,10,1,1327.0,4,1,0.25,1024,1,0.0009765625,1,13.0,172.0,172.0,COBYLA,120,"[1.4361119332668082, 4.6766136583430296, 3.6575967546865438, 0.554097077555417, 2.658092015317178, 1.6434959053105886]","[1.3817649227666247, 4.695940501159985, 4.838990277284546, 0.6659688321086848, 3.678826520271189, 1.7189157001943614]",120,3,Return from COBYLA because the objective function has been evaluated MAXFUN times.,2.7603953663536744,1.6199367613052311,1.6199367613052311,0.0007063208723795,0.0007063208723795,1.0,0.723272573316615,0.0009765625,0.0009765625,1.0,0.0002047521993517,0.0040476191788911,0.0004744948819279,0.3456575702875852,0.3456575702875852,0.3469700133427977,133.15625,SUCCESS,,False,False,False,g-6aa6775bed3bc2cc,D1,1103,3.010299956639812,-0.1406980031499282,0.0,1.6199367613052311,278.6291229444997,474.788003012832,278.6291229444998,1.140458605048443,3,global_fixed,172.0,600.6102809101112,3.491920237849484,penalty_contract_v2_scale_controlled,1.000000000000001,optimized_seed
pilot-run-3a1229e9fdd26d5c4788,task-v2-4d2b9f5eb099,g-6aa6775bed3bc2cc,v2-S2-b001-g-6aa6775bed3bc2cc,S2,D1,2207,Penalty-X,3,8,10,10,1,1327.0,4,1,0.25,1024,1,0.0009765625,1,13.0,172.0,172.0,COBYLA,120,"[4.119365739193051, 4.0465795222369225, 3.073929981122659, 0.28561357469155796, 1.0467419303334264, 1.2456798648809793]","[3.6934617523747595, 3.450923857110106, 2.8279818286282703, 0.0010701813512009886, 0.9427262503208131, 1.517173759850207]",120,3,Return from COBYLA because the objective function has been evaluated MAXFUN times.,2.231945587624151,1.748934135420376,1.748934135420376,0.0083261396641272,0.0083261396641272,1.0,8.525967016066286,0.0009765625,0.0009765625,1.0,0.0002047521993517,0.0040476191788911,0.0004744948819279,0.3460071850568056,0.3460071850568056,0.3473251620307565,133.15625,SUCCESS,,False,False,False,g-6aa6775bed3bc2cc,D1,2207,3.010299956639812,0.9307436481834904,0.0,1.748934135420376,300.8166712923047,383.894641071354,300.81667129230465,0.4830114522037751,3,global_fixed,172.0,600.6102809101112,3.491920237849484,penalty_contract_v2_scale_controlled,1.0000000000000009,optimized_seed
pilot-run-1224c9a2caa8d2635d19,task-v2-4d2b9f5eb099,g-6aa6775bed3bc2cc,v2-S2-b001-g-6aa6775bed3bc2cc,S2,D1,3301,Penalty-X,3,8,10,10,1,1327.0,4,1,0.25,1024,1,0.0009765625,1,13.0,172.0,172.0,COBYLA,120,"[2.8746040698350956, 3.2295534178963874, 2.6762166453631315, 0.4324890662459698, 2.8286472419409745, 2.8565676468058108]","[2.689659690595289, 3.737211944712005, 2.1508456785241625, 1.0435086852711433, 2.635809861370914, 2.3437568623161127]",120,3,Return from COBYLA because the objective function has been evaluated MAXFUN times.,2.3409695444377485,1.7079828469880065,1.7079828469880065,0.00023880866542,0.00023880866542,1.0,0.2445400733901105,0.0009765625,0.0009765625,1.0,0.0002047521993517,0.0040476191788911,0.0004744948819279,0.333941513672471,0.333941513672471,0.3352536847814917,133.15625,SUCCESS,,False,False,False,g-6aa6775bed3bc2cc,D1,3301,3.010299956639812,-0.6116499617913697,0.0,1.7079828469880065,293.7730496819371,402.64676164329273,293.7730496819371,0.6329866974497422,3,global_fixed,172.0,600.6102809101112,3.491920237849484,penalty_contract_v2_scale_controlled,1.000000000000001,optimized_seed
pilot-run-28a0a5189f9ab4d28953,task-v2-2d64318cb7be,g-6aa6775bed3bc2cc,v2-S2-b001-g-6aa6775bed3bc2cc,S2,D2,0,Uniform,0,8,10,10,1,1531.0,4,2,0.5,1024,2,0.001953125,1,13.0,172.0,172.0,analytic,0,,,0,0,analytic uniform baseline,,,,0.001953125,0.0009765625,0.5,1.0,0.001953125,0.0009765625,1.0,0.0002047521993517,0.0040468582883477,0.0,0.0,0.0,0.0,168.38671875,SUCCESS,,False,False,False,g-6aa6775bed3bc2cc,D2,0,2.709269960975831,0.0,0.0,,,,,,0,global_fixed,172.0,,,penalty_contract_v2_scale_controlled,,analytic_uniform
pilot-run-f65e769ba5232bcfa114,task-v2-2d64318cb7be,g-6aa6775bed3bc2cc,v2-S2-b001-g-6aa6775bed3bc2cc,S2,D2,1103,Penalty-X,1,8,10,10,1,1531.0,4,2,0.5,1024,2,0.001953125,1,13.0,172.0,172.0,COBYLA,120,"[1.4361119332668082, 2.3383068291715148]","[2.100896026847993, 2.3433383803612235]",78,0,Return from COBYLA because the trust region radius reaches its lower bound.,1.8897153290555264,1.8152443470337216,1.8152443470337216,0.0037186294180975,0.0022821248394095,0.6137005285611729,1.90393826206592,0.001953125,0.0009765625,1.0,0.0002047521993517,0.0040468582883477,0.0008480986580252,0.1626325901597738,0.1626325901597738,0.1633429899811744,133.0234375,SUCCESS,,False,False,False,g-6aa6775bed3bc2cc,D2,1103,2.709269960975831,0.2796528616541244,0.0,1.8152443470337216,312.22202768980014,325.0310365975505,312.22202768980014,0.0744709820218045,0,global_fixed,172.0,592.072594714825,3.442282527411773,penalty_contract_v2_scale_controlled,1.0000000000000004,optimized_seed
pilot-run-70daf3803bbb0674ab72,task-v2-2d64318cb7be,g-6aa6775bed3bc2cc,v2-S2-b001-g-6aa6775bed3bc2cc,S2,D2,2207,Penalty-X,1,8,10,10,1,1531.0,4,2,0.5,1024,2,0.001953125,1,13.0,172.0,172.0,COBYLA,120,"[4.119365739193051, 2.0232897611184613]","[2.101413396682169, 2.343274620108743]",93,0,Return from COBYLA because the trust region radius reaches its lower bound.,2.075224700209471,1.815244347215735,1.815244347215735,0.0037169066830665,0.0022810540535677,0.6136968850898783,1.903056221730092,0.001953125,0.0009765625,1.0,0.0002047521993517,0.0040468582883477,0.0008480986580252,0.1878584567457437,0.1878584567457437,0.1885573593899607,133.2578125,SUCCESS,,False,False,False,g-6aa6775bed3bc2cc,D2,2207,2.709269960975831,0.2794516187791209,0.0,1.815244347215735,312.2220277211063,356.938648436029,312.2220277211064,0.2599803529937361,0,global_fixed,172.0,592.072594714825,3.442282527411773,penalty_contract_v2_scale_controlled,0.9999999999999988,optimized_seed
pilot-run-0d33de9a4117cbe57cf0,task-v2-2d64318cb7be,g-6aa6775bed3bc2cc,v2-S2-b001-g-6aa6775bed3bc2cc,S2,D2,3301,Penalty-X,1,8,10,10,1,1531.0,4,2,0.5,1024,2,0.001953125,1,13.0,172.0,172.0,COBYLA,120,"[2.8746040698350956, 1.6147767089481937]","[2.1017781969829548, 2.343146681480188]",85,0,Return from COBYLA because the trust region radius reaches its lower bound.,2.391180849694355,1.815244401166084,1.815244401166084,0.0037145788698987,0.0022796333891921,0.6136990138142391,1.901864381388182,0.001953125,0.0009765625,1.0,0.0002047521993517,0.0040468582883477,0.0008480986580252,0.1687977882102131,0.1687977882102131,0.1694800071418285,133.2578125,SUCCESS,,False,False,False,g-6aa6775bed3bc2cc,D2,3301,2.709269960975831,0.2791795449280632,0.0,1.815244401166084,312.22203700056644,411.28310614742907,312.2220370005664,0.5759364485282714,0,global_fixed,172.0,592.072594714825,3.442282527411773,penalty_contract_v2_scale_controlled,0.9999999999999998,optimized_seed
pilot-run-6d829f05a48af31a2061,task-v2-2d64318cb7be,g-6aa6775bed3bc2cc,v2-S2-b001-g-6aa6775bed3bc2cc,S2,D2,1103,Penalty-X,2,8,10,10,1,1531.0,4,2,0.5,1024,2,0.001953125,1,13.0,172.0,172.0,COBYLA,120,"[1.4361119332668082, 4.6766136583430296, 1.8287983773432719, 0.554097077555417]","[1.8872525720181654, 4.423457762907781, 2.278458800349386, 0.12049562539199202]",120,3,Return from COBYLA because the objective function has been evaluated MAXFUN times.,2.248219767303703,1.7297229423839835,1.7297229423839835,0.0086736605452379,0.004957855194538,0.571598942416531,4.440914199161849,0.001953125,0.0009765625,1.0,0.0002047521993517,0.0040468582883477,0.0008480986580252,0.3230815734714269,0.3230815734714269,0.324125281535089,133.2578125,SUCCESS,,False,False,False,g-6aa6775bed3bc2cc,D2,1103,2.709269960975831,0.6474723824530009,0.0,1.7297229423839835,297.5123460900452,386.6937999762369,297.5123460900452,0.5184968249197195,3,global_fixed,172.0,592.072594714825,3.442282527411773,penalty_contract_v2_scale_controlled,0.9999999999999996,optimized_seed
pilot-run-d6f4b07e57b77432ba8d,task-v2-2d64318cb7be,g-6aa6775bed3bc2cc,v2-S2-b001-g-6aa6775bed3bc2cc,S2,D2,2207,Penalty-X,2,8,10,10,1,1531.0,4,2,0.5,1024,2,0.001953125,1,13.0,172.0,172.0,COBYLA,120,"[4.119365739193051, 4.0465795222369225, 1.5369649905613294, 0.28561357469155796]","[2.135855943816076, 6.043253439112003, 2.5173232462610784, -0.42044304575646113]",120,3,Return from COBYLA because the objective function has been evaluated MAXFUN times.,2.4181183880101904,1.564057493309508,1.564057493309508,0.0134284105747309,0.008505523714043,0.6333976509512105,6.875346214262269,0.001953125,0.0009765625,1.0,0.0002047521993517,0.0040468582883477,0.0008480986580252,0.307429458014667,0.307429458014667,0.3084428226575255,133.2578125,SUCCESS,,False,False,False,g-6aa6775bed3bc2cc,D2,2207,2.709269960975831,0.8372945723434444,0.0,1.564057493309508,269.0178888492354,415.9163627377528,269.01788884923536,0.8540608947006825,3,global_fixed,172.0,592.072594714825,3.442282527411773,penalty_contract_v2_scale_controlled,1.0000000000000004,optimized_seed
pilot-run-845a52a8f8963c42f1b5,task-v2-2d64318cb7be,g-6aa6775bed3bc2cc,v2-S2-b001-g-6aa6775bed3bc2cc,S2,D2,3301,Penalty-X,2,8,10,10,1,1531.0,4,2,0.5,1024,2,0.001953125,1,13.0,172.0,172.0,COBYLA,120,"[2.8746040698350956, 3.2295534178963874, 1.3381083226815658, 0.4324890662459698]","[1.7321811018954694, 1.8208516674860495, 2.2035211534336727, -0.206424357239407]",120,3,Return from COBYLA because the objective function has been evaluated MAXFUN times.,2.60655849541464,1.608616420859187,1.608616420859187,0.0127221086448705,0.0077000854112304,0.6052522915951529,6.5137196261737245,0.001953125,0.0009765625,1.0,0.0002047521993517,0.0040468582883477,0.0008480986580252,0.2863309374079108,0.2863309374079108,0.2873571496456861,133.2578125,SUCCESS,,False,False,False,g-6aa6775bed3bc2cc,D2,3301,2.709269960975831,0.8138290610409236,0.0,1.608616420859187,276.6820243877802,448.328061211318,276.68202438778025,0.9979420745554524,3,global_fixed,172.0,592.072594714825,3.442282527411773,penalty_contract_v2_scale_controlled,0.9999999999999996,optimized_seed
pilot-run-75bc1d32bb5c61de54be,task-v2-2d64318cb7be,g-6aa6775bed3bc2cc,v2-S2-b001-g-6aa6775bed3bc2cc,S2,D2,1103,Penalty-X,3,8,10,10,1,1531.0,4,2,0.5,1024,2,0.001953125,1,13.0,172.0,172.0,COBYLA,120,"[1.4361119332668082, 4.6766136583430296, 3.6575967546865438, 0.554097077555417, 2.658092015317178, 1.6434959053105886]","[1.3878033631818032, 5.1056285807164645, 3.575515413197615, 0.6587696905785938, 3.6158579220540314, 1.642461999826547]",120,3,Return from COBYLA because the objective function has been evaluated MAXFUN times.,2.7047641121004924,1.622348278007437,1.622348278007437,0.0003720006508744,0.0002309703471334,0.6208869435859035,0.1904643332477303,0.001953125,0.0009765625,1.0,0.0002047521993517,0.0040468582883477,0.0008480986580252,0.3451712038367986,0.3451712038367986,0.3464769581332803,133.2578125,SUCCESS,,False,False,False,g-6aa6775bed3bc2cc,D2,1103,2.709269960975831,-0.7201863392741403,0.0,1.622348278007437,279.0439038172791,465.2194272812847,279.0439038172792,1.0824158340930554,3,global_fixed,172.0,592.072594714825,3.442282527411773,penalty_contract_v2_scale_controlled,0.9999999999999996,optimized_seed
pilot-run-855b362b52ae3ef19427,task-v2-2d64318cb7be,g-6aa6775bed3bc2cc,v2-S2-b001-g-6aa6775bed3bc2cc,S2,D2,2207,Penalty-X,3,8,10,10,1,1531.0,4,2,0.5,1024,2,0.001953125,1,13.0,172.0,172.0,COBYLA,120,"[4.119365739193051, 4.0465795222369225, 3.073929981122659, 0.28561357469155796, 1.0467419303334264, 1.2456798648809793]","[3.638600515113056, 3.5776014641764675, 2.992000188794977, -0.0014346818223828265, 0.9669343137903548, 1.4936136557315454]",120,3,Return from COBYLA because the objective function has been evaluated MAXFUN times.,2.2132610340010324,1.677869052046442,1.677869052046442,0.0173147143960702,0.0091010012444031,0.5256223715979208,8.865133770787978,0.001953125,0.0009765625,1.0,0.0002047521993517,0.0040468582883477,0.0008480986580252,0.3394777067005634,0.3394777067005634,0.3407816216349602,133.2578125,SUCCESS,,False,False,False,g-6aa6775bed3bc2cc,D2,2207,2.709269960975831,0.9476852932902065,0.0,1.677869052046442,288.59347695198807,380.6808978481776,288.59347695198807,0.5353919819545903,3,global_fixed,172.0,592.072594714825,3.442282527411773,penalty_contract_v2_scale_controlled,1.0,optimized_seed
pilot-run-47485d02952d434cb4db,task-v2-2d64318cb7be,g-6aa6775bed3bc2cc,v2-S2-b001-g-6aa6775bed3bc2cc,S2,D2,3301,Penalty-X,3,8,10,10,1,1531.0,4,2,0.5,1024,2,0.001953125,1,13.0,172.0,172.0,COBYLA,120,"[2.8746040698350956, 3.2295534178963874, 2.6762166453631315, 0.4324890662459698, 2.8286472419409745, 2.8565676468058108]","[2.4236103193022664, 3.8971238048555894, 1.7584526460576937, 0.010434087729225695, 2.526197037605736, 2.9902326598406925]",120,3,Return from COBYLA because the objective function has been evaluated MAXFUN times.,2.3002633684053206,1.5497861594203717,1.5497861594203717,0.0396688631600812,0.0236004535440767,0.5949364731940656,20.310457937961573,0.001953125,0.0009765625,1.0,0.0002047521993517,0.0040468582883477,0.0008480986580252,0.4092813469469547,0.4092813469469547,0.4105936624109745,133.2578125,SUCCESS,,False,False,False,g-6aa6775bed3bc2cc,D2,3301,2.709269960975831,1.3077197155115368,0.0,1.5497861594203717,266.5632194203038,395.6452993657152,266.56321942030394,0.750477208984949,3,global_fixed,172.0,592.072594714825,3.442282527411773,penalty_contract_v2_scale_controlled,1.0000000000000004,optimized_seed
pilot-run-047c218440f042b7eac1,task-v2-3cd2eda112d3,g-6aa6775bed3bc2cc,v2-S2-b001-g-6aa6775bed3bc2cc,S2,D3,0,Uniform,0,8,10,10,1,2366.0,4,3,0.75,1024,3,0.0029296875,2,13.0,172.0,172.0,analytic,0,,,0,0,analytic uniform baseline,,,,0.0029296875,0.001953125,0.6666666666666666,1.0,0.0029296875,0.001953125,1.0,0.0002047521993517,0.0040466273203492,0.0,0.0,0.0,0.0,168.38671875,SUCCESS,,False,False,False,g-6aa6775bed3bc2cc,D3,0,2.533178701920149,0.0,0.0,,,,,,0,global_fixed,172.0,,,penalty_contract_v2_scale_controlled,,analytic_uniform
pilot-run-250b981094336ae11962,task-v2-3cd2eda112d3,g-6aa6775bed3bc2cc,v2-S2-b001-g-6aa6775bed3bc2cc,S2,D3,1103,Penalty-X,1,8,10,10,1,2366.0,4,3,0.75,1024,3,0.0029296875,2,13.0,172.0,172.0,COBYLA,120,"[1.4361119332668082, 2.3383068291715148]","[1.4745505345439418, 2.45057785177478]",44,0,Return from COBYLA because the trust region radius reaches its lower bound.,1.5271131415483783,1.5123862404007573,1.5123862404007573,0.0061888829848733,0.0045903083358522,0.7417022340011444,2.1124720588367687,0.0029296875,0.001953125,1.0,0.0002047521993517,0.0040466273203492,0.0008279317989945,0.0869458466768264,0.0869458466768264,0.0876585049554705,133.10546875,SUCCESS,,False,False,False,g-6aa6775bed3bc2cc,D3,1103,2.533178701920149,0.3247909733503641,0.0,1.5123862404007573,260.13043334893024,262.6634603463211,260.13043334893024,0.0147269011476209,0,global_fixed,172.0,564.3824896235078,3.28129354432272,penalty_contract_v2_scale_controlled,1.000000000000001,optimized_seed
pilot-run-c318ff0458516aaa22e3,task-v2-3cd2eda112d3,g-6aa6775bed3bc2cc,v2-S2-b001-g-6aa6775bed3bc2cc,S2,D3,2207,Penalty-X,1,8,10,10,1,2366.0,4,3,0.75,1024,3,0.0029296875,2,13.0,172.0,172.0,COBYLA,120,"[4.119365739193051, 2.0232897611184613]","[6.6549493667867194, 2.5796051125989834]",92,0,Return from COBYLA because the trust region radius reaches its lower bound.,2.0956961687252376,1.3762778294100118,1.3762778294100118,0.0437022534612273,0.0312174366060783,0.7143209819551863,14.91703584809895,0.0029296875,0.001953125,1.0,0.0002047521993517,0.0040466273203492,0.0008279317989945,0.1847527250647544,0.1847527250647544,0.1854381645098328,133.10546875,SUCCESS,,False,False,False,g-6aa6775bed3bc2cc,D3,2207,2.533178701920149,1.173682533411026,0.0,1.3762778294100118,236.719786658522,360.45974102074086,236.71978665852205,0.7194183393152258,0,global_fixed,172.0,564.3824896235078,3.28129354432272,penalty_contract_v2_scale_controlled,1.0000000000000004,optimized_seed
pilot-run-c0a27b39316e79086dd4,task-v2-3cd2eda112d3,g-6aa6775bed3bc2cc,v2-S2-b001-g-6aa6775bed3bc2cc,S2,D3,3301,Penalty-X,1,8,10,10,1,2366.0,4,3,0.75,1024,3,0.0029296875,2,13.0,172.0,172.0,COBYLA,120,"[2.8746040698350956, 1.6147767089481937]","[1.4745753120764962, 2.4506195181745403]",59,0,Return from COBYLA because the trust region radius reaches its lower bound.,2.05492840108011,1.512386241740849,1.512386241740849,0.0061888371435324,0.0045901856946212,0.7416879113418142,2.1124564116590805,0.0029296875,0.001953125,1.0,0.0002047521993517,0.0040466273203492,0.0008279317989945,0.1203588284552097,0.1203588284552097,0.1210365816950798,133.10546875,SUCCESS,,False,False,False,g-6aa6775bed3bc2cc,D3,3301,2.533178701920149,0.3247877564992506,0.0,1.512386241740849,260.13043357942604,353.4476849857789,260.13043357942604,0.542542159339261,0,global_fixed,172.0,564.3824896235078,3.28129354432272,penalty_contract_v2_scale_controlled,1.0,optimized_seed
pilot-run-70be1cd5b25b675f4a6d,task-v2-3cd2eda112d3,g-6aa6775bed3bc2cc,v2-S2-b001-g-6aa6775bed3bc2cc,S2,D3,1103,Penalty-X,2,8,10,10,1,2366.0,4,3,0.75,1024,3,0.0029296875,2,13.0,172.0,172.0,COBYLA,120,"[1.4361119332668082, 4.6766136583430296, 1.8287983773432719, 0.554097077555417]","[1.3024465937729401, 4.403992215368902, 2.4101933504152044, 0.08757065220475269]",120,3,Return from COBYLA because the objective function has been evaluated MAXFUN times.,1.8368034654680347,1.4826819988714406,1.4826819988714406,0.0149713906481671,0.0102554963417362,0.6850062617925018,5.110234674574391,0.0029296875,0.001953125,1.0,0.0002047521993517,0.0040466273203492,0.0008279317989945,0.2786485534161329,0.2786485534161329,0.2796462746337056,133.10546875,SUCCESS,,False,False,False,g-6aa6775bed3bc2cc,D3,1103,2.533178701920149,0.708440844465927,0.0,1.4826819988714406,255.02130380588773,315.930196060502,255.02130380588773,0.3541214665965941,3,global_fixed,172.0,564.3824896235078,3.28129354432272,penalty_contract_v2_scale_controlled,0.9999999999999998,optimized_seed
pilot-run-96ad9c772d8d4f758426,task-v2-3cd2eda112d3,g-6aa6775bed3bc2cc,v2-S2-b001-g-6aa6775bed3bc2cc,S2,D3,2207,Penalty-X,2,8,10,10,1,2366.0,4,3,0.75,1024,3,0.0029296875,2,13.0,172.0,172.0,COBYLA,120,"[4.119365739193051, 4.0465795222369225, 1.5369649905613294, 0.28561357469155796]","[6.289045021028471, 4.266169369375171, 2.5852374279898886, 0.1238655085588723]",120,3,Return from COBYLA because the objective function has been evaluated MAXFUN times.,2.2048189704471506,1.3145104902933211,1.3145104902933211,0.0819841059638221,0.0556558061479468,0.6788609266838445,27.983908168984627,0.0029296875,0.001953125,1.0,0.0002047521993517,0.0040466273203492,0.0008279317989945,0.2876044455915689,0.2876044455915689,0.288642743602395,133.10546875,SUCCESS,,False,False,False,g-6aa6775bed3bc2cc,D3,2207,2.533178701920149,1.446908366971341,0.0,1.3145104902933211,226.09580433045124,379.2288629169099,226.09580433045124,0.8903084801538295,3,global_fixed,172.0,564.3824896235078,3.28129354432272,penalty_contract_v2_scale_controlled,1.000000000000001,optimized_seed
pilot-run-e1e5bdc8cb6831d431d4,task-v2-3cd2eda112d3,g-6aa6775bed3bc2cc,v2-S2-b001-g-6aa6775bed3bc2cc,S2,D3,3301,Penalty-X,2,8,10,10,1,2366.0,4,3,0.75,1024,3,0.0029296875,2,13.0,172.0,172.0,COBYLA,120,"[2.8746040698350956, 3.2295534178963874, 1.3381083226815658, 0.4324890662459698]","[3.707449088578744, 2.3916690587128415, 1.5878295487815681, 0.9990471066789114]",120,3,Return from COBYLA because the objective function has been evaluated MAXFUN times.,2.3117234796120805,1.79086577526221,1.79086577526221,0.0275603140949762,0.016935087894596,0.6144736898221002,9.40725387775189,0.0029296875,0.001953125,1.0,0.0002047521993517,0.0040466273203492,0.0008279317989945,0.2877600500360131,0.2877600500360131,0.2888103453442454,133.10546875,SUCCESS,,False,False,False,g-6aa6775bed3bc2cc,D3,3301,2.533178701920149,0.9734628646817778,0.0,1.79086577526221,308.0289133451001,397.6164384932778,308.0289133451001,0.5208577043498706,3,global_fixed,172.0,564.3824896235078,3.28129354432272,penalty_contract_v2_scale_controlled,1.0000000000000002,optimized_seed
pilot-run-b0e08e85bdd747148a98,task-v2-3cd2eda112d3,g-6aa6775bed3bc2cc,v2-S2-b001-g-6aa6775bed3bc2cc,S2,D3,1103,Penalty-X,3,8,10,10,1,2366.0,4,3,0.75,1024,3,0.0029296875,2,13.0,172.0,172.0,COBYLA,120,"[1.4361119332668082, 4.6766136583430296, 3.6575967546865438, 0.554097077555417, 2.658092015317178, 1.6434959053105886]","[1.3464497186162774, 4.006767671192272, 4.336102826611792, 0.8639818366418487, 3.071162974549357, 1.7172021589749258]",120,3,Return from COBYLA because the objective function has been evaluated MAXFUN times.,2.142153978479703,1.481556340808822,1.481556340808822,0.005974626108089,0.0051503050915594,0.8620296899560672,2.039339044894387,0.0029296875,0.001953125,1.0,0.0002047521993517,0.0040466273203492,0.0008279317989945,0.338107374496758,0.338107374496758,0.3394347876310348,133.10546875,SUCCESS,,False,False,False,g-6aa6775bed3bc2cc,D3,1103,2.533178701920149,0.3094894342558894,0.0,1.481556340808822,254.8276906191174,368.4504842985089,254.82769061911736,0.6605976376708811,3,global_fixed,172.0,564.3824896235078,3.28129354432272,penalty_contract_v2_scale_controlled,0.9999999999999984,optimized_seed
pilot-run-2f62fb1a0c1a6557b226,task-v2-3cd2eda112d3,g-6aa6775bed3bc2cc,v2-S2-b001-g-6aa6775bed3bc2cc,S2,D3,2207,Penalty-X,3,8,10,10,1,2366.0,4,3,0.75,1024,3,0.0029296875,2,13.0,172.0,172.0,COBYLA,120,"[4.119365739193051, 4.0465795222369225, 3.073929981122659, 0.28561357469155796, 1.0467419303334264, 1.2456798648809793]","[3.0338346801292397, 3.947569401566516, 4.112784617772813, -0.008576017545590064, 1.0278593169907853, 1.4812995629993873]",120,3,Return from COBYLA because the objective function has been evaluated MAXFUN times.,2.039890320289336,1.3763874155761244,1.3763874155761244,0.0497323641392279,0.0343568950720125,0.6908357498515223,16.975313626189813,0.0029296875,0.001953125,1.0,0.0002047521993517,0.0040466273203492,0.0008279317989945,0.3374562952667475,0.3374562952667475,0.3388026375323534,133.10546875,SUCCESS,,False,False,False,g-6aa6775bed3bc2cc,D3,2207,2.533178701920149,1.2298178068032242,0.0,1.3763874155761244,236.7386354790934,350.8611350897657,236.7386354790934,0.6635029047132113,3,global_fixed,172.0,564.3824896235078,3.28129354432272,penalty_contract_v2_scale_controlled,0.9999999999999998,optimized_seed
pilot-run-21c805d31add05643468,task-v2-3cd2eda112d3,g-6aa6775bed3bc2cc,v2-S2-b001-g-6aa6775bed3bc2cc,S2,D3,3301,Penalty-X,3,8,10,10,1,2366.0,4,3,0.75,1024,3,0.0029296875,2,13.0,172.0,172.0,COBYLA,120,"[2.8746040698350956, 3.2295534178963874, 2.6762166453631315, 0.4324890662459698, 2.8286472419409745, 2.8565676468058108]","[1.163624893555763, 3.4232437194150904, 3.186043971115453, 0.7134156534942054, 3.1663739665912605, 1.8867343231873557]",120,3,Return from COBYLA because the objective function has been evaluated MAXFUN times.,2.1339811613638706,1.4390173276530491,1.4390173276530491,0.0012562541913762,0.001194257968625,0.950649937586826,0.4288014306564326,0.0029296875,0.001953125,1.0,0.0002047521993517,0.0040466273203492,0.0008279317989945,0.3332891762256622,0.3332891762256622,0.3346658749505877,133.10546875,SUCCESS,,False,False,False,g-6aa6775bed3bc2cc,D3,3301,2.533178701920149,-0.3677437743293775,0.0,1.4390173276530491,247.5109803563245,367.04475975458575,247.5109803563245,0.6949638337108213,3,global_fixed,172.0,564.3824896235078,3.28129354432272,penalty_contract_v2_scale_controlled,1.0,optimized_seed
pilot-run-dc02cc5889c3a13e54f7,task-v2-f4789f22d2c1,g-6aa6775bed3bc2cc,v2-S2-b001-g-6aa6775bed3bc2cc,S2,D4,0,Uniform,0,8,10,10,1,2740.0,4,4,1.0,1024,4,0.00390625,2,13.0,172.0,172.0,analytic,0,,,0,0,analytic uniform baseline,,,,0.00390625,0.001953125,0.5,1.0,0.00390625,0.001953125,1.0,0.0002047521993517,0.0040465351194143,0.0,0.0,0.0,0.0,168.38671875,SUCCESS,,False,False,False,g-6aa6775bed3bc2cc,D4,0,2.4082399653118496,0.0,0.0,,,,,,0,global_fixed,172.0,,,penalty_contract_v2_scale_controlled,,analytic_uniform
pilot-run-3aa80c52efeb63e2a9c5,task-v2-f4789f22d2c1,g-6aa6775bed3bc2cc,v2-S2-b001-g-6aa6775bed3bc2cc,S2,D4,1103,Penalty-X,1,8,10,10,1,2740.0,4,4,1.0,1024,4,0.00390625,2,13.0,172.0,172.0,COBYLA,120,"[1.4361119332668082, 2.3383068291715148]","[1.3534713211663643, 2.5059919408166844]",47,0,Return from COBYLA because the trust region radius reaches its lower bound.,1.486232389527281,1.4546433027554004,1.4546433027554004,0.006620242149279,0.0035317922975036,0.5334838541953164,1.6947819902154455,0.00390625,0.001953125,1.0,0.0002047521993517,0.0040465351194143,0.000479269772768,0.0926363002508878,0.0926363002508878,0.0932774422690272,133.09765625,SUCCESS,,False,False,False,g-6aa6775bed3bc2cc,D4,1103,2.4082399653118496,0.2291138402760782,0.0,1.4546433027554004,250.1986480739289,255.6319709986924,250.1986480739289,0.0315890867718808,0,global_fixed,172.0,556.4171329456178,3.234983331079173,penalty_contract_v2_scale_controlled,1.0000000000000009,optimized_seed
pilot-run-7e2543fa2f5190044acc,task-v2-f4789f22d2c1,g-6aa6775bed3bc2cc,v2-S2-b001-g-6aa6775bed3bc2cc,S2,D4,2207,Penalty-X,1,8,10,10,1,2740.0,4,4,1.0,1024,4,0.00390625,2,13.0,172.0,172.0,COBYLA,120,"[4.119365739193051, 2.0232897611184613]","[6.6351071602235425, 2.6252888886907377]",107,0,Return from COBYLA because the trust region radius reaches its lower bound.,1.9557550254369391,1.2954917959219172,1.2954917959219172,0.0650998395528715,0.0387406336801641,0.5950956860454392,16.66555892553512,0.00390625,0.001953125,1.0,0.0002047521993517,0.0040465351194143,0.000479269772768,0.2127791298553347,0.2127791298553347,0.213458483107388,133.09765625,SUCCESS,,False,False,False,g-6aa6775bed3bc2cc,D4,2207,2.4082399653118496,1.221819883505412,0.0,1.2954917959219172,222.82458889856977,336.38986437515354,222.82458889856977,0.6602632295150219,0,global_fixed,172.0,556.4171329456178,3.234983331079173,penalty_contract_v2_scale_controlled,0.9999999999999996,optimized_seed
pilot-run-9fc81a9e7e29ee0f19e4,task-v2-f4789f22d2c1,g-6aa6775bed3bc2cc,v2-S2-b001-g-6aa6775bed3bc2cc,S2,D4,3301,Penalty-X,1,8,10,10,1,2740.0,4,4,1.0,1024,4,0.00390625,2,13.0,172.0,172.0,COBYLA,120,"[2.8746040698350956, 1.6147767089481937]","[1.3532264258121267, 2.505947581181615]",70,0,Return from COBYLA because the trust region radius reaches its lower bound.,1.8887758245469883,1.454643315015226,1.454643315015226,0.006620061590585,0.0035317334070274,0.5334895089269694,1.6947357671897625,0.00390625,0.001953125,1.0,0.0002047521993517,0.0040465351194143,0.000479269772768,0.1414177194237709,0.1414177194237709,0.1421138886362314,133.09765625,SUCCESS,,False,False,False,g-6aa6775bed3bc2cc,D4,3301,2.4082399653118496,0.2291019952842953,0.0,1.454643315015226,250.19865018261888,324.869441822082,250.19865018261888,0.4341325095317623,0,global_fixed,172.0,556.4171329456178,3.234983331079173,penalty_contract_v2_scale_controlled,0.9999999999999992,optimized_seed
pilot-run-06c577168d5870a4aed2,task-v2-f4789f22d2c1,g-6aa6775bed3bc2cc,v2-S2-b001-g-6aa6775bed3bc2cc,S2,D4,1103,Penalty-X,2,8,10,10,1,2740.0,4,4,1.0,1024,4,0.00390625,2,13.0,172.0,172.0,COBYLA,120,"[1.4361119332668082, 4.6766136583430296, 1.8287983773432719, 0.554097077555417]","[1.251038109130302, 4.461620234289888, 2.493187229475474, 0.05415861378670805]",120,3,Return from COBYLA because the objective function has been evaluated MAXFUN times.,1.87415111185294,1.4475328873882962,1.4475328873882962,0.0132429488106605,0.0072645676774662,0.5485611838670148,3.390194895529107,0.00390625,0.001953125,1.0,0.0002047521993517,0.0040465351194143,0.000479269772768,0.2898124894127249,0.2898124894127249,0.2908252868801355,133.09765625,SUCCESS,,False,False,False,g-6aa6775bed3bc2cc,D4,1103,2.4082399653118496,0.5302246656425632,0.0,1.4475328873882962,248.9756566307869,322.35399123870565,248.9756566307869,0.4266182244646435,3,global_fixed,172.0,556.4171329456178,3.234983331079173,penalty_contract_v2_scale_controlled,1.0000000000000002,optimized_seed
pilot-run-c91fd266c6433d9dd753,task-v2-f4789f22d2c1,g-6aa6775bed3bc2cc,v2-S2-b001-g-6aa6775bed3bc2cc,S2,D4,2207,Penalty-X,2,8,10,10,1,2740.0,4,4,1.0,1024,4,0.00390625,2,13.0,172.0,172.0,COBYLA,120,"[4.119365739193051, 4.0465795222369225, 1.5369649905613294, 0.28561357469155796]","[3.63284506636174, 4.04031944683832, 1.169727701730444, -1.0409076136041355]",120,3,Return from COBYLA because the objective function has been evaluated MAXFUN times.,1.868462844399285,1.6068369693945606,1.6068369693945606,0.0054904300724983,0.0029494702702015,0.537202046334315,1.405550098559584,0.00390625,0.001953125,1.0,0.0002047521993517,0.0040465351194143,0.000479269772768,0.2913502743467688,0.2913502743467688,0.292336480692029,133.09765625,SUCCESS,,False,False,False,g-6aa6775bed3bc2cc,D4,2207,2.4082399653118496,0.1478463299436146,0.0,1.6068369693945606,276.3759587358644,321.375609236677,276.3759587358644,0.2616258750047244,3,global_fixed,172.0,556.4171329456178,3.234983331079173,penalty_contract_v2_scale_controlled,1.0000000000000018,optimized_seed
pilot-run-057d87d5e3a6dd1afe46,task-v2-f4789f22d2c1,g-6aa6775bed3bc2cc,v2-S2-b001-g-6aa6775bed3bc2cc,S2,D4,3301,Penalty-X,2,8,10,10,1,2740.0,4,4,1.0,1024,4,0.00390625,2,13.0,172.0,172.0,COBYLA,120,"[2.8746040698350956, 3.2295534178963874, 1.3381083226815658, 0.4324890662459698]","[3.132259562599636, 3.2757675391423544, 1.6595877722546832, 1.2674228986354614]",120,3,Return from COBYLA because the objective function has been evaluated MAXFUN times.,2.086843747806265,1.7251436737011885,1.7251436737011885,0.0031960433456359,0.0014108225185536,0.4414278424853141,0.8181870964828074,0.00390625,0.001953125,1.0,0.0002047521993517,0.0040465351194143,0.000479269772768,0.2939672423526644,0.2939672423526644,0.2949819900095463,133.09765625,SUCCESS,,False,False,False,g-6aa6775bed3bc2cc,D4,3301,2.4082399653118496,-0.0871473739827233,0.0,1.7251436737011885,296.72471187660443,358.9371246226776,296.7247118766044,0.3617000741050766,3,global_fixed,172.0,556.4171329456178,3.234983331079173,penalty_contract_v2_scale_controlled,1.0000000000000009,optimized_seed
pilot-run-4c2cab4df74bed252adc,task-v2-f4789f22d2c1,g-6aa6775bed3bc2cc,v2-S2-b001-g-6aa6775bed3bc2cc,S2,D4,1103,Penalty-X,3,8,10,10,1,2740.0,4,4,1.0,1024,4,0.00390625,2,13.0,172.0,172.0,COBYLA,120,"[1.4361119332668082, 4.6766136583430296, 3.6575967546865438, 0.554097077555417, 2.658092015317178, 1.6434959053105886]","[1.3209693790895995, 4.470368368453626, 4.3029276769676965, 0.9175744409122578, 3.116171075086248, 1.6794040822200884]",120,3,Return from COBYLA because the objective function has been evaluated MAXFUN times.,1.8493422494847285,1.4461835723589087,1.4461835723589087,0.0049589867571743,0.0036984600202052,0.7458096182359448,1.269500609836621,0.00390625,0.001953125,1.0,0.0002047521993517,0.0040465351194143,0.000479269772768,0.3325204066932201,0.3325204066932201,0.3338280934840441,133.09765625,SUCCESS,,False,False,False,g-6aa6775bed3bc2cc,D4,1103,2.4082399653118496,0.1036329138340937,0.0,1.4461835723589087,248.7435744457323,318.08686691137325,248.7435744457323,0.4031586771258195,3,global_fixed,172.0,556.4171329456178,3.234983331079173,penalty_contract_v2_scale_controlled,1.0000000000000024,optimized_seed
pilot-run-fd8f1e9e512e8e08ae30,task-v2-f4789f22d2c1,g-6aa6775bed3bc2cc,v2-S2-b001-g-6aa6775bed3bc2cc,S2,D4,2207,Penalty-X,3,8,10,10,1,2740.0,4,4,1.0,1024,4,0.00390625,2,13.0,172.0,172.0,COBYLA,120,"[4.119365739193051, 4.0465795222369225, 3.073929981122659, 0.28561357469155796, 1.0467419303334264, 1.2456798648809793]","[2.9525431635482686, 3.840944445270985, 3.460751929653348, 0.008443032614892109, 1.0717221915346968, 1.5446072077130681]",120,3,Return from COBYLA because the objective function has been evaluated MAXFUN times.,1.843672257306748,1.2968862023668164,1.2968862023668164,0.0690417636399208,0.0414179945220214,0.5998976900131358,17.674691491819743,0.00390625,0.001953125,1.0,0.0002047521993517,0.0040465351194143,0.000479269772768,0.3379501225426793,0.3379501225426793,0.3392761191353202,133.09765625,SUCCESS,,False,False,False,g-6aa6775bed3bc2cc,D4,2207,2.4082399653118496,1.247351842012381,0.0,1.2968862023668164,223.0644268070924,317.1116282567607,223.0644268070924,0.5467860549399317,3,global_fixed,172.0,556.4171329456178,3.234983331079173,penalty_contract_v2_scale_controlled,1.0,optimized_seed
pilot-run-936962668131ff98ceba,task-v2-f4789f22d2c1,g-6aa6775bed3bc2cc,v2-S2-b001-g-6aa6775bed3bc2cc,S2,D4,3301,Penalty-X,3,8,10,10,1,2740.0,4,4,1.0,1024,4,0.00390625,2,13.0,172.0,172.0,COBYLA,120,"[2.8746040698350956, 3.2295534178963874, 2.6762166453631315, 0.4324890662459698, 2.8286472419409745, 2.8565676468058108]","[3.232777407041004, 4.192570262847165, 3.4843484201944643, 1.130159056153899, 2.4355631193420875, 2.737835736320152]",120,3,Return from COBYLA because the objective function has been evaluated MAXFUN times.,1.9975327202414257,1.5557881264804203,1.5557881264804203,0.0104007387112487,0.0058289647016906,0.5604375673226437,2.662589110079674,0.00390625,0.001953125,1.0,0.0002047521993517,0.0040465351194143,0.000479269772768,0.3469111323356628,0.3469111323356628,0.3482094686478376,133.09765625,SUCCESS,,False,False,False,g-6aa6775bed3bc2cc,D4,3301,2.4082399653118496,0.4253041514207966,0.0,1.5557881264804203,267.5955577546323,343.57562788152524,267.59555775463235,0.4417445937610051,3,global_fixed,172.0,556.4171329456178,3.234983331079173,penalty_contract_v2_scale_controlled,1.0,optimized_seed
pilot-run-512fbcff04fa0c340e86,task-v2-4968f3a685c2,g-8a16a856f5377a40,v2-S3-b000-g-8a16a856f5377a40,S3,D1,0,Uniform,0,8,13,13,1,768.0,7,1,0.1428571428571428,8192,1,0.0001220703125,1,18.0,172.0,172.0,analytic,0,,,0,0,analytic uniform baseline,,,,0.0001220703125,0.0001220703125,1.0,1.0,0.0001220703125,0.0001220703125,1.0,0.0005453396588563,0.0350735886022448,0.0,0.0,0.0,0.0,168.38671875,SUCCESS,,False,False,False,g-8a16a856f5377a40,D1,0,3.9133899436317554,0.0,0.0,,,,,,0,global_fixed,172.0,,,penalty_contract_v2_scale_controlled,,analytic_uniform
pilot-run-689bd411786f30ffa897,task-v2-4968f3a685c2,g-8a16a856f5377a40,v2-S3-b000-g-8a16a856f5377a40,S3,D1,1103,Penalty-X,1,8,13,13,1,768.0,7,1,0.1428571428571428,8192,1,0.0001220703125,1,18.0,172.0,172.0,COBYLA,120,"[1.4361119332668082, 2.3383068291715148]","[7.099554859678779, 2.419020143750407]",120,3,Return from COBYLA because the objective function has been evaluated MAXFUN times.,2.4208742035922097,1.6597446271977252,1.6597446271977252,0.0040658242750917,0.0040658242750917,1.0,33.30723246155159,0.0001220703125,0.0001220703125,1.0,0.0005453396588563,0.0350735886022448,0.0027674306184053,0.4419699115678668,0.4419699115678668,0.4437532974407077,134.70703125,SUCCESS,,False,False,False,g-8a16a856f5377a40,D1,1103,3.9133899436317554,1.5225385481336868,0.0,1.6597446271977252,285.4760758780087,416.39036301786007,285.4760758780087,0.7611295763944845,3,global_fixed,172.0,635.0755922121598,3.692299954721859,penalty_contract_v2_scale_controlled,0.9999999999999992,optimized_seed
pilot-run-8e3a419c74531e6154fe,task-v2-4968f3a685c2,g-8a16a856f5377a40,v2-S3-b000-g-8a16a856f5377a40,S3,D1,2207,Penalty-X,1,8,13,13,1,768.0,7,1,0.1428571428571428,8192,1,0.0001220703125,1,18.0,172.0,172.0,COBYLA,120,"[4.119365739193051, 2.0232897611184613]","[7.177680157024751, 2.4214761956635518]",120,3,Return from COBYLA because the objective function has been evaluated MAXFUN times.,2.20970652615282,1.656708745216435,1.656708745216435,0.0041341929556933,0.0041341929556933,1.0,33.86730869303975,0.0001220703125,0.0001220703125,1.0,0.0005453396588563,0.0350735886022448,0.0027674306184053,0.3751809047535062,0.3751809047535062,0.3769825464114547,134.70703125,SUCCESS,,False,False,False,g-8a16a856f5377a40,D1,2207,3.9133899436317554,1.529780686275526,0.0,1.656708745216435,284.95390417722666,380.0695224982849,284.95390417722683,0.5529977809363842,3,global_fixed,172.0,635.0755922121598,3.692299954721859,penalty_contract_v2_scale_controlled,1.000000000000001,optimized_seed
pilot-run-469154fad1f024e8ff27,task-v2-4968f3a685c2,g-8a16a856f5377a40,v2-S3-b000-g-8a16a856f5377a40,S3,D1,3301,Penalty-X,1,8,13,13,1,768.0,7,1,0.1428571428571428,8192,1,0.0001220703125,1,18.0,172.0,172.0,COBYLA,120,"[2.8746040698350956, 1.6147767089481937]","[6.97219475574922, 2.4117154209830787]",120,3,Return from COBYLA because the objective function has been evaluated MAXFUN times.,2.6114631840739,1.6660489407869117,1.6660489407869117,0.0038773987546884,0.0038773987546884,1.0,31.76365059840748,0.0001220703125,0.0001220703125,1.0,0.0005453396588563,0.0350735886022448,0.0027674306184053,0.3727512136101722,0.3727512136101722,0.3745847437530756,134.70703125,SUCCESS,,False,False,False,g-8a16a856f5377a40,D1,3301,3.9133899436317554,1.5019304101163138,0.0,1.6660489407869117,286.56041781534896,449.17166766071085,286.5604178153488,0.9454142432869888,3,global_fixed,172.0,635.0755922121598,3.692299954721859,penalty_contract_v2_scale_controlled,1.0,optimized_seed
pilot-run-4f122de27f888378c9fd,task-v2-4968f3a685c2,g-8a16a856f5377a40,v2-S3-b000-g-8a16a856f5377a40,S3,D1,1103,Penalty-X,2,8,13,13,1,768.0,7,1,0.1428571428571428,8192,1,0.0001220703125,1,18.0,172.0,172.0,COBYLA,120,"[1.4361119332668082, 4.6766136583430296, 1.8287983773432719, 0.554097077555417]","[2.3572979579313866, 5.058713558072617, 3.71953118117793, -0.9818183631331936]",120,3,Return from COBYLA because the objective function has been evaluated MAXFUN times.,2.943242346668405,1.5661662043649591,1.5661662043649591,0.000757162743766,0.000757162743766,1.0,6.202677196931789,0.0001220703125,0.0001220703125,1.0,0.0005453396588563,0.0350735886022448,0.0027674306184053,0.54289435967803,0.54289435967803,0.5459053656086326,134.70703125,SUCCESS,,False,False,False,g-8a16a856f5377a40,D1,1103,3.9133899436317554,0.7925791799656814,0.0,1.5661662043649591,269.3805871507731,506.2376836269656,269.3805871507729,1.3770761423034457,3,global_fixed,172.0,635.0755922121598,3.692299954721859,penalty_contract_v2_scale_controlled,0.9999999999999996,optimized_seed
pilot-run-366035ebe2fafa601a49,task-v2-4968f3a685c2,g-8a16a856f5377a40,v2-S3-b000-g-8a16a856f5377a40,S3,D1,2207,Penalty-X,2,8,13,13,1,768.0,7,1,0.1428571428571428,8192,1,0.0001220703125,1,18.0,172.0,172.0,COBYLA,120,"[4.119365739193051, 4.0465795222369225, 1.5369649905613294, 0.28561357469155796]","[4.95466250134755, 3.9014339141787193, 2.39102458528959, 0.1400986467793451]",120,3,Return from COBYLA because the objective function has been evaluated MAXFUN times.,2.748701986189718,1.723243703630919,1.723243703630919,0.0036516813599151,0.0036516813599151,1.0,29.914573700424828,0.0001220703125,0.0001220703125,1.0,0.0005453396588563,0.0350735886022448,0.0027674306184053,0.5849960744380951,0.5849960744380951,0.5881080124527216,134.70703125,SUCCESS,,False,False,False,g-8a16a856f5377a40,D1,2207,3.9133899436317554,1.475882818280445,0.0,1.723243703630919,296.3979170245181,472.7767416246315,296.39791702451805,1.025458282558799,3,global_fixed,172.0,635.0755922121598,3.692299954721859,penalty_contract_v2_scale_controlled,1.0000000000000004,optimized_seed
pilot-run-8ffc15a1de33a060da47,task-v2-4968f3a685c2,g-8a16a856f5377a40,v2-S3-b000-g-8a16a856f5377a40,S3,D1,3301,Penalty-X,2,8,13,13,1,768.0,7,1,0.1428571428571428,8192,1,0.0001220703125,1,18.0,172.0,172.0,COBYLA,120,"[2.8746040698350956, 3.2295534178963874, 1.3381083226815658, 0.4324890662459698]","[4.873460008371536, 4.005431361233183, 2.365097705196825, 0.14007590962037544]",120,3,Return from COBYLA because the objective function has been evaluated MAXFUN times.,2.9255854099878214,1.7325285318060049,1.7325285318060049,0.0038786435284181,0.0038786435284181,1.0,31.77384778480129,0.0001220703125,0.0001220703125,1.0,0.0005453396588563,0.0350735886022448,0.0027674306184053,0.5858434839174151,0.5858434839174151,0.5890024751424789,134.70703125,SUCCESS,,False,False,False,g-8a16a856f5377a40,D1,3301,3.9133899436317554,1.5020698106886523,0.0,1.7325285318060049,297.9949074706329,503.2006905179053,297.9949074706328,1.1930568781818165,3,global_fixed,172.0,635.0755922121598,3.692299954721859,penalty_contract_v2_scale_controlled,1.0,optimized_seed
pilot-run-11d0a5ffe81980da1a84,task-v2-4968f3a685c2,g-8a16a856f5377a40,v2-S3-b000-g-8a16a856f5377a40,S3,D1,1103,Penalty-X,3,8,13,13,1,768.0,7,1,0.1428571428571428,8192,1,0.0001220703125,1,18.0,172.0,172.0,COBYLA,120,"[1.4361119332668082, 4.6766136583430296, 3.6575967546865438, 0.554097077555417, 2.658092015317178, 1.6434959053105886]","[2.4352127234203738, 4.496836661465224, 4.441928469146954, 0.74358280485217, 3.607637678577531, 1.86912287058791]",120,3,Return from COBYLA because the objective function has been evaluated MAXFUN times.,2.9598608750009765,1.4040450075077988,1.4040450075077988,0.0002844438852502,0.0002844438852502,1.0,2.330164307969872,0.0001220703125,0.0001220703125,1.0,0.0005453396588563,0.0350735886022448,0.0027674306184053,0.7333133909851313,0.7333133909851313,0.7380532044917345,134.70703125,SUCCESS,,False,False,False,g-8a16a856f5377a40,D1,1103,3.9133899436317554,0.3673865457164641,0.0,1.4040450075077988,241.49574129134143,509.096070500168,241.4957412913414,1.5558158674931777,3,global_fixed,172.0,635.0755922121598,3.692299954721859,penalty_contract_v2_scale_controlled,0.999999999999999,optimized_seed
pilot-run-a7675d05830ba2d90f8d,task-v2-4968f3a685c2,g-8a16a856f5377a40,v2-S3-b000-g-8a16a856f5377a40,S3,D1,2207,Penalty-X,3,8,13,13,1,768.0,7,1,0.1428571428571428,8192,1,0.0001220703125,1,18.0,172.0,172.0,COBYLA,120,"[4.119365739193051, 4.0465795222369225, 3.073929981122659, 0.28561357469155796, 1.0467419303334264, 1.2456798648809793]","[4.56019619766878, 4.696518070532821, 3.488068378136385, 0.7886272243783133, 0.2629141070937702, 1.7957974268132788]",120,3,Return from COBYLA because the objective function has been evaluated MAXFUN times.,1.9780084115909569,1.3634444461393376,1.3634444461393376,1.117364248697446e-06,1.117364248697446e-06,1.0,0.0091534479253294,0.0001220703125,0.0001220703125,1.0,0.0005453396588563,0.0350735886022448,0.0027674306184053,0.7348528383299708,0.7348528383299708,0.7394570428878069,134.70703125,SUCCESS,,False,False,False,g-8a16a856f5377a40,D1,2207,3.9133899436317554,-2.038415284853149,0.0,1.3634444461393376,234.51244473596608,340.21744679364457,234.51244473596608,0.6145639654516191,3,global_fixed,172.0,635.0755922121598,3.692299954721859,penalty_contract_v2_scale_controlled,0.9999999999999992,optimized_seed
pilot-run-4fd99474cbf478676dfb,task-v2-4968f3a685c2,g-8a16a856f5377a40,v2-S3-b000-g-8a16a856f5377a40,S3,D1,3301,Penalty-X,3,8,13,13,1,768.0,7,1,0.1428571428571428,8192,1,0.0001220703125,1,18.0,172.0,172.0,COBYLA,120,"[2.8746040698350956, 3.2295534178963874, 2.6762166453631315, 0.4324890662459698, 2.8286472419409745, 2.8565676468058108]","[2.960483255144429, 3.8535847468031124, 2.3191161933828925, 0.8085136548382672, 2.774623257066077, 2.372599384820302]",120,3,Return from COBYLA because the objective function has been evaluated MAXFUN times.,2.11051451329728,1.4957194048050328,1.4957194048050328,0.0003941397380256,0.0003941397380256,1.0,3.2287927339058418,0.0001220703125,0.0001220703125,1.0,0.0005453396588563,0.0350735886022448,0.0027674306184053,0.7285503791645169,0.7285503791645169,0.7330856863409281,134.70703125,SUCCESS,,False,False,False,g-8a16a856f5377a40,D1,3301,3.9133899436317554,0.5090401672190599,0.0,1.4957194048050328,257.2637376264656,363.00849628713206,257.2637376264656,0.6147951084922467,3,global_fixed,172.0,635.0755922121598,3.692299954721859,penalty_contract_v2_scale_controlled,0.999999999999999,optimized_seed
pilot-run-bcde43a822e099458609,task-v2-8f4071cbe937,g-8a16a856f5377a40,v2-S3-b000-g-8a16a856f5377a40,S3,D2,0,Uniform,0,8,13,13,1,925.0,7,2,0.2857142857142857,8192,2,0.000244140625,1,16.0,172.0,172.0,analytic,0,,,0,0,analytic uniform baseline,,,,0.000244140625,0.0001220703125,0.5,1.0,0.000244140625,0.0001220703125,1.0,0.0005453396588563,0.0350726498290896,0.0,0.0,0.0,0.0,168.38671875,SUCCESS,,False,False,False,g-8a16a856f5377a40,D2,0,3.612359947967774,0.0,0.0,,,,,,0,global_fixed,172.0,,,penalty_contract_v2_scale_controlled,,analytic_uniform
pilot-run-ba03b35647897e00888a,task-v2-8f4071cbe937,g-8a16a856f5377a40,v2-S3-b000-g-8a16a856f5377a40,S3,D2,1103,Penalty-X,1,8,13,13,1,925.0,7,2,0.2857142857142857,8192,2,0.000244140625,1,16.0,172.0,172.0,COBYLA,120,"[1.4361119332668082, 2.3383068291715148]","[6.161308492470837, 2.4038998301381116]",120,3,Return from COBYLA because the objective function has been evaluated MAXFUN times.,2.368674231179492,1.6702151516985633,1.6702151516985633,0.0067291159391388,0.0033053880488013,0.4912068804723841,27.562458886712605,0.000244140625,0.0001220703125,1.0,0.0005453396588563,0.0350726498290896,0.0026474390178918,0.3697308478876948,0.3697308478876948,0.3714643009006977,134.734375,SUCCESS,,False,False,False,g-8a16a856f5377a40,D2,1103,3.612359947967774,1.4403179590010415,0.0,1.6702151516985633,287.2770060921529,407.4119677628726,287.2770060921529,0.6984590794809287,3,global_fixed,172.0,628.2184532269753,3.6524328675986935,penalty_contract_v2_scale_controlled,0.9999999999999992,optimized_seed
pilot-run-c21b881474977dfd8d26,task-v2-8f4071cbe937,g-8a16a856f5377a40,v2-S3-b000-g-8a16a856f5377a40,S3,D2,2207,Penalty-X,1,8,13,13,1,925.0,7,2,0.2857142857142857,8192,2,0.000244140625,1,16.0,172.0,172.0,COBYLA,120,"[4.119365739193051, 2.0232897611184613]","[7.285252585502337, 2.4270121043649238]",120,3,Return from COBYLA because the objective function has been evaluated MAXFUN times.,2.158789959415346,1.573495350586951,1.573495350586951,0.0082987150596069,0.0040544244594722,0.4885605097115233,33.99153688414988,0.000244140625,0.0001220703125,1.0,0.0005453396588563,0.0350726498290896,0.0026474390178918,0.3706459319218993,0.3706459319218993,0.3723942041397095,134.734375,SUCCESS,,False,False,False,g-8a16a856f5377a40,D2,2207,3.612359947967774,1.531370801100159,0.0,1.573495350586951,270.64120030095546,371.3118730194395,270.6412003009556,0.585294608828395,3,global_fixed,172.0,628.2184532269753,3.6524328675986935,penalty_contract_v2_scale_controlled,1.0000000000000016,optimized_seed
pilot-run-dedae6b324acffc0a6c9,task-v2-8f4071cbe937,g-8a16a856f5377a40,v2-S3-b000-g-8a16a856f5377a40,S3,D2,3301,Penalty-X,1,8,13,13,1,925.0,7,2,0.2857142857142857,8192,2,0.000244140625,1,16.0,172.0,172.0,COBYLA,120,"[2.8746040698350956, 1.6147767089481937]","[7.375393925317247, 2.4259478813190745]",120,3,Return from COBYLA because the objective function has been evaluated MAXFUN times.,2.580342418500492,1.5723580177319838,1.5723580177319838,0.0082287782980495,0.0040179423612673,0.4882793308722011,33.70507590881083,0.000244140625,0.0001220703125,1.0,0.0005453396588563,0.0350726498290896,0.0026474390178918,0.3699813289567828,0.3699813289567828,0.3717596577480435,134.734375,SUCCESS,,False,False,False,g-8a16a856f5377a40,D2,3301,3.612359947967774,1.527695309571251,0.0,1.5723580177319838,270.4455790499012,443.8188959820846,270.4455790499012,1.007984400768508,3,global_fixed,172.0,628.2184532269753,3.6524328675986935,penalty_contract_v2_scale_controlled,1.0,optimized_seed
pilot-run-8eedd801cb1220d01401,task-v2-8f4071cbe937,g-8a16a856f5377a40,v2-S3-b000-g-8a16a856f5377a40,S3,D2,1103,Penalty-X,2,8,13,13,1,925.0,7,2,0.2857142857142857,8192,2,0.000244140625,1,16.0,172.0,172.0,COBYLA,120,"[1.4361119332668082, 4.6766136583430296, 1.8287983773432719, 0.554097077555417]","[2.1168240366329436, 4.723762899386075, 3.256906727770692, -0.7870703560194641]",120,3,Return from COBYLA because the objective function has been evaluated MAXFUN times.,2.864099307154307,1.553451696088962,1.553451696088962,0.0063045427600074,0.0030173718268976,0.4786028014653404,25.82340714499069,0.000244140625,0.0001220703125,1.0,0.0005453396588563,0.0350726498290896,0.0026474390178918,0.5392197165638208,0.5392197165638208,0.5423826891928911,134.734375,SUCCESS,,False,False,False,g-8a16a856f5377a40,D2,1103,3.612359947967774,1.4120135426030578,0.0,1.553451696088962,267.19369172730137,492.6250808305408,267.1936917273014,1.3106476110653449,3,global_fixed,172.0,628.2184532269753,3.6524328675986935,penalty_contract_v2_scale_controlled,1.0000000000000002,optimized_seed
pilot-run-07fa81bc85b56dd4e730,task-v2-8f4071cbe937,g-8a16a856f5377a40,v2-S3-b000-g-8a16a856f5377a40,S3,D2,2207,Penalty-X,2,8,13,13,1,925.0,7,2,0.2857142857142857,8192,2,0.000244140625,1,16.0,172.0,172.0,COBYLA,120,"[4.119365739193051, 4.0465795222369225, 1.5369649905613294, 0.28561357469155796]","[5.343318955948739, 4.032572872322911, 2.395916115792995, 0.1357736133742755]",120,3,Return from COBYLA because the objective function has been evaluated MAXFUN times.,2.699457235152729,1.6202989530598306,1.6202989530598306,0.0102504871982776,0.0043210120367367,0.4215421133800126,41.98599556414543,0.000244140625,0.0001220703125,1.0,0.0005453396588563,0.0350726498290896,0.0026474390178918,0.5566816562786698,0.5566816562786698,0.5598890632390976,134.734375,SUCCESS,,False,False,False,g-8a16a856f5377a40,D2,2207,3.612359947967774,1.6231044555542025,0.0,1.6202989530598306,278.6914199262908,464.3066444462694,278.69141992629085,1.0791582820928984,3,global_fixed,172.0,628.2184532269753,3.6524328675986935,penalty_contract_v2_scale_controlled,1.0000000000000018,optimized_seed
pilot-run-090c8ad6a4e78e0eb1af,task-v2-8f4071cbe937,g-8a16a856f5377a40,v2-S3-b000-g-8a16a856f5377a40,S3,D2,3301,Penalty-X,2,8,13,13,1,925.0,7,2,0.2857142857142857,8192,2,0.000244140625,1,16.0,172.0,172.0,COBYLA,120,"[2.8746040698350956, 3.2295534178963874, 1.3381083226815658, 0.4324890662459698]","[4.336174421362953, 4.000800523865128, 2.3361730754122445, 0.13262829830803868]",120,3,Return from COBYLA because the objective function has been evaluated MAXFUN times.,2.871939460001774,1.7841999004970264,1.7841999004970264,0.0060773820197287,0.0024545190596027,0.4038776979355218,24.892956752808868,0.000244140625,0.0001220703125,1.0,0.0005453396588563,0.0350726498290896,0.0026474390178918,0.5511415079236031,0.5511415079236031,0.5545129524543881,134.734375,SUCCESS,,False,False,False,g-8a16a856f5377a40,D2,3301,3.612359947967774,1.396076484602337,0.0,1.7841999004970264,306.8823828854884,493.973587120305,306.88238288548854,1.0877395595047474,3,global_fixed,172.0,628.2184532269753,3.6524328675986935,penalty_contract_v2_scale_controlled,0.9999999999999996,optimized_seed
pilot-run-e87859596e117ae1597b,task-v2-8f4071cbe937,g-8a16a856f5377a40,v2-S3-b000-g-8a16a856f5377a40,S3,D2,1103,Penalty-X,3,8,13,13,1,925.0,7,2,0.2857142857142857,8192,2,0.000244140625,1,16.0,172.0,172.0,COBYLA,120,"[1.4361119332668082, 4.6766136583430296, 3.6575967546865438, 0.554097077555417, 2.658092015317178, 1.6434959053105886]","[2.486706957193567, 4.742694864062141, 4.331581170277785, 0.7544069643502462, 3.5961245048843717, 1.868774833439993]",120,3,Return from COBYLA because the objective function has been evaluated MAXFUN times.,2.91740290667724,1.3700371591508504,1.3700371591508504,0.00018080444173,6.649516902297725e-05,0.3677739793708734,0.7405749933261462,0.000244140625,0.0001220703125,1.0,0.0005453396588563,0.0350726498290896,0.0026474390178918,0.734476980753243,0.734476980753243,0.7389688119292259,134.734375,SUCCESS,,False,False,False,g-8a16a856f5377a40,D2,1103,3.612359947967774,-0.1304309566719667,0.0,1.3700371591508504,235.64639137394624,501.7932999484853,235.64639137394627,1.5473657475263896,3,global_fixed,172.0,628.2184532269753,3.6524328675986935,penalty_contract_v2_scale_controlled,0.9999999999999992,optimized_seed
pilot-run-194bfbe08574e67b934d,task-v2-8f4071cbe937,g-8a16a856f5377a40,v2-S3-b000-g-8a16a856f5377a40,S3,D2,2207,Penalty-X,3,8,13,13,1,925.0,7,2,0.2857142857142857,8192,2,0.000244140625,1,16.0,172.0,172.0,COBYLA,120,"[4.119365739193051, 4.0465795222369225, 3.073929981122659, 0.28561357469155796, 1.0467419303334264, 1.2456798648809793]","[4.764178635420448, 4.753531626360545, 3.019167481317565, 0.8103904294787485, 0.17410231013868657, 1.876642782637327]",120,3,Return from COBYLA because the objective function has been evaluated MAXFUN times.,1.932956685848034,1.3120680130486255,1.3120680130486255,5.788802992208579e-05,2.9719877789439017e-05,0.5134028197097119,0.2371093705608634,0.000244140625,0.0001220703125,1.0,0.0005453396588563,0.0350726498290896,0.0026474390178918,0.7276496319100261,0.7276496319100261,0.732113010250032,134.734375,SUCCESS,,False,False,False,g-8a16a856f5377a40,D2,2207,3.612359947967774,-0.6250512823674074,0.0,1.3120680130486255,225.6756982443636,332.4685499658619,225.6756982443636,0.6208886727994085,3,global_fixed,172.0,628.2184532269753,3.6524328675986935,penalty_contract_v2_scale_controlled,0.9999999999999982,optimized_seed
pilot-run-cae38a86c4965424fda0,task-v2-8f4071cbe937,g-8a16a856f5377a40,v2-S3-b000-g-8a16a856f5377a40,S3,D2,3301,Penalty-X,3,8,13,13,1,925.0,7,2,0.2857142857142857,8192,2,0.000244140625,1,16.0,172.0,172.0,COBYLA,120,"[2.8746040698350956, 3.2295534178963874, 2.6762166453631315, 0.4324890662459698, 2.8286472419409745, 2.8565676468058108]","[2.913968334219507, 3.793386978701997, 2.286797586495579, 0.8126297043954979, 2.7635741507100695, 2.383092231310009]",120,3,Return from COBYLA because the objective function has been evaluated MAXFUN times.,2.081264799995989,1.459896567386291,1.459896567386291,0.001159882583891,0.0005169028983737,0.4456510560230546,4.75087906361767,0.000244140625,0.0001220703125,1.0,0.0005453396588563,0.0350726498290896,0.0026474390178918,0.7189581980928779,0.7189581980928779,0.7236669771373272,134.734375,SUCCESS,,False,False,False,g-8a16a856f5377a40,D2,3301,3.612359947967774,0.6767739753419605,0.0,1.459896567386291,251.10220959044204,357.97754559931013,251.10220959044204,0.6213682326096981,3,global_fixed,172.0,628.2184532269753,3.6524328675986935,penalty_contract_v2_scale_controlled,0.9999999999999984,optimized_seed
pilot-run-afe00e09663fd155f071,task-v2-5de325b6f026,g-8a16a856f5377a40,v2-S3-b000-g-8a16a856f5377a40,S3,D3,0,Uniform,0,8,13,13,1,933.0,7,3,0.4285714285714285,8192,3,0.0003662109375,2,16.0,172.0,172.0,analytic,0,,,0,0,analytic uniform baseline,,,,0.0003662109375,0.000244140625,0.6666666666666666,1.0,0.0003662109375,0.000244140625,1.0,0.0005453396588563,0.0350724095478653,0.0,0.0,0.0,0.0,168.38671875,SUCCESS,,False,False,False,g-8a16a856f5377a40,D3,0,3.436268688912093,0.0,0.0,,,,,,0,global_fixed,172.0,,,penalty_contract_v2_scale_controlled,,analytic_uniform
pilot-run-8d296e824c862695476b,task-v2-5de325b6f026,g-8a16a856f5377a40,v2-S3-b000-g-8a16a856f5377a40,S3,D3,1103,Penalty-X,1,8,13,13,1,933.0,7,3,0.4285714285714285,8192,3,0.0003662109375,2,16.0,172.0,172.0,COBYLA,120,"[1.4361119332668082, 2.3383068291715148]","[6.959631987269019, 2.445825800866764]",120,3,Return from COBYLA because the objective function has been evaluated MAXFUN times.,2.364207111533033,1.5762590350144066,1.5762590350144066,0.013572919614026,0.0089393950728179,0.6586199083931856,37.06311915936721,0.0003662109375,0.000244140625,1.0,0.0005453396588563,0.0350724095478653,0.003914225846529,0.3714484507218003,0.3714484507218003,0.3732070755213499,134.703125,SUCCESS,,False,False,False,g-8a16a856f5377a40,D3,1103,3.436268688912093,1.5689419658921635,0.0,1.5762590350144066,271.116554022478,406.64362318368165,271.11655402247794,0.7879480765186264,3,global_fixed,172.0,627.7759249372859,3.649860028705151,penalty_contract_v2_scale_controlled,1.0,optimized_seed
pilot-run-7ffb275bf9fa5976996c,task-v2-5de325b6f026,g-8a16a856f5377a40,v2-S3-b000-g-8a16a856f5377a40,S3,D3,2207,Penalty-X,1,8,13,13,1,933.0,7,3,0.4285714285714285,8192,3,0.0003662109375,2,16.0,172.0,172.0,COBYLA,120,"[4.119365739193051, 2.0232897611184613]","[7.328167495931946, 2.435718450364214]",120,3,Return from COBYLA because the objective function has been evaluated MAXFUN times.,2.1550971668129546,1.561751871478466,1.561751871478466,0.0128681276714775,0.0084295381843579,0.6550710716868456,35.138567294914786,0.0003662109375,0.000244140625,1.0,0.0005453396588563,0.0350724095478653,0.003914225846529,0.371154204942286,0.371154204942286,0.3728816723451018,134.703125,SUCCESS,,False,False,False,g-8a16a856f5377a40,D3,2207,3.436268688912093,1.545784050027878,0.0,1.561751871478466,268.6213218942961,370.6767126918282,268.62132189429616,0.5933452953344887,3,global_fixed,172.0,627.7759249372859,3.649860028705151,penalty_contract_v2_scale_controlled,0.9999999999999996,optimized_seed
pilot-run-a920f063634b5d3ff4cf,task-v2-5de325b6f026,g-8a16a856f5377a40,v2-S3-b000-g-8a16a856f5377a40,S3,D3,3301,Penalty-X,1,8,13,13,1,933.0,7,3,0.4285714285714285,8192,3,0.0003662109375,2,16.0,172.0,172.0,COBYLA,120,"[2.8746040698350956, 1.6147767089481937]","[7.101226277305835, 2.4340967864987926]",120,3,Return from COBYLA because the objective function has been evaluated MAXFUN times.,2.578478473655325,1.5680696968714027,1.5680696968714027,0.012769214509071,0.0083795362958302,0.6562295816925552,34.86846841943672,0.0003662109375,0.000244140625,1.0,0.0005453396588563,0.0350724095478653,0.003914225846529,0.3721702890470624,0.3721702890470624,0.3740118648856878,134.703125,SUCCESS,,False,False,False,g-8a16a856f5377a40,D3,3301,3.436268688912093,1.5424328716204456,0.0,1.5680696968714027,269.7079878618814,443.4982974687159,269.7079878618813,1.0104087767839225,3,global_fixed,172.0,627.7759249372859,3.649860028705151,penalty_contract_v2_scale_controlled,0.9999999999999988,optimized_seed
pilot-run-47889f9b5a1c0bae9699,task-v2-5de325b6f026,g-8a16a856f5377a40,v2-S3-b000-g-8a16a856f5377a40,S3,D3,1103,Penalty-X,2,8,13,13,1,933.0,7,3,0.4285714285714285,8192,3,0.0003662109375,2,16.0,172.0,172.0,COBYLA,120,"[1.4361119332668082, 4.6766136583430296, 1.8287983773432719, 0.554097077555417]","[2.0522876013912557, 4.8079350627351785, 3.254631144510704, -0.7771932871610482]",120,3,Return from COBYLA because the objective function has been evaluated MAXFUN times.,2.859525127497964,1.5459860591715722,1.5459860591715722,0.009742829274044,0.0063252609773233,0.6492221919740025,26.60441913765641,0.0003662109375,0.000244140625,1.0,0.0005453396588563,0.0350724095478653,0.003914225846529,0.534283653832972,0.534283653832972,0.5373007878661156,134.703125,SUCCESS,,False,False,False,g-8a16a856f5377a40,D3,1103,3.436268688912093,1.4249537812812472,0.0,1.5459860591715722,265.90960217751035,491.8383219296498,265.9096021775104,1.3135390683263917,3,global_fixed,172.0,627.7759249372859,3.649860028705151,penalty_contract_v2_scale_controlled,1.0,optimized_seed
pilot-run-3683af62577061913ffd,task-v2-5de325b6f026,g-8a16a856f5377a40,v2-S3-b000-g-8a16a856f5377a40,S3,D3,2207,Penalty-X,2,8,13,13,1,933.0,7,3,0.4285714285714285,8192,3,0.0003662109375,2,16.0,172.0,172.0,COBYLA,120,"[4.119365739193051, 4.0465795222369225, 1.5369649905613294, 0.28561357469155796]","[5.401688835417383, 4.219518712455906, 2.3999252208882966, 0.12171550989365058]",120,3,Return from COBYLA because the objective function has been evaluated MAXFUN times.,2.697286643682944,1.6044433005653302,1.6044433005653302,0.0172299150196937,0.0106597267859091,0.6186755287954164,47.04915461377709,0.0003662109375,0.000244140625,1.0,0.0005453396588563,0.0350724095478653,0.003914225846529,0.5356321921572089,0.5356321921572089,0.5386610282585025,134.703125,SUCCESS,,False,False,False,g-8a16a856f5377a40,D3,2207,3.436268688912093,1.672551824365398,0.0,1.6044433005653302,275.9642476972368,463.93330271346633,275.96424769723683,1.0928433431176137,3,global_fixed,172.0,627.7759249372859,3.649860028705151,penalty_contract_v2_scale_controlled,0.9999999999999996,optimized_seed
pilot-run-89ccde99c884f972404f,task-v2-5de325b6f026,g-8a16a856f5377a40,v2-S3-b000-g-8a16a856f5377a40,S3,D3,3301,Penalty-X,2,8,13,13,1,933.0,7,3,0.4285714285714285,8192,3,0.0003662109375,2,16.0,172.0,172.0,COBYLA,120,"[2.8746040698350956, 3.2295534178963874, 1.3381083226815658, 0.4324890662459698]","[4.267269136216224, 4.093449287093491, 2.351608707020882, 0.11452906070144965]",120,3,Return from COBYLA because the objective function has been evaluated MAXFUN times.,2.8693955129820554,1.784244648455573,1.784244648455573,0.0088456744928828,0.0051282575523219,0.5797474863503201,24.15458848189863,0.0003662109375,0.000244140625,1.0,0.0005453396588563,0.0350724095478653,0.003914225846529,0.5328684095293283,0.5328684095293283,0.5359583264216781,134.703125,SUCCESS,,False,False,False,g-8a16a856f5377a40,D3,3301,3.436268688912093,1.382999642875611,0.0,1.784244648455573,306.89007953435856,493.5360282329135,306.89007953435856,1.0851508645264825,3,global_fixed,172.0,627.7759249372859,3.649860028705151,penalty_contract_v2_scale_controlled,0.9999999999999988,optimized_seed
pilot-run-962f2ff12fa447b106f6,task-v2-5de325b6f026,g-8a16a856f5377a40,v2-S3-b000-g-8a16a856f5377a40,S3,D3,1103,Penalty-X,3,8,13,13,1,933.0,7,3,0.4285714285714285,8192,3,0.0003662109375,2,16.0,172.0,172.0,COBYLA,120,"[1.4361119332668082, 4.6766136583430296, 3.6575967546865438, 0.554097077555417, 2.658092015317178, 1.6434959053105886]","[2.437358608773884, 4.722605402128072, 4.43633262550594, 0.745789599964885, 3.6247754435674353, 1.8720498593998647]",120,3,Return from COBYLA because the objective function has been evaluated MAXFUN times.,2.915301999782165,1.368878263466886,1.368878263466886,0.0002870434807039,0.0001644616076857,0.5729501582214214,0.7838200646422236,0.0003662109375,0.000244140625,1.0,0.0005453396588563,0.0350724095478653,0.003914225846529,0.6952386014163494,0.6952386014163494,0.6994007416069508,134.703125,SUCCESS,,False,False,False,g-8a16a856f5377a40,D3,1103,3.436268688912093,-0.1057836234148621,0.0,1.368878263466886,235.44706131630443,501.4319439625324,235.44706131630443,1.5464237363152789,3,global_fixed,172.0,627.7759249372859,3.649860028705151,penalty_contract_v2_scale_controlled,0.9999999999999988,optimized_seed
pilot-run-1161ae54c0030838499e,task-v2-5de325b6f026,g-8a16a856f5377a40,v2-S3-b000-g-8a16a856f5377a40,S3,D3,2207,Penalty-X,3,8,13,13,1,933.0,7,3,0.4285714285714285,8192,3,0.0003662109375,2,16.0,172.0,172.0,COBYLA,120,"[4.119365739193051, 4.0465795222369225, 3.073929981122659, 0.28561357469155796, 1.0467419303334264, 1.2456798648809793]","[4.5538971343993895, 4.643602231386923, 2.8402475435887524, 0.8148554956555321, 0.14207357431450718, 1.9208213848278128]",120,3,Return from COBYLA because the objective function has been evaluated MAXFUN times.,1.920074665189028,1.3213400887533846,1.3213400887533846,5.485345535543948e-05,3.5160951432990195e-05,0.6409979317648127,0.1497865020905867,0.0003662109375,0.000244140625,1.0,0.0005453396588563,0.0350724095478653,0.003914225846529,0.6878702873364091,0.6878702873364091,0.6921080341562629,134.703125,SUCCESS,,False,False,False,g-8a16a856f5377a40,D3,2207,3.436268688912093,-0.8245273210270436,0.0,1.3213400887533846,227.27049526558216,330.2528424125128,227.27049526558216,0.5987345764356433,3,global_fixed,172.0,627.7759249372859,3.649860028705151,penalty_contract_v2_scale_controlled,1.0000000000000004,optimized_seed
pilot-run-4d3225036bee93cac08c,task-v2-5de325b6f026,g-8a16a856f5377a40,v2-S3-b000-g-8a16a856f5377a40,S3,D3,3301,Penalty-X,3,8,13,13,1,933.0,7,3,0.4285714285714285,8192,3,0.0003662109375,2,16.0,172.0,172.0,COBYLA,120,"[2.8746040698350956, 3.2295534178963874, 2.6762166453631315, 0.4324890662459698, 2.8286472419409745, 2.8565676468058108]","[2.8939359979169588, 4.016799972780923, 2.3757115193502774, 0.814078530054709, 2.769853252013618, 2.3913283060390813]",120,3,Return from COBYLA because the objective function has been evaluated MAXFUN times.,2.072413740984882,1.4610271831979866,1.4610271831979866,0.0014370096251193,0.0008432544769369,0.5868119894234698,3.923994282992548,0.0003662109375,0.000244140625,1.0,0.0005453396588563,0.0350724095478653,0.003914225846529,0.6801624875515699,0.6801624875515699,0.6844475045800209,134.703125,SUCCESS,,False,False,False,g-8a16a856f5377a40,D3,3301,3.436268688912093,0.5937283659692263,0.0,1.4610271831979866,251.29667551005352,356.4551634493997,251.2966755100537,0.6113865577868953,3,global_fixed,172.0,627.7759249372859,3.649860028705151,penalty_contract_v2_scale_controlled,1.0000000000000016,optimized_seed
pilot-run-4f76f164406a7a8afd1d,task-v2-eb1005d46905,g-8a16a856f5377a40,v2-S3-b000-g-8a16a856f5377a40,S3,D4,0,Uniform,0,8,13,13,1,1180.0,7,4,0.5714285714285714,8192,4,0.00048828125,1,8.0,172.0,172.0,analytic,0,,,0,0,analytic uniform baseline,,,,0.00048828125,0.0001220703125,0.25,1.0,0.00048828125,0.0001220703125,1.0,0.0005453396588563,0.035072311758995,0.0,0.0,0.0,0.0,168.38671875,SUCCESS,,False,False,False,g-8a16a856f5377a40,D4,0,3.311329952303793,0.0,0.0,,,,,,0,global_fixed,172.0,,,penalty_contract_v2_scale_controlled,,analytic_uniform
pilot-run-7e4be73da1102c3eb36e,task-v2-eb1005d46905,g-8a16a856f5377a40,v2-S3-b000-g-8a16a856f5377a40,S3,D4,1103,Penalty-X,1,8,13,13,1,1180.0,7,4,0.5714285714285714,8192,4,0.00048828125,1,8.0,172.0,172.0,COBYLA,120,"[1.4361119332668082, 2.3383068291715148]","[3.760126551624729, 2.316244842788902]",120,3,Return from COBYLA because the objective function has been evaluated MAXFUN times.,2.2290647196442346,1.907316443325208,1.907316443325208,0.0035630129488216,0.0006505725024263,0.1825905523698613,7.29705051918673,0.00048828125,0.0001220703125,1.0,0.0005453396588563,0.035072311758995,0.0022501675412058,0.3755436213687062,0.3755436213687062,0.3773886989802122,134.83984375,SUCCESS,,False,False,False,g-8a16a856f5377a40,D4,1103,3.311329952303793,0.863147352985308,0.0,1.907316443325208,328.0584282519359,383.39913177880834,328.0584282519358,0.3217482763190264,3,global_fixed,172.0,622.5323295048958,3.6193740087493937,penalty_contract_v2_scale_controlled,0.9999999999999992,optimized_seed
pilot-run-5fa99ae147ed71f4a980,task-v2-eb1005d46905,g-8a16a856f5377a40,v2-S3-b000-g-8a16a856f5377a40,S3,D4,2207,Penalty-X,1,8,13,13,1,1180.0,7,4,0.5714285714285714,8192,4,0.00048828125,1,8.0,172.0,172.0,COBYLA,120,"[4.119365739193051, 2.0232897611184613]","[7.320928426054893, 2.454517724069911]",120,3,Return from COBYLA because the objective function has been evaluated MAXFUN times.,2.079888446908288,1.4586827983504502,1.4586827983504502,0.0259899223019578,0.0112804631950273,0.4340322015575066,53.22736087440975,0.00048828125,0.0001220703125,1.0,0.0005453396588563,0.035072311758995,0.0022501675412058,0.3777043791487813,0.3777043791487813,0.3794979872182011,134.83984375,SUCCESS,,False,False,False,g-8a16a856f5377a40,D4,2207,3.311329952303793,1.726134933463852,0.0,1.4586827983504502,250.89344131627743,357.7408128682255,250.89344131627743,0.6212056485578374,3,global_fixed,172.0,622.5323295048958,3.6193740087493937,penalty_contract_v2_scale_controlled,1.000000000000001,optimized_seed
pilot-run-527cd7f60f87142e4c5f,task-v2-eb1005d46905,g-8a16a856f5377a40,v2-S3-b000-g-8a16a856f5377a40,S3,D4,3301,Penalty-X,1,8,13,13,1,1180.0,7,4,0.5714285714285714,8192,4,0.00048828125,1,8.0,172.0,172.0,COBYLA,120,"[2.8746040698350956, 1.6147767089481937]","[6.811810799439525, 2.4488711390898925]",120,3,Return from COBYLA because the objective function has been evaluated MAXFUN times.,2.520580065514962,1.484214597941118,1.484214597941118,0.0240191302817257,0.0103141071076189,0.4294121804845747,49.19117881697438,0.00048828125,0.0001220703125,1.0,0.0005453396588563,0.035072311758995,0.0022501675412058,0.3774800691753626,0.3774800691753626,0.3792958706617355,134.83984375,SUCCESS,,False,False,False,g-8a16a856f5377a40,D4,3301,3.311329952303793,1.691887230113161,0.0,1.484214597941118,255.28491084587225,433.5397712685735,255.28491084587228,1.0363654675738443,3,global_fixed,172.0,622.5323295048958,3.6193740087493937,penalty_contract_v2_scale_controlled,0.9999999999999998,optimized_seed
pilot-run-7e0a0240ceb5a39fa0c0,task-v2-eb1005d46905,g-8a16a856f5377a40,v2-S3-b000-g-8a16a856f5377a40,S3,D4,1103,Penalty-X,2,8,13,13,1,1180.0,7,4,0.5714285714285714,8192,4,0.00048828125,1,8.0,172.0,172.0,COBYLA,120,"[1.4361119332668082, 4.6766136583430296, 1.8287983773432719, 0.554097077555417]","[2.8426933144772715, 4.26334162639579, 2.323998914921688, 0.11077766136798751]",120,3,Return from COBYLA because the objective function has been evaluated MAXFUN times.,2.693772849177959,1.87126558778754,1.87126558778754,0.0091570515128475,0.0018330235279534,0.2001761730161334,18.75364149831177,0.00048828125,0.0001220703125,1.0,0.0005453396588563,0.035072311758995,0.0022501675412058,0.5445191934704781,0.5445191934704781,0.547878417186439,134.83984375,SUCCESS,,False,False,False,g-8a16a856f5377a40,D4,1103,3.311329952303793,1.2730856096141434,0.0,1.87126558778754,321.8576810994567,463.328930058609,321.8576810994568,0.8225072613904196,3,global_fixed,172.0,622.5323295048958,3.6193740087493937,penalty_contract_v2_scale_controlled,0.9999999999999988,optimized_seed
pilot-run-06daaa72dcdd00b5aa4a,task-v2-eb1005d46905,g-8a16a856f5377a40,v2-S3-b000-g-8a16a856f5377a40,S3,D4,2207,Penalty-X,2,8,13,13,1,1180.0,7,4,0.5714285714285714,8192,4,0.00048828125,1,8.0,172.0,172.0,COBYLA,120,"[4.119365739193051, 4.0465795222369225, 1.5369649905613294, 0.28561357469155796]","[5.646268770461309, 4.087709939516235, 2.451268107417907, 0.13357294455980182]",120,3,Return from COBYLA because the objective function has been evaluated MAXFUN times.,2.6083339963977226,1.515837039047168,1.515837039047168,0.0275997342222596,0.0077774862786999,0.2817956947001063,56.52425568718776,0.00048828125,0.0001220703125,1.0,0.0005453396588563,0.035072311758995,0.0022501675412058,0.5561564853414893,0.5561564853414893,0.5594750409945846,134.83984375,SUCCESS,,False,False,False,g-8a16a856f5377a40,D4,2207,3.311329952303793,1.7522348522544526,0.0,1.515837039047168,260.72397071611294,448.63344738040826,260.7239707161129,1.0924969573505543,3,global_fixed,172.0,622.5323295048958,3.6193740087493937,penalty_contract_v2_scale_controlled,0.9999999999999992,optimized_seed
pilot-run-33527602c62033ce86b3,task-v2-eb1005d46905,g-8a16a856f5377a40,v2-S3-b000-g-8a16a856f5377a40,S3,D4,3301,Penalty-X,2,8,13,13,1,1180.0,7,4,0.5714285714285714,8192,4,0.00048828125,1,8.0,172.0,172.0,COBYLA,120,"[2.8746040698350956, 3.2295534178963874, 1.3381083226815658, 0.4324890662459698]","[4.509241470476661, 3.6659926750969, 2.3993750512580925, 0.13074545995770717]",120,3,Return from COBYLA because the objective function has been evaluated MAXFUN times.,2.774950464713182,1.762903332195945,1.762903332195945,0.0087706267156351,0.0007495579806446,0.0854623055965216,17.96224351362071,0.00048828125,0.0001220703125,1.0,0.0005453396588563,0.035072311758995,0.0022501675412058,0.5581302754580975,0.5581302754580975,0.5614324230700731,134.83984375,SUCCESS,,False,False,False,g-8a16a856f5377a40,D4,3301,3.311329952303793,1.2543605798109256,0.0,1.762903332195945,303.21937313770263,477.2914799306673,303.2193731377026,1.012047132517237,3,global_fixed,172.0,622.5323295048958,3.6193740087493937,penalty_contract_v2_scale_controlled,0.9999999999999996,optimized_seed
pilot-run-099ce626d6e266231d89,task-v2-eb1005d46905,g-8a16a856f5377a40,v2-S3-b000-g-8a16a856f5377a40,S3,D4,1103,Penalty-X,3,8,13,13,1,1180.0,7,4,0.5714285714285714,8192,4,0.00048828125,1,8.0,172.0,172.0,COBYLA,120,"[1.4361119332668082, 4.6766136583430296, 3.6575967546865438, 0.554097077555417, 2.658092015317178, 1.6434959053105886]","[1.7020792372236242, 3.8592693435873935, 4.639847274704282, 0.4753373899289281, 3.6651614046861316, 1.9035879120177006]",120,3,Return from COBYLA because the objective function has been evaluated MAXFUN times.,2.84775023590418,1.379885248250827,1.379885248250827,0.0046015382583044,0.0040406261283472,0.8781033431711734,9.423950353007529,0.00048828125,0.0001220703125,1.0,0.0005453396588563,0.035072311758995,0.0022501675412058,0.7403822690248489,0.7403822690248489,0.7449362324550748,134.83984375,SUCCESS,,False,False,False,g-8a16a856f5377a40,D4,1103,3.311329952303793,0.9742329895109731,0.0,1.379885248250827,237.3402626991421,489.813040575519,237.34026269914224,1.4678649876533532,3,global_fixed,172.0,622.5323295048958,3.6193740087493937,penalty_contract_v2_scale_controlled,1.0000000000000022,optimized_seed
pilot-run-ecac54c0c10872a97a26,task-v2-eb1005d46905,g-8a16a856f5377a40,v2-S3-b000-g-8a16a856f5377a40,S3,D4,2207,Penalty-X,3,8,13,13,1,1180.0,7,4,0.5714285714285714,8192,4,0.00048828125,1,8.0,172.0,172.0,COBYLA,120,"[4.119365739193051, 4.0465795222369225, 3.073929981122659, 0.28561357469155796, 1.0467419303334264, 1.2456798648809793]","[5.132349181384989, 4.699003358486359, 3.303642813179597, 0.8512848771365323, 0.013836262340946029, 2.0251017946304675]",120,3,Return from COBYLA because the objective function has been evaluated MAXFUN times.,1.8697882364242984,1.2863456020319182,1.2863456020319182,0.0156268209871174,0.0153670607461927,0.9833772818451826,32.003729381616445,0.00048828125,0.0001220703125,1.0,0.0005453396588563,0.035072311758995,0.0022501675412058,0.7230028491467237,0.7230028491467237,0.7276507448405027,134.83984375,SUCCESS,,False,False,False,g-8a16a856f5377a40,D4,2207,3.311329952303793,1.5052005894288027,0.0,1.2863456020319182,221.2514435494899,321.60357666497936,221.25144354948992,0.5834426343923804,3,global_fixed,172.0,622.5323295048958,3.6193740087493937,penalty_contract_v2_scale_controlled,1.000000000000001,optimized_seed
pilot-run-019d4b4dedf21ed3d732,task-v2-eb1005d46905,g-8a16a856f5377a40,v2-S3-b000-g-8a16a856f5377a40,S3,D4,3301,Penalty-X,3,8,13,13,1,1180.0,7,4,0.5714285714285714,8192,4,0.00048828125,1,8.0,172.0,172.0,COBYLA,120,"[2.8746040698350956, 3.2295534178963874, 2.6762166453631315, 0.4324890662459698, 2.8286472419409745, 2.8565676468058108]","[2.6008749588987605, 3.8076804701091937, 3.1478252756992395, 0.5593925813245777, 2.7820589840019148, 2.5638135046523627]",120,3,Return from COBYLA because the objective function has been evaluated MAXFUN times.,2.0450124510672985,1.5241612544202598,1.5241612544202598,0.0321550435432471,0.0258490890090168,0.8038890998312888,65.85352917657009,0.00048828125,0.0001220703125,1.0,0.0005453396588563,0.035072311758995,0.0022501675412058,0.7313412101939321,0.7313412101939321,0.7358196023851633,134.83984375,SUCCESS,,False,False,False,g-8a16a856f5377a40,D4,3301,3.311329952303793,1.8185790543295348,0.0,1.5241612544202598,262.1557357602846,351.74214158357535,262.1557357602847,0.5208511966470386,3,global_fixed,172.0,622.5323295048958,3.6193740087493937,penalty_contract_v2_scale_controlled,0.9999999999999988,optimized_seed
pilot-run-b515feea913143f1f8d6,task-v2-0c6c4504c3d3,g-8a16a856f5377a40,v2-S3-b000-g-8a16a856f5377a40,S3,D5,0,Uniform,0,8,13,13,1,1195.0,7,5,0.7142857142857143,8192,5,0.0006103515625,1,8.0,172.0,172.0,analytic,0,,,0,0,analytic uniform baseline,,,,0.0006103515625,0.0001220703125,0.2,1.0,0.0006103515625,0.0001220703125,1.0,0.0005453396588563,0.0350722922012209,0.0,0.0,0.0,0.0,168.38671875,SUCCESS,,False,False,False,g-8a16a856f5377a40,D5,0,3.2144199392957367,0.0,0.0,,,,,,0,global_fixed,172.0,,,penalty_contract_v2_scale_controlled,,analytic_uniform
pilot-run-635f3319513ac9234322,task-v2-0c6c4504c3d3,g-8a16a856f5377a40,v2-S3-b000-g-8a16a856f5377a40,S3,D5,1103,Penalty-X,1,8,13,13,1,1195.0,7,5,0.7142857142857143,8192,5,0.0006103515625,1,8.0,172.0,172.0,COBYLA,120,"[1.4361119332668082, 2.3383068291715148]","[4.242895388420583, 2.3244745532611164]",120,3,Return from COBYLA because the objective function has been evaluated MAXFUN times.,2.216874575709676,1.877948146859848,1.877948146859848,0.0052682478090102,0.0009296761907708,0.1764678170948644,8.631497210282419,0.0006103515625,0.0001220703125,1.0,0.0005453396588563,0.0350722922012209,0.0022605117410421,0.3749494608491659,0.3749494608491659,0.3768028160557151,134.5859375,SUCCESS,,False,False,False,g-8a16a856f5377a40,D5,1103,3.2144199392957367,0.9360861345062323,0.0,1.877948146859848,323.007081259894,381.30242702206425,323.0070812598939,0.3389264288498275,3,global_fixed,172.0,621.7542354655588,3.6148502061951095,penalty_contract_v2_scale_controlled,0.9999999999999998,optimized_seed
pilot-run-c3ba954f3ad74d2308be,task-v2-0c6c4504c3d3,g-8a16a856f5377a40,v2-S3-b000-g-8a16a856f5377a40,S3,D5,2207,Penalty-X,1,8,13,13,1,1195.0,7,5,0.7142857142857143,8192,5,0.0006103515625,1,8.0,172.0,172.0,COBYLA,120,"[4.119365739193051, 2.0232897611184613]","[7.322206199584455, 2.452609753628225]",120,3,Return from COBYLA because the objective function has been evaluated MAXFUN times.,2.0685975144389483,1.44332080617031,1.44332080617031,0.0305421439545879,0.0112677414431263,0.3689243774071643,50.04024865519693,0.0006103515625,0.0001220703125,1.0,0.0005453396588563,0.0350722922012209,0.0022605117410421,0.3800767166540026,0.3800767166540026,0.381883168593049,134.5859375,SUCCESS,,False,False,False,g-8a16a856f5377a40,D5,2207,3.2144199392957367,1.6993194590811669,0.0,1.44332080617031,248.2511786612932,355.79877248349914,248.25117866129327,0.6252767082686383,3,global_fixed,172.0,621.7542354655588,3.6148502061951095,penalty_contract_v2_scale_controlled,1.0,optimized_seed
pilot-run-21f920927bba5367e056,task-v2-0c6c4504c3d3,g-8a16a856f5377a40,v2-S3-b000-g-8a16a856f5377a40,S3,D5,3301,Penalty-X,1,8,13,13,1,1195.0,7,5,0.7142857142857143,8192,5,0.0006103515625,1,8.0,172.0,172.0,COBYLA,120,"[2.8746040698350956, 1.6147767089481937]","[7.001942849903969, 2.437930694891618]",120,3,Return from COBYLA because the objective function has been evaluated MAXFUN times.,2.51590732834802,1.4548326863333227,1.4548326863333227,0.0278919777091068,0.0102340007842033,0.3669155658640108,45.69821627860066,0.0006103515625,0.0001220703125,1.0,0.0005453396588563,0.0350722922012209,0.0022605117410421,0.3769206460565328,0.3769206460565328,0.3787102894857526,134.5859375,SUCCESS,,False,False,False,g-8a16a856f5377a40,D5,3301,3.2144199392957367,1.659899248746452,0.0,1.4548326863333227,250.23122204933145,432.73606047585946,250.2312220493315,1.0610746420146977,3,global_fixed,172.0,621.7542354655588,3.6148502061951095,penalty_contract_v2_scale_controlled,1.0000000000000002,optimized_seed
pilot-run-b95a0d168e05721dd430,task-v2-0c6c4504c3d3,g-8a16a856f5377a40,v2-S3-b000-g-8a16a856f5377a40,S3,D5,1103,Penalty-X,2,8,13,13,1,1195.0,7,5,0.7142857142857143,8192,5,0.0006103515625,1,8.0,172.0,172.0,COBYLA,120,"[1.4361119332668082, 4.6766136583430296, 1.8287983773432719, 0.554097077555417]","[2.853339307711231, 4.364054076487135, 2.312596769104051, 0.10473061984598919]",120,3,Return from COBYLA because the objective function has been evaluated MAXFUN times.,2.6787942252618064,1.860672100206132,1.860672100206132,0.011093043916203,0.001895092682433,0.1708361290867094,18.17484315230708,0.0006103515625,0.0001220703125,1.0,0.0005453396588563,0.0350722922012209,0.0022605117410421,0.5565245831385255,0.5565245831385255,0.5596756841987371,134.5859375,SUCCESS,,False,False,False,g-8a16a856f5377a40,D5,1103,3.2144199392957367,1.2594706716146264,0.0,1.860672100206132,320.0356012354547,460.75260674503073,320.0356012354547,0.8181221250556745,3,global_fixed,172.0,621.7542354655588,3.6148502061951095,penalty_contract_v2_scale_controlled,0.9999999999999988,optimized_seed
pilot-run-bc8b74c3938c5dce3d2b,task-v2-0c6c4504c3d3,g-8a16a856f5377a40,v2-S3-b000-g-8a16a856f5377a40,S3,D5,2207,Penalty-X,2,8,13,13,1,1195.0,7,5,0.7142857142857143,8192,5,0.0006103515625,1,8.0,172.0,172.0,COBYLA,120,"[4.119365739193051, 4.0465795222369225, 1.5369649905613294, 0.28561357469155796]","[5.633014571174835, 4.166480396683977, 2.4485288277994526, 0.12896163233685734]",120,3,Return from COBYLA because the objective function has been evaluated MAXFUN times.,2.6008283032777992,1.5069255612077626,1.5069255612077626,0.0357096089109574,0.0087005428264611,0.2436471048494579,58.50662323971265,0.0006103515625,0.0001220703125,1.0,0.0005453396588563,0.0350722922012209,0.0022605117410421,0.5487138200551271,0.5487138200551271,0.5520903021097183,134.5859375,SUCCESS,,False,False,False,g-8a16a856f5377a40,D5,2207,3.2144199392957367,1.767205033152949,0.0,1.5069255612077626,259.1911965277352,447.3424681637815,259.19119652773514,1.093902742070037,3,global_fixed,172.0,621.7542354655588,3.6148502061951095,penalty_contract_v2_scale_controlled,0.9999999999999996,optimized_seed
pilot-run-a8b75f048bb721d5f858,task-v2-0c6c4504c3d3,g-8a16a856f5377a40,v2-S3-b000-g-8a16a856f5377a40,S3,D5,3301,Penalty-X,2,8,13,13,1,1195.0,7,5,0.7142857142857143,8192,5,0.0006103515625,1,8.0,172.0,172.0,COBYLA,120,"[2.8746040698350956, 3.2295534178963874, 1.3381083226815658, 0.4324890662459698]","[4.682520769585472, 3.772770230251288, 2.3939969807495394, 0.13513522349157267]",120,3,Return from COBYLA because the objective function has been evaluated MAXFUN times.,2.7681170738021983,1.7271813585777376,1.7271813585777376,0.0135893597665916,0.0012769129042623,0.0939641694821783,22.264807041583783,0.0006103515625,0.0001220703125,1.0,0.0005453396588563,0.0350722922012209,0.0022605117410421,0.5505163734778762,0.5505163734778762,0.5537143955007195,134.5859375,SUCCESS,,False,False,False,g-8a16a856f5377a40,D5,3301,3.2144199392957367,1.3476189356613344,0.0,1.7271813585777376,297.0751936753708,476.1161366939781,297.0751936753709,1.0409357152244607,3,global_fixed,172.0,621.7542354655588,3.6148502061951095,penalty_contract_v2_scale_controlled,1.000000000000001,optimized_seed
pilot-run-d17507493481b5379736,task-v2-0c6c4504c3d3,g-8a16a856f5377a40,v2-S3-b000-g-8a16a856f5377a40,S3,D5,1103,Penalty-X,3,8,13,13,1,1195.0,7,5,0.7142857142857143,8192,5,0.0006103515625,1,8.0,172.0,172.0,COBYLA,120,"[1.4361119332668082, 4.6766136583430296, 3.6575967546865438, 0.554097077555417, 2.658092015317178, 1.6434959053105886]","[2.086760823437375, 3.531112616819913, 4.555502473650288, 0.4787869259359141, 3.607752008202678, 1.8696213213524362]",120,3,Return from COBYLA because the objective function has been evaluated MAXFUN times.,2.8435745703617945,1.3855528032441755,1.3855528032441755,0.0034412948326484,0.0028169805097968,0.8185815650177317,5.638217453811275,0.0006103515625,0.0001220703125,1.0,0.0005453396588563,0.0350722922012209,0.0022605117410421,0.744334445334971,0.744334445334971,0.7489798562601209,134.5859375,SUCCESS,,False,False,False,g-8a16a856f5377a40,D5,1103,3.2144199392957367,0.7511418216542655,0.0,1.3855528032441755,238.3150821579981,489.09482610222864,238.3150821579981,1.458021767117619,3,global_fixed,172.0,621.7542354655588,3.6148502061951095,penalty_contract_v2_scale_controlled,0.9999999999999992,optimized_seed
pilot-run-c85db53bd85db7758aef,task-v2-0c6c4504c3d3,g-8a16a856f5377a40,v2-S3-b000-g-8a16a856f5377a40,S3,D5,2207,Penalty-X,3,8,13,13,1,1195.0,7,5,0.7142857142857143,8192,5,0.0006103515625,1,8.0,172.0,172.0,COBYLA,120,"[4.119365739193051, 4.0465795222369225, 3.073929981122659, 0.28561357469155796, 1.0467419303334264, 1.2456798648809793]","[5.168120590942857, 4.711443301544924, 2.8234326105124867, 0.8621422340275982, -0.013398064548484273, 2.043741588560384]",120,3,Return from COBYLA because the objective function has been evaluated MAXFUN times.,1.861156891689204,1.2719140178881192,1.2719140178881192,0.0109396252868735,0.0106855097005541,0.9767710886199864,17.9234820700136,0.0006103515625,0.0001220703125,1.0,0.0005453396588563,0.0350722922012209,0.0022605117410421,0.73212147410959,0.73212147410959,0.7367851845920086,134.80859375,SUCCESS,,False,False,False,g-8a16a856f5377a40,D5,2207,3.2144199392957367,1.253422385732804,0.0,1.2719140178881192,218.7692110767564,320.11898537054304,218.7692110767565,0.5892428738010846,3,global_fixed,172.0,621.7542354655588,3.6148502061951095,penalty_contract_v2_scale_controlled,1.0000000000000004,optimized_seed
pilot-run-a3b6092d6c8f677ad51c,task-v2-0c6c4504c3d3,g-8a16a856f5377a40,v2-S3-b000-g-8a16a856f5377a40,S3,D5,3301,Penalty-X,3,8,13,13,1,1195.0,7,5,0.7142857142857143,8192,5,0.0006103515625,1,8.0,172.0,172.0,COBYLA,120,"[2.8746040698350956, 3.2295534178963874, 2.6762166453631315, 0.4324890662459698, 2.8286472419409745, 2.8565676468058108]","[2.526362141548664, 3.7932959688560226, 3.1613883694648925, 0.5672434555419202, 2.7994702409666377, 2.5429423677183234]",120,3,Return from COBYLA because the objective function has been evaluated MAXFUN times.,2.042631566548744,1.518761906560829,1.518761906560829,0.0341245131949279,0.0258227633901698,0.756721809998097,55.909602418569975,0.0006103515625,0.0001220703125,1.0,0.0005453396588563,0.0350722922012209,0.0022605117410421,0.7417705850675702,0.7417705850675702,0.7463215319439769,134.80859375,SUCCESS,,False,False,False,g-8a16a856f5377a40,D5,3301,3.2144199392957367,1.74748640393753,0.0,1.518761906560829,261.22704792846264,351.332629446384,261.2270479284626,0.5238696599879149,3,global_fixed,172.0,621.7542354655588,3.6148502061951095,penalty_contract_v2_scale_controlled,1.0000000000000002,optimized_seed
pilot-run-68ab22779b4e699b8ee6,task-v2-f0ef0f25a74e,g-8a16a856f5377a40,v2-S3-b000-g-8a16a856f5377a40,S3,D6,0,Uniform,0,8,13,13,1,1394.0,7,6,0.8571428571428571,8192,6,0.000732421875,2,8.0,172.0,172.0,analytic,0,,,0,0,analytic uniform baseline,,,,0.000732421875,0.000244140625,0.3333333333333333,1.0,0.000732421875,0.000244140625,1.0,0.0005453396588563,0.0350723899900913,0.0,0.0,0.0,0.0,168.38671875,SUCCESS,,False,False,False,g-8a16a856f5377a40,D6,0,3.135238693248112,0.0,0.0,,,,,,0,global_fixed,172.0,,,penalty_contract_v2_scale_controlled,,analytic_uniform
pilot-run-70e2f05242d0faf31c89,task-v2-f0ef0f25a74e,g-8a16a856f5377a40,v2-S3-b000-g-8a16a856f5377a40,S3,D6,1103,Penalty-X,1,8,13,13,1,1394.0,7,6,0.8571428571428571,8192,6,0.000732421875,2,8.0,172.0,172.0,COBYLA,120,"[1.4361119332668082, 2.3383068291715148]","[2.9205506700085455, 2.325799890214037]",120,3,Return from COBYLA because the objective function has been evaluated MAXFUN times.,2.07905150439946,1.8873135883516683,1.8873135883516683,0.0049532096765757,0.0013898171257464,0.2805891970047244,6.762782278418064,0.000732421875,0.000244140625,1.0,0.0005453396588563,0.0350723899900913,0.0025485986843705,0.383757708594203,0.383757708594203,0.3855712115764618,134.61328125,SUCCESS,,False,False,False,g-8a16a856f5377a40,D6,1103,3.135238693248112,0.8301254059372944,0.0,1.8873135883516683,324.617937196487,357.5968587567071,324.617937196487,0.1917379160477912,3,global_fixed,172.0,611.7151341068267,3.556483337830388,penalty_contract_v2_scale_controlled,1.0000000000000009,optimized_seed
pilot-run-144d3428c18eee579deb,task-v2-f0ef0f25a74e,g-8a16a856f5377a40,v2-S3-b000-g-8a16a856f5377a40,S3,D6,2207,Penalty-X,1,8,13,13,1,1394.0,7,6,0.8571428571428571,8192,6,0.000732421875,2,8.0,172.0,172.0,COBYLA,120,"[4.119365739193051, 2.0232897611184613]","[7.266864506573201, 2.4621084871776024]",120,3,Return from COBYLA because the objective function has been evaluated MAXFUN times.,2.017555679775608,1.3868237411302298,1.3868237411302298,0.0356505666329113,0.0155212570137466,0.4353719584198134,48.674906976135,0.000732421875,0.000244140625,1.0,0.0005453396588563,0.0350723899900913,0.0025485986843705,0.3812718354165554,0.3812718354165554,0.3830396551638841,134.84375,SUCCESS,,False,False,False,g-8a16a856f5377a40,D6,2207,3.135238693248112,1.6873051302015225,0.0,1.3868237411302298,238.53368347439948,347.01957692140456,238.5336834743995,0.6307319386453782,3,global_fixed,172.0,611.7151341068267,3.556483337830388,penalty_contract_v2_scale_controlled,0.9999999999999998,optimized_seed
pilot-run-30f0aef4510405bdff4b,task-v2-f0ef0f25a74e,g-8a16a856f5377a40,v2-S3-b000-g-8a16a856f5377a40,S3,D6,3301,Penalty-X,1,8,13,13,1,1394.0,7,6,0.8571428571428571,8192,6,0.000732421875,2,8.0,172.0,172.0,COBYLA,120,"[2.8746040698350956, 1.6147767089481937]","[2.928978739763768, 2.3251773597406946]",120,3,Return from COBYLA because the objective function has been evaluated MAXFUN times.,2.460200821587309,1.887315266416564,1.887315266416564,0.0049397914450768,0.00138371280007,0.2801156314906974,6.744461919678272,0.000732421875,0.000244140625,1.0,0.0005453396588563,0.0350723899900913,0.0025485986843705,0.3803845811635256,0.3803845811635256,0.3821615157648921,134.84375,SUCCESS,,False,False,False,g-8a16a856f5377a40,D6,3301,3.135238693248112,0.8289473069158355,0.0,1.887315266416564,324.6182258236491,423.1545413130171,324.618225823649,0.5728855551707446,3,global_fixed,172.0,611.7151341068267,3.556483337830388,penalty_contract_v2_scale_controlled,1.0000000000000004,optimized_seed
pilot-run-6fd7566373b306ad6620,task-v2-f0ef0f25a74e,g-8a16a856f5377a40,v2-S3-b000-g-8a16a856f5377a40,S3,D6,1103,Penalty-X,2,8,13,13,1,1394.0,7,6,0.8571428571428571,8192,6,0.000732421875,2,8.0,172.0,172.0,COBYLA,120,"[1.4361119332668082, 4.6766136583430296, 1.8287983773432719, 0.554097077555417]","[2.403160274171025, 4.486461953335328, 2.285528945747223, 0.10596286308144709]",120,3,Return from COBYLA because the objective function has been evaluated MAXFUN times.,2.4865559633327576,1.8119808439914964,1.8119808439914964,0.0130400081673173,0.003286634310557,0.252042350617114,17.80395781777734,0.000732421875,0.000244140625,1.0,0.0005453396588563,0.0350723899900913,0.0025485986843705,0.5574976364150643,0.5574976364150643,0.5606731241568923,134.84375,SUCCESS,,False,False,False,g-8a16a856f5377a40,D6,1103,3.135238693248112,1.2505165566547314,0.0,1.8119808439914964,311.6607051665373,427.6876256932344,311.6607051665373,0.6745751193412612,3,global_fixed,172.0,611.7151341068267,3.556483337830388,penalty_contract_v2_scale_controlled,0.9999999999999992,optimized_seed
pilot-run-849f0825a112aaacca56,task-v2-f0ef0f25a74e,g-8a16a856f5377a40,v2-S3-b000-g-8a16a856f5377a40,S3,D6,2207,Penalty-X,2,8,13,13,1,1394.0,7,6,0.8571428571428571,8192,6,0.000732421875,2,8.0,172.0,172.0,COBYLA,120,"[4.119365739193051, 4.0465795222369225, 1.5369649905613294, 0.28561357469155796]","[5.411947977517282, 4.118635098447074, 2.457470432297963, 0.14401380171856928]",120,3,Return from COBYLA because the objective function has been evaluated MAXFUN times.,2.5200312644150777,1.5372532578913214,1.5372532578913214,0.0440126649001908,0.0146293224789591,0.3323889274174744,60.09195847706059,0.000732421875,0.000244140625,1.0,0.0005453396588563,0.0350723899900913,0.0025485986843705,0.5646765949204564,0.5646765949204564,0.56787418294698,134.84375,SUCCESS,,False,False,False,g-8a16a856f5377a40,D6,2207,3.135238693248112,1.778816358480202,0.0,1.5372532578913214,264.40756035730726,433.44537747939336,264.40756035730726,0.9827780065237564,3,global_fixed,172.0,611.7151341068267,3.556483337830388,penalty_contract_v2_scale_controlled,0.999999999999998,optimized_seed
pilot-run-9065977fd62187f7471a,task-v2-f0ef0f25a74e,g-8a16a856f5377a40,v2-S3-b000-g-8a16a856f5377a40,S3,D6,3301,Penalty-X,2,8,13,13,1,1394.0,7,6,0.8571428571428571,8192,6,0.000732421875,2,8.0,172.0,172.0,COBYLA,120,"[2.8746040698350956, 3.2295534178963874, 1.3381083226815658, 0.4324890662459698]","[2.1661095265763564, 1.8648525946711887, 2.2889542059110757, -0.1880815918125395]",120,3,Return from COBYLA because the objective function has been evaluated MAXFUN times.,2.6924230561685203,1.6852294122733902,1.6852294122733902,0.0182296846892534,0.0041670702890922,0.228587074330957,24.88959616239407,0.000732421875,0.000244140625,1.0,0.0005453396588563,0.0350723899900913,0.0025485986843705,0.5599481053650379,0.5599481053650379,0.5632467996329069,134.84375,SUCCESS,,False,False,False,g-8a16a856f5377a40,D6,3301,3.135238693248112,1.3960178501695957,0.0,1.6852294122733902,289.859458911023,463.0967656609855,289.8594589110231,1.00719364389513,3,global_fixed,172.0,611.7151341068267,3.556483337830388,penalty_contract_v2_scale_controlled,1.0000000000000009,optimized_seed
pilot-run-c9bab7cd46124ed85bd2,task-v2-f0ef0f25a74e,g-8a16a856f5377a40,v2-S3-b000-g-8a16a856f5377a40,S3,D6,1103,Penalty-X,3,8,13,13,1,1394.0,7,6,0.8571428571428571,8192,6,0.000732421875,2,8.0,172.0,172.0,COBYLA,120,"[1.4361119332668082, 4.6766136583430296, 3.6575967546865438, 0.554097077555417, 2.658092015317178, 1.6434959053105886]","[1.3978441464146487, 4.043078746164997, 4.913877687175665, 0.48476524736562765, 3.6645088511431605, 1.8953483550556127]",120,3,Return from COBYLA because the objective function has been evaluated MAXFUN times.,2.7904885495877707,1.3607286723749443,1.3607286723749443,0.0038824157746185,0.0033265860819369,0.8568340628751457,5.300791670945863,0.000732421875,0.000244140625,1.0,0.0005453396588563,0.0350723899900913,0.0025485986843705,0.7244345480576158,0.7244345480576158,0.7294581448659301,134.84375,SUCCESS,,False,False,False,g-8a16a856f5377a40,D6,1103,3.135238693248112,0.7243407361380407,0.0,1.3607286723749443,234.0453316484904,479.9640305290966,234.04533164849047,1.4297598772128262,3,global_fixed,172.0,611.7151341068267,3.556483337830388,penalty_contract_v2_scale_controlled,1.0000000000000009,optimized_seed
pilot-run-c4f560082dfff60d0e55,task-v2-f0ef0f25a74e,g-8a16a856f5377a40,v2-S3-b000-g-8a16a856f5377a40,S3,D6,2207,Penalty-X,3,8,13,13,1,1394.0,7,6,0.8571428571428571,8192,6,0.000732421875,2,8.0,172.0,172.0,COBYLA,120,"[4.119365739193051, 4.0465795222369225, 3.073929981122659, 0.28561357469155796, 1.0467419303334264, 1.2456798648809793]","[3.7101961314166654, 3.7518350724260405, 2.9958963791743045, -0.0035106579521057397, 0.8082069356826403, 1.6763813126207943]",120,3,Return from COBYLA because the objective function has been evaluated MAXFUN times.,1.856799283058748,1.3769420469493512,1.3769420469493512,0.0264472466113435,0.0116661978224095,0.4411119990617765,36.109307373354426,0.000732421875,0.000244140625,1.0,0.0005453396588563,0.0350723899900913,0.0025485986843705,0.7336765611544251,0.7336765611544251,0.7381660444661975,134.84375,SUCCESS,,False,False,False,g-8a16a856f5377a40,D6,2207,3.135238693248112,1.5576191581356305,0.0,1.3769420469493512,236.83403207528835,319.3694766861046,236.8340320752884,0.4798572361093964,3,global_fixed,172.0,611.7151341068267,3.556483337830388,penalty_contract_v2_scale_controlled,0.9999999999999992,optimized_seed
pilot-run-cedcc4d30ca056e2b5c7,task-v2-f0ef0f25a74e,g-8a16a856f5377a40,v2-S3-b000-g-8a16a856f5377a40,S3,D6,3301,Penalty-X,3,8,13,13,1,1394.0,7,6,0.8571428571428571,8192,6,0.000732421875,2,8.0,172.0,172.0,COBYLA,120,"[2.8746040698350956, 3.2295534178963874, 2.6762166453631315, 0.4324890662459698, 2.8286472419409745, 2.8565676468058108]","[2.678754230751988, 3.869055524765437, 3.3562313605583913, 0.5440591985523444, 2.7658210875308056, 2.5991498099286634]",120,3,Return from COBYLA because the objective function has been evaluated MAXFUN times.,2.055641651940439,1.536779615676418,1.536779615676418,0.0472765839574313,0.0362536043092416,0.7668406063747117,64.54829596321294,0.000732421875,0.000244140625,1.0,0.0005453396588563,0.0350723899900913,0.0025485986843705,0.7415892882272601,0.7415892882272601,0.7461445229128003,134.84375,SUCCESS,,False,False,False,g-8a16a856f5377a40,D6,3301,3.135238693248112,1.8098847816366448,0.0,1.536779615676418,264.3260938963439,353.5703641337555,264.3260938963439,0.518862036264021,3,global_fixed,172.0,611.7151341068267,3.556483337830388,penalty_contract_v2_scale_controlled,1.0000000000000004,optimized_seed
pilot-run-df722bc3ee5c9f87f313,task-v2-69173fedcdae,g-8a16a856f5377a40,v2-S3-b000-g-8a16a856f5377a40,S3,D7,0,Uniform,0,8,13,13,1,1737.0,7,7,1.0,8192,7,0.0008544921875,2,8.0,172.0,172.0,analytic,0,,,0,0,analytic uniform baseline,,,,0.0008544921875,0.000244140625,0.2857142857142857,1.0,0.0008544921875,0.000244140625,1.0,0.0005453396588563,0.0350724151358008,0.0,0.0,0.0,0.0,168.38671875,SUCCESS,,False,False,False,g-8a16a856f5377a40,D7,0,3.0682919036174985,0.0,0.0,,,,,,0,global_fixed,172.0,,,penalty_contract_v2_scale_controlled,,analytic_uniform
pilot-run-3b6b84b1f5a821ae0906,task-v2-69173fedcdae,g-8a16a856f5377a40,v2-S3-b000-g-8a16a856f5377a40,S3,D7,1103,Penalty-X,1,8,13,13,1,1737.0,7,7,1.0,8192,7,0.0008544921875,2,8.0,172.0,172.0,COBYLA,120,"[1.4361119332668082, 2.3383068291715148]","[2.1292741795946832, 2.287119319929018]",38,0,Return from COBYLA because the trust region radius reaches its lower bound.,1.8480904518413432,1.767592463522413,1.767592463522413,0.0046169016336387,0.001248893982275,0.2705047846754309,5.403094026109782,0.0008544921875,0.000244140625,1.0,0.0005453396588563,0.0350724151358008,0.0024949479848146,0.1144452448934316,0.1144452448934316,0.1161859668791294,134.58203125,SUCCESS,,False,False,False,g-8a16a856f5377a40,D7,1103,3.0682919036174985,0.7326425253154905,0.0,1.767592463522413,304.0259037258551,317.87155771671104,304.025903725855,0.0804979883189302,0,global_fixed,172.0,595.649648294534,3.4630793505496165,penalty_contract_v2_scale_controlled,0.9999999999999992,optimized_seed
pilot-run-c0d31fa35f1521dbe879,task-v2-69173fedcdae,g-8a16a856f5377a40,v2-S3-b000-g-8a16a856f5377a40,S3,D7,2207,Penalty-X,1,8,13,13,1,1737.0,7,7,1.0,8192,7,0.0008544921875,2,8.0,172.0,172.0,COBYLA,120,"[4.119365739193051, 2.0232897611184613]","[2.1294215485400625, 2.2870519239942504]",59,0,Return from COBYLA because the trust region radius reaches its lower bound.,2.017518714678184,1.7675924591331538,1.7675924591331538,0.0046168576900812,0.0012491751302824,0.2705682553235521,5.403042599592218,0.0008544921875,0.000244140625,1.0,0.0005453396588563,0.0350724151358008,0.0024949479848146,0.1850050510838627,0.1850050510838627,0.1868086876347661,134.828125,SUCCESS,,False,False,False,g-8a16a856f5377a40,D7,2207,3.0682919036174985,0.7326383916914996,0.0,1.7675924591331538,304.0259029709024,347.0132189246477,304.02590297090245,0.2499262555450303,0,global_fixed,172.0,595.649648294534,3.4630793505496165,penalty_contract_v2_scale_controlled,1.0,optimized_seed
pilot-run-a8e52d86ca09af2245c2,task-v2-69173fedcdae,g-8a16a856f5377a40,v2-S3-b000-g-8a16a856f5377a40,S3,D7,3301,Penalty-X,1,8,13,13,1,1737.0,7,7,1.0,8192,7,0.0008544921875,2,8.0,172.0,172.0,COBYLA,120,"[2.8746040698350956, 1.6147767089481937]","[2.1294423037657633, 2.2871008948231024]",47,0,Return from COBYLA because the trust region radius reaches its lower bound.,2.342538142761024,1.7675924595714472,1.7675924595714472,0.0046168105108131,0.0012488877798763,0.270508780239355,5.402987386368818,0.0008544921875,0.000244140625,1.0,0.0005453396588563,0.0350724151358008,0.0024949479848146,0.1447874316945672,0.1447874316945672,0.1464928751811385,134.828125,SUCCESS,,False,False,False,g-8a16a856f5377a40,D7,3301,3.0682919036174985,0.7326339536512051,0.0,1.7675924595714472,304.0259030462889,402.9165605548961,304.02590304628893,0.5749456831895765,0,global_fixed,172.0,595.649648294534,3.4630793505496165,penalty_contract_v2_scale_controlled,1.0000000000000004,optimized_seed
pilot-run-f8fcbdac465d5d0a1404,task-v2-69173fedcdae,g-8a16a856f5377a40,v2-S3-b000-g-8a16a856f5377a40,S3,D7,1103,Penalty-X,2,8,13,13,1,1737.0,7,7,1.0,8192,7,0.0008544921875,2,8.0,172.0,172.0,COBYLA,120,"[1.4361119332668082, 4.6766136583430296, 1.8287983773432719, 0.554097077555417]","[1.8934236172164045, 4.496711874635474, 2.266711729638974, 0.11075925032389869]",120,3,Return from COBYLA because the objective function has been evaluated MAXFUN times.,2.103176654317953,1.6812927526463834,1.6812927526463834,0.0149246886815461,0.0040588375847567,0.2719545895637588,17.466149954175208,0.0008544921875,0.000244140625,1.0,0.0005453396588563,0.0350724151358008,0.0024949479848146,0.552538862451911,0.552538862451911,0.5557652255520225,134.828125,SUCCESS,,False,False,False,g-8a16a856f5377a40,D7,1103,3.0682919036174985,1.2421971844375506,0.0,1.6812927526463834,289.1823534551781,361.7463845426879,289.182353455178,0.4218839016715696,3,global_fixed,172.0,595.649648294534,3.4630793505496165,penalty_contract_v2_scale_controlled,1.0,optimized_seed
pilot-run-1298bfb30b2b2891aaef,task-v2-69173fedcdae,g-8a16a856f5377a40,v2-S3-b000-g-8a16a856f5377a40,S3,D7,2207,Penalty-X,2,8,13,13,1,1737.0,7,7,1.0,8192,7,0.0008544921875,2,8.0,172.0,172.0,COBYLA,120,"[4.119365739193051, 4.0465795222369225, 1.5369649905613294, 0.28561357469155796]","[1.0066855960067225, 6.737128967179567, 2.8781035626707694, -0.5777751815110356]",120,3,Return from COBYLA because the objective function has been evaluated MAXFUN times.,2.341815882325529,1.252634297757721,1.252634297757721,0.0452609953912153,0.014108682627872,0.3117183461371785,52.96829632069085,0.0008544921875,0.000244140625,1.0,0.0005453396588563,0.0350724151358008,0.0024949479848146,0.5537316147238016,0.5537316147238016,0.5569490995258093,134.828125,SUCCESS,,False,False,False,g-8a16a856f5377a40,D7,2207,3.0682919036174985,1.724016004454913,0.0,1.252634297757721,215.4530992143281,402.7923317599911,215.453099214328,1.0891815845678086,3,global_fixed,172.0,595.649648294534,3.4630793505496165,penalty_contract_v2_scale_controlled,0.999999999999999,optimized_seed
pilot-run-ecd2050d69beb4f11101,task-v2-69173fedcdae,g-8a16a856f5377a40,v2-S3-b000-g-8a16a856f5377a40,S3,D7,3301,Penalty-X,2,8,13,13,1,1737.0,7,7,1.0,8192,7,0.0008544921875,2,8.0,172.0,172.0,COBYLA,120,"[2.8746040698350956, 3.2295534178963874, 1.3381083226815658, 0.4324890662459698]","[1.8998040538300824, 4.277136001694996, 2.2755545795975127, 0.1088488178213923]",120,3,Return from COBYLA because the objective function has been evaluated MAXFUN times.,2.506257161254084,1.6804249421250606,1.6804249421250606,0.0154426785922761,0.0041899926547951,0.271325510646247,18.07234614684656,0.0008544921875,0.000244140625,1.0,0.0005453396588563,0.0350724151358008,0.0024949479848146,0.5504172602668405,0.5504172602668405,0.553490704856813,134.828125,SUCCESS,,False,False,False,g-8a16a856f5377a40,D7,3301,3.0682919036174985,1.2570145362072225,0.0,1.6804249421250606,289.03309004551045,431.0762317357024,289.0330900455104,0.8258322191290235,3,global_fixed,172.0,595.649648294534,3.4630793505496165,penalty_contract_v2_scale_controlled,0.9999999999999998,optimized_seed
pilot-run-b3bb9ab5fa25306f3f96,task-v2-69173fedcdae,g-8a16a856f5377a40,v2-S3-b000-g-8a16a856f5377a40,S3,D7,1103,Penalty-X,3,8,13,13,1,1737.0,7,7,1.0,8192,7,0.0008544921875,2,8.0,172.0,172.0,COBYLA,120,"[1.4361119332668082, 4.6766136583430296, 3.6575967546865438, 0.554097077555417, 2.658092015317178, 1.6434959053105886]","[1.455586315966013, 4.338809404270273, 4.590319339239332, 0.5053276579359145, 3.57730967259213, 1.8981925302447036]",120,3,Return from COBYLA because the objective function has been evaluated MAXFUN times.,2.7051503157123813,1.359327304408583,1.359327304408583,0.0060999342358516,0.0055273958839622,0.9061402418858224,7.13866589429953,0.0008544921875,0.000244140625,1.0,0.0005453396588563,0.0350724151358008,0.0024949479848146,0.7241098219528794,0.7241098219528794,0.7286231620237231,134.828125,SUCCESS,,False,False,False,g-8a16a856f5377a40,D7,1103,3.0682919036174985,0.8536170564707748,0.0,1.359327304408583,233.8042963582764,465.2858543025296,233.80429635827628,1.3458230113037983,3,global_fixed,172.0,595.649648294534,3.4630793505496165,penalty_contract_v2_scale_controlled,1.0,optimized_seed
pilot-run-491462ff88d9bf063254,task-v2-69173fedcdae,g-8a16a856f5377a40,v2-S3-b000-g-8a16a856f5377a40,S3,D7,2207,Penalty-X,3,8,13,13,1,1737.0,7,7,1.0,8192,7,0.0008544921875,2,8.0,172.0,172.0,COBYLA,120,"[4.119365739193051, 4.0465795222369225, 3.073929981122659, 0.28561357469155796, 1.0467419303334264, 1.2456798648809793]","[3.75027031040415, 3.6341049116368227, 3.0639876046484398, -0.0024680213686027585, 0.8855705617725332, 1.617151305234216]",120,3,Return from COBYLA because the objective function has been evaluated MAXFUN times.,1.903162397644092,1.2979051459430204,1.2979051459430204,0.0376391866945274,0.0143649179204729,0.3816479361537723,44.04860248593835,0.0008544921875,0.000244140625,1.0,0.0005453396588563,0.0350724151358008,0.0024949479848146,0.7343301372602582,0.7343301372602582,0.739012572914362,134.828125,SUCCESS,,False,False,False,g-8a16a856f5377a40,D7,2207,3.0682919036174985,1.643932134262863,0.0,1.2979051459430204,223.2396851021995,327.3439323947838,223.2396851021995,0.6052572517010715,3,global_fixed,172.0,595.649648294534,3.4630793505496165,penalty_contract_v2_scale_controlled,0.9999999999999968,optimized_seed
pilot-run-2742048c9f6cf9027089,task-v2-69173fedcdae,g-8a16a856f5377a40,v2-S3-b000-g-8a16a856f5377a40,S3,D7,3301,Penalty-X,3,8,13,13,1,1737.0,7,7,1.0,8192,7,0.0008544921875,2,8.0,172.0,172.0,COBYLA,120,"[2.8746040698350956, 3.2295534178963874, 2.6762166453631315, 0.4324890662459698, 2.8286472419409745, 2.8565676468058108]","[3.355128171954876, 3.972738605526626, 3.277757921848069, 0.4813426360096234, 2.698064857033618, 2.6659513313939978]",120,3,Return from COBYLA because the objective function has been evaluated MAXFUN times.,2.062746695782618,1.5249098080859995,1.5249098080859995,0.0601433360023674,0.045999017943402,0.7648231874199889,70.38488693305632,0.0008544921875,0.000244140625,1.0,0.0005453396588563,0.0350724151358008,0.0024949479848146,0.7291270205751061,0.7291270205751061,0.7335299393162131,134.828125,SUCCESS,,False,False,False,g-8a16a856f5377a40,D7,3301,3.0682919036174985,1.8474794172928417,0.0,1.5249098080859995,262.28448699079195,354.79243167461027,262.2844869907919,0.5378368876966184,3,global_fixed,172.0,595.649648294534,3.4630793505496165,penalty_contract_v2_scale_controlled,1.0000000000000009,optimized_seed
pilot-run-eccbb67b3930e24320e2,task-v2-8792ce3c54d5,g-a712031e7959d564,v2-S3-b001-g-a712031e7959d564,S3,D1,0,Uniform,0,8,13,13,1,658.0,7,1,0.1428571428571428,8192,1,0.0001220703125,1,10.0,172.0,172.0,analytic,0,,,0,0,analytic uniform baseline,,,,0.0001220703125,0.0001220703125,1.0,1.0,0.0001220703125,0.0001220703125,1.0,0.0002144584432244,0.0355177698656916,0.0,0.0,0.0,0.0,168.38671875,SUCCESS,,False,False,False,g-a712031e7959d564,D1,0,3.9133899436317554,0.0,0.0,,,,,,0,global_fixed,172.0,,,penalty_contract_v2_scale_controlled,,analytic_uniform
pilot-run-08f60965bc1bcac9f584,task-v2-8792ce3c54d5,g-a712031e7959d564,v2-S3-b001-g-a712031e7959d564,S3,D1,1103,Penalty-X,1,8,13,13,1,658.0,7,1,0.1428571428571428,8192,1,0.0001220703125,1,10.0,172.0,172.0,COBYLA,120,"[1.4361119332668082, 2.3383068291715148]","[6.3479580369346085, 2.4005317488723508]",120,3,Return from COBYLA because the objective function has been evaluated MAXFUN times.,2.425311886351864,1.716197767802488,1.716197767802488,0.0078141875549211,0.0078141875549211,1.0,64.01382444991407,0.0001220703125,0.0001220703125,1.0,0.0002144584432244,0.0355177698656916,0.0022213710471987,0.4201257368549704,0.4201257368549704,0.4219149481505155,134.80078125,SUCCESS,,False,False,False,g-a712031e7959d564,D1,1103,3.9133899436317554,1.8062737745146056,0.0,1.716197767802488,295.186016062028,417.1536444525206,295.18601606202793,0.7091141185493761,3,global_fixed,172.0,684.1287743341442,3.977492874035722,penalty_contract_v2_scale_controlled,1.0,optimized_seed
pilot-run-70262c6890b26bad27bd,task-v2-8792ce3c54d5,g-a712031e7959d564,v2-S3-b001-g-a712031e7959d564,S3,D1,2207,Penalty-X,1,8,13,13,1,658.0,7,1,0.1428571428571428,8192,1,0.0001220703125,1,10.0,172.0,172.0,COBYLA,120,"[4.119365739193051, 2.0232897611184613]","[6.833059787776547, 2.411916652975763]",120,3,Return from COBYLA because the objective function has been evaluated MAXFUN times.,2.191617520084355,1.7013056771405293,1.7013056771405293,0.0084992878855389,0.0084992878855389,1.0,69.62616635833535,0.0001220703125,0.0001220703125,1.0,0.0002144584432244,0.0355177698656916,0.0022213710471987,0.3737546531483531,0.3737546531483531,0.3756182128563523,134.80078125,SUCCESS,,False,False,False,g-a712031e7959d564,D1,2207,3.9133899436317554,1.8427724834241008,0.0,1.7013056771405293,292.6245764681711,376.95821345450906,292.624576468171,0.4903118429438258,3,global_fixed,172.0,684.1287743341442,3.977492874035722,penalty_contract_v2_scale_controlled,1.0000000000000002,optimized_seed
pilot-run-447f23a8fa09165abbbb,task-v2-8792ce3c54d5,g-a712031e7959d564,v2-S3-b001-g-a712031e7959d564,S3,D1,3301,Penalty-X,1,8,13,13,1,658.0,7,1,0.1428571428571428,8192,1,0.0001220703125,1,10.0,172.0,172.0,COBYLA,120,"[2.8746040698350956, 1.6147767089481937]","[6.694489424683488, 2.4093043476637863]",120,3,Return from COBYLA because the objective function has been evaluated MAXFUN times.,2.653073656777367,1.703682152931154,1.703682152931154,0.0083506363298214,0.0083506363298214,1.0,68.40841281389712,0.0001220703125,0.0001220703125,1.0,0.0002144584432244,0.0355177698656916,0.0022213710471987,0.3736545527353883,0.3736545527353883,0.375366497784853,134.80078125,SUCCESS,,False,False,False,g-a712031e7959d564,D1,3301,3.9133899436317554,1.8351095142052445,0.0,1.703682152931154,293.0333303041585,456.3286689657072,293.0333303041585,0.9493915038462132,3,global_fixed,172.0,684.1287743341442,3.977492874035722,penalty_contract_v2_scale_controlled,0.9999999999999998,optimized_seed
pilot-run-2c7da9b2d73509f76c45,task-v2-8792ce3c54d5,g-a712031e7959d564,v2-S3-b001-g-a712031e7959d564,S3,D1,1103,Penalty-X,2,8,13,13,1,658.0,7,1,0.1428571428571428,8192,1,0.0001220703125,1,10.0,172.0,172.0,COBYLA,120,"[1.4361119332668082, 4.6766136583430296, 1.8287983773432719, 0.554097077555417]","[3.7891991776554947, 4.454716512640481, 2.327954576639622, 0.13488641688017622]",120,3,Return from COBYLA because the objective function has been evaluated MAXFUN times.,3.0761667534426382,1.8614742912093265,1.8614742912093265,0.0066751139502125,0.0066751139502125,1.0,54.68253348014161,0.0001220703125,0.0001220703125,1.0,0.0002144584432244,0.0355177698656916,0.0022213710471987,0.5282874424010515,0.5282874424010515,0.5312522482126951,134.80078125,SUCCESS,,False,False,False,g-a712031e7959d564,D1,1103,3.9133899436317554,1.7378486275299625,0.0,1.8614742912093265,320.1735780880041,529.1006815921338,320.1735780880041,1.2146924622333115,3,global_fixed,172.0,684.1287743341442,3.977492874035722,penalty_contract_v2_scale_controlled,0.999999999999998,optimized_seed
pilot-run-bf168962ab6833cb8973,task-v2-8792ce3c54d5,g-a712031e7959d564,v2-S3-b001-g-a712031e7959d564,S3,D1,2207,Penalty-X,2,8,13,13,1,658.0,7,1,0.1428571428571428,8192,1,0.0001220703125,1,10.0,172.0,172.0,COBYLA,120,"[4.119365739193051, 4.0465795222369225, 1.5369649905613294, 0.28561357469155796]","[5.0029460925648035, 3.979640214938352, 2.389496325220441, 0.14849377373478165]",120,3,Return from COBYLA because the objective function has been evaluated MAXFUN times.,2.83105348935292,1.6704437635456042,1.6704437635456042,0.0063657223241751,0.0063657223241751,1.0,52.14799727964293,0.0001220703125,0.0001220703125,1.0,0.0002144584432244,0.0355177698656916,0.0022213710471987,0.5296463593840599,0.5296463593840599,0.5326755046844482,134.80078125,SUCCESS,,False,False,False,g-a712031e7959d564,D1,2207,3.9133899436317554,1.7172376341987676,0.0,1.6704437635456042,287.31632732984383,486.9412001687022,287.31632732984394,1.1606097258073156,3,global_fixed,172.0,684.1287743341442,3.977492874035722,penalty_contract_v2_scale_controlled,1.0000000000000016,optimized_seed
pilot-run-85b105e8a65640615a39,task-v2-8792ce3c54d5,g-a712031e7959d564,v2-S3-b001-g-a712031e7959d564,S3,D1,3301,Penalty-X,2,8,13,13,1,658.0,7,1,0.1428571428571428,8192,1,0.0001220703125,1,10.0,172.0,172.0,COBYLA,120,"[2.8746040698350956, 3.2295534178963874, 1.3381083226815658, 0.4324890662459698]","[4.493028886125917, 4.1137511090690095, 2.3681191939829174, 0.13012519523742738]",120,3,Return from COBYLA because the objective function has been evaluated MAXFUN times.,3.060732983399179,1.7372070895330716,1.7372070895330716,0.0059405166357819,0.0059405166357819,1.0,48.66471228032606,0.0001220703125,0.0001220703125,1.0,0.0002144584432244,0.0355177698656916,0.0022213710471987,0.5287993513047695,0.5287993513047695,0.5317690307274461,134.80078125,SUCCESS,,False,False,False,g-a712031e7959d564,D1,3301,3.9133899436317554,1.687214160046009,0.0,1.7372070895330716,298.7996193996884,526.4460731446588,298.7996193996883,1.3235258938661076,3,global_fixed,172.0,684.1287743341442,3.977492874035722,penalty_contract_v2_scale_controlled,0.9999999999999992,optimized_seed
pilot-run-2aa56b56ae8e07270efa,task-v2-8792ce3c54d5,g-a712031e7959d564,v2-S3-b001-g-a712031e7959d564,S3,D1,1103,Penalty-X,3,8,13,13,1,658.0,7,1,0.1428571428571428,8192,1,0.0001220703125,1,10.0,172.0,172.0,COBYLA,120,"[1.4361119332668082, 4.6766136583430296, 3.6575967546865438, 0.554097077555417, 2.658092015317178, 1.6434959053105886]","[2.5247248285400223, 4.302797606035119, 4.341902733385151, 0.7671920989484184, 3.6114800154374107, 1.8215922400919575]",120,3,Return from COBYLA because the objective function has been evaluated MAXFUN times.,3.09006150514983,1.3360128356209424,1.3360128356209424,6.75373281040229e-05,6.75373281040229e-05,1.0,0.5532657918281556,0.0001220703125,0.0001220703125,1.0,0.0002144584432244,0.0355177698656916,0.0022213710471987,0.7577362125739455,0.7577362125739455,0.7620692048221827,134.80078125,SUCCESS,,False,False,False,g-a712031e7959d564,D1,1103,3.9133899436317554,-0.2570661811857055,0.0,1.3360128356209424,229.79420772680203,531.4905788857708,229.79420772680209,1.7540486695288875,3,global_fixed,172.0,684.1287743341442,3.977492874035722,penalty_contract_v2_scale_controlled,0.9999999999999984,optimized_seed
pilot-run-03327b5188c25e73b932,task-v2-8792ce3c54d5,g-a712031e7959d564,v2-S3-b001-g-a712031e7959d564,S3,D1,2207,Penalty-X,3,8,13,13,1,658.0,7,1,0.1428571428571428,8192,1,0.0001220703125,1,10.0,172.0,172.0,COBYLA,120,"[4.119365739193051, 4.0465795222369225, 3.073929981122659, 0.28561357469155796, 1.0467419303334264, 1.2456798648809793]","[3.7565495748698035, 4.613787258624805, 3.190863586908802, 0.8055001592683007, 0.3180019279950471, 1.7709002815069255]",120,3,Return from COBYLA because the objective function has been evaluated MAXFUN times.,2.011839156594428,1.3416299380188574,1.3416299380188574,0.0004633303505832,0.0004633303505832,1.0,3.7956022319777225,0.0001220703125,0.0001220703125,1.0,0.0002144584432244,0.0355177698656916,0.0022213710471987,0.7123432736843824,0.7123432736843824,0.7169502777978778,134.80078125,SUCCESS,,False,False,False,g-a712031e7959d564,D1,2207,3.9133899436317554,0.5792806933472985,0.0,1.3416299380188574,230.76034933924336,346.03633493424167,230.76034933924348,0.6702092185755708,3,global_fixed,172.0,684.1287743341442,3.977492874035722,penalty_contract_v2_scale_controlled,0.9999999999999992,optimized_seed
pilot-run-eb0747a1219069b39fd0,task-v2-8792ce3c54d5,g-a712031e7959d564,v2-S3-b001-g-a712031e7959d564,S3,D1,3301,Penalty-X,3,8,13,13,1,658.0,7,1,0.1428571428571428,8192,1,0.0001220703125,1,10.0,172.0,172.0,COBYLA,120,"[2.8746040698350956, 3.2295534178963874, 2.6762166453631315, 0.4324890662459698, 2.8286472419409745, 2.8565676468058108]","[3.3354997118242316, 3.278820525003105, 2.5398586645890506, 0.8557625738168813, 3.0033387970554153, 2.1515862201273]",120,3,Return from COBYLA because the objective function has been evaluated MAXFUN times.,2.1538271866616725,1.429404327379575,1.429404327379575,9.089776884822254e-05,9.089776884822254e-05,1.0,0.744634522404639,0.0001220703125,0.0001220703125,1.0,0.0002144584432244,0.0355177698656916,0.0022213710471987,0.7344180624932051,0.7344180624932051,0.7390461824834347,134.80078125,SUCCESS,,False,False,False,g-a712031e7959d564,D1,3301,3.9133899436317554,-0.1280568330890412,0.0,1.429404327379575,245.8575443092867,370.45827610580767,245.85754430928685,0.7244228592820978,3,global_fixed,172.0,684.1287743341442,3.977492874035722,penalty_contract_v2_scale_controlled,1.000000000000001,optimized_seed
pilot-run-e4bb15fdcdd1820b0a79,task-v2-5acbf653f95a,g-a712031e7959d564,v2-S3-b001-g-a712031e7959d564,S3,D2,0,Uniform,0,8,13,13,1,839.0,7,2,0.2857142857142857,8192,2,0.000244140625,1,10.0,172.0,172.0,analytic,0,,,0,0,analytic uniform baseline,,,,0.000244140625,0.0001220703125,0.5,1.0,0.000244140625,0.0001220703125,1.0,0.0002144584432244,0.0355166811496019,0.0,0.0,0.0,0.0,168.38671875,SUCCESS,,False,False,False,g-a712031e7959d564,D2,0,3.612359947967774,0.0,0.0,,,,,,0,global_fixed,172.0,,,penalty_contract_v2_scale_controlled,,analytic_uniform
pilot-run-033bdaf2af5f26b4423a,task-v2-5acbf653f95a,g-a712031e7959d564,v2-S3-b001-g-a712031e7959d564,S3,D2,1103,Penalty-X,1,8,13,13,1,839.0,7,2,0.2857142857142857,8192,2,0.000244140625,1,10.0,172.0,172.0,COBYLA,120,"[1.4361119332668082, 2.3383068291715148]","[6.736558492884089, 2.4362823918935095]",120,3,Return from COBYLA because the objective function has been evaluated MAXFUN times.,2.361100364297074,1.590483952589504,1.590483952589504,0.014698060469213,0.0093986641836179,0.6394492799444269,60.20325568189669,0.000244140625,0.0001220703125,1.0,0.0002144584432244,0.0355166811496019,0.0026846593245863,0.3822159124538302,0.3822159124538302,0.3840607730671763,134.734375,SUCCESS,,False,False,False,g-a712031e7959d564,D2,1103,3.612359947967774,1.7796199777437156,0.0,1.590483952589504,273.5632398453947,406.1092626590967,273.5632398453947,0.7706164117075698,3,global_fixed,172.0,673.6335884281966,3.9164743513267246,penalty_contract_v2_scale_controlled,0.9999999999999988,optimized_seed
pilot-run-3bf0a6d2d8a979985a56,task-v2-5acbf653f95a,g-a712031e7959d564,v2-S3-b001-g-a712031e7959d564,S3,D2,2207,Penalty-X,1,8,13,13,1,839.0,7,2,0.2857142857142857,8192,2,0.000244140625,1,10.0,172.0,172.0,COBYLA,120,"[4.119365739193051, 2.0232897611184613]","[6.939130593287895, 2.445322836759403]",120,3,Return from COBYLA because the objective function has been evaluated MAXFUN times.,2.1251880377427668,1.5862224341927529,1.5862224341927529,0.0154820183932007,0.0099502516620651,0.6426973156442586,63.41434733855044,0.000244140625,0.0001220703125,1.0,0.0002144584432244,0.0355166811496019,0.0026846593245863,0.3792670322582125,0.3792670322582125,0.3810537056997418,134.734375,SUCCESS,,False,False,False,g-a712031e7959d564,D2,2207,3.612359947967774,1.8021875270463783,0.0,1.5862224341927529,272.8302586811535,365.5323424917559,272.8302586811535,0.5389656035500139,3,global_fixed,172.0,673.6335884281966,3.9164743513267246,penalty_contract_v2_scale_controlled,0.9999999999999998,optimized_seed
pilot-run-c089d0550fb1045407a0,task-v2-5acbf653f95a,g-a712031e7959d564,v2-S3-b001-g-a712031e7959d564,S3,D2,3301,Penalty-X,1,8,13,13,1,839.0,7,2,0.2857142857142857,8192,2,0.000244140625,1,10.0,172.0,172.0,COBYLA,120,"[2.8746040698350956, 1.6147767089481937]","[6.623117581761202, 2.4351814580506597]",120,3,Return from COBYLA because the objective function has been evaluated MAXFUN times.,2.6148987646677613,1.5950007951052811,1.5950007951052811,0.0144871868797898,0.0092222378279356,0.6365789234624286,59.3395174596193,0.000244140625,0.0001220703125,1.0,0.0002144584432244,0.0355166811496019,0.0026846593245863,0.3768920488655567,0.3768920488655567,0.3788170889019966,134.734375,SUCCESS,,False,False,False,g-a712031e7959d564,D2,3301,3.612359947967774,1.7733440103752165,0.0,1.5950007951052811,274.3401367581084,449.7625875228549,274.3401367581084,1.01989796956248,3,global_fixed,172.0,673.6335884281966,3.9164743513267246,penalty_contract_v2_scale_controlled,1.0000000000000009,optimized_seed
pilot-run-378d861778e58dac9850,task-v2-5acbf653f95a,g-a712031e7959d564,v2-S3-b001-g-a712031e7959d564,S3,D2,1103,Penalty-X,2,8,13,13,1,839.0,7,2,0.2857142857142857,8192,2,0.000244140625,1,10.0,172.0,172.0,COBYLA,120,"[1.4361119332668082, 4.6766136583430296, 1.8287983773432719, 0.554097077555417]","[1.8096526448457124, 4.427765583131744, 3.298075240497105, -0.7925145293331105]",120,3,Return from COBYLA because the objective function has been evaluated MAXFUN times.,2.9684285707300404,1.5454985842359965,1.5454985842359965,0.0112678715127597,0.0076071163492277,0.6751156454538434,46.15320171626386,0.000244140625,0.0001220703125,1.0,0.0002144584432244,0.0355166811496019,0.0026846593245863,0.5722766695544124,0.5722766695544124,0.5754365809261799,134.734375,SUCCESS,,False,False,False,g-a712031e7959d564,D2,1103,3.612359947967774,1.6642018340612763,0.0,1.5454985842359965,265.8257564885914,510.56971416556695,265.82575648859137,1.422929986494044,3,global_fixed,172.0,673.6335884281966,3.9164743513267246,penalty_contract_v2_scale_controlled,0.9999999999999988,optimized_seed
pilot-run-ec639b7b14e67c603680,task-v2-5acbf653f95a,g-a712031e7959d564,v2-S3-b001-g-a712031e7959d564,S3,D2,2207,Penalty-X,2,8,13,13,1,839.0,7,2,0.2857142857142857,8192,2,0.000244140625,1,10.0,172.0,172.0,COBYLA,120,"[4.119365739193051, 4.0465795222369225, 1.5369649905613294, 0.28561357469155796]","[5.199240217596663, 4.116129482099739, 2.423293068603699, 0.13635530308038885]",120,3,Return from COBYLA because the objective function has been evaluated MAXFUN times.,2.770143252124254,1.5795989005784794,1.5795989005784794,0.0180745211641587,0.0110665911988594,0.6122757609094585,74.03323868839442,0.000244140625,0.0001220703125,1.0,0.0002144584432244,0.0355166811496019,0.0026846593245863,0.6349965818226337,0.6349965818226337,0.6382402898743749,134.734375,SUCCESS,,False,False,False,g-a712031e7959d564,D2,2207,3.612359947967774,1.8694267486221343,0.0,1.5795989005784794,271.69101089949845,476.4646393653717,271.69101089949845,1.1905443515457743,3,global_fixed,172.0,673.6335884281966,3.9164743513267246,penalty_contract_v2_scale_controlled,1.0000000000000009,optimized_seed
pilot-run-268b3441036e1927885c,task-v2-5acbf653f95a,g-a712031e7959d564,v2-S3-b001-g-a712031e7959d564,S3,D2,3301,Penalty-X,2,8,13,13,1,839.0,7,2,0.2857142857142857,8192,2,0.000244140625,1,10.0,172.0,172.0,COBYLA,120,"[2.8746040698350956, 3.2295534178963874, 1.3381083226815658, 0.4324890662459698]","[4.126723889992096, 3.952591857521462, 2.3780168945115645, 0.12538119979410842]",120,3,Return from COBYLA because the objective function has been evaluated MAXFUN times.,2.990634929985113,1.7413387916410563,1.7413387916410563,0.0085703615046103,0.0052746550763997,0.6154530440241381,35.10420072288395,0.000244140625,0.0001220703125,1.0,0.0002144584432244,0.0355166811496019,0.0026846593245863,0.5484853712841868,0.5484853712841868,0.5516081396490335,134.734375,SUCCESS,,False,False,False,g-a712031e7959d564,D2,3301,3.612359947967774,1.545359089161244,0.0,1.7413387916410563,299.51027216226186,514.3892079574395,299.51027216226174,1.2492961383440564,3,global_fixed,172.0,673.6335884281966,3.9164743513267246,penalty_contract_v2_scale_controlled,0.9999999999999988,optimized_seed
pilot-run-e8f6e2027faeaa596fb0,task-v2-5acbf653f95a,g-a712031e7959d564,v2-S3-b001-g-a712031e7959d564,S3,D2,1103,Penalty-X,3,8,13,13,1,839.0,7,2,0.2857142857142857,8192,2,0.000244140625,1,10.0,172.0,172.0,COBYLA,120,"[1.4361119332668082, 4.6766136583430296, 3.6575967546865438, 0.554097077555417, 2.658092015317178, 1.6434959053105886]","[2.654325896629371, 4.457898124578486, 4.45057917696795, 0.7845616503779584, 3.6379308497554463, 1.8277564655296998]",120,3,Return from COBYLA because the objective function has been evaluated MAXFUN times.,3.034721038509536,1.317649718412082,1.317649718412082,6.20052530240203e-05,3.164715937668992e-05,0.51039481065306,0.2539735163863871,0.000244140625,0.0001220703125,1.0,0.0002144584432244,0.0355166811496019,0.0026846593245863,0.73910943698138,0.73910943698138,0.7437320379540324,134.734375,SUCCESS,,False,False,False,g-a712031e7959d564,D2,1103,3.612359947967774,-0.5952115679742083,0.0,1.317649718412082,226.63575156687804,521.9720186236402,226.6357515668781,1.7170713200974543,3,global_fixed,172.0,673.6335884281966,3.9164743513267246,penalty_contract_v2_scale_controlled,0.9999999999999988,optimized_seed
pilot-run-1064be26f4585e932b1a,task-v2-5acbf653f95a,g-a712031e7959d564,v2-S3-b001-g-a712031e7959d564,S3,D2,2207,Penalty-X,3,8,13,13,1,839.0,7,2,0.2857142857142857,8192,2,0.000244140625,1,10.0,172.0,172.0,COBYLA,120,"[4.119365739193051, 4.0465795222369225, 3.073929981122659, 0.28561357469155796, 1.0467419303334264, 1.2456798648809793]","[3.5601245303941145, 4.414815887459691, 3.003652061413925, -0.12221348942051635, 0.9172465914589815, 1.6887046655338467]",120,3,Return from COBYLA because the objective function has been evaluated MAXFUN times.,1.961438748190968,1.6256222603928714,1.6256222603928714,0.0170503575944847,0.0101174172643376,0.5933844617786965,69.83826470700969,0.000244140625,0.0001220703125,1.0,0.0002144584432244,0.0355166811496019,0.0026846593245863,0.7418584134429693,0.7418584134429693,0.7462390307337046,134.734375,SUCCESS,,False,False,False,g-a712031e7959d564,D2,2207,3.612359947967774,1.8440934397820936,0.0,1.6256222603928714,279.6070287875742,337.3674646888464,279.6070287875739,0.335816487798096,3,global_fixed,172.0,673.6335884281966,3.9164743513267246,penalty_contract_v2_scale_controlled,1.000000000000001,optimized_seed
pilot-run-68a4ad0c13ef35955376,task-v2-5acbf653f95a,g-a712031e7959d564,v2-S3-b001-g-a712031e7959d564,S3,D2,3301,Penalty-X,3,8,13,13,1,839.0,7,2,0.2857142857142857,8192,2,0.000244140625,1,10.0,172.0,172.0,COBYLA,120,"[2.8746040698350956, 3.2295534178963874, 2.6762166453631315, 0.4324890662459698, 2.8286472419409745, 2.8565676468058108]","[2.8825783958782534, 3.7148630720919376, 2.1436280979089757, 0.8421051085689573, 2.75739556654152, 2.3784533832430133]",120,3,Return from COBYLA because the objective function has been evaluated MAXFUN times.,2.124168416779752,1.4549157630954046,1.4549157630954046,0.0013909516661811,0.0009462003912587,0.6802539687497191,5.697338024677984,0.000244140625,0.0001220703125,1.0,0.0002144584432244,0.0355166811496019,0.0026846593245863,0.7388206832110882,0.7388206832110882,0.7435644930228591,134.734375,SUCCESS,,False,False,False,g-a712031e7959d564,D2,3301,3.612359947967774,0.7556719870356513,0.0,1.4549157630954046,250.24551125240947,365.3569676861173,250.2455112524096,0.6692526536843475,3,global_fixed,172.0,673.6335884281966,3.9164743513267246,penalty_contract_v2_scale_controlled,1.0,optimized_seed
pilot-run-b2f6344851f9bb9012b4,task-v2-ef23e17da545,g-a712031e7959d564,v2-S3-b001-g-a712031e7959d564,S3,D3,0,Uniform,0,8,13,13,1,949.0,7,3,0.4285714285714285,8192,3,0.0003662109375,1,10.0,172.0,172.0,analytic,0,,,0,0,analytic uniform baseline,,,,0.0003662109375,0.0001220703125,0.3333333333333333,1.0,0.0003662109375,0.0001220703125,1.0,0.0002144584432244,0.0355164799839258,0.0,0.0,0.0,0.0,168.38671875,SUCCESS,,False,False,False,g-a712031e7959d564,D3,0,3.436268688912093,0.0,0.0,,,,,,0,global_fixed,172.0,,,penalty_contract_v2_scale_controlled,,analytic_uniform
pilot-run-351654e379a2859c103d,task-v2-ef23e17da545,g-a712031e7959d564,v2-S3-b001-g-a712031e7959d564,S3,D3,1103,Penalty-X,1,8,13,13,1,949.0,7,3,0.4285714285714285,8192,3,0.0003662109375,1,10.0,172.0,172.0,COBYLA,120,"[1.4361119332668082, 2.3383068291715148]","[5.9664437833596695, 2.403388861581697]",120,3,Return from COBYLA because the objective function has been evaluated MAXFUN times.,2.313071386174681,1.601624554062696,1.601624554062696,0.0146444968459738,0.0070873189669275,0.4839578335445542,39.98923938740594,0.0003662109375,0.0001220703125,1.0,0.0002144584432244,0.0355164799839258,0.0025850376114249,0.3894588900730014,0.3894588900730014,0.3912549782544374,134.70703125,SUCCESS,,False,False,False,g-a712031e7959d564,D3,1103,3.436268688912093,1.6019431437435752,0.0,1.601624554062696,275.47942329878373,397.8482784220452,275.4794232987837,0.7114468321119851,3,global_fixed,172.0,667.470846476573,3.880644456259145,penalty_contract_v2_scale_controlled,0.9999999999999996,optimized_seed
pilot-run-d7cf38c6458a72566cd5,task-v2-ef23e17da545,g-a712031e7959d564,v2-S3-b001-g-a712031e7959d564,S3,D3,2207,Penalty-X,1,8,13,13,1,949.0,7,3,0.4285714285714285,8192,3,0.0003662109375,1,10.0,172.0,172.0,COBYLA,120,"[4.119365739193051, 2.0232897611184613]","[6.989445526611076, 2.4522495620035127]",120,3,Return from COBYLA because the objective function has been evaluated MAXFUN times.,2.093930387177732,1.52271692737565,1.52271692737565,0.0202403795732318,0.010039896744616,0.4960330268654611,55.269729821305,0.0003662109375,0.0001220703125,1.0,0.0002144584432244,0.0355164799839258,0.0025850376114249,0.3815710721537471,0.3815710721537471,0.3833352569490671,134.70703125,SUCCESS,,False,False,False,g-a712031e7959d564,D3,2207,3.436268688912093,1.7424873415963733,0.0,1.52271692737565,261.90731150861194,360.1560265945699,261.9073115086118,0.5712134598020819,3,global_fixed,172.0,667.470846476573,3.880644456259145,penalty_contract_v2_scale_controlled,1.0,optimized_seed
pilot-run-99a1cee17802834121fc,task-v2-ef23e17da545,g-a712031e7959d564,v2-S3-b001-g-a712031e7959d564,S3,D3,3301,Penalty-X,1,8,13,13,1,949.0,7,3,0.4285714285714285,8192,3,0.0003662109375,1,10.0,172.0,172.0,COBYLA,120,"[2.8746040698350956, 1.6147767089481937]","[6.742498982637403, 2.436815757506206]",120,3,Return from COBYLA because the objective function has been evaluated MAXFUN times.,2.5912253156646936,1.5283204542614963,1.5283204542614963,0.0187538733202256,0.009223857802291,0.4918374804389513,51.21057674642952,0.0003662109375,0.0001220703125,1.0,0.0002144584432244,0.0355164799839258,0.0025850376114249,0.3811173904687166,0.3811173904687166,0.3829182330518961,134.70703125,SUCCESS,,False,False,False,g-a712031e7959d564,D3,3301,3.436268688912093,1.7093596669959137,0.0,1.5283204542614963,262.8711181329773,445.6907542943273,262.8711181329774,1.062904861403197,3,global_fixed,172.0,667.470846476573,3.880644456259145,penalty_contract_v2_scale_controlled,1.000000000000001,optimized_seed
pilot-run-bfdc5f4a7640c3139b25,task-v2-ef23e17da545,g-a712031e7959d564,v2-S3-b001-g-a712031e7959d564,S3,D3,1103,Penalty-X,2,8,13,13,1,949.0,7,3,0.4285714285714285,8192,3,0.0003662109375,1,10.0,172.0,172.0,COBYLA,120,"[1.4361119332668082, 4.6766136583430296, 1.8287983773432719, 0.554097077555417]","[2.2714872943911133, 4.250133703158532, 3.2430257322725558, -0.7625701804350202]",120,3,Return from COBYLA because the objective function has been evaluated MAXFUN times.,2.899825387744328,1.493807417621046,1.493807417621046,0.0159821127216309,0.0084041043771827,0.5258443938896902,43.64182247186701,0.0003662109375,0.0001220703125,1.0,0.0002144584432244,0.0355164799839258,0.0025850376114249,0.5431722784414887,0.5431722784414887,0.5462997173890471,134.70703125,SUCCESS,,False,False,False,g-a712031e7959d564,D3,1103,3.436268688912093,1.6399028783266807,0.0,1.493807417621046,256.9348758308201,498.7699666920244,256.9348758308199,1.406017970123282,3,global_fixed,172.0,667.470846476573,3.880644456259145,penalty_contract_v2_scale_controlled,0.999999999999998,optimized_seed
pilot-run-7054d49dcf09efb39fbf,task-v2-ef23e17da545,g-a712031e7959d564,v2-S3-b001-g-a712031e7959d564,S3,D3,2207,Penalty-X,2,8,13,13,1,949.0,7,3,0.4285714285714285,8192,3,0.0003662109375,1,10.0,172.0,172.0,COBYLA,120,"[4.119365739193051, 4.0465795222369225, 1.5369649905613294, 0.28561357469155796]","[5.2616132205943265, 4.092351903530169, 2.4287248207611687, 0.1427300393204812]",120,3,Return from COBYLA because the objective function has been evaluated MAXFUN times.,2.7330741575393267,1.5402577376571769,1.5402577376571769,0.0274615062148492,0.0134150509300055,0.4885038287794887,74.98821963734831,0.0003662109375,0.0001220703125,1.0,0.0002144584432244,0.0355164799839258,0.0025850376114249,0.6105675948783755,0.6105675948783755,0.6135012032464147,134.70703125,SUCCESS,,False,False,False,g-a712031e7959d564,D3,2207,3.436268688912093,1.874993042747208,0.0,1.5402577376571769,264.9243308770343,470.0887550967642,264.9243308770344,1.19281641988215,3,global_fixed,172.0,667.470846476573,3.880644456259145,penalty_contract_v2_scale_controlled,0.9999999999999992,optimized_seed
pilot-run-86b58c928445fe539087,task-v2-ef23e17da545,g-a712031e7959d564,v2-S3-b001-g-a712031e7959d564,S3,D3,3301,Penalty-X,2,8,13,13,1,949.0,7,3,0.4285714285714285,8192,3,0.0003662109375,1,10.0,172.0,172.0,COBYLA,120,"[2.8746040698350956, 3.2295534178963874, 1.3381083226815658, 0.4324890662459698]","[4.57371302373506, 3.652751477909695, 2.4176599920853015, 0.12555934794714407]",120,3,Return from COBYLA because the objective function has been evaluated MAXFUN times.,2.949130905210681,1.677877050265888,1.677877050265888,0.011499434633958,0.0063971436687368,0.5563007115015814,31.40112284046157,0.0003662109375,0.0001220703125,1.0,0.0002144584432244,0.0355164799839258,0.0025850376114249,0.6615912290289998,0.6615912290289998,0.6657218830659986,134.70703125,SUCCESS,,False,False,False,g-a712031e7959d564,D3,3301,3.436268688912093,1.4969451778406622,0.0,1.677877050265888,288.59485264573266,507.25051569623713,288.5948526457327,1.271253854944793,3,global_fixed,172.0,667.470846476573,3.880644456259145,penalty_contract_v2_scale_controlled,0.9999999999999992,optimized_seed
pilot-run-4e3d156be0924825ce9a,task-v2-ef23e17da545,g-a712031e7959d564,v2-S3-b001-g-a712031e7959d564,S3,D3,1103,Penalty-X,3,8,13,13,1,949.0,7,3,0.4285714285714285,8192,3,0.0003662109375,1,10.0,172.0,172.0,COBYLA,120,"[1.4361119332668082, 4.6766136583430296, 3.6575967546865438, 0.554097077555417, 2.658092015317178, 1.6434959053105886]","[2.6631531909329578, 4.538159640740756, 4.424092444690179, 0.8016923504071578, 3.6042715616060104, 1.861325007688389]",120,3,Return from COBYLA because the objective function has been evaluated MAXFUN times.,3.0020109056203133,1.3147084168547702,1.3147084168547702,0.0004395778371526,0.0003451788175746,0.7852507301335423,1.200340547318256,0.0003662109375,0.0001220703125,1.0,0.0002144584432244,0.0355164799839258,0.0025850376114249,0.8644215790554881,0.8644215790554881,0.8700583204627037,134.70703125,SUCCESS,,False,False,False,g-a712031e7959d564,D3,1103,3.436268688912093,0.0793044767469546,0.0,1.3147084168547702,226.1298476990205,516.3458757666939,226.12984769902047,1.687302488765543,3,global_fixed,172.0,667.470846476573,3.880644456259145,penalty_contract_v2_scale_controlled,0.9999999999999996,optimized_seed
pilot-run-e413cdf5c7ca5220bc7e,task-v2-ef23e17da545,g-a712031e7959d564,v2-S3-b001-g-a712031e7959d564,S3,D3,2207,Penalty-X,3,8,13,13,1,949.0,7,3,0.4285714285714285,8192,3,0.0003662109375,1,10.0,172.0,172.0,COBYLA,120,"[4.119365739193051, 4.0465795222369225, 3.073929981122659, 0.28561357469155796, 1.0467419303334264, 1.2456798648809793]","[4.010414992213385, 5.310573261408663, 2.6884589050420047, 0.8343168460485033, 0.2984175211909096, 1.7812318182080509]",120,3,Return from COBYLA because the objective function has been evaluated MAXFUN times.,1.913479606293818,1.305341458090839,1.305341458090839,0.0010543416536876,0.0008869811436563,0.8412653911130972,2.8790556090031134,0.0003662109375,0.0001220703125,1.0,0.0002144584432244,0.0355164799839258,0.0025850376114249,0.8787858933210373,0.8787858933210373,0.8843714073300362,134.70703125,SUCCESS,,False,False,False,g-a712031e7959d564,D3,2207,3.436268688912093,0.4592500533636531,0.0,1.305341458090839,224.5187307916244,329.1184922825367,224.51873079162428,0.6081381482029791,3,global_fixed,172.0,667.470846476573,3.880644456259145,penalty_contract_v2_scale_controlled,0.9999999999999992,optimized_seed
pilot-run-0769a6f8b3f76782ae7f,task-v2-ef23e17da545,g-a712031e7959d564,v2-S3-b001-g-a712031e7959d564,S3,D3,3301,Penalty-X,3,8,13,13,1,949.0,7,3,0.4285714285714285,8192,3,0.0003662109375,1,10.0,172.0,172.0,COBYLA,120,"[2.8746040698350956, 3.2295534178963874, 2.6762166453631315, 0.4324890662459698, 2.8286472419409745, 2.8565676468058108]","[2.8362314300277345, 3.6616412727093546, 2.3301162106066244, 0.8365071235752292, 2.7564009042529767, 2.3742107411819595]",120,3,Return from COBYLA because the objective function has been evaluated MAXFUN times.,2.106628004189856,1.4412407998978038,1.4412407998978038,0.0014615086358821,0.0007495550062939,0.5128638913868135,3.990892915048906,0.0003662109375,0.0001220703125,1.0,0.0002144584432244,0.0355164799839258,0.0025850376114249,0.8718903623521328,0.8718903623521328,0.8779756082221866,134.70703125,SUCCESS,,False,False,False,g-a712031e7959d564,D3,3301,3.436268688912093,0.6010700748080056,0.0,1.4412407998978038,247.8934175824224,362.3400167206553,247.89341758242227,0.6653872042920523,3,global_fixed,172.0,667.470846476573,3.880644456259145,penalty_contract_v2_scale_controlled,0.9999999999999994,optimized_seed
pilot-run-d7e6b7e5299e66ea6120,task-v2-ac528a9510be,g-a712031e7959d564,v2-S3-b001-g-a712031e7959d564,S3,D4,0,Uniform,0,8,13,13,1,1039.0,7,4,0.5714285714285714,8192,4,0.00048828125,1,8.0,172.0,172.0,analytic,0,,,0,0,analytic uniform baseline,,,,0.00048828125,0.0001220703125,0.25,1.0,0.00048828125,0.0001220703125,1.0,0.0002144584432244,0.0355163244530558,0.0,0.0,0.0,0.0,168.38671875,SUCCESS,,False,False,False,g-a712031e7959d564,D4,0,3.311329952303793,0.0,0.0,,,,,,0,global_fixed,172.0,,,penalty_contract_v2_scale_controlled,,analytic_uniform
pilot-run-720fd1516f8eb789eb41,task-v2-ac528a9510be,g-a712031e7959d564,v2-S3-b001-g-a712031e7959d564,S3,D4,1103,Penalty-X,1,8,13,13,1,1039.0,7,4,0.5714285714285714,8192,4,0.00048828125,1,8.0,172.0,172.0,COBYLA,120,"[1.4361119332668082, 2.3383068291715148]","[5.783010327255276, 2.480306463400457]",120,3,Return from COBYLA because the objective function has been evaluated MAXFUN times.,2.274273007998713,1.619707991570082,1.619707991570082,0.0240688165535455,0.0058769372019988,0.2441722545404139,49.29293630166137,0.00048828125,0.0001220703125,1.0,0.0002144584432244,0.0355163244530558,0.0021491479128599,0.391581897623837,0.391581897623837,0.3933749282732606,134.828125,SUCCESS,,False,False,False,g-a712031e7959d564,D4,1103,3.311329952303793,1.6927846891554663,0.0,1.619707991570082,278.58977455005413,391.1749573757786,278.58977455005413,0.6545650164286307,3,global_fixed,172.0,664.5498108360064,3.863661690907014,penalty_contract_v2_scale_controlled,1.0000000000000004,optimized_seed
pilot-run-258ed8726e3c67923ea2,task-v2-ac528a9510be,g-a712031e7959d564,v2-S3-b001-g-a712031e7959d564,S3,D4,2207,Penalty-X,1,8,13,13,1,1039.0,7,4,0.5714285714285714,8192,4,0.00048828125,1,8.0,172.0,172.0,COBYLA,120,"[4.119365739193051, 2.0232897611184613]","[6.931646708694466, 2.458343296580006]",120,3,Return from COBYLA because the objective function has been evaluated MAXFUN times.,2.078359764267027,1.4936738528155424,1.4936738528155424,0.0264292317130626,0.0055255780337966,0.2090707022355708,54.12706654835222,0.00048828125,0.0001220703125,1.0,0.0002144584432244,0.0355163244530558,0.0021491479128599,0.379364020191133,0.379364020191133,0.3813237268477678,134.828125,SUCCESS,,False,False,False,g-a712031e7959d564,D4,2207,3.311329952303793,1.7334144908563471,0.0,1.4936738528155424,256.91190268427334,357.4778794539286,256.9119026842733,0.5846859114514844,3,global_fixed,172.0,664.5498108360064,3.863661690907014,penalty_contract_v2_scale_controlled,0.9999999999999992,optimized_seed
pilot-run-37d718c42a6f7beda34e,task-v2-ac528a9510be,g-a712031e7959d564,v2-S3-b001-g-a712031e7959d564,S3,D4,3301,Penalty-X,1,8,13,13,1,1039.0,7,4,0.5714285714285714,8192,4,0.00048828125,1,8.0,172.0,172.0,COBYLA,120,"[2.8746040698350956, 1.6147767089481937]","[6.902435530021108, 2.4582581364549836]",120,3,Return from COBYLA because the objective function has been evaluated MAXFUN times.,2.572040698907267,1.4940879222704395,1.4940879222704395,0.0264187536897854,0.0055468682703545,0.2099594982975737,54.10560755668063,0.00048828125,0.0001220703125,1.0,0.0002144584432244,0.0355163244530558,0.0021491479128599,0.3754028566181659,0.3754028566181659,0.3772101979702711,134.828125,SUCCESS,,False,False,False,g-a712031e7959d564,D4,3301,3.311329952303793,1.7332422781327983,0.0,1.4940879222704395,256.9831226305156,442.39100021205,256.9831226305156,1.0779527766368275,3,global_fixed,172.0,664.5498108360064,3.863661690907014,penalty_contract_v2_scale_controlled,1.000000000000001,optimized_seed
pilot-run-a930ac1ccf84ca197a9a,task-v2-ac528a9510be,g-a712031e7959d564,v2-S3-b001-g-a712031e7959d564,S3,D4,1103,Penalty-X,2,8,13,13,1,1039.0,7,4,0.5714285714285714,8192,4,0.00048828125,1,8.0,172.0,172.0,COBYLA,120,"[1.4361119332668082, 4.6766136583430296, 1.8287983773432719, 0.554097077555417]","[2.211330322619683, 4.142834361128571, 3.250568861354951, -0.7625095119854509]",120,3,Return from COBYLA because the objective function has been evaluated MAXFUN times.,2.849050149162715,1.4686282741603391,1.4686282741603391,0.0198077834232984,0.0037751730709685,0.1905903851174014,40.56634045091528,0.00048828125,0.0001220703125,1.0,0.0002144584432244,0.0355163244530558,0.0021491479128599,0.5556353088468313,0.5556353088468313,0.5587556809186935,134.828125,SUCCESS,,False,False,False,g-a712031e7959d564,D4,1103,3.311329952303793,1.608165831129046,0.0,1.4686282741603391,252.60406315557844,490.036625655987,252.6040631555784,1.380421875002376,3,global_fixed,172.0,664.5498108360064,3.863661690907014,penalty_contract_v2_scale_controlled,1.0000000000000002,optimized_seed
pilot-run-ef3b66fb63687b516331,task-v2-ac528a9510be,g-a712031e7959d564,v2-S3-b001-g-a712031e7959d564,S3,D4,2207,Penalty-X,2,8,13,13,1,1039.0,7,4,0.5714285714285714,8192,4,0.00048828125,1,8.0,172.0,172.0,COBYLA,120,"[4.119365739193051, 4.0465795222369225, 1.5369649905613294, 0.28561357469155796]","[5.440467180769739, 4.113856819790943, 2.4486484340005896, 0.1454917203504002]",120,3,Return from COBYLA because the objective function has been evaluated MAXFUN times.,2.705070591988457,1.495901513162344,1.495901513162344,0.0403844253838819,0.008321825837552,0.2060652283262014,82.70730318619026,0.00048828125,0.0001220703125,1.0,0.0002144584432244,0.0355163244530558,0.0021491479128599,0.5567817762494087,0.5567817762494087,0.5599263580515981,134.828125,SUCCESS,,False,False,False,g-a712031e7959d564,D4,2207,3.311329952303793,1.9175438601380856,0.0,1.495901513162344,257.2950602639231,465.2721418220145,257.2950602639232,1.2091690788261125,3,global_fixed,172.0,664.5498108360064,3.863661690907014,penalty_contract_v2_scale_controlled,1.0000000000000002,optimized_seed
pilot-run-1f4bcce8ba4bb955b64d,task-v2-ac528a9510be,g-a712031e7959d564,v2-S3-b001-g-a712031e7959d564,S3,D4,3301,Penalty-X,2,8,13,13,1,1039.0,7,4,0.5714285714285714,8192,4,0.00048828125,1,8.0,172.0,172.0,COBYLA,120,"[2.8746040698350956, 3.2295534178963874, 1.3381083226815658, 0.4324890662459698]","[5.044852182629291, 3.8905706916132896, 2.479627921793169, 0.16726928274639694]",120,3,Return from COBYLA because the objective function has been evaluated MAXFUN times.,2.9160660567696257,1.5914371774609704,1.5914371774609704,0.0335991011779439,0.0061749594068085,0.1837834701025305,68.8109592124292,0.00048828125,0.0001220703125,1.0,0.0002144584432244,0.0355163244530558,0.0021491479128599,0.5659509468823671,0.5659509468823671,0.569344480521977,134.828125,SUCCESS,,False,False,False,g-a712031e7959d564,D4,3301,3.311329952303793,1.8376576118757693,0.0,1.5914371774609704,273.7271945232869,501.5633617643756,273.7271945232869,1.3246288793086554,3,global_fixed,172.0,664.5498108360064,3.863661690907014,penalty_contract_v2_scale_controlled,0.9999999999999996,optimized_seed
pilot-run-b0bddc395ed649d5b855,task-v2-ac528a9510be,g-a712031e7959d564,v2-S3-b001-g-a712031e7959d564,S3,D4,1103,Penalty-X,3,8,13,13,1,1039.0,7,4,0.5714285714285714,8192,4,0.00048828125,1,8.0,172.0,172.0,COBYLA,120,"[1.4361119332668082, 4.6766136583430296, 3.6575967546865438, 0.554097077555417, 2.658092015317178, 1.6434959053105886]","[2.751224504645806, 4.60389941206395, 4.35786606677062, 0.8138530197330496, 3.605528350140194, 1.845735280899212]",120,3,Return from COBYLA because the objective function has been evaluated MAXFUN times.,2.975359781598533,1.333461140761226,1.333461140761226,0.0003729218415256,1.201680639010443e-05,0.0322233912096504,0.76374393144454,0.00048828125,0.0001220703125,1.0,0.0002144584432244,0.0355163244530558,0.0021491479128599,0.726759516634047,0.726759516634047,0.731623631902039,134.828125,SUCCESS,,False,False,False,g-a712031e7959d564,D4,1103,3.311329952303793,-0.1170522275521652,0.0,1.333461140761226,229.3553162109309,511.76188243494767,229.35531621093088,1.641898640837307,3,global_fixed,172.0,664.5498108360064,3.863661690907014,penalty_contract_v2_scale_controlled,0.9999999999999988,optimized_seed
pilot-run-8b02c8bfb0e71dd4d0b1,task-v2-ac528a9510be,g-a712031e7959d564,v2-S3-b001-g-a712031e7959d564,S3,D4,2207,Penalty-X,3,8,13,13,1,1039.0,7,4,0.5714285714285714,8192,4,0.00048828125,1,8.0,172.0,172.0,COBYLA,120,"[4.119365739193051, 4.0465795222369225, 3.073929981122659, 0.28561357469155796, 1.0467419303334264, 1.2456798648809793]","[3.900773893848891, 3.7351137913449257, 2.8375289161429187, -0.02251253849435921, 0.8724708227909981, 1.6025015366368307]",120,3,Return from COBYLA because the objective function has been evaluated MAXFUN times.,1.8958481180351745,1.5206913604906729,1.5206913604906729,0.0235076867374432,0.0044450999515367,0.1890913385559345,48.14374243828368,0.00048828125,0.0001220703125,1.0,0.0002144584432244,0.0355163244530558,0.0021491479128599,0.7280590180307627,0.7280590180307627,0.7325605787336826,134.828125,SUCCESS,,False,False,False,g-a712031e7959d564,D4,2207,3.311329952303793,1.6825398469926454,0.0,1.5206913604906729,261.5589140043957,326.08587630205,261.5589140043957,0.3751567575445014,3,global_fixed,172.0,664.5498108360064,3.863661690907014,penalty_contract_v2_scale_controlled,1.0,optimized_seed
pilot-run-e2aff73aeb149b97399e,task-v2-ac528a9510be,g-a712031e7959d564,v2-S3-b001-g-a712031e7959d564,S3,D4,3301,Penalty-X,3,8,13,13,1,1039.0,7,4,0.5714285714285714,8192,4,0.00048828125,1,8.0,172.0,172.0,COBYLA,120,"[2.8746040698350956, 3.2295534178963874, 2.6762166453631315, 0.4324890662459698, 2.8286472419409745, 2.8565676468058108]","[2.7596773819669487, 3.7512810229437834, 2.3910692216485185, 0.8535510312205115, 2.7482247754032194, 2.3788634959176482]",120,3,Return from COBYLA because the objective function has been evaluated MAXFUN times.,2.1004670213944454,1.4598028559635194,1.4598028559635194,0.001409420162956,0.0003240717610355,0.2299326840591113,2.8864924937340737,0.00048828125,0.0001220703125,1.0,0.0002144584432244,0.0355163244530558,0.0021491479128599,0.7433487931266427,0.7433487931266427,0.7484385408461094,134.828125,SUCCESS,,False,False,False,g-a712031e7959d564,D4,3301,3.311329952303793,0.4603704324620151,0.0,1.4598028559635194,251.08609122572528,361.2803276798446,251.0860912257253,0.640664165430926,3,global_fixed,172.0,664.5498108360064,3.863661690907014,penalty_contract_v2_scale_controlled,0.9999999999999992,optimized_seed
pilot-run-a05bd738f40419edcf88,task-v2-5b0627539151,g-a712031e7959d564,v2-S3-b001-g-a712031e7959d564,S3,D5,0,Uniform,0,8,13,13,1,1363.0,7,5,0.7142857142857143,8192,5,0.0006103515625,1,3.0,172.0,172.0,analytic,0,,,0,0,analytic uniform baseline,,,,0.0006103515625,0.0001220703125,0.2,1.0,0.0006103515625,0.0001220703125,1.0,0.0002144584432244,0.0355162750929594,0.0,0.0,0.0,0.0,168.38671875,SUCCESS,,False,False,False,g-a712031e7959d564,D5,0,3.2144199392957367,0.0,0.0,,,,,,0,global_fixed,172.0,,,penalty_contract_v2_scale_controlled,,analytic_uniform
pilot-run-d89d87a5f854b81825d4,task-v2-5b0627539151,g-a712031e7959d564,v2-S3-b001-g-a712031e7959d564,S3,D5,1103,Penalty-X,1,8,13,13,1,1363.0,7,5,0.7142857142857143,8192,5,0.0006103515625,1,3.0,172.0,172.0,COBYLA,120,"[1.4361119332668082, 2.3383068291715148]","[2.8605056300784657, 2.3381152942125003]",119,0,Return from COBYLA because the trust region radius reaches its lower bound.,2.053099291081785,1.8554393733499053,1.8554393733499053,0.0052251910850856,0.000378492920683,0.0724361874082169,8.560953073804402,0.0006103515625,0.0001220703125,1.0,0.0002144584432244,0.0355162750929594,0.0022934386506676,0.383708524517715,0.383708524517715,0.385507664643228,134.703125,SUCCESS,,False,False,False,g-a712031e7959d564,D5,1103,3.2144199392957367,0.932522116505786,0.0,1.8554393733499053,319.13557221618373,353.133078066067,319.13557221618373,0.1976599177318794,0,global_fixed,172.0,652.7373228647818,3.79498443526036,penalty_contract_v2_scale_controlled,1.0000000000000002,optimized_seed
pilot-run-9f2449de60121c8a9e47,task-v2-5b0627539151,g-a712031e7959d564,v2-S3-b001-g-a712031e7959d564,S3,D5,2207,Penalty-X,1,8,13,13,1,1363.0,7,5,0.7142857142857143,8192,5,0.0006103515625,1,3.0,172.0,172.0,COBYLA,120,"[4.119365739193051, 2.0232897611184613]","[6.971718517236961, 2.474628454198225]",120,3,Return from COBYLA because the objective function has been evaluated MAXFUN times.,1.9911544867520847,1.3695232317041408,1.3695232317041408,0.0418229736841321,0.013002113058292,0.3108844712116958,68.5227600840821,0.0006103515625,0.0001220703125,1.0,0.0002144584432244,0.0355162750929594,0.0022934386506676,0.4616346908733248,0.4616346908733248,0.4634701823815703,134.703125,SUCCESS,,False,False,False,g-a712031e7959d564,D5,2207,3.2144199392957367,1.8358348479470723,0.0,1.3695232317041408,235.5579958531121,342.47857172135866,235.55799585311223,0.6216312550479444,3,global_fixed,172.0,652.7373228647818,3.79498443526036,penalty_contract_v2_scale_controlled,1.000000000000001,optimized_seed
pilot-run-27594bb6966c6c265c1c,task-v2-5b0627539151,g-a712031e7959d564,v2-S3-b001-g-a712031e7959d564,S3,D5,3301,Penalty-X,1,8,13,13,1,1363.0,7,5,0.7142857142857143,8192,5,0.0006103515625,1,3.0,172.0,172.0,COBYLA,120,"[2.8746040698350956, 1.6147767089481937]","[2.8616573567870613, 2.338014547955346]",100,0,Return from COBYLA because the trust region radius reaches its lower bound.,2.48379191008514,1.8554393861274363,1.8554393861274363,0.0052241358118852,0.0003784924376402,0.0724507270234346,8.559224114192872,0.0006103515625,0.0001220703125,1.0,0.0002144584432244,0.0355162750929594,0.0022934386506676,0.3090555788949132,0.3090555788949132,0.3108197627589106,134.703125,SUCCESS,,False,False,False,g-a712031e7959d564,D5,3301,3.2144199392957367,0.9324343980653717,0.0,1.8554393861274363,319.1355744139192,427.2122085346441,319.135574413919,0.6283525239577035,0,global_fixed,172.0,652.7373228647818,3.79498443526036,penalty_contract_v2_scale_controlled,0.999999999999999,optimized_seed
pilot-run-1def560556ecce1b3ec1,task-v2-5b0627539151,g-a712031e7959d564,v2-S3-b001-g-a712031e7959d564,S3,D5,1103,Penalty-X,2,8,13,13,1,1363.0,7,5,0.7142857142857143,8192,5,0.0006103515625,1,3.0,172.0,172.0,COBYLA,120,"[1.4361119332668082, 4.6766136583430296, 1.8287983773432719, 0.554097077555417]","[2.4330112841393183, 4.389605378769126, 2.3029537218791774, 0.10464907407348244]",120,3,Return from COBYLA because the objective function has been evaluated MAXFUN times.,2.554102263808829,1.7830465414097272,1.7830465414097272,0.0138750218354611,0.0009948898812567,0.0717036623837283,22.73283577521948,0.0006103515625,0.0001220703125,1.0,0.0002144584432244,0.0355162750929594,0.0022934386506676,0.5516587682068348,0.5516587682068348,0.5546903470531106,134.703125,SUCCESS,,False,False,False,g-a712031e7959d564,D5,1103,3.2144199392957367,1.356653614550833,0.0,1.7830465414097272,306.68400512247314,439.3055893751186,306.6840051224731,0.7710557223991017,3,global_fixed,172.0,652.7373228647818,3.79498443526036,penalty_contract_v2_scale_controlled,0.9999999999999998,optimized_seed
pilot-run-2490fd4fb215e2fc3ce1,task-v2-5b0627539151,g-a712031e7959d564,v2-S3-b001-g-a712031e7959d564,S3,D5,2207,Penalty-X,2,8,13,13,1,1363.0,7,5,0.7142857142857143,8192,5,0.0006103515625,1,3.0,172.0,172.0,COBYLA,120,"[4.119365739193051, 4.0465795222369225, 1.5369649905613294, 0.28561357469155796]","[5.2009922809922795, 4.161063086824106, 2.485157653110636, 0.143541581977541]",120,3,Return from COBYLA because the objective function has been evaluated MAXFUN times.,2.576015661794963,1.5066793519298336,1.5066793519298336,0.0507838893067955,0.0104706074244344,0.2061797071346673,83.20432424025374,0.0006103515625,0.0001220703125,1.0,0.0002144584432244,0.0355162750929594,0.0022934386506676,0.5491541549563408,0.5491541549563408,0.5522425593808293,134.703125,SUCCESS,,False,False,False,g-a712031e7959d564,D5,2207,3.2144199392957367,1.9201458977435948,0.0,1.5066793519298336,259.1488485319314,443.0746938287337,259.1488485319314,1.0693363098651296,3,global_fixed,172.0,652.7373228647818,3.79498443526036,penalty_contract_v2_scale_controlled,0.9999999999999988,optimized_seed
pilot-run-695ce257ca17a9305d95,task-v2-5b0627539151,g-a712031e7959d564,v2-S3-b001-g-a712031e7959d564,S3,D5,3301,Penalty-X,2,8,13,13,1,1363.0,7,5,0.7142857142857143,8192,5,0.0006103515625,1,3.0,172.0,172.0,COBYLA,120,"[2.8746040698350956, 3.2295534178963874, 1.3381083226815658, 0.4324890662459698]","[5.977239576058943, 1.2087261362850337, 2.5991040921869644, -0.1643585769637043]",120,3,Return from COBYLA because the objective function has been evaluated MAXFUN times.,2.7837568282304224,1.3261650789954538,1.3261650789954538,0.0696973986053847,0.0126895223707475,0.1820659396858351,114.19221787506235,0.0006103515625,0.0001220703125,1.0,0.0002144584432244,0.0355162750929594,0.0022934386506676,0.5458212150260806,0.5458212150260806,0.5489724166691303,134.703125,SUCCESS,,False,False,False,g-a712031e7959d564,D5,3301,3.2144199392957367,2.057636508033484,0.0,1.3261650789954538,228.1003935872181,478.80617445563263,228.10039358721804,1.4575917492349686,3,global_fixed,172.0,652.7373228647818,3.79498443526036,penalty_contract_v2_scale_controlled,0.999999999999999,optimized_seed
pilot-run-a9a24ed8016c751edc81,task-v2-5b0627539151,g-a712031e7959d564,v2-S3-b001-g-a712031e7959d564,S3,D5,1103,Penalty-X,3,8,13,13,1,1363.0,7,5,0.7142857142857143,8192,5,0.0006103515625,1,3.0,172.0,172.0,COBYLA,120,"[1.4361119332668082, 4.6766136583430296, 3.6575967546865438, 0.554097077555417, 2.658092015317178, 1.6434959053105886]","[1.2929797000789207, 3.523933394326446, 5.491656410796576, 0.5243570116597887, 3.7414105033888156, 2.0126038849278762]",120,3,Return from COBYLA because the objective function has been evaluated MAXFUN times.,2.881229326192839,1.28128683834156,1.28128683834156,0.0096326386650848,0.0081320489972751,0.8442182126846717,15.782115188874965,0.0006103515625,0.0001220703125,1.0,0.0002144584432244,0.0355162750929594,0.0022934386506676,0.7287314040586352,0.7287314040586352,0.7332757953554392,134.703125,SUCCESS,,False,False,False,g-a712031e7959d564,D5,1103,3.2144199392957367,1.1981652088414254,0.0,1.28128683834156,220.3813361947484,495.57144410516827,220.3813361947484,1.599942487851279,3,global_fixed,172.0,652.7373228647818,3.79498443526036,penalty_contract_v2_scale_controlled,1.0000000000000022,optimized_seed
pilot-run-7667ae1e677e40aeeb2c,task-v2-5b0627539151,g-a712031e7959d564,v2-S3-b001-g-a712031e7959d564,S3,D5,2207,Penalty-X,3,8,13,13,1,1363.0,7,5,0.7142857142857143,8192,5,0.0006103515625,1,3.0,172.0,172.0,COBYLA,120,"[4.119365739193051, 4.0465795222369225, 3.073929981122659, 0.28561357469155796, 1.0467419303334264, 1.2456798648809793]","[3.5661465878717755, 3.801666270180654, 3.0298325720731096, -0.004631784640678333, 0.8655244175420735, 1.626284173724055]",120,3,Return from COBYLA because the objective function has been evaluated MAXFUN times.,1.885970791274069,1.377748357705175,1.377748357705175,0.036847785180058,0.0119307941412088,0.3237859231676626,60.3714112390071,0.0006103515625,0.0001220703125,1.0,0.0002144584432244,0.0355162750929594,0.0022934386506676,0.8367262976244092,0.8367262976244092,0.8412848999723792,134.703125,SUCCESS,,False,False,False,g-a712031e7959d564,D5,2207,3.2144199392957367,1.7808313280176256,0.0,1.377748357705175,236.97271752529008,324.3869760991399,236.9727175252901,0.5082224335688941,3,global_fixed,172.0,652.7373228647818,3.79498443526036,penalty_contract_v2_scale_controlled,1.0000000000000004,optimized_seed
pilot-run-fdb41b8c3e9bad14fc1d,task-v2-5b0627539151,g-a712031e7959d564,v2-S3-b001-g-a712031e7959d564,S3,D5,3301,Penalty-X,3,8,13,13,1,1363.0,7,5,0.7142857142857143,8192,5,0.0006103515625,1,3.0,172.0,172.0,COBYLA,120,"[2.8746040698350956, 3.2295534178963874, 2.6762166453631315, 0.4324890662459698, 2.8286472419409745, 2.8565676468058108]","[2.595036328314588, 3.697583099865928, 3.121853809922851, 0.5694979882189442, 2.7602347265814813, 2.5929689191369905]",120,3,Return from COBYLA because the objective function has been evaluated MAXFUN times.,2.066978548716565,1.552872593235889,1.552872593235889,0.0361098508844455,0.0243945442385498,0.6755648013228954,59.1623796890756,0.0006103515625,0.0001220703125,1.0,0.0002144584432244,0.0355162750929594,0.0022934386506676,0.947143434546888,0.947143434546888,0.9531340291723608,134.703125,SUCCESS,,False,False,False,g-a712031e7959d564,D5,3301,3.2144199392957367,1.7720456343081028,0.0,1.552872593235889,267.0940860365729,355.5203103792492,267.09408603657295,0.5141059554806757,3,global_fixed,172.0,652.7373228647818,3.79498443526036,penalty_contract_v2_scale_controlled,1.0000000000000002,optimized_seed
pilot-run-7de4651968bc4d5c5526,task-v2-c5ed7c8b71f4,g-a712031e7959d564,v2-S3-b001-g-a712031e7959d564,S3,D6,0,Uniform,0,8,13,13,1,1589.0,7,6,0.8571428571428571,8192,6,0.000732421875,1,3.0,172.0,172.0,analytic,0,,,0,0,analytic uniform baseline,,,,0.000732421875,0.0001220703125,0.1666666666666666,1.0,0.000732421875,0.0001220703125,1.0,0.0002144584432244,0.035516383126378,0.0,0.0,0.0,0.0,168.38671875,SUCCESS,,False,False,False,g-a712031e7959d564,D6,0,3.135238693248112,0.0,0.0,,,,,,0,global_fixed,172.0,,,penalty_contract_v2_scale_controlled,,analytic_uniform
pilot-run-fbe7cd5f8b86fa70c525,task-v2-c5ed7c8b71f4,g-a712031e7959d564,v2-S3-b001-g-a712031e7959d564,S3,D6,1103,Penalty-X,1,8,13,13,1,1589.0,7,6,0.8571428571428571,8192,6,0.000732421875,1,3.0,172.0,172.0,COBYLA,120,"[1.4361119332668082, 2.3383068291715148]","[2.235350326628349, 2.317446589170892]",39,0,Return from COBYLA because the trust region radius reaches its lower bound.,1.888623940272468,1.7845153090815902,1.7845153090815902,0.004495795160687,0.0002824790810568,0.0628318397437084,6.13825899272472,0.000732421875,0.0001220703125,1.0,0.0002144584432244,0.035516383126378,0.002241208218038,0.122501372359693,0.122501372359693,0.1242398833855986,134.83984375,SUCCESS,,False,False,False,g-a712031e7959d564,D6,1103,3.135238693248112,0.7880452087517568,0.0,1.7845153090815902,306.9366331620336,324.8433177268645,306.9366331620335,0.1041086311908778,0,global_fixed,172.0,641.8471006207749,3.731669189655668,penalty_contract_v2_scale_controlled,0.9999999999999998,optimized_seed
pilot-run-73ad45e9c94a3afe10cf,task-v2-c5ed7c8b71f4,g-a712031e7959d564,v2-S3-b001-g-a712031e7959d564,S3,D6,2207,Penalty-X,1,8,13,13,1,1589.0,7,6,0.8571428571428571,8192,6,0.000732421875,1,3.0,172.0,172.0,COBYLA,120,"[4.119365739193051, 2.0232897611184613]","[6.952494551463012, 2.4968472872481846]",120,3,Return from COBYLA because the objective function has been evaluated MAXFUN times.,1.992375314891099,1.300553934864055,1.300553934864055,0.0490911531709488,0.0127638313391963,0.2600026789908402,67.02578779606888,0.000732421875,0.0001220703125,1.0,0.0002144584432244,0.035516383126378,0.002241208218038,0.4329171450808644,0.4329171450808644,0.4347524167969823,134.83984375,SUCCESS,,False,False,False,g-a712031e7959d564,D6,2207,3.135238693248112,1.826241927220004,0.0,1.300553934864055,223.69527679661743,342.68855416126905,223.6952767966174,0.6918213800270443,3,global_fixed,172.0,641.8471006207749,3.731669189655668,penalty_contract_v2_scale_controlled,0.9999999999999996,optimized_seed
pilot-run-69a783bdb10791e003eb,task-v2-c5ed7c8b71f4,g-a712031e7959d564,v2-S3-b001-g-a712031e7959d564,S3,D6,3301,Penalty-X,1,8,13,13,1,1589.0,7,6,0.8571428571428571,8192,6,0.000732421875,1,3.0,172.0,172.0,COBYLA,120,"[2.8746040698350956, 1.6147767089481937]","[2.235588184938248, 2.3174117044654965]",61,0,Return from COBYLA because the trust region radius reaches its lower bound.,2.406475391446193,1.7845153018068385,1.7845153018068385,0.0044954919628814,0.000282375121111,0.0628129520511995,6.137845026654184,0.000732421875,0.0001220703125,1.0,0.0002144584432244,0.035516383126378,0.002241208218038,0.2189607080072164,0.2189607080072164,0.2207578690722584,134.83984375,SUCCESS,,False,False,False,g-a712031e7959d564,D6,3301,3.135238693248112,0.7880159188109233,0.0,1.7845153018068385,306.9366319107763,413.9137673287452,306.9366319107762,0.6219600896393547,0,global_fixed,172.0,641.8471006207749,3.731669189655668,penalty_contract_v2_scale_controlled,0.999999999999998,optimized_seed
pilot-run-361494b200aca390df00,task-v2-c5ed7c8b71f4,g-a712031e7959d564,v2-S3-b001-g-a712031e7959d564,S3,D6,1103,Penalty-X,2,8,13,13,1,1589.0,7,6,0.8571428571428571,8192,6,0.000732421875,1,3.0,172.0,172.0,COBYLA,120,"[1.4361119332668082, 4.6766136583430296, 1.8287983773432719, 0.554097077555417]","[1.974012705848051, 4.4953847125085336, 2.271417731883845, 0.10536584587393963]",120,3,Return from COBYLA because the objective function has been evaluated MAXFUN times.,2.2845004111327656,1.7097135041663634,1.7097135041663634,0.0142088374370746,0.001248396305237,0.0878605523334136,19.39979938075258,0.000732421875,0.0001220703125,1.0,0.0002144584432244,0.035516383126378,0.002241208218038,0.645589736290276,0.645589736290276,0.6505703693255782,134.83984375,SUCCESS,,False,False,False,g-a712031e7959d564,D6,1103,3.135238693248112,1.2877972387816372,0.0,1.7097135041663634,294.0707227166145,392.9340707148357,294.0707227166145,0.5747869069664022,3,global_fixed,172.0,641.8471006207749,3.731669189655668,penalty_contract_v2_scale_controlled,1.0000000000000009,optimized_seed
pilot-run-cc4eb6b4df1af36ccd1b,task-v2-c5ed7c8b71f4,g-a712031e7959d564,v2-S3-b001-g-a712031e7959d564,S3,D6,2207,Penalty-X,2,8,13,13,1,1589.0,7,6,0.8571428571428571,8192,6,0.000732421875,1,3.0,172.0,172.0,COBYLA,120,"[4.119365739193051, 4.0465795222369225, 1.5369649905613294, 0.28561357469155796]","[1.968627019042767, 6.201683206494898, 2.5794908705155093, -0.46207662941925265]",120,3,Return from COBYLA because the objective function has been evaluated MAXFUN times.,2.46068361559308,1.3571879478504911,1.3571879478504911,0.0361619139248604,0.0049309073279703,0.1363563703573903,49.37306647874283,0.000732421875,0.0001220703125,1.0,0.0002144584432244,0.035516383126378,0.002241208218038,0.6402937490493059,0.6402937490493059,0.6434388123452663,134.83984375,SUCCESS,,False,False,False,g-a712031e7959d564,D6,2207,3.135238693248112,1.6934901013625228,0.0,1.3571879478504911,233.4363270302846,423.23758188200975,233.4363270302845,1.103495667742589,3,global_fixed,172.0,641.8471006207749,3.731669189655668,penalty_contract_v2_scale_controlled,1.0000000000000004,optimized_seed
pilot-run-a707fd8462b45aff3c63,task-v2-c5ed7c8b71f4,g-a712031e7959d564,v2-S3-b001-g-a712031e7959d564,S3,D6,3301,Penalty-X,2,8,13,13,1,1589.0,7,6,0.8571428571428571,8192,6,0.000732421875,1,3.0,172.0,172.0,COBYLA,120,"[2.8746040698350956, 3.2295534178963874, 1.3381083226815658, 0.4324890662459698]","[1.7688578361939598, 1.8020761521506146, 2.213576427452788, -0.17154000546986406]",120,3,Return from COBYLA because the objective function has been evaluated MAXFUN times.,2.675757137149931,1.596556342621679,1.596556342621679,0.0202206531001479,0.0019065422944088,0.0942868801005687,27.607931699401984,0.000732421875,0.0001220703125,1.0,0.0002144584432244,0.035516383126378,0.002241208218038,0.641598884947598,0.641598884947598,0.645632085390389,134.83984375,SUCCESS,,False,False,False,g-a712031e7959d564,D6,3301,3.135238693248112,1.4410338718626277,0.0,1.596556342621679,274.60769093092864,460.2302275897881,274.60769093092875,1.0792007945282522,3,global_fixed,172.0,641.8471006207749,3.731669189655668,penalty_contract_v2_scale_controlled,0.999999999999998,optimized_seed
pilot-run-aeef588bcd8d24ee4f03,task-v2-c5ed7c8b71f4,g-a712031e7959d564,v2-S3-b001-g-a712031e7959d564,S3,D6,1103,Penalty-X,3,8,13,13,1,1589.0,7,6,0.8571428571428571,8192,6,0.000732421875,1,3.0,172.0,172.0,COBYLA,120,"[1.4361119332668082, 4.6766136583430296, 3.6575967546865438, 0.554097077555417, 2.658092015317178, 1.6434959053105886]","[1.1987794693890683, 3.6863318678768255, 4.007695933327985, 0.80097836291958, 3.1780142398854254, 2.161463638429271]",120,3,Return from COBYLA because the objective function has been evaluated MAXFUN times.,2.8185742165798,1.3563268630348726,1.3563268630348726,0.0189604212659619,0.0141426681584917,0.7459047433656408,25.88729516846,0.000732421875,0.0001220703125,1.0,0.0002144584432244,0.035516383126378,0.002241208218038,0.8498890362679958,0.8498890362679958,0.8550032135099173,134.83984375,SUCCESS,,False,False,False,g-a712031e7959d564,D6,1103,3.135238693248112,1.4130866755882503,0.0,1.3563268630348726,233.2882204419979,484.7947652517256,233.28822044199808,1.4622473535449272,3,global_fixed,172.0,641.8471006207749,3.731669189655668,penalty_contract_v2_scale_controlled,0.9999999999999984,optimized_seed
pilot-run-68ae53c3877124d446d5,task-v2-c5ed7c8b71f4,g-a712031e7959d564,v2-S3-b001-g-a712031e7959d564,S3,D6,2207,Penalty-X,3,8,13,13,1,1589.0,7,6,0.8571428571428571,8192,6,0.000732421875,1,3.0,172.0,172.0,COBYLA,120,"[4.119365739193051, 4.0465795222369225, 3.073929981122659, 0.28561357469155796, 1.0467419303334264, 1.2456798648809793]","[3.6999500064083968, 3.646255032929466, 3.1278893888798365, -0.006239554680935752, 0.9131225472404904, 1.5842581667183173]",120,3,Return from COBYLA because the objective function has been evaluated MAXFUN times.,1.9306022862969503,1.318139734272331,1.318139734272331,0.0476424842187323,0.0129319492810956,0.271437341968222,65.04787178664255,0.000732421875,0.0001220703125,1.0,0.0002144584432244,0.035516383126378,0.002241208218038,0.849602248519659,0.849602248519659,0.8539603631943464,134.83984375,SUCCESS,,False,False,False,g-a712031e7959d564,D6,2207,3.135238693248112,1.813233092036156,0.0,1.318139734272331,226.72003429484096,332.0635932430755,226.72003429484096,0.6124625520246192,3,global_fixed,172.0,641.8471006207749,3.731669189655668,penalty_contract_v2_scale_controlled,1.0000000000000009,optimized_seed
pilot-run-24e9a3fb6836ad06baeb,task-v2-c5ed7c8b71f4,g-a712031e7959d564,v2-S3-b001-g-a712031e7959d564,S3,D6,3301,Penalty-X,3,8,13,13,1,1589.0,7,6,0.8571428571428571,8192,6,0.000732421875,1,3.0,172.0,172.0,COBYLA,120,"[2.8746040698350956, 3.2295534178963874, 2.6762166453631315, 0.4324890662459698, 2.8286472419409745, 2.8565676468058108]","[3.3661576499504355, 3.8856067431299985, 2.5691760921058773, 0.5127219217610843, 2.7018501409350133, 2.5986555207959223]",120,3,Return from COBYLA because the objective function has been evaluated MAXFUN times.,2.06721703448674,1.562012100608622,1.562012100608622,0.0321072158902191,0.0242178774405905,0.7542814525991988,43.83705209544589,0.000732421875,0.0001220703125,1.0,0.0002144584432244,0.035516383126378,0.002241208218038,0.8534666355699301,0.8534666355699301,0.8585556466132402,134.83984375,SUCCESS,,False,False,False,g-a712031e7959d564,D6,3301,3.135238693248112,1.6418413415135673,0.0,1.562012100608622,268.6660813046831,355.5613299317193,268.666081304683,0.5052049338781179,3,global_fixed,172.0,641.8471006207749,3.731669189655668,penalty_contract_v2_scale_controlled,0.9999999999999992,optimized_seed
pilot-run-934cda0b0648961ef130,task-v2-8c0a098a6f8b,g-a712031e7959d564,v2-S3-b001-g-a712031e7959d564,S3,D7,0,Uniform,0,8,13,13,1,1678.0,7,7,1.0,8192,7,0.0008544921875,1,3.0,172.0,172.0,analytic,0,,,0,0,analytic uniform baseline,,,,0.0008544921875,0.0001220703125,0.1428571428571428,1.0,0.0008544921875,0.0001220703125,1.0,0.0002144584432244,0.0355164045467972,0.0,0.0,0.0,0.0,168.38671875,SUCCESS,,False,False,False,g-a712031e7959d564,D7,0,3.0682919036174985,0.0,0.0,,,,,,0,global_fixed,172.0,,,penalty_contract_v2_scale_controlled,,analytic_uniform
pilot-run-cc2f213cc9be12f7450d,task-v2-8c0a098a6f8b,g-a712031e7959d564,v2-S3-b001-g-a712031e7959d564,S3,D7,1103,Penalty-X,1,8,13,13,1,1678.0,7,7,1.0,8192,7,0.0008544921875,1,3.0,172.0,172.0,COBYLA,120,"[1.4361119332668082, 2.3383068291715148]","[2.1123271836017157, 2.2976549459131084]",36,0,Return from COBYLA because the trust region radius reaches its lower bound.,1.8375648325640728,1.754766651512853,1.754766651512853,0.00457872451423,0.0002354816300427,0.051429525692348,5.358415888653224,0.0008544921875,0.0001220703125,1.0,0.0002144584432244,0.0355164045467972,0.0025815116241574,0.1078922338783741,0.1078922338783741,0.1096572466194629,134.80859375,SUCCESS,,False,False,False,g-a712031e7959d564,D7,1103,3.0682919036174985,0.7290364179578455,0.0,1.754766651512853,301.8198640602107,316.0611512010205,301.8198640602107,0.0827981810512197,0,global_fixed,172.0,637.7472543855213,3.707832874334426,penalty_contract_v2_scale_controlled,0.9999999999999998,optimized_seed
pilot-run-a93ab7a41b15d68b9ea9,task-v2-8c0a098a6f8b,g-a712031e7959d564,v2-S3-b001-g-a712031e7959d564,S3,D7,2207,Penalty-X,1,8,13,13,1,1678.0,7,7,1.0,8192,7,0.0008544921875,1,3.0,172.0,172.0,COBYLA,120,"[4.119365739193051, 2.0232897611184613]","[6.946816260934531, 2.5026592613267837]",96,0,Return from COBYLA because the trust region radius reaches its lower bound.,2.0044048204211693,1.27614377707065,1.27614377707065,0.0536519074728047,0.0128638526850338,0.2397650575900654,62.7880608596023,0.0008544921875,0.0001220703125,1.0,0.0002144584432244,0.0355164045467972,0.0025815116241574,0.3011643728241324,0.3011643728241324,0.3029640056192875,134.80859375,SUCCESS,,False,False,False,g-a712031e7959d564,D7,2207,3.0682919036174985,1.797877070556696,0.0,1.27614377707065,219.49672965615184,344.7576291124411,219.49672965615176,0.7282610433505194,0,global_fixed,172.0,637.7472543855213,3.707832874334426,penalty_contract_v2_scale_controlled,1.0,optimized_seed
pilot-run-986fae44980ef1196bb9,task-v2-8c0a098a6f8b,g-a712031e7959d564,v2-S3-b001-g-a712031e7959d564,S3,D7,3301,Penalty-X,1,8,13,13,1,1678.0,7,7,1.0,8192,7,0.0008544921875,1,3.0,172.0,172.0,COBYLA,120,"[2.8746040698350956, 1.6147767089481937]","[2.112196261306566, 2.297659484866994]",46,0,Return from COBYLA because the trust region radius reaches its lower bound.,2.3752446054771874,1.7547666531178128,1.7547666531178128,0.0045787335681837,0.0002355270270962,0.0514393387579707,5.358426484365874,0.0008544921875,0.0001220703125,1.0,0.0002144584432244,0.0355164045467972,0.0025815116241574,0.1374920178204774,0.1374920178204774,0.1392329037189483,134.8125,SUCCESS,,False,False,False,g-a712031e7959d564,D7,3301,3.0682919036174985,0.7290372767293709,0.0,1.7547666531178128,301.8198643362638,408.5420721420762,301.8198643362638,0.6204779523593746,0,global_fixed,172.0,637.7472543855213,3.707832874334426,penalty_contract_v2_scale_controlled,0.9999999999999988,optimized_seed
pilot-run-82f19de3b6ebd292eeb0,task-v2-8c0a098a6f8b,g-a712031e7959d564,v2-S3-b001-g-a712031e7959d564,S3,D7,1103,Penalty-X,2,8,13,13,1,1678.0,7,7,1.0,8192,7,0.0008544921875,1,3.0,172.0,172.0,COBYLA,120,"[1.4361119332668082, 4.6766136583430296, 1.8287983773432719, 0.554097077555417]","[1.8422025864405218, 4.409652894068981, 2.2728148668200467, 0.10972787732837062]",120,3,Return from COBYLA because the objective function has been evaluated MAXFUN times.,2.1860272007106767,1.677140736173965,1.677140736173965,0.0150502905298607,0.0015701644934274,0.1043278526957426,17.61314000294559,0.0008544921875,0.0001220703125,1.0,0.0002144584432244,0.0355164045467972,0.0025815116241574,0.5425516068935394,0.5425516068935394,0.5458418959751725,134.8125,SUCCESS,,False,False,False,g-a712031e7959d564,D7,1103,3.0682919036174985,1.245836787221613,0.0,1.677140736173965,288.46820662192204,375.9966785222364,288.468206621922,0.5088864645367117,3,global_fixed,172.0,637.7472543855213,3.707832874334426,penalty_contract_v2_scale_controlled,0.9999999999999992,optimized_seed
pilot-run-b9354d87a3452e8b995d,task-v2-8c0a098a6f8b,g-a712031e7959d564,v2-S3-b001-g-a712031e7959d564,S3,D7,2207,Penalty-X,2,8,13,13,1,1678.0,7,7,1.0,8192,7,0.0008544921875,1,3.0,172.0,172.0,COBYLA,120,"[4.119365739193051, 4.0465795222369225, 1.5369649905613294, 0.28561357469155796]","[1.3488180561191172, 6.360526345375118, 2.7133820627201475, -0.48986656290072805]",120,3,Return from COBYLA because the objective function has been evaluated MAXFUN times.,2.4125847080478344,1.2850374712580763,1.2850374712580763,0.0516444172323505,0.007742839323689,0.1499259695167754,60.43872370963087,0.0008544921875,0.0001220703125,1.0,0.0002144584432244,0.0355164045467972,0.0025815116241574,0.5484529212117195,0.5484529212117195,0.5515818251296878,134.8125,SUCCESS,,False,False,False,g-a712031e7959d564,D7,2207,3.0682919036174985,1.7813152847252764,0.0,1.2850374712580763,221.02644505638915,414.96456978422754,221.02644505638912,1.127547236789758,3,global_fixed,172.0,637.7472543855213,3.707832874334426,penalty_contract_v2_scale_controlled,0.9999999999999998,optimized_seed
pilot-run-32543da48442f21a0d6f,task-v2-8c0a098a6f8b,g-a712031e7959d564,v2-S3-b001-g-a712031e7959d564,S3,D7,3301,Penalty-X,2,8,13,13,1,1678.0,7,7,1.0,8192,7,0.0008544921875,1,3.0,172.0,172.0,COBYLA,120,"[2.8746040698350956, 3.2295534178963874, 1.3381083226815658, 0.4324890662459698]","[2.056419542957042, 3.9788901984071177, 2.2782207863196877, 0.09393773585511214]",120,3,Return from COBYLA because the objective function has been evaluated MAXFUN times.,2.6137108696896845,1.6912612291709046,1.6912612291709046,0.0137492542805886,0.0010956221253779,0.0796859308162453,16.090555866654597,0.0008544921875,0.0001220703125,1.0,0.0002144584432244,0.0355164045467972,0.0025815116241574,0.5445819823071361,0.5445819823071361,0.5477468483150005,134.8125,SUCCESS,,False,False,False,g-a712031e7959d564,D7,3301,3.0682919036174985,1.206571047557751,0.0,1.6912612291709046,290.89693141739554,449.5582695866257,290.8969314173956,0.92244964051878,3,global_fixed,172.0,637.7472543855213,3.707832874334426,penalty_contract_v2_scale_controlled,1.000000000000001,optimized_seed
pilot-run-dd61785293c2aff74c42,task-v2-8c0a098a6f8b,g-a712031e7959d564,v2-S3-b001-g-a712031e7959d564,S3,D7,1103,Penalty-X,3,8,13,13,1,1678.0,7,7,1.0,8192,7,0.0008544921875,1,3.0,172.0,172.0,COBYLA,120,"[1.4361119332668082, 4.6766136583430296, 3.6575967546865438, 0.554097077555417, 2.658092015317178, 1.6434959053105886]","[1.3193332423446134, 4.281104047765638, 4.548349965798378, 0.5239180451901145, 3.5984889076427535, 1.9172469961858802]",120,3,Return from COBYLA because the objective function has been evaluated MAXFUN times.,2.7957039214727493,1.3330938557471852,1.3330938557471852,0.0068283303206524,0.0058669177628871,0.8592023946384902,7.991097426683517,0.0008544921875,0.0001220703125,1.0,0.0002144584432244,0.0355164045467972,0.0025815116241574,0.7166787656024098,0.7166787656024098,0.7210593661293387,134.8125,SUCCESS,,False,False,False,g-a712031e7959d564,D7,1103,3.0682919036174985,0.902606425574942,0.0,1.3330938557471852,229.2921431885159,480.86107449331286,229.2921431885159,1.462610065725564,3,global_fixed,172.0,637.7472543855213,3.707832874334426,penalty_contract_v2_scale_controlled,0.9999999999999998,optimized_seed
pilot-run-c6b41aa49c969bab3b66,task-v2-8c0a098a6f8b,g-a712031e7959d564,v2-S3-b001-g-a712031e7959d564,S3,D7,2207,Penalty-X,3,8,13,13,1,1678.0,7,7,1.0,8192,7,0.0008544921875,1,3.0,172.0,172.0,COBYLA,120,"[4.119365739193051, 4.0465795222369225, 3.073929981122659, 0.28561357469155796, 1.0467419303334264, 1.2456798648809793]","[3.7377266824538085, 3.763804594555021, 3.1384887327667563, -0.010510615878188606, 0.9323817359614412, 1.5470139667148939]",120,3,Return from COBYLA because the objective function has been evaluated MAXFUN times.,1.9443783485738293,1.3137926631224042,1.3137926631224042,0.0541149922494663,0.0144001354913055,0.2661025141595132,63.33000235823258,0.0008544921875,0.0001220703125,1.0,0.0002144584432244,0.0355164045467972,0.0025815116241574,0.7075765691697598,0.7075765691697598,0.7120176395401359,134.8125,SUCCESS,,False,False,False,g-a712031e7959d564,D7,2207,3.0682919036174985,1.801609504199234,0.0,1.3137926631224042,225.97233805705343,334.43307595469867,225.97233805705352,0.6305856854514251,3,global_fixed,172.0,637.7472543855213,3.707832874334426,penalty_contract_v2_scale_controlled,1.0000000000000004,optimized_seed
pilot-run-de59a90b9df0010b44f1,task-v2-8c0a098a6f8b,g-a712031e7959d564,v2-S3-b001-g-a712031e7959d564,S3,D7,3301,Penalty-X,3,8,13,13,1,1678.0,7,7,1.0,8192,7,0.0008544921875,1,3.0,172.0,172.0,COBYLA,120,"[2.8746040698350956, 3.2295534178963874, 2.6762166453631315, 0.4324890662459698, 2.8286472419409745, 2.8565676468058108]","[3.3975815454572764, 3.861729273924981, 2.648123426853058, 0.4891713733109889, 2.70893453833779, 2.6344597433232146]",120,3,Return from COBYLA because the objective function has been evaluated MAXFUN times.,2.0571181500594182,1.546679894520525,1.546679894520525,0.0417827831653975,0.0284461200417832,0.6808096035436172,48.8977942415624,0.0008544921875,0.0001220703125,1.0,0.0002144584432244,0.0355164045467972,0.0025815116241574,0.6989517565816641,0.6989517565816641,0.7032267199829221,134.8125,SUCCESS,,False,False,False,g-a712031e7959d564,D7,3301,3.0682919036174985,1.689289268728449,0.0,1.546679894520525,266.0289418575302,353.82432181021994,266.02894185753024,0.5104382555388935,3,global_fixed,172.0,637.7472543855213,3.707832874334426,penalty_contract_v2_scale_controlled,0.9999999999999992,optimized_seed
pilot-run-1680d20050c764cad202,task-v2-3f11ce371857,g-3ff7063ef9ea5cfb,v2-S4-b000-g-3ff7063ef9ea5cfb,S4,D1,0,Uniform,0,10,16,16,1,920.0,9,1,0.1111111111111111,65536,1,1.52587890625e-05,1,16.0,172.0,172.0,analytic,0,,,0,0,analytic uniform baseline,,,,1.52587890625e-05,1.52587890625e-05,1.0,1.0,1.52587890625e-05,1.52587890625e-05,1.0,0.0003539836034178,0.3104464393109083,0.0,0.0,0.0,0.0,168.38671875,SUCCESS,,False,False,False,g-3ff7063ef9ea5cfb,D1,0,4.816479930623699,0.0,0.0,,,,,,0,global_fixed,172.0,,,penalty_contract_v2_scale_controlled,,analytic_uniform
pilot-run-99fe0e1cd60a93d4d86a,task-v2-3f11ce371857,g-3ff7063ef9ea5cfb,v2-S4-b000-g-3ff7063ef9ea5cfb,S4,D1,1103,Penalty-X,1,10,16,16,1,920.0,9,1,0.1111111111111111,65536,1,1.52587890625e-05,1,16.0,172.0,172.0,COBYLA,120,"[1.4361119332668082, 2.3383068291715148]","[8.072697830480744, 2.371337830514149]",120,3,Return from COBYLA because the objective function has been evaluated MAXFUN times.,2.524089080403769,1.8795058839634025,1.8795058839634025,0.0016888844367202,0.0016888844367202,1.0,110.68273044489956,1.52587890625e-05,1.52587890625e-05,1.0,0.0003539836034178,0.3104464393109083,0.0236817616969347,1.8829479217529297,1.8829479217529297,1.8976332806050773,152.81640625,SUCCESS,,False,False,False,g-3ff7063ef9ea5cfb,D1,1103,4.816479930623699,2.0440798642611657,0.0,1.8795058839634025,323.2750120417051,434.1433218294482,323.2750120417052,0.6445831964403661,3,global_fixed,172.0,662.8594505588612,3.8538340148771,penalty_contract_v2_scale_controlled,1.0000000000000002,optimized_seed
pilot-run-d9abf551ad828b210513,task-v2-3f11ce371857,g-3ff7063ef9ea5cfb,v2-S4-b000-g-3ff7063ef9ea5cfb,S4,D1,2207,Penalty-X,1,10,16,16,1,920.0,9,1,0.1111111111111111,65536,1,1.52587890625e-05,1,16.0,172.0,172.0,COBYLA,120,"[4.119365739193051, 2.0232897611184613]","[7.369536880989491, 2.364189697616093]",120,3,Return from COBYLA because the objective function has been evaluated MAXFUN times.,2.3510764462035274,1.9068292597026155,1.9068292597026155,0.0016389761379,0.0016389761379,1.0,107.41194017341743,1.52587890625e-05,1.52587890625e-05,1.0,0.0003539836034178,0.3104464393109083,0.0236817616969347,1.885702935047448,1.885702935047448,1.900911159813404,152.81640625,SUCCESS,,False,False,False,g-3ff7063ef9ea5cfb,D1,2207,4.816479930623699,2.031052561281584,0.0,1.9068292597026155,327.97463266884984,404.3851487470067,327.9746326688499,0.4442471865009119,3,global_fixed,172.0,662.8594505588612,3.8538340148771,penalty_contract_v2_scale_controlled,1.0,optimized_seed
pilot-run-b4a374715bb15a16ea4f,task-v2-3f11ce371857,g-3ff7063ef9ea5cfb,v2-S4-b000-g-3ff7063ef9ea5cfb,S4,D1,3301,Penalty-X,1,10,16,16,1,920.0,9,1,0.1111111111111111,65536,1,1.52587890625e-05,1,16.0,172.0,172.0,COBYLA,120,"[2.8746040698350956, 1.6147767089481937]","[7.609513312565756, 2.3733628741314523]",120,3,Return from COBYLA because the objective function has been evaluated MAXFUN times.,2.6899163945073044,1.895328321203309,1.895328321203309,0.0017523003388932,0.0017523003388932,1.0,114.8387550097081,1.52587890625e-05,1.52587890625e-05,1.0,0.0003539836034178,0.3104464393109083,0.0236817616969347,1.9832830978557467,1.9832830978557467,1.9987043412402272,152.81640625,SUCCESS,,False,False,False,g-3ff7063ef9ea5cfb,D1,3301,4.816479930623699,2.060088475575212,0.0,1.895328321203309,325.9964712469692,462.6656198552564,325.9964712469691,0.7945880733039954,3,global_fixed,172.0,662.8594505588612,3.8538340148771,penalty_contract_v2_scale_controlled,0.9999999999999998,optimized_seed
pilot-run-9bf52dc64a1ffdd0ec52,task-v2-3f11ce371857,g-3ff7063ef9ea5cfb,v2-S4-b000-g-3ff7063ef9ea5cfb,S4,D1,1103,Penalty-X,2,10,16,16,1,920.0,9,1,0.1111111111111111,65536,1,1.52587890625e-05,1,16.0,172.0,172.0,COBYLA,120,"[1.4361119332668082, 4.6766136583430296, 1.8287983773432719, 0.554097077555417]","[4.206576848588073, 3.6833823222925894, 0.4480349083452544, -1.0714407406078148]",120,3,Return from COBYLA because the objective function has been evaluated MAXFUN times.,3.101463009520829,1.8543460248744967,1.8543460248744967,0.0011415392461981,0.0011415392461981,1.0,74.81191603884334,1.52587890625e-05,1.52587890625e-05,1.0,0.0003539836034178,0.3104464393109083,0.0236817616969347,4.230287680402398,4.230287680402398,4.261975544504821,152.81640625,SUCCESS,,False,False,False,g-3ff7063ef9ea5cfb,D1,1103,4.816479930623699,1.8739707777809247,0.0,1.8543460248744967,318.94751627841345,533.4516376375826,318.94751627841345,1.247116984646332,3,global_fixed,172.0,662.8594505588612,3.8538340148771,penalty_contract_v2_scale_controlled,1.0000000000000009,optimized_seed
pilot-run-7634e737f4afed9500f2,task-v2-3f11ce371857,g-3ff7063ef9ea5cfb,v2-S4-b000-g-3ff7063ef9ea5cfb,S4,D1,2207,Penalty-X,2,10,16,16,1,920.0,9,1,0.1111111111111111,65536,1,1.52587890625e-05,1,16.0,172.0,172.0,COBYLA,120,"[4.119365739193051, 4.0465795222369225, 1.5369649905613294, 0.28561357469155796]","[5.29061800547773, 3.974895940860116, 3.0219833054095835, -0.6702008582181382]",120,3,Return from COBYLA because the objective function has been evaluated MAXFUN times.,2.830984988207531,1.86851219103618,1.86851219103618,0.0018929231603186,0.0018929231603186,1.0,124.05461223464404,1.52587890625e-05,1.52587890625e-05,1.0,0.0003539836034178,0.3104464393109083,0.0236817616969347,4.31475771125406,4.31475771125406,4.349522905424237,152.81640625,SUCCESS,,False,False,False,g-3ff7063ef9ea5cfb,D1,2207,4.816479930623699,2.0936129155716987,0.0,1.86851219103618,321.3840968582233,486.9294179716953,321.38409685822296,0.9624727971713508,3,global_fixed,172.0,662.8594505588612,3.8538340148771,penalty_contract_v2_scale_controlled,1.000000000000001,optimized_seed
pilot-run-88a661dd5980d8412b65,task-v2-3f11ce371857,g-3ff7063ef9ea5cfb,v2-S4-b000-g-3ff7063ef9ea5cfb,S4,D1,3301,Penalty-X,2,10,16,16,1,920.0,9,1,0.1111111111111111,65536,1,1.52587890625e-05,1,16.0,172.0,172.0,COBYLA,120,"[2.8746040698350956, 3.2295534178963874, 1.3381083226815658, 0.4324890662459698]","[4.770822663705205, 3.4355952085205335, 3.1488250012875327, -0.7680397685009225]",120,3,Return from COBYLA because the objective function has been evaluated MAXFUN times.,3.01776945979187,1.876425750099424,1.876425750099424,0.0017590831238279,0.0017590831238279,1.0,115.2832716031857,1.52587890625e-05,1.52587890625e-05,1.0,0.0003539836034178,0.3104464393109083,0.0236817616969347,4.180689513683319,4.180689513683319,4.213439859449863,152.81640625,SUCCESS,,False,False,False,g-3ff7063ef9ea5cfb,D1,3301,4.816479930623699,2.06176629274564,0.0,1.876425750099424,322.7452290171009,519.0563470842017,322.7452290171008,1.1413437096924466,3,global_fixed,172.0,662.8594505588612,3.8538340148771,penalty_contract_v2_scale_controlled,1.0000000000000009,optimized_seed
pilot-run-8cda3b1623b6e0351211,task-v2-3f11ce371857,g-3ff7063ef9ea5cfb,v2-S4-b000-g-3ff7063ef9ea5cfb,S4,D1,1103,Penalty-X,3,10,16,16,1,920.0,9,1,0.1111111111111111,65536,1,1.52587890625e-05,1,16.0,172.0,172.0,COBYLA,120,"[1.4361119332668082, 4.6766136583430296, 3.6575967546865438, 0.554097077555417, 2.658092015317178, 1.6434959053105886]","[2.841718811994101, 4.399375850119499, 4.110006571482022, 0.9443159757485642, 2.7639903897648512, 2.4095287042056115]",120,3,Return from COBYLA because the objective function has been evaluated MAXFUN times.,3.0883230951709475,1.7520555883616231,1.7520555883616231,0.0005210703941788,0.0005210703941788,1.0,34.14886935290618,1.52587890625e-05,1.52587890625e-05,1.0,0.0003539836034178,0.3104464393109083,0.0236817616969347,6.191040690988302,6.191040690988302,6.2392525328323245,152.81640625,SUCCESS,,False,False,False,g-3ff7063ef9ea5cfb,D1,1103,4.816479930623699,1.5333763290447069,0.0,1.7520555883616231,301.35356119819966,531.1915723694029,301.3535611981992,1.3362675068093244,3,global_fixed,172.0,662.8594505588612,3.8538340148771,penalty_contract_v2_scale_controlled,1.0,optimized_seed
pilot-run-a3eb412381fb0aacf99c,task-v2-3f11ce371857,g-3ff7063ef9ea5cfb,v2-S4-b000-g-3ff7063ef9ea5cfb,S4,D1,2207,Penalty-X,3,10,16,16,1,920.0,9,1,0.1111111111111111,65536,1,1.52587890625e-05,1,16.0,172.0,172.0,COBYLA,120,"[4.119365739193051, 4.0465795222369225, 3.073929981122659, 0.28561357469155796, 1.0467419303334264, 1.2456798648809793]","[4.783602789825091, 4.58300984175273, 3.038700544483814, 0.7704234477688242, 0.15251938692672984, 1.8423936590033811]",120,3,Return from COBYLA because the objective function has been evaluated MAXFUN times.,2.126942697916172,1.7116157342010991,1.7116157342010991,0.0002394387418482,0.0002394387418482,1.0,15.691857385769929,1.52587890625e-05,1.52587890625e-05,1.0,0.0003539836034178,0.3104464393109083,0.0236817616969347,5.8999144826084375,5.8999144826084375,5.950575626455247,152.81640625,SUCCESS,,False,False,False,g-3ff7063ef9ea5cfb,D1,2207,4.816479930623699,1.195674352423684,0.0,1.7116157342010991,294.39790628258896,365.8341440415815,294.3979062825891,0.4153269637150725,3,global_fixed,172.0,662.8594505588612,3.8538340148771,penalty_contract_v2_scale_controlled,1.0000000000000004,optimized_seed
pilot-run-6d37247fae12c9d94d04,task-v2-3f11ce371857,g-3ff7063ef9ea5cfb,v2-S4-b000-g-3ff7063ef9ea5cfb,S4,D1,3301,Penalty-X,3,10,16,16,1,920.0,9,1,0.1111111111111111,65536,1,1.52587890625e-05,1,16.0,172.0,172.0,COBYLA,120,"[2.8746040698350956, 3.2295534178963874, 2.6762166453631315, 0.4324890662459698, 2.8286472419409745, 2.8565676468058108]","[2.971204845084266, 4.0842953679772265, 1.737993359795752, 0.5602681806727182, 2.188676790494921, 2.948701197531059]",120,3,Return from COBYLA because the objective function has been evaluated MAXFUN times.,2.2062032361992707,1.68770899430782,1.68770899430782,0.0036590135448396,0.0036590135448396,1.0,239.7971116746132,1.52587890625e-05,1.52587890625e-05,1.0,0.0003539836034178,0.3104464393109083,0.0236817616969347,5.907140691764653,5.907140691764653,5.955737628042698,152.81640625,SUCCESS,,False,False,False,g-3ff7063ef9ea5cfb,D1,3301,4.816479930623699,2.3798439477731224,0.0,1.68770899430782,290.2859470209452,379.46695662627457,290.28594702094506,0.5184942418914507,3,global_fixed,172.0,662.8594505588612,3.8538340148771,penalty_contract_v2_scale_controlled,0.9999999999999978,optimized_seed
pilot-run-e0248df16dadc27bb139,task-v2-095187356858,g-3ff7063ef9ea5cfb,v2-S4-b000-g-3ff7063ef9ea5cfb,S4,D2,0,Uniform,0,10,16,16,1,1463.0,9,2,0.2222222222222222,65536,2,3.0517578125e-05,1,16.0,172.0,172.0,analytic,0,,,0,0,analytic uniform baseline,,,,3.0517578125e-05,1.52587890625e-05,0.5,1.0,3.0517578125e-05,1.52587890625e-05,1.0,0.0003539836034178,0.3104454651474952,0.0,0.0,0.0,0.0,168.38671875,SUCCESS,,False,False,False,g-3ff7063ef9ea5cfb,D2,0,4.515449934959718,0.0,0.0,,,,,,0,global_fixed,172.0,,,penalty_contract_v2_scale_controlled,,analytic_uniform
pilot-run-87faa82f2ce8a5943934,task-v2-095187356858,g-3ff7063ef9ea5cfb,v2-S4-b000-g-3ff7063ef9ea5cfb,S4,D2,1103,Penalty-X,1,10,16,16,1,1463.0,9,2,0.2222222222222222,65536,2,3.0517578125e-05,1,16.0,172.0,172.0,COBYLA,120,"[1.4361119332668082, 2.3383068291715148]","[7.3789079191142415, 2.3757119230245496]",120,3,Return from COBYLA because the objective function has been evaluated MAXFUN times.,2.469112992211488,1.695568439865365,1.695568439865365,0.0021754035595478,0.0016028320751824,0.7367975786137049,71.28362383926326,3.0517578125e-05,1.52587890625e-05,1.0,0.0003539836034178,0.3104454651474952,0.0229282276704907,1.935321506112814,1.935321506112814,1.9503321014344688,153.01171875,SUCCESS,,False,False,False,g-3ff7063ef9ea5cfb,D2,1103,4.515449934959718,1.852989769780092,0.0,1.695568439865365,291.6377716568429,424.687434660376,291.6377716568428,0.7735445523461231,3,global_fixed,172.0,645.5922851690771,3.7534435184248665,penalty_contract_v2_scale_controlled,1.000000000000001,optimized_seed
pilot-run-665fac522d860a820a67,task-v2-095187356858,g-3ff7063ef9ea5cfb,v2-S4-b000-g-3ff7063ef9ea5cfb,S4,D2,2207,Penalty-X,1,10,16,16,1,1463.0,9,2,0.2222222222222222,65536,2,3.0517578125e-05,1,16.0,172.0,172.0,COBYLA,120,"[4.119365739193051, 2.0232897611184613]","[7.984336937989115, 2.375106334588928]",120,3,Return from COBYLA because the objective function has been evaluated MAXFUN times.,2.262494163930227,1.6658840101030212,1.6658840101030212,0.0021634847829082,0.0016211770406488,0.7493360034035665,70.89306936633736,3.0517578125e-05,1.52587890625e-05,1.0,0.0003539836034178,0.3104454651474952,0.0229282276704907,1.978439761325717,1.978439761325717,1.9965067924931643,153.01171875,SUCCESS,,False,False,False,g-3ff7063ef9ea5cfb,D2,2207,4.515449934959718,1.8506037798504944,0.0,1.6658840101030212,286.5320497377196,389.148996195999,286.53204973771966,0.5966101538272057,3,global_fixed,172.0,645.5922851690771,3.7534435184248665,penalty_contract_v2_scale_controlled,1.000000000000001,optimized_seed
pilot-run-8fd94649297bf5c5bfc9,task-v2-095187356858,g-3ff7063ef9ea5cfb,v2-S4-b000-g-3ff7063ef9ea5cfb,S4,D2,3301,Penalty-X,1,10,16,16,1,1463.0,9,2,0.2222222222222222,65536,2,3.0517578125e-05,1,16.0,172.0,172.0,COBYLA,120,"[2.8746040698350956, 1.6147767089481937]","[7.474437584957618, 2.379392053215672]",120,3,Return from COBYLA because the objective function has been evaluated MAXFUN times.,2.636331548405779,1.6889759560331223,1.6889759560331223,0.0022396758213676,0.001653811562265,0.738415598582107,73.3896973145736,3.0517578125e-05,1.52587890625e-05,1.0,0.0003539836034178,0.3104454651474952,0.0229282276704907,2.319204115308821,2.319204115308821,2.3362617790699005,153.01171875,SUCCESS,,False,False,False,g-3ff7063ef9ea5cfb,D2,3301,4.515449934959718,1.865635096517158,0.0,1.6889759560331223,290.50386443769713,453.449026325794,290.503864437697,0.9473555923726568,3,global_fixed,172.0,645.5922851690771,3.7534435184248665,penalty_contract_v2_scale_controlled,0.9999999999999994,optimized_seed
pilot-run-2491854f8959d3747aaa,task-v2-095187356858,g-3ff7063ef9ea5cfb,v2-S4-b000-g-3ff7063ef9ea5cfb,S4,D2,1103,Penalty-X,2,10,16,16,1,1463.0,9,2,0.2222222222222222,65536,2,3.0517578125e-05,1,16.0,172.0,172.0,COBYLA,120,"[1.4361119332668082, 4.6766136583430296, 1.8287983773432719, 0.554097077555417]","[2.2653518965550097, 5.2307998085259095, 3.252486969482005, -0.8185802628619073]",120,3,Return from COBYLA because the objective function has been evaluated MAXFUN times.,2.970065739691388,1.6678211694716716,1.6678211694716716,0.001884664389846,0.0014234701970546,0.7552910771402223,61.75668272647474,3.0517578125e-05,1.52587890625e-05,1.0,0.0003539836034178,0.3104454651474952,0.0229282276704907,4.372471755370498,4.372471755370498,4.409861228428781,153.01171875,SUCCESS,,False,False,False,g-3ff7063ef9ea5cfb,D2,1103,4.515449934959718,1.7906839597324833,0.0,1.6678211694716716,286.86524114912766,510.8513072269188,286.8652411491275,1.3022445702197163,3,global_fixed,172.0,645.5922851690771,3.7534435184248665,penalty_contract_v2_scale_controlled,1.0000000000000022,optimized_seed
pilot-run-70c473bc7f78f19471c6,task-v2-095187356858,g-3ff7063ef9ea5cfb,v2-S4-b000-g-3ff7063ef9ea5cfb,S4,D2,2207,Penalty-X,2,10,16,16,1,1463.0,9,2,0.2222222222222222,65536,2,3.0517578125e-05,1,16.0,172.0,172.0,COBYLA,120,"[4.119365739193051, 4.0465795222369225, 1.5369649905613294, 0.28561357469155796]","[5.170122267360293, 4.126450622870586, 2.351694951548885, 0.11373798526713204]",120,3,Return from COBYLA because the objective function has been evaluated MAXFUN times.,2.753256184183076,1.7895243331246615,1.7895243331246615,0.003414473052017,0.0025002735892268,0.7322575258720572,111.88545296849632,3.0517578125e-05,1.52587890625e-05,1.0,0.0003539836034178,0.3104454651474952,0.0229282276704907,4.389117552898824,4.389117552898824,4.423520440235734,153.01171875,SUCCESS,,False,False,False,g-3ff7063ef9ea5cfb,D2,2207,4.515449934959718,2.0487736244533115,0.0,1.7895243331246615,307.7981852974417,473.560063679489,307.79818529744176,0.9637318510584144,3,global_fixed,172.0,645.5922851690771,3.7534435184248665,penalty_contract_v2_scale_controlled,1.0000000000000022,optimized_seed
pilot-run-6beef084ee03dd21b6cb,task-v2-095187356858,g-3ff7063ef9ea5cfb,v2-S4-b000-g-3ff7063ef9ea5cfb,S4,D2,3301,Penalty-X,2,10,16,16,1,1463.0,9,2,0.2222222222222222,65536,2,3.0517578125e-05,1,16.0,172.0,172.0,COBYLA,120,"[2.8746040698350956, 3.2295534178963874, 1.3381083226815658, 0.4324890662459698]","[4.898797722882811, 3.9192555035661614, 2.3624842653067186, 0.11951964745550542]",120,3,Return from COBYLA because the objective function has been evaluated MAXFUN times.,2.9273896965134822,1.8419544507962824,1.8419544507962824,0.0028751605127881,0.0022014683444749,0.765685371193472,94.21325968304156,3.0517578125e-05,1.52587890625e-05,1.0,0.0003539836034178,0.3104454651474952,0.0229282276704907,4.247103430330753,4.247103430330753,4.280980612151325,153.01171875,SUCCESS,,False,False,False,g-3ff7063ef9ea5cfb,D2,3301,4.515449934959718,1.974112030201808,0.0,1.8419544507962824,316.8161655369606,503.51102780031897,316.81616553696057,1.0854352457171998,3,global_fixed,172.0,645.5922851690771,3.7534435184248665,penalty_contract_v2_scale_controlled,1.000000000000001,optimized_seed
pilot-run-de9685ee871f1317906f,task-v2-095187356858,g-3ff7063ef9ea5cfb,v2-S4-b000-g-3ff7063ef9ea5cfb,S4,D2,1103,Penalty-X,3,10,16,16,1,1463.0,9,2,0.2222222222222222,65536,2,3.0517578125e-05,1,16.0,172.0,172.0,COBYLA,120,"[1.4361119332668082, 4.6766136583430296, 3.6575967546865438, 0.554097077555417, 2.658092015317178, 1.6434959053105886]","[2.6327023978701787, 4.1838863618862, 3.848304927794709, 0.8845619663885724, 3.1512911447951852, 2.1517893294270487]",120,3,Return from COBYLA because the objective function has been evaluated MAXFUN times.,3.003810567478215,1.5748019597965617,1.5748019597965617,0.0002433471173536,0.000207852974189,0.8541419206002848,7.973998341445014,3.0517578125e-05,1.52587890625e-05,1.0,0.0003539836034178,0.3104454651474952,0.0229282276704907,6.360915208235383,6.360915208235383,6.4098672941327095,153.01171875,SUCCESS,,False,False,False,g-3ff7063ef9ea5cfb,D2,1103,4.515449934959718,0.90167614099513,0.0,1.5748019597965617,270.8659370850089,516.655417606253,270.8659370850086,1.4290086076816535,3,global_fixed,172.0,645.5922851690771,3.7534435184248665,penalty_contract_v2_scale_controlled,1.0000000000000009,optimized_seed
pilot-run-70734a1cfb2e1daa5e15,task-v2-095187356858,g-3ff7063ef9ea5cfb,v2-S4-b000-g-3ff7063ef9ea5cfb,S4,D2,2207,Penalty-X,3,10,16,16,1,1463.0,9,2,0.2222222222222222,65536,2,3.0517578125e-05,1,16.0,172.0,172.0,COBYLA,120,"[4.119365739193051, 4.0465795222369225, 3.073929981122659, 0.28561357469155796, 1.0467419303334264, 1.2456798648809793]","[4.848777602862137, 4.497803890932492, 2.953864072144015, 0.7731649846951076, 0.1524290210884935, 1.8637328522863381]",120,3,Return from COBYLA because the objective function has been evaluated MAXFUN times.,2.018412178796987,1.460399502953621,1.460399502953621,0.0003306209036606,0.0002944551664688,0.8906126721225422,10.833785771153432,3.0517578125e-05,1.52587890625e-05,1.0,0.0003539836034178,0.3104454651474952,0.0229282276704907,6.245923195965588,6.245923195965588,6.294744160957634,153.01171875,SUCCESS,,False,False,False,g-3ff7063ef9ea5cfb,D2,2207,4.515449934959718,1.0347802435342004,0.0,1.460399502953621,251.18871450802283,347.1668947530818,251.1887145080228,0.5580126758433661,3,global_fixed,172.0,645.5922851690771,3.7534435184248665,penalty_contract_v2_scale_controlled,1.0000000000000029,optimized_seed
pilot-run-475c8afa396d64c7d30e,task-v2-095187356858,g-3ff7063ef9ea5cfb,v2-S4-b000-g-3ff7063ef9ea5cfb,S4,D2,3301,Penalty-X,3,10,16,16,1,1463.0,9,2,0.2222222222222222,65536,2,3.0517578125e-05,1,16.0,172.0,172.0,COBYLA,120,"[2.8746040698350956, 3.2295534178963874, 2.6762166453631315, 0.4324890662459698, 2.8286472419409745, 2.8565676468058108]","[3.030675496288968, 4.1141587920427565, 1.581584158514645, 0.5811002296019901, 2.1869289013831614, 2.9708692558231853]",120,3,Return from COBYLA because the objective function has been evaluated MAXFUN times.,2.124080591147949,1.507038113933482,1.507038113933482,0.0043857255145347,0.0032421591145125,0.7392526285030148,143.71145366027358,3.0517578125e-05,1.52587890625e-05,1.0,0.0003539836034178,0.3104454651474952,0.0229282276704907,6.226619075983763,6.226619075983763,6.281392641365528,153.01171875,SUCCESS,,False,False,False,g-3ff7063ef9ea5cfb,D2,3301,4.515449934959718,2.1574913823529265,0.0,1.507038113933482,259.210555596559,365.3418616774471,259.2105555965589,0.6170424772144667,3,global_fixed,172.0,645.5922851690771,3.7534435184248665,penalty_contract_v2_scale_controlled,0.9999999999999972,optimized_seed
pilot-run-2f8a7b303a3e12283b29,task-v2-0b71cbcaebc2,g-3ff7063ef9ea5cfb,v2-S4-b000-g-3ff7063ef9ea5cfb,S4,D3,0,Uniform,0,10,16,16,1,1570.0,9,3,0.3333333333333333,65536,3,4.57763671875e-05,1,8.0,172.0,172.0,analytic,0,,,0,0,analytic uniform baseline,,,,4.57763671875e-05,1.52587890625e-05,0.3333333333333333,1.0,4.57763671875e-05,1.52587890625e-05,1.0,0.0003539836034178,0.3104452770203352,0.0,0.0,0.0,0.0,168.38671875,SUCCESS,,False,False,False,g-3ff7063ef9ea5cfb,D3,0,4.339358675904037,0.0,0.0,,,,,,0,global_fixed,172.0,,,penalty_contract_v2_scale_controlled,,analytic_uniform
pilot-run-64fbd598b2fb994d1186,task-v2-0b71cbcaebc2,g-3ff7063ef9ea5cfb,v2-S4-b000-g-3ff7063ef9ea5cfb,S4,D3,1103,Penalty-X,1,10,16,16,1,1570.0,9,3,0.3333333333333333,65536,3,4.57763671875e-05,1,8.0,172.0,172.0,COBYLA,120,"[1.4361119332668082, 2.3383068291715148]","[8.308289204850917, 2.38580198258624]",120,3,Return from COBYLA because the objective function has been evaluated MAXFUN times.,2.4516717798513774,1.6211504523645537,1.6211504523645537,0.0040409399050542,0.0017313598031451,0.4284547268271979,88.27567920587825,4.57763671875e-05,1.52587890625e-05,1.0,0.0003539836034178,0.3104452770203352,0.027726980857551,2.0741764158010483,2.0741764158010483,2.0898579163476825,152.8515625,SUCCESS,,False,False,False,g-3ff7063ef9ea5cfb,D3,1103,4.339358675904037,1.9458410677727185,0.0,1.6211504523645537,278.8378778067034,421.6875461344369,278.8378778067032,0.830521327486824,3,global_fixed,172.0,650.3682494359821,3.78121075253478,penalty_contract_v2_scale_controlled,0.9999999999999992,optimized_seed
pilot-run-93824d063773ff8cebf4,task-v2-0b71cbcaebc2,g-3ff7063ef9ea5cfb,v2-S4-b000-g-3ff7063ef9ea5cfb,S4,D3,2207,Penalty-X,1,10,16,16,1,1570.0,9,3,0.3333333333333333,65536,3,4.57763671875e-05,1,8.0,172.0,172.0,COBYLA,120,"[4.119365739193051, 2.0232897611184613]","[7.829300188356269, 2.3856895653446153]",120,3,Return from COBYLA because the objective function has been evaluated MAXFUN times.,2.243134536978257,1.6271946423077046,1.6271946423077046,0.0039937868201739,0.0016600925976784,0.4156688056790431,87.24560434897354,4.57763671875e-05,1.52587890625e-05,1.0,0.0003539836034178,0.3104452770203352,0.027726980857551,2.35985257755965,2.35985257755965,2.379622533917427,152.8515625,SUCCESS,,False,False,False,g-3ff7063ef9ea5cfb,D3,2207,4.339358675904037,1.9407435553438293,0.0,1.6271946423077046,279.87747847692503,385.8191403602602,279.8774784769252,0.6159398946705523,3,global_fixed,172.0,650.3682494359821,3.78121075253478,penalty_contract_v2_scale_controlled,0.9999999999999992,optimized_seed
pilot-run-5d261cfbcbf5bdd72e5c,task-v2-0b71cbcaebc2,g-3ff7063ef9ea5cfb,v2-S4-b000-g-3ff7063ef9ea5cfb,S4,D3,3301,Penalty-X,1,10,16,16,1,1570.0,9,3,0.3333333333333333,65536,3,4.57763671875e-05,1,8.0,172.0,172.0,COBYLA,120,"[2.8746040698350956, 1.6147767089481937]","[7.222219339473986, 2.411049509750617]",120,3,Return from COBYLA because the objective function has been evaluated MAXFUN times.,2.624874301344506,1.6656559731076075,1.6656559731076075,0.0045785452266717,0.0019488455843383,0.425647337277712,100.0198466583859,4.57763671875e-05,1.52587890625e-05,1.0,0.0003539836034178,0.3104452770203352,0.027726980857551,2.266350599937141,2.266350599937141,2.2842180840671062,152.8515625,SUCCESS,,False,False,False,g-3ff7063ef9ea5cfb,D3,3301,4.339358675904037,2.0000861843901343,0.0,1.6656559731076075,286.4928273745087,451.47837983125504,286.49282737450847,0.9592183282368985,3,global_fixed,172.0,650.3682494359821,3.78121075253478,penalty_contract_v2_scale_controlled,1.0,optimized_seed
pilot-run-2a962acbd2519820abb9,task-v2-0b71cbcaebc2,g-3ff7063ef9ea5cfb,v2-S4-b000-g-3ff7063ef9ea5cfb,S4,D3,1103,Penalty-X,2,10,16,16,1,1570.0,9,3,0.3333333333333333,65536,3,4.57763671875e-05,1,8.0,172.0,172.0,COBYLA,120,"[1.4361119332668082, 4.6766136583430296, 1.8287983773432719, 0.554097077555417]","[3.176230981602957, 5.674042409120552, 3.7979473976669467, -1.0383617347001624]",120,3,Return from COBYLA because the objective function has been evaluated MAXFUN times.,2.9409545924175324,1.5682571975225854,1.5682571975225854,0.0012391277545523,0.000442523332109,0.3571248650377487,27.06915884078117,4.57763671875e-05,1.52587890625e-05,1.0,0.0003539836034178,0.3104452770203352,0.027726980857551,4.286677028052509,4.286677028052509,4.324613214470446,152.8515625,SUCCESS,,False,False,False,g-3ff7063ef9ea5cfb,D3,1103,4.339358675904037,1.432474760518087,0.0,1.5682571975225854,269.74023797388486,505.8441898958156,269.7402379738847,1.372697394894947,3,global_fixed,172.0,650.3682494359821,3.78121075253478,penalty_contract_v2_scale_controlled,0.999999999999998,optimized_seed
pilot-run-1156cfc7c79172ea7242,task-v2-0b71cbcaebc2,g-3ff7063ef9ea5cfb,v2-S4-b000-g-3ff7063ef9ea5cfb,S4,D3,2207,Penalty-X,2,10,16,16,1,1570.0,9,3,0.3333333333333333,65536,3,4.57763671875e-05,1,8.0,172.0,172.0,COBYLA,120,"[4.119365739193051, 4.0465795222369225, 1.5369649905613294, 0.28561357469155796]","[5.382693999144022, 4.06232536533594, 2.3582558890585053, 0.11763937384472527]",120,3,Return from COBYLA because the objective function has been evaluated MAXFUN times.,2.7361520928558654,1.729332625088736,1.729332625088736,0.0050570749493314,0.0013469669025307,0.2663529641198573,110.47348795979462,4.57763671875e-05,1.52587890625e-05,1.0,0.0003539836034178,0.3104452770203352,0.027726980857551,4.307108323089778,4.307108323089778,4.344012933783233,152.8515625,SUCCESS,,False,False,False,g-3ff7063ef9ea5cfb,D3,2207,4.339358675904037,2.043258066127416,0.0,1.729332625088736,297.4452115152625,470.61815997120885,297.4452115152626,1.0068194677671294,3,global_fixed,172.0,650.3682494359821,3.78121075253478,penalty_contract_v2_scale_controlled,1.0000000000000022,optimized_seed
pilot-run-919893eb4d00ee1eb893,task-v2-0b71cbcaebc2,g-3ff7063ef9ea5cfb,v2-S4-b000-g-3ff7063ef9ea5cfb,S4,D3,3301,Penalty-X,2,10,16,16,1,1570.0,9,3,0.3333333333333333,65536,3,4.57763671875e-05,1,8.0,172.0,172.0,COBYLA,120,"[2.8746040698350956, 3.2295534178963874, 1.3381083226815658, 0.4324890662459698]","[4.590970157217498, 3.6209572379158437, 2.3568347942876007, 0.10931802244243921]",120,3,Return from COBYLA because the objective function has been evaluated MAXFUN times.,2.9081584473573416,1.8884274615100032,1.8884274615100032,0.0022787042065133,0.0003223748482263,0.1414728806419259,49.7790529593539,4.57763671875e-05,1.52587890625e-05,1.0,0.0003539836034178,0.3104452770203352,0.027726980857551,4.1826508874073625,4.1826508874073625,4.214258307591081,152.8515625,SUCCESS,,False,False,False,g-3ff7063ef9ea5cfb,D3,3301,4.339358675904037,1.6970466299495706,0.0,1.8884274615100032,324.80952337972064,500.20325294546274,324.80952337972053,1.0197309858473385,3,global_fixed,172.0,650.3682494359821,3.78121075253478,penalty_contract_v2_scale_controlled,0.9999999999999972,optimized_seed
pilot-run-b5c075f350d86b31108c,task-v2-0b71cbcaebc2,g-3ff7063ef9ea5cfb,v2-S4-b000-g-3ff7063ef9ea5cfb,S4,D3,1103,Penalty-X,3,10,16,16,1,1570.0,9,3,0.3333333333333333,65536,3,4.57763671875e-05,1,8.0,172.0,172.0,COBYLA,120,"[1.4361119332668082, 4.6766136583430296, 3.6575967546865438, 0.554097077555417, 2.658092015317178, 1.6434959053105886]","[2.6956719339449227, 4.695568146021179, 4.047644385874358, 0.7024589561373761, 3.503759786852387, 1.872447179823655]",120,3,Return from COBYLA because the objective function has been evaluated MAXFUN times.,2.9874899653372355,1.491398971055638,1.491398971055638,0.0008641086649319,0.0005895051951491,0.6822118780576527,18.87674182166072,4.57763671875e-05,1.52587890625e-05,1.0,0.0003539836034178,0.3104452770203352,0.027726980857551,6.221998939290643,6.221998939290643,6.270853590220213,152.8515625,SUCCESS,,False,False,False,g-3ff7063ef9ea5cfb,D3,1103,4.339358675904037,1.2759270359904389,0.0,1.491398971055638,256.52062302156946,513.8482740380045,256.5206230215697,1.4960909942815976,3,global_fixed,172.0,650.3682494359821,3.78121075253478,penalty_contract_v2_scale_controlled,0.9999999999999992,optimized_seed
pilot-run-a47959902d5e4c11031c,task-v2-0b71cbcaebc2,g-3ff7063ef9ea5cfb,v2-S4-b000-g-3ff7063ef9ea5cfb,S4,D3,2207,Penalty-X,3,10,16,16,1,1570.0,9,3,0.3333333333333333,65536,3,4.57763671875e-05,1,8.0,172.0,172.0,COBYLA,120,"[4.119365739193051, 4.0465795222369225, 3.073929981122659, 0.28561357469155796, 1.0467419303334264, 1.2456798648809793]","[4.667531447584924, 4.400058388854375, 3.267210197540893, 0.784944708740295, 0.13381726139422867, 1.9118019140770701]",120,3,Return from COBYLA because the objective function has been evaluated MAXFUN times.,1.983268265647677,1.4308215752966449,1.4308215752966449,0.0012225537788793,0.0009922011497298,0.8115807802249515,26.707094817546302,4.57763671875e-05,1.52587890625e-05,1.0,0.0003539836034178,0.3104452770203352,0.027726980857551,6.196659656241536,6.196659656241536,6.244873164221644,152.8515625,SUCCESS,,False,False,False,g-3ff7063ef9ea5cfb,D3,2207,4.339358675904037,1.426626648286074,0.0,1.4308215752966449,246.1013109510226,341.12214169140043,246.1013109510229,0.5524466903510323,3,global_fixed,172.0,650.3682494359821,3.78121075253478,penalty_contract_v2_scale_controlled,0.9999999999999992,optimized_seed
pilot-run-385f259911c0c61b57bd,task-v2-0b71cbcaebc2,g-3ff7063ef9ea5cfb,v2-S4-b000-g-3ff7063ef9ea5cfb,S4,D3,3301,Penalty-X,3,10,16,16,1,1570.0,9,3,0.3333333333333333,65536,3,4.57763671875e-05,1,8.0,172.0,172.0,COBYLA,120,"[2.8746040698350956, 3.2295534178963874, 2.6762166453631315, 0.4324890662459698, 2.8286472419409745, 2.8565676468058108]","[3.0253726517954727, 4.177902160881826, 3.9408762351431457, 0.4234695288230427, 2.14081796315589, 3.256929973117483]",120,3,Return from COBYLA because the objective function has been evaluated MAXFUN times.,2.106256035376803,1.541138042332002,1.541138042332002,0.0043483742853029,0.0009786523556285,0.225061664755108,94.99168572053888,4.57763671875e-05,1.52587890625e-05,1.0,0.0003539836034178,0.3104452770203352,0.027726980857551,6.05345840845257,6.05345840845257,6.105659171007574,152.8515625,SUCCESS,,False,False,False,g-3ff7063ef9ea5cfb,D3,3301,4.339358675904037,1.977685594723495,0.0,1.541138042332002,265.07574328110434,362.2760380848101,265.07574328110434,0.5651179930448009,3,global_fixed,172.0,650.3682494359821,3.78121075253478,penalty_contract_v2_scale_controlled,0.9999999999999984,optimized_seed
pilot-run-e03226e9bac88d68f1a8,task-v2-606c43f06406,g-3ff7063ef9ea5cfb,v2-S4-b000-g-3ff7063ef9ea5cfb,S4,D4,0,Uniform,0,10,16,16,1,1605.0,9,4,0.4444444444444444,65536,4,6.103515625e-05,1,8.0,172.0,172.0,analytic,0,,,0,0,analytic uniform baseline,,,,6.103515625e-05,1.52587890625e-05,0.25,1.0,6.103515625e-05,1.52587890625e-05,1.0,0.0003539836034178,0.3104450758546591,0.0,0.0,0.0,0.0,168.38671875,SUCCESS,,False,False,False,g-3ff7063ef9ea5cfb,D4,0,4.214419939295737,0.0,0.0,,,,,,0,global_fixed,172.0,,,penalty_contract_v2_scale_controlled,,analytic_uniform
pilot-run-e0159dbaf2315954bcb1,task-v2-606c43f06406,g-3ff7063ef9ea5cfb,v2-S4-b000-g-3ff7063ef9ea5cfb,S4,D4,1103,Penalty-X,1,10,16,16,1,1605.0,9,4,0.4444444444444444,65536,4,6.103515625e-05,1,8.0,172.0,172.0,COBYLA,120,"[1.4361119332668082, 2.3383068291715148]","[7.386723068200382, 2.391170069480572]",120,3,Return from COBYLA because the objective function has been evaluated MAXFUN times.,2.445697003216393,1.639393544124174,1.639393544124174,0.0047044370159078,0.0016922255395988,0.3597084058893066,77.07749606863342,6.103515625e-05,1.52587890625e-05,1.0,0.0003539836034178,0.3104450758546591,0.0289777601137757,2.338666722178459,2.338666722178459,2.3572021294385195,152.84375,SUCCESS,,False,False,False,g-3ff7063ef9ea5cfb,D4,1103,4.214419939295737,1.886927597768072,0.0,1.639393544124174,281.9756895893579,420.6598845532196,281.975689589358,0.8063034590922189,3,global_fixed,172.0,649.3264150968276,3.775153576144347,penalty_contract_v2_scale_controlled,1.0,optimized_seed
pilot-run-bf8289151de817098dda,task-v2-606c43f06406,g-3ff7063ef9ea5cfb,v2-S4-b000-g-3ff7063ef9ea5cfb,S4,D4,2207,Penalty-X,1,10,16,16,1,1605.0,9,4,0.4444444444444444,65536,4,6.103515625e-05,1,8.0,172.0,172.0,COBYLA,120,"[4.119365739193051, 2.0232897611184613]","[8.068160874666491, 2.382553044758336]",120,3,Return from COBYLA because the objective function has been evaluated MAXFUN times.,2.235748198860774,1.6117754271204376,1.6117754271204376,0.0044562456965226,0.0016398475997174,0.367988596543734,73.01112949182783,6.103515625e-05,1.52587890625e-05,1.0,0.0003539836034178,0.3104450758546591,0.0289777601137757,2.419202229939401,2.419202229939401,2.4366393936797976,152.84375,SUCCESS,,False,False,False,g-3ff7063ef9ea5cfb,D4,2207,4.214419939295737,1.8633890670858209,0.0,1.6117754271204376,277.2253734647154,384.5486902040532,277.2253734647153,0.6239727717403365,3,global_fixed,172.0,649.3264150968276,3.775153576144347,penalty_contract_v2_scale_controlled,1.000000000000001,optimized_seed
pilot-run-b93d000de9830949781a,task-v2-606c43f06406,g-3ff7063ef9ea5cfb,v2-S4-b000-g-3ff7063ef9ea5cfb,S4,D4,3301,Penalty-X,1,10,16,16,1,1605.0,9,4,0.4444444444444444,65536,4,6.103515625e-05,1,8.0,172.0,172.0,COBYLA,120,"[2.8746040698350956, 1.6147767089481937]","[7.323396014622524, 2.3943176386815117]",120,3,Return from COBYLA because the objective function has been evaluated MAXFUN times.,2.621134036285852,1.6442800743823769,1.6442800743823769,0.0047926238813708,0.0017291433952745,0.3607926342803232,78.52234967237979,6.103515625e-05,1.52587890625e-05,1.0,0.0003539836034178,0.3104450758546591,0.0289777601137757,2.378673704341054,2.378673704341054,2.395959982648492,152.84375,SUCCESS,,False,False,False,g-3ff7063ef9ea5cfb,D4,3301,4.214419939295737,1.8949932867822847,0.0,1.6442800743823769,282.8161727937687,450.8350542411664,282.8161727937688,0.9768539619034746,3,global_fixed,172.0,649.3264150968276,3.775153576144347,penalty_contract_v2_scale_controlled,0.9999999999999988,optimized_seed
pilot-run-1da511e2f2b6221d4ff5,task-v2-606c43f06406,g-3ff7063ef9ea5cfb,v2-S4-b000-g-3ff7063ef9ea5cfb,S4,D4,1103,Penalty-X,2,10,16,16,1,1605.0,9,4,0.4444444444444444,65536,4,6.103515625e-05,1,8.0,172.0,172.0,COBYLA,120,"[1.4361119332668082, 4.6766136583430296, 1.8287983773432719, 0.554097077555417]","[2.4084554011520796, 4.963910099709779, 3.2261732434850257, -0.8010686431749112]",120,3,Return from COBYLA because the objective function has been evaluated MAXFUN times.,2.9316099297245746,1.618351920785332,1.618351920785332,0.0039036974597187,0.0013724131225755,0.3515674912661995,63.95817918003259,6.103515625e-05,1.52587890625e-05,1.0,0.0003539836034178,0.3104450758546591,0.0289777601137757,4.417852842248976,4.417852842248976,4.455833784304559,152.84375,SUCCESS,,False,False,False,g-3ff7063ef9ea5cfb,D4,1103,4.214419939295737,1.8058960913574915,0.0,1.618351920785332,278.35653037507706,504.2369079126268,278.35653037507706,1.3132580089392427,3,global_fixed,172.0,649.3264150968276,3.775153576144347,penalty_contract_v2_scale_controlled,0.9999999999999968,optimized_seed
pilot-run-55c18d66b5d068365400,task-v2-606c43f06406,g-3ff7063ef9ea5cfb,v2-S4-b000-g-3ff7063ef9ea5cfb,S4,D4,2207,Penalty-X,2,10,16,16,1,1605.0,9,4,0.4444444444444444,65536,4,6.103515625e-05,1,8.0,172.0,172.0,COBYLA,120,"[4.119365739193051, 4.0465795222369225, 1.5369649905613294, 0.28561357469155796]","[5.756985282058634, 4.1886011140729815, 2.3570011008835774, 0.12089434373995776]",120,3,Return from COBYLA because the objective function has been evaluated MAXFUN times.,2.7301261504130814,1.6556790539460058,1.6556790539460058,0.0074898536268675,0.0020602171127518,0.2750677403576294,122.71376182259766,6.103515625e-05,1.52587890625e-05,1.0,0.0003539836034178,0.3104450758546591,0.0289777601137757,4.2359429420903325,4.2359429420903325,4.2690134067088366,152.84375,SUCCESS,,False,False,False,g-3ff7063ef9ea5cfb,D4,2207,4.214419939295737,2.0888932697235227,0.0,1.6556790539460058,284.776797278713,469.58169787105,284.776797278713,1.0744470964670756,3,global_fixed,172.0,649.3264150968276,3.775153576144347,penalty_contract_v2_scale_controlled,1.0000000000000004,optimized_seed
pilot-run-eda6b34c52614ac5f35e,task-v2-606c43f06406,g-3ff7063ef9ea5cfb,v2-S4-b000-g-3ff7063ef9ea5cfb,S4,D4,3301,Penalty-X,2,10,16,16,1,1605.0,9,4,0.4444444444444444,65536,4,6.103515625e-05,1,8.0,172.0,172.0,COBYLA,120,"[2.8746040698350956, 3.2295534178963874, 1.3381083226815658, 0.4324890662459698]","[5.054698119540659, 3.85340009793263, 2.3556056408497468, 0.11676885962759215]",120,3,Return from COBYLA because the objective function has been evaluated MAXFUN times.,2.901746324559529,1.7873643084968989,1.7873643084968989,0.0043229011029104,0.0009240164953928,0.2137491636740785,70.82641167008428,6.103515625e-05,1.52587890625e-05,1.0,0.0003539836034178,0.3104450758546591,0.0289777601137757,4.403775895945728,4.403775895945728,4.438810188323259,152.84375,SUCCESS,,False,False,False,g-3ff7063ef9ea5cfb,D4,3301,4.214419939295737,1.8501952393791048,0.0,1.7873643084968989,307.42666106146646,499.100367824239,307.42666106146663,1.1143820160626303,3,global_fixed,172.0,649.3264150968276,3.775153576144347,penalty_contract_v2_scale_controlled,0.9999999999999962,optimized_seed
pilot-run-547fda6a3d0a3c72d2cf,task-v2-606c43f06406,g-3ff7063ef9ea5cfb,v2-S4-b000-g-3ff7063ef9ea5cfb,S4,D4,1103,Penalty-X,3,10,16,16,1,1605.0,9,4,0.4444444444444444,65536,4,6.103515625e-05,1,8.0,172.0,172.0,COBYLA,120,"[1.4361119332668082, 4.6766136583430296, 3.6575967546865438, 0.554097077555417, 2.658092015317178, 1.6434959053105886]","[2.776893754702418, 4.6404754997724975, 4.257414854147666, 0.7123458018170953, 3.5276024995403588, 1.8650607920910445]",120,3,Return from COBYLA because the objective function has been evaluated MAXFUN times.,2.9818731448479454,1.4750087926710318,1.4750087926710318,0.0008307313280443,0.0005173468496482,0.6227607316388846,13.610702078677903,6.103515625e-05,1.52587890625e-05,1.0,0.0003539836034178,0.3104450758546591,0.0289777601137757,6.248773019760847,6.248773019760847,6.29827849380672,152.84375,SUCCESS,,False,False,False,g-3ff7063ef9ea5cfb,D4,1103,4.214419939295737,1.133880527924239,0.0,1.4750087926710318,253.7015123394173,512.8821809138466,253.70151233941743,1.5068643521769136,3,global_fixed,172.0,649.3264150968276,3.775153576144347,penalty_contract_v2_scale_controlled,1.000000000000001,optimized_seed
pilot-run-d3ec89a5a1f4d6bfcfec,task-v2-606c43f06406,g-3ff7063ef9ea5cfb,v2-S4-b000-g-3ff7063ef9ea5cfb,S4,D4,2207,Penalty-X,3,10,16,16,1,1605.0,9,4,0.4444444444444444,65536,4,6.103515625e-05,1,8.0,172.0,172.0,COBYLA,120,"[4.119365739193051, 4.0465795222369225, 3.073929981122659, 0.28561357469155796, 1.0467419303334264, 1.2456798648809793]","[4.797831493690285, 4.610692642498879, 2.991793576784186, 0.7865521755383588, 0.12592176870256797, 1.8922506623765711]",120,3,Return from COBYLA because the objective function has been evaluated MAXFUN times.,1.9781563280409296,1.4189007021446225,1.4189007021446225,0.0011604029523434,0.0008740298279769,0.753212344222181,19.01204197119523,6.103515625e-05,1.52587890625e-05,1.0,0.0003539836034178,0.3104450758546591,0.0289777601137757,6.214842340908945,6.214842340908945,6.26432899851352,152.84375,SUCCESS,,False,False,False,g-3ff7063ef9ea5cfb,D4,2207,4.214419939295737,1.279028764377106,0.0,1.4189007021446225,244.05092076887536,340.24288842303986,244.05092076887507,0.5592556258963071,3,global_fixed,172.0,649.3264150968276,3.775153576144347,penalty_contract_v2_scale_controlled,1.0000000000000004,optimized_seed
pilot-run-8f14c0b03cddb41dfe7e,task-v2-606c43f06406,g-3ff7063ef9ea5cfb,v2-S4-b000-g-3ff7063ef9ea5cfb,S4,D4,3301,Penalty-X,3,10,16,16,1,1605.0,9,4,0.4444444444444444,65536,4,6.103515625e-05,1,8.0,172.0,172.0,COBYLA,120,"[2.8746040698350956, 3.2295534178963874, 2.6762166453631315, 0.4324890662459698, 2.8286472419409745, 2.8565676468058108]","[3.012106754209713, 4.138529820971093, 3.858653376282586, 0.4284559819468621, 2.1523928053208286, 3.2605167129529904]",120,3,Return from COBYLA because the objective function has been evaluated MAXFUN times.,2.103302520363006,1.5460784196777138,1.5460784196777138,0.0050215197721834,0.0011781854842804,0.2346272717687876,82.27257994745317,6.103515625e-05,1.52587890625e-05,1.0,0.0003539836034178,0.3104450758546591,0.0289777601137757,6.615809288807213,6.615809288807213,6.671280525624752,152.84375,SUCCESS,,False,False,False,g-3ff7063ef9ea5cfb,D4,3301,4.214419939295737,1.915255116357785,0.0,1.5460784196777138,265.9254881845668,361.768033502437,265.92548818456675,0.557224100685292,3,global_fixed,172.0,649.3264150968276,3.775153576144347,penalty_contract_v2_scale_controlled,0.9999999999999968,optimized_seed
pilot-run-af5e3c42e4a2f15180c0,task-v2-9f1427c2fbd8,g-3ff7063ef9ea5cfb,v2-S4-b000-g-3ff7063ef9ea5cfb,S4,D5,0,Uniform,0,10,16,16,1,2235.0,9,6,0.6666666666666666,65536,6,9.1552734375e-05,2,8.0,172.0,172.0,analytic,0,,,0,0,analytic uniform baseline,,,,9.1552734375e-05,3.0517578125e-05,0.3333333333333333,1.0,9.1552734375e-05,3.0517578125e-05,1.0,0.0003539836034178,0.3104453086853027,0.0,0.0,0.0,0.0,168.38671875,SUCCESS,,False,False,False,g-3ff7063ef9ea5cfb,D5,0,4.038328680240055,0.0,0.0,,,,,,0,global_fixed,172.0,,,penalty_contract_v2_scale_controlled,,analytic_uniform
pilot-run-6d6db8f3c4ad9c56082d,task-v2-9f1427c2fbd8,g-3ff7063ef9ea5cfb,v2-S4-b000-g-3ff7063ef9ea5cfb,S4,D5,1103,Penalty-X,1,10,16,16,1,2235.0,9,6,0.6666666666666666,65536,6,9.1552734375e-05,2,8.0,172.0,172.0,COBYLA,120,"[1.4361119332668082, 2.3383068291715148]","[4.209875288210688, 2.263852375647062]",120,3,Return from COBYLA because the objective function has been evaluated MAXFUN times.,2.238891799422458,1.942516546404188,1.942516546404188,0.0012212755236982,0.0003891895183736,0.3186746240481013,13.339585453514976,9.1552734375e-05,3.0517578125e-05,1.0,0.0003539836034178,0.3104453086853027,0.0249535264447331,2.3469816613942385,2.3469816613942385,2.3652525916695595,152.98828125,SUCCESS,,False,False,False,g-3ff7063ef9ea5cfb,D5,1103,4.038328680240055,1.1251423334749575,0.0,1.942516546404188,334.1128459815205,385.0893895006629,334.1128459815204,0.2963752530182704,3,global_fixed,172.0,631.6487403601338,3.672376397442639,penalty_contract_v2_scale_controlled,1.0000000000000009,optimized_seed
pilot-run-7a1db22548f35a77927e,task-v2-9f1427c2fbd8,g-3ff7063ef9ea5cfb,v2-S4-b000-g-3ff7063ef9ea5cfb,S4,D5,2207,Penalty-X,1,10,16,16,1,2235.0,9,6,0.6666666666666666,65536,6,9.1552734375e-05,2,8.0,172.0,172.0,COBYLA,120,"[4.119365739193051, 2.0232897611184613]","[7.550350433534564, 2.4087717634739234]",120,3,Return from COBYLA because the objective function has been evaluated MAXFUN times.,2.08413543705864,1.4419067369375322,1.4419067369375322,0.0075816903790453,0.0033641543397696,0.4437208817004237,82.81227678018637,9.1552734375e-05,3.0517578125e-05,1.0,0.0003539836034178,0.3104453086853027,0.0249535264447331,2.209667094051838,2.209667094051838,2.2261787382885814,152.98828125,SUCCESS,,False,False,False,g-3ff7063ef9ea5cfb,D5,2207,4.038328680240055,1.9180947249812608,0.0,1.4419067369375322,248.00795875325568,358.471295174086,248.0079587532556,0.6422287001211071,3,global_fixed,172.0,631.6487403601338,3.672376397442639,penalty_contract_v2_scale_controlled,0.9999999999999992,optimized_seed
pilot-run-95fb0ce3a412e11bc86f,task-v2-9f1427c2fbd8,g-3ff7063ef9ea5cfb,v2-S4-b000-g-3ff7063ef9ea5cfb,S4,D5,3301,Penalty-X,1,10,16,16,1,2235.0,9,6,0.6666666666666666,65536,6,9.1552734375e-05,2,8.0,172.0,172.0,COBYLA,120,"[2.8746040698350956, 1.6147767089481937]","[7.298376806692133, 2.4177625152771935]",120,3,Return from COBYLA because the objective function has been evaluated MAXFUN times.,2.536860012228062,1.4495104564989634,1.4495104564989634,0.007808201480825,0.0035133540699505,0.4499568919396417,85.28638204122545,9.1552734375e-05,3.0517578125e-05,1.0,0.0003539836034178,0.3104453086853027,0.0249535264447331,2.2073827106505632,2.2073827106505632,2.2237183582037687,152.98828125,SUCCESS,,False,False,False,g-3ff7063ef9ea5cfb,D5,3301,4.038328680240055,1.930879691466518,0.0,1.4495104564989634,249.3157985178214,436.3399221032267,249.3157985178217,1.0873495557290986,3,global_fixed,172.0,631.6487403601338,3.672376397442639,penalty_contract_v2_scale_controlled,0.9999999999999996,optimized_seed
pilot-run-6b9ef075c9eb7b685bdc,task-v2-9f1427c2fbd8,g-3ff7063ef9ea5cfb,v2-S4-b000-g-3ff7063ef9ea5cfb,S4,D5,1103,Penalty-X,2,10,16,16,1,2235.0,9,6,0.6666666666666666,65536,6,9.1552734375e-05,2,8.0,172.0,172.0,COBYLA,120,"[1.4361119332668082, 4.6766136583430296, 1.8287983773432719, 0.554097077555417]","[2.512655054356327, 4.4678502950217425, 2.2830617712591095, 0.09193215380077013]",120,3,Return from COBYLA because the objective function has been evaluated MAXFUN times.,2.682711263360525,1.9368107640822307,1.9368107640822307,0.0036972676243617,0.0013649382782657,0.3691748655877816,40.38402183836148,9.1552734375e-05,3.0517578125e-05,1.0,0.0003539836034178,0.3104453086853027,0.0249535264447331,4.304057545028627,4.304057545028627,4.337761991657317,152.98828125,SUCCESS,,False,False,False,g-3ff7063ef9ea5cfb,D5,1103,4.038328680240055,1.606209568080372,0.0,1.9368107640822307,333.13145142214364,461.4263372980103,333.1314514221437,0.745900499278294,3,global_fixed,172.0,631.6487403601338,3.672376397442639,penalty_contract_v2_scale_controlled,1.000000000000001,optimized_seed
pilot-run-2b4d87180e7af60672e5,task-v2-9f1427c2fbd8,g-3ff7063ef9ea5cfb,v2-S4-b000-g-3ff7063ef9ea5cfb,S4,D5,2207,Penalty-X,2,10,16,16,1,2235.0,9,6,0.6666666666666666,65536,6,9.1552734375e-05,2,8.0,172.0,172.0,COBYLA,120,"[4.119365739193051, 4.0465795222369225, 1.5369649905613294, 0.28561357469155796]","[5.303644729290461, 4.027358540448379, 2.4010940755396004, 0.10583187323471438]",120,3,Return from COBYLA because the objective function has been evaluated MAXFUN times.,2.607985897244213,1.642801402145231,1.642801402145231,0.0100376317334309,0.0046130173645278,0.4595722862758439,109.63770554702216,9.1552734375e-05,3.0517578125e-05,1.0,0.0003539836034178,0.3104453086853027,0.0249535264447331,4.147414858452976,4.147414858452976,4.178545279428363,152.98828125,SUCCESS,,False,False,False,g-3ff7063ef9ea5cfb,D5,2207,4.038328680240055,2.039959938225596,0.0,1.642801402145231,282.56184116897987,448.57357432600463,282.5618411689797,0.965184495098982,3,global_fixed,172.0,631.6487403601338,3.672376397442639,penalty_contract_v2_scale_controlled,1.0000000000000018,optimized_seed
pilot-run-17c861967ea1d796397a,task-v2-9f1427c2fbd8,g-3ff7063ef9ea5cfb,v2-S4-b000-g-3ff7063ef9ea5cfb,S4,D5,3301,Penalty-X,2,10,16,16,1,2235.0,9,6,0.6666666666666666,65536,6,9.1552734375e-05,2,8.0,172.0,172.0,COBYLA,120,"[2.8746040698350956, 3.2295534178963874, 1.3381083226815658, 0.4324890662459698]","[4.070078101141399, 2.0380828836674536, 2.1500803485901265, -0.12542276076495393]",120,3,Return from COBYLA because the objective function has been evaluated MAXFUN times.,2.766228903843812,1.834902869362549,1.834902869362549,0.0034449325598519,0.0012270256164095,0.3561827684842293,37.627850040409385,9.1552734375e-05,3.0517578125e-05,1.0,0.0003539836034178,0.3104453086853027,0.0249535264447331,4.260918706655502,4.260918706655502,4.293932878412306,152.98828125,SUCCESS,,False,False,False,g-3ff7063ef9ea5cfb,D5,3301,4.038328680240055,1.5755094045473137,0.0,1.834902869362549,315.60329353035854,475.7913714611356,315.6032935303585,0.931326034481262,3,global_fixed,172.0,631.6487403601338,3.672376397442639,penalty_contract_v2_scale_controlled,0.999999999999998,optimized_seed
pilot-run-98a815854afb2adec0f4,task-v2-9f1427c2fbd8,g-3ff7063ef9ea5cfb,v2-S4-b000-g-3ff7063ef9ea5cfb,S4,D5,1103,Penalty-X,3,10,16,16,1,2235.0,9,6,0.6666666666666666,65536,6,9.1552734375e-05,2,8.0,172.0,172.0,COBYLA,120,"[1.4361119332668082, 4.6766136583430296, 3.6575967546865438, 0.554097077555417, 2.658092015317178, 1.6434959053105886]","[2.3788328839740047, 4.1890041667476625, 4.0182016173579695, 0.7937441505092054, 3.137825542023383, 2.160157132849756]",120,3,Return from COBYLA because the objective function has been evaluated MAXFUN times.,2.8860801760146684,1.465189009143439,1.465189009143439,0.0021048803321331,0.0011425727844835,0.5428207803745496,22.990906241113134,9.1552734375e-05,3.0517578125e-05,1.0,0.0003539836034178,0.3104453086853027,0.0249535264447331,6.015264763496816,6.015264763496816,6.064624945633113,152.98828125,SUCCESS,,False,False,False,g-3ff7063ef9ea5cfb,D5,1103,4.038328680240055,1.3615560903540007,0.0,1.465189009143439,252.01250957267143,496.405790274523,252.0125095726715,1.4208911668712294,3,global_fixed,172.0,631.6487403601338,3.672376397442639,penalty_contract_v2_scale_controlled,1.000000000000004,optimized_seed
pilot-run-a6ff0d41993519b91ddb,task-v2-9f1427c2fbd8,g-3ff7063ef9ea5cfb,v2-S4-b000-g-3ff7063ef9ea5cfb,S4,D5,2207,Penalty-X,3,10,16,16,1,2235.0,9,6,0.6666666666666666,65536,6,9.1552734375e-05,2,8.0,172.0,172.0,COBYLA,120,"[4.119365739193051, 4.0465795222369225, 3.073929981122659, 0.28561357469155796, 1.0467419303334264, 1.2456798648809793]","[5.447360224932832, 4.743764009413735, 3.0533077037522633, 0.8414928754585841, -0.02612517264046138, 2.03271771779816]",120,3,Return from COBYLA because the objective function has been evaluated MAXFUN times.,1.8476484354065787,1.2828260233031794,1.2828260233031794,0.0032872178480296,0.0016066476894754,0.4887560739056243,35.90518481474464,9.1552734375e-05,3.0517578125e-05,1.0,0.0003539836034178,0.3104453086853027,0.0249535264447331,6.008835671469569,6.008835671469569,6.055896805599332,152.98828125,SUCCESS,,False,False,False,g-3ff7063ef9ea5cfb,D5,2207,4.038328680240055,1.5551571665127697,0.0,1.2828260233031794,220.64607600814696,317.7955308899316,220.64607600814685,0.5648224121033993,3,global_fixed,172.0,631.6487403601338,3.672376397442639,penalty_contract_v2_scale_controlled,1.0000000000000022,optimized_seed
pilot-run-98e35f9498504548dae3,task-v2-9f1427c2fbd8,g-3ff7063ef9ea5cfb,v2-S4-b000-g-3ff7063ef9ea5cfb,S4,D5,3301,Penalty-X,3,10,16,16,1,2235.0,9,6,0.6666666666666666,65536,6,9.1552734375e-05,2,8.0,172.0,172.0,COBYLA,120,"[2.8746040698350956, 3.2295534178963874, 2.6762166453631315, 0.4324890662459698, 2.8286472419409745, 2.8565676468058108]","[2.6531425440825, 3.880399119923212, 3.136087856735759, 0.38362186979174673, 2.891406160022687, 2.467035275311777]",120,3,Return from COBYLA because the objective function has been evaluated MAXFUN times.,2.039889660800244,1.5503462003284736,1.5503462003284736,0.0060946056190509,0.0032759229001037,0.5375118760537435,66.56934564168678,9.1552734375e-05,3.0517578125e-05,1.0,0.0003539836034178,0.3104453086853027,0.0249535264447331,6.162965917959809,6.162965917959809,6.212363713420928,152.98828125,SUCCESS,,False,False,False,g-3ff7063ef9ea5cfb,D5,3301,4.038328680240055,1.8232742879776385,0.0,1.5503462003284736,266.6595464564974,350.861021657642,266.6595464564975,0.4895434604717703,3,global_fixed,172.0,631.6487403601338,3.672376397442639,penalty_contract_v2_scale_controlled,0.9999999999999984,optimized_seed
pilot-run-05b9b311cceb4cacae15,task-v2-07b8f456a957,g-3ff7063ef9ea5cfb,v2-S4-b000-g-3ff7063ef9ea5cfb,S4,D6,0,Uniform,0,10,16,16,1,2479.0,9,8,0.8888888888888888,65536,8,0.0001220703125,2,8.0,172.0,172.0,analytic,0,,,0,0,analytic uniform baseline,,,,0.0001220703125,3.0517578125e-05,0.25,1.0,0.0001220703125,3.0517578125e-05,1.0,0.0003539836034178,0.3104454176500439,0.0,0.0,0.0,0.0,168.38671875,SUCCESS,,False,False,False,g-3ff7063ef9ea5cfb,D6,0,3.9133899436317554,0.0,0.0,,,,,,0,global_fixed,172.0,,,penalty_contract_v2_scale_controlled,,analytic_uniform
pilot-run-792ad359597eee5ef3c5,task-v2-07b8f456a957,g-3ff7063ef9ea5cfb,v2-S4-b000-g-3ff7063ef9ea5cfb,S4,D6,1103,Penalty-X,1,10,16,16,1,2479.0,9,8,0.8888888888888888,65536,8,0.0001220703125,2,8.0,172.0,172.0,COBYLA,120,"[1.4361119332668082, 2.3383068291715148]","[3.0547747298936803, 2.2459826319532805]",104,0,Return from COBYLA because the trust region radius reaches its lower bound.,2.1321019514837727,1.9440984788154403,1.9440984788154403,0.0011941291514184,0.0003916007899403,0.3279383888042225,9.782306008420033,0.0001220703125,3.0517578125e-05,1.0,0.0003539836034178,0.3104454176500439,0.0293801808729767,2.017392816953361,2.017392816953361,2.0342686446383595,153.0078125,SUCCESS,,False,False,False,g-3ff7063ef9ea5cfb,D6,1103,3.9133899436317554,0.99044124422331,0.0,1.9440984788154403,334.38493835625536,366.7215356552089,334.38493835625576,0.1880034726683321,0,global_fixed,172.0,625.3495254717899,3.635753055068546,penalty_contract_v2_scale_controlled,0.9999999999999996,optimized_seed
pilot-run-682aa1372c4ff7493d34,task-v2-07b8f456a957,g-3ff7063ef9ea5cfb,v2-S4-b000-g-3ff7063ef9ea5cfb,S4,D6,2207,Penalty-X,1,10,16,16,1,2479.0,9,8,0.8888888888888888,65536,8,0.0001220703125,2,8.0,172.0,172.0,COBYLA,120,"[4.119365739193051, 2.0232897611184613]","[7.429719487943385, 2.4166546427490685]",120,3,Return from COBYLA because the objective function has been evaluated MAXFUN times.,2.02223964438428,1.3929156515023395,1.3929156515023395,0.0087294614448972,0.0034581619899386,0.3961483777398583,71.51174815659786,0.0001220703125,3.0517578125e-05,1.0,0.0003539836034178,0.3104454176500439,0.0293801808729767,2.213666113093496,2.213666113093496,2.230914292857051,153.0078125,SUCCESS,,False,False,False,g-3ff7063ef9ea5cfb,D6,2207,3.9133899436317554,1.854377394814525,0.0,1.3929156515023395,239.5814920584025,347.8252188340962,239.5814920584024,0.6293239928819405,3,global_fixed,172.0,625.3495254717899,3.635753055068546,penalty_contract_v2_scale_controlled,1.000000000000001,optimized_seed
pilot-run-638d1fc2d7b3f70f762e,task-v2-07b8f456a957,g-3ff7063ef9ea5cfb,v2-S4-b000-g-3ff7063ef9ea5cfb,S4,D6,3301,Penalty-X,1,10,16,16,1,2479.0,9,8,0.8888888888888888,65536,8,0.0001220703125,2,8.0,172.0,172.0,COBYLA,120,"[2.8746040698350956, 1.6147767089481937]","[3.0595823489346823, 2.245569266622356]",120,3,Return from COBYLA because the objective function has been evaluated MAXFUN times.,2.49346657962864,1.944099170939766,1.944099170939766,0.0011927893113229,0.000391182865427,0.327956380656391,9.771330038357425,0.0001220703125,3.0517578125e-05,1.0,0.0003539836034178,0.3104454176500439,0.0293801808729767,2.1880531581118703,2.1880531581118703,2.206155569292605,153.0078125,SUCCESS,,False,False,False,g-3ff7063ef9ea5cfb,D6,3301,3.9133899436317554,0.9899536823477616,0.0,1.944099170939766,334.38505740163976,428.8762516961261,334.38505740163976,0.549367408688874,3,global_fixed,172.0,625.3495254717899,3.635753055068546,penalty_contract_v2_scale_controlled,1.0,optimized_seed
pilot-run-30a86ca58fbbebc08402,task-v2-07b8f456a957,g-3ff7063ef9ea5cfb,v2-S4-b000-g-3ff7063ef9ea5cfb,S4,D6,1103,Penalty-X,2,10,16,16,1,2479.0,9,8,0.8888888888888888,65536,8,0.0001220703125,2,8.0,172.0,172.0,COBYLA,120,"[1.4361119332668082, 4.6766136583430296, 1.8287983773432719, 0.554097077555417]","[2.3413935938301136, 4.482997935421066, 2.2498782787312113, 0.09524867206701002]",120,3,Return from COBYLA because the objective function has been evaluated MAXFUN times.,2.529995019562768,1.86709005235098,1.86709005235098,0.0043045015504061,0.0014478666802359,0.3363610544173928,35.26247670092746,0.0001220703125,3.0517578125e-05,1.0,0.0003539836034178,0.3104454176500439,0.0293801808729767,4.27437290083617,4.27437290083617,4.3072230238467455,153.0078125,SUCCESS,,False,False,False,g-3ff7063ef9ea5cfb,D6,1103,3.9133899436317554,1.5473128122109383,0.0,1.86709005235098,321.13948900436856,435.1591433647961,321.13948900436856,0.6629049672117877,3,global_fixed,172.0,625.3495254717899,3.635753055068546,penalty_contract_v2_scale_controlled,0.9999999999999998,optimized_seed
pilot-run-c740cbe075a2dda8738d,task-v2-07b8f456a957,g-3ff7063ef9ea5cfb,v2-S4-b000-g-3ff7063ef9ea5cfb,S4,D6,2207,Penalty-X,2,10,16,16,1,2479.0,9,8,0.8888888888888888,65536,8,0.0001220703125,2,8.0,172.0,172.0,COBYLA,120,"[4.119365739193051, 4.0465795222369225, 1.5369649905613294, 0.28561357469155796]","[5.437078136252932, 4.171705917822636, 2.4287773603919556, 0.11332324323113886]",120,3,Return from COBYLA because the objective function has been evaluated MAXFUN times.,2.5497691757680068,1.579760419530829,1.579760419530829,0.0148475636082494,0.0062492155491638,0.420891650242985,121.63124107877988,0.0001220703125,3.0517578125e-05,1.0,0.0003539836034178,0.3104454176500439,0.0293801808729767,4.148245858959854,4.148245858959854,4.181745181791484,153.0078125,SUCCESS,,False,False,False,g-3ff7063ef9ea5cfb,D6,2207,3.9133899436317554,2.0850451381400057,0.0,1.579760419530829,271.71879215930267,438.5602982320972,271.7187921593026,0.9700087562371776,3,global_fixed,172.0,625.3495254717899,3.635753055068546,penalty_contract_v2_scale_controlled,1.0000000000000022,optimized_seed
pilot-run-febdd043cd4d2d11d209,task-v2-07b8f456a957,g-3ff7063ef9ea5cfb,v2-S4-b000-g-3ff7063ef9ea5cfb,S4,D6,3301,Penalty-X,2,10,16,16,1,2479.0,9,8,0.8888888888888888,65536,8,0.0001220703125,2,8.0,172.0,172.0,COBYLA,120,"[2.8746040698350956, 3.2295534178963874, 1.3381083226815658, 0.4324890662459698]","[2.751854310985398, 3.9822176540998773, 2.2493765706924034, 0.08596923530720434]",120,3,Return from COBYLA because the objective function has been evaluated MAXFUN times.,2.707605641614704,1.8703129311423388,1.8703129311423388,0.0042130412131122,0.0014543375598621,0.3451989872151662,34.513233617815615,0.0001220703125,3.0517578125e-05,1.0,0.0003539836034178,0.3104454176500439,0.0293801808729767,4.239073297008872,4.239073297008872,4.270574271678925,153.0078125,SUCCESS,,False,False,False,g-3ff7063ef9ea5cfb,D6,3301,3.9133899436317554,1.5379856511658403,0.0,1.8703129311423388,321.69382415648226,465.70817035772905,321.69382415648226,0.8372927104723649,3,global_fixed,172.0,625.3495254717899,3.635753055068546,penalty_contract_v2_scale_controlled,0.9999999999999974,optimized_seed
pilot-run-3adeafef8bf13d619423,task-v2-07b8f456a957,g-3ff7063ef9ea5cfb,v2-S4-b000-g-3ff7063ef9ea5cfb,S4,D6,1103,Penalty-X,3,10,16,16,1,2479.0,9,8,0.8888888888888888,65536,8,0.0001220703125,2,8.0,172.0,172.0,COBYLA,120,"[1.4361119332668082, 4.6766136583430296, 3.6575967546865438, 0.554097077555417, 2.658092015317178, 1.6434959053105886]","[1.4861990667676594, 4.040273992937629, 4.188945439274403, 0.7810643478366023, 3.1414734143302447, 2.214403646622431]",120,3,Return from COBYLA because the objective function has been evaluated MAXFUN times.,2.848432360438013,1.4097168265151274,1.4097168265151274,0.0024811563027167,0.0013060832335365,0.5264010300787891,20.32563243185572,0.0001220703125,3.0517578125e-05,1.0,0.0003539836034178,0.3104454176500439,0.0293801808729767,6.00058211106807,6.00058211106807,6.0501175951212645,153.0078125,SUCCESS,,False,False,False,g-3ff7063ef9ea5cfb,D6,1103,3.9133899436317554,1.3080440675449263,0.0,1.4097168265151274,242.4712941606017,489.9303659953383,242.471294160602,1.4387155339228856,3,global_fixed,172.0,625.3495254717899,3.635753055068546,penalty_contract_v2_scale_controlled,0.9999999999999992,optimized_seed
pilot-run-ed939b2981496fcfdbbd,task-v2-07b8f456a957,g-3ff7063ef9ea5cfb,v2-S4-b000-g-3ff7063ef9ea5cfb,S4,D6,2207,Penalty-X,3,10,16,16,1,2479.0,9,8,0.8888888888888888,65536,8,0.0001220703125,2,8.0,172.0,172.0,COBYLA,120,"[4.119365739193051, 4.0465795222369225, 3.073929981122659, 0.28561357469155796, 1.0467419303334264, 1.2456798648809793]","[5.534726892279264, 3.8094581256187854, 2.854939893289556, 0.7520589280344411, 0.008712859888947095, 1.9927745237930987]",120,3,Return from COBYLA because the objective function has been evaluated MAXFUN times.,1.8295250736890605,1.285952888261363,1.285952888261363,0.0013857991656339,0.0002498690292187,0.1803068117048985,11.352466764873483,0.0001220703125,3.0517578125e-05,1.0,0.0003539836034178,0.3104454176500439,0.0293801808729767,6.007843349128962,6.007843349128962,6.057115972042084,153.0078125,SUCCESS,,False,False,False,g-3ff7063ef9ea5cfb,D6,2207,3.9133899436317554,1.055090239147928,0.0,1.285952888261363,221.18389678095457,314.6783126745184,221.1838967809544,0.5435721854276978,3,global_fixed,172.0,625.3495254717899,3.635753055068546,penalty_contract_v2_scale_controlled,0.9999999999999972,optimized_seed
pilot-run-9d92517d46d9452864da,task-v2-07b8f456a957,g-3ff7063ef9ea5cfb,v2-S4-b000-g-3ff7063ef9ea5cfb,S4,D6,3301,Penalty-X,3,10,16,16,1,2479.0,9,8,0.8888888888888888,65536,8,0.0001220703125,2,8.0,172.0,172.0,COBYLA,120,"[2.8746040698350956, 3.2295534178963874, 2.6762166453631315, 0.4324890662459698, 2.8286472419409745, 2.8565676468058108]","[2.58352459827236, 3.870309469255933, 3.170801939035946, 0.3792502914837336, 2.9105164325466757, 2.481807122841323]",120,3,Return from COBYLA because the objective function has been evaluated MAXFUN times.,2.0233551506985457,1.5400514118247657,1.5400514118247657,0.007383599491839,0.0035940795500467,0.4867652361181256,60.486447037145865,0.0001220703125,3.0517578125e-05,1.0,0.0003539836034178,0.3104454176500439,0.0293801808729767,6.118936165235937,6.118936165235937,6.1714127929881215,153.0078125,SUCCESS,,False,False,False,g-3ff7063ef9ea5cfb,D6,3301,3.9133899436317554,1.7816580748779942,0.0,1.5400514118247657,264.8888428338599,348.01708592014984,264.8888428338597,0.48330373887378,3,global_fixed,172.0,625.3495254717899,3.635753055068546,penalty_contract_v2_scale_controlled,0.9999999999999994,optimized_seed
pilot-run-8cfb3e2ec032534dacb2,task-v2-b5e00db3fe1a,g-3ff7063ef9ea5cfb,v2-S4-b000-g-3ff7063ef9ea5cfb,S4,D7,0,Uniform,0,10,16,16,1,2582.0,9,9,1.0,65536,9,0.0001373291015625,2,8.0,172.0,172.0,analytic,0,,,0,0,analytic uniform baseline,,,,0.0001373291015625,3.0517578125e-05,0.2222222222222222,1.0,0.0001373291015625,3.0517578125e-05,1.0,0.0003539836034178,0.3104454008862376,0.0,0.0,0.0,0.0,168.38671875,SUCCESS,,False,False,False,g-3ff7063ef9ea5cfb,D7,0,3.8622374211843744,0.0,0.0,,,,,,0,global_fixed,172.0,,,penalty_contract_v2_scale_controlled,,analytic_uniform
pilot-run-1a65884807a313b2b167,task-v2-b5e00db3fe1a,g-3ff7063ef9ea5cfb,v2-S4-b000-g-3ff7063ef9ea5cfb,S4,D7,1103,Penalty-X,1,10,16,16,1,2582.0,9,9,1.0,65536,9,0.0001373291015625,2,8.0,172.0,172.0,COBYLA,120,"[1.4361119332668082, 2.3383068291715148]","[2.7601998153265797, 2.2642761440480825]",55,0,Return from COBYLA because the trust region radius reaches its lower bound.,2.082659206222421,1.922513927506722,1.922513927506722,0.0013003923726744,0.0003776367645043,0.2904021681761278,9.469168281732234,0.0001373291015625,3.0517578125e-05,1.0,0.0003539836034178,0.3104454008862376,0.0370359318330884,1.0504036312922835,1.0504036312922835,1.0684906635433435,152.7265625,SUCCESS,,False,False,False,g-3ff7063ef9ea5cfb,D7,1103,3.8622374211843744,0.9763118347036877,0.0,1.922513927506722,330.6723955311562,358.2173834702564,330.6723955311562,0.1601452787156989,0,global_fixed,172.0,622.7821691689151,3.6208265649355527,penalty_contract_v2_scale_controlled,0.9999999999999992,optimized_seed
pilot-run-e11002aab7281acc95fe,task-v2-b5e00db3fe1a,g-3ff7063ef9ea5cfb,v2-S4-b000-g-3ff7063ef9ea5cfb,S4,D7,2207,Penalty-X,1,10,16,16,1,2582.0,9,9,1.0,65536,9,0.0001373291015625,2,8.0,172.0,172.0,COBYLA,120,"[4.119365739193051, 2.0232897611184613]","[7.361976822414349, 2.4235329264297594]",120,3,Return from COBYLA because the objective function has been evaluated MAXFUN times.,2.005087306459783,1.3722014303688768,1.3722014303688768,0.0099666399244572,0.0035859773946511,0.359798028405889,72.57485712102593,0.0001373291015625,3.0517578125e-05,1.0,0.0003539836034178,0.3104454008862376,0.0370359318330884,2.289856769144535,2.289856769144535,2.3061066353693604,152.7265625,SUCCESS,,False,False,False,g-3ff7063ef9ea5cfb,D7,2207,3.8622374211843744,1.8607861895039028,0.0,1.3722014303688768,236.0186460234468,344.87501671108265,236.0186460234468,0.6328858760909062,3,global_fixed,172.0,622.7821691689151,3.6208265649355527,penalty_contract_v2_scale_controlled,1.0000000000000004,optimized_seed
pilot-run-dbc0c1db3659ab0305a0,task-v2-b5e00db3fe1a,g-3ff7063ef9ea5cfb,v2-S4-b000-g-3ff7063ef9ea5cfb,S4,D7,3301,Penalty-X,1,10,16,16,1,2582.0,9,9,1.0,65536,9,0.0001373291015625,2,8.0,172.0,172.0,COBYLA,120,"[2.8746040698350956, 1.6147767089481937]","[2.7600504383150084, 2.264346984945741]",64,0,Return from COBYLA because the trust region radius reaches its lower bound.,2.472679723674202,1.92251392591056,1.92251392591056,0.0013007838425169,0.0003776136806375,0.2902970257586394,9.472018878131992,0.0001373291015625,3.0517578125e-05,1.0,0.0003539836034178,0.3104454008862376,0.0370359318330884,1.218882649205625,1.218882649205625,1.235189219005406,152.7265625,SUCCESS,,False,False,False,g-3ff7063ef9ea5cfb,D7,3301,3.8622374211843744,0.9764425549468748,0.0,1.92251392591056,330.6723952566159,425.3009124719629,330.6723952566162,0.5501657977636434,0,global_fixed,172.0,622.7821691689151,3.6208265649355527,penalty_contract_v2_scale_controlled,1.0000000000000002,optimized_seed
pilot-run-c6a07fc59d1af0171eb7,task-v2-b5e00db3fe1a,g-3ff7063ef9ea5cfb,v2-S4-b000-g-3ff7063ef9ea5cfb,S4,D7,1103,Penalty-X,2,10,16,16,1,2582.0,9,9,1.0,65536,9,0.0001373291015625,2,8.0,172.0,172.0,COBYLA,120,"[1.4361119332668082, 4.6766136583430296, 1.8287983773432719, 0.554097077555417]","[2.300300982539269, 4.442745398995102, 2.2343038136424895, 0.09165869751592806]",120,3,Return from COBYLA because the objective function has been evaluated MAXFUN times.,2.454996567965237,1.8352987326486063,1.8352987326486063,0.0042496884974053,0.0014565190277447,0.3427354801732039,30.94528726288377,0.0001373291015625,3.0517578125e-05,1.0,0.0003539836034178,0.3104454008862376,0.0370359318330884,4.28796742297709,4.28796742297709,4.320870390161872,152.7265625,SUCCESS,,False,False,False,g-3ff7063ef9ea5cfb,D7,1103,3.8622374211843744,1.490594518572094,0.0,1.8352987326486063,315.6713820155604,422.2594096900208,315.6713820155603,0.6196978353166305,3,global_fixed,172.0,622.7821691689151,3.6208265649355527,penalty_contract_v2_scale_controlled,0.9999999999999996,optimized_seed
pilot-run-9a21cadadf0b5c199c13,task-v2-b5e00db3fe1a,g-3ff7063ef9ea5cfb,v2-S4-b000-g-3ff7063ef9ea5cfb,S4,D7,2207,Penalty-X,2,10,16,16,1,2582.0,9,9,1.0,65536,9,0.0001373291015625,2,8.0,172.0,172.0,COBYLA,120,"[4.119365739193051, 4.0465795222369225, 1.5369649905613294, 0.28561357469155796]","[5.535584271122773, 4.160638289638407, 2.4431431169128643, 0.10750746679110089]",120,3,Return from COBYLA because the objective function has been evaluated MAXFUN times.,2.522176296478786,1.543476268796984,1.543476268796984,0.0159453503348824,0.0066844151798636,0.4192077965976486,116.11049772742872,0.0001373291015625,3.0517578125e-05,1.0,0.0003539836034178,0.3104454008862376,0.0370359318330884,4.344211802817881,4.344211802817881,4.379239682108164,152.7265625,SUCCESS,,False,False,False,g-3ff7063ef9ea5cfb,D7,2207,3.8622374211843744,2.0648714867410782,0.0,1.543476268796984,265.47791823308114,433.8143229943512,265.4779182330812,0.978700027681802,3,global_fixed,172.0,622.7821691689151,3.6208265649355527,penalty_contract_v2_scale_controlled,0.9999999999999992,optimized_seed
pilot-run-ddd161a8170efe2dfa66,task-v2-b5e00db3fe1a,g-3ff7063ef9ea5cfb,v2-S4-b000-g-3ff7063ef9ea5cfb,S4,D7,3301,Penalty-X,2,10,16,16,1,2582.0,9,9,1.0,65536,9,0.0001373291015625,2,8.0,172.0,172.0,COBYLA,120,"[2.8746040698350956, 3.2295534178963874, 1.3381083226815658, 0.4324890662459698]","[2.5836030223586706, 3.977940502714396, 2.2406329922659984, 0.08611558495832809]",120,3,Return from COBYLA because the objective function has been evaluated MAXFUN times.,2.683911227034753,1.8478810619972128,1.8478810619972128,0.0042304888987007,0.0015110040080898,0.3571700681105377,30.805480051694342,0.0001373291015625,3.0517578125e-05,1.0,0.0003539836034178,0.3104454008862376,0.0370359318330884,4.178807605057955,4.178807605057955,4.210850636474788,152.7265625,SUCCESS,,False,False,False,g-3ff7063ef9ea5cfb,D7,3301,3.8622374211843744,1.488627980932624,0.0,1.8478810619972128,317.8355426635208,461.6327310499775,317.8355426635207,0.8360301650375397,3,global_fixed,172.0,622.7821691689151,3.6208265649355527,penalty_contract_v2_scale_controlled,0.999999999999998,optimized_seed
pilot-run-2890999877ba24592d05,task-v2-b5e00db3fe1a,g-3ff7063ef9ea5cfb,v2-S4-b000-g-3ff7063ef9ea5cfb,S4,D7,1103,Penalty-X,3,10,16,16,1,2582.0,9,9,1.0,65536,9,0.0001373291015625,2,8.0,172.0,172.0,COBYLA,120,"[1.4361119332668082, 4.6766136583430296, 3.6575967546865438, 0.554097077555417, 2.658092015317178, 1.6434959053105886]","[1.3522774760514291, 3.992539387221478, 4.1985445260167555, 0.7653233984187949, 3.136429980125834, 2.243269124423795]",120,3,Return from COBYLA because the objective function has been evaluated MAXFUN times.,2.832871679989135,1.3923781098684005,1.3923781098684005,0.0033968820255897,0.0015078188749534,0.4438832033596104,24.735340047672352,0.0001373291015625,3.0517578125e-05,1.0,0.0003539836034178,0.3104454008862376,0.0370359318330884,6.165200864896178,6.165200864896178,6.219717072322965,152.7265625,SUCCESS,,False,False,False,g-3ff7063ef9ea5cfb,D7,1103,3.8622374211843744,1.3933178851797865,0.0,1.3923781098684005,239.48903489736523,487.25392895813127,239.4890348973649,1.4404935701207346,3,global_fixed,172.0,622.7821691689151,3.6208265649355527,penalty_contract_v2_scale_controlled,1.0000000000000029,optimized_seed
pilot-run-72b80b904156ae9660fd,task-v2-b5e00db3fe1a,g-3ff7063ef9ea5cfb,v2-S4-b000-g-3ff7063ef9ea5cfb,S4,D7,2207,Penalty-X,3,10,16,16,1,2582.0,9,9,1.0,65536,9,0.0001373291015625,2,8.0,172.0,172.0,COBYLA,120,"[4.119365739193051, 4.0465795222369225, 3.073929981122659, 0.28561357469155796, 1.0467419303334264, 1.2456798648809793]","[6.037886904229461, 4.499669512934953, 2.85554256783166, 0.7961210204081434, -0.026118528707803366, 2.0120192117507965]",120,3,Return from COBYLA because the objective function has been evaluated MAXFUN times.,1.8219877700129488,1.228301931187317,1.228301931187317,0.0031104313112007,0.0011153932319734,0.3585976092630326,22.649469601205546,0.0001373291015625,3.0517578125e-05,1.0,0.0003539836034178,0.3104454008862376,0.0370359318330884,6.132955253124237,6.132955253124237,6.181626351550221,152.7265625,SUCCESS,,False,False,False,g-3ff7063ef9ea5cfb,D7,2207,3.8622374211843744,1.3550580362840936,0.0,1.228301931187317,211.26793216421845,313.3818964422273,211.26793216421848,0.5936858388256328,3,global_fixed,172.0,622.7821691689151,3.6208265649355527,penalty_contract_v2_scale_controlled,1.0000000000000024,optimized_seed
pilot-run-f7294d5915b562fa6cbe,task-v2-b5e00db3fe1a,g-3ff7063ef9ea5cfb,v2-S4-b000-g-3ff7063ef9ea5cfb,S4,D7,3301,Penalty-X,3,10,16,16,1,2582.0,9,9,1.0,65536,9,0.0001373291015625,2,8.0,172.0,172.0,COBYLA,120,"[2.8746040698350956, 3.2295534178963874, 2.6762166453631315, 0.4324890662459698, 2.8286472419409745, 2.8565676468058108]","[2.4977068813092096, 3.7845921812664125, 3.2122993831419118, 0.35385904974651183, 2.9574699370439825, 2.4395275913622223]",120,3,Return from COBYLA because the objective function has been evaluated MAXFUN times.,2.0167134484588924,1.5278685996489545,1.5278685996489545,0.0072944523356372,0.0032917231816713,0.4512639236244646,53.11658091870268,0.0001373291015625,3.0517578125e-05,1.0,0.0003539836034178,0.3104454008862376,0.0370359318330884,6.035104893147945,6.035104893147945,6.084956867620349,152.7265625,SUCCESS,,False,False,False,g-3ff7063ef9ea5cfb,D7,3301,3.8622374211843744,1.7252301119938045,0.0,1.5278685996489545,262.7933991396205,346.8747131349295,262.79339913962013,0.4888448488099381,3,global_fixed,172.0,622.7821691689151,3.6208265649355527,penalty_contract_v2_scale_controlled,0.9999999999999992,optimized_seed
pilot-run-ca90fe523e0dcacea7bb,task-v2-59a464f36e13,g-bd62d2d752385cc7,v2-S4-b001-g-bd62d2d752385cc7,S4,D1,0,Uniform,0,10,16,16,1,1327.0,8,1,0.125,65536,1,1.52587890625e-05,1,19.0,172.0,172.0,analytic,0,,,0,0,analytic uniform baseline,,,,1.52587890625e-05,1.52587890625e-05,1.0,1.0,1.52587890625e-05,1.52587890625e-05,1.0,0.0007232809439301,0.3079713201150298,0.0,0.0,0.0,0.0,168.38671875,SUCCESS,,False,False,False,g-bd62d2d752385cc7,D1,0,4.816479930623699,0.0,0.0,,,,,,0,global_fixed,172.0,,,penalty_contract_v2_scale_controlled,,analytic_uniform
pilot-run-dd03438beb8be77e7d51,task-v2-59a464f36e13,g-bd62d2d752385cc7,v2-S4-b001-g-bd62d2d752385cc7,S4,D1,1103,Penalty-X,1,10,16,16,1,1327.0,8,1,0.125,65536,1,1.52587890625e-05,1,19.0,172.0,172.0,COBYLA,120,"[1.4361119332668082, 2.3383068291715148]","[7.891217955418139, 2.362651056976044]",120,3,Return from COBYLA because the objective function has been evaluated MAXFUN times.,2.544417631605484,1.7737112751471988,1.7737112751471988,0.0017190094349262,0.0017190094349262,1.0,112.65700232732472,1.52587890625e-05,1.52587890625e-05,1.0,0.0007232809439301,0.3079713201150298,0.0324278622865676,2.2480319924652576,2.2480319924652576,2.264145496301353,153.015625,SUCCESS,,False,False,False,g-bd62d2d752385cc7,D1,1103,4.816479930623699,2.0517581909786684,0.0,1.7737112751471988,305.07833932531787,437.6398326361432,305.0783393253182,0.7707063564582852,3,global_fixed,172.0,661.8026456014086,3.847689800008189,penalty_contract_v2_scale_controlled,1.0000000000000004,optimized_seed
pilot-run-bcbcb2aade0be12e9a34,task-v2-59a464f36e13,g-bd62d2d752385cc7,v2-S4-b001-g-bd62d2d752385cc7,S4,D1,2207,Penalty-X,1,10,16,16,1,1327.0,8,1,0.125,65536,1,1.52587890625e-05,1,19.0,172.0,172.0,COBYLA,120,"[4.119365739193051, 2.0232897611184613]","[8.132140327354994, 2.373573056682688]",120,3,Return from COBYLA because the objective function has been evaluated MAXFUN times.,2.36208460167101,1.7571617308098806,1.7571617308098806,0.0018603686718667,0.0018603686718667,1.0,121.92112127945808,1.52587890625e-05,1.52587890625e-05,1.0,0.0007232809439301,0.3079713201150298,0.0324278622865676,2.309175730682909,2.309175730682909,2.326875747181475,153.015625,SUCCESS,,False,False,False,g-bd62d2d752385cc7,D1,2207,4.816479930623699,2.0860789481166053,0.0,1.7571617308098806,302.2318176992994,406.2785514874138,302.2318176992995,0.6049228708611301,3,global_fixed,172.0,661.8026456014086,3.847689800008189,penalty_contract_v2_scale_controlled,0.9999999999999992,optimized_seed
pilot-run-1e59dd028e54d8d7e905,task-v2-59a464f36e13,g-bd62d2d752385cc7,v2-S4-b001-g-bd62d2d752385cc7,S4,D1,3301,Penalty-X,1,10,16,16,1,1327.0,8,1,0.125,65536,1,1.52587890625e-05,1,19.0,172.0,172.0,COBYLA,120,"[2.8746040698350956, 1.6147767089481937]","[7.83727343325916, 2.3777724126272433]",120,3,Return from COBYLA because the objective function has been evaluated MAXFUN times.,2.7029861912820747,1.7776030248435568,1.7776030248435568,0.0019306997650885,0.0019306997650885,1.0,126.53033980484568,1.52587890625e-05,1.52587890625e-05,1.0,0.0007232809439301,0.3079713201150298,0.0324278622865676,2.3602729169651866,2.3602729169651866,2.376925706863404,153.015625,SUCCESS,,False,False,False,g-bd62d2d752385cc7,D1,3301,4.816479930623699,2.102194674365289,0.0,1.7776030248435568,305.74772027309183,464.9136249005169,305.7477202730918,0.925383166438518,3,global_fixed,172.0,661.8026456014086,3.847689800008189,penalty_contract_v2_scale_controlled,1.0000000000000004,optimized_seed
pilot-run-efffd735a55bc675c20f,task-v2-59a464f36e13,g-bd62d2d752385cc7,v2-S4-b001-g-bd62d2d752385cc7,S4,D1,1103,Penalty-X,2,10,16,16,1,1327.0,8,1,0.125,65536,1,1.52587890625e-05,1,19.0,172.0,172.0,COBYLA,120,"[1.4361119332668082, 4.6766136583430296, 1.8287983773432719, 0.554097077555417]","[4.512211673038156, 3.9304391078697862, 0.42840996606582415, -1.0352903038052013]",120,3,Return from COBYLA because the objective function has been evaluated MAXFUN times.,3.0971100177817714,1.698750440470401,1.698750440470401,0.0014027996531793,0.0014027996531793,1.0,91.9338780707623,1.52587890625e-05,1.52587890625e-05,1.0,0.0007232809439301,0.3079713201150298,0.0324278622865676,4.25489529594779,4.25489529594779,4.286602488718927,153.015625,SUCCESS,,False,False,False,g-bd62d2d752385cc7,D1,1103,4.816479930623699,1.9634755804605448,0.0,1.698750440470401,292.18507576090866,532.7029230584646,292.185075760909,1.3983595773113704,3,global_fixed,172.0,661.8026456014086,3.847689800008189,penalty_contract_v2_scale_controlled,1.0000000000000009,optimized_seed
pilot-run-6df5a3131d2398493080,task-v2-59a464f36e13,g-bd62d2d752385cc7,v2-S4-b001-g-bd62d2d752385cc7,S4,D1,2207,Penalty-X,2,10,16,16,1,1327.0,8,1,0.125,65536,1,1.52587890625e-05,1,19.0,172.0,172.0,COBYLA,120,"[4.119365739193051, 4.0465795222369225, 1.5369649905613294, 0.28561357469155796]","[5.291018513749455, 4.0288023231111945, 3.1521187102059898, -0.7736586421575486]",120,3,Return from COBYLA because the objective function has been evaluated MAXFUN times.,2.834871211154128,1.720570564194971,1.720570564194971,0.0016900544212418,0.0016900544212418,1.0,110.75940655050672,1.52587890625e-05,1.52587890625e-05,1.0,0.0007232809439301,0.3079713201150298,0.0324278622865676,4.206058569252491,4.206058569252491,4.236415698193014,153.015625,SUCCESS,,False,False,False,g-bd62d2d752385cc7,D1,2207,4.816479930623699,2.044380620127612,0.0,1.720570564194971,295.938137041535,487.5978483185101,295.93813704153496,1.1143006469591574,3,global_fixed,172.0,661.8026456014086,3.847689800008189,penalty_contract_v2_scale_controlled,0.9999999999999988,optimized_seed
pilot-run-4f4abb4e7f6bcead85f6,task-v2-59a464f36e13,g-bd62d2d752385cc7,v2-S4-b001-g-bd62d2d752385cc7,S4,D1,3301,Penalty-X,2,10,16,16,1,1327.0,8,1,0.125,65536,1,1.52587890625e-05,1,19.0,172.0,172.0,COBYLA,120,"[2.8746040698350956, 3.2295534178963874, 1.3381083226815658, 0.4324890662459698]","[5.3690328735065425, 3.8945786734393733, 2.3283792101969993, 0.12479535038857366]",120,3,Return from COBYLA because the objective function has been evaluated MAXFUN times.,3.005810846932867,1.9172856306326176,1.9172856306326176,0.0014433649974096,0.0014433649974096,1.0,94.59236847024108,1.52587890625e-05,1.52587890625e-05,1.0,0.0007232809439301,0.3079713201150298,0.0324278622865676,4.186358088627458,4.186358088627458,4.217924737371504,153.015625,SUCCESS,,False,False,False,g-bd62d2d752385cc7,D1,3301,4.816479930623699,1.9758560997743493,0.0,1.9172856306326176,329.7731284688103,516.9994656724531,329.7731284688102,1.0885252163002492,3,global_fixed,172.0,661.8026456014086,3.847689800008189,penalty_contract_v2_scale_controlled,1.0000000000000009,optimized_seed
pilot-run-d2b7523dea31d1026179,task-v2-59a464f36e13,g-bd62d2d752385cc7,v2-S4-b001-g-bd62d2d752385cc7,S4,D1,1103,Penalty-X,3,10,16,16,1,1327.0,8,1,0.125,65536,1,1.52587890625e-05,1,19.0,172.0,172.0,COBYLA,120,"[1.4361119332668082, 4.6766136583430296, 3.6575967546865438, 0.554097077555417, 2.658092015317178, 1.6434959053105886]","[2.9896297108825127, 4.4418517219352625, 4.96077510239648, 0.9512658840059832, 2.7997296153959623, 2.387481385791759]",120,3,Return from COBYLA because the objective function has been evaluated MAXFUN times.,3.090187852959609,1.5398282466424114,1.5398282466424114,0.0003040755140594,0.0003040755140594,1.0,19.92789288940179,1.52587890625e-05,1.52587890625e-05,1.0,0.0007232809439301,0.3079713201150298,0.0324278622865676,5.899831600487232,5.899831600487232,5.949026294052601,153.015625,SUCCESS,,False,False,False,g-bd62d2d752385cc7,D1,1103,4.816479930623699,1.2994613802416792,0.0,1.5398282466424114,264.8504584224944,531.5123107090527,264.85045842249474,1.5503596063171976,3,global_fixed,172.0,661.8026456014086,3.847689800008189,penalty_contract_v2_scale_controlled,1.0000000000000022,optimized_seed
pilot-run-d436925b05f2c1cce33f,task-v2-59a464f36e13,g-bd62d2d752385cc7,v2-S4-b001-g-bd62d2d752385cc7,S4,D1,2207,Penalty-X,3,10,16,16,1,1327.0,8,1,0.125,65536,1,1.52587890625e-05,1,19.0,172.0,172.0,COBYLA,120,"[4.119365739193051, 4.0465795222369225, 3.073929981122659, 0.28561357469155796, 1.0467419303334264, 1.2456798648809793]","[4.74341190894741, 4.525535790212197, 3.0819160992838275, -0.15577988008986232, 0.7701822292844511, 1.7644908203591696]",120,3,Return from COBYLA because the objective function has been evaluated MAXFUN times.,2.088317738453476,1.680208763142972,1.680208763142972,0.0014885651729823,0.0014885651729823,1.0,97.55460717656888,1.52587890625e-05,1.52587890625e-05,1.0,0.0007232809439301,0.3079713201150298,0.0324278622865676,5.910351635888219,5.910351635888219,5.957542613148689,153.015625,SUCCESS,,False,False,False,g-bd62d2d752385cc7,D1,2207,4.816479930623699,1.9892477844851555,0.0,1.680208763142972,288.995907260591,359.1906510139979,288.9959072605912,0.408108975310504,3,global_fixed,172.0,661.8026456014086,3.847689800008189,penalty_contract_v2_scale_controlled,0.9999999999999988,optimized_seed
pilot-run-3091ce7b4ad52e5bae5a,task-v2-59a464f36e13,g-bd62d2d752385cc7,v2-S4-b001-g-bd62d2d752385cc7,S4,D1,3301,Penalty-X,3,10,16,16,1,1327.0,8,1,0.125,65536,1,1.52587890625e-05,1,19.0,172.0,172.0,COBYLA,120,"[2.8746040698350956, 3.2295534178963874, 2.6762166453631315, 0.4324890662459698, 2.8286472419409745, 2.8565676468058108]","[3.2302634968642687, 4.276462688466486, 1.6181041188613607, 0.5076719241929333, 2.239536632207701, 2.9459012331126964]",120,3,Return from COBYLA because the objective function has been evaluated MAXFUN times.,2.179641535663063,1.554118631450407,1.554118631450407,0.0041731467141265,0.0041731467141265,1.0,273.49134305699886,1.52587890625e-05,1.52587890625e-05,1.0,0.0007232809439301,0.3079713201150298,0.0324278622865676,6.290332672186196,6.290332672186196,6.342964622192085,153.015625,SUCCESS,,False,False,False,g-bd62d2d752385cc7,D1,3301,4.816479930623699,2.4369435839708093,0.0,1.554118631450407,267.30840460946985,374.89834413404685,267.30840460947,0.625522904212656,3,global_fixed,172.0,661.8026456014086,3.847689800008189,penalty_contract_v2_scale_controlled,0.9999999999999976,optimized_seed
pilot-run-934cab45819180154913,task-v2-a2561503b5d0,g-bd62d2d752385cc7,v2-S4-b001-g-bd62d2d752385cc7,S4,D2,0,Uniform,0,10,16,16,1,2065.0,8,2,0.25,65536,2,3.0517578125e-05,1,13.0,172.0,172.0,analytic,0,,,0,0,analytic uniform baseline,,,,3.0517578125e-05,1.52587890625e-05,0.5,1.0,3.0517578125e-05,1.52587890625e-05,1.0,0.0007232809439301,0.3079689731821418,0.0,0.0,0.0,0.0,168.38671875,SUCCESS,,False,False,False,g-bd62d2d752385cc7,D2,0,4.515449934959718,0.0,0.0,,,,,,0,global_fixed,172.0,,,penalty_contract_v2_scale_controlled,,analytic_uniform
pilot-run-888ee06f8c6b93be1e3f,task-v2-a2561503b5d0,g-bd62d2d752385cc7,v2-S4-b001-g-bd62d2d752385cc7,S4,D2,1103,Penalty-X,1,10,16,16,1,2065.0,8,2,0.25,65536,2,3.0517578125e-05,1,13.0,172.0,172.0,COBYLA,120,"[1.4361119332668082, 2.3383068291715148]","[7.793122560044062, 2.382490864625849]",120,3,Return from COBYLA because the objective function has been evaluated MAXFUN times.,2.476824732424624,1.574328607485027,1.574328607485027,0.004088735512242,0.0022680937331215,0.5547176446925185,133.97968526514595,3.0517578125e-05,1.52587890625e-05,1.0,0.0007232809439301,0.3079689731821418,0.0285169444978237,2.3070004964247346,2.3070004964247346,2.323609907180071,153.75390625,SUCCESS,,False,False,False,g-bd62d2d752385cc7,D2,1103,4.515449934959718,2.12703895324482,0.0,1.574328607485027,270.7845204874244,426.0138539770352,270.78452048742463,0.9024961249395964,3,global_fixed,172.0,646.7846833737137,3.760376066126242,penalty_contract_v2_scale_controlled,0.9999999999999996,optimized_seed
pilot-run-958048e1dcffe31e89e5,task-v2-a2561503b5d0,g-bd62d2d752385cc7,v2-S4-b001-g-bd62d2d752385cc7,S4,D2,2207,Penalty-X,1,10,16,16,1,2065.0,8,2,0.25,65536,2,3.0517578125e-05,1,13.0,172.0,172.0,COBYLA,120,"[4.119365739193051, 2.0232897611184613]","[8.210308714776884, 2.379791886091541]",120,3,Return from COBYLA because the objective function has been evaluated MAXFUN times.,2.264929051662611,1.556178665400521,1.556178665400521,0.0043173367359312,0.0025141376606136,0.5823353179031878,141.47049016299525,3.0517578125e-05,1.52587890625e-05,1.0,0.0007232809439301,0.3079689731821418,0.0285169444978237,2.31799088511616,2.31799088511616,2.3360312320292,153.75390625,SUCCESS,,False,False,False,g-bd62d2d752385cc7,D2,2207,4.515449934959718,2.1506658582635345,0.0,1.556178665400521,267.6627304488894,389.5677968859691,267.6627304488896,0.7087503862620901,3,global_fixed,172.0,646.7846833737137,3.760376066126242,penalty_contract_v2_scale_controlled,1.000000000000002,optimized_seed
pilot-run-7a2ab67af293d6a76fe3,task-v2-a2561503b5d0,g-bd62d2d752385cc7,v2-S4-b001-g-bd62d2d752385cc7,S4,D2,3301,Penalty-X,1,10,16,16,1,2065.0,8,2,0.25,65536,2,3.0517578125e-05,1,13.0,172.0,172.0,COBYLA,120,"[2.8746040698350956, 1.6147767089481937]","[7.792677361178756, 2.367110238893866]",120,3,Return from COBYLA because the objective function has been evaluated MAXFUN times.,2.645062233241264,1.5753637945712151,1.5753637945712151,0.0036504597833137,0.0020189771895328,0.5530747657491332,119.61826617962367,3.0517578125e-05,1.52587890625e-05,1.0,0.0007232809439301,0.3079689731821418,0.0285169444978237,2.2950121546164155,2.2950121546164155,2.31126728374511,153.75390625,SUCCESS,,False,False,False,g-bd62d2d752385cc7,D2,3301,4.515449934959718,2.077797503191628,0.0,1.5753637945712151,270.9625726662491,454.95070411749737,270.962572666249,1.0696984386700488,3,global_fixed,172.0,646.7846833737137,3.760376066126242,penalty_contract_v2_scale_controlled,1.0000000000000022,optimized_seed
pilot-run-dbc396ef87989762081b,task-v2-a2561503b5d0,g-bd62d2d752385cc7,v2-S4-b001-g-bd62d2d752385cc7,S4,D2,1103,Penalty-X,2,10,16,16,1,2065.0,8,2,0.25,65536,2,3.0517578125e-05,1,13.0,172.0,172.0,COBYLA,120,"[1.4361119332668082, 4.6766136583430296, 1.8287983773432719, 0.554097077555417]","[2.68412702054293, 5.249363752773528, 3.188827735811626, -0.7909104594807059]",120,3,Return from COBYLA because the objective function has been evaluated MAXFUN times.,2.9570868242698207,1.5606313946049768,1.5606313946049768,0.0039389911785468,0.0022961116992394,0.5829187208503749,129.07286293862188,3.0517578125e-05,1.52587890625e-05,1.0,0.0007232809439301,0.3079689731821418,0.0285169444978237,4.495950969867408,4.495950969867408,4.53452346008271,153.75390625,SUCCESS,,False,False,False,g-bd62d2d752385cc7,D2,1103,4.515449934959718,2.1108349431583666,0.0,1.5606313946049768,268.42859987205594,508.6189337744092,268.428599872056,1.396455429664844,3,global_fixed,172.0,646.7846833737137,3.760376066126242,penalty_contract_v2_scale_controlled,1.0,optimized_seed
pilot-run-96952e2446af558656ca,task-v2-a2561503b5d0,g-bd62d2d752385cc7,v2-S4-b001-g-bd62d2d752385cc7,S4,D2,2207,Penalty-X,2,10,16,16,1,2065.0,8,2,0.25,65536,2,3.0517578125e-05,1,13.0,172.0,172.0,COBYLA,120,"[4.119365739193051, 4.0465795222369225, 1.5369649905613294, 0.28561357469155796]","[5.34222760112521, 4.212479534895196, 2.3365333010306846, 0.10393585706282553]",120,3,Return from COBYLA because the objective function has been evaluated MAXFUN times.,2.7521376078812465,1.7453037910749445,1.7453037910749445,0.0043756810028621,0.0013725343300982,0.3136733068979347,143.3823151017854,3.0517578125e-05,1.52587890625e-05,1.0,0.0007232809439301,0.3079689731821418,0.0285169444978237,4.408768921159208,4.408768921159208,4.448773691430688,153.75390625,SUCCESS,,False,False,False,g-bd62d2d752385cc7,D2,2207,4.515449934959718,2.156495588379584,0.0,1.7453037910749445,300.1922520648901,473.3676685555744,300.19225206489045,1.006833816806302,3,global_fixed,172.0,646.7846833737137,3.760376066126242,penalty_contract_v2_scale_controlled,1.0000000000000018,optimized_seed
pilot-run-05d3c7bad95d4a3631e0,task-v2-a2561503b5d0,g-bd62d2d752385cc7,v2-S4-b001-g-bd62d2d752385cc7,S4,D2,3301,Penalty-X,2,10,16,16,1,2065.0,8,2,0.25,65536,2,3.0517578125e-05,1,13.0,172.0,172.0,COBYLA,120,"[2.8746040698350956, 3.2295534178963874, 1.3381083226815658, 0.4324890662459698]","[5.034280354286156, 3.7126374294697504, 2.359884500089478, 0.10421524253570232]",120,3,Return from COBYLA because the objective function has been evaluated MAXFUN times.,2.911619511309627,1.824764564124827,1.824764564124827,0.0028432608202754,0.0003867576876107,0.1360261024429124,93.16797055878476,3.0517578125e-05,1.52587890625e-05,1.0,0.0007232809439301,0.3079689731821418,0.0285169444978237,4.45532307587564,4.45532307587564,4.487281979061663,153.75390625,SUCCESS,,False,False,False,g-bd62d2d752385cc7,D2,3301,4.515449934959718,1.969266635526279,0.0,1.824764564124827,313.85950502947,500.7985559452558,313.85950502947026,1.0868549471848,3,global_fixed,172.0,646.7846833737137,3.760376066126242,penalty_contract_v2_scale_controlled,0.9999999999999998,optimized_seed
pilot-run-db5dca39822749af8502,task-v2-a2561503b5d0,g-bd62d2d752385cc7,v2-S4-b001-g-bd62d2d752385cc7,S4,D2,1103,Penalty-X,3,10,16,16,1,2065.0,8,2,0.25,65536,2,3.0517578125e-05,1,13.0,172.0,172.0,COBYLA,120,"[1.4361119332668082, 4.6766136583430296, 3.6575967546865438, 0.554097077555417, 2.658092015317178, 1.6434959053105886]","[2.677291768285392, 4.507729359329801, 4.8798690742711806, 0.6497978958628776, 3.521883955702916, 1.9315019073031219]",120,3,Return from COBYLA because the objective function has been evaluated MAXFUN times.,3.0015584768594312,1.3944291448611557,1.3944291448611557,0.0017515802764144,0.0015620175483147,0.8917761688389038,57.39578249755007,3.0517578125e-05,1.52587890625e-05,1.0,0.0007232809439301,0.3079689731821418,0.0285169444978237,6.49235076084733,6.49235076084733,6.554322199895978,153.75390625,SUCCESS,,False,False,False,g-bd62d2d752385cc7,D2,1103,4.515449934959718,1.7588799811552016,0.0,1.3944291448611557,239.841812916119,516.2680580198222,239.8418129161188,1.6071293319982756,3,global_fixed,172.0,646.7846833737137,3.760376066126242,penalty_contract_v2_scale_controlled,1.000000000000001,optimized_seed
pilot-run-1c07a1a49e358979eb0d,task-v2-a2561503b5d0,g-bd62d2d752385cc7,v2-S4-b001-g-bd62d2d752385cc7,S4,D2,2207,Penalty-X,3,10,16,16,1,2065.0,8,2,0.25,65536,2,3.0517578125e-05,1,13.0,172.0,172.0,COBYLA,120,"[4.119365739193051, 4.0465795222369225, 3.073929981122659, 0.28561357469155796, 1.0467419303334264, 1.2456798648809793]","[4.7845835029230965, 4.85113606842255, 2.7390128968739273, 0.7489124496113305, 0.10912701663523804, 1.9469119978279221]",120,3,Return from COBYLA because the objective function has been evaluated MAXFUN times.,1.93147248560256,1.3430545443533883,1.3430545443533883,0.0017413254344057,0.0016303151946381,0.9362495731273448,57.05975183460678,3.0517578125e-05,1.52587890625e-05,1.0,0.0007232809439301,0.3079689731821418,0.0285169444978237,6.4345199810341,6.4345199810341,6.485912576317787,153.75390625,SUCCESS,,False,False,False,g-bd62d2d752385cc7,D2,2207,4.515449934959718,1.7563298784830756,0.0,1.3430545443533883,231.00538162878289,332.21326752364035,231.0053816287828,0.5884179412491719,3,global_fixed,172.0,646.7846833737137,3.760376066126242,penalty_contract_v2_scale_controlled,0.999999999999998,optimized_seed
pilot-run-fb4b5ae32f6b148382e3,task-v2-a2561503b5d0,g-bd62d2d752385cc7,v2-S4-b001-g-bd62d2d752385cc7,S4,D2,3301,Penalty-X,3,10,16,16,1,2065.0,8,2,0.25,65536,2,3.0517578125e-05,1,13.0,172.0,172.0,COBYLA,120,"[2.8746040698350956, 3.2295534178963874, 2.6762166453631315, 0.4324890662459698, 2.8286472419409745, 2.8565676468058108]","[2.973010596895403, 3.8228173837277657, 3.113168827098673, 0.667546752985599, 2.856005767417153, 2.3397479233365543]",120,3,Return from COBYLA because the objective function has been evaluated MAXFUN times.,2.080962479648611,1.4795527341462424,1.4795527341462424,0.0017960396412754,0.0011808599344669,0.6574798837003093,58.85262696531514,3.0517578125e-05,1.52587890625e-05,1.0,0.0007232809439301,0.3079689731821418,0.0285169444978237,6.4541288344189525,6.4541288344189525,6.499822387471795,153.75390625,SUCCESS,,False,False,False,g-bd62d2d752385cc7,D2,3301,4.515449934959718,1.7697658529241922,0.0,1.4795527341462424,254.48307027315403,357.9255464995611,254.4830702731537,0.6014097455023686,3,global_fixed,172.0,646.7846833737137,3.760376066126242,penalty_contract_v2_scale_controlled,0.9999999999999984,optimized_seed
pilot-run-a01e5b53a9dfeac5c795,task-v2-f6d986d24578,g-bd62d2d752385cc7,v2-S4-b001-g-bd62d2d752385cc7,S4,D3,0,Uniform,0,10,16,16,1,2103.0,8,3,0.375,65536,3,4.57763671875e-05,1,13.0,172.0,172.0,analytic,0,,,0,0,analytic uniform baseline,,,,4.57763671875e-05,1.52587890625e-05,0.3333333333333333,1.0,4.57763671875e-05,1.52587890625e-05,1.0,0.0007232809439301,0.3079675836488604,0.0,0.0,0.0,0.0,168.38671875,SUCCESS,,False,False,False,g-bd62d2d752385cc7,D3,0,4.339358675904037,0.0,0.0,,,,,,0,global_fixed,172.0,,,penalty_contract_v2_scale_controlled,,analytic_uniform
pilot-run-299f611fba32c94556f4,task-v2-f6d986d24578,g-bd62d2d752385cc7,v2-S4-b001-g-bd62d2d752385cc7,S4,D3,1103,Penalty-X,1,10,16,16,1,2103.0,8,3,0.375,65536,3,4.57763671875e-05,1,13.0,172.0,172.0,COBYLA,120,"[1.4361119332668082, 2.3383068291715148]","[7.27649795875205, 2.3950828797310852]",120,3,Return from COBYLA because the objective function has been evaluated MAXFUN times.,2.470717713970781,1.6071758454249545,1.6071758454249545,0.0051797142582539,0.0021587941576274,0.4167786194358973,113.15258454297587,4.57763671875e-05,1.52587890625e-05,1.0,0.0007232809439301,0.3079675836488604,0.028966867364943,2.3648525485768914,2.3648525485768914,2.3849265966564417,153.6171875,SUCCESS,,False,False,False,g-bd62d2d752385cc7,D3,1103,4.339358675904037,2.053664478219457,0.0,1.6071758454249545,276.43424541309184,424.9634468029744,276.4342454130921,0.8635418685458269,3,global_fixed,172.0,645.7527937552998,3.7543767078796497,penalty_contract_v2_scale_controlled,1.0,optimized_seed
pilot-run-876fa29de02f7d1ef932,task-v2-f6d986d24578,g-bd62d2d752385cc7,v2-S4-b001-g-bd62d2d752385cc7,S4,D3,2207,Penalty-X,1,10,16,16,1,2103.0,8,3,0.375,65536,3,4.57763671875e-05,1,13.0,172.0,172.0,COBYLA,120,"[4.119365739193051, 2.0232897611184613]","[8.007700296564035, 2.392462601517225]",120,3,Return from COBYLA because the objective function has been evaluated MAXFUN times.,2.259641570021579,1.5544169683035234,1.5544169683035234,0.0059582249262672,0.0025906632986743,0.4348045484575885,130.15940958928266,4.57763671875e-05,1.52587890625e-05,1.0,0.0007232809439301,0.3079675836488604,0.028966867364943,2.4934103339910507,2.4934103339910507,2.523645641282201,153.6171875,SUCCESS,,False,False,False,g-bd62d2d752385cc7,D3,2207,4.339358675904037,2.1144755699480235,0.0,1.5544169683035234,267.3597185482055,388.6583500437116,267.35971854820605,0.7052246017180557,3,global_fixed,172.0,645.7527937552998,3.7543767078796497,penalty_contract_v2_scale_controlled,0.9999999999999992,optimized_seed
pilot-run-a0262190981fc0a46b75,task-v2-f6d986d24578,g-bd62d2d752385cc7,v2-S4-b001-g-bd62d2d752385cc7,S4,D3,3301,Penalty-X,1,10,16,16,1,2103.0,8,3,0.375,65536,3,4.57763671875e-05,1,13.0,172.0,172.0,COBYLA,120,"[2.8746040698350956, 1.6147767089481937]","[7.737558512130913, 2.3835798940176613]",120,3,Return from COBYLA because the objective function has been evaluated MAXFUN times.,2.6418009362201174,1.5680490211972304,1.5680490211972304,0.0052741379496367,0.0022507331801528,0.4267490159804917,115.21530155579774,4.57763671875e-05,1.52587890625e-05,1.0,0.0007232809439301,0.3079675836488604,0.028966867364943,2.489046925678849,2.489046925678849,2.511198066174984,153.6171875,SUCCESS,,False,False,False,g-bd62d2d752385cc7,D3,3301,4.339358675904037,2.061510160857565,0.0,1.5680490211972304,269.7044316459237,454.3897610298602,269.70443164592365,1.073751915022887,3,global_fixed,172.0,645.7527937552998,3.7543767078796497,penalty_contract_v2_scale_controlled,1.0000000000000004,optimized_seed
pilot-run-69b0831e2c012d6bf093,task-v2-f6d986d24578,g-bd62d2d752385cc7,v2-S4-b001-g-bd62d2d752385cc7,S4,D3,1103,Penalty-X,2,10,16,16,1,2103.0,8,3,0.375,65536,3,4.57763671875e-05,1,13.0,172.0,172.0,COBYLA,120,"[1.4361119332668082, 4.6766136583430296, 1.8287983773432719, 0.554097077555417]","[2.647501350374748, 5.319563819718795, 3.1790621588205346, -0.78739489745014]",120,3,Return from COBYLA because the objective function has been evaluated MAXFUN times.,2.9489532160859504,1.5510844743229253,1.5510844743229253,0.0052136097810402,0.0023008172151225,0.4413098240473844,113.89304353675114,4.57763671875e-05,1.52587890625e-05,1.0,0.0007232809439301,0.3079675836488604,0.028966867364943,4.660521215759218,4.660521215759218,4.701958185993135,153.6171875,SUCCESS,,False,False,False,g-bd62d2d752385cc7,D3,1103,4.339358675904037,2.056497198654473,0.0,1.5510844743229253,266.78652958354286,507.21995316678345,266.78652958354314,1.3978687417630251,3,global_fixed,172.0,645.7527937552998,3.7543767078796497,penalty_contract_v2_scale_controlled,1.0000000000000004,optimized_seed
pilot-run-79f2784ba42d2552097f,task-v2-f6d986d24578,g-bd62d2d752385cc7,v2-S4-b001-g-bd62d2d752385cc7,S4,D3,2207,Penalty-X,2,10,16,16,1,2103.0,8,3,0.375,65536,3,4.57763671875e-05,1,13.0,172.0,172.0,COBYLA,120,"[4.119365739193051, 4.0465795222369225, 1.5369649905613294, 0.28561357469155796]","[5.236161746479105, 4.1991827760952205, 2.354446167321232, 0.11018317647910121]",120,3,Return from COBYLA because the objective function has been evaluated MAXFUN times.,2.74735657287584,1.758745927609906,1.758745927609906,0.0056632093637948,0.0014864362050667,0.2624724091201061,123.71469628855202,4.57763671875e-05,1.52587890625e-05,1.0,0.0007232809439301,0.3079675836488604,0.028966867364943,4.592032628133893,4.592032628133893,4.635898498818278,153.6171875,SUCCESS,,False,False,False,g-bd62d2d752385cc7,D3,2207,4.339358675904037,2.092421293306666,0.0,1.758745927609906,302.5042995489041,472.5453305346445,302.5042995489038,0.988610645265934,3,global_fixed,172.0,645.7527937552998,3.7543767078796497,penalty_contract_v2_scale_controlled,0.9999999999999988,optimized_seed
pilot-run-6f33b01582bfc3e57417,task-v2-f6d986d24578,g-bd62d2d752385cc7,v2-S4-b001-g-bd62d2d752385cc7,S4,D3,3301,Penalty-X,2,10,16,16,1,2103.0,8,3,0.375,65536,3,4.57763671875e-05,1,13.0,172.0,172.0,COBYLA,120,"[2.8746040698350956, 3.2295534178963874, 1.3381083226815658, 0.4324890662459698]","[5.708367919029502, 3.9937589813505925, 2.3854070761958712, 0.10852645605789317]",120,3,Return from COBYLA because the objective function has been evaluated MAXFUN times.,2.906416052356766,1.678917019365078,1.678917019365078,0.0059734645957361,0.0013850207731905,0.2318622218300594,130.49232524872158,4.57763671875e-05,1.52587890625e-05,1.0,0.0007232809439301,0.3079675836488604,0.028966867364943,4.566926163621247,4.566926163621247,4.608436319977045,153.6171875,SUCCESS,,False,False,False,g-bd62d2d752385cc7,D3,3301,4.339358675904037,2.1155849699107403,0.0,1.678917019365078,288.77372733079363,499.90356100536377,288.7737273307934,1.2274990329916882,3,global_fixed,172.0,645.7527937552998,3.7543767078796497,penalty_contract_v2_scale_controlled,1.0000000000000004,optimized_seed
pilot-run-734438e4baf5601b495c,task-v2-f6d986d24578,g-bd62d2d752385cc7,v2-S4-b001-g-bd62d2d752385cc7,S4,D3,1103,Penalty-X,3,10,16,16,1,2103.0,8,3,0.375,65536,3,4.57763671875e-05,1,13.0,172.0,172.0,COBYLA,120,"[1.4361119332668082, 4.6766136583430296, 3.6575967546865438, 0.554097077555417, 2.658092015317178, 1.6434959053105886]","[2.901109736355001, 4.4735615542631715, 5.035873096236088, 0.6796605816538906, 3.529392344716637, 1.9319734951287673]",120,3,Return from COBYLA because the objective function has been evaluated MAXFUN times.,2.996937786847928,1.3796136841591309,1.3796136841591309,0.0020573155433731,0.0015836834177314,0.7697814867693098,44.94274381683467,4.57763671875e-05,1.52587890625e-05,1.0,0.0007232809439301,0.3079675836488604,0.028966867364943,6.710184453986585,6.710184453986585,6.752858275547624,153.6171875,SUCCESS,,False,False,False,g-bd62d2d752385cc7,D3,1103,4.339358675904037,1.6526595831728907,0.0,1.3796136841591309,237.29355367537056,515.4732993378436,237.29355367537048,1.6173241026887974,3,global_fixed,172.0,645.7527937552998,3.7543767078796497,penalty_contract_v2_scale_controlled,1.000000000000002,optimized_seed
pilot-run-bc5003291775afd2346a,task-v2-f6d986d24578,g-bd62d2d752385cc7,v2-S4-b001-g-bd62d2d752385cc7,S4,D3,2207,Penalty-X,3,10,16,16,1,2103.0,8,3,0.375,65536,3,4.57763671875e-05,1,13.0,172.0,172.0,COBYLA,120,"[4.119365739193051, 4.0465795222369225, 3.073929981122659, 0.28561357469155796, 1.0467419303334264, 1.2456798648809793]","[4.905790817702062, 4.935428664332113, 2.7794180478599873, 0.7648379622727102, 0.08573574270431998, 1.9608653196010366]",120,3,Return from COBYLA because the objective function has been evaluated MAXFUN times.,1.9222186568096469,1.3272841379727334,1.3272841379727334,0.0024571602725289,0.0019322123306646,0.7863599099606009,53.677485206819824,4.57763671875e-05,1.52587890625e-05,1.0,0.0007232809439301,0.3079675836488604,0.028966867364943,6.673363631591201,6.673363631591201,6.7211532378569245,153.6171875,SUCCESS,,False,False,False,g-bd62d2d752385cc7,D3,2207,4.339358675904037,1.729792160916808,0.0,1.3272841379727334,228.2928717313104,330.6216089712592,228.29287173131013,0.5949345188369133,3,global_fixed,172.0,645.7527937552998,3.7543767078796497,penalty_contract_v2_scale_controlled,0.9999999999999968,optimized_seed
pilot-run-4e9f04700cbd7cff090a,task-v2-f6d986d24578,g-bd62d2d752385cc7,v2-S4-b001-g-bd62d2d752385cc7,S4,D3,3301,Penalty-X,3,10,16,16,1,2103.0,8,3,0.375,65536,3,4.57763671875e-05,1,13.0,172.0,172.0,COBYLA,120,"[2.8746040698350956, 3.2295534178963874, 2.6762166453631315, 0.4324890662459698, 2.8286472419409745, 2.8565676468058108]","[2.9331675405070308, 3.93470241822476, 2.967583594127794, 0.6620833745846428, 2.8592634495446285, 2.335581372647975]",120,3,Return from COBYLA because the objective function has been evaluated MAXFUN times.,2.0761720138029216,1.4732202070132483,1.4732202070132483,0.0021036840447622,0.0010801685232888,0.5134651878822862,45.95567918584568,4.57763671875e-05,1.52587890625e-05,1.0,0.0007232809439301,0.3079675836488604,0.028966867364943,6.74226301535964,6.74226301535964,6.793119916692376,153.6171875,SUCCESS,,False,False,False,g-bd62d2d752385cc7,D3,3301,4.339358675904037,1.6623391889901906,0.0,1.4732202070132483,253.39387560627884,357.1015863741025,253.3938756062787,0.6029518067896733,3,global_fixed,172.0,645.7527937552998,3.7543767078796497,penalty_contract_v2_scale_controlled,1.0000000000000002,optimized_seed
pilot-run-ed9bc5f5fcd9f6c9f7dc,task-v2-5d31ef4af595,g-bd62d2d752385cc7,v2-S4-b001-g-bd62d2d752385cc7,S4,D4,0,Uniform,0,10,16,16,1,2706.0,8,4,0.5,65536,4,6.103515625e-05,1,13.0,172.0,172.0,analytic,0,,,0,0,analytic uniform baseline,,,,6.103515625e-05,1.52587890625e-05,0.25,1.0,6.103515625e-05,1.52587890625e-05,1.0,0.0007232809439301,0.3079798966646194,0.0,0.0,0.0,0.0,168.38671875,SUCCESS,,False,False,False,g-bd62d2d752385cc7,D4,0,4.214419939295737,0.0,0.0,,,,,,0,global_fixed,172.0,,,penalty_contract_v2_scale_controlled,,analytic_uniform
pilot-run-03de70cefde682d5bc12,task-v2-5d31ef4af595,g-bd62d2d752385cc7,v2-S4-b001-g-bd62d2d752385cc7,S4,D4,1103,Penalty-X,1,10,16,16,1,2706.0,8,4,0.5,65536,4,6.103515625e-05,1,13.0,172.0,172.0,COBYLA,120,"[1.4361119332668082, 2.3383068291715148]","[7.359885042248033, 2.408998402984833]",120,3,Return from COBYLA because the objective function has been evaluated MAXFUN times.,2.320122877108998,1.456787239144567,1.456787239144567,0.006091747638476,0.0023774320032842,0.3902709278808783,99.80719330879177,6.103515625e-05,1.52587890625e-05,1.0,0.0007232809439301,0.3079798966646194,0.0300276111811399,2.222684753127396,2.222684753127396,2.23872883990407,153.70703125,SUCCESS,,False,False,False,g-bd62d2d752385cc7,D4,1103,4.214419939295737,1.999161842907964,0.0,1.456787239144567,250.5674051328657,399.0611348627476,250.5674051328656,0.8633356379644306,3,global_fixed,172.0,630.0381303965651,3.663012386026541,penalty_contract_v2_scale_controlled,1.0000000000000009,optimized_seed
pilot-run-a8307939162d8a81a3ac,task-v2-5d31ef4af595,g-bd62d2d752385cc7,v2-S4-b001-g-bd62d2d752385cc7,S4,D4,2207,Penalty-X,1,10,16,16,1,2706.0,8,4,0.5,65536,4,6.103515625e-05,1,13.0,172.0,172.0,COBYLA,120,"[4.119365739193051, 2.0232897611184613]","[7.787164018774167, 2.3992923104694297]",120,3,Return from COBYLA because the objective function has been evaluated MAXFUN times.,2.136578264132366,1.4397264000661218,1.4397264000661218,0.0062798108132673,0.0025347873637958,0.4036407209020632,102.88842036457244,6.103515625e-05,1.52587890625e-05,1.0,0.0007232809439301,0.3079798966646194,0.0300276111811399,2.3212568052113056,2.3212568052113056,2.337733599357307,153.70703125,SUCCESS,,False,False,False,g-bd62d2d752385cc7,D4,2207,4.214419939295737,2.0123664995947723,0.0,1.4397264000661218,247.6329408113727,367.49146143076695,247.6329408113729,0.696851864066244,3,global_fixed,172.0,630.0381303965651,3.663012386026541,penalty_contract_v2_scale_controlled,0.9999999999999992,optimized_seed
pilot-run-363614ef82c54cac612a,task-v2-5d31ef4af595,g-bd62d2d752385cc7,v2-S4-b001-g-bd62d2d752385cc7,S4,D4,3301,Penalty-X,1,10,16,16,1,2706.0,8,4,0.5,65536,4,6.103515625e-05,1,13.0,172.0,172.0,COBYLA,120,"[2.8746040698350956, 1.6147767089481937]","[7.795592726653369, 2.3658425406415]",120,3,Return from COBYLA because the objective function has been evaluated MAXFUN times.,2.579941951478233,1.44229222124582,1.44229222124582,0.0049716873703612,0.0020200727954114,0.4063153301742359,81.45612587599848,6.103515625e-05,1.52587890625e-05,1.0,0.0007232809439301,0.3079798966646194,0.0300276111811399,2.480140030384064,2.480140030384064,2.50011916924268,153.70703125,SUCCESS,,False,False,False,g-bd62d2d752385cc7,D4,3301,4.214419939295737,1.9109237508188928,0.0,1.44229222124582,248.0742620542814,443.75001565425606,248.07426205428104,1.137649730232413,3,global_fixed,172.0,630.0381303965651,3.663012386026541,penalty_contract_v2_scale_controlled,1.000000000000002,optimized_seed
pilot-run-29521619cbb0e35f00b2,task-v2-5d31ef4af595,g-bd62d2d752385cc7,v2-S4-b001-g-bd62d2d752385cc7,S4,D4,1103,Penalty-X,2,10,16,16,1,2706.0,8,4,0.5,65536,4,6.103515625e-05,1,13.0,172.0,172.0,COBYLA,120,"[1.4361119332668082, 4.6766136583430296, 1.8287983773432719, 0.554097077555417]","[2.710358359514951, 4.45024395215792, 2.2948412335999326, 0.09071943097895667]",120,3,Return from COBYLA because the objective function has been evaluated MAXFUN times.,2.773970046993232,1.9925596946169544,1.9925596946169544,0.0029309809049273,0.0008790222618303,0.2999071950119473,48.02119114633021,6.103515625e-05,1.52587890625e-05,1.0,0.0007232809439301,0.3079798966646194,0.0300276111811399,4.279671905562282,4.279671905562282,4.31310258526355,153.70703125,SUCCESS,,False,False,False,g-bd62d2d752385cc7,D4,1103,4.214419939295737,1.6814329283545462,0.0,1.9925596946169544,342.72026747411616,477.1228480828358,342.72026747411616,0.781410352376277,3,global_fixed,172.0,630.0381303965651,3.663012386026541,penalty_contract_v2_scale_controlled,1.0000000000000004,optimized_seed
pilot-run-aade73c0ec9f9615ff22,task-v2-5d31ef4af595,g-bd62d2d752385cc7,v2-S4-b001-g-bd62d2d752385cc7,S4,D4,2207,Penalty-X,2,10,16,16,1,2706.0,8,4,0.5,65536,4,6.103515625e-05,1,13.0,172.0,172.0,COBYLA,120,"[4.119365739193051, 4.0465795222369225, 1.5369649905613294, 0.28561357469155796]","[5.500610459534838, 4.202293684052995, 2.40403986351072, 0.09293122088557976]",120,3,Return from COBYLA because the objective function has been evaluated MAXFUN times.,2.654388188683002,1.6256199212116391,1.6256199212116391,0.0082642080413517,0.0030535211092855,0.3694874444116879,135.4007845495078,6.103515625e-05,1.52587890625e-05,1.0,0.0007232809439301,0.3079798966646194,0.0300276111811399,4.261701505631208,4.261701505631208,4.295720987021923,153.70703125,SUCCESS,,False,False,False,g-bd62d2d752385cc7,D4,2207,4.214419939295737,2.131621180778482,0.0,1.6256199212116391,279.6066264484019,456.5547684534764,279.606626448402,1.0287682674713627,3,global_fixed,172.0,630.0381303965651,3.663012386026541,penalty_contract_v2_scale_controlled,0.9999999999999992,optimized_seed
pilot-run-375f2ff10d74413efb11,task-v2-5d31ef4af595,g-bd62d2d752385cc7,v2-S4-b001-g-bd62d2d752385cc7,S4,D4,3301,Penalty-X,2,10,16,16,1,2706.0,8,4,0.5,65536,4,6.103515625e-05,1,13.0,172.0,172.0,COBYLA,120,"[2.8746040698350956, 3.2295534178963874, 1.3381083226815658, 0.4324890662459698]","[6.089635855056756, 1.270232980290997, 2.5952946372317545, -0.34509165296780636]",120,3,Return from COBYLA because the objective function has been evaluated MAXFUN times.,2.809396804605205,1.4537201462314218,1.4537201462314218,0.0052972315664891,0.0016164887921359,0.3051572829781611,86.78984198535822,6.103515625e-05,1.52587890625e-05,1.0,0.0007232809439301,0.3079798966646194,0.0300276111811399,4.237180512398481,4.237180512398481,4.270695305429399,153.70703125,SUCCESS,,False,False,False,g-bd62d2d752385cc7,D4,3301,4.214419939295737,1.9384688976665336,0.0,1.4537201462314218,250.0398651518045,483.2162503920953,250.0398651518045,1.3556766583737834,3,global_fixed,172.0,630.0381303965651,3.663012386026541,penalty_contract_v2_scale_controlled,0.9999999999999978,optimized_seed
pilot-run-ab532e07e0de2a3508bc,task-v2-5d31ef4af595,g-bd62d2d752385cc7,v2-S4-b001-g-bd62d2d752385cc7,S4,D4,1103,Penalty-X,3,10,16,16,1,2706.0,8,4,0.5,65536,4,6.103515625e-05,1,13.0,172.0,172.0,COBYLA,120,"[1.4361119332668082, 4.6766136583430296, 3.6575967546865438, 0.554097077555417, 2.658092015317178, 1.6434959053105886]","[2.410829971802342, 4.368948708462397, 4.394024725734581, 0.768957587667812, 3.13513885327456, 2.174982950722845]",120,3,Return from COBYLA because the objective function has been evaluated MAXFUN times.,2.9263690949793983,1.4190728579974936,1.4190728579974936,0.0034239702878865,0.002685754331607,0.7843976745676933,56.09832919673255,6.103515625e-05,1.52587890625e-05,1.0,0.0007232809439301,0.3079798966646194,0.0300276111811399,6.405076868832111,6.405076868832111,6.456097395159304,153.70703125,SUCCESS,,False,False,False,g-bd62d2d752385cc7,D4,1103,4.214419939295737,1.7489499266492978,0.0,1.4190728579974936,244.08053157556884,503.3354843364565,244.0805315755689,1.5072962369819047,3,global_fixed,172.0,630.0381303965651,3.663012386026541,penalty_contract_v2_scale_controlled,0.9999999999999976,optimized_seed
pilot-run-b5fcaaff3066edea88c8,task-v2-5d31ef4af595,g-bd62d2d752385cc7,v2-S4-b001-g-bd62d2d752385cc7,S4,D4,2207,Penalty-X,3,10,16,16,1,2706.0,8,4,0.5,65536,4,6.103515625e-05,1,13.0,172.0,172.0,COBYLA,120,"[4.119365739193051, 4.0465795222369225, 3.073929981122659, 0.28561357469155796, 1.0467419303334264, 1.2456798648809793]","[5.290106009834853, 4.740459440503703, 2.9308807223379696, 0.779073351522207, 0.01832044553600222, 2.03732459855248]",120,3,Return from COBYLA because the objective function has been evaluated MAXFUN times.,1.823296026553532,1.259948731612452,1.259948731612452,0.0029858691797164,0.0023971161488018,0.8028202190122381,48.92048064047484,6.103515625e-05,1.52587890625e-05,1.0,0.0007232809439301,0.3079798966646194,0.0300276111811399,6.4518994791433215,6.4518994791433215,6.501405457034707,153.70703125,SUCCESS,,False,False,False,g-bd62d2d752385cc7,D4,2207,4.214419939295737,1.6894907152996643,0.0,1.259948731612452,216.711181837342,313.60691656720746,216.7111818373417,0.5633472949410798,3,global_fixed,172.0,630.0381303965651,3.663012386026541,penalty_contract_v2_scale_controlled,0.9999999999999992,optimized_seed
pilot-run-485bdd31d276ca3d018e,task-v2-5d31ef4af595,g-bd62d2d752385cc7,v2-S4-b001-g-bd62d2d752385cc7,S4,D4,3301,Penalty-X,3,10,16,16,1,2706.0,8,4,0.5,65536,4,6.103515625e-05,1,13.0,172.0,172.0,COBYLA,120,"[2.8746040698350956, 3.2295534178963874, 2.6762166453631315, 0.4324890662459698, 2.8286472419409745, 2.8565676468058108]","[2.7350162338317534, 3.8725444056211185, 3.2808769687150865, 0.3238029919640797, 2.9442238987768854, 2.4376488223901633]",120,3,Return from COBYLA because the objective function has been evaluated MAXFUN times.,2.0085129171136256,1.49246420070966,1.49246420070966,0.0063154622053538,0.0030353778706151,0.4806264010323711,103.47253277251671,6.103515625e-05,1.52587890625e-05,1.0,0.0007232809439301,0.3079798966646194,0.0300276111811399,6.432540072128177,6.432540072128177,6.482230979949236,153.70703125,SUCCESS,,False,False,False,g-bd62d2d752385cc7,D4,3301,4.214419939295737,2.014825079759378,0.0,1.49246420070966,256.70384252206134,345.4642217435436,256.7038425220615,0.5160487164039655,3,global_fixed,172.0,630.0381303965651,3.663012386026541,penalty_contract_v2_scale_controlled,0.9999999999999972,optimized_seed
pilot-run-45fc7d311f6770341b17,task-v2-5b5a3995de2b,g-bd62d2d752385cc7,v2-S4-b001-g-bd62d2d752385cc7,S4,D5,0,Uniform,0,10,16,16,1,2785.0,8,5,0.625,65536,5,7.62939453125e-05,1,13.0,172.0,172.0,analytic,0,,,0,0,analytic uniform baseline,,,,7.62939453125e-05,1.52587890625e-05,0.2,1.0,7.62939453125e-05,1.52587890625e-05,1.0,0.0007232809439301,0.3079678285866976,0.0,0.0,0.0,0.0,168.38671875,SUCCESS,,False,False,False,g-bd62d2d752385cc7,D5,0,4.11750992628768,0.0,0.0,,,,,,0,global_fixed,172.0,,,penalty_contract_v2_scale_controlled,,analytic_uniform
pilot-run-3193eee1da68a84c46a8,task-v2-5b5a3995de2b,g-bd62d2d752385cc7,v2-S4-b001-g-bd62d2d752385cc7,S4,D5,1103,Penalty-X,1,10,16,16,1,2785.0,8,5,0.625,65536,5,7.62939453125e-05,1,13.0,172.0,172.0,COBYLA,120,"[1.4361119332668082, 2.3383068291715148]","[7.444093829495653, 2.406913915834283]",120,3,Return from COBYLA because the objective function has been evaluated MAXFUN times.,2.294556374777603,1.432247220832901,1.432247220832901,0.0068147767324766,0.0024017796109206,0.352437021080184,89.32264158791763,7.62939453125e-05,1.52587890625e-05,1.0,0.0007232809439301,0.3079678285866976,0.027360200881958,2.252736998721957,2.252736998721957,2.2717030672356486,153.78515625,SUCCESS,,False,False,False,g-bd62d2d752385cc7,D5,1103,4.11750992628768,1.950961558220405,0.0,1.432247220832901,246.34652198325875,394.66369646174775,246.34652198325887,0.8623091539447023,3,global_fixed,172.0,628.0712969319711,3.651577307744018,penalty_contract_v2_scale_controlled,0.999999999999998,optimized_seed
pilot-run-3fb5bbd44cf7b8318d8e,task-v2-5b5a3995de2b,g-bd62d2d752385cc7,v2-S4-b001-g-bd62d2d752385cc7,S4,D5,2207,Penalty-X,1,10,16,16,1,2785.0,8,5,0.625,65536,5,7.62939453125e-05,1,13.0,172.0,172.0,COBYLA,120,"[4.119365739193051, 2.0232897611184613]","[7.74494573715614, 2.398578822128647]",120,3,Return from COBYLA because the objective function has been evaluated MAXFUN times.,2.115621677551263,1.4237700398723314,1.4237700398723314,0.0068030580438985,0.0024896892190211,0.3659661879930767,89.16904239298717,7.62939453125e-05,1.52587890625e-05,1.0,0.0007232809439301,0.3079678285866976,0.027360200881958,2.3157911682501435,2.3157911682501435,2.3360534785315394,153.78515625,SUCCESS,,False,False,False,g-bd62d2d752385cc7,D5,2207,4.11750992628768,1.95021410267781,0.0,1.4237700398723314,244.88844685804105,363.8869285388173,244.888446858041,0.6918516376789317,3,global_fixed,172.0,628.0712969319711,3.651577307744018,penalty_contract_v2_scale_controlled,1.0000000000000004,optimized_seed
pilot-run-421bb7c1ed01fcf3d344,task-v2-5b5a3995de2b,g-bd62d2d752385cc7,v2-S4-b001-g-bd62d2d752385cc7,S4,D5,3301,Penalty-X,1,10,16,16,1,2785.0,8,5,0.625,65536,5,7.62939453125e-05,1,13.0,172.0,172.0,COBYLA,120,"[2.8746040698350956, 1.6147767089481937]","[7.7747394232693825, 2.398893892578458]",120,3,Return from COBYLA because the objective function has been evaluated MAXFUN times.,2.5700912579952324,1.423609711829292,1.423609711829292,0.0068486650007256,0.0025155814641264,0.3673097550923966,89.76682189751186,7.62939453125e-05,1.52587890625e-05,1.0,0.0007232809439301,0.3079678285866976,0.027360200881958,2.460089961066842,2.460089961066842,2.478699749335646,153.78515625,SUCCESS,,False,False,False,g-bd62d2d752385cc7,D5,3301,4.11750992628768,1.9531158497038184,0.0,1.423609711829292,244.8608704346382,442.05569637518,244.8608704346382,1.1464815461659406,3,global_fixed,172.0,628.0712969319711,3.651577307744018,penalty_contract_v2_scale_controlled,1.0,optimized_seed
pilot-run-10be3ed92cae57eea318,task-v2-5b5a3995de2b,g-bd62d2d752385cc7,v2-S4-b001-g-bd62d2d752385cc7,S4,D5,1103,Penalty-X,2,10,16,16,1,2785.0,8,5,0.625,65536,5,7.62939453125e-05,1,13.0,172.0,172.0,COBYLA,120,"[1.4361119332668082, 4.6766136583430296, 1.8287983773432719, 0.554097077555417]","[2.773650382576821, 4.397274207763687, 2.2840309570386834, 0.09031578044979562]",120,3,Return from COBYLA because the objective function has been evaluated MAXFUN times.,2.74262256147081,1.9634324701349053,1.9634324701349053,0.0032792023111756,0.0009142033755373,0.2787883420372316,42.98116053304194,7.62939453125e-05,1.52587890625e-05,1.0,0.0007232809439301,0.3079678285866976,0.027360200881958,4.25257430318743,4.25257430318743,4.284951400011778,153.78515625,SUCCESS,,False,False,False,g-bd62d2d752385cc7,D5,1103,4.11750992628768,1.633278137686176,0.0,1.9634324701349053,337.71038486320367,471.7310805729794,337.7103848632038,0.7791900913359049,3,global_fixed,172.0,628.0712969319711,3.651577307744018,penalty_contract_v2_scale_controlled,1.0000000000000022,optimized_seed
pilot-run-0b0d78ae43474b571bdc,task-v2-5b5a3995de2b,g-bd62d2d752385cc7,v2-S4-b001-g-bd62d2d752385cc7,S4,D5,2207,Penalty-X,2,10,16,16,1,2785.0,8,5,0.625,65536,5,7.62939453125e-05,1,13.0,172.0,172.0,COBYLA,120,"[4.119365739193051, 4.0465795222369225, 1.5369649905613294, 0.28561357469155796]","[5.698741696704778, 4.093949542587866, 2.421309056216148, 0.10642663591831496]",120,3,Return from COBYLA because the objective function has been evaluated MAXFUN times.,2.64039113095344,1.5700904745513848,1.5700904745513848,0.0112721749114478,0.0039003383357499,0.3460147102391745,147.74665099932952,7.62939453125e-05,1.52587890625e-05,1.0,0.0007232809439301,0.3079678285866976,0.027360200881958,4.3019137121737,4.3019137121737,4.334789871238172,153.78515625,SUCCESS,,False,False,False,g-bd62d2d752385cc7,D5,2207,4.11750992628768,2.1695176454314984,0.0,1.5700904745513848,270.0555616228382,454.14727452399154,270.0555616228382,1.0703006564020543,3,global_fixed,172.0,628.0712969319711,3.651577307744018,penalty_contract_v2_scale_controlled,0.9999999999999992,optimized_seed
pilot-run-464221986f91032a6a0b,task-v2-5b5a3995de2b,g-bd62d2d752385cc7,v2-S4-b001-g-bd62d2d752385cc7,S4,D5,3301,Penalty-X,2,10,16,16,1,2785.0,8,5,0.625,65536,5,7.62939453125e-05,1,13.0,172.0,172.0,COBYLA,120,"[2.8746040698350956, 3.2295534178963874, 1.3381083226815658, 0.4324890662459698]","[4.408227601389611, 2.0263073719290916, 2.1634192573821203, -0.10604399414763346]",120,3,Return from COBYLA because the objective function has been evaluated MAXFUN times.,2.7947429710578344,1.8574530493091648,1.8574530493091648,0.0022342016990503,0.0005201283167842,0.232802757694294,29.28412850979307,7.62939453125e-05,1.52587890625e-05,1.0,0.0007232809439301,0.3079678285866976,0.027360200881958,4.252628262154758,4.252628262154758,4.289382562041283,153.78515625,SUCCESS,,False,False,False,g-bd62d2d752385cc7,D5,3301,4.11750992628768,1.4666323040334464,0.0,1.8574530493091648,319.4819244811763,480.6957910219475,319.48192448117646,0.937289921748669,3,global_fixed,172.0,628.0712969319711,3.651577307744018,penalty_contract_v2_scale_controlled,1.0000000000000002,optimized_seed
pilot-run-1b0802314b316e701d17,task-v2-5b5a3995de2b,g-bd62d2d752385cc7,v2-S4-b001-g-bd62d2d752385cc7,S4,D5,1103,Penalty-X,3,10,16,16,1,2785.0,8,5,0.625,65536,5,7.62939453125e-05,1,13.0,172.0,172.0,COBYLA,120,"[1.4361119332668082, 4.6766136583430296, 3.6575967546865438, 0.554097077555417, 2.658092015317178, 1.6434959053105886]","[2.1369009457549377, 4.06528865964486, 4.474874805339805, 0.7439868144137703, 3.135199770405332, 2.194890382301708]",120,3,Return from COBYLA because the objective function has been evaluated MAXFUN times.,2.9169933068086173,1.4016698068432565,1.4016698068432565,0.0030643260796143,0.0022423826357311,0.7317702416360911,40.16473479072085,7.62939453125e-05,1.52587890625e-05,1.0,0.0007232809439301,0.3079678285866976,0.027360200881958,6.33078777231276,6.33078777231276,6.383300923742354,153.78515625,SUCCESS,,False,False,False,g-bd62d2d752385cc7,D5,1103,4.11750992628768,1.6038449036458258,0.0,1.4016698068432565,241.08720677704028,501.72284877108217,241.08720677704008,1.515323499965361,3,global_fixed,172.0,628.0712969319711,3.651577307744018,penalty_contract_v2_scale_controlled,0.9999999999999992,optimized_seed
pilot-run-c9857784b0ed11f7ab20,task-v2-5b5a3995de2b,g-bd62d2d752385cc7,v2-S4-b001-g-bd62d2d752385cc7,S4,D5,2207,Penalty-X,3,10,16,16,1,2785.0,8,5,0.625,65536,5,7.62939453125e-05,1,13.0,172.0,172.0,COBYLA,120,"[4.119365739193051, 4.0465795222369225, 3.073929981122659, 0.28561357469155796, 1.0467419303334264, 1.2456798648809793]","[5.5083270733421905, 4.900519050526107, 3.1654001682539263, 0.8014881555274833, -0.035083024215725234, 2.051862954882441]",120,3,Return from COBYLA because the objective function has been evaluated MAXFUN times.,1.811948504405207,1.2351989414276217,1.2351989414276217,0.0039453432851876,0.0032616076060359,0.8266980514170242,51.71240350761214,7.62939453125e-05,1.52587890625e-05,1.0,0.0007232809439301,0.3079678285866976,0.027360200881958,6.333176320418716,6.333176320418716,6.382657520473003,153.78515625,SUCCESS,,False,False,False,g-bd62d2d752385cc7,D5,2207,4.11750992628768,1.7135947235356557,0.0,1.2351989414276217,212.45421792555112,311.6551427576956,212.4542179255509,0.5767495629775854,3,global_fixed,172.0,628.0712969319711,3.651577307744018,penalty_contract_v2_scale_controlled,1.0000000000000018,optimized_seed
pilot-run-82aeb10faeee12da25eb,task-v2-5b5a3995de2b,g-bd62d2d752385cc7,v2-S4-b001-g-bd62d2d752385cc7,S4,D5,3301,Penalty-X,3,10,16,16,1,2785.0,8,5,0.625,65536,5,7.62939453125e-05,1,13.0,172.0,172.0,COBYLA,120,"[2.8746040698350956, 3.2295534178963874, 2.6762166453631315, 0.4324890662459698, 2.8286472419409745, 2.8565676468058108]","[2.8003271746235754, 3.861512081155271, 3.2777794354179632, 0.32622656245575293, 2.9396503215793084, 2.4546820722838287]",120,3,Return from COBYLA because the objective function has been evaluated MAXFUN times.,1.998878321456638,1.492335719343098,1.492335719343098,0.0072912881759174,0.0031394950893927,0.4305816768787581,95.56837237938518,7.62939453125e-05,1.52587890625e-05,1.0,0.0007232809439301,0.3079678285866976,0.027360200881958,6.391279659233987,6.391279659233987,6.439541471190751,153.78515625,SUCCESS,,False,False,False,g-bd62d2d752385cc7,D5,3301,4.11750992628768,1.980314189622119,0.0,1.492335719343098,256.68174372701293,343.8070712905418,256.6817437270129,0.5065426021135402,3,global_fixed,172.0,628.0712969319711,3.651577307744018,penalty_contract_v2_scale_controlled,1.0000000000000009,optimized_seed
pilot-run-f5d003425d88b5633d90,task-v2-cf1a83d8dbf9,g-bd62d2d752385cc7,v2-S4-b001-g-bd62d2d752385cc7,S4,D6,0,Uniform,0,10,16,16,1,2814.0,8,6,0.75,65536,6,9.1552734375e-05,1,13.0,172.0,172.0,analytic,0,,,0,0,analytic uniform baseline,,,,9.1552734375e-05,1.52587890625e-05,0.1666666666666666,1.0,9.1552734375e-05,1.52587890625e-05,1.0,0.0007232809439301,0.3079677503556013,0.0,0.0,0.0,0.0,168.38671875,SUCCESS,,False,False,False,g-bd62d2d752385cc7,D6,0,4.038328680240055,0.0,0.0,,,,,,0,global_fixed,172.0,,,penalty_contract_v2_scale_controlled,,analytic_uniform
pilot-run-1a7c93e110a5588af990,task-v2-cf1a83d8dbf9,g-bd62d2d752385cc7,v2-S4-b001-g-bd62d2d752385cc7,S4,D6,1103,Penalty-X,1,10,16,16,1,2814.0,8,6,0.75,65536,6,9.1552734375e-05,1,13.0,172.0,172.0,COBYLA,120,"[1.4361119332668082, 2.3383068291715148]","[7.669892083312726, 2.405336368096332]",120,3,Return from COBYLA because the objective function has been evaluated MAXFUN times.,2.2850146178439887,1.4175642637735286,1.4175642637735286,0.0078667086031696,0.0025413590890212,0.3230523993220338,85.92543583622059,9.1552734375e-05,1.52587890625e-05,1.0,0.0007232809439301,0.3079677503556013,0.0286752050742506,2.33528820425272,2.33528820425272,2.3529188008978963,153.61328125,SUCCESS,,False,False,False,g-bd62d2d752385cc7,D6,1103,4.038328680240055,1.934121743669729,0.0,1.4175642637735286,243.8210533690471,393.0225142691661,243.8210533690469,0.8674503540704601,3,global_fixed,172.0,627.354641104768,3.647410704097488,penalty_contract_v2_scale_controlled,0.9999999999999992,optimized_seed
pilot-run-10e1496914d896b29670,task-v2-cf1a83d8dbf9,g-bd62d2d752385cc7,v2-S4-b001-g-bd62d2d752385cc7,S4,D6,2207,Penalty-X,1,10,16,16,1,2814.0,8,6,0.75,65536,6,9.1552734375e-05,1,13.0,172.0,172.0,COBYLA,120,"[4.119365739193051, 2.0232897611184613]","[7.754121586069109, 2.4018123043292707]",120,3,Return from COBYLA because the objective function has been evaluated MAXFUN times.,2.107495466080224,1.4168829276652182,1.4168829276652182,0.0078009175092152,0.0025485457342005,0.3266982032805705,85.2068216473217,9.1552734375e-05,1.52587890625e-05,1.0,0.0007232809439301,0.3079677503556013,0.0286752050742506,2.494372146204114,2.494372146204114,2.513555009849369,153.61328125,SUCCESS,,False,False,False,g-bd62d2d752385cc7,D6,2207,4.038328680240055,1.930474365719673,0.0,1.4168829276652182,243.7038635584176,362.4892201657985,243.7038635584176,0.6906125384150057,3,global_fixed,172.0,627.354641104768,3.647410704097488,penalty_contract_v2_scale_controlled,1.0000000000000009,optimized_seed
pilot-run-2d760a6879d83f688d78,task-v2-cf1a83d8dbf9,g-bd62d2d752385cc7,v2-S4-b001-g-bd62d2d752385cc7,S4,D6,3301,Penalty-X,1,10,16,16,1,2814.0,8,6,0.75,65536,6,9.1552734375e-05,1,13.0,172.0,172.0,COBYLA,120,"[2.8746040698350956, 1.6147767089481937]","[7.748283920357943, 2.400196348989395]",120,3,Return from COBYLA because the objective function has been evaluated MAXFUN times.,2.566321699311444,1.4169064491594596,1.4169064491594596,0.0077167111328796,0.0025203695673788,0.3266118847756245,84.28706346739985,9.1552734375e-05,1.52587890625e-05,1.0,0.0007232809439301,0.3079677503556013,0.0286752050742506,2.428630051203072,2.428630051203072,2.4449591785669327,153.61328125,SUCCESS,,False,False,False,g-bd62d2d752385cc7,D6,3301,4.038328680240055,1.9257609234283968,0.0,1.4169064491594596,243.7079092554272,441.4073322815682,243.70790925542707,1.1494152501519836,3,global_fixed,172.0,627.354641104768,3.647410704097488,penalty_contract_v2_scale_controlled,1.0000000000000018,optimized_seed
pilot-run-7ed971b78d01bb44e4ef,task-v2-cf1a83d8dbf9,g-bd62d2d752385cc7,v2-S4-b001-g-bd62d2d752385cc7,S4,D6,1103,Penalty-X,2,10,16,16,1,2814.0,8,6,0.75,65536,6,9.1552734375e-05,1,13.0,172.0,172.0,COBYLA,120,"[1.4361119332668082, 4.6766136583430296, 1.8287983773432719, 0.554097077555417]","[2.621614057247582, 4.461914212542854, 2.2603067047797856, 0.08774937765496452]",120,3,Return from COBYLA because the objective function has been evaluated MAXFUN times.,2.7307914814538643,1.97074534007116,1.97074534007116,0.0032263975049916,0.0008911254446083,0.2761982809711751,35.240864481188474,9.1552734375e-05,1.52587890625e-05,1.0,0.0007232809439301,0.3079677503556013,0.0286752050742506,4.226028284989297,4.226028284989297,4.257087678648531,153.61328125,SUCCESS,,False,False,False,g-bd62d2d752385cc7,D6,1103,4.038328680240055,1.547046553395088,0.0,1.97074534007116,338.9681984922397,469.6961348100647,338.96819849223954,0.7600461413827042,3,global_fixed,172.0,627.354641104768,3.647410704097488,penalty_contract_v2_scale_controlled,0.9999999999999984,optimized_seed
pilot-run-6c8875409a34febd1643,task-v2-cf1a83d8dbf9,g-bd62d2d752385cc7,v2-S4-b001-g-bd62d2d752385cc7,S4,D6,2207,Penalty-X,2,10,16,16,1,2814.0,8,6,0.75,65536,6,9.1552734375e-05,1,13.0,172.0,172.0,COBYLA,120,"[4.119365739193051, 4.0465795222369225, 1.5369649905613294, 0.28561357469155796]","[6.201001262929512, 4.0711430130357975, 2.423600647401147, 0.09792080092044632]",120,3,Return from COBYLA because the objective function has been evaluated MAXFUN times.,2.635031527065417,1.4597950213728927,1.4597950213728927,0.014106868042303,0.0047156609372846,0.334281211332206,154.0846173367287,9.1552734375e-05,1.52587890625e-05,1.0,0.0007232809439301,0.3079677503556013,0.0286752050742506,4.267526153475046,4.267526153475046,4.300930002704263,153.61328125,SUCCESS,,False,False,False,g-bd62d2d752385cc7,D6,2207,4.038328680240055,2.187759284148428,0.0,1.4597950213728927,251.0847436761376,453.22542265525175,251.08474367613755,1.1752365056925245,3,global_fixed,172.0,627.354641104768,3.647410704097488,penalty_contract_v2_scale_controlled,1.0000000000000004,optimized_seed
pilot-run-002891fc220241ea238e,task-v2-cf1a83d8dbf9,g-bd62d2d752385cc7,v2-S4-b001-g-bd62d2d752385cc7,S4,D6,3301,Penalty-X,2,10,16,16,1,2814.0,8,6,0.75,65536,6,9.1552734375e-05,1,13.0,172.0,172.0,COBYLA,120,"[2.8746040698350956, 3.2295534178963874, 1.3381083226815658, 0.4324890662459698]","[4.1605605247002835, 2.170285388743379, 2.114669228493137, -0.11540578748458219]",120,3,Return from COBYLA because the objective function has been evaluated MAXFUN times.,2.7891508756709,1.87742201063398,1.87742201063398,0.002476910798392,0.0006490820817053,0.2620530711589338,27.05447101390403,9.1552734375e-05,1.52587890625e-05,1.0,0.0007232809439301,0.3079677503556013,0.0286752050742506,4.321484472602606,4.321484472602606,4.355114280246198,153.61328125,SUCCESS,,False,False,False,g-bd62d2d752385cc7,D6,3301,4.038328680240055,1.4322390467517483,0.0,1.87742201063398,322.9165858290446,479.7339506153948,322.9165858290445,0.91172886503692,3,global_fixed,172.0,627.354641104768,3.647410704097488,penalty_contract_v2_scale_controlled,1.0000000000000004,optimized_seed
pilot-run-77a299d3a86c17491e08,task-v2-cf1a83d8dbf9,g-bd62d2d752385cc7,v2-S4-b001-g-bd62d2d752385cc7,S4,D6,1103,Penalty-X,3,10,16,16,1,2814.0,8,6,0.75,65536,6,9.1552734375e-05,1,13.0,172.0,172.0,COBYLA,120,"[1.4361119332668082, 4.6766136583430296, 3.6575967546865438, 0.554097077555417, 2.658092015317178, 1.6434959053105886]","[2.053463733961578, 4.321406598227862, 3.9306649637589692, 0.7069800790151692, 3.1348720900957954, 2.220827412001193]",120,3,Return from COBYLA because the objective function has been evaluated MAXFUN times.,2.9135000301866523,1.386306201082544,1.386306201082544,0.003486442307474,0.0020376734164085,0.5844563703349615,38.08124717710312,9.1552734375e-05,1.52587890625e-05,1.0,0.0007232809439301,0.3079677503556013,0.0286752050742506,6.159083710983396,6.159083710983396,6.206963087432087,153.61328125,SUCCESS,,False,False,False,g-bd62d2d752385cc7,D6,1103,4.038328680240055,1.580711163275048,0.0,1.386306201082544,238.4446665861977,501.1220051921042,238.4446665861976,1.5271938291041085,3,global_fixed,172.0,627.354641104768,3.647410704097488,penalty_contract_v2_scale_controlled,1.0,optimized_seed
pilot-run-c86253badeb99d481c28,task-v2-cf1a83d8dbf9,g-bd62d2d752385cc7,v2-S4-b001-g-bd62d2d752385cc7,S4,D6,2207,Penalty-X,3,10,16,16,1,2814.0,8,6,0.75,65536,6,9.1552734375e-05,1,13.0,172.0,172.0,COBYLA,120,"[4.119365739193051, 4.0465795222369225, 3.073929981122659, 0.28561357469155796, 1.0467419303334264, 1.2456798648809793]","[5.587765020258427, 4.872950815416026, 2.954475992560068, 0.8051660101230609, -0.01654437013200712, 2.0303531425219]",120,3,Return from COBYLA because the objective function has been evaluated MAXFUN times.,1.807684165296628,1.2307022796542304,1.2307022796542304,0.003234222009544,0.0024423208300743,0.7551494062148844,35.32632893624666,9.1552734375e-05,1.52587890625e-05,1.0,0.0007232809439301,0.3079677503556013,0.0286752050742506,6.241888076998293,6.241888076998293,6.289396222680807,153.61328125,SUCCESS,,False,False,False,g-bd62d2d752385cc7,D6,2207,4.038328680240055,1.5480985084915158,0.0,1.2307022796542304,211.68079210052773,310.92167643102005,211.68079210052764,0.5769818856423978,3,global_fixed,172.0,627.354641104768,3.647410704097488,penalty_contract_v2_scale_controlled,0.9999999999999972,optimized_seed
pilot-run-0a052e8850e4918cdda4,task-v2-cf1a83d8dbf9,g-bd62d2d752385cc7,v2-S4-b001-g-bd62d2d752385cc7,S4,D6,3301,Penalty-X,3,10,16,16,1,2814.0,8,6,0.75,65536,6,9.1552734375e-05,1,13.0,172.0,172.0,COBYLA,120,"[2.8746040698350956, 3.2295534178963874, 2.6762166453631315, 0.4324890662459698, 2.8286472419409745, 2.8565676468058108]","[2.8093357601405344, 3.8549625987899523, 3.264765869163894, 0.3210702145316908, 2.9443719065026874, 2.4650306806922577]",120,3,Return from COBYLA because the objective function has been evaluated MAXFUN times.,1.9957866578549024,1.490208677686519,1.490208677686519,0.0087536354095119,0.0032329119997018,0.3693222128247312,95.6130416996291,9.1552734375e-05,1.52587890625e-05,1.0,0.0007232809439301,0.3079677503556013,0.0286752050742506,6.393915104679763,6.393915104679763,6.443432400003076,153.61328125,SUCCESS,,False,False,False,g-bd62d2d752385cc7,D6,3301,4.038328680240055,1.9805171344506085,0.0,1.490208677686519,256.3158925620816,343.27530515104326,256.31589256208133,0.5055779801683833,3,global_fixed,172.0,627.354641104768,3.647410704097488,penalty_contract_v2_scale_controlled,0.9999999999999972,optimized_seed
pilot-run-f6d5cf7e818f8d9a6e9f,task-v2-e243a3cd3e64,g-bd62d2d752385cc7,v2-S4-b001-g-bd62d2d752385cc7,S4,D7,0,Uniform,0,10,16,16,1,3134.0,8,8,1.0,65536,8,0.0001220703125,1,13.0,172.0,172.0,analytic,0,,,0,0,analytic uniform baseline,,,,0.0001220703125,1.52587890625e-05,0.125,1.0,0.0001220703125,1.52587890625e-05,1.0,0.0007232809439301,0.3079808186739683,0.0,0.0,0.0,0.0,168.38671875,SUCCESS,,False,False,False,g-bd62d2d752385cc7,D7,0,3.9133899436317554,0.0,0.0,,,,,,0,global_fixed,172.0,,,penalty_contract_v2_scale_controlled,,analytic_uniform
pilot-run-8311f46426ff7d85cd57,task-v2-e243a3cd3e64,g-bd62d2d752385cc7,v2-S4-b001-g-bd62d2d752385cc7,S4,D7,1103,Penalty-X,1,10,16,16,1,3134.0,8,8,1.0,65536,8,0.0001220703125,1,13.0,172.0,172.0,COBYLA,120,"[1.4361119332668082, 2.3383068291715148]","[3.0750645738856637, 2.294775530067245]",120,3,Return from COBYLA because the objective function has been evaluated MAXFUN times.,2.164498886650364,1.97006566017132,1.97006566017132,0.0012523855663927,0.0001841409149405,0.1470321280298394,10.25954255988906,0.0001220703125,1.52587890625e-05,1.0,0.0007232809439301,0.3079808186739683,0.0274678189307451,2.3220058688893914,2.3220058688893914,2.341249634511769,153.59375,SUCCESS,,False,False,False,g-bd62d2d752385cc7,D7,1103,3.9133899436317554,1.0111279974088574,0.0,1.97006566017132,338.8512935494671,372.2938085038626,338.851293549467,0.194433226479044,3,global_fixed,172.0,619.6373527340297,3.602542748453661,penalty_contract_v2_scale_controlled,1.0000000000000009,optimized_seed
pilot-run-9bfb58f540e48bdeb58a,task-v2-e243a3cd3e64,g-bd62d2d752385cc7,v2-S4-b001-g-bd62d2d752385cc7,S4,D7,2207,Penalty-X,1,10,16,16,1,3134.0,8,8,1.0,65536,8,0.0001220703125,1,13.0,172.0,172.0,COBYLA,120,"[4.119365739193051, 2.0232897611184613]","[7.531888439588481, 2.404962585248212]",120,3,Return from COBYLA because the objective function has been evaluated MAXFUN times.,2.0320949591328903,1.3740222581110682,1.3740222581110682,0.0086102349491501,0.0023853664620112,0.2770384868820253,70.53504470343785,0.0001220703125,1.52587890625e-05,1.0,0.0007232809439301,0.3079808186739683,0.0274678189307451,2.510868172161281,2.510868172161281,2.529915766790509,153.59375,SUCCESS,,False,False,False,g-bd62d2d752385cc7,D7,2207,3.9133899436317554,1.8484049459248133,0.0,1.3740222581110682,236.33182839510368,349.5203329708571,236.3318283951037,0.6580727010218221,3,global_fixed,172.0,619.6373527340297,3.602542748453661,penalty_contract_v2_scale_controlled,1.0000000000000004,optimized_seed
pilot-run-8c6adf0853c7e99a43c3,task-v2-e243a3cd3e64,g-bd62d2d752385cc7,v2-S4-b001-g-bd62d2d752385cc7,S4,D7,3301,Penalty-X,1,10,16,16,1,3134.0,8,8,1.0,65536,8,0.0001220703125,1,13.0,172.0,172.0,COBYLA,120,"[2.8746040698350956, 1.6147767089481937]","[3.0789052862402775, 2.2946447277583104]",120,3,Return from COBYLA because the objective function has been evaluated MAXFUN times.,2.519978417974624,1.9700658059897616,1.9700658059897616,0.0012523294276949,0.0001840004119213,0.1469265257625308,10.25908267167704,0.0001220703125,1.52587890625e-05,1.0,0.0007232809439301,0.3079808186739683,0.0274678189307451,2.470113213174045,2.470113213174045,2.48656106274575,153.59375,SUCCESS,,False,False,False,g-bd62d2d752385cc7,D7,3301,3.9133899436317554,1.011108529543876,0.0,1.9700658059897616,338.8513186302387,433.4362878916353,338.851318630239,0.5499126119848623,3,global_fixed,172.0,619.6373527340297,3.602542748453661,penalty_contract_v2_scale_controlled,1.0000000000000009,optimized_seed
pilot-run-2e121a3a0a107d64efae,task-v2-e243a3cd3e64,g-bd62d2d752385cc7,v2-S4-b001-g-bd62d2d752385cc7,S4,D7,1103,Penalty-X,2,10,16,16,1,3134.0,8,8,1.0,65536,8,0.0001220703125,1,13.0,172.0,172.0,COBYLA,120,"[1.4361119332668082, 4.6766136583430296, 1.8287983773432719, 0.554097077555417]","[2.4818672507609434, 4.420440065960103, 2.2247874926464264, 0.0882034950461033]",120,3,Return from COBYLA because the objective function has been evaluated MAXFUN times.,2.5697417280659485,1.8947006535092088,1.8947006535092088,0.0033667042185197,0.0008775112735207,0.260644005699614,27.58004095811387,0.0001220703125,1.52587890625e-05,1.0,0.0007232809439301,0.3079808186739683,0.0274678189307451,4.263376610353589,4.263376610353589,4.3016052432358265,153.59375,SUCCESS,,False,False,False,g-bd62d2d752385cc7,D7,1103,3.9133899436317554,1.4405949067952202,0.0,1.8947006535092088,325.88851240358406,441.9955772273431,325.888512403584,0.6750410745567392,3,global_fixed,172.0,619.6373527340297,3.602542748453661,penalty_contract_v2_scale_controlled,1.0000000000000016,optimized_seed
pilot-run-623b429ba671d905e13d,task-v2-e243a3cd3e64,g-bd62d2d752385cc7,v2-S4-b001-g-bd62d2d752385cc7,S4,D7,2207,Penalty-X,2,10,16,16,1,3134.0,8,8,1.0,65536,8,0.0001220703125,1,13.0,172.0,172.0,COBYLA,120,"[4.119365739193051, 4.0465795222369225, 1.5369649905613294, 0.28561357469155796]","[5.5387399529802535, 4.030823317524362, 2.4503859118970626, 0.08671474556053564]",120,3,Return from COBYLA because the objective function has been evaluated MAXFUN times.,2.570154934552164,1.5854349278900393,1.5854349278900393,0.0115603740520122,0.003357884617217,0.2904650491505979,94.70258423408468,0.0001220703125,1.52587890625e-05,1.0,0.0007232809439301,0.3079808186739683,0.0274678189307451,4.241830746643245,4.241830746643245,4.274270347319543,153.59375,SUCCESS,,False,False,False,g-bd62d2d752385cc7,D7,2207,3.9133899436317554,1.9763618301467785,0.0,1.5854349278900393,272.6948075970868,442.0666487429722,272.6948075970868,0.9847200066621248,3,global_fixed,172.0,619.6373527340297,3.602542748453661,penalty_contract_v2_scale_controlled,1.0000000000000002,optimized_seed
pilot-run-07f99e48bd17aaeea8da,task-v2-e243a3cd3e64,g-bd62d2d752385cc7,v2-S4-b001-g-bd62d2d752385cc7,S4,D7,3301,Penalty-X,2,10,16,16,1,3134.0,8,8,1.0,65536,8,0.0001220703125,1,13.0,172.0,172.0,COBYLA,120,"[2.8746040698350956, 3.2295534178963874, 1.3381083226815658, 0.4324890662459698]","[5.607334200093741, 2.055472429760336, 3.148106631075005, -0.7441190841142521]",120,3,Return from COBYLA because the objective function has been evaluated MAXFUN times.,2.7265572484640286,1.374779677032396,1.374779677032396,0.0086239629563606,0.0024417702758207,0.2831378437241292,70.64750453850613,0.0001220703125,1.52587890625e-05,1.0,0.0007232809439301,0.3079808186739683,0.0274678189307451,4.327800313010812,4.327800313010812,4.364113376475871,153.59375,SUCCESS,,False,False,False,g-bd62d2d752385cc7,D7,3301,3.9133899436317554,1.849096825996366,0.0,1.374779677032396,236.4621044495721,468.96784673581294,236.4621044495721,1.3517775714316325,3,global_fixed,172.0,619.6373527340297,3.602542748453661,penalty_contract_v2_scale_controlled,0.9999999999999978,optimized_seed
pilot-run-bc94a72dae32a47f24e6,task-v2-e243a3cd3e64,g-bd62d2d752385cc7,v2-S4-b001-g-bd62d2d752385cc7,S4,D7,1103,Penalty-X,3,10,16,16,1,3134.0,8,8,1.0,65536,8,0.0001220703125,1,13.0,172.0,172.0,COBYLA,120,"[1.4361119332668082, 4.6766136583430296, 3.6575967546865438, 0.554097077555417, 2.658092015317178, 1.6434959053105886]","[1.4161912772002911, 4.2695023053110965, 4.4581259884177715, 0.5628617690559753, 3.136853247478713, 2.2519305470041777]",120,3,Return from COBYLA because the objective function has been evaluated MAXFUN times.,2.8754151362965312,1.3538882927477247,1.3538882927477247,0.0052610374542036,0.0028706419379524,0.5456417983982843,43.09841882483636,0.0001220703125,1.52587890625e-05,1.0,0.0007232809439301,0.3079808186739683,0.0274678189307451,6.158617026172578,6.158617026172578,6.206835083663464,153.59375,SUCCESS,,False,False,False,g-bd62d2d752385cc7,D7,1103,3.9133899436317554,1.634461337254817,0.0,1.3538882927477247,232.86878635260857,494.57140344300336,232.86878635260865,1.5215268435488063,3,global_fixed,172.0,619.6373527340297,3.602542748453661,penalty_contract_v2_scale_controlled,1.000000000000003,optimized_seed
pilot-run-e1608d2e68d1e1493ad3,task-v2-e243a3cd3e64,g-bd62d2d752385cc7,v2-S4-b001-g-bd62d2d752385cc7,S4,D7,2207,Penalty-X,3,10,16,16,1,3134.0,8,8,1.0,65536,8,0.0001220703125,1,13.0,172.0,172.0,COBYLA,120,"[4.119365739193051, 4.0465795222369225, 3.073929981122659, 0.28561357469155796, 1.0467419303334264, 1.2456798648809793]","[5.750096536176923, 4.644860325966466, 2.9921239488417144, 0.7912957419486303, -0.009230318585985536, 2.0307453795704107]",120,3,Return from COBYLA because the objective function has been evaluated MAXFUN times.,1.7931461289213542,1.2146434975744642,1.2146434975744642,0.0028136419461616,0.0021095572053819,0.7497603624582824,23.04935482295584,0.0001220703125,1.52587890625e-05,1.0,0.0007232809439301,0.3079808186739683,0.0274678189307451,6.300674717873335,6.300674717873335,6.354292657226324,153.59375,SUCCESS,,False,False,False,g-bd62d2d752385cc7,D7,2207,3.9133899436317554,1.3626587735108469,0.0,1.2146434975744642,208.91868158280755,308.4211341744729,208.91868158280784,0.57850263134689,3,global_fixed,172.0,619.6373527340297,3.602542748453661,penalty_contract_v2_scale_controlled,0.999999999999999,optimized_seed
pilot-run-5d171a052ec618cdd731,task-v2-e243a3cd3e64,g-bd62d2d752385cc7,v2-S4-b001-g-bd62d2d752385cc7,S4,D7,3301,Penalty-X,3,10,16,16,1,3134.0,8,8,1.0,65536,8,0.0001220703125,1,13.0,172.0,172.0,COBYLA,120,"[2.8746040698350956, 3.2295534178963874, 2.6762166453631315, 0.4324890662459698, 2.8286472419409745, 2.8565676468058108]","[2.650695729639008, 3.9505881073566984, 3.3118734004093113, 0.3073889685070774, 2.9681019816820644, 2.476696246028797]",120,3,Return from COBYLA because the objective function has been evaluated MAXFUN times.,1.9668232181983087,1.4817977948940593,1.4817977948940593,0.0102879772250811,0.0031838101415407,0.3094690114378305,84.27910942786497,0.0001220703125,1.52587890625e-05,1.0,0.0007232809439301,0.3079808186739683,0.0274678189307451,6.366152098402381,6.366152098402381,6.419717982411385,153.59375,SUCCESS,,False,False,False,g-bd62d2d752385cc7,D7,3301,3.9133899436317554,1.9257199377973884,0.0,1.4817977948940593,254.8692207217784,338.2935935301092,254.8692207217782,0.4850254233042501,3,global_fixed,172.0,619.6373527340297,3.602542748453661,penalty_contract_v2_scale_controlled,1.0000000000000016,optimized_seed
pilot-run-c0a754bda41505c44643,task-v2-4746dcc3bd93,g-a87f1b9ac089cc45,v2-S5-b000-g-a87f1b9ac089cc45,S5,D1,0,Uniform,0,11,19,19,1,1017.0,10,1,0.1,524288,1,1.9073486328125e-06,1,5.0,172.0,172.0,analytic,0,,,0,0,analytic uniform baseline,,,,1.9073486328125e-06,1.9073486328125e-06,1.0,1.0,1.9073486328125e-06,1.9073486328125e-06,1.0,0.0004822090268135,2.696891480125487,0.0,0.0,0.0,0.0,168.38671875,SUCCESS,,False,False,False,g-a87f1b9ac089cc45,D1,0,5.719569917615643,0.0,0.0,,,,,,0,global_fixed,172.0,,,penalty_contract_v2_scale_controlled,,analytic_uniform
pilot-run-d75c9e021ace0739bf3d,task-v2-4746dcc3bd93,g-a87f1b9ac089cc45,v2-S5-b000-g-a87f1b9ac089cc45,S5,D1,1103,Penalty-X,1,11,19,19,1,1017.0,10,1,0.1,524288,1,1.9073486328125e-06,1,5.0,172.0,172.0,COBYLA,120,"[1.4361119332668082, 2.3383068291715148]","[7.210920144517342, 2.35134730328311]",120,3,Return from COBYLA because the objective function has been evaluated MAXFUN times.,2.554884376611142,1.911576477849922,1.911576477849922,0.0012757718827458,0.0012757718827458,1.0,668.8718888610568,1.9073486328125e-06,1.9073486328125e-06,1.0,0.0004822090268135,2.696891480125487,0.2403195016086101,36.735472899861634,36.735472899861634,37.05490061361343,205.23046875,SUCCESS,,False,False,False,g-a87f1b9ac089cc45,D1,1103,5.719569917615643,2.825342943943264,0.0,1.911576477849922,328.7911541901862,439.4401127771165,328.7911541901866,0.6433078987612202,3,global_fixed,172.0,663.207067908528,3.8558550459798138,penalty_contract_v2_scale_controlled,1.0000000000000009,optimized_seed
pilot-run-73ea8b31253dbe35d888,task-v2-4746dcc3bd93,g-a87f1b9ac089cc45,v2-S5-b000-g-a87f1b9ac089cc45,S5,D1,2207,Penalty-X,1,11,19,19,1,1017.0,10,1,0.1,524288,1,1.9073486328125e-06,1,5.0,172.0,172.0,COBYLA,120,"[4.119365739193051, 2.0232897611184613]","[9.26622166856741, 2.376016173503304]",120,3,Return from COBYLA because the objective function has been evaluated MAXFUN times.,2.4014712987020097,1.6809822299121735,1.6809822299121735,0.0025399598695025,0.0025399598695025,1.0,1331.6704800617492,1.9073486328125e-06,1.9073486328125e-06,1.0,0.0004822090268135,2.696891480125487,0.2403195016086101,43.09929996822029,43.09929996822029,43.49354972783476,205.23046875,SUCCESS,,False,False,False,g-a87f1b9ac089cc45,D1,2207,5.719569917615643,3.1243967725854693,0.0,1.6809822299121735,289.12894354489384,413.0530633767457,289.12894354489384,0.7204890687898362,3,global_fixed,172.0,663.207067908528,3.8558550459798138,penalty_contract_v2_scale_controlled,0.9999999999999986,optimized_seed
pilot-run-46ee4dbf50fe58a9f2d3,task-v2-4746dcc3bd93,g-a87f1b9ac089cc45,v2-S5-b000-g-a87f1b9ac089cc45,S5,D1,3301,Penalty-X,1,11,19,19,1,1017.0,10,1,0.1,524288,1,1.9073486328125e-06,1,5.0,172.0,172.0,COBYLA,120,"[2.8746040698350956, 1.6147767089481937]","[8.434419186772649, 2.316951092411199]",120,3,Return from COBYLA because the objective function has been evaluated MAXFUN times.,2.678944655591199,1.768501708680874,1.768501708680874,0.0014358770607928,0.0014358770607928,1.0,752.8131124489535,1.9073486328125e-06,1.9073486328125e-06,1.0,0.0004822090268135,2.696891480125487,0.2403195016086101,43.74605568964034,43.74605568964034,44.09418406244368,205.23046875,SUCCESS,,False,False,False,g-a87f1b9ac089cc45,D1,3301,5.719569917615643,2.876687174997614,0.0,1.768501708680874,304.1822938931103,460.77848076168624,304.1822938931103,0.9104429469103252,3,global_fixed,172.0,663.207067908528,3.8558550459798138,penalty_contract_v2_scale_controlled,1.0,optimized_seed
pilot-run-ec4276fb8a583ce370c7,task-v2-4746dcc3bd93,g-a87f1b9ac089cc45,v2-S5-b000-g-a87f1b9ac089cc45,S5,D1,1103,Penalty-X,2,11,19,19,1,1017.0,10,1,0.1,524288,1,1.9073486328125e-06,1,5.0,172.0,172.0,COBYLA,120,"[1.4361119332668082, 4.6766136583430296, 1.8287983773432719, 0.554097077555417]","[3.8102321809137987, 6.314816841899302, 3.5202669297640834, -0.9771540043965765]",120,3,Return from COBYLA because the objective function has been evaluated MAXFUN times.,2.995040674552147,1.5411848323389508,1.5411848323389508,0.0013405078361813,0.0013405078361813,1.0,702.8121724158685,1.9073486328125e-06,1.9073486328125e-06,1.0,0.0004822090268135,2.696891480125487,0.2403195016086101,85.65568503830582,85.65568503830582,86.35823563765734,205.23046875,SUCCESS,,False,False,False,g-a87f1b9ac089cc45,D1,1103,5.719569917615643,2.846839274689028,0.0,1.5411848323389508,265.0837911622994,515.1469960229692,265.0837911622995,1.4538558422131962,3,global_fixed,172.0,663.207067908528,3.8558550459798138,penalty_contract_v2_scale_controlled,1.0000000000000004,optimized_seed
pilot-run-f71e1d20b74ca1358f82,task-v2-4746dcc3bd93,g-a87f1b9ac089cc45,v2-S5-b000-g-a87f1b9ac089cc45,S5,D1,2207,Penalty-X,2,11,19,19,1,1017.0,10,1,0.1,524288,1,1.9073486328125e-06,1,5.0,172.0,172.0,COBYLA,120,"[4.119365739193051, 4.0465795222369225, 1.5369649905613294, 0.28561357469155796]","[5.653657126494847, 4.512969025923965, 3.520385584742521, -1.021562749074859]",120,3,Return from COBYLA because the objective function has been evaluated MAXFUN times.,2.779485374274754,1.549704857262723,1.549704857262723,0.00187669873022,0.00187669873022,1.0,983.9306238696068,1.9073486328125e-06,1.9073486328125e-06,1.0,0.0004822090268135,2.696891480125487,0.2403195016086101,86.57575899828225,86.57575899828225,87.35192448738962,205.23046875,SUCCESS,,False,False,False,g-a87f1b9ac089cc45,D1,2207,5.719569917615643,2.9929644777679374,0.0,1.549704857262723,266.5492354491889,478.0714843752577,266.5492354491884,1.229780517012031,3,global_fixed,172.0,663.207067908528,3.8558550459798138,penalty_contract_v2_scale_controlled,1.0000000000000004,optimized_seed
pilot-run-a81ba841c82aebb164e4,task-v2-4746dcc3bd93,g-a87f1b9ac089cc45,v2-S5-b000-g-a87f1b9ac089cc45,S5,D1,3301,Penalty-X,2,11,19,19,1,1017.0,10,1,0.1,524288,1,1.9073486328125e-06,1,5.0,172.0,172.0,COBYLA,120,"[2.8746040698350956, 3.2295534178963874, 1.3381083226815658, 0.4324890662459698]","[5.416836331103599, 4.215089772190831, 3.448931571555684, -1.0004989938553175]",120,3,Return from COBYLA because the objective function has been evaluated MAXFUN times.,2.906382017387078,1.600463758313535,1.600463758313535,0.0016825356939664,0.0016825356939664,1.0,882.1332739182577,1.9073486328125e-06,1.9073486328125e-06,1.0,0.0004822090268135,2.696891480125487,0.2403195016086101,84.8962457664311,84.8962457664311,85.67103638127446,205.23046875,SUCCESS,,False,False,False,g-a87f1b9ac089cc45,D1,3301,5.719569917615643,2.945534203901384,0.0,1.600463758313535,275.27976642992854,499.8977069905774,275.27976642992803,1.3059182590735428,3,global_fixed,172.0,663.207067908528,3.8558550459798138,penalty_contract_v2_scale_controlled,0.999999999999997,optimized_seed
pilot-run-5464a1206b3d9e3b67c2,task-v2-4746dcc3bd93,g-a87f1b9ac089cc45,v2-S5-b000-g-a87f1b9ac089cc45,S5,D1,1103,Penalty-X,3,11,19,19,1,1017.0,10,1,0.1,524288,1,1.9073486328125e-06,1,5.0,172.0,172.0,COBYLA,120,"[1.4361119332668082, 4.6766136583430296, 3.6575967546865438, 0.554097077555417, 2.658092015317178, 1.6434959053105886]","[2.846661078872682, 4.870941792953405, 5.152907977612854, 0.6251318619771347, 3.4029168819488604, 2.0429250558699814]",120,3,Return from COBYLA because the objective function has been evaluated MAXFUN times.,2.9819841570465746,1.3444411306926336,1.3444411306926336,0.0004563434435189,0.0004563434435189,1.0,239.2553913156824,1.9073486328125e-06,1.9073486328125e-06,1.0,0.0004822090268135,2.696891480125487,0.2403195016086101,128.3458999497816,128.3458999497816,129.42093077488244,205.23046875,SUCCESS,,False,False,False,g-a87f1b9ac089cc45,D1,1103,5.719569917615643,2.3788617328324566,0.0,1.3444411306926336,231.2438744791332,512.9012750120108,231.24387447913296,1.637543026353941,3,global_fixed,172.0,663.207067908528,3.8558550459798138,penalty_contract_v2_scale_controlled,1.0000000000000009,optimized_seed
pilot-run-464c33f022ff2063e7c9,task-v2-4746dcc3bd93,g-a87f1b9ac089cc45,v2-S5-b000-g-a87f1b9ac089cc45,S5,D1,2207,Penalty-X,3,11,19,19,1,1017.0,10,1,0.1,524288,1,1.9073486328125e-06,1,5.0,172.0,172.0,COBYLA,120,"[4.119365739193051, 4.0465795222369225, 3.073929981122659, 0.28561357469155796, 1.0467419303334264, 1.2456798648809793]","[4.916351522253017, 4.763755275366058, 3.378116345457624, 0.6591804460160321, 0.05419203815964784, 2.0497288883461997]",120,3,Return from COBYLA because the objective function has been evaluated MAXFUN times.,2.138085891419752,1.317309294211496,1.317309294211496,0.0003028967936232,0.0003028967936232,1.0,158.80515413514837,1.9073486328125e-06,1.9073486328125e-06,1.0,0.0004822090268135,2.696891480125487,0.2403195016086101,128.25754304695874,128.25754304695874,129.30751282535493,205.23046875,SUCCESS,,False,False,False,g-a87f1b9ac089cc45,D1,2207,5.719569917615643,2.20086459365864,0.0,1.317309294211496,226.57719860437768,367.75077332419727,226.5771986043773,0.8207765972082557,3,global_fixed,172.0,663.207067908528,3.8558550459798138,penalty_contract_v2_scale_controlled,0.9999999999999988,optimized_seed
pilot-run-81896474b0e65d03dc92,task-v2-4746dcc3bd93,g-a87f1b9ac089cc45,v2-S5-b000-g-a87f1b9ac089cc45,S5,D1,3301,Penalty-X,3,11,19,19,1,1017.0,10,1,0.1,524288,1,1.9073486328125e-06,1,5.0,172.0,172.0,COBYLA,120,"[2.8746040698350956, 3.2295534178963874, 2.6762166453631315, 0.4324890662459698, 2.8286472419409745, 2.8565676468058108]","[3.17828955376715, 4.073059039615883, 3.3331325528392384, 0.5167101298350831, 3.0518683003759315, 2.2771054127382007]",120,3,Return from COBYLA because the objective function has been evaluated MAXFUN times.,2.1877558045424728,1.5119233825477822,1.5119233825477822,0.0018559118546712,0.0018559118546712,1.0,973.032314461858,1.9073486328125e-06,1.9073486328125e-06,1.0,0.0004822090268135,2.696891480125487,0.2403195016086101,127.80741245299578,127.80741245299578,128.83324318286031,205.23046875,SUCCESS,,False,False,False,g-a87f1b9ac089cc45,D1,3301,5.719569917615643,2.988127263453792,0.0,1.5119233825477822,260.050821798219,376.2939983813053,260.0508217982185,0.6758324219946905,3,global_fixed,172.0,663.207067908528,3.8558550459798138,penalty_contract_v2_scale_controlled,0.9999999999999986,optimized_seed
pilot-run-b5856570e1fc61d52d9d,task-v2-7d4ec5aed494,g-a87f1b9ac089cc45,v2-S5-b000-g-a87f1b9ac089cc45,S5,D2,0,Uniform,0,11,19,19,1,1144.0,10,2,0.2,524288,2,3.814697265625e-06,1,5.0,172.0,172.0,analytic,0,,,0,0,analytic uniform baseline,,,,3.814697265625e-06,1.9073486328125e-06,0.5,1.0,3.814697265625e-06,1.9073486328125e-06,1.0,0.0004822090268135,2.69689055159688,0.0,0.0,0.0,0.0,168.38671875,SUCCESS,,False,False,False,g-a87f1b9ac089cc45,D2,0,5.418539921951662,0.0,0.0,,,,,,0,global_fixed,172.0,,,penalty_contract_v2_scale_controlled,,analytic_uniform
pilot-run-6e5fa6a1bece48e00a9b,task-v2-7d4ec5aed494,g-a87f1b9ac089cc45,v2-S5-b000-g-a87f1b9ac089cc45,S5,D2,1103,Penalty-X,1,11,19,19,1,1144.0,10,2,0.2,524288,2,3.814697265625e-06,1,5.0,172.0,172.0,COBYLA,120,"[1.4361119332668082, 2.3383068291715148]","[12.459530692555253, 5.517500307217467]",120,3,Return from COBYLA because the objective function has been evaluated MAXFUN times.,2.5444562843374565,1.5481616159342502,1.5481616159342502,0.0032188507794949,0.0027709830320917,0.8608609786274548,843.8024187399116,3.814697265625e-06,1.9073486328125e-06,1.0,0.0004822090268135,2.69689055159688,0.2571626110002398,37.04219551663846,37.04219551663846,37.38132737763226,204.78125,SUCCESS,,False,False,False,g-a87f1b9ac089cc45,D2,1103,5.418539921951662,2.9262407659426284,0.0,1.5481616159342502,266.2837979406904,437.64648090604254,266.28379794069104,0.9962946684032064,3,global_fixed,172.0,658.541194269005,3.828727873657006,penalty_contract_v2_scale_controlled,0.9999999999999992,optimized_seed
pilot-run-3647ef0f7228d754dcbb,task-v2-7d4ec5aed494,g-a87f1b9ac089cc45,v2-S5-b000-g-a87f1b9ac089cc45,S5,D2,2207,Penalty-X,1,11,19,19,1,1144.0,10,2,0.2,524288,2,3.814697265625e-06,1,5.0,172.0,172.0,COBYLA,120,"[4.119365739193051, 2.0232897611184613]","[9.296062375328233, 2.3643683161900046]",120,3,Return from COBYLA because the objective function has been evaluated MAXFUN times.,2.387254692462477,1.6539097875178106,1.6539097875178106,0.0027127599152385,0.0022999996381284,0.8478448922842602,711.1337352202913,3.814697265625e-06,1.9073486328125e-06,1.0,0.0004822090268135,2.69689055159688,0.2571626110002398,43.72706079203636,43.72706079203636,44.08628265932202,204.78125,SUCCESS,,False,False,False,g-a87f1b9ac089cc45,D2,2207,5.418539921951662,2.8519512814703907,0.0,1.6539097875178106,284.47248345306355,410.60780710354607,284.47248345306343,0.7333449049446665,3,global_fixed,172.0,658.541194269005,3.828727873657006,penalty_contract_v2_scale_controlled,0.9999999999999978,optimized_seed
pilot-run-4706f714472a6c52af91,task-v2-7d4ec5aed494,g-a87f1b9ac089cc45,v2-S5-b000-g-a87f1b9ac089cc45,S5,D2,3301,Penalty-X,1,11,19,19,1,1144.0,10,2,0.2,524288,2,3.814697265625e-06,1,5.0,172.0,172.0,COBYLA,120,"[2.8746040698350956, 1.6147767089481937]","[9.647091830126273, 2.3790801817167937]",120,3,Return from COBYLA because the objective function has been evaluated MAXFUN times.,2.6668743062051976,1.628458755639028,1.628458755639028,0.0031428701189018,0.0026571176384235,0.8454430307008632,823.8845444494162,3.814697265625e-06,1.9073486328125e-06,1.0,0.0004822090268135,2.69689055159688,0.2571626110002398,42.56005210708827,42.56005210708827,42.91327892336994,204.78125,SUCCESS,,False,False,False,g-a87f1b9ac089cc45,D2,3301,5.418539921951662,2.915866355845564,0.0,1.628458755639028,280.0949059699124,458.702380667294,280.0949059699128,1.0384155505661696,3,global_fixed,172.0,658.541194269005,3.828727873657006,penalty_contract_v2_scale_controlled,1.0000000000000002,optimized_seed
pilot-run-8860a89705a077592582,task-v2-7d4ec5aed494,g-a87f1b9ac089cc45,v2-S5-b000-g-a87f1b9ac089cc45,S5,D2,1103,Penalty-X,2,11,19,19,1,1144.0,10,2,0.2,524288,2,3.814697265625e-06,1,5.0,172.0,172.0,COBYLA,120,"[1.4361119332668082, 4.6766136583430296, 1.8287983773432719, 0.554097077555417]","[3.1080823017054375, 6.074614465097657, 3.4664588203460105, -0.9297911719790833]",120,3,Return from COBYLA because the objective function has been evaluated MAXFUN times.,2.970489212263576,1.6116499675274527,1.6116499675274527,0.0017291184772473,0.0014666198222582,0.8481893181738281,453.2780340995307,3.814697265625e-06,1.9073486328125e-06,1.0,0.0004822090268135,2.69689055159688,0.2571626110002398,85.85567605216056,85.85567605216056,86.58177182544023,204.78125,SUCCESS,,False,False,False,g-a87f1b9ac089cc45,D2,1103,5.418539921951662,2.656364673613052,0.0,1.6116499675274527,277.2037944147225,510.92414450933495,277.20379441472187,1.3588392447361226,3,global_fixed,172.0,658.541194269005,3.828727873657006,penalty_contract_v2_scale_controlled,1.0000000000000022,optimized_seed
pilot-run-a7a462bf6ee60e5b0ba5,task-v2-7d4ec5aed494,g-a87f1b9ac089cc45,v2-S5-b000-g-a87f1b9ac089cc45,S5,D2,2207,Penalty-X,2,11,19,19,1,1144.0,10,2,0.2,524288,2,3.814697265625e-06,1,5.0,172.0,172.0,COBYLA,120,"[4.119365739193051, 4.0465795222369225, 1.5369649905613294, 0.28561357469155796]","[4.926428521645657, 5.463179799577873, 3.566159815773168, -1.0140254178605792]",120,3,Return from COBYLA because the objective function has been evaluated MAXFUN times.,2.763686375404487,1.5133563193917063,1.5133563193917063,0.0019152374194713,0.0016403271379984,0.8564615129811035,502.0679980898916,3.814697265625e-06,1.9073486328125e-06,1.0,0.0004822090268135,2.69689055159688,0.2571626110002398,87.90320281870663,87.90320281870663,88.64121115487069,204.78125,SUCCESS,,False,False,False,g-a87f1b9ac089cc45,D2,2207,5.418539921951662,2.7007625402432978,0.0,1.5133563193917063,260.2972869353732,475.35405656957175,260.2972869353735,1.2503300560127806,3,global_fixed,172.0,658.541194269005,3.828727873657006,penalty_contract_v2_scale_controlled,1.0000000000000009,optimized_seed
pilot-run-a56b077d233dd59249ec,task-v2-7d4ec5aed494,g-a87f1b9ac089cc45,v2-S5-b000-g-a87f1b9ac089cc45,S5,D2,3301,Penalty-X,2,11,19,19,1,1144.0,10,2,0.2,524288,2,3.814697265625e-06,1,5.0,172.0,172.0,COBYLA,120,"[2.8746040698350956, 3.2295534178963874, 1.3381083226815658, 0.4324890662459698]","[5.96948073493069, 4.879706219990906, 3.5865686657715794, -1.0513028615592015]",120,3,Return from COBYLA because the objective function has been evaluated MAXFUN times.,2.888117796862079,1.4812518649174269,1.4812518649174269,0.0021003118887103,0.0017897741847382,0.8521468617869304,550.5841597540755,3.814697265625e-06,1.9073486328125e-06,1.0,0.0004822090268135,2.69689055159688,0.2571626110002398,87.46551308687776,87.46551308687776,88.15730530768633,204.78125,SUCCESS,,False,False,False,g-a87f1b9ac089cc45,D2,3301,5.418539921951662,2.7408237126324027,0.0,1.4812518649174269,254.7753207657973,496.7562610602776,254.7753207657973,1.406865931944652,3,global_fixed,172.0,658.541194269005,3.828727873657006,penalty_contract_v2_scale_controlled,0.999999999999998,optimized_seed
pilot-run-94b39080591b2d32fa80,task-v2-7d4ec5aed494,g-a87f1b9ac089cc45,v2-S5-b000-g-a87f1b9ac089cc45,S5,D2,1103,Penalty-X,3,11,19,19,1,1144.0,10,2,0.2,524288,2,3.814697265625e-06,1,5.0,172.0,172.0,COBYLA,120,"[1.4361119332668082, 4.6766136583430296, 3.6575967546865438, 0.554097077555417, 2.658092015317178, 1.6434959053105886]","[2.991118096110228, 4.785396459815817, 5.029506310925399, 0.5712100541182132, 3.419438198763947, 2.041767534606724]",120,3,Return from COBYLA because the objective function has been evaluated MAXFUN times.,2.962053005015033,1.3499417307354746,1.3499417307354746,0.0006909497764124,0.0006029283989017,0.8726081395267944,181.128338187863,3.814697265625e-06,1.9073486328125e-06,1.0,0.0004822090268135,2.69689055159688,0.2571626110002398,131.0415941523388,131.0415941523388,132.130823998712,204.78125,SUCCESS,,False,False,False,g-a87f1b9ac089cc45,D2,1103,5.418539921951662,2.257986402582524,0.0,1.3499417307354746,232.1899776865013,509.4731168625856,232.18997768650163,1.6121112742795582,3,global_fixed,172.0,658.541194269005,3.828727873657006,penalty_contract_v2_scale_controlled,0.9999999999999972,optimized_seed
pilot-run-0a028380f13934a16107,task-v2-7d4ec5aed494,g-a87f1b9ac089cc45,v2-S5-b000-g-a87f1b9ac089cc45,S5,D2,2207,Penalty-X,3,11,19,19,1,1144.0,10,2,0.2,524288,2,3.814697265625e-06,1,5.0,172.0,172.0,COBYLA,120,"[4.119365739193051, 4.0465795222369225, 3.073929981122659, 0.28561357469155796, 1.0467419303334264, 1.2456798648809793]","[4.937753179975045, 4.593908404922924, 3.1515599585143153, 0.5849734690451978, 0.11492954606828501, 2.0219052843279104]",120,3,Return from COBYLA because the objective function has been evaluated MAXFUN times.,2.118378779376327,1.3451439482496226,1.3451439482496226,0.0007084899810283,0.0006116349003954,0.8632936481440385,185.72639758669084,3.814697265625e-06,1.9073486328125e-06,1.0,0.0004822090268135,2.69689055159688,0.2571626110002398,127.6037929346785,127.6037929346785,128.64838920347393,204.78125,SUCCESS,,False,False,False,g-a87f1b9ac089cc45,D2,2207,5.418539921951662,2.268873635088598,0.0,1.3451439482496226,231.3647590989343,364.36115005272825,231.36475909893508,0.7732348311267043,3,global_fixed,172.0,658.541194269005,3.828727873657006,penalty_contract_v2_scale_controlled,1.0000000000000009,optimized_seed
pilot-run-3a25a70eb9583ab63880,task-v2-7d4ec5aed494,g-a87f1b9ac089cc45,v2-S5-b000-g-a87f1b9ac089cc45,S5,D2,3301,Penalty-X,3,11,19,19,1,1144.0,10,2,0.2,524288,2,3.814697265625e-06,1,5.0,172.0,172.0,COBYLA,120,"[2.8746040698350956, 3.2295534178963874, 2.6762166453631315, 0.4324890662459698, 2.8286472419409745, 2.8565676468058108]","[3.429233234984384, 4.491269987350189, 3.3407298138107513, 0.6302801478263528, 2.9680941107380376, 2.3067881843278055]",120,3,Return from COBYLA because the objective function has been evaluated MAXFUN times.,2.170291851577441,1.4615152939227067,1.4615152939227067,0.0016620060029199,0.0014562811450375,0.8762189441428138,435.6849016294535,3.814697265625e-06,1.9073486328125e-06,1.0,0.0004822090268135,2.69689055159688,0.2571626110002398,128.88218586146832,128.88218586146832,129.9247399335727,204.78125,SUCCESS,,False,False,False,g-a87f1b9ac089cc45,D2,3301,5.418539921951662,2.6391725100100496,0.0,1.4615152939227067,251.3806305547068,373.2901984713199,251.3806305547056,0.7087765576547345,3,global_fixed,172.0,658.541194269005,3.828727873657006,penalty_contract_v2_scale_controlled,0.999999999999997,optimized_seed
pilot-run-89253164eebf703ace60,task-v2-7133b996bac7,g-a87f1b9ac089cc45,v2-S5-b000-g-a87f1b9ac089cc45,S5,D3,0,Uniform,0,11,19,19,1,1150.0,10,3,0.3,524288,3,5.7220458984375e-06,1,5.0,172.0,172.0,analytic,0,,,0,0,analytic uniform baseline,,,,5.7220458984375e-06,1.9073486328125e-06,0.3333333333333333,1.0,5.7220458984375e-06,1.9073486328125e-06,1.0,0.0004822090268135,2.6968901995569468,0.0,0.0,0.0,0.0,168.38671875,SUCCESS,,False,False,False,g-a87f1b9ac089cc45,D3,0,5.24244866289598,0.0,0.0,,,,,,0,global_fixed,172.0,,,penalty_contract_v2_scale_controlled,,analytic_uniform
pilot-run-f681228cce80470f7648,task-v2-7133b996bac7,g-a87f1b9ac089cc45,v2-S5-b000-g-a87f1b9ac089cc45,S5,D3,1103,Penalty-X,1,11,19,19,1,1150.0,10,3,0.3,524288,3,5.7220458984375e-06,1,5.0,172.0,172.0,COBYLA,120,"[1.4361119332668082, 2.3383068291715148]","[10.117751367348047, 5.512721796929109]",120,3,Return from COBYLA because the objective function has been evaluated MAXFUN times.,2.543945174688984,1.5980843521555903,1.5980843521555903,0.0040287372175021,0.002657272157647,0.6595794200979347,704.0728594299256,5.7220458984375e-06,1.9073486328125e-06,1.0,0.0004822090268135,2.6968901995569468,0.2685503521934151,43.06433141883463,43.06433141883463,43.43316857609898,204.74609375,SUCCESS,,False,False,False,g-a87f1b9ac089cc45,D3,1103,5.24244866289598,2.8476176034760474,0.0,1.5980843521555903,274.870508570761,437.5585700465052,274.8705085707616,0.9458608225333932,3,global_fixed,172.0,658.322874731653,3.827458574021238,penalty_contract_v2_scale_controlled,1.000000000000001,optimized_seed
pilot-run-153c56d19fd537c190ee,task-v2-7133b996bac7,g-a87f1b9ac089cc45,v2-S5-b000-g-a87f1b9ac089cc45,S5,D3,2207,Penalty-X,1,11,19,19,1,1150.0,10,3,0.3,524288,3,5.7220458984375e-06,1,5.0,172.0,172.0,COBYLA,120,"[4.119365739193051, 2.0232897611184613]","[9.394611983109785, 2.3680823989947237]",120,3,Return from COBYLA because the objective function has been evaluated MAXFUN times.,2.38658198390882,1.6435031721636952,1.6435031721636952,0.0036229575500923,0.0023847425559025,0.658230885383064,633.1577226742717,5.7220458984375e-06,1.9073486328125e-06,1.0,0.0004822090268135,2.6968901995569468,0.2685503521934151,44.41047544591129,44.41047544591129,44.8325390489772,204.74609375,SUCCESS,,False,False,False,g-a87f1b9ac089cc45,D3,2207,5.24244866289598,2.8015119083661624,0.0,1.6435031721636952,282.68254561215576,410.492101232317,282.6825456121556,0.7430788117451246,3,global_fixed,172.0,658.322874731653,3.827458574021238,penalty_contract_v2_scale_controlled,1.000000000000001,optimized_seed
pilot-run-1a5b247e76a072199d9e,task-v2-7133b996bac7,g-a87f1b9ac089cc45,v2-S5-b000-g-a87f1b9ac089cc45,S5,D3,3301,Penalty-X,1,11,19,19,1,1150.0,10,3,0.3,524288,3,5.7220458984375e-06,1,5.0,172.0,172.0,COBYLA,120,"[2.8746040698350956, 1.6147767089481937]","[9.679947428254382, 2.376037995724933]",120,3,Return from COBYLA because the objective function has been evaluated MAXFUN times.,2.666296468875063,1.623371858173415,1.623371858173415,0.0039804605686332,0.0026121281430561,0.6562376634603961,695.6359035358613,5.7220458984375e-06,1.9073486328125e-06,1.0,0.0004822090268135,2.6968901995569468,0.2685503521934151,43.0980571731925,43.0980571731925,43.45537293795496,204.74609375,SUCCESS,,False,False,False,g-a87f1b9ac089cc45,D3,3301,5.24244866289598,2.8423819889504403,0.0,1.623371858173415,279.219959605828,458.60299264651087,279.21995960582734,1.0429246107016483,3,global_fixed,172.0,658.322874731653,3.827458574021238,penalty_contract_v2_scale_controlled,1.0000000000000009,optimized_seed
pilot-run-8a02db6c652d825539e9,task-v2-7133b996bac7,g-a87f1b9ac089cc45,v2-S5-b000-g-a87f1b9ac089cc45,S5,D3,1103,Penalty-X,2,11,19,19,1,1150.0,10,3,0.3,524288,3,5.7220458984375e-06,1,5.0,172.0,172.0,COBYLA,120,"[1.4361119332668082, 4.6766136583430296, 1.8287983773432719, 0.554097077555417]","[3.3044483883013265, 5.995854955421595, 3.4313619716123083, -0.92538659008274]",120,3,Return from COBYLA because the objective function has been evaluated MAXFUN times.,2.9692784174110467,1.602607948306059,1.602607948306059,0.0022692118501601,0.0015105729299285,0.6656817563428102,396.5735141655882,5.7220458984375e-06,1.9073486328125e-06,1.0,0.0004822090268135,2.6968901995569468,0.2685503521934151,87.38612740021199,87.38612740021199,88.11113148275763,204.74609375,SUCCESS,,False,False,False,g-a87f1b9ac089cc45,D3,1103,5.24244866289598,2.598323705744632,0.0,1.602607948306059,275.64856710864245,510.71588779470005,275.6485671086421,1.366670469104988,3,global_fixed,172.0,658.322874731653,3.827458574021238,penalty_contract_v2_scale_controlled,1.0000000000000022,optimized_seed
pilot-run-d2e681df584c1edb3482,task-v2-7133b996bac7,g-a87f1b9ac089cc45,v2-S5-b000-g-a87f1b9ac089cc45,S5,D3,2207,Penalty-X,2,11,19,19,1,1150.0,10,3,0.3,524288,3,5.7220458984375e-06,1,5.0,172.0,172.0,COBYLA,120,"[4.119365739193051, 4.0465795222369225, 1.5369649905613294, 0.28561357469155796]","[5.5562435213009245, 5.685944369417065, 3.642771129607981, -1.0505536819076824]",120,3,Return from COBYLA because the objective function has been evaluated MAXFUN times.,2.7629083361391453,1.4448078123453976,1.4448078123453976,0.0022064114852885,0.001515486952384,0.6868559933125569,385.5983549329823,5.7220458984375e-06,1.9073486328125e-06,1.0,0.0004822090268135,2.6968901995569468,0.2685503521934151,86.96893450710922,86.96893450710922,87.67192771378905,204.74609375,SUCCESS,,False,False,False,g-a87f1b9ac089cc45,D3,2207,5.24244866289598,2.5861351724168613,0.0,1.4448078123453976,248.50694372340973,475.220233815933,248.5069437234084,1.3181005237937478,3,global_fixed,172.0,658.322874731653,3.827458574021238,penalty_contract_v2_scale_controlled,0.9999999999999992,optimized_seed
pilot-run-204f836bf7772dab4630,task-v2-7133b996bac7,g-a87f1b9ac089cc45,v2-S5-b000-g-a87f1b9ac089cc45,S5,D3,3301,Penalty-X,2,11,19,19,1,1150.0,10,3,0.3,524288,3,5.7220458984375e-06,1,5.0,172.0,172.0,COBYLA,120,"[2.8746040698350956, 3.2295534178963874, 1.3381083226815658, 0.4324890662459698]","[5.856422404041593, 4.495682629008839, 3.4873510162301637, -0.9742909604231572]",120,3,Return from COBYLA because the objective function has been evaluated MAXFUN times.,2.8872495976108743,1.5262408820915705,1.5262408820915705,0.0036029017007548,0.0023714651354709,0.6582097799043778,629.652708961778,5.7220458984375e-06,1.9073486328125e-06,1.0,0.0004822090268135,2.6968901995569468,0.2685503521934151,86.32270177453756,86.32270177453756,87.02493269369006,204.74609375,SUCCESS,,False,False,False,g-a87f1b9ac089cc45,D3,3301,5.24244866289598,2.7991010761697743,0.0,1.5262408820915705,262.51343171975054,496.6069307890704,262.51343171975014,1.3610087155193038,3,global_fixed,172.0,658.322874731653,3.827458574021238,penalty_contract_v2_scale_controlled,0.9999999999999978,optimized_seed
pilot-run-5a70315114df7a85e46e,task-v2-7133b996bac7,g-a87f1b9ac089cc45,v2-S5-b000-g-a87f1b9ac089cc45,S5,D3,1103,Penalty-X,3,11,19,19,1,1150.0,10,3,0.3,524288,3,5.7220458984375e-06,1,5.0,172.0,172.0,COBYLA,120,"[1.4361119332668082, 4.6766136583430296, 3.6575967546865438, 0.554097077555417, 2.658092015317178, 1.6434959053105886]","[2.645346746556997, 4.666840279331827, 5.068280405736402, 0.5945918140833703, 3.399665021295026, 2.0765038710622057]",120,3,Return from COBYLA because the objective function has been evaluated MAXFUN times.,2.961098048236135,1.372919707611956,1.372919707611956,0.0011716047540416,0.0007653365057644,0.6532377946780161,204.7527710956541,5.7220458984375e-06,1.9073486328125e-06,1.0,0.0004822090268135,2.6968901995569468,0.2685503521934151,130.30787892080843,130.30787892080843,131.43925805669278,204.74609375,SUCCESS,,False,False,False,g-a87f1b9ac089cc45,D3,1103,5.24244866289598,2.311229788153617,0.0,1.372919707611956,236.142189709256,509.3088642966152,236.14218970925643,1.588178340624179,3,global_fixed,172.0,658.322874731653,3.827458574021238,penalty_contract_v2_scale_controlled,1.0000000000000004,optimized_seed
pilot-run-7d846e1cb4cea2bbb883,task-v2-7133b996bac7,g-a87f1b9ac089cc45,v2-S5-b000-g-a87f1b9ac089cc45,S5,D3,2207,Penalty-X,3,11,19,19,1,1150.0,10,3,0.3,524288,3,5.7220458984375e-06,1,5.0,172.0,172.0,COBYLA,120,"[4.119365739193051, 4.0465795222369225, 3.073929981122659, 0.28561357469155796, 1.0467419303334264, 1.2456798648809793]","[4.70833123424687, 4.547623502438259, 3.0025738534517994, 0.03920143062978074, 0.48573798926117384, 1.918426723527522]",120,3,Return from COBYLA because the objective function has been evaluated MAXFUN times.,2.1164961065924666,1.4792694609394017,1.4792694609394017,0.0027622534599986,0.0018786249345011,0.6801059213813406,482.7387806785948,5.7220458984375e-06,1.9073486328125e-06,1.0,0.0004822090268135,2.6968901995569468,0.2685503521934151,129.35076321847737,129.35076321847737,130.43866172619164,204.74609375,SUCCESS,,False,False,False,g-a87f1b9ac089cc45,D3,2207,5.24244866289598,2.6837121891402003,0.0,1.4792694609394017,254.4343472815776,364.03733033390426,254.4343472815771,0.6372266456530649,3,global_fixed,172.0,658.322874731653,3.827458574021238,penalty_contract_v2_scale_controlled,0.9999999999999988,optimized_seed
pilot-run-252cd0cd9567ca13a216,task-v2-7133b996bac7,g-a87f1b9ac089cc45,v2-S5-b000-g-a87f1b9ac089cc45,S5,D3,3301,Penalty-X,3,11,19,19,1,1150.0,10,3,0.3,524288,3,5.7220458984375e-06,1,5.0,172.0,172.0,COBYLA,120,"[2.8746040698350956, 3.2295534178963874, 2.6762166453631315, 0.4324890662459698, 2.8286472419409745, 2.8565676468058108]","[3.2593910078086727, 4.123963063348084, 3.3809901668826665, 0.4381786250516859, 2.949915098298462, 2.3357901792996985]",120,3,Return from COBYLA because the objective function has been evaluated MAXFUN times.,2.169151369250552,1.5144664661513518,1.5144664661513518,0.0023682693308206,0.0015846264101082,0.6691073474988394,413.8850636390992,5.7220458984375e-06,1.9073486328125e-06,1.0,0.0004822090268135,2.6968901995569468,0.2685503521934151,129.05866965837777,129.05866965837777,130.09701627492905,204.74609375,SUCCESS,,False,False,False,g-a87f1b9ac089cc45,D3,3301,5.24244866289598,2.616879753783786,0.0,1.5144664661513518,260.4882321780329,373.0940355110948,260.4882321780325,0.6546849030991995,3,global_fixed,172.0,658.322874731653,3.827458574021238,penalty_contract_v2_scale_controlled,0.9999999999999988,optimized_seed
pilot-run-fe542a50269ea0c0c6ff,task-v2-b9b3757d64c0,g-a87f1b9ac089cc45,v2-S5-b000-g-a87f1b9ac089cc45,S5,D4,0,Uniform,0,11,19,19,1,1171.0,10,4,0.4,524288,4,7.62939453125e-06,1,5.0,172.0,172.0,analytic,0,,,0,0,analytic uniform baseline,,,,7.62939453125e-06,1.9073486328125e-06,0.25,1.0,7.62939453125e-06,1.9073486328125e-06,1.0,0.0004822090268135,2.6968898763880134,0.0,0.0,0.0,0.0,168.38671875,SUCCESS,,False,False,False,g-a87f1b9ac089cc45,D4,0,5.11750992628768,0.0,0.0,,,,,,0,global_fixed,172.0,,,penalty_contract_v2_scale_controlled,,analytic_uniform
pilot-run-78aca43b5354ac625df4,task-v2-b9b3757d64c0,g-a87f1b9ac089cc45,v2-S5-b000-g-a87f1b9ac089cc45,S5,D4,1103,Penalty-X,1,11,19,19,1,1171.0,10,4,0.4,524288,4,7.62939453125e-06,1,5.0,172.0,172.0,COBYLA,120,"[1.4361119332668082, 2.3383068291715148]","[10.0997829140974, 5.515907472285459]",120,3,Return from COBYLA because the objective function has been evaluated MAXFUN times.,2.542048608649107,1.5937414514093526,1.5937414514093526,0.0053411456695859,0.0027015123065787,0.5057926657874114,700.0746452039657,7.62939453125e-06,1.9073486328125e-06,1.0,0.0004822090268135,2.6968898763880134,0.2855440508574247,43.7047394067049,43.7047394067049,44.08171045873314,204.7734375,SUCCESS,,False,False,False,g-a87f1b9ac089cc45,D4,1103,5.11750992628768,2.845144348974032,0.0,1.5937414514093526,274.1235296424095,437.2323606876464,274.12352964240864,0.9483071572397545,3,global_fixed,172.0,657.5602594251072,3.823024764099461,penalty_contract_v2_scale_controlled,1.0000000000000004,optimized_seed
pilot-run-8e0989436f1e86cd5617,task-v2-b9b3757d64c0,g-a87f1b9ac089cc45,v2-S5-b000-g-a87f1b9ac089cc45,S5,D4,2207,Penalty-X,1,11,19,19,1,1171.0,10,4,0.4,524288,4,7.62939453125e-06,1,5.0,172.0,172.0,COBYLA,120,"[4.119365739193051, 2.0232897611184613]","[8.762114897173987, 2.3370109879688066]",120,3,Return from COBYLA because the objective function has been evaluated MAXFUN times.,2.383544240122516,1.6968772942364736,1.6968772942364736,0.0033205519546777,0.0017315102000835,0.5214525246756847,435.2313858035264,7.62939453125e-06,1.9073486328125e-06,1.0,0.0004822090268135,2.6968898763880134,0.2855440508574247,43.01921088248491,43.01921088248491,43.36995064653456,204.7734375,SUCCESS,,False,False,False,g-a87f1b9ac089cc45,D4,2207,5.11750992628768,2.6387202060600585,0.0,1.6968772942364736,291.8628946086736,409.96960930107264,291.86289460867346,0.6866669458860417,3,global_fixed,172.0,657.5602594251072,3.823024764099461,penalty_contract_v2_scale_controlled,1.0000000000000004,optimized_seed
pilot-run-efa08e7557fa9370241e,task-v2-b9b3757d64c0,g-a87f1b9ac089cc45,v2-S5-b000-g-a87f1b9ac089cc45,S5,D4,3301,Penalty-X,1,11,19,19,1,1171.0,10,4,0.4,524288,4,7.62939453125e-06,1,5.0,172.0,172.0,COBYLA,120,"[2.8746040698350956, 1.6147767089481937]","[8.31361371290832, 2.350557789810506]",120,3,Return from COBYLA because the objective function has been evaluated MAXFUN times.,2.6642567997615254,1.741104077974727,1.741104077974727,0.0033885989747116,0.0017398757388221,0.5134498805572727,444.15044481340254,7.62939453125e-06,1.9073486328125e-06,1.0,0.0004822090268135,2.6968898763880134,0.2855440508574247,43.56973362900317,43.56973362900317,43.92670058924705,204.7734375,SUCCESS,,False,False,False,g-a87f1b9ac089cc45,D4,3301,5.11750992628768,2.647530101387926,0.0,1.741104077974727,299.4699014116534,458.2521695589824,299.4699014116531,0.923152721786798,3,global_fixed,172.0,657.5602594251072,3.823024764099461,penalty_contract_v2_scale_controlled,0.9999999999999976,optimized_seed
pilot-run-82028f078af2dcb2a358,task-v2-b9b3757d64c0,g-a87f1b9ac089cc45,v2-S5-b000-g-a87f1b9ac089cc45,S5,D4,1103,Penalty-X,2,11,19,19,1,1171.0,10,4,0.4,524288,4,7.62939453125e-06,1,5.0,172.0,172.0,COBYLA,120,"[1.4361119332668082, 4.6766136583430296, 1.8287983773432719, 0.554097077555417]","[3.598029142093777, 6.135909442258457, 3.515109583760944, -0.9515024582442685]",120,3,Return from COBYLA because the objective function has been evaluated MAXFUN times.,2.964885375316447,1.5597795772327272,1.5597795772327272,0.0030850084799784,0.0015864070142035,0.514231006008334,404.3582314877342,7.62939453125e-06,1.9073486328125e-06,1.0,0.0004822090268135,2.6968898763880134,0.2855440508574247,86.456159950234,86.456159950234,87.1864476390183,204.7734375,SUCCESS,,False,False,False,g-a87f1b9ac089cc45,D4,1103,5.11750992628768,2.60676628843418,0.0,1.5597795772327272,268.28208728402905,509.9602845544289,268.2820872840291,1.4051057980837198,3,global_fixed,172.0,657.5602594251072,3.823024764099461,penalty_contract_v2_scale_controlled,1.0000000000000009,optimized_seed
pilot-run-775b751664b0933cfefc,task-v2-b9b3757d64c0,g-a87f1b9ac089cc45,v2-S5-b000-g-a87f1b9ac089cc45,S5,D4,2207,Penalty-X,2,11,19,19,1,1171.0,10,4,0.4,524288,4,7.62939453125e-06,1,5.0,172.0,172.0,COBYLA,120,"[4.119365739193051, 4.0465795222369225, 1.5369649905613294, 0.28561357469155796]","[5.855801609338279, 4.260759453863629, 3.5442501732782845, -1.0321503420098712]",120,3,Return from COBYLA because the objective function has been evaluated MAXFUN times.,2.7601956649628003,1.5355529277920832,1.5355529277920832,0.0038895256473578,0.0020029263401976,0.5149538843016251,509.80790565048216,7.62939453125e-06,1.9073486328125e-06,1.0,0.0004822090268135,2.6968898763880134,0.2855440508574247,88.24138499237597,88.24138499237597,88.96978469286114,204.7734375,SUCCESS,,False,False,False,g-a87f1b9ac089cc45,D4,2207,5.11750992628768,2.707406565840505,0.0,1.5355529277920832,264.1151035802385,474.7536543736017,264.1151035802383,1.2246427371707171,3,global_fixed,172.0,657.5602594251072,3.823024764099461,penalty_contract_v2_scale_controlled,1.0000000000000016,optimized_seed
pilot-run-c3ac2c93edeae6497803,task-v2-b9b3757d64c0,g-a87f1b9ac089cc45,v2-S5-b000-g-a87f1b9ac089cc45,S5,D4,3301,Penalty-X,2,11,19,19,1,1171.0,10,4,0.4,524288,4,7.62939453125e-06,1,5.0,172.0,172.0,COBYLA,120,"[2.8746040698350956, 3.2295534178963874, 1.3381083226815658, 0.4324890662459698]","[5.530560640170587, 4.910928931805477, 3.5357921849832588, -1.0149117847322668]",120,3,Return from COBYLA because the objective function has been evaluated MAXFUN times.,2.88416072487771,1.5075165545486606,1.5075165545486606,0.0035961190546599,0.0018674160058223,0.519286480074262,471.3505167323944,7.62939453125e-06,1.9073486328125e-06,1.0,0.0004822090268135,2.6968898763880134,0.2855440508574247,87.04643663857132,87.04643663857132,87.78345229011029,204.7734375,SUCCESS,,False,False,False,g-a87f1b9ac089cc45,D4,3301,5.11750992628768,2.673343987526288,0.0,1.5075165545486606,259.29284738236856,496.0756446789661,259.29284738236964,1.3766441703290493,3,global_fixed,172.0,657.5602594251072,3.823024764099461,penalty_contract_v2_scale_controlled,0.9999999999999988,optimized_seed
pilot-run-a21ccf55201c3733b43f,task-v2-b9b3757d64c0,g-a87f1b9ac089cc45,v2-S5-b000-g-a87f1b9ac089cc45,S5,D4,1103,Penalty-X,3,11,19,19,1,1171.0,10,4,0.4,524288,4,7.62939453125e-06,1,5.0,172.0,172.0,COBYLA,120,"[1.4361119332668082, 4.6766136583430296, 3.6575967546865438, 0.554097077555417, 2.658092015317178, 1.6434959053105886]","[2.869927654240147, 4.620393462975586, 5.031834678488594, 0.5949859441581755, 3.3553577707780575, 2.0824866191686384]",120,3,Return from COBYLA because the objective function has been evaluated MAXFUN times.,2.95794671496028,1.3630556624253145,1.3630556624253145,0.0013706407633693,0.000686831228806,0.5011022925639929,179.65262613634576,7.62939453125e-06,1.9073486328125e-06,1.0,0.0004822090268135,2.6968898763880134,0.2855440508574247,130.24151769466698,130.24151769466698,131.29503230005503,204.7734375,SUCCESS,,False,False,False,g-a87f1b9ac089cc45,D4,1103,5.11750992628768,2.254433570041574,0.0,1.3630556624253145,234.445573937154,508.7668349731681,234.44557393715405,1.594891052534965,3,global_fixed,172.0,657.5602594251072,3.823024764099461,penalty_contract_v2_scale_controlled,0.9999999999999976,optimized_seed
pilot-run-92b97737c4c7257ba68d,task-v2-b9b3757d64c0,g-a87f1b9ac089cc45,v2-S5-b000-g-a87f1b9ac089cc45,S5,D4,2207,Penalty-X,3,11,19,19,1,1171.0,10,4,0.4,524288,4,7.62939453125e-06,1,5.0,172.0,172.0,COBYLA,120,"[4.119365739193051, 4.0465795222369225, 3.073929981122659, 0.28561357469155796, 1.0467419303334264, 1.2456798648809793]","[4.740657079672717, 4.79838767248189, 3.156458862152859, 0.013926835902862181, 0.5304977644211166, 1.8918041632063758]",120,3,Return from COBYLA because the objective function has been evaluated MAXFUN times.,2.110303909746257,1.4726932394969965,1.4726932394969965,0.0037307851849825,0.0018918249538936,0.5070849325521983,489.0014757660296,7.62939453125e-06,1.9073486328125e-06,1.0,0.0004822090268135,2.6968898763880134,0.2855440508574247,128.14575368911028,128.14575368911028,129.22406747192144,204.7734375,SUCCESS,,False,False,False,g-a87f1b9ac089cc45,D4,2207,5.11750992628768,2.6893101697904425,0.0,1.4726932394969965,253.3032371934841,362.9722724763562,253.3032371934834,0.6376106702492605,3,global_fixed,172.0,657.5602594251072,3.823024764099461,penalty_contract_v2_scale_controlled,1.0000000000000004,optimized_seed
pilot-run-863ac43d566939028bd1,task-v2-b9b3757d64c0,g-a87f1b9ac089cc45,v2-S5-b000-g-a87f1b9ac089cc45,S5,D4,3301,Penalty-X,3,11,19,19,1,1171.0,10,4,0.4,524288,4,7.62939453125e-06,1,5.0,172.0,172.0,COBYLA,120,"[2.8746040698350956, 3.2295534178963874, 2.6762166453631315, 0.4324890662459698, 2.8286472419409745, 2.8565676468058108]","[3.0760794870713086, 4.241695280974589, 3.52171660013435, 0.5235971272100832, 3.2154873810113522, 2.1782504803422067]",120,3,Return from COBYLA because the objective function has been evaluated MAXFUN times.,2.1648155320540505,1.4663588287799918,1.4663588287799918,0.0030928941224263,0.0016335164696191,0.5281514351799556,405.39181841466825,7.62939453125e-06,1.9073486328125e-06,1.0,0.0004822090268135,2.6968898763880134,0.2855440508574247,127.35855416674168,127.35855416674168,128.42237919941545,204.7734375,SUCCESS,,False,False,False,g-a87f1b9ac089cc45,D4,3301,5.11750992628768,2.6078749795488547,0.0,1.4663588287799918,252.21371855015823,372.3482715132967,252.2137185501586,0.6984567032740587,3,global_fixed,172.0,657.5602594251072,3.823024764099461,penalty_contract_v2_scale_controlled,1.0000000000000022,optimized_seed
pilot-run-ae8c76bbe57ac766dfde,task-v2-11173062a501,g-a87f1b9ac089cc45,v2-S5-b000-g-a87f1b9ac089cc45,S5,D5,0,Uniform,0,11,19,19,1,1902.0,10,6,0.6,524288,6,1.1444091796875e-05,1,5.0,172.0,172.0,analytic,0,,,0,0,analytic uniform baseline,,,,1.1444091796875e-05,1.9073486328125e-06,0.1666666666666666,1.0,1.1444091796875e-05,1.9073486328125e-06,1.0,0.0004822090268135,2.6968900579959154,0.0,0.0,0.0,0.0,168.38671875,SUCCESS,,False,False,False,g-a87f1b9ac089cc45,D5,0,4.941418667231999,0.0,0.0,,,,,,0,global_fixed,172.0,,,penalty_contract_v2_scale_controlled,,analytic_uniform
pilot-run-71bf85f1d769f5035105,task-v2-11173062a501,g-a87f1b9ac089cc45,v2-S5-b000-g-a87f1b9ac089cc45,S5,D5,1103,Penalty-X,1,11,19,19,1,1902.0,10,6,0.6,524288,6,1.1444091796875e-05,1,5.0,172.0,172.0,COBYLA,120,"[1.4361119332668082, 2.3383068291715148]","[8.171343211849434, 2.3909556831295697]",120,3,Return from COBYLA because the objective function has been evaluated MAXFUN times.,2.428425215615637,1.5371072973167323,1.5371072973167323,0.0037910921690484,0.0016138317586889,0.4256904571892935,331.27068852100814,1.1444091796875e-05,1.9073486328125e-06,1.0,0.0004822090268135,2.6968900579959154,0.2820397187024355,44.50025200005621,44.50025200005621,44.86064558010548,204.76953125,SUCCESS,,False,False,False,g-a87f1b9ac089cc45,D5,1103,4.941418667231999,2.5201830103560154,0.0,1.5371072973167323,264.38245513847886,417.6891370858896,264.38245513847795,0.8913179182989048,3,global_fixed,172.0,632.471228757995,3.6771583067325295,penalty_contract_v2_scale_controlled,1.0,optimized_seed
pilot-run-0ac0e7988676e3ef96ae,task-v2-11173062a501,g-a87f1b9ac089cc45,v2-S5-b000-g-a87f1b9ac089cc45,S5,D5,2207,Penalty-X,1,11,19,19,1,1902.0,10,6,0.6,524288,6,1.1444091796875e-05,1,5.0,172.0,172.0,COBYLA,120,"[4.119365739193051, 2.0232897611184613]","[8.373574512003515, 2.3798604491408146]",120,3,Return from COBYLA because the objective function has been evaluated MAXFUN times.,2.268800066646045,1.5259476100419112,1.5259476100419112,0.0037251234010672,0.0016221460165004,0.4354610148044251,325.5062496164539,1.1444091796875e-05,1.9073486328125e-06,1.0,0.0004822090268135,2.6968900579959154,0.2820397187024355,44.38344979379326,44.38344979379326,44.75499850604683,204.76953125,SUCCESS,,False,False,False,g-a87f1b9ac089cc45,D5,2207,4.941418667231999,2.512559331300168,0.0,1.5259476100419112,262.46298892720904,390.2336114631197,262.4629889272087,0.7428524566041337,3,global_fixed,172.0,632.471228757995,3.6771583067325295,penalty_contract_v2_scale_controlled,0.9999999999999984,optimized_seed
pilot-run-8f9188f053dc8db13d72,task-v2-11173062a501,g-a87f1b9ac089cc45,v2-S5-b000-g-a87f1b9ac089cc45,S5,D5,3301,Penalty-X,1,11,19,19,1,1902.0,10,6,0.6,524288,6,1.1444091796875e-05,1,5.0,172.0,172.0,COBYLA,120,"[2.8746040698350956, 1.6147767089481937]","[7.662963017185208, 2.4133518116955535]",120,3,Return from COBYLA because the objective function has been evaluated MAXFUN times.,2.586419811554018,1.5842374922225813,1.5842374922225813,0.0036292000202359,0.0014516027161976,0.3999787027729782,317.1243367015807,1.1444091796875e-05,1.9073486328125e-06,1.0,0.0004822090268135,2.6968900579959154,0.2820397187024355,43.01276053581387,43.01276053581387,43.3765813568607,204.76953125,SUCCESS,,False,False,False,g-a87f1b9ac089cc45,D5,3301,4.941418667231999,2.501229571858815,0.0,1.5842374922225813,272.4888486622847,444.8642075872911,272.488848662284,1.0021823193314368,3,global_fixed,172.0,632.471228757995,3.6771583067325295,penalty_contract_v2_scale_controlled,1.000000000000001,optimized_seed
pilot-run-cfdd4aed8f9f4295e02a,task-v2-11173062a501,g-a87f1b9ac089cc45,v2-S5-b000-g-a87f1b9ac089cc45,S5,D5,1103,Penalty-X,2,11,19,19,1,1902.0,10,6,0.6,524288,6,1.1444091796875e-05,1,5.0,172.0,172.0,COBYLA,120,"[1.4361119332668082, 4.6766136583430296, 1.8287983773432719, 0.554097077555417]","[3.1749066575287777, 5.437569107023978, 3.4120280287950466, -0.890396999791317]",120,3,Return from COBYLA because the objective function has been evaluated MAXFUN times.,2.792666861041209,1.5637343724398405,1.5637343724398405,0.0031708231760073,0.0013883516769821,0.4378521285852194,277.0707568837584,1.1444091796875e-05,1.9073486328125e-06,1.0,0.0004822090268135,2.6968900579959154,0.2820397187024355,88.01467274315655,88.01467274315655,88.75736931711435,204.76953125,SUCCESS,,False,False,False,g-a87f1b9ac089cc45,D5,1103,4.941418667231999,2.44259069108644,0.0,1.5637343724398405,268.9623120596528,480.338700099088,268.96231205965256,1.2289324886013686,3,global_fixed,172.0,632.471228757995,3.6771583067325295,penalty_contract_v2_scale_controlled,0.999999999999998,optimized_seed
pilot-run-a74f47cc04806ddc0963,task-v2-11173062a501,g-a87f1b9ac089cc45,v2-S5-b000-g-a87f1b9ac089cc45,S5,D5,2207,Penalty-X,2,11,19,19,1,1902.0,10,6,0.6,524288,6,1.1444091796875e-05,1,5.0,172.0,172.0,COBYLA,120,"[4.119365739193051, 4.0465795222369225, 1.5369649905613294, 0.28561357469155796]","[5.2286187237450585, 4.146076661945227, 2.3059942489842524, 0.11395062740996487]",120,3,Return from COBYLA because the objective function has been evaluated MAXFUN times.,2.6488947530355964,1.8520764660525808,1.8520764660525808,0.0037641124021094,0.0013542531864322,0.359780219547451,328.9131605128569,1.1444091796875e-05,1.9073486328125e-06,1.0,0.0004822090268135,2.6968900579959154,0.2820397187024355,88.27137465681881,88.27137465681881,88.99996567238122,204.76953125,SUCCESS,,False,False,False,g-a87f1b9ac089cc45,D5,2207,4.941418667231999,2.517081250873247,0.0,1.8520764660525808,318.557152161044,455.6098975221226,318.557152161044,0.7968182869830152,3,global_fixed,172.0,632.471228757995,3.6771583067325295,penalty_contract_v2_scale_controlled,1.0000000000000024,optimized_seed
pilot-run-667920304ce27dd0b4ce,task-v2-11173062a501,g-a87f1b9ac089cc45,v2-S5-b000-g-a87f1b9ac089cc45,S5,D5,3301,Penalty-X,2,11,19,19,1,1902.0,10,6,0.6,524288,6,1.1444091796875e-05,1,5.0,172.0,172.0,COBYLA,120,"[2.8746040698350956, 3.2295534178963874, 1.3381083226815658, 0.4324890662459698]","[4.8147342045464265, 3.771374559770481, 2.303021650952555, 0.10275334619635582]",120,3,Return from COBYLA because the objective function has been evaluated MAXFUN times.,2.763816690639058,1.9323240481316672,1.9323240481316672,0.0027642352278982,0.001018211028815,0.3683518025306683,241.5425598607163,1.1444091796875e-05,1.9073486328125e-06,1.0,0.0004822090268135,2.6968900579959154,0.2820397187024355,87.88564192503691,87.88564192503691,88.6190536338836,204.76953125,SUCCESS,,False,False,False,g-a87f1b9ac089cc45,D5,3301,4.941418667231999,2.382993664628584,0.0,1.9323240481316672,332.3597362786465,475.376470789918,332.3597362786468,0.831492642507391,3,global_fixed,172.0,632.471228757995,3.6771583067325295,penalty_contract_v2_scale_controlled,0.9999999999999996,optimized_seed
pilot-run-e988ec1eeb360ec25cab,task-v2-11173062a501,g-a87f1b9ac089cc45,v2-S5-b000-g-a87f1b9ac089cc45,S5,D5,1103,Penalty-X,3,11,19,19,1,1902.0,10,6,0.6,524288,6,1.1444091796875e-05,1,5.0,172.0,172.0,COBYLA,120,"[1.4361119332668082, 4.6766136583430296, 3.6575967546865438, 0.554097077555417, 2.658092015317178, 1.6434959053105886]","[1.8664589108502625, 4.861383561704779, 4.85055738364447, 0.37739114090496856, 3.145543410222644, 2.3055932627122133]",120,3,Return from COBYLA because the objective function has been evaluated MAXFUN times.,2.8531594636727267,1.3526440048513035,1.3526440048513035,0.0049724402971885,0.002291505522762,0.4608412340431101,434.4984630887346,1.1444091796875e-05,1.9073486328125e-06,1.0,0.0004822090268135,2.6968900579959154,0.2820397187024355,128.8680556677282,128.8680556677282,129.95107532199472,204.76953125,SUCCESS,,False,False,False,g-a87f1b9ac089cc45,D5,1103,4.941418667231999,2.6379882445976603,0.0,1.3526440048513035,232.6547688344241,490.74342775170896,232.6547688344242,1.5005154588214231,3,global_fixed,172.0,632.471228757995,3.6771583067325295,penalty_contract_v2_scale_controlled,1.0000000000000029,optimized_seed
pilot-run-f0632e039f296785cc95,task-v2-11173062a501,g-a87f1b9ac089cc45,v2-S5-b000-g-a87f1b9ac089cc45,S5,D5,2207,Penalty-X,3,11,19,19,1,1902.0,10,6,0.6,524288,6,1.1444091796875e-05,1,5.0,172.0,172.0,COBYLA,120,"[4.119365739193051, 4.0465795222369225, 3.073929981122659, 0.28561357469155796, 1.0467419303334264, 1.2456798648809793]","[4.671527547121308, 4.394917814973239, 3.310880167601672, -0.02252602252050549, 0.5316480973090038, 1.9645732508826204]",120,3,Return from COBYLA because the objective function has been evaluated MAXFUN times.,1.9360030605520164,1.3827212609851782,1.3827212609851782,0.0051886949782224,0.0022628054053096,0.4361029921409788,453.3950854570505,1.1444091796875e-05,1.9073486328125e-06,1.0,0.0004822090268135,2.6968900579959154,0.2820397187024355,130.18347848393023,130.18347848393023,131.22865411359817,204.76953125,SUCCESS,,False,False,False,g-a87f1b9ac089cc45,D5,2207,4.941418667231999,2.656476808312661,0.0,1.3827212609851782,237.82805688945035,332.99252641494684,237.82805688945064,0.5532817995668382,3,global_fixed,172.0,632.471228757995,3.6771583067325295,penalty_contract_v2_scale_controlled,0.9999999999999994,optimized_seed
pilot-run-e29d7cd14f5a974c2492,task-v2-11173062a501,g-a87f1b9ac089cc45,v2-S5-b000-g-a87f1b9ac089cc45,S5,D5,3301,Penalty-X,3,11,19,19,1,1902.0,10,6,0.6,524288,6,1.1444091796875e-05,1,5.0,172.0,172.0,COBYLA,120,"[2.8746040698350956, 3.2295534178963874, 2.6762166453631315, 0.4324890662459698, 2.8286472419409745, 2.8565676468058108]","[3.137711351881143, 4.183737510242496, 3.516675799790598, 0.33014974957527, 2.9263868969547264, 2.4723355352090124]",120,3,Return from COBYLA because the objective function has been evaluated MAXFUN times.,2.06411270327162,1.4496953036732858,1.4496953036732858,0.0065608559157571,0.0028278595333879,0.4310199110753583,573.2963377267517,1.1444091796875e-05,1.9073486328125e-06,1.0,0.0004822090268135,2.6968900579959154,0.2820397187024355,129.4345085164532,129.4345085164532,130.49536772351712,204.76953125,SUCCESS,,False,False,False,g-a87f1b9ac089cc45,D5,3301,4.941418667231999,2.75837916746778,0.0,1.4496953036732858,249.3475922318054,355.0273849627186,249.34759223180515,0.614417399598334,3,global_fixed,172.0,632.471228757995,3.6771583067325295,penalty_contract_v2_scale_controlled,1.0,optimized_seed
pilot-run-bbe52de3db8fd57644af,task-v2-c95d7e1ff6e7,g-a87f1b9ac089cc45,v2-S5-b000-g-a87f1b9ac089cc45,S5,D6,0,Uniform,0,11,19,19,1,2459.0,10,8,0.8,524288,8,1.52587890625e-05,1,5.0,172.0,172.0,analytic,0,,,0,0,analytic uniform baseline,,,,1.52587890625e-05,1.9073486328125e-06,0.125,1.0,1.52587890625e-05,1.9073486328125e-06,1.0,0.0004822090268135,2.6968904566019773,0.0,0.0,0.0,0.0,168.38671875,SUCCESS,,False,False,False,g-a87f1b9ac089cc45,D6,0,4.816479930623699,0.0,0.0,,,,,,0,global_fixed,172.0,,,penalty_contract_v2_scale_controlled,,analytic_uniform
pilot-run-048ef4d852dcc19f3e39,task-v2-c95d7e1ff6e7,g-a87f1b9ac089cc45,v2-S5-b000-g-a87f1b9ac089cc45,S5,D6,1103,Penalty-X,1,11,19,19,1,2459.0,10,8,0.8,524288,8,1.52587890625e-05,1,5.0,172.0,172.0,COBYLA,120,"[1.4361119332668082, 2.3383068291715148]","[3.3073620391503846, 2.2187027969876016]",120,3,Return from COBYLA because the objective function has been evaluated MAXFUN times.,2.21297241038418,2.0307937681738903,2.0307937681738903,0.0003876095124387,0.0001049244646798,0.2706963098498103,25.40237700718772,1.52587890625e-05,1.9073486328125e-06,1.0,0.0004822090268135,2.6968904566019773,0.312512069940567,44.657498851418495,44.657498851418495,45.00958075560629,204.80078125,SUCCESS,,False,False,False,g-a87f1b9ac089cc45,D6,1103,4.816479930623699,1.4048743572815228,0.0,2.0307937681738903,349.29652812590933,380.6312545860789,349.2965281259092,0.1821786422102893,3,global_fixed,172.0,615.2559581074667,3.57706952388062,penalty_contract_v2_scale_controlled,1.0000000000000002,optimized_seed
pilot-run-7e95c53d9b6f50bc5475,task-v2-c95d7e1ff6e7,g-a87f1b9ac089cc45,v2-S5-b000-g-a87f1b9ac089cc45,S5,D6,2207,Penalty-X,1,11,19,19,1,2459.0,10,8,0.8,524288,8,1.52587890625e-05,1,5.0,172.0,172.0,COBYLA,120,"[4.119365739193051, 2.0232897611184613]","[7.925089161258051, 2.3937581189592776]",120,3,Return from COBYLA because the objective function has been evaluated MAXFUN times.,2.100437153130994,1.435832645860642,1.435832645860642,0.0035961044392173,0.0012749686787179,0.3545416158701617,235.6743005285499,1.52587890625e-05,1.9073486328125e-06,1.0,0.0004822090268135,2.6968904566019773,0.312512069940567,44.2216723235324,44.2216723235324,44.58975711744279,204.80078125,SUCCESS,,False,False,False,g-a87f1b9ac089cc45,D6,2207,4.816479930623699,2.3723122267875465,0.0,1.435832645860642,246.96321508803013,361.275190338531,246.9632150880304,0.6646045072703521,3,global_fixed,172.0,615.2559581074667,3.57706952388062,penalty_contract_v2_scale_controlled,0.9999999999999994,optimized_seed
pilot-run-323c8fb2dd0218e3eaee,task-v2-c95d7e1ff6e7,g-a87f1b9ac089cc45,v2-S5-b000-g-a87f1b9ac089cc45,S5,D6,3301,Penalty-X,1,11,19,19,1,2459.0,10,8,0.8,524288,8,1.52587890625e-05,1,5.0,172.0,172.0,COBYLA,120,"[2.8746040698350956, 1.6147767089481937]","[3.3198248228094935, 2.216981096987909]",120,3,Return from COBYLA because the objective function has been evaluated MAXFUN times.,2.498771235132541,2.030790869129766,2.030790869129766,0.0003863010626523,0.0001047640529288,0.2711979413401931,25.31662644198314,1.52587890625e-05,1.9073486328125e-06,1.0,0.0004822090268135,2.6968904566019773,0.312512069940567,43.755805030465126,43.755805030465126,44.15602495614439,204.80078125,SUCCESS,,False,False,False,g-a87f1b9ac089cc45,D6,3301,4.816479930623699,1.4034058334447002,0.0,2.030790869129766,349.2960294903197,429.78865244279706,349.29602949031977,0.467980366002775,3,global_fixed,172.0,615.2559581074667,3.57706952388062,penalty_contract_v2_scale_controlled,1.000000000000001,optimized_seed
pilot-run-7ec4bcdeaa3811d7081e,task-v2-c95d7e1ff6e7,g-a87f1b9ac089cc45,v2-S5-b000-g-a87f1b9ac089cc45,S5,D6,1103,Penalty-X,2,11,19,19,1,2459.0,10,8,0.8,524288,8,1.52587890625e-05,1,5.0,172.0,172.0,COBYLA,120,"[1.4361119332668082, 4.6766136583430296, 1.8287983773432719, 0.554097077555417]","[2.4973023032769386, 4.459010848409388, 2.2396582916962138, 0.09065704775873534]",120,3,Return from COBYLA because the objective function has been evaluated MAXFUN times.,2.521515155034717,1.953129236940592,1.953129236940592,0.0012262805583594,0.000241392038232,0.196848948298549,80.36552267264301,1.52587890625e-05,1.9073486328125e-06,1.0,0.0004822090268135,2.6968904566019773,0.312512069940567,87.96293896902353,87.96293896902353,88.69969976134598,204.80078125,SUCCESS,,False,False,False,g-a87f1b9ac089cc45,D6,1103,4.816479930623699,1.9050697735695128,0.0,1.953129236940592,335.9382287537822,433.7006066659714,335.9382287537818,0.5683859180941255,3,global_fixed,172.0,615.2559581074667,3.57706952388062,penalty_contract_v2_scale_controlled,1.0000000000000018,optimized_seed
pilot-run-4b2f63f204ab755cd893,task-v2-c95d7e1ff6e7,g-a87f1b9ac089cc45,v2-S5-b000-g-a87f1b9ac089cc45,S5,D6,2207,Penalty-X,2,11,19,19,1,2459.0,10,8,0.8,524288,8,1.52587890625e-05,1,5.0,172.0,172.0,COBYLA,120,"[4.119365739193051, 4.0465795222369225, 1.5369649905613294, 0.28561357469155796]","[5.081952603947341, 3.127935499730127, 3.1464629182892114, -0.754637417330586]",120,3,Return from COBYLA because the objective function has been evaluated MAXFUN times.,2.5241655763080177,1.4405345852132978,1.4405345852132978,0.0037839597345418,0.0013719157989419,0.362560887320873,247.9855851629377,1.52587890625e-05,1.9073486328125e-06,1.0,0.0004822090268135,2.6968904566019773,0.312512069940567,88.27907444071025,88.27907444071025,89.00752301700413,204.80078125,SUCCESS,,False,False,False,g-a87f1b9ac089cc45,D6,2207,4.816479930623699,2.394426437011143,0.0,1.4405345852132978,247.77194865668724,434.1564791249791,247.7719486566872,1.08363099109472,3,global_fixed,172.0,615.2559581074667,3.57706952388062,penalty_contract_v2_scale_controlled,1.000000000000001,optimized_seed
pilot-run-e49a7e3e89b6a3868df7,task-v2-c95d7e1ff6e7,g-a87f1b9ac089cc45,v2-S5-b000-g-a87f1b9ac089cc45,S5,D6,3301,Penalty-X,2,11,19,19,1,2459.0,10,8,0.8,524288,8,1.52587890625e-05,1,5.0,172.0,172.0,COBYLA,120,"[2.8746040698350956, 3.2295534178963874, 1.3381083226815658, 0.4324890662459698]","[2.1150476099639195, 2.08803740505908, 2.4733721332841783, -0.4153136182378925]",120,3,Return from COBYLA because the objective function has been evaluated MAXFUN times.,2.638048405922648,1.824352827292272,1.824352827292272,0.0006649557676505,0.0001817057214162,0.2732598621684144,43.57854118874694,1.52587890625e-05,1.9073486328125e-06,1.0,0.0004822090268135,2.6968904566019773,0.312512069940567,87.88996022567153,87.88996022567153,88.6194376051426,204.80078125,SUCCESS,,False,False,False,g-a87f1b9ac089cc45,D6,3301,4.816479930623699,1.6392726879505886,0.0,1.824352827292272,313.7886862942714,453.7443258186954,313.78868629427075,0.8136955786303761,3,global_fixed,172.0,615.2559581074667,3.57706952388062,penalty_contract_v2_scale_controlled,0.9999999999999988,optimized_seed
pilot-run-3416d50bde3aeab9c348,task-v2-c95d7e1ff6e7,g-a87f1b9ac089cc45,v2-S5-b000-g-a87f1b9ac089cc45,S5,D6,1103,Penalty-X,3,11,19,19,1,2459.0,10,8,0.8,524288,8,1.52587890625e-05,1,5.0,172.0,172.0,COBYLA,120,"[1.4361119332668082, 4.6766136583430296, 3.6575967546865438, 0.554097077555417, 2.658092015317178, 1.6434959053105886]","[1.7252387073807265, 4.346306898677611, 4.468499419186486, 0.39130313179883874, 3.145452499396715, 2.347846679159065]",120,3,Return from COBYLA because the objective function has been evaluated MAXFUN times.,2.7796242269616265,1.318465089655528,1.318465089655528,0.0064047110280526,0.0024720819822199,0.3859786915275662,419.7391419344601,1.52587890625e-05,1.9073486328125e-06,1.0,0.0004822090268135,2.6968904566019773,0.312512069940567,129.23702569957825,129.23702569957825,130.2987094996497,204.80078125,SUCCESS,,False,False,False,g-a87f1b9ac089cc45,D6,1103,4.816479930623699,2.6229794703635334,0.0,1.318465089655528,226.77599542075103,478.0953670373997,226.77599542075083,1.4611591373060984,3,global_fixed,172.0,615.2559581074667,3.57706952388062,penalty_contract_v2_scale_controlled,0.9999999999999988,optimized_seed
pilot-run-f3f82001ed444d844ac4,task-v2-c95d7e1ff6e7,g-a87f1b9ac089cc45,v2-S5-b000-g-a87f1b9ac089cc45,S5,D6,2207,Penalty-X,3,11,19,19,1,2459.0,10,8,0.8,524288,8,1.52587890625e-05,1,5.0,172.0,172.0,COBYLA,120,"[4.119365739193051, 4.0465795222369225, 3.073929981122659, 0.28561357469155796, 1.0467419303334264, 1.2456798648809793]","[5.984829973604437, 5.068573543377935, 3.415595477930136, 0.6893426035456522, 0.006925354619028757, 2.041065635577092]",120,3,Return from COBYLA because the objective function has been evaluated MAXFUN times.,1.8381590811309405,1.1962786162289976,1.1962786162289976,0.0008227791909541,0.0002698035314298,0.3279173007729652,53.92165705837378,1.52587890625e-05,1.9073486328125e-06,1.0,0.0004822090268135,2.6968904566019773,0.312512069940567,130.30289421975613,130.30289421975613,131.36186879035083,204.80078125,SUCCESS,,False,False,False,g-a87f1b9ac089cc45,D6,2207,4.816479930623699,1.73176322997107,0.0,1.1962786162289976,205.75992199138776,316.16336195452175,205.7599219913876,0.6418804649019427,3,global_fixed,172.0,615.2559581074667,3.57706952388062,penalty_contract_v2_scale_controlled,0.999999999999994,optimized_seed
pilot-run-b326969751d5d691e500,task-v2-c95d7e1ff6e7,g-a87f1b9ac089cc45,v2-S5-b000-g-a87f1b9ac089cc45,S5,D6,3301,Penalty-X,3,11,19,19,1,2459.0,10,8,0.8,524288,8,1.52587890625e-05,1,5.0,172.0,172.0,COBYLA,120,"[2.8746040698350956, 3.2295534178963874, 2.6762166453631315, 0.4324890662459698, 2.8286472419409745, 2.8565676468058108]","[2.7313751867382563, 4.1011755159358785, 3.50865161596211, 0.5813353806351869, 2.89496440289957, 2.4469757568632313]",120,3,Return from COBYLA because the objective function has been evaluated MAXFUN times.,2.0158185994981204,1.4890539464046113,1.4890539464046113,0.0040838585063571,0.0014444449139414,0.3536961213746638,267.63975107261933,1.52587890625e-05,1.9073486328125e-06,1.0,0.0004822090268135,2.6968904566019773,0.312512069940567,129.55351291410625,129.55351291410625,130.21079890057445,204.80078125,SUCCESS,,False,False,False,g-a87f1b9ac089cc45,D6,3301,4.816479930623699,2.427550617277345,0.0,1.4890539464046113,256.1172787815931,346.7207991136767,256.11727878159314,0.5267646530935091,3,global_fixed,172.0,615.2559581074667,3.57706952388062,penalty_contract_v2_scale_controlled,1.0000000000000004,optimized_seed
pilot-run-97dda2052df6e993ed4d,task-v2-f5c9b9bdeb27,g-a87f1b9ac089cc45,v2-S5-b000-g-a87f1b9ac089cc45,S5,D7,0,Uniform,0,11,19,19,1,2806.0,10,10,1.0,524288,10,1.9073486328125e-05,1,5.0,172.0,172.0,analytic,0,,,0,0,analytic uniform baseline,,,,1.9073486328125e-05,1.9073486328125e-06,0.1,1.0,1.9073486328125e-05,1.9073486328125e-06,1.0,0.0004822090268135,2.696890433318913,0.0,0.0,0.0,0.0,168.38671875,SUCCESS,,False,False,False,g-a87f1b9ac089cc45,D7,0,4.719569917615643,0.0,0.0,,,,,,0,global_fixed,172.0,,,penalty_contract_v2_scale_controlled,,analytic_uniform
pilot-run-2a604db52d062fffd2c8,task-v2-f5c9b9bdeb27,g-a87f1b9ac089cc45,v2-S5-b000-g-a87f1b9ac089cc45,S5,D7,1103,Penalty-X,1,11,19,19,1,2806.0,10,10,1.0,524288,10,1.9073486328125e-05,1,5.0,172.0,172.0,COBYLA,120,"[1.4361119332668082, 2.3383068291715148]","[2.4157643943964797, 2.3186749778252147]",82,0,Return from COBYLA because the trust region radius reaches its lower bound.,2.03887734159324,1.927536151807604,1.927536151807604,0.0005883504658089,9.615574553971218e-05,0.1634327686092685,30.84650890180514,1.9073486328125e-05,1.9073486328125e-06,1.0,0.0004822090268135,2.696890433318913,0.2728817434981465,29.251200194470584,29.251200194470584,29.606892987154424,204.69140625,SUCCESS,,False,False,False,g-a87f1b9ac089cc45,D7,1103,4.719569917615643,1.4892060192452528,0.0,1.927536151807604,331.5362181109085,350.68690275403713,331.5362181109079,0.1113411897856351,0,global_fixed,172.0,605.3627476722257,3.519550858559452,penalty_contract_v2_scale_controlled,0.9999999999999974,optimized_seed
pilot-run-945de0e16028fbc56b32,task-v2-f5c9b9bdeb27,g-a87f1b9ac089cc45,v2-S5-b000-g-a87f1b9ac089cc45,S5,D7,2207,Penalty-X,1,11,19,19,1,2806.0,10,10,1.0,524288,10,1.9073486328125e-05,1,5.0,172.0,172.0,COBYLA,120,"[4.119365739193051, 2.0232897611184613]","[2.4168244992266104, 2.3185743342514034]",82,0,Return from COBYLA because the trust region radius reaches its lower bound.,2.047491168798232,1.927536192767989,1.927536192767989,0.0005884573266521,9.62181847332249e-05,0.1635091966322082,30.85211148757861,1.9073486328125e-05,1.9073486328125e-06,1.0,0.0004822090268135,2.696890433318913,0.2728817434981465,29.479819600470364,29.479819600470364,29.82977690082044,204.69140625,SUCCESS,,False,False,False,g-a87f1b9ac089cc45,D7,2207,4.719569917615643,1.48928489206533,0.0,1.927536192767989,331.53622515609425,352.1684810332958,331.53622515609413,0.1199549760302423,0,global_fixed,172.0,605.3627476722257,3.519550858559452,penalty_contract_v2_scale_controlled,0.9999999999999996,optimized_seed
pilot-run-1c561676899dc9b379f9,task-v2-f5c9b9bdeb27,g-a87f1b9ac089cc45,v2-S5-b000-g-a87f1b9ac089cc45,S5,D7,3301,Penalty-X,1,11,19,19,1,2806.0,10,10,1.0,524288,10,1.9073486328125e-05,1,5.0,172.0,172.0,COBYLA,120,"[2.8746040698350956, 1.6147767089481937]","[2.416555240585244, 2.318638120068483]",82,0,Return from COBYLA because the trust region radius reaches its lower bound.,2.422386017833301,1.9275361625242788,1.9275361625242788,0.000588491604808,9.620397481114672e-05,0.1634755262864506,30.853908650158,1.9073486328125e-05,1.9073486328125e-06,1.0,0.0004822090268135,2.696890433318913,0.2728817434981465,29.39695941004902,29.39695941004902,29.744501542299982,204.69140625,SUCCESS,,False,False,False,g-a87f1b9ac089cc45,D7,3301,4.719569917615643,1.4893101893633829,0.0,1.9275361625242788,331.536219954176,416.6503950673279,331.536219954176,0.4948498553090226,0,global_fixed,172.0,605.3627476722257,3.519550858559452,penalty_contract_v2_scale_controlled,1.0,optimized_seed
pilot-run-9de6d3ac58048e54fe16,task-v2-f5c9b9bdeb27,g-a87f1b9ac089cc45,v2-S5-b000-g-a87f1b9ac089cc45,S5,D7,1103,Penalty-X,2,11,19,19,1,2806.0,10,10,1.0,524288,10,1.9073486328125e-05,1,5.0,172.0,172.0,COBYLA,120,"[1.4361119332668082, 4.6766136583430296, 1.8287983773432719, 0.554097077555417]","[2.197957776992403, 4.542662398662879, 2.189133895079163, 0.08969170490899049]",120,3,Return from COBYLA because the objective function has been evaluated MAXFUN times.,2.26231970329591,1.8397922328992635,1.8397922328992635,0.0011279486052409,0.0001935481479274,0.1715930557723034,59.13699183445819,1.9073486328125e-05,1.9073486328125e-06,1.0,0.0004822090268135,2.696890433318913,0.2728817434981465,84.82292182836682,84.82292182836682,85.52067639678717,204.69140625,SUCCESS,,False,False,False,g-a87f1b9ac089cc45,D7,1103,4.719569917615643,1.7718592291701043,0.0,1.8397922328992635,316.4442640586731,389.11898896689655,316.4442640586733,0.4225274703966466,3,global_fixed,172.0,605.3627476722257,3.519550858559452,penalty_contract_v2_scale_controlled,1.0000000000000009,optimized_seed
pilot-run-9c530f018f717186f812,task-v2-f5c9b9bdeb27,g-a87f1b9ac089cc45,v2-S5-b000-g-a87f1b9ac089cc45,S5,D7,2207,Penalty-X,2,11,19,19,1,2806.0,10,10,1.0,524288,10,1.9073486328125e-05,1,5.0,172.0,172.0,COBYLA,120,"[4.119365739193051, 4.0465795222369225, 1.5369649905613294, 0.28561357469155796]","[6.487422177937001, 4.489335658746522, 2.4302172968027707, 0.09463589246260522]",120,3,Return from COBYLA because the objective function has been evaluated MAXFUN times.,2.4122232275809443,1.4127457292647132,1.4127457292647132,0.0068132273416553,0.0015204493637917,0.2231614017186675,357.2093336501781,1.9073486328125e-05,1.9073486328125e-06,1.0,0.0004822090268135,2.696890433318913,0.2728817434981465,84.63753904681653,84.63753904681653,85.355648804456,204.69140625,SUCCESS,,False,False,False,g-a87f1b9ac089cc45,D7,2207,4.719569917615643,2.552922798200298,0.0,1.4127457292647132,242.99226543353075,414.9023951439224,242.99226543353063,0.9994774983162312,3,global_fixed,172.0,605.3627476722257,3.519550858559452,penalty_contract_v2_scale_controlled,1.0000000000000029,optimized_seed
pilot-run-60d4eceae34856b94c5d,task-v2-f5c9b9bdeb27,g-a87f1b9ac089cc45,v2-S5-b000-g-a87f1b9ac089cc45,S5,D7,3301,Penalty-X,2,11,19,19,1,2806.0,10,10,1.0,524288,10,1.9073486328125e-05,1,5.0,172.0,172.0,COBYLA,120,"[2.8746040698350956, 3.2295534178963874, 1.3381083226815658, 0.4324890662459698]","[2.200733833414021, 4.372390561604945, 2.197852658414611, 0.09015247066101743]",120,3,Return from COBYLA because the objective function has been evaluated MAXFUN times.,2.539940947279865,1.8404694544486124,1.8404694544486124,0.001209967282575,0.0002135512976087,0.1764934479503157,63.43713266467292,1.9073486328125e-05,1.9073486328125e-06,1.0,0.0004822090268135,2.696890433318913,0.2728817434981465,85.4034223575145,85.4034223575145,86.1916814725846,204.69140625,SUCCESS,,False,False,False,g-a87f1b9ac089cc45,D7,3301,4.719569917615643,1.80234354480052,0.0,1.8404694544486124,316.5607461651612,436.8698429321368,316.56074616516133,0.6994714928312524,3,global_fixed,172.0,605.3627476722257,3.519550858559452,penalty_contract_v2_scale_controlled,1.0,optimized_seed
pilot-run-4fd987bc94d086ead8bc,task-v2-f5c9b9bdeb27,g-a87f1b9ac089cc45,v2-S5-b000-g-a87f1b9ac089cc45,S5,D7,1103,Penalty-X,3,11,19,19,1,2806.0,10,10,1.0,524288,10,1.9073486328125e-05,1,5.0,172.0,172.0,COBYLA,120,"[1.4361119332668082, 4.6766136583430296, 3.6575967546865438, 0.554097077555417, 2.658092015317178, 1.6434959053105886]","[1.5400257932641632, 4.379429317113638, 4.492313774327581, 0.4169302751249719, 3.1260027305901708, 2.3667380570335714]",120,3,Return from COBYLA because the objective function has been evaluated MAXFUN times.,2.7281521882935835,1.312618512473818,1.312618512473818,0.006366673880631,0.0022650485496464,0.3557663847896034,333.79707155282864,1.9073486328125e-05,1.9073486328125e-06,1.0,0.0004822090268135,2.696890433318913,0.2728817434981465,126.32955066580324,126.32955066580324,127.37245595175771,204.69140625,SUCCESS,,False,False,False,g-a87f1b9ac089cc45,D7,1103,4.719569917615643,2.523482522235301,0.0,1.312618512473818,225.77038414549705,469.24217638649634,225.7703841454967,1.4155336758197654,3,global_fixed,172.0,605.3627476722257,3.519550858559452,penalty_contract_v2_scale_controlled,1.000000000000001,optimized_seed
pilot-run-c6fc322cb86b6525c680,task-v2-f5c9b9bdeb27,g-a87f1b9ac089cc45,v2-S5-b000-g-a87f1b9ac089cc45,S5,D7,2207,Penalty-X,3,11,19,19,1,2806.0,10,10,1.0,524288,10,1.9073486328125e-05,1,5.0,172.0,172.0,COBYLA,120,"[4.119365739193051, 4.0465795222369225, 3.073929981122659, 0.28561357469155796, 1.0467419303334264, 1.2456798648809793]","[3.960348396303368, 3.8370037299662414, 3.0171792611799284, 0.29234817718723566, 0.7226447220257723, 1.5526668161838013]",120,3,Return from COBYLA because the objective function has been evaluated MAXFUN times.,1.8329094902084435,1.7058474229262064,1.7058474229262064,0.0031161999410096,0.0008858475717362,0.2842717375346753,163.37862346720425,1.9073486328125e-05,1.9073486328125e-06,1.0,0.0004822090268135,2.696890433318913,0.2728817434981465,126.3851196207106,126.3851196207106,127.45039515942337,204.69140625,SUCCESS,,False,False,False,g-a87f1b9ac089cc45,D7,2207,4.719569917615643,2.213195232627539,0.0,1.7058474229262064,293.4057567433072,315.26043231585226,293.4057567433075,0.1270620672822369,3,global_fixed,172.0,605.3627476722257,3.519550858559452,penalty_contract_v2_scale_controlled,0.9999999999999992,optimized_seed
pilot-run-b127c9e8ff5437c05b6a,task-v2-f5c9b9bdeb27,g-a87f1b9ac089cc45,v2-S5-b000-g-a87f1b9ac089cc45,S5,D7,3301,Penalty-X,3,11,19,19,1,2806.0,10,10,1.0,524288,10,1.9073486328125e-05,1,5.0,172.0,172.0,COBYLA,120,"[2.8746040698350956, 3.2295534178963874, 2.6762166453631315, 0.4324890662459698, 2.8286472419409745, 2.8565676468058108]","[2.683205206052142, 3.940874925023286, 3.6705543802813265, 0.37521895762200774, 3.184286956696754, 2.33988670577855]",120,3,Return from COBYLA because the objective function has been evaluated MAXFUN times.,1.9941339474644544,1.4272475110717069,1.4272475110717069,0.004682152600795,0.0013127255348363,0.2803679518291342,245.4796422765623,1.9073486328125e-05,1.9073486328125e-06,1.0,0.0004822090268135,2.696890433318913,0.2728817434981465,127.54776967968792,127.54776967968792,128.57386100199074,204.69140625,SUCCESS,,False,False,False,g-a87f1b9ac089cc45,D7,3301,4.719569917615643,2.3900154817398547,0.0,1.4272475110717069,245.4865719043337,342.9910389638862,245.4865719043336,0.5668864363927479,3,global_fixed,172.0,605.3627476722257,3.519550858559452,penalty_contract_v2_scale_controlled,0.9999999999999984,optimized_seed
pilot-run-af55d46ad2267c33d0aa,task-v2-420d9636beee,g-e0c69f84d376b633,v2-S5-b001-g-e0c69f84d376b633,S5,D1,0,Uniform,0,11,19,19,1,414.0,12,1,0.0833333333333333,524288,1,1.9073486328125e-06,1,11.0,172.0,172.0,analytic,0,,,0,0,analytic uniform baseline,,,,1.9073486328125e-06,1.9073486328125e-06,1.0,1.0,1.9073486328125e-06,1.9073486328125e-06,1.0,0.0002986779436469,2.6785788834095,0.0,0.0,0.0,0.0,168.38671875,SUCCESS,,False,False,False,g-e0c69f84d376b633,D1,0,5.719569917615643,0.0,0.0,,,,,,0,global_fixed,172.0,,,penalty_contract_v2_scale_controlled,,analytic_uniform
pilot-run-60a10c8ec6a1f8f847a7,task-v2-420d9636beee,g-e0c69f84d376b633,v2-S5-b001-g-e0c69f84d376b633,S5,D1,1103,Penalty-X,1,11,19,19,1,414.0,12,1,0.0833333333333333,524288,1,1.9073486328125e-06,1,11.0,172.0,172.0,COBYLA,120,"[1.4361119332668082, 2.3383068291715148]","[7.811829685943853, 2.3405037293064987]",120,3,Return from COBYLA because the objective function has been evaluated MAXFUN times.,2.642276066019454,1.834547385183916,1.834547385183916,0.0010987003372392,0.0010987003372392,1.0,576.0354024104907,1.9073486328125e-06,1.9073486328125e-06,1.0,0.0002986779436469,2.6785788834095,0.3626172160729766,44.51497307233512,44.51497307233512,44.8743391642347,207.609375,SUCCESS,,False,False,False,g-e0c69f84d376b633,D1,1103,5.719569917615643,2.760449175435445,0.0,1.834547385183916,315.5421502516336,454.4714833553462,315.5421502516336,0.8077286808355386,3,global_fixed,172.0,744.1696091189781,4.32656749487778,penalty_contract_v2_scale_controlled,0.9999999999999984,optimized_seed
pilot-run-10288b62d39aae36cc80,task-v2-420d9636beee,g-e0c69f84d376b633,v2-S5-b001-g-e0c69f84d376b633,S5,D1,2207,Penalty-X,1,11,19,19,1,414.0,12,1,0.0833333333333333,524288,1,1.9073486328125e-06,1,11.0,172.0,172.0,COBYLA,120,"[4.119365739193051, 2.0232897611184613]","[7.907129465210715, 2.345703462202731]",120,3,Return from COBYLA because the objective function has been evaluated MAXFUN times.,2.449324464396524,1.828671564811208,1.828671564811208,0.0011464165567422,0.0011464165567422,1.0,601.052443701304,1.9073486328125e-06,1.9073486328125e-06,1.0,0.0002986779436469,2.6785788834095,0.3626172160729766,43.92588240746409,43.92588240746409,44.28927624691278,207.609375,SUCCESS,,False,False,False,g-e0c69f84d376b633,D1,2207,5.719569917615643,2.778912367204768,0.0,1.828671564811208,314.53150914752723,421.2838078762021,314.53150914752774,0.620652899585316,3,global_fixed,172.0,744.1696091189781,4.32656749487778,penalty_contract_v2_scale_controlled,0.9999999999999998,optimized_seed
pilot-run-3524215ef0d254850dfb,task-v2-420d9636beee,g-e0c69f84d376b633,v2-S5-b001-g-e0c69f84d376b633,S5,D1,3301,Penalty-X,1,11,19,19,1,414.0,12,1,0.0833333333333333,524288,1,1.9073486328125e-06,1,11.0,172.0,172.0,COBYLA,120,"[2.8746040698350956, 1.6147767089481937]","[7.921864650963404, 2.355272749400264]",120,3,Return from COBYLA because the objective function has been evaluated MAXFUN times.,2.8373456906709773,1.827941364082753,1.827941364082753,0.0012488907390052,0.0012488907390052,1.0,654.7784277715923,1.9073486328125e-06,1.9073486328125e-06,1.0,0.0002986779436469,2.6785788834095,0.3626172160729766,43.82167632505298,43.82167632505298,44.244534156285226,207.609375,SUCCESS,,False,False,False,g-e0c69f84d376b633,D1,3301,5.719569917615643,2.816094362777033,0.0,1.827941364082753,314.4059146222356,488.0234587954081,314.4059146222336,1.0094043265882238,3,global_fixed,172.0,744.1696091189781,4.32656749487778,penalty_contract_v2_scale_controlled,1.0000000000000004,optimized_seed
pilot-run-37518fee578f746bd06c,task-v2-420d9636beee,g-e0c69f84d376b633,v2-S5-b001-g-e0c69f84d376b633,S5,D1,1103,Penalty-X,2,11,19,19,1,414.0,12,1,0.0833333333333333,524288,1,1.9073486328125e-06,1,11.0,172.0,172.0,COBYLA,120,"[1.4361119332668082, 4.6766136583430296, 1.8287983773432719, 0.554097077555417]","[4.612840705462802, 4.410757818983318, 0.5539584149385368, -1.1370973824703121]",120,3,Return from COBYLA because the objective function has been evaluated MAXFUN times.,3.3577633463371512,1.6363143864257583,1.6363143864257583,0.0008834380034333,0.0008834380034333,1.0,463.1759439440505,1.9073486328125e-06,1.9073486328125e-06,1.0,0.0002986779436469,2.6785788834095,0.3626172160729766,87.26401426177472,87.26401426177472,87.98975993972272,207.609375,SUCCESS,,False,False,False,g-e0c69f84d376b633,D1,1103,5.719569917615643,2.6657459952710743,0.0,1.6363143864257583,281.44607446523094,577.53529556999,281.4460744652305,1.721448959911393,3,global_fixed,172.0,744.1696091189781,4.32656749487778,penalty_contract_v2_scale_controlled,1.0000000000000009,optimized_seed
pilot-run-6b32d8961dbdc8c7e6b8,task-v2-420d9636beee,g-e0c69f84d376b633,v2-S5-b001-g-e0c69f84d376b633,S5,D1,2207,Penalty-X,2,11,19,19,1,414.0,12,1,0.0833333333333333,524288,1,1.9073486328125e-06,1,11.0,172.0,172.0,COBYLA,120,"[4.119365739193051, 4.0465795222369225, 1.5369649905613294, 0.28561357469155796]","[5.392604447868736, 4.151854663178419, 2.929015438523116, -0.6059251944186202]",120,3,Return from COBYLA because the objective function has been evaluated MAXFUN times.,3.011201596994141,1.7947162104684629,1.7947162104684629,0.0016326294325412,0.0016326294325412,1.0,855.9680199282112,1.9073486328125e-06,1.9073486328125e-06,1.0,0.0002986779436469,2.6785788834095,0.3626172160729766,87.54768696147949,87.54768696147949,88.2938182996586,207.609375,SUCCESS,,False,False,False,g-e0c69f84d376b633,D1,2207,5.719569917615643,2.93245753917697,0.0,1.7947162104684629,308.69118820057474,517.9266746829924,308.6911882005756,1.2164853865256786,3,global_fixed,172.0,744.1696091189781,4.32656749487778,penalty_contract_v2_scale_controlled,0.9999999999999988,optimized_seed
pilot-run-4e07ba471b947a29546f,task-v2-420d9636beee,g-e0c69f84d376b633,v2-S5-b001-g-e0c69f84d376b633,S5,D1,3301,Penalty-X,2,11,19,19,1,414.0,12,1,0.0833333333333333,524288,1,1.9073486328125e-06,1,11.0,172.0,172.0,COBYLA,120,"[2.8746040698350956, 3.2295534178963874, 1.3381083226815658, 0.4324890662459698]","[5.584981185237419, 3.1662429007720676, 3.6278522782793137, -1.1577251018233496]",120,3,Return from COBYLA because the objective function has been evaluated MAXFUN times.,3.22995874454227,1.7096684948536054,1.7096684948536054,0.0010539537281499,0.0010539537281499,1.0,552.5752922242842,1.9073486328125e-06,1.9073486328125e-06,1.0,0.0002986779436469,2.6785788834095,0.3626172160729766,86.98491447418928,86.98491447418928,87.73298429325223,207.609375,SUCCESS,,False,False,False,g-e0c69f84d376b633,D1,3301,5.719569917615643,2.7423914620308185,0.0,1.7096684948536054,294.06298111481874,555.5529040612704,294.0629811148201,1.5202902496886646,3,global_fixed,172.0,744.1696091189781,4.32656749487778,penalty_contract_v2_scale_controlled,0.9999999999999982,optimized_seed
pilot-run-84f2b35b51ac4184eac7,task-v2-420d9636beee,g-e0c69f84d376b633,v2-S5-b001-g-e0c69f84d376b633,S5,D1,1103,Penalty-X,3,11,19,19,1,414.0,12,1,0.0833333333333333,524288,1,1.9073486328125e-06,1,11.0,172.0,172.0,COBYLA,120,"[1.4361119332668082, 4.6766136583430296, 3.6575967546865438, 0.554097077555417, 2.658092015317178, 1.6434959053105886]","[2.597188229263622, 4.129806618071402, 3.958578801880873, 0.8719659425436388, 2.8615318052479815, 2.351771020194011]",120,3,Return from COBYLA because the objective function has been evaluated MAXFUN times.,3.329167357694073,1.5729888954802085,1.5729888954802085,0.0005028094008096,0.0005028094008096,1.0,263.6169351317115,1.9073486328125e-06,1.9073486328125e-06,1.0,0.0002986779436469,2.6785788834095,0.3626172160729766,129.7422083215788,129.7422083215788,130.81728979293257,207.609375,SUCCESS,,False,False,False,g-e0c69f84d376b633,D1,1103,5.719569917615643,2.4209733065213843,0.0,1.5729888954802085,270.55409002259466,572.6167855233805,270.5540900225958,1.7561784622138643,3,global_fixed,172.0,744.1696091189781,4.32656749487778,penalty_contract_v2_scale_controlled,1.0000000000000038,optimized_seed
pilot-run-c39fb26c3a1e61c40107,task-v2-420d9636beee,g-e0c69f84d376b633,v2-S5-b001-g-e0c69f84d376b633,S5,D1,2207,Penalty-X,3,11,19,19,1,414.0,12,1,0.0833333333333333,524288,1,1.9073486328125e-06,1,11.0,172.0,172.0,COBYLA,120,"[4.119365739193051, 4.0465795222369225, 3.073929981122659, 0.28561357469155796, 1.0467419303334264, 1.2456798648809793]","[5.175400095290817, 4.793968340961035, 3.2308505377697907, 0.8012864652039587, 0.14955539870779366, 1.8327964727040633]",120,3,Return from COBYLA because the objective function has been evaluated MAXFUN times.,2.178501252310111,1.41318814452266,1.41318814452266,0.0002244189548216,0.0002244189548216,1.0,117.66016498553286,1.9073486328125e-06,1.9073486328125e-06,1.0,0.0002986779436469,2.6785788834095,0.3626172160729766,129.7873567873612,129.7873567873612,130.87079048715532,207.609375,SUCCESS,,False,False,False,g-e0c69f84d376b633,D1,2207,5.719569917615643,2.0706294530286184,0.0,1.41318814452266,243.0683608579004,374.7022153973391,243.06836085789752,0.7653131077874509,3,global_fixed,172.0,744.1696091189781,4.32656749487778,penalty_contract_v2_scale_controlled,0.9999999999999988,optimized_seed
pilot-run-a5b218b966398f0fb0d5,task-v2-420d9636beee,g-e0c69f84d376b633,v2-S5-b001-g-e0c69f84d376b633,S5,D1,3301,Penalty-X,3,11,19,19,1,414.0,12,1,0.0833333333333333,524288,1,1.9073486328125e-06,1,11.0,172.0,172.0,COBYLA,120,"[2.8746040698350956, 3.2295534178963874, 2.6762166453631315, 0.4324890662459698, 2.8286472419409745, 2.8565676468058108]","[3.271037938406311, 4.20923392411483, 2.726775927832762, 0.7904375432707296, 2.982655587223876, 2.223674120868393]",120,3,Return from COBYLA because the objective function has been evaluated MAXFUN times.,2.258465824866307,1.5317005181327583,1.5317005181327583,0.0004468920777324,0.0004468920777324,1.0,234.30015365019145,1.9073486328125e-06,1.9073486328125e-06,1.0,0.0002986779436469,2.6785788834095,0.3626172160729766,129.7828813958913,129.7828813958913,130.82897794432938,207.609375,SUCCESS,,False,False,False,g-e0c69f84d376b633,D1,3301,5.719569917615643,2.369772573400242,0.0,1.5317005181327583,263.452489118836,388.4561218770048,263.4524891188344,0.7267653067335487,3,global_fixed,172.0,744.1696091189781,4.32656749487778,penalty_contract_v2_scale_controlled,0.999999999999998,optimized_seed
pilot-run-271aae7ab58251c11695,task-v2-e449b07a1126,g-e0c69f84d376b633,v2-S5-b001-g-e0c69f84d376b633,S5,D2,0,Uniform,0,11,19,19,1,508.0,12,2,0.1666666666666666,524288,2,3.814697265625e-06,1,11.0,172.0,172.0,analytic,0,,,0,0,analytic uniform baseline,,,,3.814697265625e-06,1.9073486328125e-06,0.5,1.0,3.814697265625e-06,1.9073486328125e-06,1.0,0.0002986779436469,2.6785777704790235,0.0,0.0,0.0,0.0,168.38671875,SUCCESS,,False,False,False,g-e0c69f84d376b633,D2,0,5.418539921951662,0.0,0.0,,,,,,0,global_fixed,172.0,,,penalty_contract_v2_scale_controlled,,analytic_uniform
pilot-run-0f50c4945f680432de74,task-v2-e449b07a1126,g-e0c69f84d376b633,v2-S5-b001-g-e0c69f84d376b633,S5,D2,1103,Penalty-X,1,11,19,19,1,508.0,12,2,0.1666666666666666,524288,2,3.814697265625e-06,1,11.0,172.0,172.0,COBYLA,120,"[1.4361119332668082, 2.3383068291715148]","[7.41850897696843, 2.339000122816722]",120,3,Return from COBYLA because the objective function has been evaluated MAXFUN times.,2.633488597459684,1.7950322307986863,1.7950322307986863,0.0017668110101457,0.001079767119175,0.6111390029689637,463.1589054436562,3.814697265625e-06,1.9073486328125e-06,1.0,0.0002986779436469,2.6785777704790235,0.3143341420218348,42.90140073746443,42.90140073746443,43.26527899503708,210.0,SUCCESS,,False,False,False,g-e0c69f84d376b633,D2,1103,5.418539921951662,2.665730018917152,0.0,1.7950322307986863,308.74554369737405,452.9600387630656,308.74554369737405,0.8384563666609974,3,global_fixed,172.0,739.4884682754432,4.299351559740949,penalty_contract_v2_scale_controlled,1.0000000000000024,optimized_seed
pilot-run-a16e81e0493f9ad5b7aa,task-v2-e449b07a1126,g-e0c69f84d376b633,v2-S5-b001-g-e0c69f84d376b633,S5,D2,2207,Penalty-X,1,11,19,19,1,508.0,12,2,0.1666666666666666,524288,2,3.814697265625e-06,1,11.0,172.0,172.0,COBYLA,120,"[4.119365739193051, 2.0232897611184613]","[7.561140970367493, 2.3336941853881434]",120,3,Return from COBYLA because the objective function has been evaluated MAXFUN times.,2.4306953087349914,1.783474800528429,1.783474800528429,0.0016833135543193,0.0010312265449337,0.6126170268679916,441.2705483834994,3.814697265625e-06,1.9073486328125e-06,1.0,0.0002986779436469,2.6785777704790235,0.3143341420218348,42.31327230390161,42.31327230390161,42.68015163484961,210.0,SUCCESS,,False,False,False,g-e0c69f84d376b633,D2,2207,5.418539921951662,2.644704942399918,0.0,1.783474800528429,306.7576656908912,418.0795931024185,306.7576656908898,0.6472205082065623,3,global_fixed,172.0,739.4884682754432,4.299351559740949,penalty_contract_v2_scale_controlled,0.9999999999999988,optimized_seed
pilot-run-f0ee9e7cfb0effbaebf6,task-v2-e449b07a1126,g-e0c69f84d376b633,v2-S5-b001-g-e0c69f84d376b633,S5,D2,3301,Penalty-X,1,11,19,19,1,508.0,12,2,0.1666666666666666,524288,2,3.814697265625e-06,1,11.0,172.0,172.0,COBYLA,120,"[2.8746040698350956, 1.6147767089481937]","[7.983822993828664, 2.349123477869716]",120,3,Return from COBYLA because the objective function has been evaluated MAXFUN times.,2.825475412699962,1.7546292933745844,1.7546292933745844,0.0019330727241277,0.0011705667584987,0.6055471912092052,506.7434161937574,3.814697265625e-06,1.9073486328125e-06,1.0,0.0002986779436469,2.6785777704790235,0.3143341420218348,41.32541425712407,41.32541425712407,41.66302651353181,210.0,SUCCESS,,False,False,False,g-e0c69f84d376b633,D2,3301,5.418539921951662,2.704788114880003,0.0,1.7546292933745844,301.7962384604282,485.9817709843935,301.7962384604285,1.0708461193253778,3,global_fixed,172.0,739.4884682754432,4.299351559740949,penalty_contract_v2_scale_controlled,0.999999999999999,optimized_seed
pilot-run-d2288f8657e9e9ceb49a,task-v2-e449b07a1126,g-e0c69f84d376b633,v2-S5-b001-g-e0c69f84d376b633,S5,D2,1103,Penalty-X,2,11,19,19,1,508.0,12,2,0.1666666666666666,524288,2,3.814697265625e-06,1,11.0,172.0,172.0,COBYLA,120,"[1.4361119332668082, 4.6766136583430296, 1.8287983773432719, 0.554097077555417]","[4.690231578889802, 4.3110646063551235, 0.5706562313838119, -1.1416019197896545]",120,3,Return from COBYLA because the objective function has been evaluated MAXFUN times.,3.3338887185939656,1.5647111707147203,1.5647111707147203,0.0015425371695886,0.0009785908186547,0.6344033958778066,404.3668637846382,3.814697265625e-06,1.9073486328125e-06,1.0,0.0002986779436469,2.6785777704790235,0.3143341420218348,81.26086568180472,81.26086568180472,81.93774118833244,210.0,SUCCESS,,False,False,False,g-e0c69f84d376b633,D2,1103,5.418539921951662,2.606775559715444,0.0,1.5647111707147203,269.1303213629306,573.428859598162,269.1303213629319,1.769177547879245,3,global_fixed,172.0,739.4884682754432,4.299351559740949,penalty_contract_v2_scale_controlled,1.0000000000000004,optimized_seed
pilot-run-d5ac5947893521769fec,task-v2-e449b07a1126,g-e0c69f84d376b633,v2-S5-b001-g-e0c69f84d376b633,S5,D2,2207,Penalty-X,2,11,19,19,1,508.0,12,2,0.1666666666666666,524288,2,3.814697265625e-06,1,11.0,172.0,172.0,COBYLA,120,"[4.119365739193051, 4.0465795222369225, 1.5369649905613294, 0.28561357469155796]","[5.288233206159967, 4.011541237048803, 2.977292453010212, -0.6446038881925995]",120,3,Return from COBYLA because the objective function has been evaluated MAXFUN times.,2.9960110105247475,1.732716071401865,1.732716071401865,0.0025727970993679,0.0015509166748923,0.6028134419435149,674.4433228167211,3.814697265625e-06,1.9073486328125e-06,1.0,0.0002986779436469,2.6785777704790235,0.3143341420218348,80.8407685123384,80.8407685123384,81.52228606771678,210.0,SUCCESS,,False,False,False,g-e0c69f84d376b633,D2,2207,5.418539921951662,2.8289454593864725,0.0,1.732716071401865,298.02716428112086,515.3138938102566,298.0271642811208,1.2632949391228825,3,global_fixed,172.0,739.4884682754432,4.299351559740949,penalty_contract_v2_scale_controlled,0.9999999999999992,optimized_seed
pilot-run-6e72715482dea619be73,task-v2-e449b07a1126,g-e0c69f84d376b633,v2-S5-b001-g-e0c69f84d376b633,S5,D2,3301,Penalty-X,2,11,19,19,1,508.0,12,2,0.1666666666666666,524288,2,3.814697265625e-06,1,11.0,172.0,172.0,COBYLA,120,"[2.8746040698350956, 3.2295534178963874, 1.3381083226815658, 0.4324890662459698]","[5.446338094186081, 3.1887061554063987, 3.6553261453233645, -1.1594341404395945]",120,3,Return from COBYLA because the objective function has been evaluated MAXFUN times.,3.2100953328057225,1.6394869840368211,1.6394869840368211,0.0019337433956376,0.0011868966326138,0.6137818674863492,506.9192287060477,3.814697265625e-06,1.9073486328125e-06,1.0,0.0002986779436469,2.6785777704790235,0.3143341420218348,81.40767932124436,81.40767932124436,82.08754227031022,210.0,SUCCESS,,False,False,False,g-e0c69f84d376b633,D2,3301,5.418539921951662,2.7049387654047847,0.0,1.6394869840368211,281.99176125433394,552.1363972425843,281.99176125433326,1.570608348768901,3,global_fixed,172.0,739.4884682754432,4.299351559740949,penalty_contract_v2_scale_controlled,1.0000000000000016,optimized_seed
pilot-run-c7c9e09b4488f9f97812,task-v2-e449b07a1126,g-e0c69f84d376b633,v2-S5-b001-g-e0c69f84d376b633,S5,D2,1103,Penalty-X,3,11,19,19,1,508.0,12,2,0.1666666666666666,524288,2,3.814697265625e-06,1,11.0,172.0,172.0,COBYLA,120,"[1.4361119332668082, 4.6766136583430296, 3.6575967546865438, 0.554097077555417, 2.658092015317178, 1.6434959053105886]","[2.6206774592406954, 4.210817013040071, 4.012414554552383, 0.8958994203989236, 2.831197089874998, 2.3814050832858213]",120,3,Return from COBYLA because the objective function has been evaluated MAXFUN times.,3.309861016899005,1.4933201008390191,1.4933201008390191,0.0008463859709642,0.0005900447303227,0.697134345989329,221.87500397245333,3.814697265625e-06,1.9073486328125e-06,1.0,0.0002986779436469,2.6785777704790235,0.3143341420218348,121.14762440510094,121.14762440510094,122.15345470327884,210.0,SUCCESS,,False,False,False,g-e0c69f84d376b633,D2,1103,5.418539921951662,2.346108378174784,0.0,1.4933201008390191,256.8510573443109,569.2960949066289,256.8510573443113,1.8165409160599864,3,global_fixed,172.0,739.4884682754432,4.299351559740949,penalty_contract_v2_scale_controlled,0.999999999999999,optimized_seed
pilot-run-ad207e551da79842c3a1,task-v2-e449b07a1126,g-e0c69f84d376b633,v2-S5-b001-g-e0c69f84d376b633,S5,D2,2207,Penalty-X,3,11,19,19,1,508.0,12,2,0.1666666666666666,524288,2,3.814697265625e-06,1,11.0,172.0,172.0,COBYLA,120,"[4.119365739193051, 4.0465795222369225, 3.073929981122659, 0.28561357469155796, 1.0467419303334264, 1.2456798648809793]","[4.536353562327877, 4.690357224736759, 3.065102884698786, 0.7778658592315986, 0.18987401392429298, 1.8420818283912646]",120,3,Return from COBYLA because the objective function has been evaluated MAXFUN times.,2.148204700441039,1.3601823746106014,1.3601823746106014,0.0003071851690178,0.0002486431299872,0.8094242660939645,80.52674894701889,3.814697265625e-06,1.9073486328125e-06,1.0,0.0002986779436469,2.6785777704790235,0.3143341420218348,81.25607780646533,81.25607780646533,81.8958071321249,210.0,SUCCESS,,False,False,False,g-e0c69f84d376b633,D2,2207,5.418539921951662,1.905940165963521,0.0,1.3601823746106014,233.951368433023,369.49120847585874,233.95136843302345,0.7880223258304377,3,global_fixed,172.0,739.4884682754432,4.299351559740949,penalty_contract_v2_scale_controlled,0.9999999999999964,optimized_seed
pilot-run-25e12795598bfd12db71,task-v2-e449b07a1126,g-e0c69f84d376b633,v2-S5-b001-g-e0c69f84d376b633,S5,D2,3301,Penalty-X,3,11,19,19,1,508.0,12,2,0.1666666666666666,524288,2,3.814697265625e-06,1,11.0,172.0,172.0,COBYLA,120,"[2.8746040698350956, 3.2295534178963874, 2.6762166453631315, 0.4324890662459698, 2.8286472419409745, 2.8565676468058108]","[3.1957563663416253, 4.064879951909272, 2.6238833380737034, 0.7582239620761081, 3.0225767078708663, 2.190458994168165]",120,3,Return from COBYLA because the objective function has been evaluated MAXFUN times.,2.23462200551726,1.4668953041696384,1.4668953041696384,0.0006978247879466,0.0004864335438037,0.6970711734604692,182.9305812114756,3.814697265625e-06,1.9073486328125e-06,1.0,0.0002986779436469,2.6785777704790235,0.3143341420218348,75.86237898748368,75.86237898748368,76.48233079444617,210.0,SUCCESS,,False,False,False,g-e0c69f84d376b633,D2,3301,5.418539921951662,2.2622863142308884,0.0,1.4668953041696384,252.30599231717807,384.3549849489687,252.3059923171778,0.7677267013476214,3,global_fixed,172.0,739.4884682754432,4.299351559740949,penalty_contract_v2_scale_controlled,0.999999999999996,optimized_seed
pilot-run-6351e467ebade0c157b2,task-v2-6e79cb6720c5,g-e0c69f84d376b633,v2-S5-b001-g-e0c69f84d376b633,S5,D3,0,Uniform,0,11,19,19,1,592.0,12,3,0.25,524288,3,5.7220458984375e-06,1,11.0,172.0,172.0,analytic,0,,,0,0,analytic uniform baseline,,,,5.7220458984375e-06,1.9073486328125e-06,0.3333333333333333,1.0,5.7220458984375e-06,1.9073486328125e-06,1.0,0.0002986779436469,2.678577519953251,0.0,0.0,0.0,0.0,168.38671875,SUCCESS,,False,False,False,g-e0c69f84d376b633,D3,0,5.24244866289598,0.0,0.0,,,,,,0,global_fixed,172.0,,,penalty_contract_v2_scale_controlled,,analytic_uniform
pilot-run-a14d23b1fb4bb1f33aeb,task-v2-6e79cb6720c5,g-e0c69f84d376b633,v2-S5-b001-g-e0c69f84d376b633,S5,D3,1103,Penalty-X,1,11,19,19,1,592.0,12,3,0.25,524288,3,5.7220458984375e-06,1,11.0,172.0,172.0,COBYLA,120,"[1.4361119332668082, 2.3383068291715148]","[8.136329518390738, 2.3709676415734418]",120,3,Return from COBYLA because the objective function has been evaluated MAXFUN times.,2.625392281077501,1.7021848621045714,1.7021848621045714,0.0035427139142125,0.001394083127327,0.3935071137791516,619.1341308848888,5.7220458984375e-06,1.9073486328125e-06,1.0,0.0002986779436469,2.678577519953251,0.2830513762310147,43.841123594902456,43.841123594902456,44.191153419204056,205.23046875,SUCCESS,,False,False,False,g-e0c69f84d376b633,D3,1103,5.24244866289598,2.7917847459389167,0.0,1.7021848621045714,292.77579628198646,451.5674723453303,292.7757962819863,0.92320741897293,3,global_fixed,172.0,735.3678925832343,4.27539472432113,penalty_contract_v2_scale_controlled,0.9999999999999996,optimized_seed
pilot-run-66f3294656305f793b15,task-v2-6e79cb6720c5,g-e0c69f84d376b633,v2-S5-b001-g-e0c69f84d376b633,S5,D3,2207,Penalty-X,1,11,19,19,1,592.0,12,3,0.25,524288,3,5.7220458984375e-06,1,11.0,172.0,172.0,COBYLA,120,"[4.119365739193051, 2.0232897611184613]","[7.540792041751839, 2.364957874027694]",120,3,Return from COBYLA because the objective function has been evaluated MAXFUN times.,2.414559150568668,1.7397327838392789,1.7397327838392789,0.0032303403693794,0.0013119549763017,0.4061352137186009,564.5428971937303,5.7220458984375e-06,1.9073486328125e-06,1.0,0.0002986779436469,2.678577519953251,0.2830513762310147,42.47755787614733,42.47755787614733,42.83867447823286,205.23046875,SUCCESS,,False,False,False,g-e0c69f84d376b633,D3,2207,5.24244866289598,2.75169694769004,0.0,1.7397327838392789,299.2340388203552,415.30417389781087,299.234038820356,0.674826366729389,3,global_fixed,172.0,735.3678925832343,4.27539472432113,penalty_contract_v2_scale_controlled,0.9999999999999992,optimized_seed
pilot-run-0a2c0f6ee5930dfba804,task-v2-6e79cb6720c5,g-e0c69f84d376b633,v2-S5-b001-g-e0c69f84d376b633,S5,D3,3301,Penalty-X,1,11,19,19,1,592.0,12,3,0.25,524288,3,5.7220458984375e-06,1,11.0,172.0,172.0,COBYLA,120,"[2.8746040698350956, 1.6147767089481937]","[7.576566987655997, 2.3509622001728276]",120,3,Return from COBYLA because the objective function has been evaluated MAXFUN times.,2.81508020880141,1.736193133130426,1.736193133130426,0.0029012633887149,0.0011803032662247,0.4068238929342864,507.0325265141928,5.7220458984375e-06,1.9073486328125e-06,1.0,0.0002986779436469,2.678577519953251,0.2830513762310147,43.29329161439091,43.29329161439091,43.64716873597354,205.23046875,SUCCESS,,False,False,False,g-e0c69f84d376b633,D3,3301,5.24244866289598,2.705035820541463,0.0,1.736193133130426,298.62521889843345,484.1937959138425,298.6252188984333,1.078887075670984,3,global_fixed,172.0,735.3678925832343,4.27539472432113,penalty_contract_v2_scale_controlled,1.000000000000001,optimized_seed
pilot-run-4ba34727eb664ca8a479,task-v2-6e79cb6720c5,g-e0c69f84d376b633,v2-S5-b001-g-e0c69f84d376b633,S5,D3,1103,Penalty-X,2,11,19,19,1,592.0,12,3,0.25,524288,3,5.7220458984375e-06,1,11.0,172.0,172.0,COBYLA,120,"[1.4361119332668082, 4.6766136583430296, 1.8287983773432719, 0.554097077555417]","[4.041301902757362, 3.790747055344355, 0.45082919067880844, -1.0641471062209131]",120,3,Return from COBYLA because the objective function has been evaluated MAXFUN times.,3.312383679959348,1.6231563047088224,1.6231563047088224,0.0023166171378229,0.0010357467817765,0.4470945003669802,404.858188651645,5.7220458984375e-06,1.9073486328125e-06,1.0,0.0002986779436469,2.678577519953251,0.2830513762310147,84.63440299872309,84.63440299872309,85.34282222017646,205.23046875,SUCCESS,,False,False,False,g-e0c69f84d376b633,D3,1103,5.24244866289598,2.6073029277304114,0.0,1.6231563047088224,279.1828844099173,569.7299929530078,279.18288440991745,1.6892273752505251,3,global_fixed,172.0,735.3678925832343,4.27539472432113,penalty_contract_v2_scale_controlled,1.000000000000001,optimized_seed
pilot-run-f98002349c7cabd1d371,task-v2-6e79cb6720c5,g-e0c69f84d376b633,v2-S5-b001-g-e0c69f84d376b633,S5,D3,2207,Penalty-X,2,11,19,19,1,592.0,12,3,0.25,524288,3,5.7220458984375e-06,1,11.0,172.0,172.0,COBYLA,120,"[4.119365739193051, 4.0465795222369225, 1.5369649905613294, 0.28561357469155796]","[5.244550684509011, 4.05109256276494, 3.0023703267231894, -0.6555387766306715]",120,3,Return from COBYLA because the objective function has been evaluated MAXFUN times.,2.9821954243371103,1.691179998887825,1.691179998887825,0.0043495568421924,0.0016447727487882,0.3781472017639338,760.1401525597922,5.7220458984375e-06,1.9073486328125e-06,1.0,0.0002986779436469,2.678577519953251,0.2830513762310147,85.38207695819438,85.38207695819438,86.08203635457903,205.23046875,SUCCESS,,False,False,False,g-e0c69f84d376b633,D3,2207,5.24244866289598,2.8808936736909327,0.0,1.691179998887825,290.88295980870583,512.9376129859829,290.88295980870595,1.291015425449285,3,global_fixed,172.0,735.3678925832343,4.27539472432113,penalty_contract_v2_scale_controlled,1.000000000000001,optimized_seed
pilot-run-8403eb634fd25be5c5b7,task-v2-6e79cb6720c5,g-e0c69f84d376b633,v2-S5-b001-g-e0c69f84d376b633,S5,D3,3301,Penalty-X,2,11,19,19,1,592.0,12,3,0.25,524288,3,5.7220458984375e-06,1,11.0,172.0,172.0,COBYLA,120,"[2.8746040698350956, 3.2295534178963874, 1.3381083226815658, 0.4324890662459698]","[4.851866199560048, 3.4288866659457335, 3.589289051834762, -1.1049385472890896]",120,3,Return from COBYLA because the objective function has been evaluated MAXFUN times.,3.192499076806774,1.6020673986687362,1.6020673986687362,0.0023315984168096,0.0010160432393623,0.4357711139436384,407.47635691743,5.7220458984375e-06,1.9073486328125e-06,1.0,0.0002986779436469,2.678577519953251,0.2830513762310147,85.93272520415485,85.93272520415485,86.64068930689245,205.23046875,SUCCESS,,False,False,False,g-e0c69f84d376b633,D3,3301,5.24244866289598,2.610102414651008,0.0,1.6020673986687362,275.55559257102163,549.1098412107651,275.5555925710226,1.590431678138038,3,global_fixed,172.0,735.3678925832343,4.27539472432113,penalty_contract_v2_scale_controlled,0.9999999999999982,optimized_seed
pilot-run-255734c8ba675b630e47,task-v2-6e79cb6720c5,g-e0c69f84d376b633,v2-S5-b001-g-e0c69f84d376b633,S5,D3,1103,Penalty-X,3,11,19,19,1,592.0,12,3,0.25,524288,3,5.7220458984375e-06,1,11.0,172.0,172.0,COBYLA,120,"[1.4361119332668082, 4.6766136583430296, 3.6575967546865438, 0.554097077555417, 2.658092015317178, 1.6434959053105886]","[2.6241628491273734, 4.336909876664884, 4.163271272414536, 0.9458789518269702, 2.8069376528338346, 2.3986767225682795]",120,3,Return from COBYLA because the objective function has been evaluated MAXFUN times.,3.292832688051233,1.454780776859595,1.454780776859595,0.0011355330855833,0.0005586289483169,0.4919530354590913,198.4487901247783,5.7220458984375e-06,1.9073486328125e-06,1.0,0.0002986779436469,2.678577519953251,0.2830513762310147,127.14181599672884,127.14181599672884,128.169710800983,205.23046875,SUCCESS,,False,False,False,g-e0c69f84d376b633,D3,1103,5.24244866289598,2.297648455504536,0.0,1.454780776859595,250.22229361985097,566.3672223448121,250.22229361985035,1.8380519111916385,3,global_fixed,172.0,735.3678925832343,4.27539472432113,penalty_contract_v2_scale_controlled,0.9999999999999992,optimized_seed
pilot-run-3c031536ec08e91f3c40,task-v2-6e79cb6720c5,g-e0c69f84d376b633,v2-S5-b001-g-e0c69f84d376b633,S5,D3,2207,Penalty-X,3,11,19,19,1,592.0,12,3,0.25,524288,3,5.7220458984375e-06,1,11.0,172.0,172.0,COBYLA,120,"[4.119365739193051, 4.0465795222369225, 3.073929981122659, 0.28561357469155796, 1.0467419303334264, 1.2456798648809793]","[4.727200466156502, 4.535727460626087, 2.82539923434282, 0.7858254422521924, 0.13217318325016686, 1.869424193531926]",120,3,Return from COBYLA because the objective function has been evaluated MAXFUN times.,2.1203027221664685,1.33194909175055,1.33194909175055,0.0004097861744599,0.000316308261068,0.7718861220366593,71.6153246117449,5.7220458984375e-06,1.9073486328125e-06,1.0,0.0002986779436469,2.678577519953251,0.2830513762310147,84.10793406609446,84.10793406609446,84.73755502421409,205.23046875,SUCCESS,,False,False,False,g-e0c69f84d376b633,D3,2207,5.24244866289598,1.8550059647965391,0.0,1.33194909175055,229.09524378109447,364.6920682126326,229.09524378109447,0.7883536304159187,3,global_fixed,172.0,735.3678925832343,4.27539472432113,penalty_contract_v2_scale_controlled,1.0000000000000024,optimized_seed
pilot-run-e932f4bfab6abd5aea1b,task-v2-6e79cb6720c5,g-e0c69f84d376b633,v2-S5-b001-g-e0c69f84d376b633,S5,D3,3301,Penalty-X,3,11,19,19,1,592.0,12,3,0.25,524288,3,5.7220458984375e-06,1,11.0,172.0,172.0,COBYLA,120,"[2.8746040698350956, 3.2295534178963874, 2.6762166453631315, 0.4324890662459698, 2.8286472419409745, 2.8565676468058108]","[3.2528627491809443, 4.011586010427436, 2.4601596385288476, 0.7308974190782741, 3.1184821609744247, 2.1167178727363454]",120,3,Return from COBYLA because the objective function has been evaluated MAXFUN times.,2.212629322205495,1.426386895866003,1.426386895866003,0.000919210442974,0.0005051907909514,0.5495920926626502,160.6436682419875,5.7220458984375e-06,1.9073486328125e-06,1.0,0.0002986779436469,2.678577519953251,0.2830513762310147,73.62503734976053,73.62503734976053,74.19579457491636,205.23046875,SUCCESS,,False,False,False,g-e0c69f84d376b633,D3,3301,5.24244866289598,2.2058636125407745,0.0,1.426386895866003,245.338546088952,380.5722434193451,245.3385460889525,0.7862424263394918,3,global_fixed,172.0,735.3678925832343,4.27539472432113,penalty_contract_v2_scale_controlled,1.0000000000000009,optimized_seed
pilot-run-15742e647ca77323d3a4,task-v2-526a936f38d9,g-e0c69f84d376b633,v2-S5-b001-g-e0c69f84d376b633,S5,D4,0,Uniform,0,11,19,19,1,617.0,12,4,0.3333333333333333,524288,4,7.62939453125e-06,1,9.0,172.0,172.0,analytic,0,,,0,0,analytic uniform baseline,,,,7.62939453125e-06,1.9073486328125e-06,0.25,1.0,7.62939453125e-06,1.9073486328125e-06,1.0,0.0002986779436469,2.6785772955045104,0.0,0.0,0.0,0.0,168.38671875,SUCCESS,,False,False,False,g-e0c69f84d376b633,D4,0,5.11750992628768,0.0,0.0,,,,,,0,global_fixed,172.0,,,penalty_contract_v2_scale_controlled,,analytic_uniform
pilot-run-1a381432a30090716871,task-v2-526a936f38d9,g-e0c69f84d376b633,v2-S5-b001-g-e0c69f84d376b633,S5,D4,1103,Penalty-X,1,11,19,19,1,617.0,12,4,0.3333333333333333,524288,4,7.62939453125e-06,1,9.0,172.0,172.0,COBYLA,120,"[1.4361119332668082, 2.3383068291715148]","[8.086238092338323, 2.365824388378908]",120,3,Return from COBYLA because the objective function has been evaluated MAXFUN times.,2.6228921384523325,1.683699215505429,1.683699215505429,0.004558879602862,0.0011769546041987,0.2581675119167186,597.541467306341,7.62939453125e-06,1.9073486328125e-06,1.0,0.0002986779436469,2.6785772955045104,0.2858805768191814,44.07688362710178,44.07688362710178,44.43172797001898,204.78125,SUCCESS,,False,False,False,g-e0c69f84d376b633,D4,1103,5.11750992628768,2.776368049197459,0.0,1.683699215505429,289.59626506693263,451.1374478138012,289.59626506693377,0.9391929229469036,3,global_fixed,172.0,736.1529344074795,4.279958920973718,penalty_contract_v2_scale_controlled,0.999999999999998,optimized_seed
pilot-run-76f078ea012032fe627c,task-v2-526a936f38d9,g-e0c69f84d376b633,v2-S5-b001-g-e0c69f84d376b633,S5,D4,2207,Penalty-X,1,11,19,19,1,617.0,12,4,0.3333333333333333,524288,4,7.62939453125e-06,1,9.0,172.0,172.0,COBYLA,120,"[4.119365739193051, 2.0232897611184613]","[7.576731153010971, 2.359460478136102]",120,3,Return from COBYLA because the objective function has been evaluated MAXFUN times.,2.408681857563696,1.7159074048808316,1.7159074048808316,0.0041841896386673,0.0010892937034515,0.2603356438209908,548.4301043194072,7.62939453125e-06,1.9073486328125e-06,1.0,0.0002986779436469,2.6785772955045104,0.2858805768191814,29.50230319425464,29.50230319425464,29.7565853567794,204.78125,SUCCESS,,False,False,False,g-e0c69f84d376b633,D4,2207,5.11750992628768,2.739121285980644,0.0,1.7159074048808316,295.1360736395031,414.29327950095575,295.136073639503,0.6927744526828645,3,global_fixed,172.0,736.1529344074795,4.279958920973718,penalty_contract_v2_scale_controlled,1.0000000000000009,optimized_seed
pilot-run-1b69f416c5671da1ce71,task-v2-526a936f38d9,g-e0c69f84d376b633,v2-S5-b001-g-e0c69f84d376b633,S5,D4,3301,Penalty-X,1,11,19,19,1,617.0,12,4,0.3333333333333333,524288,4,7.62939453125e-06,1,9.0,172.0,172.0,COBYLA,120,"[2.8746040698350956, 1.6147767089481937]","[7.13402538505723, 2.359155141865573]",120,3,Return from COBYLA because the objective function has been evaluated MAXFUN times.,2.812017935375861,1.759215176443333,1.759215176443333,0.0039478757856213,0.0010359064114419,0.2623958978686383,517.4559749729643,7.62939453125e-06,1.9073486328125e-06,1.0,0.0002986779436469,2.6785772955045104,0.2858805768191814,26.870550248771902,26.870550248771902,27.09378196299076,204.78125,SUCCESS,,False,False,False,g-e0c69f84d376b633,D4,3301,5.11750992628768,2.7138734060330343,0.0,1.759215176443333,302.58501034825247,483.66708488464815,302.58501034825326,1.0528027589325282,3,global_fixed,172.0,736.1529344074795,4.279958920973718,penalty_contract_v2_scale_controlled,1.0000000000000018,optimized_seed
pilot-run-55697e28662e5df7be24,task-v2-526a936f38d9,g-e0c69f84d376b633,v2-S5-b001-g-e0c69f84d376b633,S5,D4,1103,Penalty-X,2,11,19,19,1,617.0,12,4,0.3333333333333333,524288,4,7.62939453125e-06,1,9.0,172.0,172.0,COBYLA,120,"[1.4361119332668082, 4.6766136583430296, 1.8287983773432719, 0.554097077555417]","[4.546961637857658, 3.7207730821589418, 0.4932665102013446, -1.1240530393861021]",120,3,Return from COBYLA because the objective function has been evaluated MAXFUN times.,3.305902597801478,1.5713309703445288,1.5713309703445288,0.0028269043281469,0.0006836105127935,0.2418230097095916,370.5280040988808,7.62939453125e-06,1.9073486328125e-06,1.0,0.0002986779436469,2.6785772955045104,0.2858805768191814,52.957446538843215,52.957446538843215,53.39545872155577,204.78125,SUCCESS,,False,False,False,g-e0c69f84d376b633,D4,1103,5.11750992628768,2.5688210370549065,0.0,1.5713309703445288,270.268926899259,568.6152468218543,270.268926899259,1.7345716274569494,3,global_fixed,172.0,736.1529344074795,4.279958920973718,penalty_contract_v2_scale_controlled,0.9999999999999978,optimized_seed
pilot-run-b61afcec93f914168f2c,task-v2-526a936f38d9,g-e0c69f84d376b633,v2-S5-b001-g-e0c69f84d376b633,S5,D4,2207,Penalty-X,2,11,19,19,1,617.0,12,4,0.3333333333333333,524288,4,7.62939453125e-06,1,9.0,172.0,172.0,COBYLA,120,"[4.119365739193051, 4.0465795222369225, 1.5369649905613294, 0.28561357469155796]","[5.366710245058421, 4.065930261554098, 2.9894826686925104, -0.6403164127774875]",120,3,Return from COBYLA because the objective function has been evaluated MAXFUN times.,2.978063766019303,1.6719383963790266,1.6719383963790266,0.0061762824514543,0.0016212749432969,0.2625001294937913,809.5376934770212,7.62939453125e-06,1.9073486328125e-06,1.0,0.0002986779436469,2.6785772955045104,0.2858805768191814,52.71197658684105,52.71197658684105,53.15111613366753,204.78125,SUCCESS,,False,False,False,g-e0c69f84d376b633,D4,2207,5.11750992628768,2.9082370750634,0.0,1.6719383963790266,287.5734041771915,512.2269677553201,287.5734041771926,1.306125369640276,3,global_fixed,172.0,736.1529344074795,4.279958920973718,penalty_contract_v2_scale_controlled,1.0000000000000009,optimized_seed
pilot-run-04eb932d1ed9d7a3d2ff,task-v2-526a936f38d9,g-e0c69f84d376b633,v2-S5-b001-g-e0c69f84d376b633,S5,D4,3301,Penalty-X,2,11,19,19,1,617.0,12,4,0.3333333333333333,524288,4,7.62939453125e-06,1,9.0,172.0,172.0,COBYLA,120,"[2.8746040698350956, 3.2295534178963874, 1.3381083226815658, 0.4324890662459698]","[4.472775870021817, 3.6533088265524114, 3.561377339268325, -1.0801913238593404]",120,3,Return from COBYLA because the objective function has been evaluated MAXFUN times.,3.1872828260190587,1.5888321573676103,1.5888321573676103,0.0027866696039408,0.0006762318329877,0.2426666699315512,365.254358327729,7.62939453125e-06,1.9073486328125e-06,1.0,0.0002986779436469,2.6785772955045104,0.2858805768191814,52.4845471419394,52.4845471419394,52.91499104630202,204.78125,SUCCESS,,False,False,False,g-e0c69f84d376b633,D4,3301,5.11750992628768,2.5625954067730428,0.0,1.5888321573676103,273.2791310672291,548.2126460752781,273.279131067229,1.598450668651448,3,global_fixed,172.0,736.1529344074795,4.279958920973718,penalty_contract_v2_scale_controlled,0.9999999999999966,optimized_seed
pilot-run-d954a26132d5c822b59c,task-v2-526a936f38d9,g-e0c69f84d376b633,v2-S5-b001-g-e0c69f84d376b633,S5,D4,1103,Penalty-X,3,11,19,19,1,617.0,12,4,0.3333333333333333,524288,4,7.62939453125e-06,1,9.0,172.0,172.0,COBYLA,120,"[1.4361119332668082, 4.6766136583430296, 3.6575967546865438, 0.554097077555417, 2.658092015317178, 1.6434959053105886]","[2.64161338276118, 4.2812838980625365, 4.18931211288063, 0.9218154494755024, 2.791178933704515, 2.408255920758976]",120,3,Return from COBYLA because the objective function has been evaluated MAXFUN times.,3.2878998217662776,1.435300908985479,1.435300908985479,0.0016118171493694,0.0003280199666953,0.2035094159555573,211.2640974021517,7.62939453125e-06,1.9073486328125e-06,1.0,0.0002986779436469,2.6785772955045104,0.2858805768191814,78.49227659869939,78.49227659869939,79.14001890458167,204.78125,SUCCESS,,False,False,False,g-e0c69f84d376b633,D4,1103,5.11750992628768,2.3248256985433304,0.0,1.435300908985479,246.871756345503,565.5187693437997,246.87175634550232,1.852598912780799,3,global_fixed,172.0,736.1529344074795,4.279958920973718,penalty_contract_v2_scale_controlled,1.0000000000000029,optimized_seed
pilot-run-d932c7d560749f7eb406,task-v2-526a936f38d9,g-e0c69f84d376b633,v2-S5-b001-g-e0c69f84d376b633,S5,D4,2207,Penalty-X,3,11,19,19,1,617.0,12,4,0.3333333333333333,524288,4,7.62939453125e-06,1,9.0,172.0,172.0,COBYLA,120,"[4.119365739193051, 4.0465795222369225, 3.073929981122659, 0.28561357469155796, 1.0467419303334264, 1.2456798648809793]","[4.789223875720232, 4.638256814671897, 3.2786422317700117, 0.7886106181361358, 0.18584290226173866, 1.829685022706972]",120,3,Return from COBYLA because the objective function has been evaluated MAXFUN times.,2.108563250954897,1.3084464335994177,1.3084464335994177,0.0004046355947508,5.713643460999544e-05,0.1412046674865047,53.03639667518116,7.62939453125e-06,1.9073486328125e-06,1.0,0.0002986779436469,2.6785772955045104,0.2858805768191814,78.65215137600899,78.65215137600899,79.30668719857931,204.78125,SUCCESS,,False,False,False,g-e0c69f84d376b633,D4,2207,5.11750992628768,1.7245740101696354,0.0,1.3084464335994177,225.05278657910264,362.6728791642423,225.0527865790998,0.8001168173554796,3,global_fixed,172.0,736.1529344074795,4.279958920973718,penalty_contract_v2_scale_controlled,0.9999999999999972,optimized_seed
pilot-run-2f43772992b0967cce02,task-v2-526a936f38d9,g-e0c69f84d376b633,v2-S5-b001-g-e0c69f84d376b633,S5,D4,3301,Penalty-X,3,11,19,19,1,617.0,12,4,0.3333333333333333,524288,4,7.62939453125e-06,1,9.0,172.0,172.0,COBYLA,120,"[2.8746040698350956, 3.2295534178963874, 2.6762166453631315, 0.4324890662459698, 2.8286472419409745, 2.8565676468058108]","[2.8181545202143625, 3.8279027917444735, 2.510079332460909, 0.6884940190361791, 2.9351723194901918, 2.2990489869340025]",120,3,Return from COBYLA because the objective function has been evaluated MAXFUN times.,2.2051718763944543,1.4753860319220853,1.4753860319220853,0.0021934095975304,0.0004974841880222,0.2268086127562817,287.4945827675143,7.62939453125e-06,1.9073486328125e-06,1.0,0.0002986779436469,2.6785772955045104,0.2858805768191814,78.07090491987765,78.07090491987765,78.70344882644713,204.78125,SUCCESS,,False,False,False,g-e0c69f84d376b633,D4,3301,5.11750992628768,2.458629665734028,0.0,1.4753860319220853,253.7663974905982,379.2895627398461,253.76639749059868,0.729785844472369,3,global_fixed,172.0,736.1529344074795,4.279958920973718,penalty_contract_v2_scale_controlled,0.9999999999999996,optimized_seed
pilot-run-5f1773c96240aafaf841,task-v2-89b7591232ff,g-e0c69f84d376b633,v2-S5-b001-g-e0c69f84d376b633,S5,D5,0,Uniform,0,11,19,19,1,711.0,12,6,0.5,524288,6,1.1444091796875e-05,1,8.0,172.0,172.0,analytic,0,,,0,0,analytic uniform baseline,,,,1.1444091796875e-05,1.9073486328125e-06,0.1666666666666666,1.0,1.1444091796875e-05,1.9073486328125e-06,1.0,0.0002986779436469,2.6785773569718003,0.0,0.0,0.0,0.0,168.38671875,SUCCESS,,False,False,False,g-e0c69f84d376b633,D5,0,4.941418667231999,0.0,0.0,,,,,,0,global_fixed,172.0,,,penalty_contract_v2_scale_controlled,,analytic_uniform
pilot-run-7e4e2e8af59abd8736f2,task-v2-89b7591232ff,g-e0c69f84d376b633,v2-S5-b001-g-e0c69f84d376b633,S5,D5,1103,Penalty-X,1,11,19,19,1,711.0,12,6,0.5,524288,6,1.1444091796875e-05,1,8.0,172.0,172.0,COBYLA,120,"[1.4361119332668082, 2.3383068291715148]","[8.020556873459483, 2.3648968761587845]",120,3,Return from COBYLA because the objective function has been evaluated MAXFUN times.,2.6132564901828053,1.6367021534513382,1.6367021534513382,0.0070637567385088,0.0017797309367559,0.2519524670284289,617.2404821532183,1.1444091796875e-05,1.9073486328125e-06,1.0,0.0002986779436469,2.6785773569718003,0.2795307077467441,43.45659504178912,43.45659504178912,43.81648057512939,204.74609375,SUCCESS,,False,False,False,g-e0c69f84d376b633,D5,1103,4.941418667231999,2.790454401835713,0.0,1.6367021534513382,281.5127703936313,449.4801163114425,281.5127703936301,0.9765543367314672,3,global_fixed,172.0,732.631503075077,4.259485482994634,penalty_contract_v2_scale_controlled,0.9999999999999998,optimized_seed
pilot-run-84839a3c1f5f16e517db,task-v2-89b7591232ff,g-e0c69f84d376b633,v2-S5-b001-g-e0c69f84d376b633,S5,D5,2207,Penalty-X,1,11,19,19,1,711.0,12,6,0.5,524288,6,1.1444091796875e-05,1,8.0,172.0,172.0,COBYLA,120,"[4.119365739193051, 2.0232897611184613]","[7.672868323523903, 2.365503252245791]",120,3,Return from COBYLA because the objective function has been evaluated MAXFUN times.,2.388348135149374,1.657901052489309,1.657901052489309,0.0068233304218754,0.0016602606582097,0.24332115778638,596.2317100373716,1.1444091796875e-05,1.9073486328125e-06,1.0,0.0002986779436469,2.6785773569718003,0.2795307077467441,43.25273096375168,43.25273096375168,43.61883459798992,204.74609375,SUCCESS,,False,False,False,g-e0c69f84d376b633,D5,2207,4.941418667231999,2.775415069865067,0.0,1.657901052489309,285.1589810281614,410.79587924569233,285.1589810281611,0.7304470826600651,3,global_fixed,172.0,732.631503075077,4.259485482994634,penalty_contract_v2_scale_controlled,1.000000000000001,optimized_seed
pilot-run-b1357469e2702db3386a,task-v2-89b7591232ff,g-e0c69f84d376b633,v2-S5-b001-g-e0c69f84d376b633,S5,D5,3301,Penalty-X,1,11,19,19,1,711.0,12,6,0.5,524288,6,1.1444091796875e-05,1,8.0,172.0,172.0,COBYLA,120,"[2.8746040698350956, 1.6147767089481937]","[7.834460003087565, 2.36664268996156]",120,3,Return from COBYLA because the objective function has been evaluated MAXFUN times.,2.800600517997075,1.6467702268614386,1.6467702268614386,0.0070243270995579,0.0017347104825928,0.2469575317331099,613.7950677288435,1.1444091796875e-05,1.9073486328125e-06,1.0,0.0002986779436469,2.6785773569718003,0.2795307077467441,43.27585667651147,43.27585667651147,43.63539921399206,204.74609375,SUCCESS,,False,False,False,g-e0c69f84d376b633,D5,3301,4.941418667231999,2.78802339425098,0.0,1.6467702268614386,283.24447902016766,481.7032890954969,283.24447902016743,1.1538302911356366,3,global_fixed,172.0,732.631503075077,4.259485482994634,penalty_contract_v2_scale_controlled,0.9999999999999998,optimized_seed
pilot-run-a8a87cf8106577a4f1b9,task-v2-89b7591232ff,g-e0c69f84d376b633,v2-S5-b001-g-e0c69f84d376b633,S5,D5,1103,Penalty-X,2,11,19,19,1,711.0,12,6,0.5,524288,6,1.1444091796875e-05,1,8.0,172.0,172.0,COBYLA,120,"[1.4361119332668082, 4.6766136583430296, 1.8287983773432719, 0.554097077555417]","[4.124730436373567, 5.435781119745411, 0.668255002243609, -1.1079747454416848]",120,3,Return from COBYLA because the objective function has been evaluated MAXFUN times.,3.2810807886622504,1.3848332393466691,1.3848332393466691,0.002497846144413,0.0003709432935997,0.1485052609943495,218.26512656033947,1.1444091796875e-05,1.9073486328125e-06,1.0,0.0002986779436469,2.6785773569718003,0.2795307077467441,85.09951697848737,85.09951697848737,85.79166953638196,204.74609375,SUCCESS,,False,False,False,g-e0c69f84d376b633,D5,1103,4.941418667231999,2.338984351594283,0.0,1.3848332393466691,238.1913171676267,564.3458956499071,238.1913171676271,1.8962475493155813,3,global_fixed,172.0,732.631503075077,4.259485482994634,penalty_contract_v2_scale_controlled,0.9999999999999988,optimized_seed
pilot-run-3a1a0afdef6beb91e34f,task-v2-89b7591232ff,g-e0c69f84d376b633,v2-S5-b001-g-e0c69f84d376b633,S5,D5,2207,Penalty-X,2,11,19,19,1,711.0,12,6,0.5,524288,6,1.1444091796875e-05,1,8.0,172.0,172.0,COBYLA,120,"[4.119365739193051, 4.0465795222369225, 1.5369649905613294, 0.28561357469155796]","[5.009460986657945, 4.066039434095129, 3.079019659119416, -0.7038382503700975]",120,3,Return from COBYLA because the objective function has been evaluated MAXFUN times.,2.962455094474977,1.6239837047452403,1.6239837047452403,0.0096636577832017,0.0025302365963082,0.2618301116484638,844.4233019732088,1.1444091796875e-05,1.9073486328125e-06,1.0,0.0002986779436469,2.6785773569718003,0.2795307077467441,85.18619256652892,85.18619256652892,85.89346500020474,204.74609375,SUCCESS,,False,False,False,g-e0c69f84d376b633,D5,2207,4.941418667231999,2.9265602092149066,0.0,1.6239837047452403,279.3251972161812,509.542276249696,279.3251972161813,1.338471389729737,3,global_fixed,172.0,732.631503075077,4.259485482994634,penalty_contract_v2_scale_controlled,0.9999999999999996,optimized_seed
pilot-run-8ce158f8f58cc1913c99,task-v2-89b7591232ff,g-e0c69f84d376b633,v2-S5-b001-g-e0c69f84d376b633,S5,D5,3301,Penalty-X,2,11,19,19,1,711.0,12,6,0.5,524288,6,1.1444091796875e-05,1,8.0,172.0,172.0,COBYLA,120,"[2.8746040698350956, 3.2295534178963874, 1.3381083226815658, 0.4324890662459698]","[4.83487535714174, 3.7821311499166557, 3.6419797141764945, -1.1515617871867156]",120,3,Return from COBYLA because the objective function has been evaluated MAXFUN times.,3.167701014798422,1.5085125792595853,1.5085125792595853,0.0036489108332068,0.0007591786143564,0.2080562252844231,318.84669382006155,1.1444091796875e-05,1.9073486328125e-06,1.0,0.0002986779436469,2.6785773569718003,0.2795307077467441,85.26390495058149,85.26390495058149,85.97034179791808,204.74609375,SUCCESS,,False,False,False,g-e0c69f84d376b633,D5,3301,4.941418667231999,2.5035819180673613,0.0,1.5085125792595853,259.4641636326479,544.8445745453286,259.46416363264865,1.6591884355388369,3,global_fixed,172.0,732.631503075077,4.259485482994634,penalty_contract_v2_scale_controlled,1.000000000000002,optimized_seed
pilot-run-e5dd50e4981e9b732610,task-v2-89b7591232ff,g-e0c69f84d376b633,v2-S5-b001-g-e0c69f84d376b633,S5,D5,1103,Penalty-X,3,11,19,19,1,711.0,12,6,0.5,524288,6,1.1444091796875e-05,1,8.0,172.0,172.0,COBYLA,120,"[1.4361119332668082, 4.6766136583430296, 3.6575967546865438, 0.554097077555417, 2.658092015317178, 1.6434959053105886]","[2.7485968647809895, 4.292503535449732, 4.19050141047886, 0.9414963109876385, 2.791042675883782, 2.4007369190622896]",120,3,Return from COBYLA because the objective function has been evaluated MAXFUN times.,3.269398569570484,1.394294509319547,1.394294509319547,0.0021381699134375,0.0004808275269184,0.2248780716147188,186.83613792939423,1.1444091796875e-05,1.9073486328125e-06,1.0,0.0002986779436469,2.6785773569718003,0.2795307077467441,103.38695237692446,103.38695237692446,104.0139792971313,204.74609375,SUCCESS,,False,False,False,g-e0c69f84d376b633,D5,1103,4.941418667231999,2.271460881451925,0.0,1.394294509319547,239.8186556029633,562.3365539661232,239.81865560296205,1.875104060250937,3,global_fixed,172.0,732.631503075077,4.259485482994634,penalty_contract_v2_scale_controlled,1.0000000000000016,optimized_seed
pilot-run-cbdadf5a1c3b9d1e4096,task-v2-89b7591232ff,g-e0c69f84d376b633,v2-S5-b001-g-e0c69f84d376b633,S5,D5,2207,Penalty-X,3,11,19,19,1,711.0,12,6,0.5,524288,6,1.1444091796875e-05,1,8.0,172.0,172.0,COBYLA,120,"[4.119365739193051, 4.0465795222369225, 3.073929981122659, 0.28561357469155796, 1.0467419303334264, 1.2456798648809793]","[4.7862251003827145, 4.59390381250827, 3.1261428054000224, 0.7927677354492622, 0.16080165231268634, 1.8442705291412442]",120,3,Return from COBYLA because the objective function has been evaluated MAXFUN times.,2.072195297747958,1.2824229690469875,1.2824229690469875,0.0005752198139565,9.139490803235832e-05,0.1588869260321928,50.26347430327102,1.1444091796875e-05,1.9073486328125e-06,1.0,0.0002986779436469,2.6785773569718003,0.2795307077467441,75.86411018669605,75.86411018669605,76.49621893558651,204.74609375,SUCCESS,,False,False,False,g-e0c69f84d376b633,D5,2207,4.941418667231999,1.7012525045229698,0.0,1.2824229690469875,220.57675067608108,356.4175912126488,220.57675067608184,0.7897723287009706,3,global_fixed,172.0,732.631503075077,4.259485482994634,penalty_contract_v2_scale_controlled,0.9999999999999992,optimized_seed
pilot-run-18819846d5adaca4bb3c,task-v2-89b7591232ff,g-e0c69f84d376b633,v2-S5-b001-g-e0c69f84d376b633,S5,D5,3301,Penalty-X,3,11,19,19,1,711.0,12,6,0.5,524288,6,1.1444091796875e-05,1,8.0,172.0,172.0,COBYLA,120,"[2.8746040698350956, 3.2295534178963874, 2.6762166453631315, 0.4324890662459698, 2.8286472419409745, 2.8565676468058108]","[3.222835538941522, 4.144513280523714, 2.577901584419061, 0.7756813467515227, 3.0838525609324052, 2.1495483918368845]",120,3,Return from COBYLA because the objective function has been evaluated MAXFUN times.,2.179205876757912,1.36671462119747,1.36671462119747,0.0014767160332308,0.0003283801807367,0.2223719207668309,129.03741593841872,1.1444091796875e-05,1.9073486328125e-06,1.0,0.0002986779436469,2.6785773569718003,0.2795307077467441,69.29242270532995,69.29242270532995,69.75092831254005,204.74609375,SUCCESS,,False,False,False,g-e0c69f84d376b633,D5,3301,4.941418667231999,2.1107156574270736,0.0,1.36671462119747,235.07491484596423,374.82341080236085,235.07491484596483,0.8124912555604422,3,global_fixed,172.0,732.631503075077,4.259485482994634,penalty_contract_v2_scale_controlled,0.9999999999999996,optimized_seed
pilot-run-250b580c6a87b5d72974,task-v2-5f165c277bb9,g-e0c69f84d376b633,v2-S5-b001-g-e0c69f84d376b633,S5,D6,0,Uniform,0,11,19,19,1,1002.0,12,8,0.6666666666666666,524288,8,1.52587890625e-05,1,8.0,172.0,172.0,analytic,0,,,0,0,analytic uniform baseline,,,,1.52587890625e-05,1.9073486328125e-06,0.125,1.0,1.52587890625e-05,1.9073486328125e-06,1.0,0.0002986779436469,2.6785776698961854,0.0,0.0,0.0,0.0,168.38671875,SUCCESS,,False,False,False,g-e0c69f84d376b633,D6,0,4.816479930623699,0.0,0.0,,,,,,0,global_fixed,172.0,,,penalty_contract_v2_scale_controlled,,analytic_uniform
pilot-run-281bddbe5180aec24f64,task-v2-5f165c277bb9,g-e0c69f84d376b633,v2-S5-b001-g-e0c69f84d376b633,S5,D6,1103,Penalty-X,1,11,19,19,1,1002.0,12,8,0.6666666666666666,524288,8,1.52587890625e-05,1,8.0,172.0,172.0,COBYLA,120,"[1.4361119332668082, 2.3383068291715148]","[7.730466000296773, 2.405757795823362]",120,3,Return from COBYLA because the objective function has been evaluated MAXFUN times.,2.5787032748754584,1.5050882748595469,1.5050882748595469,0.0092813401249882,0.0020454237407333,0.2203802159158519,608.2619064312314,1.52587890625e-05,1.9073486328125e-06,1.0,0.0002986779436469,2.6785776698961854,0.2770312130451202,30.398677114397287,30.398677114397287,30.63582442328334,204.7734375,SUCCESS,,False,False,False,g-e0c69f84d376b633,D6,1103,4.816479930623699,2.784090618789496,0.0,1.5050882748595469,258.8751832758426,443.5369632785788,258.875183275842,1.0736150000159117,3,global_fixed,172.0,719.1031525059985,4.180832282011619,penalty_contract_v2_scale_controlled,0.9999999999999984,optimized_seed
pilot-run-69c57746ace0ee8b1fd2,task-v2-5f165c277bb9,g-e0c69f84d376b633,v2-S5-b001-g-e0c69f84d376b633,S5,D6,2207,Penalty-X,1,11,19,19,1,1002.0,12,8,0.6666666666666666,524288,8,1.52587890625e-05,1,8.0,172.0,172.0,COBYLA,120,"[4.119365739193051, 2.0232897611184613]","[8.047031364283527, 2.366653864840668]",120,3,Return from COBYLA because the objective function has been evaluated MAXFUN times.,2.316353850857414,1.4940499370491285,1.4940499370491285,0.0074209630028154,0.0017481745071001,0.2355724595900665,486.340231352516,1.52587890625e-05,1.9073486328125e-06,1.0,0.0002986779436469,2.6785776698961854,0.2770312130451202,27.37953525874764,27.37953525874764,27.608732064254585,204.7734375,SUCCESS,,False,False,False,g-e0c69f84d376b633,D6,2207,4.816479930623699,2.68694019704443,0.0,1.4940499370491285,256.97658917245013,398.4128623474753,256.9765891724501,0.8223039138082862,3,global_fixed,172.0,719.1031525059985,4.180832282011619,penalty_contract_v2_scale_controlled,0.9999999999999992,optimized_seed
pilot-run-3861a42d9ef218dc3fb9,task-v2-5f165c277bb9,g-e0c69f84d376b633,v2-S5-b001-g-e0c69f84d376b633,S5,D6,3301,Penalty-X,1,11,19,19,1,1002.0,12,8,0.6666666666666666,524288,8,1.52587890625e-05,1,8.0,172.0,172.0,COBYLA,120,"[2.8746040698350956, 1.6147767089481937]","[7.963886641892511, 2.3884451229248027]",120,3,Return from COBYLA because the objective function has been evaluated MAXFUN times.,2.765153042698287,1.4926937611653197,1.4926937611653197,0.0086335025905287,0.0019737264944725,0.2286124865055114,565.8052257728914,1.52587890625e-05,1.9073486328125e-06,1.0,0.0002986779436469,2.6785776698961854,0.2770312130451202,27.176968147046864,27.176968147046864,27.40056236553937,204.7734375,SUCCESS,,False,False,False,g-e0c69f84d376b633,D6,3301,4.816479930623699,2.7526669542801265,0.0,1.4926937611653197,256.743326920435,475.60632334410536,256.743326920435,1.2724592815329672,3,global_fixed,172.0,719.1031525059985,4.180832282011619,penalty_contract_v2_scale_controlled,1.000000000000001,optimized_seed
pilot-run-4805fd7cff8b712b67cd,task-v2-5f165c277bb9,g-e0c69f84d376b633,v2-S5-b001-g-e0c69f84d376b633,S5,D6,1103,Penalty-X,2,11,19,19,1,1002.0,12,8,0.6666666666666666,524288,8,1.52587890625e-05,1,8.0,172.0,172.0,COBYLA,120,"[1.4361119332668082, 4.6766136583430296, 1.8287983773432719, 0.554097077555417]","[5.4492782392475805, 4.471370721884905, 2.3390483602077117, 0.09279248029164885]",120,3,Return from COBYLA because the objective function has been evaluated MAXFUN times.,3.192870606031089,1.6703762751625049,1.6703762751625049,0.0109438168998166,0.0018199616818262,0.1663004506094024,717.213984346381,1.52587890625e-05,1.9073486328125e-06,1.0,0.0002986779436469,2.6785776698961854,0.2770312130451202,53.84014917630702,53.84014917630702,54.28520110435784,204.7734375,SUCCESS,,False,False,False,g-e0c69f84d376b633,D6,1103,4.816479930623699,2.8556487489119755,0.0,1.6703762751625049,287.3047193279516,549.1737442373473,287.30471932795086,1.522494330868584,3,global_fixed,172.0,719.1031525059985,4.180832282011619,penalty_contract_v2_scale_controlled,0.9999999999999972,optimized_seed
pilot-run-aaabf7a385b9169c7a71,task-v2-5f165c277bb9,g-e0c69f84d376b633,v2-S5-b001-g-e0c69f84d376b633,S5,D6,2207,Penalty-X,2,11,19,19,1,1002.0,12,8,0.6666666666666666,524288,8,1.52587890625e-05,1,8.0,172.0,172.0,COBYLA,120,"[4.119365739193051, 4.0465795222369225, 1.5369649905613294, 0.28561357469155796]","[5.281851450170591, 3.916807107803078, 2.359946114923027, 0.11712446658849246]",120,3,Return from COBYLA because the objective function has been evaluated MAXFUN times.,2.9108860807120087,1.708990620847093,1.708990620847093,0.0113939559528611,0.0017701415866263,0.1553579453834731,746.7142973267087,1.52587890625e-05,1.9073486328125e-06,1.0,0.0002986779436469,2.6785776698961854,0.2770312130451202,53.74823543801904,53.74823543801904,54.19410298299045,204.7734375,SUCCESS,,False,False,False,g-e0c69f84d376b633,D6,2207,4.816479930623699,2.873154466837364,0.0,1.708990620847093,293.9463867856995,500.6724058824655,293.9463867857,1.2018954598649156,3,global_fixed,172.0,719.1031525059985,4.180832282011619,penalty_contract_v2_scale_controlled,1.0000000000000009,optimized_seed
pilot-run-3372c487645e90389640,task-v2-5f165c277bb9,g-e0c69f84d376b633,v2-S5-b001-g-e0c69f84d376b633,S5,D6,3301,Penalty-X,2,11,19,19,1,1002.0,12,8,0.6666666666666666,524288,8,1.52587890625e-05,1,8.0,172.0,172.0,COBYLA,120,"[2.8746040698350956, 3.2295534178963874, 1.3381083226815658, 0.4324890662459698]","[4.476824248759472, 3.5317757914776675, 3.1776539669668233, -0.7687144975486355]",120,3,Return from COBYLA because the objective function has been evaluated MAXFUN times.,3.1056876556394286,1.4855773001892705,1.4855773001892705,0.0090981600918224,0.002091314957879,0.2298613056675851,596.2570197776777,1.52587890625e-05,1.9073486328125e-06,1.0,0.0002986779436469,2.6785776698961854,0.2770312130451202,53.31467209011316,53.31467209011316,53.75003116298467,204.7734375,SUCCESS,,False,False,False,g-e0c69f84d376b633,D6,3301,4.816479930623699,2.7754335050590946,0.0,1.4855773001892705,255.51929563255388,534.1782767699817,255.51929563255453,1.620110355450158,3,global_fixed,172.0,719.1031525059985,4.180832282011619,penalty_contract_v2_scale_controlled,0.9999999999999996,optimized_seed
pilot-run-2e5a23cbf3cebc5e1996,task-v2-5f165c277bb9,g-e0c69f84d376b633,v2-S5-b001-g-e0c69f84d376b633,S5,D6,1103,Penalty-X,3,11,19,19,1,1002.0,12,8,0.6666666666666666,524288,8,1.52587890625e-05,1,8.0,172.0,172.0,COBYLA,120,"[1.4361119332668082, 4.6766136583430296, 3.6575967546865438, 0.554097077555417, 2.658092015317178, 1.6434959053105886]","[2.347170823342772, 4.794549718120566, 4.539832230029781, 0.6997676026843168, 3.6076621525135906, 1.8754925223100216]",120,3,Return from COBYLA because the objective function has been evaluated MAXFUN times.,3.213458273204158,1.2421751865209072,1.2421751865209072,0.0011097381122566,0.0002531945655471,0.2281570424144978,72.72779692485469,1.52587890625e-05,1.9073486328125e-06,1.0,0.0002986779436469,2.6785776698961854,0.2770312130451202,80.19985163304955,80.19985163304955,80.86678055860102,204.7734375,SUCCESS,,False,False,False,g-e0c69f84d376b633,D6,1103,4.816479930623699,1.86170043209405,0.0,1.2421751865209072,213.65413208159688,552.7148229911152,213.65413208159603,1.971283086683251,3,global_fixed,172.0,719.1031525059985,4.180832282011619,penalty_contract_v2_scale_controlled,1.0000000000000009,optimized_seed
pilot-run-c76f2ac32b367fcddd53,task-v2-5f165c277bb9,g-e0c69f84d376b633,v2-S5-b001-g-e0c69f84d376b633,S5,D6,2207,Penalty-X,3,11,19,19,1,1002.0,12,8,0.6666666666666666,524288,8,1.52587890625e-05,1,8.0,172.0,172.0,COBYLA,120,"[4.119365739193051, 4.0465795222369225, 3.073929981122659, 0.28561357469155796, 1.0467419303334264, 1.2456798648809793]","[4.728009607068873, 4.692149780743265, 3.085033901533274, 0.7928953807348222, 0.1578842497613157, 1.8827660654058282]",120,3,Return from COBYLA because the objective function has been evaluated MAXFUN times.,1.9439042446504835,1.2127354854409509,1.2127354854409509,0.0004637948313658,0.0001160709336585,0.2502635342371639,30.395258068392685,1.52587890625e-05,1.9073486328125e-06,1.0,0.0002986779436469,2.6785776698961854,0.2770312130451202,80.45795883610845,80.45795883610845,81.1233643097803,204.7734375,SUCCESS,,False,False,False,g-e0c69f84d376b633,D6,2207,4.816479930623699,1.482805835077035,0.0,1.2127354854409509,208.5905034958436,334.3515300798832,208.5905034958435,0.7311687592095328,3,global_fixed,172.0,719.1031525059985,4.180832282011619,penalty_contract_v2_scale_controlled,1.0000000000000009,optimized_seed
pilot-run-25c91ed6bed18dcd6115,task-v2-5f165c277bb9,g-e0c69f84d376b633,v2-S5-b001-g-e0c69f84d376b633,S5,D6,3301,Penalty-X,3,11,19,19,1,1002.0,12,8,0.6666666666666666,524288,8,1.52587890625e-05,1,8.0,172.0,172.0,COBYLA,120,"[2.8746040698350956, 3.2295534178963874, 2.6762166453631315, 0.4324890662459698, 2.8286472419409745, 2.8565676468058108]","[3.3784155171393424, 3.9671466886071083, 2.9504211388426222, 0.7577376683488897, 3.1827688698228496, 2.0851833705768867]",120,3,Return from COBYLA because the objective function has been evaluated MAXFUN times.,2.094418923025924,1.2624998163689338,1.2624998163689338,0.0015286186201811,0.0003615112317111,0.2364953736258575,100.17954989219024,1.52587890625e-05,1.9073486328125e-06,1.0,0.0002986779436469,2.6785776698961854,0.2770312130451202,78.277827068232,78.277827068232,78.90256980247796,204.7734375,SUCCESS,,False,False,False,g-e0c69f84d376b633,D6,3301,4.816479930623699,2.0007790760680377,0.0,1.2624998163689338,217.14996841545565,360.2400547604588,217.1499684154566,0.8319191066569895,3,global_fixed,172.0,719.1031525059985,4.180832282011619,penalty_contract_v2_scale_controlled,0.9999999999999996,optimized_seed
pilot-run-3e3f3a7f38f2131efa6f,task-v2-780e1209d403,g-e0c69f84d376b633,v2-S5-b001-g-e0c69f84d376b633,S5,D7,0,Uniform,0,11,19,19,1,1631.0,12,12,1.0,524288,12,2.288818359375e-05,1,8.0,172.0,172.0,analytic,0,,,0,0,analytic uniform baseline,,,,2.288818359375e-05,1.9073486328125e-06,0.0833333333333333,1.0,2.288818359375e-05,1.9073486328125e-06,1.0,0.0002986779436469,2.678581740707159,0.0,0.0,0.0,0.0,168.38671875,SUCCESS,,False,False,False,g-e0c69f84d376b633,D7,0,4.640388671568018,0.0,0.0,,,,,,0,global_fixed,172.0,,,penalty_contract_v2_scale_controlled,,analytic_uniform
pilot-run-a835dea640f39b916c3c,task-v2-780e1209d403,g-e0c69f84d376b633,v2-S5-b001-g-e0c69f84d376b633,S5,D7,1103,Penalty-X,1,11,19,19,1,1631.0,12,12,1.0,524288,12,2.288818359375e-05,1,8.0,172.0,172.0,COBYLA,120,"[1.4361119332668082, 2.3383068291715148]","[7.2889690632966175, 2.4362340417748753]",120,3,Return from COBYLA because the objective function has been evaluated MAXFUN times.,2.3839670540742928,1.349680923768555,1.349680923768555,0.0103364281611739,0.0017193033021233,0.1663343734716277,451.6054373137984,2.288818359375e-05,1.9073486328125e-06,1.0,0.0002986779436469,2.678581740707159,0.2661660946905613,42.8422932587564,42.8422932587564,43.19955012854189,204.76953125,SUCCESS,,False,False,False,g-e0c69f84d376b633,D7,1103,4.640388671568018,2.654759162174904,0.0,1.349680923768555,232.14511888819092,410.0423333007784,232.14511888819143,1.0342861303057378,3,global_fixed,172.0,692.2831322928262,4.024901931935036,penalty_contract_v2_scale_controlled,1.0000000000000004,optimized_seed
pilot-run-135abfd6b9355a2db867,task-v2-780e1209d403,g-e0c69f84d376b633,v2-S5-b001-g-e0c69f84d376b633,S5,D7,2207,Penalty-X,1,11,19,19,1,1631.0,12,12,1.0,524288,12,2.288818359375e-05,1,8.0,172.0,172.0,COBYLA,120,"[4.119365739193051, 2.0232897611184613]","[7.711697762971696, 2.4289729627500174]",120,3,Return from COBYLA because the objective function has been evaluated MAXFUN times.,2.137056799479509,1.3382164293725616,1.3382164293725616,0.0114493534106532,0.0019617897025639,0.1713450211728575,500.2298834137123,2.288818359375e-05,1.9073486328125e-06,1.0,0.0002986779436469,2.678581740707159,0.2661660946905613,42.96574770100415,42.96574770100415,43.314759543165565,204.76953125,SUCCESS,,False,False,False,g-e0c69f84d376b633,D7,2207,4.640388671568018,2.69916963264441,0.0,1.3382164293725616,230.1732258520805,367.5737695104756,230.17322585208055,0.7988403701069475,3,global_fixed,172.0,692.2831322928262,4.024901931935036,penalty_contract_v2_scale_controlled,1.0000000000000009,optimized_seed
pilot-run-fdecd926d8cce1a10d93,task-v2-780e1209d403,g-e0c69f84d376b633,v2-S5-b001-g-e0c69f84d376b633,S5,D7,3301,Penalty-X,1,11,19,19,1,1631.0,12,12,1.0,524288,12,2.288818359375e-05,1,8.0,172.0,172.0,COBYLA,120,"[2.8746040698350956, 1.6147767089481937]","[7.616783336717423, 2.428497193797809]",120,3,Return from COBYLA because the objective function has been evaluated MAXFUN times.,2.6710890217405785,1.3387893449459087,1.3387893449459087,0.0111206576937161,0.0018970471865262,0.1705876791440311,485.86894841025406,2.288818359375e-05,1.9073486328125e-06,1.0,0.0002986779436469,2.678581740707159,0.2661660946905613,42.29016718454659,42.29016718454659,42.64910203590989,204.76953125,SUCCESS,,False,False,False,g-e0c69f84d376b633,D7,3301,4.640388671568018,2.6865191444530083,0.0,1.3387893449459087,230.2717673306965,459.4273117393795,230.2717673306963,1.3322996767946698,3,global_fixed,172.0,692.2831322928262,4.024901931935036,penalty_contract_v2_scale_controlled,1.0000000000000029,optimized_seed
pilot-run-e56725332e4142b8d8f9,task-v2-780e1209d403,g-e0c69f84d376b633,v2-S5-b001-g-e0c69f84d376b633,S5,D7,1103,Penalty-X,2,11,19,19,1,1631.0,12,12,1.0,524288,12,2.288818359375e-05,1,8.0,172.0,172.0,COBYLA,120,"[1.4361119332668082, 4.6766136583430296, 1.8287983773432719, 0.554097077555417]","[2.826317875976803, 4.41880551242167, 2.294388402124577, 0.08409954002166752]",120,3,Return from COBYLA because the objective function has been evaluated MAXFUN times.,2.9243363637165984,1.9847857722433064,1.9847857722433064,0.0027088792235656,0.0003366410483675,0.1242731848060869,118.35273919706768,2.288818359375e-05,1.9073486328125e-06,1.0,0.0002986779436469,2.678581740707159,0.2661660946905613,85.61639009881765,85.61639009881765,86.32246442791075,204.76953125,SUCCESS,,False,False,False,g-e0c69f84d376b633,D7,1103,4.640388671568018,2.073178313844356,0.0,1.9847857722433064,341.3831528258487,502.9858545592549,341.3831528258487,0.9395505914732922,3,global_fixed,172.0,692.2831322928262,4.024901931935036,penalty_contract_v2_scale_controlled,1.000000000000001,optimized_seed
pilot-run-6b40c842c1681da48045,task-v2-780e1209d403,g-e0c69f84d376b633,v2-S5-b001-g-e0c69f84d376b633,S5,D7,2207,Penalty-X,2,11,19,19,1,1631.0,12,12,1.0,524288,12,2.288818359375e-05,1,8.0,172.0,172.0,COBYLA,120,"[4.119365739193051, 4.0465795222369225, 1.5369649905613294, 0.28561357469155796]","[5.145699043434732, 3.9675356700938718, 2.414351374012279, 0.0903440502029396]",120,3,Return from COBYLA because the objective function has been evaluated MAXFUN times.,2.770361080002049,1.6284727185750805,1.6284727185750805,0.0101886776700694,0.0014860613500854,0.1458541920951087,445.1501198571138,2.288818359375e-05,1.9073486328125e-06,1.0,0.0002986779436469,2.678581740707159,0.2661660946905613,85.68752135057002,85.68752135057002,86.40077693108469,204.76953125,SUCCESS,,False,False,False,g-e0c69f84d376b633,D7,2207,4.640388671568018,2.6485064946464,0.0,1.6284727185750805,280.09730759491373,476.5021057603524,280.09730759491384,1.1418883614269684,3,global_fixed,172.0,692.2831322928262,4.024901931935036,penalty_contract_v2_scale_controlled,0.9999999999999992,optimized_seed
pilot-run-5f2a9057e894968a6e76,task-v2-780e1209d403,g-e0c69f84d376b633,v2-S5-b001-g-e0c69f84d376b633,S5,D7,3301,Penalty-X,2,11,19,19,1,1631.0,12,12,1.0,524288,12,2.288818359375e-05,1,8.0,172.0,172.0,COBYLA,120,"[2.8746040698350956, 3.2295534178963874, 1.3381083226815658, 0.4324890662459698]","[4.867747314408956, 3.826453622199428, 2.4091042666643605, 0.10477381204094019]",120,3,Return from COBYLA because the objective function has been evaluated MAXFUN times.,2.9470413138966864,1.705040256324339,1.705040256324339,0.009763565124409,0.0014300319211268,0.1464661630157782,426.5766693288485,2.288818359375e-05,1.9073486328125e-06,1.0,0.0002986779436469,2.678581740707159,0.2661660946905613,85.59116289392114,85.59116289392114,86.3002604553476,204.76953125,SUCCESS,,False,False,False,g-e0c69f84d376b633,D7,3301,4.640388671568018,2.629997098983032,0.0,1.705040256324339,293.2669240877868,506.8911059902301,293.2669240877863,1.2420010575723477,3,global_fixed,172.0,692.2831322928262,4.024901931935036,penalty_contract_v2_scale_controlled,1.0,optimized_seed
pilot-run-7c21ff48f1235a1000bc,task-v2-780e1209d403,g-e0c69f84d376b633,v2-S5-b001-g-e0c69f84d376b633,S5,D7,1103,Penalty-X,3,11,19,19,1,1631.0,12,12,1.0,524288,12,2.288818359375e-05,1,8.0,172.0,172.0,COBYLA,120,"[1.4361119332668082, 4.6766136583430296, 3.6575967546865438, 0.554097077555417, 2.658092015317178, 1.6434959053105886]","[2.392458526876399, 4.9920905474675195, 4.500634816942559, 0.8308884742020896, 3.547140782216511, 1.9560198736321117]",120,3,Return from COBYLA because the objective function has been evaluated MAXFUN times.,3.085189756286848,1.2818126348389425,1.2818126348389425,0.002072649235995,0.0005112825307578,0.246680683773499,90.55542688678096,2.288818359375e-05,1.9073486328125e-06,1.0,0.0002986779436469,2.678581740707159,0.2661660946905613,113.57299120444804,113.57299120444804,114.22549060918392,204.76953125,SUCCESS,,False,False,False,g-e0c69f84d376b633,D7,1103,4.640388671568018,1.956914482218926,0.0,1.2818126348389425,220.4717731922972,530.6526380813377,220.4717731922981,1.8033771214479053,3,global_fixed,172.0,692.2831322928262,4.024901931935036,penalty_contract_v2_scale_controlled,0.9999999999999998,optimized_seed
pilot-run-8be90a369fcb51f55ae1,task-v2-780e1209d403,g-e0c69f84d376b633,v2-S5-b001-g-e0c69f84d376b633,S5,D7,2207,Penalty-X,3,11,19,19,1,1631.0,12,12,1.0,524288,12,2.288818359375e-05,1,8.0,172.0,172.0,COBYLA,120,"[4.119365739193051, 4.0465795222369225, 3.073929981122659, 0.28561357469155796, 1.0467419303334264, 1.2456798648809793]","[5.413744196131737, 4.99776705117868, 3.056061074803539, 0.8288109330785688, -0.029114929699366153, 2.0577814947709485]",120,3,Return from COBYLA because the objective function has been evaluated MAXFUN times.,1.738511898277343,1.164529503018576,1.164529503018576,0.0018040101713187,0.0005407019403769,0.2997222238396504,78.81840705836288,2.288818359375e-05,1.9073486328125e-06,1.0,0.0002986779436469,2.678581740707159,0.2661660946905613,77.64960314054042,77.64960314054042,78.28544830810279,204.76953125,SUCCESS,,False,False,False,g-e0c69f84d376b633,D7,2207,4.640388671568018,1.8966276534076132,0.0,1.164529503018576,200.299074519196,299.024046503703,200.29907451919507,0.573982395258767,3,global_fixed,172.0,692.2831322928262,4.024901931935036,penalty_contract_v2_scale_controlled,0.9999999999999988,optimized_seed
pilot-run-990259183579ae38f601,task-v2-780e1209d403,g-e0c69f84d376b633,v2-S5-b001-g-e0c69f84d376b633,S5,D7,3301,Penalty-X,3,11,19,19,1,1631.0,12,12,1.0,524288,12,2.288818359375e-05,1,8.0,172.0,172.0,COBYLA,120,"[2.8746040698350956, 3.2295534178963874, 2.6762166453631315, 0.4324890662459698, 2.8286472419409745, 2.8565676468058108]","[2.759740703195896, 3.787803835684073, 3.169891413506781, 0.35861681904940906, 2.9160234471363853, 2.5043191594275167]",120,3,Return from COBYLA because the objective function has been evaluated MAXFUN times.,1.935270463449136,1.3879970569560551,1.3879970569560551,0.0121271680899876,0.0026130405603029,0.2154699713002515,529.8440586302873,2.288818359375e-05,1.9073486328125e-06,1.0,0.0002986779436469,2.678581740707159,0.2661660946905613,59.69559470191598,59.69559470191598,59.99579878151417,204.76953125,SUCCESS,,False,False,False,g-e0c69f84d376b633,D7,3301,4.640388671568018,2.7241480687676307,0.0,1.3879970569560551,238.73549379644197,332.86651971325136,238.7354937964415,0.5472734064930809,3,global_fixed,172.0,692.2831322928262,4.024901931935036,penalty_contract_v2_scale_controlled,1.0000000000000018,optimized_seed
