task_id,base_graph_id,base_instance_id,size_stratum,stress_level,depth,n_edges,feasible_state_fraction,dilution_score,raw_energy_span,normalized_energy_span,hamiltonian_normalization_factor,n_seed_rows,n_finite_objective_seeds,n_successful_seed_rows,seed_statuses,p_feas_median,p_feas_mean,p_feas_min,p_feas_max,p_opt_median,p_opt_mean,p_opt_min,p_opt_max,log_feasibility_gain_median,log_feasibility_gain_mean,log_feasibility_gain_min,log_feasibility_gain_max,objective_final_median,objective_final_mean,objective_final_min,objective_final_max,optimizer_runtime_s_median,optimizer_runtime_s_mean,optimizer_runtime_s_min,optimizer_runtime_s_max,objective_selected_multistart_optimizer_seed,objective_selected_multistart_objective_final,objective_selected_multistart_p_feas,objective_selected_multistart_p_opt,objective_selected_multistart_log_feasibility_gain,objective_selected_multistart_runtime_s,objective_selected_multistart_execution_status,p_opt_given_feasible_median,p_opt_given_feasible_mean,p_opt_given_feasible_min,p_opt_given_feasible_max
task-v2-e442db508705,g-548c8c6335dd2a2e,v2-S1-b000-g-548c8c6335dd2a2e,S1,D1,1,7,0.0078125,2.1072099696478683,576.1148505076894,3.349504944812148,172.0,3,3,3,"{""SUCCESS"": 3}",0.0207345897639146,0.043269460340482964,0.0207345779749315,0.0883392132826028,0.0207345897639146,0.043269460340482964,0.0207345779749315,0.0883392132826028,0.4239054168699399,0.6337246945770212,0.4239051699447859,1.053363496916338,1.678533938032506,1.6535453679432006,1.6035682262498991,1.6785339395471968,0.09734155703336,0.12700824253261087,0.0745508912950754,0.2091322792693972,2207,1.6035682262498991,0.0883392132826028,0.0883392132826028,1.053363496916338,0.2091322792693972,SUCCESS,1.0,1.0,1.0,1.0
task-v2-e442db508705,g-548c8c6335dd2a2e,v2-S1-b000-g-548c8c6335dd2a2e,S1,D1,2,7,0.0078125,2.1072099696478683,576.1148505076894,3.349504944812148,172.0,3,3,3,"{""SUCCESS"": 3}",0.0735805162119946,0.06668013856446747,0.0309282430236393,0.0955316564577685,0.0735805162119946,0.06668013856446747,0.0309282430236393,0.0955316564577685,0.973972799993131,0.8862984322415915,0.597565218884431,1.087357277847213,1.6117171955819425,1.6228988310336832,1.5859170053675018,1.6710622921516056,0.2360614547505974,0.2359970258548855,0.229210247285664,0.2427193755283951,3301,1.5859170053675018,0.0955316564577685,0.0955316564577685,1.087357277847213,0.2360614547505974,SUCCESS,1.0,1.0,1.0,1.0
task-v2-e442db508705,g-548c8c6335dd2a2e,v2-S1-b000-g-548c8c6335dd2a2e,S1,D1,3,7,0.0078125,2.1072099696478683,576.1148505076894,3.349504944812148,172.0,3,3,3,"{""SUCCESS"": 3}",0.0320556620705403,0.031702535320222464,0.0155910675250959,0.0474608763650312,0.0320556620705403,0.031702535320222464,0.0155910675250959,0.0474608763650312,0.6131147207822333,0.5655820885871837,0.3000858221289474,0.7835457228503703,1.6109772782424756,1.7042027916452465,1.5936407386978046,1.907990357995459,0.2664619237184524,0.26732985333849985,0.2650181520730257,0.2705094842240214,3301,1.5936407386978046,0.0320556620705403,0.0320556620705403,0.6131147207822333,0.2650181520730257,SUCCESS,1.0,1.0,1.0,1.0
task-v2-d7382a83ef13,g-548c8c6335dd2a2e,v2-S1-b000-g-548c8c6335dd2a2e,S1,D2,1,7,0.015625,1.806179973983887,572.6097673531438,3.3291265543787425,172.0,3,3,3,"{""SUCCESS"": 3}",0.0614348004771243,0.09146116618676957,0.0614236235409096,0.1515250745422748,0.0258875140999507,0.048095747678995104,0.0258840869742764,0.0925156419627582,0.5945944261302485,0.725258104488347,0.5945154070190264,0.986664480315766,1.6534095699503704,1.6137467403458412,1.534421078345882,1.6534095727412712,0.0752982096746563,0.11781792653103662,0.0702149309217929,0.2079406389966607,2207,1.534421078345882,0.1515250745422748,0.0925156419627582,0.986664480315766,0.2079406389966607,SUCCESS,0.4214028004557079,0.48444932303784,0.4213819186991605,0.6105632499586517
task-v2-d7382a83ef13,g-548c8c6335dd2a2e,v2-S1-b000-g-548c8c6335dd2a2e,S1,D2,2,7,0.015625,1.806179973983887,572.6097673531438,3.3291265543787425,172.0,3,3,3,"{""SUCCESS"": 3}",0.150843954523465,0.13835762953387667,0.099888333195524,0.1643406008826411,0.0935704573434424,0.0795692676359257,0.0449298070060725,0.1002075385582622,0.9847078833261091,0.9374424893710772,0.8056947402409731,1.0219248445461495,1.5136882839514054,1.523660549851745,1.4805575381283131,1.5767358274755168,0.2306149695068597,0.23041104028622303,0.22860614862293,0.2320120027288794,2207,1.4805575381283131,0.150843954523465,0.0935704573434424,0.9847078833261091,0.22860614862293,SUCCESS,0.6097552158143952,0.559956168804097,0.4498003477355632,0.6203129428623327
task-v2-d7382a83ef13,g-548c8c6335dd2a2e,v2-S1-b000-g-548c8c6335dd2a2e,S1,D2,3,7,0.015625,1.806179973983887,572.6097673531438,3.3291265543787425,172.0,3,3,3,"{""SUCCESS"": 3}",0.111912938734673,0.11221165795159622,0.0421490590487546,0.1825729760713611,0.0823014552601957,0.06923834563245566,0.0168402995746246,0.1085732820625467,0.8550602740620825,0.7845482002261329,0.4309678577015876,1.0676164689147287,1.6156165692792386,1.6337552245539462,1.481547803454795,1.8041013009278049,0.27041179779917,0.2739721108227968,0.2654471416026354,0.286057393066585,3301,1.481547803454795,0.1825729760713611,0.1085732820625467,1.0676164689147287,0.27041179779917,SUCCESS,0.5946842977468328,0.5765439685785503,0.3995415308119975,0.7354060771768205
task-v2-ce7fc44fc7b5,g-548c8c6335dd2a2e,v2-S1-b000-g-548c8c6335dd2a2e,S1,D3,1,7,0.0234375,1.630088714928206,560.9120383941536,3.2611165022915904,172.0,3,3,3,"{""SUCCESS"": 3}",0.1016414827980833,0.14761780638994718,0.1016336603990423,0.2395782759727159,0.0392331103612162,0.058770145812441256,0.0392330352065311,0.0978442918695765,0.6371597070634054,0.7612740465101226,0.6371262821725215,1.009536150294441,1.498719680667378,1.4429533978934403,1.3314207906026403,1.498719722410303,0.117526046000421,0.14451003943880394,0.1027204673737287,0.2132836049422621,2207,1.3314207906026403,0.2395782759727159,0.0978442918695765,1.009536150294441,0.2132836049422621,SUCCESS,0.3860247698171649,0.3934737595033175,0.3859943216734628,0.4084021870193246
task-v2-ce7fc44fc7b5,g-548c8c6335dd2a2e,v2-S1-b000-g-548c8c6335dd2a2e,S1,D3,2,7,0.0234375,1.630088714928206,560.9120383941536,3.2611165022915904,172.0,3,3,3,"{""SUCCESS"": 3}",0.1354543708242046,0.17939267961222305,0.1053807211098925,0.297342946902572,0.0506567742558499,0.06904346381789861,0.0411706656423204,0.1153029515555255,0.7618817382819428,0.8393593251775849,0.6528498810094969,1.1033463562413153,1.4606063228435135,1.4324435222414722,1.261482475324296,1.5752417685566071,0.2396873524412512,0.2401321828365325,0.2386181438341736,0.2420910522341728,2207,1.261482475324296,0.297342946902572,0.1153029515555255,1.1033463562413153,0.2396873524412512,SUCCESS,0.3877776579422477,0.3841464375742718,0.3739766679186252,0.3906849868619425
task-v2-ce7fc44fc7b5,g-548c8c6335dd2a2e,v2-S1-b000-g-548c8c6335dd2a2e,S1,D3,3,7,0.0234375,1.630088714928206,560.9120383941536,3.2611165022915904,172.0,3,3,3,"{""SUCCESS"": 3}",0.1269645324561242,0.17895409257029082,0.1164617461164536,0.2934359991382947,0.0438775516157423,0.06596533918999299,0.0341752428959285,0.1198432230583082,0.7337711326569516,0.842548417453776,0.696272012146681,1.0976021075576956,1.4671321646577955,1.4261323129583534,1.2835095463474888,1.5277552278697757,0.2683910587802529,0.26555062116434175,0.2570557165890932,0.2712050881236791,2207,1.2835095463474888,0.2934359991382947,0.1198432230583082,1.0976021075576956,0.2683910587802529,SUCCESS,0.345589045751067,0.34914954157059896,0.2934460802412807,0.4084134987194491
task-v2-4e78b3f98433,g-553bb3c5ba0f2136,v2-S1-b001-g-553bb3c5ba0f2136,S1,D1,1,7,0.0078125,2.1072099696478683,567.4832037301957,3.299320951919742,172.0,3,3,3,"{""SUCCESS"": 3}",0.0195885744024459,0.03904854768315507,0.0195849820880522,0.0779720865589671,0.0195885744024459,0.03904854768315507,0.0195849820880522,0.0779720865589671,0.3992128001459337,0.5991650247905086,0.3991331483367764,0.9991491258888155,1.8105297867632328,1.7622722123126369,1.6657570617638051,1.8105297884108724,0.0749414935708046,0.12098709680140013,0.0743466727435588,0.213673124089837,2207,1.6657570617638051,0.0779720865589671,0.0779720865589671,0.9991491258888155,0.213673124089837,SUCCESS,1.0,1.0,1.0,1.0
task-v2-4e78b3f98433,g-553bb3c5ba0f2136,v2-S1-b001-g-553bb3c5ba0f2136,S1,D1,2,7,0.0078125,2.1072099696478683,567.4832037301957,3.299320951919742,172.0,3,3,3,"{""SUCCESS"": 3}",0.054451953239791,0.056891217550109195,0.0159270138085219,0.1002946856020147,0.054451953239791,0.056891217550109195,0.0159270138085219,0.1002946856020147,0.8432234325467988,0.7536852165794322,0.3093443262367397,1.1084878909547582,1.687431451865166,1.6009901821538683,1.4079863839740818,1.7075527106223567,0.2403022581711411,0.2413118652378519,0.2395504424348473,0.2440828951075673,3301,1.4079863839740818,0.1002946856020147,0.1002946856020147,1.1084878909547582,0.2395504424348473,SUCCESS,1.0,1.0,1.0,1.0
task-v2-4e78b3f98433,g-553bb3c5ba0f2136,v2-S1-b001-g-553bb3c5ba0f2136,S1,D1,3,7,0.0078125,2.1072099696478683,567.4832037301957,3.299320951919742,172.0,3,3,3,"{""SUCCESS"": 3}",0.0071046297218334,0.020747365366472332,0.002835945218821,0.0523015211587626,0.0071046297218334,0.020747365366472332,0.002835945218821,0.0523015211587626,-0.0412485820020806,0.11479450499552497,-0.4400921929079322,0.8257242898965877,1.626826618338895,1.6635866873078864,1.6231261882965546,1.74080725528821,0.264330537058413,0.2643128822868069,0.264076235704124,0.2645318740978837,1103,1.6231261882965546,0.002835945218821,0.002835945218821,-0.4400921929079322,0.2645318740978837,SUCCESS,1.0,1.0,1.0,1.0
task-v2-f83834022ee2,g-553bb3c5ba0f2136,v2-S1-b001-g-553bb3c5ba0f2136,S1,D2,1,7,0.015625,1.806179973983887,539.6097236125881,3.137265834956908,172.0,3,3,3,"{""SUCCESS"": 3}",0.0830643082612936,0.12288405703398418,0.0830587936989207,0.2025290691417382,0.036182794568307,0.05979880717479103,0.0361782950681289,0.1070353318879372,0.7255944267098653,0.8546091202200046,0.7255655933449537,1.1126673406051948,1.6001052747416518,1.5373775823298985,1.4119221866033835,1.600105285644661,0.1433009505271911,0.1646518086393674,0.1420284053310752,0.2086260700598359,2207,1.4119221866033835,0.2025290691417382,0.1070353318879372,1.1126673406051948,0.2086260700598359,SUCCESS,0.4355997819723916,0.4665559955608371,0.4355745304858558,0.528493674224264
task-v2-f83834022ee2,g-553bb3c5ba0f2136,v2-S1-b001-g-553bb3c5ba0f2136,S1,D2,2,7,0.015625,1.806179973983887,539.6097236125881,3.137265834956908,172.0,3,3,3,"{""SUCCESS"": 3}",0.0561079146934678,0.07254030587862796,0.0449529338661405,0.1165600690762756,0.0473607757066428,0.04566002342083363,0.0392537323610066,0.0503655621948515,0.5552041020003146,0.6289572958172348,0.4589380153322296,0.8727297701191603,1.8248685186398348,1.730493068117138,1.5389477825874605,1.827662903124119,0.2361335139721632,0.23670650801310933,0.2353489184752106,0.2386370915919542,1103,1.5389477825874605,0.1165600690762756,0.0503655621948515,0.8727297701191603,0.2353489184752106,SUCCESS,0.8441015134030045,0.7164732046577154,0.4320996254891792,0.8732184750809625
task-v2-f83834022ee2,g-553bb3c5ba0f2136,v2-S1-b001-g-553bb3c5ba0f2136,S1,D2,3,7,0.015625,1.806179973983887,539.6097236125881,3.137265834956908,172.0,3,3,3,"{""SUCCESS"": 3}",0.1631932816201947,0.14655169886552166,0.019653529095641,0.2568082858807293,0.1368163414472526,0.09957690153794681,0.0146852274056855,0.1472291357609023,1.018882249631292,0.7780972585615906,0.0996205200005613,1.2157890060529188,1.563838853115599,1.4827593202553135,1.3190617115071412,1.5653773961432011,0.2595022795721888,0.26124553227176267,0.2592762475833297,0.2649580696597695,3301,1.3190617115071412,0.2568082858807293,0.1368163414472526,1.2157890060529188,0.2592762475833297,SUCCESS,0.7472056206405499,0.7273795992697932,0.5327567254227727,0.9021764517460572
task-v2-73f419868dc6,g-553bb3c5ba0f2136,v2-S1-b001-g-553bb3c5ba0f2136,S1,D3,1,7,0.0234375,1.630088714928206,512.2421602495117,2.9781520944739053,172.0,3,3,3,"{""SUCCESS"": 3}",0.1222796714307832,0.17282967360102863,0.1222688308641111,0.2739405185081916,0.0383142324429094,0.062197206808094964,0.0383131729708395,0.109964215010536,0.7174429780212701,0.8341974802744963,0.7174044744259075,1.067744988376311,1.359975504333382,1.2950027053043305,1.1650570014142982,1.359975610165311,0.1608509039506316,0.15798773802816865,0.1093671359121799,0.2037451742216944,2207,1.1650570014142982,0.2739405185081916,0.109964215010536,1.067744988376311,0.2037451742216944,SUCCESS,0.3133605856221172,0.3427003733052003,0.3133241406567469,0.4014163936367368
task-v2-73f419868dc6,g-553bb3c5ba0f2136,v2-S1-b001-g-553bb3c5ba0f2136,S1,D3,2,7,0.0234375,1.630088714928206,512.2421602495117,2.9781520944739053,172.0,3,3,3,"{""SUCCESS"": 3}",0.0158531358790671,0.10001452451968985,0.0148914964532499,0.2692989412267526,0.0059285552609935,0.03979171909263273,0.0049619827868113,0.1084846192300934,-0.1697961030436427,0.23118477171818222,-0.1969729426766816,1.060323360874871,1.6858682581219162,1.51391391787537,1.16418401734986,1.6916894781543337,0.2402564566582441,0.24017710518091914,0.2392212338745594,0.2410536250099539,1103,1.16418401734986,0.2692989412267526,0.1084846192300934,1.060323360874871,0.2402564566582441,SUCCESS,0.3739673529715804,0.37000578833413217,0.3332091440500234,0.4028408679807927
task-v2-73f419868dc6,g-553bb3c5ba0f2136,v2-S1-b001-g-553bb3c5ba0f2136,S1,D3,3,7,0.0234375,1.630088714928206,512.2421602495117,2.9781520944739053,172.0,3,3,3,"{""SUCCESS"": 3}",0.1683437761720976,0.16702575975513798,0.1488099095693424,0.1839235935239739,0.0635915667606933,0.06409645180263328,0.0446035192265474,0.0840942694206591,0.8562857796732255,0.8512441686489364,0.8027205676971045,0.894726158576479,1.3251717992960712,1.3639181578114083,1.3177432845047,1.4488393896334535,0.2696417765691876,0.2721393533671896,0.2668952299281955,0.2798810536041856,1103,1.3177432845047,0.1488099095693424,0.0446035192265474,0.8027205676971045,0.2668952299281955,SUCCESS,0.3777482494849337,0.37823568601455076,0.299734872197897,0.4572239363608216
task-v2-3f363bac5736,g-60667963f6db3f1b,v2-S2-b000-g-60667963f6db3f1b,S2,D1,1,10,0.0009765625,3.010299956639812,581.1195838823343,3.3786022318740367,172.0,3,3,3,"{""SUCCESS"": 3}",0.0043588651122032,0.009548993613509199,0.0043583042877855,0.0199298114405389,0.0043588651122032,0.009548993613509199,0.0043583042877855,0.0199298114405389,0.6496733863521026,0.8696980126418867,0.6496175051505104,1.309803146423047,1.9997521271181808,1.9423049697073622,1.8274106454151773,1.999752136588728,0.2240521656349301,0.20722355352093771,0.1581341717392206,0.2394843231886625,2207,1.8274106454151773,0.0199298114405389,0.0199298114405389,1.309803146423047,0.2394843231886625,SUCCESS,1.0,1.0,1.0,1.0
task-v2-3f363bac5736,g-60667963f6db3f1b,v2-S2-b000-g-60667963f6db3f1b,S2,D1,2,10,0.0009765625,3.010299956639812,581.1195838823343,3.3786022318740367,172.0,3,3,3,"{""SUCCESS"": 3}",0.0064054210845946,0.008728582737235665,0.0042403499805832,0.0155399771465292,0.0064054210845946,0.008728582737235665,0.0042403499805832,0.0155399771465292,0.8168476416502248,0.8854332112053243,0.6377016595446661,1.201750332421082,1.93726317638217,1.9203664431123313,1.8763979305029184,1.9474382224519056,0.2853461010381579,0.2846743203699588,0.2826780434697866,0.285998816601932,2207,1.8763979305029184,0.0155399771465292,0.0155399771465292,1.201750332421082,0.285998816601932,SUCCESS,1.0,1.0,1.0,1.0
task-v2-3f363bac5736,g-60667963f6db3f1b,v2-S2-b000-g-60667963f6db3f1b,S2,D1,3,10,0.0009765625,3.010299956639812,581.1195838823343,3.3786022318740367,172.0,3,3,3,"{""SUCCESS"": 3}",0.0001684157655081,0.0002610415906222667,0.0001513256565989,0.0004633833497598,0.0001684157655081,0.0002610415906222667,0.0001513256565989,0.0004633833497598,-0.7633172997078159,-0.6322881315774618,-0.8097874763766114,-0.323759618647958,1.7611338958773326,1.7651642440873594,1.7348423196756952,1.79951651670905,0.3415861623361707,0.3384213335812092,0.3285463098436594,0.3451315285637975,1103,1.7348423196756952,0.0004633833497598,0.0004633833497598,-0.323759618647958,0.3415861623361707,SUCCESS,1.0,1.0,1.0,1.0
task-v2-f1a738d52e35,g-60667963f6db3f1b,v2-S2-b000-g-60667963f6db3f1b,S2,D2,1,10,0.001953125,2.709269960975831,588.8463564880509,3.4235253284189007,172.0,3,3,3,"{""SUCCESS"": 3}",0.0126486102084648,0.0281743255510188,0.0126438333887309,0.0592305330558607,0.0072859062443614,0.017523049831065833,0.0072814998281579,0.0380017434206782,0.8113127701277278,1.034759032545619,0.8111487253632795,1.48181560214585,1.9346363002739608,1.8755618097299236,1.7574127820585534,1.9346363468572567,0.1446358347311616,0.17096252335856357,0.133655272424221,0.2345964629203081,2207,1.7574127820585534,0.0592305330558607,0.0380017434206782,1.48181560214585,0.2345964629203081,SUCCESS,0.5760242528056999,0.5978360192151858,0.5758933706487873,0.6415904341910702
task-v2-f1a738d52e35,g-60667963f6db3f1b,v2-S2-b000-g-60667963f6db3f1b,S2,D2,2,10,0.001953125,2.709269960975831,588.8463564880509,3.4235253284189007,172.0,3,3,3,"{""SUCCESS"": 3}",0.0197278087985491,0.019820054277816166,0.0114882753098701,0.0282440787250293,0.0120701078875866,0.009921602967084333,0.0047393104042268,0.0129553906094396,1.0043488110761574,0.9780236603349642,0.7695247956147193,1.160197374314016,1.789972766722728,1.7360351221424868,1.5242604748595223,1.8938721248452108,0.2843608800321817,0.285838417087992,0.2805116791278124,0.2926426921039819,2207,1.5242604748595223,0.0282440787250293,0.0120701078875866,1.160197374314016,0.2805116791278124,SUCCESS,0.4273500298981393,0.49886386567145163,0.4125345429487678,0.6567070241674476
task-v2-f1a738d52e35,g-60667963f6db3f1b,v2-S2-b000-g-60667963f6db3f1b,S2,D2,3,10,0.001953125,2.709269960975831,588.8463564880509,3.4235253284189007,172.0,3,3,3,"{""SUCCESS"": 3}",0.0079283861104386,0.013897657566273133,0.0036703094195684,0.0300942771688124,0.0069522158064065,0.012379968829132998,0.0036585676688503,0.0265291230121422,0.6084547530017002,0.6900604232549267,0.2739726392733455,1.1877538774897345,1.7310942254080857,1.7794895649006814,1.730182208754327,1.8771922605396312,0.343909909017384,0.342535022025307,0.33884665556252,0.344848501496017,1103,1.730182208754327,0.0079283861104386,0.0069522158064065,0.6084547530017002,0.33884665556252,SUCCESS,0.8815338166565164,0.9184037475170599,0.8768765432921042,0.9968008826025592
task-v2-a0f813383468,g-60667963f6db3f1b,v2-S2-b000-g-60667963f6db3f1b,S2,D3,1,10,0.0029296875,2.533178701920149,586.223812038228,3.408277976966441,172.0,3,3,3,"{""SUCCESS"": 3}",0.0150332370350904,0.04041037447895194,0.0150279267574699,0.0911699596442955,0.00670598382432,0.017382800986294467,0.0067022971377517,0.0387401219968117,0.7102312071319212,0.97111314776115,0.7100777716689531,1.4930304644825756,1.9124771371189,1.846696340688487,1.7151345775714413,1.9124773073751204,0.2173950234428048,0.19001247733831406,0.0916081527248025,0.2610342558473348,2207,1.7151345775714413,0.0911699596442955,0.0387401219968117,1.4930304644825756,0.2610342558473348,SUCCESS,0.4459894731933121,0.43899621569539476,0.4249220044404797,0.4460771694523925
task-v2-a0f813383468,g-60667963f6db3f1b,v2-S2-b000-g-60667963f6db3f1b,S2,D3,2,10,0.0029296875,2.533178701920149,586.223812038228,3.408277976966441,172.0,3,3,3,"{""SUCCESS"": 3}",0.0453993938747525,0.038669345727273964,0.0140469351739137,0.0565617081331557,0.0128918693315081,0.0114305096711425,0.0039304144048983,0.0174692452770211,1.1902287565700391,1.0522300850100752,0.6807602800934447,1.285701218366742,1.519600850974557,1.6264860762210984,1.4862253921164332,1.8736319855723045,0.2910138247534632,0.2895071692764759,0.2832427900284529,0.2942648930475116,2207,1.4862253921164332,0.0565617081331557,0.0174692452770211,1.285701218366742,0.2910138247534632,SUCCESS,0.2839656707108057,0.29087478780734655,0.279805833531388,0.308852859179846
task-v2-a0f813383468,g-60667963f6db3f1b,v2-S2-b000-g-60667963f6db3f1b,S2,D3,3,10,0.0029296875,2.533178701920149,586.223812038228,3.408277976966441,172.0,3,3,3,"{""SUCCESS"": 3}",0.0110490620587291,0.0385075062064403,0.005551227793741,0.0989222287668508,0.0074836411602986,0.017521001467439967,0.0042944371155506,0.0407849261264707,0.5765041147822554,0.7941814867312806,0.2775677508219852,1.5284725945896014,1.7168371425882276,1.7127106221266022,1.6957575501871576,1.725537173604421,0.3410552553832531,0.3410372482612729,0.3409835211932659,0.3410729682072997,3301,1.6957575501871576,0.0989222287668508,0.0407849261264707,1.5284725945896014,0.3410552553832531,SUCCESS,0.6773100848308043,0.6210680778885214,0.4122928348348934,0.7736013139998663
task-v2-6996479d6302,g-60667963f6db3f1b,v2-S2-b000-g-60667963f6db3f1b,S2,D4,1,10,0.00390625,2.4082399653118496,564.2177030428672,3.2803354828073674,172.0,3,3,3,"{""SUCCESS"": 3}",0.0106993656105673,0.046742641499347974,0.0106979324897913,0.1188306263976853,0.0029335696681188,0.015079184461407132,0.0029334883077477,0.0393704954083549,0.4375979934645661,0.786102054483841,0.4375398182274018,1.4831683517595546,1.6126142241558925,1.5536723540101083,1.4357886134778677,1.6126142243965649,0.0882785664871335,0.13471938297152516,0.0751072810962796,0.2407723013311624,2207,1.4357886134778677,0.1188306263976853,0.0393704954083549,1.4831683517595546,0.2407723013311624,SUCCESS,0.2742183754588289,0.29323616018557247,0.2741740412020754,0.3313160638958131
task-v2-6996479d6302,g-60667963f6db3f1b,v2-S2-b000-g-60667963f6db3f1b,S2,D4,2,10,0.00390625,2.4082399653118496,564.2177030428672,3.2803354828073674,172.0,3,3,3,"{""SUCCESS"": 3}",0.0575229919921651,0.08147500788098687,0.0208944086691845,0.166007622981611,0.01637879063906,0.0256295119157561,0.0050861899095585,0.0554235551986498,1.168081432601368,1.1749064930060094,0.7282700500356153,1.628367996381045,1.5711715778007558,1.5556313427277575,1.359232437207909,1.7364900131746082,0.2859001643955707,0.2844181408484776,0.2791040707379579,0.2882501874119043,2207,1.359232437207909,0.166007622981611,0.0554235551986498,1.628367996381045,0.2882501874119043,SUCCESS,0.2847346786358214,0.28733989238749613,0.2434234914271455,0.3338615070995215
task-v2-6996479d6302,g-60667963f6db3f1b,v2-S2-b000-g-60667963f6db3f1b,S2,D4,3,10,0.00390625,2.4082399653118496,564.2177030428672,3.2803354828073674,172.0,3,3,3,"{""SUCCESS"": 3}",0.0389518345687185,0.0764909027807631,0.0221681232691571,0.1683527505044137,0.0054239310975243,0.0222742061697087,0.004953181671165,0.0564455057404368,0.9987678823732744,1.1290656523039915,0.7539688930520073,1.6344601814866926,1.571181160049544,1.6086344117466609,1.3623349023653857,1.8923871728250523,0.3315931791439652,0.33488476493706304,0.3308505676686764,0.3422105479985475,3301,1.3623349023653857,0.1683527505044137,0.0564455057404368,1.6344601814866926,0.3315931791439652,SUCCESS,0.2446725431679079,0.23570513635700074,0.1271617043460872,0.3352811615570071
task-v2-4d2b9f5eb099,g-6aa6775bed3bc2cc,v2-S2-b001-g-6aa6775bed3bc2cc,S2,D1,1,10,0.0009765625,3.010299956639812,600.6102809101112,3.491920237849484,172.0,3,3,3,"{""SUCCESS"": 3}",0.0028630838931384,0.004583602949098933,0.0028615771620861,0.0080261477920723,0.0028630838931384,0.004583602949098933,0.0028615771620861,0.0080261477920723,0.4671340304012958,0.6162821857585294,0.4669054177409058,0.9148071091333868,1.8911032330332247,1.8333018313187968,1.7176988897017411,1.891103371221425,0.2051640385761857,0.21392285823822021,0.1964879771694541,0.2401165589690208,2207,1.7176988897017411,0.0080261477920723,0.0080261477920723,0.9148071091333868,0.2051640385761857,SUCCESS,1.0,1.0,1.0,1.0
task-v2-4d2b9f5eb099,g-6aa6775bed3bc2cc,v2-S2-b001-g-6aa6775bed3bc2cc,S2,D1,2,10,0.0009765625,3.010299956639812,600.6102809101112,3.491920237849484,172.0,3,3,3,"{""SUCCESS"": 3}",0.0054770428902372,0.005770095640106834,0.0051368521648854,0.0066963918651979,0.0054770428902372,0.005770095640106834,0.0051368521648854,0.0066963918651979,0.7488460985034981,0.7686613130442557,0.7209970238439334,0.8361408167853355,1.6566276406834683,1.7018664902667666,1.6436858706178623,1.805285959498969,0.2854516245424747,0.2865727866689363,0.2827655021101236,0.2915012333542108,2207,1.6436858706178623,0.0066963918651979,0.0066963918651979,0.8361408167853355,0.2915012333542108,SUCCESS,1.0,1.0,1.0,1.0
task-v2-4d2b9f5eb099,g-6aa6775bed3bc2cc,v2-S2-b001-g-6aa6775bed3bc2cc,S2,D1,3,10,0.0009765625,3.010299956639812,600.6102809101112,3.491920237849484,172.0,3,3,3,"{""SUCCESS"": 3}",0.0007063208723795,0.0030904230673089,0.00023880866542,0.0083261396641272,0.0007063208723795,0.0030904230673089,0.00023880866542,0.0083261396641272,-0.1406980031499282,0.05946522774739752,-0.6116499617913697,0.9307436481834904,1.7079828469880065,1.692284581237871,1.6199367613052311,1.748934135420376,0.3456575702875852,0.34186875633895397,0.333941513672471,0.3460071850568056,1103,1.6199367613052311,0.0007063208723795,0.0007063208723795,-0.1406980031499282,0.3456575702875852,SUCCESS,1.0,1.0,1.0,1.0
task-v2-2d64318cb7be,g-6aa6775bed3bc2cc,v2-S2-b001-g-6aa6775bed3bc2cc,S2,D2,1,10,0.001953125,2.709269960975831,592.072594714825,3.442282527411773,172.0,3,3,3,"{""SUCCESS"": 3}",0.0037169066830665,0.0037167049903542334,0.0037145788698987,0.0037186294180975,0.0022810540535677,0.0022809374273897666,0.0022796333891921,0.0022821248394095,0.2794516187791209,0.27942800845376947,0.2791795449280632,0.2796528616541244,1.815244347215735,1.8152443651385137,1.8152443470337216,1.815244401166084,0.1687977882102131,0.1730962783719102,0.1626325901597738,0.1878584567457437,1103,1.8152443470337216,0.0037186294180975,0.0022821248394095,0.2796528616541244,0.1626325901597738,SUCCESS,0.6136990138142391,0.6136988091550967,0.6136968850898783,0.6137005285611729
task-v2-2d64318cb7be,g-6aa6775bed3bc2cc,v2-S2-b001-g-6aa6775bed3bc2cc,S2,D2,2,10,0.001953125,2.709269960975831,592.072594714825,3.442282527411773,172.0,3,3,3,"{""SUCCESS"": 3}",0.0127221086448705,0.0116080599216131,0.0086736605452379,0.0134284105747309,0.0077000854112304,0.0070544881066038,0.004957855194538,0.008505523714043,0.8138290610409236,0.7661986719457895,0.6474723824530009,0.8372945723434444,1.608616420859187,1.6341322855175597,1.564057493309508,1.7297229423839835,0.307429458014667,0.3056139896313349,0.2863309374079108,0.3230815734714269,2207,1.564057493309508,0.0134284105747309,0.008505523714043,0.8372945723434444,0.307429458014667,SUCCESS,0.6052522915951529,0.6034162949876315,0.571598942416531,0.6333976509512105
task-v2-2d64318cb7be,g-6aa6775bed3bc2cc,v2-S2-b001-g-6aa6775bed3bc2cc,S2,D2,3,10,0.001953125,2.709269960975831,592.072594714825,3.442282527411773,172.0,3,3,3,"{""SUCCESS"": 3}",0.0173147143960702,0.019118526069008598,0.0003720006508744,0.0396688631600812,0.0091010012444031,0.010977475045204401,0.0002309703471334,0.0236004535440767,0.9476852932902065,0.511739556509201,-0.7201863392741403,1.3077197155115368,1.622348278007437,1.61666782982475,1.5497861594203717,1.677869052046442,0.3451712038367986,0.36464341916143894,0.3394777067005634,0.4092813469469547,3301,1.5497861594203717,0.0396688631600812,0.0236004535440767,1.3077197155115368,0.4092813469469547,SUCCESS,0.5949364731940656,0.5804819294592966,0.5256223715979208,0.6208869435859035
task-v2-3cd2eda112d3,g-6aa6775bed3bc2cc,v2-S2-b001-g-6aa6775bed3bc2cc,S2,D3,1,10,0.0029296875,2.533178701920149,564.3824896235078,3.28129354432272,172.0,3,3,3,"{""SUCCESS"": 3}",0.0061888829848733,0.018693324529877667,0.0061888371435324,0.0437022534612273,0.0045903083358522,0.013465976878850566,0.0045901856946212,0.0312174366060783,0.3247909733503641,0.6077537544202135,0.3247877564992506,1.173682533411026,1.5123862404007573,1.467016770517206,1.3762778294100118,1.512386241740849,0.1203588284552097,0.13068580006559682,0.0869458466768264,0.1847527250647544,2207,1.3762778294100118,0.0437022534612273,0.0312174366060783,1.173682533411026,0.1847527250647544,SUCCESS,0.7416879113418142,0.7325703757660483,0.7143209819551863,0.7417022340011444
task-v2-3cd2eda112d3,g-6aa6775bed3bc2cc,v2-S2-b001-g-6aa6775bed3bc2cc,S2,D3,2,10,0.0029296875,2.533178701920149,564.3824896235078,3.28129354432272,172.0,3,3,3,"{""SUCCESS"": 3}",0.0275603140949762,0.04150527023565513,0.0149713906481671,0.0819841059638221,0.016935087894596,0.027615463461426334,0.0102554963417362,0.0556558061479468,0.9734628646817778,1.0429373587063486,0.708440844465927,1.446908366971341,1.4826819988714406,1.5293527548089907,1.3145104902933211,1.79086577526221,0.2876044455915689,0.284671016347905,0.2786485534161329,0.2877600500360131,2207,1.3145104902933211,0.0819841059638221,0.0556558061479468,1.446908366971341,0.2876044455915689,SUCCESS,0.6788609266838445,0.6594469594328155,0.6144736898221002,0.6850062617925018
task-v2-3cd2eda112d3,g-6aa6775bed3bc2cc,v2-S2-b001-g-6aa6775bed3bc2cc,S2,D3,3,10,0.0029296875,2.533178701920149,564.3824896235078,3.28129354432272,172.0,3,3,3,"{""SUCCESS"": 3}",0.005974626108089,0.018987748146231033,0.0012562541913762,0.0497323641392279,0.0051503050915594,0.013567152710732298,0.001194257968625,0.0343568950720125,0.3094894342558894,0.3905211555765787,-0.3677437743293775,1.2298178068032242,1.4390173276530491,1.4323203613459985,1.3763874155761244,1.481556340808822,0.3374562952667475,0.3362842819963892,0.3332891762256622,0.338107374496758,2207,1.3763874155761244,0.0497323641392279,0.0343568950720125,1.2298178068032242,0.3374562952667475,SUCCESS,0.8620296899560672,0.8345051257981385,0.6908357498515223,0.950649937586826
task-v2-f4789f22d2c1,g-6aa6775bed3bc2cc,v2-S2-b001-g-6aa6775bed3bc2cc,S2,D4,1,10,0.00390625,2.4082399653118496,556.4171329456178,3.234983331079173,172.0,3,3,3,"{""SUCCESS"": 3}",0.006620242149279,0.026113381097578502,0.006620061590585,0.0650998395528715,0.0035317922975036,0.0152680531282317,0.0035317334070274,0.0387406336801641,0.2291138402760782,0.5600119063552618,0.2291019952842953,1.221819883505412,1.4546433027554004,1.4015928045641812,1.2954917959219172,1.454643315015226,0.1414177194237709,0.14894438317666447,0.0926363002508878,0.2127791298553347,2207,1.2954917959219172,0.0650998395528715,0.0387406336801641,1.221819883505412,0.2127791298553347,SUCCESS,0.5334895089269694,0.5540230163892417,0.5334838541953164,0.5950956860454392
task-v2-f4789f22d2c1,g-6aa6775bed3bc2cc,v2-S2-b001-g-6aa6775bed3bc2cc,S2,D4,2,10,0.00390625,2.4082399653118496,556.4171329456178,3.234983331079173,172.0,3,3,3,"{""SUCCESS"": 3}",0.0054904300724983,0.007309807409598233,0.0031960433456359,0.0132429488106605,0.0029494702702015,0.0038749534887404335,0.0014108225185536,0.0072645676774662,0.1478463299436146,0.19697454053448482,-0.0871473739827233,0.5302246656425632,1.6068369693945606,1.593171176828015,1.4475328873882962,1.7251436737011885,0.2913502743467688,0.291710002037386,0.2898124894127249,0.2939672423526644,1103,1.4475328873882962,0.0132429488106605,0.0072645676774662,0.5302246656425632,0.2898124894127249,SUCCESS,0.537202046334315,0.509063690895548,0.4414278424853141,0.5485611838670148
task-v2-f4789f22d2c1,g-6aa6775bed3bc2cc,v2-S2-b001-g-6aa6775bed3bc2cc,S2,D4,3,10,0.00390625,2.4082399653118496,556.4171329456178,3.234983331079173,172.0,3,3,3,"{""SUCCESS"": 3}",0.0104007387112487,0.028133829702781266,0.0049589867571743,0.0690417636399208,0.0058289647016906,0.016981806414639065,0.0036984600202052,0.0414179945220214,0.4253041514207966,0.5920963024224237,0.1036329138340937,1.247351842012381,1.4461835723589087,1.4329526337353817,1.2968862023668164,1.5557881264804203,0.3379501225426793,0.3391272205238541,0.3325204066932201,0.3469111323356628,2207,1.2968862023668164,0.0690417636399208,0.0414179945220214,1.247351842012381,0.3379501225426793,SUCCESS,0.5998976900131358,0.6353816251905747,0.5604375673226437,0.7458096182359448
task-v2-4968f3a685c2,g-8a16a856f5377a40,v2-S3-b000-g-8a16a856f5377a40,S3,D1,1,13,0.0001220703125,3.9133899436317554,635.0755922121598,3.692299954721859,172.0,3,3,3,"{""SUCCESS"": 3}",0.0040658242750917,0.004025805328491133,0.0038773987546884,0.0041341929556933,0.0040658242750917,0.004025805328491133,0.0038773987546884,0.0041341929556933,1.5225385481336868,1.5180832148418422,1.5019304101163138,1.529780686275526,1.6597446271977252,1.6608341044003572,1.656708745216435,1.6660489407869117,0.3751809047535062,0.39663400997718173,0.3727512136101722,0.4419699115678668,2207,1.656708745216435,0.0041341929556933,0.0041341929556933,1.529780686275526,0.3751809047535062,SUCCESS,1.0,1.0,1.0,1.0
task-v2-4968f3a685c2,g-8a16a856f5377a40,v2-S3-b000-g-8a16a856f5377a40,S3,D1,2,13,0.0001220703125,3.9133899436317554,635.0755922121598,3.692299954721859,172.0,3,3,3,"{""SUCCESS"": 3}",0.0036516813599151,0.0027624958773664,0.000757162743766,0.0038786435284181,0.0036516813599151,0.0027624958773664,0.000757162743766,0.0038786435284181,1.475882818280445,1.2568439363115929,0.7925791799656814,1.5020698106886523,1.723243703630919,1.673979479933961,1.5661662043649591,1.7325285318060049,0.5849960744380951,0.5712446393445134,0.54289435967803,0.5858434839174151,1103,1.5661662043649591,0.000757162743766,0.000757162743766,0.7925791799656814,0.54289435967803,SUCCESS,1.0,1.0,1.0,1.0
task-v2-4968f3a685c2,g-8a16a856f5377a40,v2-S3-b000-g-8a16a856f5377a40,S3,D1,3,13,0.0001220703125,3.9133899436317554,635.0755922121598,3.692299954721859,172.0,3,3,3,"{""SUCCESS"": 3}",0.0002844438852502,0.00022656699584149917,1.117364248697446e-06,0.0003941397380256,0.0002844438852502,0.00022656699584149917,1.117364248697446e-06,0.0003941397380256,0.3673865457164641,-0.38732952397254167,-2.038415284853149,0.5090401672190599,1.4040450075077988,1.4210696194840562,1.3634444461393376,1.4957194048050328,0.7333133909851313,0.7322388694932064,0.7285503791645169,0.7348528383299708,2207,1.3634444461393376,1.117364248697446e-06,1.117364248697446e-06,-2.038415284853149,0.7348528383299708,SUCCESS,1.0,1.0,1.0,1.0
task-v2-8f4071cbe937,g-8a16a856f5377a40,v2-S3-b000-g-8a16a856f5377a40,S3,D2,1,13,0.000244140625,3.612359947967774,628.2184532269753,3.6524328675986935,172.0,3,3,3,"{""SUCCESS"": 3}",0.0082287782980495,0.0077522030989317335,0.0067291159391388,0.0082987150596069,0.0040179423612673,0.0037925849565136004,0.0033053880488013,0.0040544244594722,1.527695309571251,1.4997946898908172,1.4403179590010415,1.531370801100159,1.573495350586951,1.605356173339166,1.5723580177319838,1.6702151516985633,0.3699813289567828,0.3701193695887923,0.3697308478876948,0.3706459319218993,3301,1.5723580177319838,0.0082287782980495,0.0040179423612673,1.527695309571251,0.3699813289567828,SUCCESS,0.4885605097115233,0.48934890701870287,0.4882793308722011,0.4912068804723841
task-v2-8f4071cbe937,g-8a16a856f5377a40,v2-S3-b000-g-8a16a856f5377a40,S3,D2,2,13,0.000244140625,3.612359947967774,628.2184532269753,3.6524328675986935,172.0,3,3,3,"{""SUCCESS"": 3}",0.0063045427600074,0.0075441373260045665,0.0060773820197287,0.0102504871982776,0.0030173718268976,0.0032643009744123333,0.0024545190596027,0.0043210120367367,1.4120135426030578,1.4770648275865323,1.396076484602337,1.6231044555542025,1.6202989530598306,1.652650183215273,1.553451696088962,1.7841999004970264,0.5511415079236031,0.5490142935886979,0.5392197165638208,0.5566816562786698,1103,1.553451696088962,0.0063045427600074,0.0030173718268976,1.4120135426030578,0.5392197165638208,SUCCESS,0.4215421133800126,0.4346742042602916,0.4038776979355218,0.4786028014653404
task-v2-8f4071cbe937,g-8a16a856f5377a40,v2-S3-b000-g-8a16a856f5377a40,S3,D2,3,13,0.000244140625,3.612359947967774,628.2184532269753,3.6524328675986935,172.0,3,3,3,"{""SUCCESS"": 3}",0.00018080444173,0.00046619168518102864,5.788802992208579e-05,0.001159882583891,6.649516902297725e-05,0.0002043726483953721,2.9719877789439017e-05,0.0005169028983737,-0.1304309566719667,-0.026236087899137856,-0.6250512823674074,0.6767739753419605,1.3700371591508504,1.3806672465285892,1.3120680130486255,1.459896567386291,0.7276496319100261,0.727028270252049,0.7189581980928779,0.734476980753243,2207,1.3120680130486255,5.788802992208579e-05,2.9719877789439017e-05,-0.6250512823674074,0.7276496319100261,SUCCESS,0.4456510560230546,0.4422759517012133,0.3677739793708734,0.5134028197097119
task-v2-5de325b6f026,g-8a16a856f5377a40,v2-S3-b000-g-8a16a856f5377a40,S3,D3,1,13,0.0003662109375,3.436268688912093,627.7759249372859,3.649860028705151,172.0,3,3,3,"{""SUCCESS"": 3}",0.0128681276714775,0.013070087264858166,0.012769214509071,0.013572919614026,0.0084295381843579,0.008582823184335333,0.0083795362958302,0.0089393950728179,1.545784050027878,1.552386295846829,1.5424328716204456,1.5689419658921635,1.5680696968714027,1.5686935344547583,1.561751871478466,1.5762590350144066,0.3714484507218003,0.3715909815703829,0.371154204942286,0.3721702890470624,2207,1.561751871478466,0.0128681276714775,0.0084295381843579,1.545784050027878,0.371154204942286,SUCCESS,0.6562295816925552,0.6566401872575288,0.6550710716868456,0.6586199083931856
task-v2-5de325b6f026,g-8a16a856f5377a40,v2-S3-b000-g-8a16a856f5377a40,S3,D3,2,13,0.0003662109375,3.436268688912093,627.7759249372859,3.649860028705151,172.0,3,3,3,"{""SUCCESS"": 3}",0.009742829274044,0.0119394729288735,0.0088456744928828,0.0172299150196937,0.0063252609773233,0.007371081771851434,0.0051282575523219,0.0106597267859091,1.4249537812812472,1.4935017495074188,1.382999642875611,1.672551824365398,1.6044433005653302,1.6448913360641584,1.5459860591715722,1.784244648455573,0.534283653832972,0.5342614185065031,0.5328684095293283,0.5356321921572089,1103,1.5459860591715722,0.009742829274044,0.0063252609773233,1.4249537812812472,0.534283653832972,SUCCESS,0.6186755287954164,0.6158817357065797,0.5797474863503201,0.6492221919740025
task-v2-5de325b6f026,g-8a16a856f5377a40,v2-S3-b000-g-8a16a856f5377a40,S3,D3,3,13,0.0003662109375,3.436268688912093,627.7759249372859,3.649860028705151,172.0,3,3,3,"{""SUCCESS"": 3}",0.0002870434807039,0.0005929688537262131,5.485345535543948e-05,0.0014370096251193,0.0001644616076857,0.0003476256786851967,3.5160951432990195e-05,0.0008432544769369,-0.1057836234148621,-0.11219419282422649,-0.8245273210270436,0.5937283659692263,1.368878263466886,1.3837485118060855,1.3213400887533846,1.4610271831979866,0.6878702873364091,0.6877571254347762,0.6801624875515699,0.6952386014163494,2207,1.3213400887533846,5.485345535543948e-05,3.5160951432990195e-05,-0.8245273210270436,0.6878702873364091,SUCCESS,0.5868119894234698,0.6002533598032346,0.5729501582214214,0.6409979317648127
task-v2-eb1005d46905,g-8a16a856f5377a40,v2-S3-b000-g-8a16a856f5377a40,S3,D4,1,13,0.00048828125,3.311329952303793,622.5323295048958,3.6193740087493937,172.0,3,3,3,"{""SUCCESS"": 3}",0.0240191302817257,0.0178573551775017,0.0035630129488216,0.0259899223019578,0.0103141071076189,0.007415047601690834,0.0006505725024263,0.0112804631950273,1.691887230113161,1.4270565055207738,0.863147352985308,1.726134933463852,1.484214597941118,1.6167379465389253,1.4586827983504502,1.907316443325208,0.3774800691753626,0.37690935656428337,0.3755436213687062,0.3777043791487813,2207,1.4586827983504502,0.0259899223019578,0.0112804631950273,1.726134933463852,0.3777043791487813,SUCCESS,0.4294121804845747,0.34867831147064754,0.1825905523698613,0.4340322015575066
task-v2-eb1005d46905,g-8a16a856f5377a40,v2-S3-b000-g-8a16a856f5377a40,S3,D4,2,13,0.00048828125,3.311329952303793,622.5323295048958,3.6193740087493937,172.0,3,3,3,"{""SUCCESS"": 3}",0.0091570515128475,0.015175804150247399,0.0087706267156351,0.0275997342222596,0.0018330235279534,0.0034533559290992996,0.0007495579806446,0.0077774862786999,1.2730856096141434,1.4265603472265074,1.2543605798109256,1.7522348522544526,1.762903332195945,1.7166686530102178,1.515837039047168,1.87126558778754,0.5561564853414893,0.5529353180900216,0.5445191934704781,0.5581302754580975,2207,1.515837039047168,0.0275997342222596,0.0077774862786999,1.7522348522544526,0.5561564853414893,SUCCESS,0.2001761730161334,0.18914472443758712,0.0854623055965216,0.2817956947001063
task-v2-eb1005d46905,g-8a16a856f5377a40,v2-S3-b000-g-8a16a856f5377a40,S3,D4,3,13,0.00048828125,3.311329952303793,622.5323295048958,3.6193740087493937,172.0,3,3,3,"{""SUCCESS"": 3}",0.0156268209871174,0.017461134262889633,0.0046015382583044,0.0321550435432471,0.0153670607461927,0.015085591961185566,0.0040406261283472,0.0258490890090168,1.5052005894288027,1.432670877756437,0.9742329895109731,1.8185790543295348,1.379885248250827,1.3967973682343349,1.2863456020319182,1.5241612544202598,0.7313412101939321,0.7315754427885016,0.7230028491467237,0.7403822690248489,2207,1.2863456020319182,0.0156268209871174,0.0153670607461927,1.5052005894288027,0.7230028491467237,SUCCESS,0.8781033431711734,0.8884565749492149,0.8038890998312888,0.9833772818451826
task-v2-0c6c4504c3d3,g-8a16a856f5377a40,v2-S3-b000-g-8a16a856f5377a40,S3,D5,1,13,0.0006103515625,3.2144199392957367,621.7542354655588,3.6148502061951095,172.0,3,3,3,"{""SUCCESS"": 3}",0.0278919777091068,0.0212341231575683,0.0052682478090102,0.0305421439545879,0.0102340007842033,0.007477139472700133,0.0009296761907708,0.0112677414431263,1.659899248746452,1.4317682807779504,0.9360861345062323,1.6993194590811669,1.4548326863333227,1.5920338797878266,1.44332080617031,1.877948146859848,0.3769206460565328,0.3773156078532338,0.3749494608491659,0.3800767166540026,2207,1.44332080617031,0.0305421439545879,0.0112677414431263,1.6993194590811669,0.3800767166540026,SUCCESS,0.3669155658640108,0.3041025867886798,0.1764678170948644,0.3689243774071643
task-v2-0c6c4504c3d3,g-8a16a856f5377a40,v2-S3-b000-g-8a16a856f5377a40,S3,D5,2,13,0.0006103515625,3.2144199392957367,621.7542354655588,3.6148502061951095,172.0,3,3,3,"{""SUCCESS"": 3}",0.0135893597665916,0.020130670864583998,0.011093043916203,0.0357096089109574,0.001895092682433,0.0039575161377188,0.0012769129042623,0.0087005428264611,1.3476189356613344,1.4580982134763032,1.2594706716146264,1.767205033152949,1.7271813585777376,1.6982596733305442,1.5069255612077626,1.860672100206132,0.5505163734778762,0.5519182588905096,0.5487138200551271,0.5565245831385255,2207,1.5069255612077626,0.0357096089109574,0.0087005428264611,1.767205033152949,0.5487138200551271,SUCCESS,0.1708361290867094,0.1694824678061152,0.0939641694821783,0.2436471048494579
task-v2-0c6c4504c3d3,g-8a16a856f5377a40,v2-S3-b000-g-8a16a856f5377a40,S3,D5,3,13,0.0006103515625,3.2144199392957367,621.7542354655588,3.6148502061951095,172.0,3,3,3,"{""SUCCESS"": 3}",0.0109396252868735,0.016168477771483267,0.0034412948326484,0.0341245131949279,0.0106855097005541,0.013108417866840234,0.0028169805097968,0.0258227633901698,1.253422385732804,1.2506835371082,0.7511418216542655,1.74748640393753,1.3855528032441755,1.3920762425643745,1.2719140178881192,1.518761906560829,0.7417705850675702,0.7394088348373771,0.73212147410959,0.744334445334971,2207,1.2719140178881192,0.0109396252868735,0.0106855097005541,1.253422385732804,0.73212147410959,SUCCESS,0.8185815650177317,0.850691487878605,0.756721809998097,0.9767710886199864
task-v2-f0ef0f25a74e,g-8a16a856f5377a40,v2-S3-b000-g-8a16a856f5377a40,S3,D6,1,13,0.000732421875,3.135238693248112,611.7151341068267,3.556483337830388,172.0,3,3,3,"{""SUCCESS"": 3}",0.0049532096765757,0.015181189251521267,0.0049397914450768,0.0356505666329113,0.0013898171257464,0.006098262313187666,0.00138371280007,0.0155212570137466,0.8301254059372944,1.1154592810182173,0.8289473069158355,1.6873051302015225,1.8873135883516683,1.7204841986328205,1.3868237411302298,1.887315266416564,0.3812718354165554,0.381804708391428,0.3803845811635256,0.383757708594203,2207,1.3868237411302298,0.0356505666329113,0.0155212570137466,1.6873051302015225,0.3812718354165554,SUCCESS,0.2805891970047244,0.3320255956384117,0.2801156314906974,0.4353719584198134
task-v2-f0ef0f25a74e,g-8a16a856f5377a40,v2-S3-b000-g-8a16a856f5377a40,S3,D6,2,13,0.000732421875,3.135238693248112,611.7151341068267,3.556483337830388,172.0,3,3,3,"{""SUCCESS"": 3}",0.0182296846892534,0.02509411925225383,0.0130400081673173,0.0440126649001908,0.0041670702890922,0.0073610090262027665,0.003286634310557,0.0146293224789591,1.3960178501695957,1.4751169217681763,1.2505165566547314,1.778816358480202,1.6852294122733902,1.678154504718736,1.5372532578913214,1.8119808439914964,0.5599481053650379,0.5607074455668529,0.5574976364150643,0.5646765949204564,2207,1.5372532578913214,0.0440126649001908,0.0146293224789591,1.778816358480202,0.5646765949204564,SUCCESS,0.252042350617114,0.2710061174551818,0.228587074330957,0.3323889274174744
task-v2-f0ef0f25a74e,g-8a16a856f5377a40,v2-S3-b000-g-8a16a856f5377a40,S3,D6,3,13,0.000732421875,3.135238693248112,611.7151341068267,3.556483337830388,172.0,3,3,3,"{""SUCCESS"": 3}",0.0264472466113435,0.0258687487811311,0.0038824157746185,0.0472765839574313,0.0116661978224095,0.01708212940452933,0.0033265860819369,0.0362536043092416,1.5576191581356305,1.3639482253034387,0.7243407361380407,1.8098847816366448,1.3769420469493512,1.424816778333571,1.3607286723749443,1.536779615676418,0.7336765611544251,0.7332334658131003,0.7244345480576158,0.7415892882272601,1103,1.3607286723749443,0.0038824157746185,0.0033265860819369,0.7243407361380407,0.7244345480576158,SUCCESS,0.7668406063747117,0.6882622227705447,0.4411119990617765,0.8568340628751457
task-v2-69173fedcdae,g-8a16a856f5377a40,v2-S3-b000-g-8a16a856f5377a40,S3,D7,1,13,0.0008544921875,3.0682919036174985,595.649648294534,3.4630793505496165,172.0,3,3,3,"{""SUCCESS"": 3}",0.0046168576900812,0.004616856611511,0.0046168105108131,0.0046169016336387,0.001248893982275,0.0012489856308112335,0.0012488877798763,0.0012491751302824,0.7326383916914996,0.7326382902193984,0.7326339536512051,0.7326425253154905,1.7675924595714472,1.767592460742338,1.7675924591331538,1.767592463522413,0.1447874316945672,0.14807924255728716,0.1144452448934316,0.1850050510838627,2207,1.7675924591331538,0.0046168576900812,0.0012491751302824,0.7326383916914996,0.1850050510838627,SUCCESS,0.270508780239355,0.2705272734127793,0.2705047846754309,0.2705682553235521
task-v2-69173fedcdae,g-8a16a856f5377a40,v2-S3-b000-g-8a16a856f5377a40,S3,D7,2,13,0.0008544921875,3.0682919036174985,595.649648294534,3.4630793505496165,172.0,3,3,3,"{""SUCCESS"": 3}",0.0154426785922761,0.025209454221679167,0.0149246886815461,0.0452609953912153,0.0041899926547951,0.007452504289141266,0.0040588375847567,0.014108682627872,1.2570145362072225,1.4077425750332289,1.2421971844375506,1.724016004454913,1.6804249421250606,1.5381173308430551,1.252634297757721,1.6812927526463834,0.552538862451911,0.5522292458141843,0.5504172602668405,0.5537316147238016,2207,1.252634297757721,0.0452609953912153,0.014108682627872,1.724016004454913,0.5537316147238016,SUCCESS,0.2719545895637588,0.28499948211572806,0.271325510646247,0.3117183461371785
task-v2-69173fedcdae,g-8a16a856f5377a40,v2-S3-b000-g-8a16a856f5377a40,S3,D7,3,13,0.0008544921875,3.0682919036174985,595.649648294534,3.4630793505496165,172.0,3,3,3,"{""SUCCESS"": 3}",0.0376391866945274,0.0346274856442488,0.0060999342358516,0.0601433360023674,0.0143649179204729,0.021963777249279032,0.0055273958839622,0.045999017943402,1.643932134262863,1.44834286934216,0.8536170564707748,1.8474794172928417,1.359327304408583,1.394047419479201,1.2979051459430204,1.5249098080859995,0.7291270205751061,0.7291889932627479,0.7241098219528794,0.7343301372602582,2207,1.2979051459430204,0.0376391866945274,0.0143649179204729,1.643932134262863,0.7343301372602582,SUCCESS,0.7648231874199889,0.6842037884865279,0.3816479361537723,0.9061402418858224
task-v2-8792ce3c54d5,g-a712031e7959d564,v2-S3-b001-g-a712031e7959d564,S3,D1,1,13,0.0001220703125,3.9133899436317554,684.1287743341442,3.977492874035722,172.0,3,3,3,"{""SUCCESS"": 3}",0.0083506363298214,0.0082213705900938,0.0078141875549211,0.0084992878855389,0.0083506363298214,0.0082213705900938,0.0078141875549211,0.0084992878855389,1.8351095142052445,1.8280519240479836,1.8062737745146056,1.8427724834241008,1.703682152931154,1.7070618659580574,1.7013056771405293,1.716197767802488,0.3737546531483531,0.3891783142462373,0.3736545527353883,0.4201257368549704,2207,1.7013056771405293,0.0084992878855389,0.0084992878855389,1.8427724834241008,0.3737546531483531,SUCCESS,1.0,1.0,1.0,1.0
task-v2-8792ce3c54d5,g-a712031e7959d564,v2-S3-b001-g-a712031e7959d564,S3,D1,2,13,0.0001220703125,3.9133899436317554,684.1287743341442,3.977492874035722,172.0,3,3,3,"{""SUCCESS"": 3}",0.0063657223241751,0.0063271176367231665,0.0059405166357819,0.0066751139502125,0.0063657223241751,0.0063271176367231665,0.0059405166357819,0.0066751139502125,1.7172376341987676,1.7141001405915797,1.687214160046009,1.7378486275299625,1.7372070895330716,1.7563750480960005,1.6704437635456042,1.8614742912093265,0.5287993513047695,0.5289110510299603,0.5282874424010515,0.5296463593840599,2207,1.6704437635456042,0.0063657223241751,0.0063657223241751,1.7172376341987676,0.5296463593840599,SUCCESS,1.0,1.0,1.0,1.0
task-v2-8792ce3c54d5,g-a712031e7959d564,v2-S3-b001-g-a712031e7959d564,S3,D1,3,13,0.0001220703125,3.9133899436317554,684.1287743341442,3.977492874035722,172.0,3,3,3,"{""SUCCESS"": 3}",9.089776884822254e-05,0.00020725514917848182,6.75373281040229e-05,0.0004633303505832,9.089776884822254e-05,0.00020725514917848182,6.75373281040229e-05,0.0004633303505832,-0.1280568330890412,0.06471922635751726,-0.2570661811857055,0.5792806933472985,1.3416299380188574,1.3690157003397916,1.3360128356209424,1.429404327379575,0.7344180624932051,0.734832516250511,0.7123432736843824,0.7577362125739455,1103,1.3360128356209424,6.75373281040229e-05,6.75373281040229e-05,-0.2570661811857055,0.7577362125739455,SUCCESS,1.0,1.0,1.0,1.0
task-v2-5acbf653f95a,g-a712031e7959d564,v2-S3-b001-g-a712031e7959d564,S3,D2,1,13,0.000244140625,3.612359947967774,673.6335884281966,3.9164743513267246,172.0,3,3,3,"{""SUCCESS"": 3}",0.014698060469213,0.014889088580734502,0.0144871868797898,0.0154820183932007,0.0093986641836179,0.009523717891206198,0.0092222378279356,0.0099502516620651,1.7796199777437156,1.7850505050551035,1.7733440103752165,1.8021875270463783,1.590483952589504,1.5905690606291794,1.5862224341927529,1.5950007951052811,0.3792670322582125,0.3794583311925332,0.3768920488655567,0.3822159124538302,2207,1.5862224341927529,0.0154820183932007,0.0099502516620651,1.8021875270463783,0.3792670322582125,SUCCESS,0.6394492799444269,0.639575173017038,0.6365789234624286,0.6426973156442586
task-v2-5acbf653f95a,g-a712031e7959d564,v2-S3-b001-g-a712031e7959d564,S3,D2,2,13,0.000244140625,3.612359947967774,673.6335884281966,3.9164743513267246,172.0,3,3,3,"{""SUCCESS"": 3}",0.0112678715127597,0.012637584727176234,0.0085703615046103,0.0180745211641587,0.0076071163492277,0.007982787541495602,0.0052746550763997,0.0110665911988594,1.6642018340612763,1.6929958906148848,1.545359089161244,1.8694267486221343,1.5795989005784794,1.6221454254851775,1.5454985842359965,1.7413387916410563,0.5722766695544124,0.585252874220411,0.5484853712841868,0.6349965818226337,1103,1.5454985842359965,0.0112678715127597,0.0076071163492277,1.6642018340612763,0.5722766695544124,SUCCESS,0.6154530440241381,0.63428148346248,0.6122757609094585,0.6751156454538434
task-v2-5acbf653f95a,g-a712031e7959d564,v2-S3-b001-g-a712031e7959d564,S3,D2,3,13,0.000244140625,3.612359947967774,673.6335884281966,3.9164743513267246,172.0,3,3,3,"{""SUCCESS"": 3}",0.0013909516661811,0.006167771504563273,6.20052530240203e-05,0.0170503575944847,0.0009462003912587,0.003698421604990997,3.164715937668992e-05,0.0101174172643376,0.7556719870356513,0.6681846196145123,-0.5952115679742083,1.8440934397820936,1.4549157630954046,1.4660625806334526,1.317649718412082,1.6256222603928714,0.73910943698138,0.7399295112118125,0.7388206832110882,0.7418584134429693,1103,1.317649718412082,6.20052530240203e-05,3.164715937668992e-05,-0.5952115679742083,0.73910943698138,SUCCESS,0.5933844617786965,0.5946777470604919,0.51039481065306,0.6802539687497191
task-v2-ef23e17da545,g-a712031e7959d564,v2-S3-b001-g-a712031e7959d564,S3,D3,1,13,0.0003662109375,3.436268688912093,667.470846476573,3.880644456259145,172.0,3,3,3,"{""SUCCESS"": 3}",0.0187538733202256,0.01787958324647707,0.0146444968459738,0.0202403795732318,0.009223857802291,0.008783691171278167,0.0070873189669275,0.010039896744616,1.7093596669959137,1.6845967174452874,1.6019431437435752,1.7424873415963733,1.5283204542614963,1.5508873118999478,1.52271692737565,1.601624554062696,0.3815710721537471,0.38404911756515503,0.3811173904687166,0.3894588900730014,2207,1.52271692737565,0.0202403795732318,0.010039896744616,1.7424873415963733,0.3815710721537471,SUCCESS,0.4918374804389513,0.4906094469496555,0.4839578335445542,0.4960330268654611
task-v2-ef23e17da545,g-a712031e7959d564,v2-S3-b001-g-a712031e7959d564,S3,D3,2,13,0.0003662109375,3.436268688912093,667.470846476573,3.880644456259145,172.0,3,3,3,"{""SUCCESS"": 3}",0.0159821127216309,0.018314351190146034,0.011499434633958,0.0274615062148492,0.0084041043771827,0.009405432991974999,0.0063971436687368,0.0134150509300055,1.6399028783266807,1.6706136996381835,1.4969451778406622,1.874993042747208,1.5402577376571769,1.570647401848037,1.493807417621046,1.677877050265888,0.6105675948783755,0.6051103674496213,0.5431722784414887,0.6615912290289998,1103,1.493807417621046,0.0159821127216309,0.0084041043771827,1.6399028783266807,0.5431722784414887,SUCCESS,0.5258443938896902,0.5235496447235868,0.4885038287794887,0.5563007115015814
task-v2-ef23e17da545,g-a712031e7959d564,v2-S3-b001-g-a712031e7959d564,S3,D3,3,13,0.0003662109375,3.436268688912093,667.470846476573,3.880644456259145,172.0,3,3,3,"{""SUCCESS"": 3}",0.0010543416536876,0.0009851427089074332,0.0004395778371526,0.0014615086358821,0.0007495550062939,0.0006605716558416001,0.0003451788175746,0.0008869811436563,0.4592500533636531,0.3798748683062045,0.0793044767469546,0.6010700748080056,1.3147084168547702,1.3537635582811376,1.305341458090839,1.4412407998978038,0.8718903623521328,0.8716992782428861,0.8644215790554881,0.8787858933210373,2207,1.305341458090839,0.0010543416536876,0.0008869811436563,0.4592500533636531,0.8787858933210373,SUCCESS,0.7852507301335423,0.7131266708778177,0.5128638913868135,0.8412653911130972
task-v2-ac528a9510be,g-a712031e7959d564,v2-S3-b001-g-a712031e7959d564,S3,D4,1,13,0.00048828125,3.311329952303793,664.5498108360064,3.863661690907014,172.0,3,3,3,"{""SUCCESS"": 3}",0.0264187536897854,0.0256389339854645,0.0240688165535455,0.0264292317130626,0.0055468682703545,0.005649794502049966,0.0055255780337966,0.0058769372019988,1.7332422781327983,1.719813819381537,1.6927846891554663,1.7334144908563471,1.4940879222704395,1.5358232555520213,1.4936738528155424,1.619707991570082,0.379364020191133,0.38211625814437866,0.3754028566181659,0.391581897623837,2207,1.4936738528155424,0.0264292317130626,0.0055255780337966,1.7334144908563471,0.379364020191133,SUCCESS,0.2099594982975737,0.22106748502451948,0.2090707022355708,0.2441722545404139
task-v2-ac528a9510be,g-a712031e7959d564,v2-S3-b001-g-a712031e7959d564,S3,D4,2,13,0.00048828125,3.311329952303793,664.5498108360064,3.863661690907014,172.0,3,3,3,"{""SUCCESS"": 3}",0.0335991011779439,0.0312637699950414,0.0198077834232984,0.0403844253838819,0.0061749594068085,0.006090652771776333,0.0037751730709685,0.008321825837552,1.8376576118757693,1.7877891010476337,1.608165831129046,1.9175438601380856,1.495901513162344,1.5186556549278845,1.4686282741603391,1.5914371774609704,0.5567817762494087,0.5594560106595358,0.5556353088468313,0.5659509468823671,1103,1.4686282741603391,0.0198077834232984,0.0037751730709685,1.608165831129046,0.5556353088468313,SUCCESS,0.1905903851174014,0.19347969451537775,0.1837834701025305,0.2060652283262014
task-v2-ac528a9510be,g-a712031e7959d564,v2-S3-b001-g-a712031e7959d564,S3,D4,3,13,0.00048828125,3.311329952303793,664.5498108360064,3.863661690907014,172.0,3,3,3,"{""SUCCESS"": 3}",0.001409420162956,0.008430009580641601,0.0003729218415256,0.0235076867374432,0.0003240717610355,0.001593729506320768,1.201680639010443e-05,0.0044450999515367,0.4603704324620151,0.6752860173008317,-0.1170522275521652,1.6825398469926454,1.4598028559635194,1.437985119071806,1.333461140761226,1.5206913604906729,0.7280590180307627,0.7327224425971508,0.726759516634047,0.7433487931266427,1103,1.333461140761226,0.0003729218415256,1.201680639010443e-05,-0.1170522275521652,0.726759516634047,SUCCESS,0.1890913385559345,0.15041580460823206,0.0322233912096504,0.2299326840591113
task-v2-5b0627539151,g-a712031e7959d564,v2-S3-b001-g-a712031e7959d564,S3,D5,1,13,0.0006103515625,3.2144199392957367,652.7373228647818,3.79498443526036,172.0,3,3,3,"{""SUCCESS"": 3}",0.0052251910850856,0.017424100193700966,0.0052241358118852,0.0418229736841321,0.000378492920683,0.004586366138871733,0.0003784924376402,0.013002113058292,0.932522116505786,1.2335971208394099,0.9324343980653717,1.8358348479470723,1.8554393733499053,1.6934673303938272,1.3695232317041408,1.8554393861274363,0.383708524517715,0.38479959809531766,0.3090555788949132,0.4616346908733248,2207,1.3695232317041408,0.0418229736841321,0.013002113058292,1.8358348479470723,0.4616346908733248,SUCCESS,0.0724507270234346,0.1519237952144491,0.0724361874082169,0.3108844712116958
task-v2-5b0627539151,g-a712031e7959d564,v2-S3-b001-g-a712031e7959d564,S3,D5,2,13,0.0006103515625,3.2144199392957367,652.7373228647818,3.79498443526036,172.0,3,3,3,"{""SUCCESS"": 3}",0.0507838893067955,0.0447854365825471,0.0138750218354611,0.0696973986053847,0.0104706074244344,0.008051673225479533,0.0009948898812567,0.0126895223707475,1.9201458977435948,1.778145340109304,1.356653614550833,2.057636508033484,1.5066793519298336,1.5386303241116714,1.3261650789954538,1.7830465414097272,0.5491541549563408,0.5488780460630854,0.5458212150260806,0.5516587682068348,3301,1.3261650789954538,0.0696973986053847,0.0126895223707475,2.057636508033484,0.5458212150260806,SUCCESS,0.1820659396858351,0.15331643640141024,0.0717036623837283,0.2061797071346673
task-v2-5b0627539151,g-a712031e7959d564,v2-S3-b001-g-a712031e7959d564,S3,D5,3,13,0.0006103515625,3.2144199392957367,652.7373228647818,3.79498443526036,172.0,3,3,3,"{""SUCCESS"": 3}",0.0361098508844455,0.02753009157652943,0.0096326386650848,0.036847785180058,0.0119307941412088,0.014819129125677899,0.0081320489972751,0.0243945442385498,1.7720456343081028,1.5836807237223844,1.1981652088414254,1.7808313280176256,1.377748357705175,1.403969263094208,1.28128683834156,1.552872593235889,0.8367262976244092,0.8375337120766441,0.7287314040586352,0.947143434546888,1103,1.28128683834156,0.0096326386650848,0.0081320489972751,1.1981652088414254,0.7287314040586352,SUCCESS,0.6755648013228954,0.6145229790584099,0.3237859231676626,0.8442182126846717
task-v2-c5ed7c8b71f4,g-a712031e7959d564,v2-S3-b001-g-a712031e7959d564,S3,D6,1,13,0.000732421875,3.135238693248112,641.8471006207749,3.731669189655668,172.0,3,3,3,"{""SUCCESS"": 3}",0.004495795160687,0.019360813431505735,0.0044954919628814,0.0490911531709488,0.0002824790810568,0.0044428951804546995,0.000282375121111,0.0127638313391963,0.7880452087517568,1.1341010182608946,0.7880159188109233,1.826241927220004,1.7845153018068385,1.623194848584161,1.300553934864055,1.7845153090815902,0.2189607080072164,0.2581264084825912,0.122501372359693,0.4329171450808644,2207,1.300553934864055,0.0490911531709488,0.0127638313391963,1.826241927220004,0.4329171450808644,SUCCESS,0.0628318397437084,0.1285491569285827,0.0628129520511995,0.2600026789908402
task-v2-c5ed7c8b71f4,g-a712031e7959d564,v2-S3-b001-g-a712031e7959d564,S3,D6,2,13,0.000732421875,3.135238693248112,641.8471006207749,3.731669189655668,172.0,3,3,3,"{""SUCCESS"": 3}",0.0202206531001479,0.023530468154027633,0.0142088374370746,0.0361619139248604,0.0019065422944088,0.0026952819758720332,0.001248396305237,0.0049309073279703,1.4410338718626277,1.4741070706689292,1.2877972387816372,1.6934901013625228,1.596556342621679,1.5544859315461779,1.3571879478504911,1.7097135041663634,0.641598884947598,0.64249412342906,0.6402937490493059,0.645589736290276,2207,1.3571879478504911,0.0361619139248604,0.0049309073279703,1.6934901013625228,0.6402937490493059,SUCCESS,0.0942868801005687,0.10616793426379086,0.0878605523334136,0.1363563703573903
task-v2-c5ed7c8b71f4,g-a712031e7959d564,v2-S3-b001-g-a712031e7959d564,S3,D6,3,13,0.000732421875,3.135238693248112,641.8471006207749,3.731669189655668,172.0,3,3,3,"{""SUCCESS"": 3}",0.0321072158902191,0.03290337379163777,0.0189604212659619,0.0476424842187323,0.0141426681584917,0.0170974982933926,0.0129319492810956,0.0242178774405905,1.6418413415135673,1.6227203697126578,1.4130866755882503,1.813233092036156,1.3563268630348726,1.412159565971942,1.318139734272331,1.562012100608622,0.8498890362679958,0.8509859734525284,0.849602248519659,0.8534666355699301,2207,1.318139734272331,0.0476424842187323,0.0129319492810956,1.813233092036156,0.849602248519659,SUCCESS,0.7459047433656408,0.5905411793110206,0.271437341968222,0.7542814525991988
task-v2-8c0a098a6f8b,g-a712031e7959d564,v2-S3-b001-g-a712031e7959d564,S3,D7,1,13,0.0008544921875,3.0682919036174985,637.7472543855213,3.707832874334426,172.0,3,3,3,"{""SUCCESS"": 3}",0.0045787335681837,0.020936455185072797,0.00457872451423,0.0536519074728047,0.0002355270270962,0.004444953780724233,0.0002354816300427,0.0128638526850338,0.7290372767293709,1.0853169217479708,0.7290364179578455,1.797877070556696,1.754766651512853,1.5952256939004386,1.27614377707065,1.7547666531178128,0.1374920178204774,0.18218287484099463,0.1078922338783741,0.3011643728241324,2207,1.27614377707065,0.0536519074728047,0.0128638526850338,1.797877070556696,0.3011643728241324,SUCCESS,0.0514393387579707,0.11421130734679469,0.051429525692348,0.2397650575900654
task-v2-8c0a098a6f8b,g-a712031e7959d564,v2-S3-b001-g-a712031e7959d564,S3,D7,2,13,0.0008544921875,3.0682919036174985,637.7472543855213,3.707832874334426,172.0,3,3,3,"{""SUCCESS"": 3}",0.0150502905298607,0.0268146540142666,0.0137492542805886,0.0516444172323505,0.0015701644934274,0.003469541980831433,0.0010956221253779,0.007742839323689,1.245836787221613,1.41124103983488,1.206571047557751,1.7813152847252764,1.677140736173965,1.5511464788676486,1.2850374712580763,1.6912612291709046,0.5445819823071361,0.5451955034707984,0.5425516068935394,0.5484529212117195,2207,1.2850374712580763,0.0516444172323505,0.007742839323689,1.7813152847252764,0.5484529212117195,SUCCESS,0.1043278526957426,0.11131325100958776,0.0796859308162453,0.1499259695167754
task-v2-8c0a098a6f8b,g-a712031e7959d564,v2-S3-b001-g-a712031e7959d564,S3,D7,3,13,0.0008544921875,3.0682919036174985,637.7472543855213,3.707832874334426,172.0,3,3,3,"{""SUCCESS"": 3}",0.0417827831653975,0.03424203524517207,0.0068283303206524,0.0541149922494663,0.0144001354913055,0.016237724431991934,0.0058669177628871,0.0284461200417832,1.689289268728449,1.4645017328342085,0.902606425574942,1.801609504199234,1.3330938557471852,1.397855471130038,1.3137926631224042,1.546679894520525,0.7075765691697598,0.7077356971179446,0.6989517565816641,0.7166787656024098,2207,1.3137926631224042,0.0541149922494663,0.0144001354913055,1.801609504199234,0.7075765691697598,SUCCESS,0.6808096035436172,0.6020381707805402,0.2661025141595132,0.8592023946384902
task-v2-3f11ce371857,g-3ff7063ef9ea5cfb,v2-S4-b000-g-3ff7063ef9ea5cfb,S4,D1,1,16,1.52587890625e-05,4.816479930623699,662.8594505588612,3.8538340148771,172.0,3,3,3,"{""SUCCESS"": 3}",0.0016888844367202,0.0016933869711711332,0.0016389761379,0.0017523003388932,0.0016888844367202,0.0016933869711711332,0.0016389761379,0.0017523003388932,2.0440798642611657,2.045073633705987,2.031052561281584,2.060088475575212,1.895328321203309,1.8938878216231092,1.8795058839634025,1.9068292597026155,1.885702935047448,1.917311318218708,1.8829479217529297,1.9832830978557467,1103,1.8795058839634025,0.0016888844367202,0.0016888844367202,2.0440798642611657,1.8829479217529297,SUCCESS,1.0,1.0,1.0,1.0
task-v2-3f11ce371857,g-3ff7063ef9ea5cfb,v2-S4-b000-g-3ff7063ef9ea5cfb,S4,D1,2,16,1.52587890625e-05,4.816479930623699,662.8594505588612,3.8538340148771,172.0,3,3,3,"{""SUCCESS"": 3}",0.0017590831238279,0.0015978485101148666,0.0011415392461981,0.0018929231603186,0.0017590831238279,0.0015978485101148666,0.0011415392461981,0.0018929231603186,2.06176629274564,2.0097833286994216,1.8739707777809247,2.0936129155716987,1.86851219103618,1.8664279886700335,1.8543460248744967,1.876425750099424,4.230287680402398,4.241911635113259,4.180689513683319,4.31475771125406,1103,1.8543460248744967,0.0011415392461981,0.0011415392461981,1.8739707777809247,4.230287680402398,SUCCESS,1.0,1.0,1.0,1.0
task-v2-3f11ce371857,g-3ff7063ef9ea5cfb,v2-S4-b000-g-3ff7063ef9ea5cfb,S4,D1,3,16,1.52587890625e-05,4.816479930623699,662.8594505588612,3.8538340148771,172.0,3,3,3,"{""SUCCESS"": 3}",0.0005210703941788,0.0014731742269555332,0.0002394387418482,0.0036590135448396,0.0005210703941788,0.0014731742269555332,0.0002394387418482,0.0036590135448396,1.5333763290447069,1.7029648764138379,1.195674352423684,2.3798439477731224,1.7116157342010991,1.7171267722901806,1.68770899430782,1.7520555883616231,5.907140691764653,5.999365288453798,5.8999144826084375,6.191040690988302,3301,1.68770899430782,0.0036590135448396,0.0036590135448396,2.3798439477731224,5.907140691764653,SUCCESS,1.0,1.0,1.0,1.0
task-v2-095187356858,g-3ff7063ef9ea5cfb,v2-S4-b000-g-3ff7063ef9ea5cfb,S4,D2,1,16,3.0517578125e-05,4.515449934959718,645.5922851690771,3.7534435184248665,172.0,3,3,3,"{""SUCCESS"": 3}",0.0021754035595478,0.0021928547212745333,0.0021634847829082,0.0022396758213676,0.0016211770406488,0.0016259402260320667,0.0016028320751824,0.001653811562265,1.852989769780092,1.8564095487159147,1.8506037798504944,1.865635096517158,1.6889759560331223,1.683476135333836,1.6658840101030212,1.695568439865365,1.978439761325717,2.077655127582451,1.935321506112814,2.319204115308821,2207,1.6658840101030212,0.0021634847829082,0.0016211770406488,1.8506037798504944,1.978439761325717,SUCCESS,0.738415598582107,0.7415163935331263,0.7367975786137049,0.7493360034035665
task-v2-095187356858,g-3ff7063ef9ea5cfb,v2-S4-b000-g-3ff7063ef9ea5cfb,S4,D2,2,16,3.0517578125e-05,4.515449934959718,645.5922851690771,3.7534435184248665,172.0,3,3,3,"{""SUCCESS"": 3}",0.0028751605127881,0.0027247659848837,0.001884664389846,0.003414473052017,0.0022014683444749,0.0020417373769187667,0.0014234701970546,0.0025002735892268,1.974112030201808,1.937856538129201,1.7906839597324833,2.0487736244533115,1.7895243331246615,1.7664333177975386,1.6678211694716716,1.8419544507962824,4.372471755370498,4.336230912866692,4.247103430330753,4.389117552898824,1103,1.6678211694716716,0.001884664389846,0.0014234701970546,1.7906839597324833,4.372471755370498,SUCCESS,0.7552910771402223,0.7510779914019171,0.7322575258720572,0.765685371193472
task-v2-095187356858,g-3ff7063ef9ea5cfb,v2-S4-b000-g-3ff7063ef9ea5cfb,S4,D2,3,16,3.0517578125e-05,4.515449934959718,645.5922851690771,3.7534435184248665,172.0,3,3,3,"{""SUCCESS"": 3}",0.0003306209036606,0.0016532311785162998,0.0002433471173536,0.0043857255145347,0.0002944551664688,0.0012481557517234332,0.000207852974189,0.0032421591145125,1.0347802435342004,1.364649255627419,0.90167614099513,2.1574913823529265,1.507038113933482,1.514079858894555,1.460399502953621,1.5748019597965617,6.245923195965588,6.277819160061578,6.226619075983763,6.360915208235383,2207,1.460399502953621,0.0003306209036606,0.0002944551664688,1.0347802435342004,6.245923195965588,SUCCESS,0.8541419206002848,0.8280024070752806,0.7392526285030148,0.8906126721225422
task-v2-0b71cbcaebc2,g-3ff7063ef9ea5cfb,v2-S4-b000-g-3ff7063ef9ea5cfb,S4,D3,1,16,4.57763671875e-05,4.339358675904037,650.3682494359821,3.78121075253478,172.0,3,3,3,"{""SUCCESS"": 3}",0.0040409399050542,0.004204423983966601,0.0039937868201739,0.0045785452266717,0.0017313598031451,0.0017800993283872666,0.0016600925976784,0.0019488455843383,1.9458410677727185,1.9622236025022275,1.9407435553438293,2.0000861843901343,1.6271946423077046,1.638000355926622,1.6211504523645537,1.6656559731076075,2.266350599937141,2.233459864432613,2.0741764158010483,2.35985257755965,1103,1.6211504523645537,0.0040409399050542,0.0017313598031451,1.9458410677727185,2.0741764158010483,SUCCESS,0.425647337277712,0.42325695659465096,0.4156688056790431,0.4284547268271979
task-v2-0b71cbcaebc2,g-3ff7063ef9ea5cfb,v2-S4-b000-g-3ff7063ef9ea5cfb,S4,D3,2,16,4.57763671875e-05,4.339358675904037,650.3682494359821,3.78121075253478,172.0,3,3,3,"{""SUCCESS"": 3}",0.0022787042065133,0.002858302303465667,0.0012391277545523,0.0050570749493314,0.000442523332109,0.0007039550276219999,0.0003223748482263,0.0013469669025307,1.6970466299495706,1.7242598188650244,1.432474760518087,2.043258066127416,1.729332625088736,1.7286724280404417,1.5682571975225854,1.8884274615100032,4.286677028052509,4.25881207951655,4.1826508874073625,4.307108323089778,1103,1.5682571975225854,0.0012391277545523,0.000442523332109,1.432474760518087,4.286677028052509,SUCCESS,0.2663529641198573,0.25498356993317733,0.1414728806419259,0.3571248650377487
task-v2-0b71cbcaebc2,g-3ff7063ef9ea5cfb,v2-S4-b000-g-3ff7063ef9ea5cfb,S4,D3,3,16,4.57763671875e-05,4.339358675904037,650.3682494359821,3.78121075253478,172.0,3,3,3,"{""SUCCESS"": 3}",0.0012225537788793,0.0021450122430380332,0.0008641086649319,0.0043483742853029,0.0009786523556285,0.0008534529001691333,0.0005895051951491,0.0009922011497298,1.426626648286074,1.5600797596666691,1.2759270359904389,1.977685594723495,1.491398971055638,1.487786196228095,1.4308215752966449,1.541138042332002,6.196659656241536,6.157372334661583,6.05345840845257,6.221998939290643,2207,1.4308215752966449,0.0012225537788793,0.0009922011497298,1.426626648286074,6.196659656241536,SUCCESS,0.6822118780576527,0.5729514410125708,0.225061664755108,0.8115807802249515
task-v2-606c43f06406,g-3ff7063ef9ea5cfb,v2-S4-b000-g-3ff7063ef9ea5cfb,S4,D4,1,16,6.103515625e-05,4.214419939295737,649.3264150968276,3.775153576144347,172.0,3,3,3,"{""SUCCESS"": 3}",0.0047044370159078,0.0046511021979337335,0.0044562456965226,0.0047926238813708,0.0016922255395988,0.0016870721781969001,0.0016398475997174,0.0017291433952745,1.886927597768072,1.8817699838787256,1.8633890670858209,1.8949932867822847,1.639393544124174,1.6318163485423296,1.6117754271204376,1.6442800743823769,2.378673704341054,2.3788475521529713,2.338666722178459,2.419202229939401,2207,1.6117754271204376,0.0044562456965226,0.0016398475997174,1.8633890670858209,2.419202229939401,SUCCESS,0.3607926342803232,0.3628298789044546,0.3597084058893066,0.367988596543734
task-v2-606c43f06406,g-3ff7063ef9ea5cfb,v2-S4-b000-g-3ff7063ef9ea5cfb,S4,D4,2,16,6.103515625e-05,4.214419939295737,649.3264150968276,3.775153576144347,172.0,3,3,3,"{""SUCCESS"": 3}",0.0043229011029104,0.005238817396498867,0.0039036974597187,0.0074898536268675,0.0013724131225755,0.0014522155769067001,0.0009240164953928,0.0020602171127518,1.8501952393791048,1.9149948668200398,1.8058960913574915,2.0888932697235227,1.6556790539460058,1.6871317610760788,1.618351920785332,1.7873643084968989,4.403775895945728,4.352523893428345,4.2359429420903325,4.417852842248976,1103,1.618351920785332,0.0039036974597187,0.0013724131225755,1.8058960913574915,4.417852842248976,SUCCESS,0.2750677403576294,0.2801281317659691,0.2137491636740785,0.3515674912661995
task-v2-606c43f06406,g-3ff7063ef9ea5cfb,v2-S4-b000-g-3ff7063ef9ea5cfb,S4,D4,3,16,6.103515625e-05,4.214419939295737,649.3264150968276,3.775153576144347,172.0,3,3,3,"{""SUCCESS"": 3}",0.0011604029523434,0.0023375513508570333,0.0008307313280443,0.0050215197721834,0.0008740298279769,0.0008565207206351666,0.0005173468496482,0.0011781854842804,1.279028764377106,1.4427214695530433,1.133880527924239,1.915255116357785,1.4750087926710318,1.4799959714977893,1.4189007021446225,1.5460784196777138,6.248773019760847,6.359808216492335,6.214842340908945,6.615809288807213,2207,1.4189007021446225,0.0011604029523434,0.0008740298279769,1.279028764377106,6.214842340908945,SUCCESS,0.6227607316388846,0.5368667825432843,0.2346272717687876,0.753212344222181
task-v2-9f1427c2fbd8,g-3ff7063ef9ea5cfb,v2-S4-b000-g-3ff7063ef9ea5cfb,S4,D5,1,16,9.1552734375e-05,4.038328680240055,631.6487403601338,3.672376397442639,172.0,3,3,3,"{""SUCCESS"": 3}",0.0075816903790453,0.005537055794522833,0.0012212755236982,0.007808201480825,0.0033641543397696,0.0024222326426979,0.0003891895183736,0.0035133540699505,1.9180947249812608,1.658038916640912,1.1251423334749575,1.930879691466518,1.4495104564989634,1.6113112466135613,1.4419067369375322,1.942516546404188,2.209667094051838,2.2546771553655467,2.2073827106505632,2.3469816613942385,2207,1.4419067369375322,0.0075816903790453,0.0033641543397696,1.9180947249812608,2.209667094051838,SUCCESS,0.4437208817004237,0.40411746589605557,0.3186746240481013,0.4499568919396417
task-v2-9f1427c2fbd8,g-3ff7063ef9ea5cfb,v2-S4-b000-g-3ff7063ef9ea5cfb,S4,D5,2,16,9.1552734375e-05,4.038328680240055,631.6487403601338,3.672376397442639,172.0,3,3,3,"{""SUCCESS"": 3}",0.0036972676243617,0.005726610639214833,0.0034449325598519,0.0100376317334309,0.0013649382782657,0.0024016604197343336,0.0012270256164095,0.0046130173645278,1.606209568080372,1.7405596369510938,1.5755094045473137,2.039959938225596,1.834902869362549,1.8048383451966703,1.642801402145231,1.9368107640822307,4.260918706655502,4.237463703379035,4.147414858452976,4.304057545028627,2207,1.642801402145231,0.0100376317334309,0.0046130173645278,2.039959938225596,4.147414858452976,SUCCESS,0.3691748655877816,0.39497664011595157,0.3561827684842293,0.4595722862758439
task-v2-9f1427c2fbd8,g-3ff7063ef9ea5cfb,v2-S4-b000-g-3ff7063ef9ea5cfb,S4,D5,3,16,9.1552734375e-05,4.038328680240055,631.6487403601338,3.672376397442639,172.0,3,3,3,"{""SUCCESS"": 3}",0.0032872178480296,0.0038289012664045334,0.0021048803321331,0.0060946056190509,0.0016066476894754,0.0020083811246875334,0.0011425727844835,0.0032759229001037,1.5551571665127697,1.5799958482814696,1.3615560903540007,1.8232742879776385,1.465189009143439,1.432787077591697,1.2828260233031794,1.5503462003284736,6.015264763496816,6.0623554509753985,6.008835671469569,6.162965917959809,2207,1.2828260233031794,0.0032872178480296,0.0016066476894754,1.5551571665127697,6.008835671469569,SUCCESS,0.5375118760537435,0.5230295767779725,0.4887560739056243,0.5428207803745496
task-v2-07b8f456a957,g-3ff7063ef9ea5cfb,v2-S4-b000-g-3ff7063ef9ea5cfb,S4,D6,1,16,0.0001220703125,3.9133899436317554,625.3495254717899,3.635753055068546,172.0,3,3,3,"{""SUCCESS"": 3}",0.0011941291514184,0.003705459969212833,0.0011927893113229,0.0087294614448972,0.0003916007899403,0.0014136485484353,0.000391182865427,0.0034581619899386,0.99044124422331,1.2782574404618656,0.9899536823477616,1.854377394814525,1.9440984788154403,1.7603711004191818,1.3929156515023395,1.944099170939766,2.1880531581118703,2.1397040293862424,2.017392816953361,2.213666113093496,2207,1.3929156515023395,0.0087294614448972,0.0034581619899386,1.854377394814525,2.213666113093496,SUCCESS,0.327956380656391,0.3506810490668239,0.3279383888042225,0.3961483777398583
task-v2-07b8f456a957,g-3ff7063ef9ea5cfb,v2-S4-b000-g-3ff7063ef9ea5cfb,S4,D6,2,16,0.0001220703125,3.9133899436317554,625.3495254717899,3.635753055068546,172.0,3,3,3,"{""SUCCESS"": 3}",0.0043045015504061,0.007788368790589233,0.0042130412131122,0.0148475636082494,0.0014543375598621,0.0030504732630872665,0.0014478666802359,0.0062492155491638,1.5473128122109383,1.7234478671722613,1.5379856511658403,2.0850451381400057,1.86709005235098,1.7723878010080492,1.579760419530829,1.8703129311423388,4.239073297008872,4.220564018934965,4.148245858959854,4.27437290083617,2207,1.579760419530829,0.0148475636082494,0.0062492155491638,2.0850451381400057,4.148245858959854,SUCCESS,0.3451989872151662,0.367483897291848,0.3363610544173928,0.420891650242985
task-v2-07b8f456a957,g-3ff7063ef9ea5cfb,v2-S4-b000-g-3ff7063ef9ea5cfb,S4,D6,3,16,0.0001220703125,3.9133899436317554,625.3495254717899,3.635753055068546,172.0,3,3,3,"{""SUCCESS"": 3}",0.0024811563027167,0.003750184986729867,0.0013857991656339,0.007383599491839,0.0013060832335365,0.0017166772709339667,0.0002498690292187,0.0035940795500467,1.3080440675449263,1.381597460523616,1.055090239147928,1.7816580748779942,1.4097168265151274,1.4119070422004185,1.285952888261363,1.5400514118247657,6.007843349128962,6.042453875144322,6.00058211106807,6.118936165235937,2207,1.285952888261363,0.0013857991656339,0.0002498690292187,1.055090239147928,6.007843349128962,SUCCESS,0.4867652361181256,0.3978243593006044,0.1803068117048985,0.5264010300787891
task-v2-b5e00db3fe1a,g-3ff7063ef9ea5cfb,v2-S4-b000-g-3ff7063ef9ea5cfb,S4,D7,1,16,0.0001373291015625,3.8622374211843744,622.7821691689151,3.6208265649355527,172.0,3,3,3,"{""SUCCESS"": 3}",0.0013007838425169,0.0041892720465495,0.0013003923726744,0.0099666399244572,0.0003776367645043,0.0014470759465976335,0.0003776136806375,0.0035859773946511,0.9764425549468748,1.2711801930514885,0.9763118347036877,1.8607861895039028,1.92251392591056,1.7390764279287196,1.3722014303688768,1.922513927506722,1.218882649205625,1.5197143498808146,1.0504036312922835,2.289856769144535,2207,1.3722014303688768,0.0099666399244572,0.0035859773946511,1.8607861895039028,2.289856769144535,SUCCESS,0.2904021681761278,0.3134990741135521,0.2902970257586394,0.359798028405889
task-v2-b5e00db3fe1a,g-3ff7063ef9ea5cfb,v2-S4-b000-g-3ff7063ef9ea5cfb,S4,D7,2,16,0.0001373291015625,3.8622374211843744,622.7821691689151,3.6208265649355527,172.0,3,3,3,"{""SUCCESS"": 3}",0.0042496884974053,0.008141842576996133,0.0042304888987007,0.0159453503348824,0.0015110040080898,0.003217312738566033,0.0014565190277447,0.0066844151798636,1.490594518572094,1.681364662081932,1.488627980932624,2.0648714867410782,1.8352987326486063,1.7422186878142678,1.543476268796984,1.8478810619972128,4.28796742297709,4.270328943617642,4.178807605057955,4.344211802817881,2207,1.543476268796984,0.0159453503348824,0.0066844151798636,2.0648714867410782,4.344211802817881,SUCCESS,0.3571700681105377,0.37303778162713,0.3427354801732039,0.4192077965976486
task-v2-b5e00db3fe1a,g-3ff7063ef9ea5cfb,v2-S4-b000-g-3ff7063ef9ea5cfb,S4,D7,3,16,0.0001373291015625,3.8622374211843744,622.7821691689151,3.6208265649355527,172.0,3,3,3,"{""SUCCESS"": 3}",0.0033968820255897,0.004600588557475867,0.0031104313112007,0.0072944523356372,0.0015078188749534,0.001971645096199367,0.0011153932319734,0.0032917231816713,1.3933178851797865,1.4912020111525617,1.3550580362840936,1.7252301119938045,1.3923781098684005,1.3828495469015571,1.228301931187317,1.5278685996489545,6.132955253124237,6.111087003722787,6.035104893147945,6.165200864896178,2207,1.228301931187317,0.0031104313112007,0.0011153932319734,1.3550580362840936,6.132955253124237,SUCCESS,0.4438832033596104,0.41791491208236914,0.3585976092630326,0.4512639236244646
task-v2-59a464f36e13,g-bd62d2d752385cc7,v2-S4-b001-g-bd62d2d752385cc7,S4,D1,1,16,1.52587890625e-05,4.816479930623699,661.8026456014086,3.847689800008189,172.0,3,3,3,"{""SUCCESS"": 3}",0.0018603686718667,0.0018366926239604666,0.0017190094349262,0.0019306997650885,0.0018603686718667,0.0018366926239604666,0.0017190094349262,0.0019306997650885,2.0860789481166053,2.080010604486854,2.0517581909786684,2.102194674365289,1.7737112751471988,1.7694920102668787,1.7571617308098806,1.7776030248435568,2.309175730682909,2.3058268800377846,2.2480319924652576,2.3602729169651866,2207,1.7571617308098806,0.0018603686718667,0.0018603686718667,2.0860789481166053,2.309175730682909,SUCCESS,1.0,1.0,1.0,1.0
task-v2-59a464f36e13,g-bd62d2d752385cc7,v2-S4-b001-g-bd62d2d752385cc7,S4,D1,2,16,1.52587890625e-05,4.816479930623699,661.8026456014086,3.847689800008189,172.0,3,3,3,"{""SUCCESS"": 3}",0.0014433649974096,0.0015120730239435668,0.0014027996531793,0.0016900544212418,0.0014433649974096,0.0015120730239435668,0.0014027996531793,0.0016900544212418,1.9758560997743493,1.9945707667875017,1.9634755804605448,2.044380620127612,1.720570564194971,1.7788688784326634,1.698750440470401,1.9172856306326176,4.206058569252491,4.215770651275913,4.186358088627458,4.25489529594779,1103,1.698750440470401,0.0014027996531793,0.0014027996531793,1.9634755804605448,4.25489529594779,SUCCESS,1.0,1.0,1.0,1.0
task-v2-59a464f36e13,g-bd62d2d752385cc7,v2-S4-b001-g-bd62d2d752385cc7,S4,D1,3,16,1.52587890625e-05,4.816479930623699,661.8026456014086,3.847689800008189,172.0,3,3,3,"{""SUCCESS"": 3}",0.0014885651729823,0.0019885958003894,0.0003040755140594,0.0041731467141265,0.0014885651729823,0.0019885958003894,0.0003040755140594,0.0041731467141265,1.9892477844851555,1.9085509162325482,1.2994613802416792,2.4369435839708093,1.554118631450407,1.5913852137452633,1.5398282466424114,1.680208763142972,5.910351635888219,6.033505302853882,5.899831600487232,6.290332672186196,1103,1.5398282466424114,0.0003040755140594,0.0003040755140594,1.2994613802416792,5.899831600487232,SUCCESS,1.0,1.0,1.0,1.0
task-v2-a2561503b5d0,g-bd62d2d752385cc7,v2-S4-b001-g-bd62d2d752385cc7,S4,D2,1,16,3.0517578125e-05,4.515449934959718,646.7846833737137,3.760376066126242,172.0,3,3,3,"{""SUCCESS"": 3}",0.004088735512242,0.004018844010495634,0.0036504597833137,0.0043173367359312,0.0022680937331215,0.0022670695277559666,0.0020189771895328,0.0025141376606136,2.12703895324482,2.118500771566661,2.077797503191628,2.1506658582635345,1.574328607485027,1.5686236891522543,1.556178665400521,1.5753637945712151,2.3070004964247346,2.30666784538577,2.2950121546164155,2.31799088511616,2207,1.556178665400521,0.0043173367359312,0.0025141376606136,2.1506658582635345,2.31799088511616,SUCCESS,0.5547176446925185,0.5633759094482799,0.5530747657491332,0.5823353179031878
task-v2-a2561503b5d0,g-bd62d2d752385cc7,v2-S4-b001-g-bd62d2d752385cc7,S4,D2,2,16,3.0517578125e-05,4.515449934959718,646.7846833737137,3.760376066126242,172.0,3,3,3,"{""SUCCESS"": 3}",0.0039389911785468,0.0037193110005614336,0.0028432608202754,0.0043756810028621,0.0013725343300982,0.0013518012389827666,0.0003867576876107,0.0022961116992394,2.1108349431583666,2.078865722354743,1.969266635526279,2.156495588379584,1.7453037910749445,1.710233249934916,1.5606313946049768,1.824764564124827,4.45532307587564,4.453347655634086,4.408768921159208,4.495950969867408,1103,1.5606313946049768,0.0039389911785468,0.0022961116992394,2.1108349431583666,4.495950969867408,SUCCESS,0.3136733068979347,0.344206043397074,0.1360261024429124,0.5829187208503749
task-v2-a2561503b5d0,g-bd62d2d752385cc7,v2-S4-b001-g-bd62d2d752385cc7,S4,D2,3,16,3.0517578125e-05,4.515449934959718,646.7846833737137,3.760376066126242,172.0,3,3,3,"{""SUCCESS"": 3}",0.0017515802764144,0.0017629817840318334,0.0017413254344057,0.0017960396412754,0.0015620175483147,0.0014577308924732333,0.0011808599344669,0.0016303151946381,1.7588799811552016,1.7616585708541566,1.7563298784830756,1.7697658529241922,1.3944291448611557,1.4056788077869289,1.3430545443533883,1.4795527341462424,6.4541288344189525,6.460333192100127,6.4345199810341,6.49235076084733,2207,1.3430545443533883,0.0017413254344057,0.0016303151946381,1.7563298784830756,6.4345199810341,SUCCESS,0.8917761688389038,0.828501875222186,0.6574798837003093,0.9362495731273448
task-v2-f6d986d24578,g-bd62d2d752385cc7,v2-S4-b001-g-bd62d2d752385cc7,S4,D3,1,16,4.57763671875e-05,4.339358675904037,645.7527937552998,3.7543767078796497,172.0,3,3,3,"{""SUCCESS"": 3}",0.0052741379496367,0.0054706923780526,0.0051797142582539,0.0059582249262672,0.0022507331801528,0.002333396878818167,0.0021587941576274,0.0025906632986743,2.061510160857565,2.076550069675015,2.053664478219457,2.1144755699480235,1.5680490211972304,1.5765472783085694,1.5544169683035234,1.6071758454249545,2.489046925678849,2.449103269415597,2.3648525485768914,2.4934103339910507,2207,1.5544169683035234,0.0059582249262672,0.0025906632986743,2.1144755699480235,2.4934103339910507,SUCCESS,0.4267490159804917,0.4261107279579925,0.4167786194358973,0.4348045484575885
task-v2-f6d986d24578,g-bd62d2d752385cc7,v2-S4-b001-g-bd62d2d752385cc7,S4,D3,2,16,4.57763671875e-05,4.339358675904037,645.7527937552998,3.7543767078796497,172.0,3,3,3,"{""SUCCESS"": 3}",0.0056632093637948,0.005616761246857033,0.0052136097810402,0.0059734645957361,0.0014864362050667,0.0017240913977932331,0.0013850207731905,0.0023008172151225,2.092421293306666,2.08816782062396,2.056497198654473,2.1155849699107403,1.678917019365078,1.662915807099303,1.5510844743229253,1.758745927609906,4.592032628133893,4.6064933358381195,4.566926163621247,4.660521215759218,1103,1.5510844743229253,0.0052136097810402,0.0023008172151225,2.056497198654473,4.660521215759218,SUCCESS,0.2624724091201061,0.3118814849991833,0.2318622218300594,0.4413098240473844
task-v2-f6d986d24578,g-bd62d2d752385cc7,v2-S4-b001-g-bd62d2d752385cc7,S4,D3,3,16,4.57763671875e-05,4.339358675904037,645.7527937552998,3.7543767078796497,172.0,3,3,3,"{""SUCCESS"": 3}",0.0021036840447622,0.0022060532868880666,0.0020573155433731,0.0024571602725289,0.0015836834177314,0.0015320214238949334,0.0010801685232888,0.0019322123306646,1.6623391889901906,1.6815969776932966,1.6526595831728907,1.729792160916808,1.3796136841591309,1.3933726763817045,1.3272841379727334,1.4732202070132483,6.710184453986585,6.708603700312476,6.673363631591201,6.74226301535964,2207,1.3272841379727334,0.0024571602725289,0.0019322123306646,1.729792160916808,6.673363631591201,SUCCESS,0.7697814867693098,0.689868861537399,0.5134651878822862,0.7863599099606009
task-v2-5d31ef4af595,g-bd62d2d752385cc7,v2-S4-b001-g-bd62d2d752385cc7,S4,D4,1,16,6.103515625e-05,4.214419939295737,630.0381303965651,3.663012386026541,172.0,3,3,3,"{""SUCCESS"": 3}",0.006091747638476,0.0057810819407015,0.0049716873703612,0.0062798108132673,0.0023774320032842,0.0023107640541638,0.0020200727954114,0.0025347873637958,1.999161842907964,1.9741506977738765,1.9109237508188928,2.0123664995947723,1.44229222124582,1.4462686201521695,1.4397264000661218,1.456787239144567,2.3212568052113056,2.341360529574255,2.222684753127396,2.480140030384064,2207,1.4397264000661218,0.0062798108132673,0.0025347873637958,2.0123664995947723,2.3212568052113056,SUCCESS,0.4036407209020632,0.40007565965239245,0.3902709278808783,0.4063153301742359
task-v2-5d31ef4af595,g-bd62d2d752385cc7,v2-S4-b001-g-bd62d2d752385cc7,S4,D4,2,16,6.103515625e-05,4.214419939295737,630.0381303965651,3.663012386026541,172.0,3,3,3,"{""SUCCESS"": 3}",0.0052972315664891,0.005497473504256033,0.0029309809049273,0.0082642080413517,0.0016164887921359,0.0018496773877505663,0.0008790222618303,0.0030535211092855,1.9384688976665336,1.9171743355998538,1.6814329283545462,2.131621180778482,1.6256199212116391,1.690633254020005,1.4537201462314218,1.9925596946169544,4.261701505631208,4.259517974530657,4.237180512398481,4.279671905562282,3301,1.4537201462314218,0.0052972315664891,0.0016164887921359,1.9384688976665336,4.237180512398481,SUCCESS,0.3051572829781611,0.3248506408005987,0.2999071950119473,0.3694874444116879
task-v2-5d31ef4af595,g-bd62d2d752385cc7,v2-S4-b001-g-bd62d2d752385cc7,S4,D4,3,16,6.103515625e-05,4.214419939295737,630.0381303965651,3.663012386026541,172.0,3,3,3,"{""SUCCESS"": 3}",0.0034239702878865,0.0042417672243189,0.0029858691797164,0.0063154622053538,0.002685754331607,0.002706082783674633,0.0023971161488018,0.0030353778706151,1.7489499266492978,1.8177552405694468,1.6894907152996643,2.014825079759378,1.4190728579974936,1.3904952634398686,1.259948731612452,1.49246420070966,6.432540072128177,6.429838806701203,6.405076868832111,6.4518994791433215,2207,1.259948731612452,0.0029858691797164,0.0023971161488018,1.6894907152996643,6.4518994791433215,SUCCESS,0.7843976745676933,0.6892814315374342,0.4806264010323711,0.8028202190122381
task-v2-5b5a3995de2b,g-bd62d2d752385cc7,v2-S4-b001-g-bd62d2d752385cc7,S4,D5,1,16,7.62939453125e-05,4.11750992628768,628.0712969319711,3.651577307744018,172.0,3,3,3,"{""SUCCESS"": 3}",0.0068147767324766,0.0068221665923669,0.0068030580438985,0.0068486650007256,0.0024896892190211,0.0024690167646893666,0.0024017796109206,0.0025155814641264,1.950961558220405,1.9514305035340112,1.95021410267781,1.9531158497038184,1.4237700398723314,1.4265423241781747,1.423609711829292,1.432247220832901,2.3157911682501435,2.3428727093463144,2.252736998721957,2.460089961066842,3301,1.423609711829292,0.0068486650007256,0.0025155814641264,1.9531158497038184,2.460089961066842,SUCCESS,0.3659661879930767,0.36190432138855244,0.352437021080184,0.3673097550923966
task-v2-5b5a3995de2b,g-bd62d2d752385cc7,v2-S4-b001-g-bd62d2d752385cc7,S4,D5,2,16,7.62939453125e-05,4.11750992628768,628.0712969319711,3.651577307744018,172.0,3,3,3,"{""SUCCESS"": 3}",0.0032792023111756,0.005595192973891233,0.0022342016990503,0.0112721749114478,0.0009142033755373,0.0017782233426904667,0.0005201283167842,0.0039003383357499,1.633278137686176,1.7564760290503736,1.4666323040334464,2.1695176454314984,1.8574530493091648,1.796991997998485,1.5700904745513848,1.9634324701349053,4.252628262154758,4.269038759171963,4.25257430318743,4.3019137121737,2207,1.5700904745513848,0.0112721749114478,0.0039003383357499,2.1695176454314984,4.3019137121737,SUCCESS,0.2787883420372316,0.28586860332356673,0.232802757694294,0.3460147102391745
task-v2-5b5a3995de2b,g-bd62d2d752385cc7,v2-S4-b001-g-bd62d2d752385cc7,S4,D5,3,16,7.62939453125e-05,4.11750992628768,628.0712969319711,3.651577307744018,172.0,3,3,3,"{""SUCCESS"": 3}",0.0039453432851876,0.0047669858469064335,0.0030643260796143,0.0072912881759174,0.0031394950893927,0.002881161777053233,0.0022423826357311,0.0032616076060359,1.7135947235356557,1.7659179389345334,1.6038449036458258,1.980314189622119,1.4016698068432565,1.3764014892046585,1.2351989414276217,1.492335719343098,6.333176320418716,6.351747917321821,6.33078777231276,6.391279659233987,2207,1.2351989414276217,0.0039453432851876,0.0032616076060359,1.7135947235356557,6.333176320418716,SUCCESS,0.7317702416360911,0.6630166566439578,0.4305816768787581,0.8266980514170242
task-v2-cf1a83d8dbf9,g-bd62d2d752385cc7,v2-S4-b001-g-bd62d2d752385cc7,S4,D6,1,16,9.1552734375e-05,4.038328680240055,627.354641104768,3.647410704097488,172.0,3,3,3,"{""SUCCESS"": 3}",0.0078009175092152,0.0077947790817548,0.0077167111328796,0.0078667086031696,0.0025413590890212,0.0025367581302001667,0.0025203695673788,0.0025485457342005,1.930474365719673,1.930119010939266,1.9257609234283968,1.934121743669729,1.4169064491594596,1.4171178801994022,1.4168829276652182,1.4175642637735286,2.428630051203072,2.4194301338866353,2.33528820425272,2.494372146204114,2207,1.4168829276652182,0.0078009175092152,0.0025485457342005,1.930474365719673,2.494372146204114,SUCCESS,0.3266118847756245,0.32545416245940956,0.3230523993220338,0.3266982032805705
task-v2-cf1a83d8dbf9,g-bd62d2d752385cc7,v2-S4-b001-g-bd62d2d752385cc7,S4,D6,2,16,9.1552734375e-05,4.038328680240055,627.354641104768,3.647410704097488,172.0,3,3,3,"{""SUCCESS"": 3}",0.0032263975049916,0.006603392115228867,0.002476910798392,0.014106868042303,0.0008911254446083,0.0020852894878660667,0.0006490820817053,0.0047156609372846,1.547046553395088,1.722348294765088,1.4322390467517483,2.187759284148428,1.87742201063398,1.7693207906926778,1.4597950213728927,1.97074534007116,4.267526153475046,4.2716796370223165,4.226028284989297,4.321484472602606,2207,1.4597950213728927,0.014106868042303,0.0047156609372846,2.187759284148428,4.267526153475046,SUCCESS,0.2761982809711751,0.29084418782077165,0.2620530711589338,0.334281211332206
task-v2-cf1a83d8dbf9,g-bd62d2d752385cc7,v2-S4-b001-g-bd62d2d752385cc7,S4,D6,3,16,9.1552734375e-05,4.038328680240055,627.354641104768,3.647410704097488,172.0,3,3,3,"{""SUCCESS"": 3}",0.003486442307474,0.005158099908843299,0.003234222009544,0.0087536354095119,0.0024423208300743,0.0025709687487282004,0.0020376734164085,0.0032329119997018,1.580711163275048,1.703108935405724,1.5480985084915158,1.9805171344506085,1.386306201082544,1.3690723861410978,1.2307022796542304,1.490208677686519,6.241888076998293,6.264962297553818,6.159083710983396,6.393915104679763,2207,1.2307022796542304,0.003234222009544,0.0024423208300743,1.5480985084915158,6.241888076998293,SUCCESS,0.5844563703349615,0.569642663124859,0.3693222128247312,0.7551494062148844
task-v2-e243a3cd3e64,g-bd62d2d752385cc7,v2-S4-b001-g-bd62d2d752385cc7,S4,D7,1,16,0.0001220703125,3.9133899436317554,619.6373527340297,3.602542748453661,172.0,3,3,3,"{""SUCCESS"": 3}",0.0012523855663927,0.003704983314412567,0.0012523294276949,0.0086102349491501,0.0001841409149405,0.0009178359296243333,0.0001840004119213,0.0023853664620112,1.0111279974088574,1.2902138242925154,1.011108529543876,1.8484049459248133,1.97006566017132,1.771384574757383,1.3740222581110682,1.9700658059897616,2.470113213174045,2.4343290847415724,2.3220058688893914,2.510868172161281,2207,1.3740222581110682,0.0086102349491501,0.0023853664620112,1.8484049459248133,2.510868172161281,SUCCESS,0.1470321280298394,0.19033238022479848,0.1469265257625308,0.2770384868820253
task-v2-e243a3cd3e64,g-bd62d2d752385cc7,v2-S4-b001-g-bd62d2d752385cc7,S4,D7,2,16,0.0001220703125,3.9133899436317554,619.6373527340297,3.602542748453661,172.0,3,3,3,"{""SUCCESS"": 3}",0.0086239629563606,0.007850347075630834,0.0033667042185197,0.0115603740520122,0.0024417702758207,0.0022257220555194665,0.0008775112735207,0.003357884617217,1.849096825996366,1.7553511876461216,1.4405949067952202,1.9763618301467785,1.5854349278900393,1.6183050861438815,1.374779677032396,1.8947006535092088,4.263376610353589,4.277669223335882,4.241830746643245,4.327800313010812,3301,1.374779677032396,0.0086239629563606,0.0024417702758207,1.849096825996366,4.327800313010812,SUCCESS,0.2831378437241292,0.27808229952478036,0.260644005699614,0.2904650491505979
task-v2-e243a3cd3e64,g-bd62d2d752385cc7,v2-S4-b001-g-bd62d2d752385cc7,S4,D7,3,16,0.0001220703125,3.9133899436317554,619.6373527340297,3.602542748453661,172.0,3,3,3,"{""SUCCESS"": 3}",0.0052610374542036,0.006120885541815433,0.0028136419461616,0.0102879772250811,0.0028706419379524,0.002721336428291667,0.0021095572053819,0.0031838101415407,1.634461337254817,1.6409466828543506,1.3626587735108469,1.9257199377973884,1.3538882927477247,1.3501098617387495,1.2146434975744642,1.4817977948940593,6.300674717873335,6.275147947482765,6.158617026172578,6.366152098402381,2207,1.2146434975744642,0.0028136419461616,0.0021095572053819,1.3626587735108469,6.300674717873335,SUCCESS,0.5456417983982843,0.5349570574314657,0.3094690114378305,0.7497603624582824
task-v2-4746dcc3bd93,g-a87f1b9ac089cc45,v2-S5-b000-g-a87f1b9ac089cc45,S5,D1,1,19,1.9073486328125e-06,5.719569917615643,663.207067908528,3.8558550459798138,172.0,3,3,3,"{""SUCCESS"": 3}",0.0014358770607928,0.0017505362710137,0.0012757718827458,0.0025399598695025,0.0014358770607928,0.0017505362710137,0.0012757718827458,0.0025399598695025,2.876687174997614,2.942142297175449,2.825342943943264,3.1243967725854693,1.768501708680874,1.787020138814323,1.6809822299121735,1.911576477849922,43.09929996822029,41.19360951924076,36.735472899861634,43.74605568964034,2207,1.6809822299121735,0.0025399598695025,0.0025399598695025,3.1243967725854693,43.09929996822029,SUCCESS,1.0,1.0,1.0,1.0
task-v2-4746dcc3bd93,g-a87f1b9ac089cc45,v2-S5-b000-g-a87f1b9ac089cc45,S5,D1,2,19,1.9073486328125e-06,5.719569917615643,663.207067908528,3.8558550459798138,172.0,3,3,3,"{""SUCCESS"": 3}",0.0016825356939664,0.0016332474201225667,0.0013405078361813,0.00187669873022,0.0016825356939664,0.0016332474201225667,0.0013405078361813,0.00187669873022,2.945534203901384,2.928445985452784,2.846839274689028,2.9929644777679374,1.549704857262723,1.5637844826384029,1.5411848323389508,1.600463758313535,85.65568503830582,85.70922993433972,84.8962457664311,86.57575899828225,1103,1.5411848323389508,0.0013405078361813,0.0013405078361813,2.846839274689028,85.65568503830582,SUCCESS,1.0,1.0,1.0,1.0
task-v2-4746dcc3bd93,g-a87f1b9ac089cc45,v2-S5-b000-g-a87f1b9ac089cc45,S5,D1,3,19,1.9073486328125e-06,5.719569917615643,663.207067908528,3.8558550459798138,172.0,3,3,3,"{""SUCCESS"": 3}",0.0004563434435189,0.0008717173639377667,0.0003028967936232,0.0018559118546712,0.0004563434435189,0.0008717173639377667,0.0003028967936232,0.0018559118546712,2.3788617328324566,2.522617863314963,2.20086459365864,2.988127263453792,1.3444411306926336,1.3912246024839705,1.317309294211496,1.5119233825477822,128.25754304695874,128.13695181657872,127.80741245299578,128.3458999497816,2207,1.317309294211496,0.0003028967936232,0.0003028967936232,2.20086459365864,128.25754304695874,SUCCESS,1.0,1.0,1.0,1.0
task-v2-7d4ec5aed494,g-a87f1b9ac089cc45,v2-S5-b000-g-a87f1b9ac089cc45,S5,D2,1,19,3.814697265625e-06,5.418539921951662,658.541194269005,3.828727873657006,172.0,3,3,3,"{""SUCCESS"": 3}",0.0031428701189018,0.0030248269378784,0.0027127599152385,0.0032188507794949,0.0026571176384235,0.0025760334362145334,0.0022999996381284,0.0027709830320917,2.915866355845564,2.8980194677528615,2.8519512814703907,2.9262407659426284,1.628458755639028,1.6101767196970294,1.5481616159342502,1.6539097875178106,42.56005210708827,41.10976947192103,37.04219551663846,43.72706079203636,1103,1.5481616159342502,0.0032188507794949,0.0027709830320917,2.9262407659426284,37.04219551663846,SUCCESS,0.8478448922842602,0.8513829672041927,0.8454430307008632,0.8608609786274548
task-v2-7d4ec5aed494,g-a87f1b9ac089cc45,v2-S5-b000-g-a87f1b9ac089cc45,S5,D2,2,19,3.814697265625e-06,5.418539921951662,658.541194269005,3.828727873657006,172.0,3,3,3,"{""SUCCESS"": 3}",0.0019152374194713,0.0019148892618096331,0.0017291184772473,0.0021003118887103,0.0016403271379984,0.0016322403816649335,0.0014666198222582,0.0017897741847382,2.7007625402432978,2.699316975496251,2.656364673613052,2.7408237126324027,1.5133563193917063,1.5354193839455288,1.4812518649174269,1.6116499675274527,87.46551308687776,87.07479731924832,85.85567605216056,87.90320281870663,3301,1.4812518649174269,0.0021003118887103,0.0017897741847382,2.7408237126324027,87.46551308687776,SUCCESS,0.8521468617869304,0.8522658976472873,0.8481893181738281,0.8564615129811035
task-v2-7d4ec5aed494,g-a87f1b9ac089cc45,v2-S5-b000-g-a87f1b9ac089cc45,S5,D2,3,19,3.814697265625e-06,5.418539921951662,658.541194269005,3.828727873657006,172.0,3,3,3,"{""SUCCESS"": 3}",0.0007084899810283,0.0010204819201202,0.0006909497764124,0.0016620060029199,0.0006116349003954,0.0008902814814448666,0.0006029283989017,0.0014562811450375,2.268873635088598,2.388677515893724,2.257986402582524,2.6391725100100496,1.3499417307354746,1.3855336576359347,1.3451439482496226,1.4615152939227067,128.88218586146832,129.1758576494952,127.6037929346785,131.0415941523388,2207,1.3451439482496226,0.0007084899810283,0.0006116349003954,2.268873635088598,127.6037929346785,SUCCESS,0.8726081395267944,0.8707069106045489,0.8632936481440385,0.8762189441428138
task-v2-7133b996bac7,g-a87f1b9ac089cc45,v2-S5-b000-g-a87f1b9ac089cc45,S5,D3,1,19,5.7220458984375e-06,5.24244866289598,658.322874731653,3.827458574021238,172.0,3,3,3,"{""SUCCESS"": 3}",0.0039804605686332,0.0038773851120758665,0.0036229575500923,0.0040287372175021,0.0026121281430561,0.0025513809522018666,0.0023847425559025,0.002657272157647,2.8423819889504403,2.8305038335975503,2.8015119083661624,2.8476176034760474,1.623371858173415,1.6216531274975667,1.5980843521555903,1.6435031721636952,43.0980571731925,43.52428801264614,43.06433141883463,44.41047544591129,1103,1.5980843521555903,0.0040287372175021,0.002657272157647,2.8476176034760474,43.06433141883463,SUCCESS,0.658230885383064,0.6580159896471316,0.6562376634603961,0.6595794200979347
task-v2-7133b996bac7,g-a87f1b9ac089cc45,v2-S5-b000-g-a87f1b9ac089cc45,S5,D3,2,19,5.7220458984375e-06,5.24244866289598,658.322874731653,3.827458574021238,172.0,3,3,3,"{""SUCCESS"": 3}",0.0022692118501601,0.002692841678734467,0.0022064114852885,0.0036029017007548,0.001515486952384,0.0017991750059278,0.0015105729299285,0.0023714651354709,2.598323705744632,2.661186651443756,2.5861351724168613,2.7991010761697743,1.5262408820915705,1.5245522142476755,1.4448078123453976,1.602607948306059,86.96893450710922,86.89258789395292,86.32270177453756,87.38612740021199,2207,1.4448078123453976,0.0022064114852885,0.001515486952384,2.5861351724168613,86.96893450710922,SUCCESS,0.6656817563428102,0.6702491765199149,0.6582097799043778,0.6868559933125569
task-v2-7133b996bac7,g-a87f1b9ac089cc45,v2-S5-b000-g-a87f1b9ac089cc45,S5,D3,3,19,5.7220458984375e-06,5.24244866289598,658.322874731653,3.827458574021238,172.0,3,3,3,"{""SUCCESS"": 3}",0.0023682693308206,0.0021007091816202667,0.0011716047540416,0.0027622534599986,0.0015846264101082,0.0014095292834579,0.0007653365057644,0.0018786249345011,2.616879753783786,2.537273910359201,2.311229788153617,2.6837121891402003,1.4792694609394017,1.4555518782342365,1.372919707611956,1.5144664661513518,129.35076321847737,129.57243726588786,129.05866965837777,130.30787892080843,1103,1.372919707611956,0.0011716047540416,0.0007653365057644,2.311229788153617,130.30787892080843,SUCCESS,0.6691073474988394,0.667483687852732,0.6532377946780161,0.6801059213813406
task-v2-b9b3757d64c0,g-a87f1b9ac089cc45,v2-S5-b000-g-a87f1b9ac089cc45,S5,D4,1,19,7.62939453125e-06,5.11750992628768,657.5602594251072,3.823024764099461,172.0,3,3,3,"{""SUCCESS"": 3}",0.0033885989747116,0.0040167655329917335,0.0033205519546777,0.0053411456695859,0.0017398757388221,0.002057632748494767,0.0017315102000835,0.0027015123065787,2.647530101387926,2.7104648854740057,2.6387202060600585,2.845144348974032,1.6968772942364736,1.6772409412068512,1.5937414514093526,1.741104077974727,43.56973362900317,43.431227972730994,43.01921088248491,43.7047394067049,1103,1.5937414514093526,0.0053411456695859,0.0027015123065787,2.845144348974032,43.7047394067049,SUCCESS,0.5134498805572727,0.5135650236734562,0.5057926657874114,0.5214525246756847
task-v2-b9b3757d64c0,g-a87f1b9ac089cc45,v2-S5-b000-g-a87f1b9ac089cc45,S5,D4,2,19,7.62939453125e-06,5.11750992628768,657.5602594251072,3.823024764099461,172.0,3,3,3,"{""SUCCESS"": 3}",0.0035961190546599,0.0035235510606653666,0.0030850084799784,0.0038895256473578,0.0018674160058223,0.0018189164534078,0.0015864070142035,0.0020029263401976,2.673343987526288,2.6625056139336576,2.60676628843418,2.707406565840505,1.5355529277920832,1.5342830198578234,1.5075165545486606,1.5597795772327272,87.04643663857132,87.24799386039376,86.456159950234,88.24138499237597,3301,1.5075165545486606,0.0035961190546599,0.0018674160058223,2.673343987526288,87.04643663857132,SUCCESS,0.5149538843016251,0.5161571234614071,0.514231006008334,0.519286480074262
task-v2-b9b3757d64c0,g-a87f1b9ac089cc45,v2-S5-b000-g-a87f1b9ac089cc45,S5,D4,3,19,7.62939453125e-06,5.11750992628768,657.5602594251072,3.823024764099461,172.0,3,3,3,"{""SUCCESS"": 3}",0.0030928941224263,0.0027314400235927,0.0013706407633693,0.0037307851849825,0.0016335164696191,0.0014040575507729,0.000686831228806,0.0018918249538936,2.6078749795488547,2.5172062397936235,2.254433570041574,2.6893101697904425,1.4663588287799918,1.434035910234101,1.3630556624253145,1.4726932394969965,128.14575368911028,128.58194185017297,127.35855416674168,130.24151769466698,1103,1.3630556624253145,0.0013706407633693,0.000686831228806,2.254433570041574,130.24151769466698,SUCCESS,0.5070849325521983,0.5121128867653822,0.5011022925639929,0.5281514351799556
task-v2-11173062a501,g-a87f1b9ac089cc45,v2-S5-b000-g-a87f1b9ac089cc45,S5,D5,1,19,1.1444091796875e-05,4.941418667231999,632.471228757995,3.6771583067325295,172.0,3,3,3,"{""SUCCESS"": 3}",0.0037251234010672,0.003715138530117167,0.0036292000202359,0.0037910921690484,0.0016138317586889,0.0015625268304623001,0.0014516027161976,0.0016221460165004,2.512559331300168,2.511323971171666,2.501229571858815,2.5201830103560154,1.5371072973167323,1.5490974665270751,1.5259476100419112,1.5842374922225813,44.38344979379326,43.965487443221114,43.01276053581387,44.50025200005621,2207,1.5259476100419112,0.0037251234010672,0.0016221460165004,2.512559331300168,44.38344979379326,SUCCESS,0.4256904571892935,0.42037672492223227,0.3999787027729782,0.4354610148044251
task-v2-11173062a501,g-a87f1b9ac089cc45,v2-S5-b000-g-a87f1b9ac089cc45,S5,D5,2,19,1.1444091796875e-05,4.941418667231999,632.471228757995,3.6771583067325295,172.0,3,3,3,"{""SUCCESS"": 3}",0.0031708231760073,0.0032330569353383,0.0027642352278982,0.0037641124021094,0.0013542531864322,0.0012536052974097668,0.001018211028815,0.0013883516769821,2.44259069108644,2.4475552021960905,2.382993664628584,2.517081250873247,1.8520764660525808,1.7827116288746963,1.5637343724398405,1.9323240481316672,88.01467274315655,88.05722977500409,87.88564192503691,88.27137465681881,1103,1.5637343724398405,0.0031708231760073,0.0013883516769821,2.44259069108644,88.01467274315655,SUCCESS,0.3683518025306683,0.3886613835544462,0.359780219547451,0.4378521285852194
task-v2-11173062a501,g-a87f1b9ac089cc45,v2-S5-b000-g-a87f1b9ac089cc45,S5,D5,3,19,1.1444091796875e-05,4.941418667231999,632.471228757995,3.6771583067325295,172.0,3,3,3,"{""SUCCESS"": 3}",0.0051886949782224,0.005573997063722667,0.0049724402971885,0.0065608559157571,0.002291505522762,0.0024607234871531665,0.0022628054053096,0.0028278595333879,2.656476808312661,2.6842814067927008,2.6379882445976603,2.75837916746778,1.3827212609851782,1.395020189836589,1.3526440048513035,1.4496953036732858,129.4345085164532,129.49534755603722,128.8680556677282,130.18347848393023,1103,1.3526440048513035,0.0049724402971885,0.002291505522762,2.6379882445976603,128.8680556677282,SUCCESS,0.4361029921409788,0.44265471241981574,0.4310199110753583,0.4608412340431101
task-v2-c95d7e1ff6e7,g-a87f1b9ac089cc45,v2-S5-b000-g-a87f1b9ac089cc45,S5,D6,1,19,1.52587890625e-05,4.816479930623699,615.2559581074667,3.57706952388062,172.0,3,3,3,"{""SUCCESS"": 3}",0.0003876095124387,0.0014566716714361,0.0003863010626523,0.0035961044392173,0.0001049244646798,0.0004948857321088333,0.0001047640529288,0.0012749686787179,1.4048743572815228,1.7268641391712565,1.4034058334447002,2.3723122267875465,2.030790869129766,1.8324724277214328,1.435832645860642,2.0307937681738903,44.2216723235324,44.21165873513868,43.755805030465126,44.657498851418495,2207,1.435832645860642,0.0035961044392173,0.0012749686787179,2.3723122267875465,44.2216723235324,SUCCESS,0.2711979413401931,0.2988119556867217,0.2706963098498103,0.3545416158701617
task-v2-c95d7e1ff6e7,g-a87f1b9ac089cc45,v2-S5-b000-g-a87f1b9ac089cc45,S5,D6,2,19,1.52587890625e-05,4.816479930623699,615.2559581074667,3.57706952388062,172.0,3,3,3,"{""SUCCESS"": 3}",0.0012262805583594,0.0018917320201838998,0.0006649557676505,0.0037839597345418,0.000241392038232,0.0005983378528633667,0.0001817057214162,0.0013719157989419,1.9050697735695128,1.979589632843748,1.6392726879505886,2.394426437011143,1.824352827292272,1.7393388831487206,1.4405345852132978,1.953129236940592,87.96293896902353,88.04399121180177,87.88996022567153,88.27907444071025,2207,1.4405345852132978,0.0037839597345418,0.0013719157989419,2.394426437011143,88.27907444071025,SUCCESS,0.2732598621684144,0.2775565659292788,0.196848948298549,0.362560887320873
task-v2-c95d7e1ff6e7,g-a87f1b9ac089cc45,v2-S5-b000-g-a87f1b9ac089cc45,S5,D6,3,19,1.52587890625e-05,4.816479930623699,615.2559581074667,3.57706952388062,172.0,3,3,3,"{""SUCCESS"": 3}",0.0040838585063571,0.0037704495751212665,0.0008227791909541,0.0064047110280526,0.0014444449139414,0.0013954434758637,0.0002698035314298,0.0024720819822199,2.427550617277345,2.260764439203983,1.73176322997107,2.6229794703635334,1.318465089655528,1.3345992174297123,1.1962786162289976,1.4890539464046113,129.55351291410625,129.6978109444802,129.23702569957825,130.30289421975613,2207,1.1962786162289976,0.0008227791909541,0.0002698035314298,1.73176322997107,130.30289421975613,SUCCESS,0.3536961213746638,0.3558640378917317,0.3279173007729652,0.3859786915275662
task-v2-f5c9b9bdeb27,g-a87f1b9ac089cc45,v2-S5-b000-g-a87f1b9ac089cc45,S5,D7,1,19,1.9073486328125e-05,4.719569917615643,605.3627476722257,3.519550858559452,172.0,3,3,3,"{""SUCCESS"": 3}",0.0005884573266521,0.0005884331324229999,0.0005883504658089,0.000588491604808,9.620397481114672e-05,9.619263502802793e-05,9.615574553971218e-05,9.62181847332249e-05,1.48928489206533,1.4892670335579885,1.4892060192452528,1.4893101893633829,1.9275361625242788,1.9275361690332904,1.927536151807604,1.927536192767989,29.39695941004902,29.37599306832999,29.251200194470584,29.479819600470364,1103,1.927536151807604,0.0005883504658089,9.615574553971218e-05,1.4892060192452528,29.251200194470584,SUCCESS,0.1634755262864506,0.16347249717597576,0.1634327686092685,0.1635091966322082
task-v2-f5c9b9bdeb27,g-a87f1b9ac089cc45,v2-S5-b000-g-a87f1b9ac089cc45,S5,D7,2,19,1.9073486328125e-05,4.719569917615643,605.3627476722257,3.519550858559452,172.0,3,3,3,"{""SUCCESS"": 3}",0.001209967282575,0.0030503810764904,0.0011279486052409,0.0068132273416553,0.0002135512976087,0.0006425162697759333,0.0001935481479274,0.0015204493637917,1.80234354480052,2.0423751907236407,1.7718592291701043,2.552922798200298,1.8397922328992635,1.697669138870863,1.4127457292647132,1.8404694544486124,84.82292182836682,84.95462774423261,84.63753904681653,85.4034223575145,2207,1.4127457292647132,0.0068132273416553,0.0015204493637917,2.552922798200298,84.63753904681653,SUCCESS,0.1764934479503157,0.19041596848042888,0.1715930557723034,0.2231614017186675
task-v2-f5c9b9bdeb27,g-a87f1b9ac089cc45,v2-S5-b000-g-a87f1b9ac089cc45,S5,D7,3,19,1.9073486328125e-05,4.719569917615643,605.3627476722257,3.519550858559452,172.0,3,3,3,"{""SUCCESS"": 3}",0.004682152600795,0.0047216754741452,0.0031161999410096,0.006366673880631,0.0013127255348363,0.0014878738854063,0.0008858475717362,0.0022650485496464,2.3900154817398547,2.375564412200898,2.213195232627539,2.523482522235301,1.4272475110717069,1.4819044821572438,1.312618512473818,1.7058474229262064,126.3851196207106,126.75414665540059,126.32955066580324,127.54776967968792,1103,1.312618512473818,0.006366673880631,0.0022650485496464,2.523482522235301,126.32955066580324,SUCCESS,0.2842717375346753,0.30680202471780427,0.2803679518291342,0.3557663847896034
task-v2-420d9636beee,g-e0c69f84d376b633,v2-S5-b001-g-e0c69f84d376b633,S5,D1,1,19,1.9073486328125e-06,5.719569917615643,744.1696091189781,4.32656749487778,172.0,3,3,3,"{""SUCCESS"": 3}",0.0011464165567422,0.0011646692109955334,0.0010987003372392,0.0012488907390052,0.0011464165567422,0.0011646692109955334,0.0010987003372392,0.0012488907390052,2.778912367204768,2.7851519684724155,2.760449175435445,2.816094362777033,1.828671564811208,1.8303867713592925,1.827941364082753,1.834547385183916,43.92588240746409,44.087510601617396,43.82167632505298,44.51497307233512,3301,1.827941364082753,0.0012488907390052,0.0012488907390052,2.816094362777033,43.82167632505298,SUCCESS,1.0,1.0,1.0,1.0
task-v2-420d9636beee,g-e0c69f84d376b633,v2-S5-b001-g-e0c69f84d376b633,S5,D1,2,19,1.9073486328125e-06,5.719569917615643,744.1696091189781,4.32656749487778,172.0,3,3,3,"{""SUCCESS"": 3}",0.0010539537281499,0.0011900070547081333,0.0008834380034333,0.0016326294325412,0.0010539537281499,0.0011900070547081333,0.0008834380034333,0.0016326294325412,2.7423914620308185,2.780198332159621,2.6657459952710743,2.93245753917697,1.7096684948536054,1.7135663639159422,1.6363143864257583,1.7947162104684629,87.26401426177472,87.2655385658145,86.98491447418928,87.54768696147949,1103,1.6363143864257583,0.0008834380034333,0.0008834380034333,2.6657459952710743,87.26401426177472,SUCCESS,1.0,1.0,1.0,1.0
task-v2-420d9636beee,g-e0c69f84d376b633,v2-S5-b001-g-e0c69f84d376b633,S5,D1,3,19,1.9073486328125e-06,5.719569917615643,744.1696091189781,4.32656749487778,172.0,3,3,3,"{""SUCCESS"": 3}",0.0004468920777324,0.0003913734777878667,0.0002244189548216,0.0005028094008096,0.0004468920777324,0.0003913734777878667,0.0002244189548216,0.0005028094008096,2.369772573400242,2.287125110983415,2.0706294530286184,2.4209733065213843,1.5317005181327583,1.505959186045209,1.41318814452266,1.5729888954802085,129.7828813958913,129.77081550161043,129.7422083215788,129.7873567873612,2207,1.41318814452266,0.0002244189548216,0.0002244189548216,2.0706294530286184,129.7873567873612,SUCCESS,1.0,1.0,1.0,1.0
task-v2-e449b07a1126,g-e0c69f84d376b633,v2-S5-b001-g-e0c69f84d376b633,S5,D2,1,19,3.814697265625e-06,5.418539921951662,739.4884682754432,4.299351559740949,172.0,3,3,3,"{""SUCCESS"": 3}",0.0017668110101457,0.0017943990961975665,0.0016833135543193,0.0019330727241277,0.001079767119175,0.0010938534742024667,0.0010312265449337,0.0011705667584987,2.665730018917152,2.6717410253990246,2.644704942399918,2.704788114880003,1.783474800528429,1.7777121082339,1.7546292933745844,1.7950322307986863,42.31327230390161,42.1800290994967,41.32541425712407,42.90140073746443,3301,1.7546292933745844,0.0019330727241277,0.0011705667584987,2.704788114880003,41.32541425712407,SUCCESS,0.6111390029689637,0.6097677403487202,0.6055471912092052,0.6126170268679916
task-v2-e449b07a1126,g-e0c69f84d376b633,v2-S5-b001-g-e0c69f84d376b633,S5,D2,2,19,3.814697265625e-06,5.418539921951662,739.4884682754432,4.299351559740949,172.0,3,3,3,"{""SUCCESS"": 3}",0.0019337433956376,0.0020163592215313667,0.0015425371695886,0.0025727970993679,0.0011868966326138,0.0012388013753869334,0.0009785908186547,0.0015509166748923,2.7049387654047847,2.7135532615022337,2.606775559715444,2.8289454593864725,1.6394869840368211,1.645638075384469,1.5647111707147203,1.732716071401865,81.26086568180472,81.16977117179583,80.8407685123384,81.40767932124436,1103,1.5647111707147203,0.0015425371695886,0.0009785908186547,2.606775559715444,81.26086568180472,SUCCESS,0.6137818674863492,0.6169995684358902,0.6028134419435149,0.6344033958778066
task-v2-e449b07a1126,g-e0c69f84d376b633,v2-S5-b001-g-e0c69f84d376b633,S5,D2,3,19,3.814697265625e-06,5.418539921951662,739.4884682754432,4.299351559740949,172.0,3,3,3,"{""SUCCESS"": 3}",0.0006978247879466,0.0006171319759762,0.0003071851690178,0.0008463859709642,0.0004864335438037,0.00044170713470453334,0.0002486431299872,0.0005900447303227,2.2622863142308884,2.171444952789731,1.905940165963521,2.346108378174784,1.4668953041696384,1.44013259320642,1.3601823746106014,1.4933201008390191,81.25607780646533,92.75536039968331,75.86237898748368,121.14762440510094,2207,1.3601823746106014,0.0003071851690178,0.0002486431299872,1.905940165963521,81.25607780646533,SUCCESS,0.697134345989329,0.734543261847921,0.6970711734604692,0.8094242660939645
task-v2-6e79cb6720c5,g-e0c69f84d376b633,v2-S5-b001-g-e0c69f84d376b633,S5,D3,1,19,5.7220458984375e-06,5.24244866289598,735.3678925832343,4.27539472432113,172.0,3,3,3,"{""SUCCESS"": 3}",0.0032303403693794,0.0032247725574355997,0.0029012633887149,0.0035427139142125,0.0013119549763017,0.0012954471232844668,0.0011803032662247,0.001394083127327,2.75169694769004,2.7495058380568067,2.705035820541463,2.7917847459389167,1.736193133130426,1.7260369263580921,1.7021848621045714,1.7397327838392789,43.29329161439091,43.20399102848023,42.47755787614733,43.841123594902456,1103,1.7021848621045714,0.0035427139142125,0.001394083127327,2.7917847459389167,43.841123594902456,SUCCESS,0.4061352137186009,0.4021554068106796,0.3935071137791516,0.4068238929342864
task-v2-6e79cb6720c5,g-e0c69f84d376b633,v2-S5-b001-g-e0c69f84d376b633,S5,D3,2,19,5.7220458984375e-06,5.24244866289598,735.3678925832343,4.27539472432113,172.0,3,3,3,"{""SUCCESS"": 3}",0.0023315984168096,0.0029992574656083,0.0023166171378229,0.0043495568421924,0.0010357467817765,0.0012321875899756667,0.0010160432393623,0.0016447727487882,2.610102414651008,2.699433005357451,2.6073029277304114,2.8808936736909327,1.6231563047088224,1.6388012340884612,1.6020673986687362,1.691179998887825,85.38207695819438,85.31640172035743,84.63440299872309,85.93272520415485,3301,1.6020673986687362,0.0023315984168096,0.0010160432393623,2.610102414651008,85.93272520415485,SUCCESS,0.4357711139436384,0.42033760535818415,0.3781472017639338,0.4470945003669802
task-v2-6e79cb6720c5,g-e0c69f84d376b633,v2-S5-b001-g-e0c69f84d376b633,S5,D3,3,19,5.7220458984375e-06,5.24244866289598,735.3678925832343,4.27539472432113,172.0,3,3,3,"{""SUCCESS"": 3}",0.000919210442974,0.0008215099010057333,0.0004097861744599,0.0011355330855833,0.0005051907909514,0.00046004266677876667,0.000316308261068,0.0005586289483169,2.2058636125407745,2.119506010947283,1.8550059647965391,2.297648455504536,1.426386895866003,1.4043722548253825,1.33194909175055,1.454780776859595,84.10793406609446,94.95826247086127,73.62503734976053,127.14181599672884,2207,1.33194909175055,0.0004097861744599,0.000316308261068,1.8550059647965391,84.10793406609446,SUCCESS,0.5495920926626502,0.6044770833861336,0.4919530354590913,0.7718861220366593
task-v2-526a936f38d9,g-e0c69f84d376b633,v2-S5-b001-g-e0c69f84d376b633,S5,D4,1,19,7.62939453125e-06,5.11750992628768,736.1529344074795,4.279958920973718,172.0,3,3,3,"{""SUCCESS"": 3}",0.0041841896386673,0.0042303150090502,0.0039478757856213,0.004558879602862,0.0010892937034515,0.0011007182396973667,0.0010359064114419,0.0011769546041987,2.739121285980644,2.743120913737046,2.7138734060330343,2.776368049197459,1.7159074048808316,1.7196072656098647,1.683699215505429,1.759215176443333,29.50230319425464,33.48324569004277,26.870550248771902,44.07688362710178,1103,1.683699215505429,0.004558879602862,0.0011769546041987,2.776368049197459,44.07688362710178,SUCCESS,0.2603356438209908,0.2602996845354492,0.2581675119167186,0.2623958978686383
task-v2-526a936f38d9,g-e0c69f84d376b633,v2-S5-b001-g-e0c69f84d376b633,S5,D4,2,19,7.62939453125e-06,5.11750992628768,736.1529344074795,4.279958920973718,172.0,3,3,3,"{""SUCCESS"": 3}",0.0028269043281469,0.003929952127847333,0.0027866696039408,0.0061762824514543,0.0006836105127935,0.0009937057630260333,0.0006762318329877,0.0016212749432969,2.5688210370549065,2.679884506297116,2.5625954067730428,2.9082370750634,1.5888321573676103,1.6107005080303887,1.5713309703445288,1.6719383963790266,52.71197658684105,52.71799008920789,52.4845471419394,52.957446538843215,1103,1.5713309703445288,0.0028269043281469,0.0006836105127935,2.5688210370549065,52.957446538843215,SUCCESS,0.2426666699315512,0.24899660304497803,0.2418230097095916,0.2625001294937913
task-v2-526a936f38d9,g-e0c69f84d376b633,v2-S5-b001-g-e0c69f84d376b633,S5,D4,3,19,7.62939453125e-06,5.11750992628768,736.1529344074795,4.279958920973718,172.0,3,3,3,"{""SUCCESS"": 3}",0.0016118171493694,0.0014032874472168666,0.0004046355947508,0.0021934095975304,0.0003280199666953,0.00029421352977583186,5.713643460999544e-05,0.0004974841880222,2.3248256985433304,2.1693431248156645,1.7245740101696354,2.458629665734028,1.435300908985479,1.406377791502327,1.3084464335994177,1.4753860319220853,78.49227659869939,78.405110964862,78.07090491987765,78.65215137600899,2207,1.3084464335994177,0.0004046355947508,5.713643460999544e-05,1.7245740101696354,78.65215137600899,SUCCESS,0.2035094159555573,0.1905075653994479,0.1412046674865047,0.2268086127562817
task-v2-89b7591232ff,g-e0c69f84d376b633,v2-S5-b001-g-e0c69f84d376b633,S5,D5,1,19,1.1444091796875e-05,4.941418667231999,732.631503075077,4.259485482994634,172.0,3,3,3,"{""SUCCESS"": 3}",0.0070243270995579,0.006970471419980699,0.0068233304218754,0.0070637567385088,0.0017347104825928,0.0017249006925194668,0.0016602606582097,0.0017797309367559,2.78802339425098,2.7846309553172532,2.775415069865067,2.790454401835713,1.6467702268614386,1.6471244776006955,1.6367021534513382,1.657901052489309,43.27585667651147,43.32839422735075,43.25273096375168,43.45659504178912,1103,1.6367021534513382,0.0070637567385088,0.0017797309367559,2.790454401835713,43.45659504178912,SUCCESS,0.2469575317331099,0.2474103855159729,0.24332115778638,0.2519524670284289
task-v2-89b7591232ff,g-e0c69f84d376b633,v2-S5-b001-g-e0c69f84d376b633,S5,D5,2,19,1.1444091796875e-05,4.941418667231999,732.631503075077,4.259485482994634,172.0,3,3,3,"{""SUCCESS"": 3}",0.0036489108332068,0.005270138253607167,0.002497846144413,0.0096636577832017,0.0007591786143564,0.0012201195014214332,0.0003709432935997,0.0025302365963082,2.5035819180673613,2.5897088262921835,2.338984351594283,2.9265602092149066,1.5085125792595853,1.5057765077838317,1.3848332393466691,1.6239837047452403,85.18619256652892,85.18320483186592,85.09951697848737,85.26390495058149,1103,1.3848332393466691,0.002497846144413,0.0003709432935997,2.338984351594283,85.09951697848737,SUCCESS,0.2080562252844231,0.20613053264241213,0.1485052609943495,0.2618301116484638
task-v2-89b7591232ff,g-e0c69f84d376b633,v2-S5-b001-g-e0c69f84d376b633,S5,D5,3,19,1.1444091796875e-05,4.941418667231999,732.631503075077,4.259485482994634,172.0,3,3,3,"{""SUCCESS"": 3}",0.0014767160332308,0.0013967019202082668,0.0005752198139565,0.0021381699134375,0.0003283801807367,0.0003002008718958194,9.139490803235832e-05,0.0004808275269184,2.1107156574270736,2.0278096811339896,1.7012525045229698,2.271460881451925,1.36671462119747,1.3478106998546682,1.2824229690469875,1.394294509319547,75.86411018669605,82.84782842298348,69.29242270532995,103.38695237692446,2207,1.2824229690469875,0.0005752198139565,9.139490803235832e-05,1.7012525045229698,75.86411018669605,SUCCESS,0.2223719207668309,0.2020456394712475,0.1588869260321928,0.2248780716147188
task-v2-5f165c277bb9,g-e0c69f84d376b633,v2-S5-b001-g-e0c69f84d376b633,S5,D6,1,19,1.52587890625e-05,4.816479930623699,719.1031525059985,4.180832282011619,172.0,3,3,3,"{""SUCCESS"": 3}",0.0086335025905287,0.008445268572777434,0.0074209630028154,0.0092813401249882,0.0019737264944725,0.0019224415807686333,0.0017481745071001,0.0020454237407333,2.7526669542801265,2.7412325900380172,2.68694019704443,2.784090618789496,1.4940499370491285,1.4972773243579984,1.4926937611653197,1.5050882748595469,27.37953525874764,28.318393506730597,27.176968147046864,30.398677114397287,3301,1.4926937611653197,0.0086335025905287,0.0019737264944725,2.7526669542801265,27.176968147046864,SUCCESS,0.2286124865055114,0.22818838733714328,0.2203802159158519,0.2355724595900665
task-v2-5f165c277bb9,g-e0c69f84d376b633,v2-S5-b001-g-e0c69f84d376b633,S5,D6,2,19,1.52587890625e-05,4.816479930623699,719.1031525059985,4.180832282011619,172.0,3,3,3,"{""SUCCESS"": 3}",0.0109438168998166,0.010478644314833365,0.0090981600918224,0.0113939559528611,0.0018199616818262,0.0018938060754438333,0.0017701415866263,0.002091314957879,2.8556487489119755,2.8347455736028113,2.7754335050590946,2.873154466837364,1.6703762751625049,1.6216480653996228,1.4855773001892705,1.708990620847093,53.74823543801904,53.63435223481307,53.31467209011316,53.84014917630702,3301,1.4855773001892705,0.0090981600918224,0.002091314957879,2.7754335050590946,53.31467209011316,SUCCESS,0.1663004506094024,0.18383990055348687,0.1553579453834731,0.2298613056675851
task-v2-5f165c277bb9,g-e0c69f84d376b633,v2-S5-b001-g-e0c69f84d376b633,S5,D6,3,19,1.52587890625e-05,4.816479930623699,719.1031525059985,4.180832282011619,172.0,3,3,3,"{""SUCCESS"": 3}",0.0011097381122566,0.0010340505212678333,0.0004637948313658,0.0015286186201811,0.0002531945655471,0.0002435922436389,0.0001160709336585,0.0003615112317111,1.86170043209405,1.7817617810797077,1.482805835077035,2.0007790760680377,1.2421751865209072,1.2391368294435974,1.2127354854409509,1.2624998163689338,80.19985163304955,79.64521251246333,78.277827068232,80.45795883610845,2207,1.2127354854409509,0.0004637948313658,0.0001160709336585,1.482805835077035,80.45795883610845,SUCCESS,0.2364953736258575,0.23830531675917307,0.2281570424144978,0.2502635342371639
task-v2-780e1209d403,g-e0c69f84d376b633,v2-S5-b001-g-e0c69f84d376b633,S5,D7,1,19,2.288818359375e-05,4.640388671568018,692.2831322928262,4.024901931935036,172.0,3,3,3,"{""SUCCESS"": 3}",0.0111206576937161,0.0109688130885144,0.0103364281611739,0.0114493534106532,0.0018970471865262,0.0018593800637377999,0.0017193033021233,0.0019617897025639,2.6865191444530083,2.6801493130907743,2.654759162174904,2.69916963264441,1.3387893449459087,1.3422288993623417,1.3382164293725616,1.349680923768555,42.8422932587564,42.69940271476904,42.29016718454659,42.96574770100415,2207,1.3382164293725616,0.0114493534106532,0.0019617897025639,2.69916963264441,42.96574770100415,SUCCESS,0.1705876791440311,0.16942235792950544,0.1663343734716277,0.1713450211728575
task-v2-780e1209d403,g-e0c69f84d376b633,v2-S5-b001-g-e0c69f84d376b633,S5,D7,2,19,2.288818359375e-05,4.640388671568018,692.2831322928262,4.024901931935036,172.0,3,3,3,"{""SUCCESS"": 3}",0.009763565124409,0.007553707339348001,0.0027088792235656,0.0101886776700694,0.0014300319211268,0.0010842447731932334,0.0003366410483675,0.0014860613500854,2.629997098983032,2.450560635824596,2.073178313844356,2.6485064946464,1.705040256324339,1.7727662490475753,1.6284727185750805,1.9847857722433064,85.61639009881765,85.6316914477696,85.59116289392114,85.68752135057002,2207,1.6284727185750805,0.0101886776700694,0.0014860613500854,2.6485064946464,85.68752135057002,SUCCESS,0.1458541920951087,0.13886451330565794,0.1242731848060869,0.1464661630157782
task-v2-780e1209d403,g-e0c69f84d376b633,v2-S5-b001-g-e0c69f84d376b633,S5,D7,3,19,2.288818359375e-05,4.640388671568018,692.2831322928262,4.024901931935036,172.0,3,3,3,"{""SUCCESS"": 3}",0.002072649235995,0.005334609165767099,0.0018040101713187,0.0121271680899876,0.0005407019403769,0.0012216750104792,0.0005112825307578,0.0026130405603029,1.956914482218926,2.192563401464723,1.8966276534076127,2.7241480687676307,1.2818126348389425,1.278113064937858,1.164529503018576,1.3879970569560551,77.64960314054042,83.63939634896815,59.69559470191598,113.57299120444804,2207,1.164529503018576,0.0018040101713187,0.0005407019403769,1.8966276534076127,77.64960314054042,SUCCESS,0.246680683773499,0.253957626304467,0.2154699713002515,0.2997222238396504
