run_id,evidence_identity,task_id,base_graph_id,base_instance_id,size_stratum,stress_level,n_edges,dilution_score,feasible_state_fraction,optimizer_seed,objective_id,objective_definition,depth,optimizer,eval_budget,initial_parameters,terminal_parameters,objective_start,objective_final,objective_improvement,p_feas,p_opt,p_opt_given_feasible,log_feasibility_gain,nfev,runtime_s,optimizer_status,optimizer_message,numerically_valid,execution_status,failure_reason,selected_for_p3,config_sha256,raw_statevector_persisted,peak_memory_mb
phase2-p2-869f443069a560ae0c41,PREREGISTERED_HELDOUT_OBJECTIVE_CONFIRMATION,task-v2-b9e5059853ca,g-a529fbde22ed09f4,v2-S1-b002-g-a529fbde22ed09f4,S1,D1,7,2.1072099696478683,0.0078125,1103,P2_MEAN_ENERGY_PREPARATION,E_theta[H_C],2,COBYLA,120,"[1.4361119332668082, 4.6766136583430296, 1.8287983773432719, 0.554097077555417]","[3.1085426944418537, 4.313459417180652, 2.4583768833872437, 0.16733657407357344]",2.73211127827817,1.7648232491016975,0.9672880291764724,0.0913477247916379,0.0913477247916379,1.0,1.0679077044481686,120,0.3146448405459523,3,Return from COBYLA because the objective function has been evaluated MAXFUN times.,True,SUCCESS,,True,0e87433b5b33ad10b58affe40162e1cbdbcd4bcb5ec45d9bd38c6222a5549a2f,False,121.57421875
phase2-p2-848aa721e8980427b9fe,PREREGISTERED_HELDOUT_OBJECTIVE_CONFIRMATION,task-v2-b9e5059853ca,g-a529fbde22ed09f4,v2-S1-b002-g-a529fbde22ed09f4,S1,D1,7,2.1072099696478683,0.0078125,2207,P2_MEAN_ENERGY_PREPARATION,E_theta[H_C],2,COBYLA,120,"[4.119365739193051, 4.0465795222369225, 1.5369649905613294, 0.28561357469155796]","[3.4134864159072262, 4.37042799764865, 2.4558295651525426, 0.15522430758431216]",2.703788425482704,1.765646829815227,0.9381415956674766,0.0957059325130072,0.0957059325130072,1.0,1.0881488288229135,120,0.2977315746247768,3,Return from COBYLA because the objective function has been evaluated MAXFUN times.,True,SUCCESS,,False,0e87433b5b33ad10b58affe40162e1cbdbcd4bcb5ec45d9bd38c6222a5549a2f,False,121.57421875
phase2-p2-9aa6e2ef9be20c16ee39,PREREGISTERED_HELDOUT_OBJECTIVE_CONFIRMATION,task-v2-b9e5059853ca,g-a529fbde22ed09f4,v2-S1-b002-g-a529fbde22ed09f4,S1,D1,7,2.1072099696478683,0.0078125,3301,P2_MEAN_ENERGY_PREPARATION,E_theta[H_C],2,COBYLA,120,"[2.8746040698350956, 3.2295534178963874, 1.3381083226815658, 0.4324890662459698]","[3.430260591010186, 4.151446308247917, 2.455922603177753, 0.15866273029574696]",2.916844813705569,1.7723253010977826,1.1445195126077865,0.0870976606895876,0.0870976606895876,1.0,1.0472164603243397,120,0.2876124503090977,3,Return from COBYLA because the objective function has been evaluated MAXFUN times.,True,SUCCESS,,False,0e87433b5b33ad10b58affe40162e1cbdbcd4bcb5ec45d9bd38c6222a5549a2f,False,121.64453125
phase2-p2-79bfb4845135fd2b1a3e,PREREGISTERED_HELDOUT_OBJECTIVE_CONFIRMATION,task-v2-9065c1a0a08c,g-a529fbde22ed09f4,v2-S1-b002-g-a529fbde22ed09f4,S1,D2,7,1.806179973983887,0.015625,1103,P2_MEAN_ENERGY_PREPARATION,E_theta[H_C],2,COBYLA,120,"[1.4361119332668082, 4.6766136583430296, 1.8287983773432719, 0.554097077555417]","[1.4160647665344457, 4.327460452442732, 2.5090888957793176, 0.20577326930285197]",2.0190722817307827,1.4005558128107762,0.6185164689200064,0.1925713007687176,0.1509643822984972,0.7839401909623532,1.0907715379432534,120,0.2837743982672691,3,Return from COBYLA because the objective function has been evaluated MAXFUN times.,True,SUCCESS,,True,0e87433b5b33ad10b58affe40162e1cbdbcd4bcb5ec45d9bd38c6222a5549a2f,False,121.5390625
phase2-p2-8813c135a3b2af0e6b19,PREREGISTERED_HELDOUT_OBJECTIVE_CONFIRMATION,task-v2-9065c1a0a08c,g-a529fbde22ed09f4,v2-S1-b002-g-a529fbde22ed09f4,S1,D2,7,1.806179973983887,0.015625,2207,P2_MEAN_ENERGY_PREPARATION,E_theta[H_C],2,COBYLA,120,"[4.119365739193051, 4.0465795222369225, 1.5369649905613294, 0.28561357469155796]","[1.2731651863617104, 6.356342243225674, 0.7786747103784103, 1.9995114396279638]",2.1801345647881294,1.473746018728887,0.7063885460592421,0.0757076261112468,0.0735877301909732,0.9719989117455808,0.6853196026413937,120,0.3070905022323131,3,Return from COBYLA because the objective function has been evaluated MAXFUN times.,True,SUCCESS,,False,0e87433b5b33ad10b58affe40162e1cbdbcd4bcb5ec45d9bd38c6222a5549a2f,False,121.5390625
phase2-p2-21774ae4c5add1c222ba,PREREGISTERED_HELDOUT_OBJECTIVE_CONFIRMATION,task-v2-9065c1a0a08c,g-a529fbde22ed09f4,v2-S1-b002-g-a529fbde22ed09f4,S1,D2,7,1.806179973983887,0.015625,3301,P2_MEAN_ENERGY_PREPARATION,E_theta[H_C],2,COBYLA,120,"[2.8746040698350956, 3.2295534178963874, 1.3381083226815658, 0.4324890662459698]","[2.096239528598493, 4.29233197195289, 1.2661096016139821, 1.2788689885051685]",2.0359991657527345,1.5412150936367055,0.4947840721160288,0.1751383954964479,0.1310131622098352,0.7480550557658407,1.0495613406514754,120,0.2935587149113416,3,Return from COBYLA because the objective function has been evaluated MAXFUN times.,True,SUCCESS,,False,0e87433b5b33ad10b58affe40162e1cbdbcd4bcb5ec45d9bd38c6222a5549a2f,False,121.5390625
phase2-p2-3b825b9d54e025a840d3,PREREGISTERED_HELDOUT_OBJECTIVE_CONFIRMATION,task-v2-07632e755d52,g-a529fbde22ed09f4,v2-S1-b002-g-a529fbde22ed09f4,S1,D3,7,1.630088714928206,0.0234375,1103,P2_MEAN_ENERGY_PREPARATION,E_theta[H_C],2,COBYLA,120,"[1.4361119332668082, 4.6766136583430296, 1.8287983773432719, 0.554097077555417]","[2.250200247560789, 4.270793580028745, 3.151499755542524, -0.47765860019613887]",1.8306538937888748,1.2373877527038526,0.5932661410850222,0.2530761538121439,0.1024087301309312,0.4046557867595393,1.033339940466956,120,0.3472380507737398,3,Return from COBYLA because the objective function has been evaluated MAXFUN times.,True,SUCCESS,,True,0e87433b5b33ad10b58affe40162e1cbdbcd4bcb5ec45d9bd38c6222a5549a2f,False,121.640625
phase2-p2-847333f1eb18dee5f552,PREREGISTERED_HELDOUT_OBJECTIVE_CONFIRMATION,task-v2-07632e755d52,g-a529fbde22ed09f4,v2-S1-b002-g-a529fbde22ed09f4,S1,D3,7,1.630088714928206,0.0234375,2207,P2_MEAN_ENERGY_PREPARATION,E_theta[H_C],2,COBYLA,120,"[4.119365739193051, 4.0465795222369225, 1.5369649905613294, 0.28561357469155796]","[4.581991610863838, 4.6448854765735685, 2.163452629974011, 1.0207659891959768]",1.8589667496607312,1.6374813465744018,0.2214854030863293,0.063030853787033,0.0199069528755432,0.3158287041899249,0.4296419048475044,120,0.2995827049016952,3,Return from COBYLA because the objective function has been evaluated MAXFUN times.,True,SUCCESS,,False,0e87433b5b33ad10b58affe40162e1cbdbcd4bcb5ec45d9bd38c6222a5549a2f,False,121.640625
phase2-p2-4999fb535421937b2595,PREREGISTERED_HELDOUT_OBJECTIVE_CONFIRMATION,task-v2-07632e755d52,g-a529fbde22ed09f4,v2-S1-b002-g-a529fbde22ed09f4,S1,D3,7,1.630088714928206,0.0234375,3301,P2_MEAN_ENERGY_PREPARATION,E_theta[H_C],2,COBYLA,120,"[2.8746040698350956, 3.2295534178963874, 1.3381083226815658, 0.4324890662459698]","[3.5915290698459725, 3.371157426134933, 1.9628421533766984, 0.6571886044740077]",2.0385851237220103,1.706665771736143,0.3319193519858672,0.0765131289743599,0.0316284186552938,0.413372437897459,0.5138246775575999,120,0.2948886044323444,3,Return from COBYLA because the objective function has been evaluated MAXFUN times.,True,SUCCESS,,False,0e87433b5b33ad10b58affe40162e1cbdbcd4bcb5ec45d9bd38c6222a5549a2f,False,121.640625
phase2-p2-18e9ce4d5bbe0d079ca4,PREREGISTERED_HELDOUT_OBJECTIVE_CONFIRMATION,task-v2-6dd269836f23,g-c45ecbe0242c6377,v2-S1-b003-g-c45ecbe0242c6377,S1,D1,7,2.1072099696478683,0.0078125,1103,P2_MEAN_ENERGY_PREPARATION,E_theta[H_C],2,COBYLA,120,"[1.4361119332668082, 4.6766136583430296, 1.8287983773432719, 0.554097077555417]","[1.6873354952020616, 4.345891221437398, 2.5024627152019523, 0.16752971371760345]",2.3894626676325457,1.7162170564968156,0.6732456111357301,0.0720814001688172,0.0720814001688172,1.0,0.9650331837965256,120,0.3539403257891536,3,Return from COBYLA because the objective function has been evaluated MAXFUN times.,True,SUCCESS,,False,0e87433b5b33ad10b58affe40162e1cbdbcd4bcb5ec45d9bd38c6222a5549a2f,False,121.2421875
phase2-p2-c687afccc16d9e4ce57a,PREREGISTERED_HELDOUT_OBJECTIVE_CONFIRMATION,task-v2-6dd269836f23,g-c45ecbe0242c6377,v2-S1-b003-g-c45ecbe0242c6377,S1,D1,7,2.1072099696478683,0.0078125,2207,P2_MEAN_ENERGY_PREPARATION,E_theta[H_C],2,COBYLA,120,"[4.119365739193051, 4.0465795222369225, 1.5369649905613294, 0.28561357469155796]","[5.4840160911681926, 3.921779898007851, 2.590006968364096, 0.17627867531941416]",2.4983821037904663,1.698823523029137,0.7995585807613292,0.0764113338463789,0.0764113338463789,1.0,0.9903677504993964,120,0.3021752405911684,3,Return from COBYLA because the objective function has been evaluated MAXFUN times.,True,SUCCESS,,True,0e87433b5b33ad10b58affe40162e1cbdbcd4bcb5ec45d9bd38c6222a5549a2f,False,121.4296875
phase2-p2-28b48aba7936e3ed91b2,PREREGISTERED_HELDOUT_OBJECTIVE_CONFIRMATION,task-v2-6dd269836f23,g-c45ecbe0242c6377,v2-S1-b003-g-c45ecbe0242c6377,S1,D1,7,2.1072099696478683,0.0078125,3301,P2_MEAN_ENERGY_PREPARATION,E_theta[H_C],2,COBYLA,120,"[2.8746040698350956, 3.2295534178963874, 1.3381083226815658, 0.4324890662459698]","[1.889604263378283, 3.934731538127801, 2.5412033477033567, 0.13591937277528646]",2.6143024117371865,1.7387976366389928,0.8755047750981937,0.0587869540682637,0.0587869540682637,1.0,0.8764909282956223,120,0.3056590333580971,3,Return from COBYLA because the objective function has been evaluated MAXFUN times.,True,SUCCESS,,False,0e87433b5b33ad10b58affe40162e1cbdbcd4bcb5ec45d9bd38c6222a5549a2f,False,121.4296875
phase2-p2-8f8d37431c4c66dde5f3,PREREGISTERED_HELDOUT_OBJECTIVE_CONFIRMATION,task-v2-5e0ea2a0e332,g-c45ecbe0242c6377,v2-S1-b003-g-c45ecbe0242c6377,S1,D2,7,1.806179973983887,0.015625,1103,P2_MEAN_ENERGY_PREPARATION,E_theta[H_C],2,COBYLA,120,"[1.4361119332668082, 4.6766136583430296, 1.8287983773432719, 0.554097077555417]","[1.369771630648272, 4.364040287023716, 2.4807130932486285, 0.17490077342813104]",2.062907403508764,1.548800683784426,0.5141067197243379,0.1002110766267358,0.033541871276731,0.3347122135177443,0.807095702022093,120,0.3202672442421317,3,Return from COBYLA because the objective function has been evaluated MAXFUN times.,True,SUCCESS,,True,0e87433b5b33ad10b58affe40162e1cbdbcd4bcb5ec45d9bd38c6222a5549a2f,False,121.375
phase2-p2-5094c70a7421c7b2aa25,PREREGISTERED_HELDOUT_OBJECTIVE_CONFIRMATION,task-v2-5e0ea2a0e332,g-c45ecbe0242c6377,v2-S1-b003-g-c45ecbe0242c6377,S1,D2,7,1.806179973983887,0.015625,2207,P2_MEAN_ENERGY_PREPARATION,E_theta[H_C],2,COBYLA,120,"[4.119365739193051, 4.0465795222369225, 1.5369649905613294, 0.28561357469155796]","[4.64703695153482, 4.628406522482506, 2.5481226365638796, 0.12372376485889018]",2.2912687885149863,1.740616286159341,0.5506525023556452,0.1271496108220625,0.0826831813405042,0.6502826143621772,0.9104950092145344,120,0.2954284800216555,3,Return from COBYLA because the objective function has been evaluated MAXFUN times.,True,SUCCESS,,False,0e87433b5b33ad10b58affe40162e1cbdbcd4bcb5ec45d9bd38c6222a5549a2f,False,121.375
phase2-p2-2f6446bde3034b567565,PREREGISTERED_HELDOUT_OBJECTIVE_CONFIRMATION,task-v2-5e0ea2a0e332,g-c45ecbe0242c6377,v2-S1-b003-g-c45ecbe0242c6377,S1,D2,7,1.806179973983887,0.015625,3301,P2_MEAN_ENERGY_PREPARATION,E_theta[H_C],2,COBYLA,120,"[2.8746040698350956, 3.2295534178963874, 1.3381083226815658, 0.4324890662459698]","[1.5126225826597253, 3.0034601441958806, 1.1481647936165298, 1.5442974273552221]",2.228381606063484,1.6414470057751602,0.5869346002883233,0.0761847604442002,0.0277577597594366,0.3643479299218538,0.6880480802722414,120,0.2828831784427166,3,Return from COBYLA because the objective function has been evaluated MAXFUN times.,True,SUCCESS,,False,0e87433b5b33ad10b58affe40162e1cbdbcd4bcb5ec45d9bd38c6222a5549a2f,False,121.375
phase2-p2-3d425ab712419d6962f0,PREREGISTERED_HELDOUT_OBJECTIVE_CONFIRMATION,task-v2-8d2ef8b298b4,g-c45ecbe0242c6377,v2-S1-b003-g-c45ecbe0242c6377,S1,D3,7,1.630088714928206,0.0234375,1103,P2_MEAN_ENERGY_PREPARATION,E_theta[H_C],2,COBYLA,120,"[1.4361119332668082, 4.6766136583430296, 1.8287983773432719, 0.554097077555417]","[1.3446877945752873, 4.559565400520295, 2.6891949088994167, 0.10062431693543174]",1.8610817730699207,1.3535879553305106,0.5074938177394108,0.1615266265913197,0.0602678577946796,0.373114074543041,0.8383328380567727,120,0.3125444892793894,3,Return from COBYLA because the objective function has been evaluated MAXFUN times.,True,SUCCESS,,False,0e87433b5b33ad10b58affe40162e1cbdbcd4bcb5ec45d9bd38c6222a5549a2f,False,120.66796875
phase2-p2-c4b0a1805ca681baa5bf,PREREGISTERED_HELDOUT_OBJECTIVE_CONFIRMATION,task-v2-8d2ef8b298b4,g-c45ecbe0242c6377,v2-S1-b003-g-c45ecbe0242c6377,S1,D3,7,1.630088714928206,0.0234375,2207,P2_MEAN_ENERGY_PREPARATION,E_theta[H_C],2,COBYLA,120,"[4.119365739193051, 4.0465795222369225, 1.5369649905613294, 0.28561357469155796]","[5.964042384466705, 4.0387473888995995, 2.6752305759335706, 0.15211036998018967]",1.857855949634036,1.1898381704826688,0.6680177791513671,0.2833975394058762,0.1028343749889047,0.3628626247231719,1.0824847901018588,120,0.3028634171932935,3,Return from COBYLA because the objective function has been evaluated MAXFUN times.,True,SUCCESS,,True,0e87433b5b33ad10b58affe40162e1cbdbcd4bcb5ec45d9bd38c6222a5549a2f,False,120.84765625
phase2-p2-954fef6d7e7c58b14c35,PREREGISTERED_HELDOUT_OBJECTIVE_CONFIRMATION,task-v2-8d2ef8b298b4,g-c45ecbe0242c6377,v2-S1-b003-g-c45ecbe0242c6377,S1,D3,7,1.630088714928206,0.0234375,3301,P2_MEAN_ENERGY_PREPARATION,E_theta[H_C],2,COBYLA,120,"[2.8746040698350956, 3.2295534178963874, 1.3381083226815658, 0.4324890662459698]","[2.925933193771949, 3.6926719833811803, 1.7764452301614306, 0.38522666766076685]",2.0049501260831164,1.7193256558565586,0.2856244702265578,0.0203474931842233,0.0090501266766613,0.4447784596718006,-0.0614003733936012,120,0.3049991643056273,3,Return from COBYLA because the objective function has been evaluated MAXFUN times.,True,SUCCESS,,False,0e87433b5b33ad10b58affe40162e1cbdbcd4bcb5ec45d9bd38c6222a5549a2f,False,120.84765625
phase2-p2-0709880d35cc0eedd9c4,PREREGISTERED_HELDOUT_OBJECTIVE_CONFIRMATION,task-v2-628efc62dabb,g-e23fad4558949e26,v2-S1-b004-g-e23fad4558949e26,S1,D1,7,2.1072099696478683,0.0078125,1103,P2_MEAN_ENERGY_PREPARATION,E_theta[H_C],2,COBYLA,120,"[1.4361119332668082, 4.6766136583430296, 1.8287983773432719, 0.554097077555417]","[1.6135396671235018, 4.3574957113854715, 2.4279686133349996, 0.20790114169929805]",2.051011783877765,1.6623368854935825,0.3886748983841825,0.0464094468321108,0.0464094468321108,1.0,0.7738163616136864,120,0.3195398254320025,3,Return from COBYLA because the objective function has been evaluated MAXFUN times.,True,SUCCESS,,False,0e87433b5b33ad10b58affe40162e1cbdbcd4bcb5ec45d9bd38c6222a5549a2f,False,120.79296875
phase2-p2-29b004e249576de4cdac,PREREGISTERED_HELDOUT_OBJECTIVE_CONFIRMATION,task-v2-628efc62dabb,g-e23fad4558949e26,v2-S1-b004-g-e23fad4558949e26,S1,D1,7,2.1072099696478683,0.0078125,2207,P2_MEAN_ENERGY_PREPARATION,E_theta[H_C],2,COBYLA,120,"[4.119365739193051, 4.0465795222369225, 1.5369649905613294, 0.28561357469155796]","[3.6978957880608223, 6.681448569024453, 2.5034838863027025, -0.43350587372586324]",2.227681873663155,1.634467823105773,0.5932140505573822,0.0416657660709161,0.0416657660709161,1.0,0.726989340864458,120,0.2918532332405448,3,Return from COBYLA because the objective function has been evaluated MAXFUN times.,True,SUCCESS,,True,0e87433b5b33ad10b58affe40162e1cbdbcd4bcb5ec45d9bd38c6222a5549a2f,False,120.92578125
phase2-p2-e902f1f2f7f06de87152,PREREGISTERED_HELDOUT_OBJECTIVE_CONFIRMATION,task-v2-628efc62dabb,g-e23fad4558949e26,v2-S1-b004-g-e23fad4558949e26,S1,D1,7,2.1072099696478683,0.0078125,3301,P2_MEAN_ENERGY_PREPARATION,E_theta[H_C],2,COBYLA,120,"[2.8746040698350956, 3.2295534178963874, 1.3381083226815658, 0.4324890662459698]","[1.657037469944226, 4.231920041033915, 2.4175181401035823, 0.20576617193460067]",2.304548380900333,1.6641324822985608,0.6404158986017723,0.0401334079906357,0.0401334079906357,1.0,0.7107160097376604,120,0.32004907540977,3,Return from COBYLA because the objective function has been evaluated MAXFUN times.,True,SUCCESS,,False,0e87433b5b33ad10b58affe40162e1cbdbcd4bcb5ec45d9bd38c6222a5549a2f,False,120.92578125
phase2-p2-3f9fb4b152d420d7f668,PREREGISTERED_HELDOUT_OBJECTIVE_CONFIRMATION,task-v2-10d8be977e09,g-e23fad4558949e26,v2-S1-b004-g-e23fad4558949e26,S1,D2,7,1.806179973983887,0.015625,1103,P2_MEAN_ENERGY_PREPARATION,E_theta[H_C],2,COBYLA,120,"[1.4361119332668082, 4.6766136583430296, 1.8287983773432719, 0.554097077555417]","[1.3274480884702833, 4.784020937090268, 2.634943285788205, 0.15686159834656305]",1.8916472801113289,1.4712982695639367,0.4203490105473919,0.1120233197352903,0.0516567814468124,0.4611252511430369,0.8554884125304569,120,0.3209537509828806,3,Return from COBYLA because the objective function has been evaluated MAXFUN times.,True,SUCCESS,,True,0e87433b5b33ad10b58affe40162e1cbdbcd4bcb5ec45d9bd38c6222a5549a2f,False,121.375
phase2-p2-eee3de7286a5872ba360,PREREGISTERED_HELDOUT_OBJECTIVE_CONFIRMATION,task-v2-10d8be977e09,g-e23fad4558949e26,v2-S1-b004-g-e23fad4558949e26,S1,D2,7,1.806179973983887,0.015625,2207,P2_MEAN_ENERGY_PREPARATION,E_theta[H_C],2,COBYLA,120,"[4.119365739193051, 4.0465795222369225, 1.5369649905613294, 0.28561357469155796]","[4.393812332841341, 4.3107190822142085, 1.1861098135082968, 0.23957077754537462]",2.0612995742238294,1.831391571738904,0.2299080024849256,0.0625392840634376,0.0269026836522875,0.4301725556211743,0.6023328792074291,120,0.2955622477456927,3,Return from COBYLA because the objective function has been evaluated MAXFUN times.,True,SUCCESS,,False,0e87433b5b33ad10b58affe40162e1cbdbcd4bcb5ec45d9bd38c6222a5549a2f,False,121.375
phase2-p2-b942ffe721476d27226d,PREREGISTERED_HELDOUT_OBJECTIVE_CONFIRMATION,task-v2-10d8be977e09,g-e23fad4558949e26,v2-S1-b004-g-e23fad4558949e26,S1,D2,7,1.806179973983887,0.015625,3301,P2_MEAN_ENERGY_PREPARATION,E_theta[H_C],2,COBYLA,120,"[2.8746040698350956, 3.2295534178963874, 1.3381083226815658, 0.4324890662459698]","[4.392811798475396, 4.234697964746955, 1.1800236789205583, 1.1772092335914912]",2.081616350791278,1.7681982533062004,0.3134180974850777,0.0884575727545103,0.0362069421943032,0.4093142177299581,0.7529149922891784,120,0.2961608925834298,3,Return from COBYLA because the objective function has been evaluated MAXFUN times.,True,SUCCESS,,False,0e87433b5b33ad10b58affe40162e1cbdbcd4bcb5ec45d9bd38c6222a5549a2f,False,121.54296875
phase2-p2-fb5b90d66acd423fb78a,PREREGISTERED_HELDOUT_OBJECTIVE_CONFIRMATION,task-v2-a4fc95665697,g-e23fad4558949e26,v2-S1-b004-g-e23fad4558949e26,S1,D3,7,1.630088714928206,0.0234375,1103,P2_MEAN_ENERGY_PREPARATION,E_theta[H_C],2,COBYLA,120,"[1.4361119332668082, 4.6766136583430296, 1.8287983773432719, 0.554097077555417]","[1.6873370835080423, 5.167056936120967, 3.1359636159056428, -0.4527515838623918]",1.6932783692170474,1.1044755514807827,0.5888028177362647,0.2530394421711767,0.0682211682474157,0.2696068552082302,1.0332769364289531,120,0.3051118785515427,3,Return from COBYLA because the objective function has been evaluated MAXFUN times.,True,SUCCESS,,True,0e87433b5b33ad10b58affe40162e1cbdbcd4bcb5ec45d9bd38c6222a5549a2f,False,121.71875
phase2-p2-ddaed882b5ba9f469d04,PREREGISTERED_HELDOUT_OBJECTIVE_CONFIRMATION,task-v2-a4fc95665697,g-e23fad4558949e26,v2-S1-b004-g-e23fad4558949e26,S1,D3,7,1.630088714928206,0.0234375,2207,P2_MEAN_ENERGY_PREPARATION,E_theta[H_C],2,COBYLA,120,"[4.119365739193051, 4.0465795222369225, 1.5369649905613294, 0.28561357469155796]","[3.615576857471951, 3.9470578159960295, 1.784866481614461, 0.36021319731073126]",1.6608259418518716,1.5750171160138946,0.085808825837977,0.0112442050117766,0.0018263456254716,0.1624255003852059,-0.3189825297202006,120,0.3236642191186547,3,Return from COBYLA because the objective function has been evaluated MAXFUN times.,True,SUCCESS,,False,0e87433b5b33ad10b58affe40162e1cbdbcd4bcb5ec45d9bd38c6222a5549a2f,False,121.71875
phase2-p2-449d2fb711b1cb617611,PREREGISTERED_HELDOUT_OBJECTIVE_CONFIRMATION,task-v2-a4fc95665697,g-e23fad4558949e26,v2-S1-b004-g-e23fad4558949e26,S1,D3,7,1.630088714928206,0.0234375,3301,P2_MEAN_ENERGY_PREPARATION,E_theta[H_C],2,COBYLA,120,"[2.8746040698350956, 3.2295534178963874, 1.3381083226815658, 0.4324890662459698]","[3.3327900023878345, 4.177205070712278, 1.767701012828878, 1.0241072617905476]",1.7943247824834183,1.5346131624621693,0.2597116200212492,0.0356311321634244,0.015312798284654,0.4297589595082451,0.1819183370130448,120,0.3158489791676402,3,Return from COBYLA because the objective function has been evaluated MAXFUN times.,True,SUCCESS,,False,0e87433b5b33ad10b58affe40162e1cbdbcd4bcb5ec45d9bd38c6222a5549a2f,False,121.83984375
phase2-p2-5bef39f1b086e425d159,PREREGISTERED_HELDOUT_OBJECTIVE_CONFIRMATION,task-v2-ff6e67bbbcba,g-0780828b282bb310,v2-S2-b002-g-0780828b282bb310,S2,D1,10,3.010299956639812,0.0009765625,1103,P2_MEAN_ENERGY_PREPARATION,E_theta[H_C],2,COBYLA,120,"[1.4361119332668082, 4.6766136583430296, 1.8287983773432719, 0.554097077555417]","[2.0658698809014675, 4.353758828591289, 2.3125423598076424, 0.1289329384435558]",2.322202744824404,1.8148997450951008,0.5073029997293022,0.0042262502535345,0.0042262502535345,1.0,0.6362551664671515,120,0.390973879955709,3,Return from COBYLA because the objective function has been evaluated MAXFUN times.,True,SUCCESS,,True,0e87433b5b33ad10b58affe40162e1cbdbcd4bcb5ec45d9bd38c6222a5549a2f,False,121.703125
phase2-p2-1f5ad2d0ba05b5169a80,PREREGISTERED_HELDOUT_OBJECTIVE_CONFIRMATION,task-v2-ff6e67bbbcba,g-0780828b282bb310,v2-S2-b002-g-0780828b282bb310,S2,D1,10,3.010299956639812,0.0009765625,2207,P2_MEAN_ENERGY_PREPARATION,E_theta[H_C],2,COBYLA,120,"[4.119365739193051, 4.0465795222369225, 1.5369649905613294, 0.28561357469155796]","[4.630140252682343, 4.115897668552119, 2.495805625435431, 0.15377806097210575]",2.4476861817192805,1.856783799381593,0.5909023823376875,0.0151683240188328,0.0151683240188328,1.0,1.1912375539339182,120,0.3931853789836168,3,Return from COBYLA because the objective function has been evaluated MAXFUN times.,True,SUCCESS,,False,0e87433b5b33ad10b58affe40162e1cbdbcd4bcb5ec45d9bd38c6222a5549a2f,False,121.875
phase2-p2-1391d7c3ed3020db223f,PREREGISTERED_HELDOUT_OBJECTIVE_CONFIRMATION,task-v2-ff6e67bbbcba,g-0780828b282bb310,v2-S2-b002-g-0780828b282bb310,S2,D1,10,3.010299956639812,0.0009765625,3301,P2_MEAN_ENERGY_PREPARATION,E_theta[H_C],2,COBYLA,120,"[2.8746040698350956, 3.2295534178963874, 1.3381083226815658, 0.4324890662459698]","[2.2594422448067677, 3.8727655301946466, 2.3041261666518893, 0.11995600869438926]",2.6102814706720974,1.8350570288208297,0.7752244418512677,0.002140420548105,0.002140420548105,1.0,0.3407990682028251,120,0.3967759050428867,3,Return from COBYLA because the objective function has been evaluated MAXFUN times.,True,SUCCESS,,False,0e87433b5b33ad10b58affe40162e1cbdbcd4bcb5ec45d9bd38c6222a5549a2f,False,121.875
phase2-p2-2c6042c9ea3a6612e6f1,PREREGISTERED_HELDOUT_OBJECTIVE_CONFIRMATION,task-v2-a9de39f81405,g-0780828b282bb310,v2-S2-b002-g-0780828b282bb310,S2,D2,10,2.709269960975831,0.001953125,1103,P2_MEAN_ENERGY_PREPARATION,E_theta[H_C],2,COBYLA,120,"[1.4361119332668082, 4.6766136583430296, 1.8287983773432719, 0.554097077555417]","[1.9886687765022428, 4.3951761657542505, 2.298207838930515, 0.13088968569256065]",2.25309026193214,1.7812483267344186,0.4718419351977208,0.0077346323554771,0.0043768814817405,0.5658809986800609,0.5977096365054435,120,0.3947446113452315,3,Return from COBYLA because the objective function has been evaluated MAXFUN times.,True,SUCCESS,,False,0e87433b5b33ad10b58affe40162e1cbdbcd4bcb5ec45d9bd38c6222a5549a2f,False,121.7109375
phase2-p2-206600e6ba2161214fb8,PREREGISTERED_HELDOUT_OBJECTIVE_CONFIRMATION,task-v2-a9de39f81405,g-0780828b282bb310,v2-S2-b002-g-0780828b282bb310,S2,D2,10,2.709269960975831,0.001953125,2207,P2_MEAN_ENERGY_PREPARATION,E_theta[H_C],2,COBYLA,120,"[4.119365739193051, 4.0465795222369225, 1.5369649905613294, 0.28561357469155796]","[1.96886414743745, 6.703612602640753, 2.4309588768076575, -0.38034347295593424]",2.4132575425223965,1.488215072287033,0.9250424702353632,0.0237127031741931,0.0149836037661748,0.6318808807290144,1.0842510259923357,120,0.3988526361063123,3,Return from COBYLA because the objective function has been evaluated MAXFUN times.,True,SUCCESS,,True,0e87433b5b33ad10b58affe40162e1cbdbcd4bcb5ec45d9bd38c6222a5549a2f,False,121.7109375
phase2-p2-c264c2965bcad907eca1,PREREGISTERED_HELDOUT_OBJECTIVE_CONFIRMATION,task-v2-a9de39f81405,g-0780828b282bb310,v2-S2-b002-g-0780828b282bb310,S2,D2,10,2.709269960975831,0.001953125,3301,P2_MEAN_ENERGY_PREPARATION,E_theta[H_C],2,COBYLA,120,"[2.8746040698350956, 3.2295534178963874, 1.3381083226815658, 0.4324890662459698]","[1.9904412009210655, 1.8879808855976354, 2.120905939941725, -0.18427417156749698]",2.575213773996885,1.6913496415114504,0.8838641324854342,0.00649730369951,0.0042299485848803,0.6510313786316212,0.5220031281781362,120,0.3849728237837553,3,Return from COBYLA because the objective function has been evaluated MAXFUN times.,True,SUCCESS,,False,0e87433b5b33ad10b58affe40162e1cbdbcd4bcb5ec45d9bd38c6222a5549a2f,False,121.7109375
phase2-p2-22f4943745d420cfe407,PREREGISTERED_HELDOUT_OBJECTIVE_CONFIRMATION,task-v2-b0f919379fb8,g-0780828b282bb310,v2-S2-b002-g-0780828b282bb310,S2,D3,10,2.533178701920149,0.0029296875,1103,P2_MEAN_ENERGY_PREPARATION,E_theta[H_C],2,COBYLA,120,"[1.4361119332668082, 4.6766136583430296, 1.8287983773432719, 0.554097077555417]","[1.422426559057142, 4.459995290021257, 2.3753594332112407, 0.10605086907312754]",1.859915060482132,1.5556520077844662,0.3042630526976659,0.0142789391344244,0.0056880834542744,0.398354765765569,0.6878746442916663,120,0.3992574540898204,3,Return from COBYLA because the objective function has been evaluated MAXFUN times.,True,SUCCESS,,True,0e87433b5b33ad10b58affe40162e1cbdbcd4bcb5ec45d9bd38c6222a5549a2f,False,121.66796875
phase2-p2-152a5786928ead45a5d9,PREREGISTERED_HELDOUT_OBJECTIVE_CONFIRMATION,task-v2-b0f919379fb8,g-0780828b282bb310,v2-S2-b002-g-0780828b282bb310,S2,D3,10,2.533178701920149,0.0029296875,2207,P2_MEAN_ENERGY_PREPARATION,E_theta[H_C],2,COBYLA,120,"[4.119365739193051, 4.0465795222369225, 1.5369649905613294, 0.28561357469155796]","[2.65610103928109, 4.279648265743682, 1.4777249271766746, 1.0952103088271534]",2.1285724180493024,1.7465864079401,0.3819860101092023,0.0144344534122097,0.0072760232456894,0.5040733471441902,0.6925790450689611,120,0.3862777147442102,3,Return from COBYLA because the objective function has been evaluated MAXFUN times.,True,SUCCESS,,False,0e87433b5b33ad10b58affe40162e1cbdbcd4bcb5ec45d9bd38c6222a5549a2f,False,121.66796875
phase2-p2-c0036e4d5b8c1c057d04,PREREGISTERED_HELDOUT_OBJECTIVE_CONFIRMATION,task-v2-b0f919379fb8,g-0780828b282bb310,v2-S2-b002-g-0780828b282bb310,S2,D3,10,2.533178701920149,0.0029296875,3301,P2_MEAN_ENERGY_PREPARATION,E_theta[H_C],2,COBYLA,120,"[2.8746040698350956, 3.2295534178963874, 1.3381083226815658, 0.4324890662459698]","[2.9118481369541023, 3.9131380021944935, 1.426263796700513, 1.1337737473227647]",2.143598485927699,1.7795452015183324,0.3640532844093664,0.0089324145991483,0.0046494356220481,0.5205127427125348,0.4841475746204399,120,0.3839702056720853,3,Return from COBYLA because the objective function has been evaluated MAXFUN times.,True,SUCCESS,,False,0e87433b5b33ad10b58affe40162e1cbdbcd4bcb5ec45d9bd38c6222a5549a2f,False,121.86328125
phase2-p2-ea314c452a13393505c0,PREREGISTERED_HELDOUT_OBJECTIVE_CONFIRMATION,task-v2-d80673ba7cf0,g-0780828b282bb310,v2-S2-b002-g-0780828b282bb310,S2,D4,10,2.4082399653118496,0.00390625,1103,P2_MEAN_ENERGY_PREPARATION,E_theta[H_C],2,COBYLA,120,"[1.4361119332668082, 4.6766136583430296, 1.8287983773432719, 0.554097077555417]","[1.3552481699713805, 4.452662968619196, 2.4125398232655537, 0.09953643094235497]",1.837285608234302,1.5187264914801049,0.3185591167541972,0.0166723369191246,0.0070097834579438,0.4204439660707098,0.6302364433611154,120,0.4313047118484974,3,Return from COBYLA because the objective function has been evaluated MAXFUN times.,True,SUCCESS,,False,0e87433b5b33ad10b58affe40162e1cbdbcd4bcb5ec45d9bd38c6222a5549a2f,False,121.1484375
phase2-p2-19b3ad9a7dfbe6a14955,PREREGISTERED_HELDOUT_OBJECTIVE_CONFIRMATION,task-v2-d80673ba7cf0,g-0780828b282bb310,v2-S2-b002-g-0780828b282bb310,S2,D4,10,2.4082399653118496,0.00390625,2207,P2_MEAN_ENERGY_PREPARATION,E_theta[H_C],2,COBYLA,120,"[4.119365739193051, 4.0465795222369225, 1.5369649905613294, 0.28561357469155796]","[6.180656661469752, 4.258377824401609, 2.5867632494717063, 0.1429550306096518]",2.1678041412728684,1.3037016717477194,0.8641024695251489,0.120067001044102,0.0383441179925776,0.3193560067223916,1.4876636285543765,120,0.4065862605348229,3,Return from COBYLA because the objective function has been evaluated MAXFUN times.,True,SUCCESS,,True,0e87433b5b33ad10b58affe40162e1cbdbcd4bcb5ec45d9bd38c6222a5549a2f,False,121.1484375
phase2-p2-2227e6a8f65cafe3b296,PREREGISTERED_HELDOUT_OBJECTIVE_CONFIRMATION,task-v2-d80673ba7cf0,g-0780828b282bb310,v2-S2-b002-g-0780828b282bb310,S2,D4,10,2.4082399653118496,0.00390625,3301,P2_MEAN_ENERGY_PREPARATION,E_theta[H_C],2,COBYLA,120,"[2.8746040698350956, 3.2295534178963874, 1.3381083226815658, 0.4324890662459698]","[3.4098581930996392, 3.568245718557085, 1.3800980459377814, 1.1839826848878112]",2.240655918365618,1.8865228382020167,0.3541330801636007,0.0091939948483867,0.0029158647536267,0.3171488348330311,0.3717442213807175,120,0.3938605273142457,3,Return from COBYLA because the objective function has been evaluated MAXFUN times.,True,SUCCESS,,False,0e87433b5b33ad10b58affe40162e1cbdbcd4bcb5ec45d9bd38c6222a5549a2f,False,121.1484375
phase2-p2-6afef06615acb28987bd,PREREGISTERED_HELDOUT_OBJECTIVE_CONFIRMATION,task-v2-30409dd5a775,g-686fdbb6f8f550f1,v2-S2-b003-g-686fdbb6f8f550f1,S2,D1,10,3.010299956639812,0.0009765625,1103,P2_MEAN_ENERGY_PREPARATION,E_theta[H_C],2,COBYLA,120,"[1.4361119332668082, 4.6766136583430296, 1.8287983773432719, 0.554097077555417]","[1.889520261025049, 4.12119005105337, 3.765746594549294, -1.0375723583247598]",3.0584369381382417,1.7806668410086224,1.2777700971296193,0.0006854348315313,0.0006854348315313,1.0,-0.1537338732962446,120,0.4095216449350118,3,Return from COBYLA because the objective function has been evaluated MAXFUN times.,True,SUCCESS,,True,0e87433b5b33ad10b58affe40162e1cbdbcd4bcb5ec45d9bd38c6222a5549a2f,False,121.21875
phase2-p2-7e50ec36ca1cfde23645,PREREGISTERED_HELDOUT_OBJECTIVE_CONFIRMATION,task-v2-30409dd5a775,g-686fdbb6f8f550f1,v2-S2-b003-g-686fdbb6f8f550f1,S2,D1,10,3.010299956639812,0.0009765625,2207,P2_MEAN_ENERGY_PREPARATION,E_theta[H_C],2,COBYLA,120,"[4.119365739193051, 4.0465795222369225, 1.5369649905613294, 0.28561357469155796]","[4.860321270547567, 3.8792926103254652, 2.4123285400879246, 0.18012824323969379]",2.890826421206448,1.7857399774448597,1.1050864437615884,0.0242415535815183,0.0242415535815183,1.0,1.3948604058906544,120,0.3965441389009356,3,Return from COBYLA because the objective function has been evaluated MAXFUN times.,True,SUCCESS,,False,0e87433b5b33ad10b58affe40162e1cbdbcd4bcb5ec45d9bd38c6222a5549a2f,False,121.21875
phase2-p2-5b83b908484837ae7754,PREREGISTERED_HELDOUT_OBJECTIVE_CONFIRMATION,task-v2-30409dd5a775,g-686fdbb6f8f550f1,v2-S2-b003-g-686fdbb6f8f550f1,S2,D1,10,3.010299956639812,0.0009765625,3301,P2_MEAN_ENERGY_PREPARATION,E_theta[H_C],2,COBYLA,120,"[2.8746040698350956, 3.2295534178963874, 1.3381083226815658, 0.4324890662459698]","[4.317144791113162, 3.9937834430589616, 2.4011264757047073, 0.17521319809131095]",3.089985591897479,1.818436893747411,1.2715486981500683,0.0265168341390232,0.0265168341390232,1.0,1.4338216287848615,120,0.3961278395727277,3,Return from COBYLA because the objective function has been evaluated MAXFUN times.,True,SUCCESS,,False,0e87433b5b33ad10b58affe40162e1cbdbcd4bcb5ec45d9bd38c6222a5549a2f,False,121.21875
phase2-p2-7f1bc1a9ff13f4f9d055,PREREGISTERED_HELDOUT_OBJECTIVE_CONFIRMATION,task-v2-eed472030dc4,g-686fdbb6f8f550f1,v2-S2-b003-g-686fdbb6f8f550f1,S2,D2,10,2.709269960975831,0.001953125,1103,P2_MEAN_ENERGY_PREPARATION,E_theta[H_C],2,COBYLA,120,"[1.4361119332668082, 4.6766136583430296, 1.8287983773432719, 0.554097077555417]","[2.5909331647506173, 4.233131166000591, 2.3560038334640923, 0.14530010201713184]",2.6680852098674173,1.8834837237634952,0.7846014861039221,0.0249876740102422,0.008260897858743,0.3305989127021969,1.1069957924711828,120,0.3896444514393806,3,Return from COBYLA because the objective function has been evaluated MAXFUN times.,True,SUCCESS,,False,0e87433b5b33ad10b58affe40162e1cbdbcd4bcb5ec45d9bd38c6222a5549a2f,False,121.890625
phase2-p2-119f18dd70502b7a822e,PREREGISTERED_HELDOUT_OBJECTIVE_CONFIRMATION,task-v2-eed472030dc4,g-686fdbb6f8f550f1,v2-S2-b003-g-686fdbb6f8f550f1,S2,D2,10,2.709269960975831,0.001953125,2207,P2_MEAN_ENERGY_PREPARATION,E_theta[H_C],2,COBYLA,120,"[4.119365739193051, 4.0465795222369225, 1.5369649905613294, 0.28561357469155796]","[5.307053634812489, 3.998987883983481, 2.4553637583312735, 0.17019105778461727]",2.6561529350773654,1.6437882937159518,1.0123646413614136,0.044888640990605,0.0206641722700368,0.4603430136002944,1.3614064182550665,120,0.382954359985888,3,Return from COBYLA because the objective function has been evaluated MAXFUN times.,True,SUCCESS,,True,0e87433b5b33ad10b58affe40162e1cbdbcd4bcb5ec45d9bd38c6222a5549a2f,False,121.890625
phase2-p2-d63dacf0aabdc917ca8e,PREREGISTERED_HELDOUT_OBJECTIVE_CONFIRMATION,task-v2-eed472030dc4,g-686fdbb6f8f550f1,v2-S2-b003-g-686fdbb6f8f550f1,S2,D2,10,2.709269960975831,0.001953125,3301,P2_MEAN_ENERGY_PREPARATION,E_theta[H_C],2,COBYLA,120,"[2.8746040698350956, 3.2295534178963874, 1.3381083226815658, 0.4324890662459698]","[2.5990418810043097, 4.0920593775417595, 2.360102770442549, 0.14522822925066203]",2.821839938250593,1.884652038863592,0.9371878993870012,0.0232043992007714,0.0071052656978131,0.3062033899837818,1.074840289293581,120,0.3862200332805514,3,Return from COBYLA because the objective function has been evaluated MAXFUN times.,True,SUCCESS,,False,0e87433b5b33ad10b58affe40162e1cbdbcd4bcb5ec45d9bd38c6222a5549a2f,False,121.890625
phase2-p2-a24c8f087d7798da5cc7,PREREGISTERED_HELDOUT_OBJECTIVE_CONFIRMATION,task-v2-4507b50770a7,g-686fdbb6f8f550f1,v2-S2-b003-g-686fdbb6f8f550f1,S2,D3,10,2.533178701920149,0.0029296875,1103,P2_MEAN_ENERGY_PREPARATION,E_theta[H_C],2,COBYLA,120,"[1.4361119332668082, 4.6766136583430296, 1.8287983773432719, 0.554097077555417]","[2.1124866532453943, 4.096005515265712, 1.440592209279081, 1.2379469095695341]",1.9824575750371929,1.7329951277391755,0.2494624472980169,0.0347079877823945,0.0123881986570845,0.356926443986143,1.07360813782336,120,0.407132938504219,3,Return from COBYLA because the objective function has been evaluated MAXFUN times.,True,SUCCESS,,True,0e87433b5b33ad10b58affe40162e1cbdbcd4bcb5ec45d9bd38c6222a5549a2f,False,121.69140625
phase2-p2-d1ea0cd7cd3ae5127423,PREREGISTERED_HELDOUT_OBJECTIVE_CONFIRMATION,task-v2-4507b50770a7,g-686fdbb6f8f550f1,v2-S2-b003-g-686fdbb6f8f550f1,S2,D3,10,2.533178701920149,0.0029296875,2207,P2_MEAN_ENERGY_PREPARATION,E_theta[H_C],2,COBYLA,120,"[4.119365739193051, 4.0465795222369225, 1.5369649905613294, 0.28561357469155796]","[2.1838408548152195, 4.214528802277783, 1.4441061849892243, 1.2242847506308034]",2.238629453924537,1.7330291889041756,0.5056002650203619,0.0353993883051702,0.0124248138853221,0.3509895080166539,1.0821744594831006,120,0.3971040826290846,3,Return from COBYLA because the objective function has been evaluated MAXFUN times.,True,SUCCESS,,False,0e87433b5b33ad10b58affe40162e1cbdbcd4bcb5ec45d9bd38c6222a5549a2f,False,121.828125
phase2-p2-268c8eec6f927b0f5640,PREREGISTERED_HELDOUT_OBJECTIVE_CONFIRMATION,task-v2-4507b50770a7,g-686fdbb6f8f550f1,v2-S2-b003-g-686fdbb6f8f550f1,S2,D3,10,2.533178701920149,0.0029296875,3301,P2_MEAN_ENERGY_PREPARATION,E_theta[H_C],2,COBYLA,120,"[2.8746040698350956, 3.2295534178963874, 1.3381083226815658, 0.4324890662459698]","[2.412887038686808, 4.098221684685837, 1.4118347908139919, 1.1954535897091518]",2.1207661978443006,1.7395092059872412,0.3812569918570594,0.0395948319998643,0.0129863370266668,0.3279806068304913,1.130817206522199,120,0.3859958229586482,3,Return from COBYLA because the objective function has been evaluated MAXFUN times.,True,SUCCESS,,False,0e87433b5b33ad10b58affe40162e1cbdbcd4bcb5ec45d9bd38c6222a5549a2f,False,121.828125
phase2-p2-80e574fe081a40f62f89,PREREGISTERED_HELDOUT_OBJECTIVE_CONFIRMATION,task-v2-59e59ed3c03f,g-686fdbb6f8f550f1,v2-S2-b003-g-686fdbb6f8f550f1,S2,D4,10,2.4082399653118496,0.00390625,1103,P2_MEAN_ENERGY_PREPARATION,E_theta[H_C],2,COBYLA,120,"[1.4361119332668082, 4.6766136583430296, 1.8287983773432719, 0.554097077555417]","[1.3002161225149056, 4.190452223215357, 2.4506156310388167, 0.10898655887454099]",1.9052081471374465,1.490922722656745,0.4142854244807012,0.0320763373437275,0.0096142244323668,0.2997294962121635,0.9144247375729566,120,0.3894768347963691,3,Return from COBYLA because the objective function has been evaluated MAXFUN times.,True,SUCCESS,,False,0e87433b5b33ad10b58affe40162e1cbdbcd4bcb5ec45d9bd38c6222a5549a2f,False,122.015625
phase2-p2-1ca8cf0ac9b72eaa2a56,PREREGISTERED_HELDOUT_OBJECTIVE_CONFIRMATION,task-v2-59e59ed3c03f,g-686fdbb6f8f550f1,v2-S2-b003-g-686fdbb6f8f550f1,S2,D4,10,2.4082399653118496,0.00390625,2207,P2_MEAN_ENERGY_PREPARATION,E_theta[H_C],2,COBYLA,120,"[4.119365739193051, 4.0465795222369225, 1.5369649905613294, 0.28561357469155796]","[6.4696902824168205, 4.25352395836717, 2.6142090475967894, 0.13598191359629264]",2.099261375164134,1.232928195038706,0.8663331801254279,0.1385994192070842,0.0485738432589362,0.3504620981590191,1.5500013757053366,120,0.4026890126988292,3,Return from COBYLA because the objective function has been evaluated MAXFUN times.,True,SUCCESS,,True,0e87433b5b33ad10b58affe40162e1cbdbcd4bcb5ec45d9bd38c6222a5549a2f,False,122.015625
phase2-p2-5b8e03a2444cf5c53866,PREREGISTERED_HELDOUT_OBJECTIVE_CONFIRMATION,task-v2-59e59ed3c03f,g-686fdbb6f8f550f1,v2-S2-b003-g-686fdbb6f8f550f1,S2,D4,10,2.4082399653118496,0.00390625,3301,P2_MEAN_ENERGY_PREPARATION,E_theta[H_C],2,COBYLA,120,"[2.8746040698350956, 3.2295534178963874, 1.3381083226815658, 0.4324890662459698]","[3.937232424539336, 2.7037655062922568, 1.567942873624708, 1.1702257973354082]",2.358453655114225,1.614567191404547,0.743886463709678,0.0443567582296205,0.0164029632054174,0.3697962578893754,1.055199763960455,120,0.3942755470052361,3,Return from COBYLA because the objective function has been evaluated MAXFUN times.,True,SUCCESS,,False,0e87433b5b33ad10b58affe40162e1cbdbcd4bcb5ec45d9bd38c6222a5549a2f,False,122.015625
phase2-p2-f13deafbdfcd22082f25,PREREGISTERED_HELDOUT_OBJECTIVE_CONFIRMATION,task-v2-de1e481a2b9a,g-8c950d2bd101a5de,v2-S2-b004-g-8c950d2bd101a5de,S2,D1,10,3.010299956639812,0.0009765625,1103,P2_MEAN_ENERGY_PREPARATION,E_theta[H_C],2,COBYLA,120,"[1.4361119332668082, 4.6766136583430296, 1.8287983773432719, 0.554097077555417]","[2.395431139145082, 4.182310402966361, 2.4261180563257945, 0.10342957332936059]",2.802769285166251,1.9949685932554115,0.8078006919108398,0.0085690344476047,0.0085690344476047,1.0,0.9432318453423022,120,0.3886959897354245,3,Return from COBYLA because the objective function has been evaluated MAXFUN times.,True,SUCCESS,,False,0e87433b5b33ad10b58affe40162e1cbdbcd4bcb5ec45d9bd38c6222a5549a2f,False,121.859375
phase2-p2-7f874546c8269f280451,PREREGISTERED_HELDOUT_OBJECTIVE_CONFIRMATION,task-v2-de1e481a2b9a,g-8c950d2bd101a5de,v2-S2-b004-g-8c950d2bd101a5de,S2,D1,10,3.010299956639812,0.0009765625,2207,P2_MEAN_ENERGY_PREPARATION,E_theta[H_C],2,COBYLA,120,"[4.119365739193051, 4.0465795222369225, 1.5369649905613294, 0.28561357469155796]","[3.188444151912639, 6.681336888978418, 2.415757206767769, -0.41789660383024474]",2.808952478638618,1.6044317885626591,1.204520690075959,0.0133486659813466,0.0133486659813466,1.0,1.1357378226483923,120,0.3929009046405554,3,Return from COBYLA because the objective function has been evaluated MAXFUN times.,True,SUCCESS,,True,0e87433b5b33ad10b58affe40162e1cbdbcd4bcb5ec45d9bd38c6222a5549a2f,False,121.859375
phase2-p2-15c3481c5e1c43c74611,PREREGISTERED_HELDOUT_OBJECTIVE_CONFIRMATION,task-v2-de1e481a2b9a,g-8c950d2bd101a5de,v2-S2-b004-g-8c950d2bd101a5de,S2,D1,10,3.010299956639812,0.0009765625,3301,P2_MEAN_ENERGY_PREPARATION,E_theta[H_C],2,COBYLA,120,"[2.8746040698350956, 3.2295534178963874, 1.3381083226815658, 0.4324890662459698]","[2.3623727213943475, 3.993575847869738, 2.4406184411409293, 0.10959163440864386]",2.9941490043309003,1.994581755164583,0.9995672491663172,0.0074714612837835,0.0074714612837835,1.0,0.8837055069717825,120,0.381775688380003,3,Return from COBYLA because the objective function has been evaluated MAXFUN times.,True,SUCCESS,,False,0e87433b5b33ad10b58affe40162e1cbdbcd4bcb5ec45d9bd38c6222a5549a2f,False,121.859375
phase2-p2-069f90c94b4d3c48f4ca,PREREGISTERED_HELDOUT_OBJECTIVE_CONFIRMATION,task-v2-df25fe0d6e36,g-8c950d2bd101a5de,v2-S2-b004-g-8c950d2bd101a5de,S2,D2,10,2.709269960975831,0.001953125,1103,P2_MEAN_ENERGY_PREPARATION,E_theta[H_C],2,COBYLA,120,"[1.4361119332668082, 4.6766136583430296, 1.8287983773432719, 0.554097077555417]","[1.8393914332021934, 4.220106392729268, 2.397738116621274, 0.10583520305923881]",2.5405719471398123,1.8890661737742944,0.6515057733655176,0.0129917186572548,0.0083205302387914,0.640448770351495,0.8229365680911639,120,0.3788112504407763,3,Return from COBYLA because the objective function has been evaluated MAXFUN times.,True,SUCCESS,,False,0e87433b5b33ad10b58affe40162e1cbdbcd4bcb5ec45d9bd38c6222a5549a2f,False,121.875
phase2-p2-f97a7a5a16da6dd52c34,PREREGISTERED_HELDOUT_OBJECTIVE_CONFIRMATION,task-v2-df25fe0d6e36,g-8c950d2bd101a5de,v2-S2-b004-g-8c950d2bd101a5de,S2,D2,10,2.709269960975831,0.001953125,2207,P2_MEAN_ENERGY_PREPARATION,E_theta[H_C],2,COBYLA,120,"[4.119365739193051, 4.0465795222369225, 1.5369649905613294, 0.28561357469155796]","[3.1899705558722853, 6.567346657256149, 2.423963577413756, -0.4258544105138896]",2.6657475970495,1.7084111353534792,0.95733646169602,0.0130412889034152,0.0066368360937266,0.5089095213578608,0.8245904769099683,120,0.3965716073289513,3,Return from COBYLA because the objective function has been evaluated MAXFUN times.,True,SUCCESS,,True,0e87433b5b33ad10b58affe40162e1cbdbcd4bcb5ec45d9bd38c6222a5549a2f,False,121.875
phase2-p2-028cec3b67a5b966217f,PREREGISTERED_HELDOUT_OBJECTIVE_CONFIRMATION,task-v2-df25fe0d6e36,g-8c950d2bd101a5de,v2-S2-b004-g-8c950d2bd101a5de,S2,D2,10,2.709269960975831,0.001953125,3301,P2_MEAN_ENERGY_PREPARATION,E_theta[H_C],2,COBYLA,120,"[2.8746040698350956, 3.2295534178963874, 1.3381083226815658, 0.4324890662459698]","[1.9675989194828007, 3.7649502272872217, 2.422119214912656, 0.09693692491902209]",2.8271164710824985,1.9022603100741784,0.92485616100832,0.0098855837335806,0.0068313834515923,0.6910450243202758,0.7042722800264337,120,0.3851337479427457,3,Return from COBYLA because the objective function has been evaluated MAXFUN times.,True,SUCCESS,,False,0e87433b5b33ad10b58affe40162e1cbdbcd4bcb5ec45d9bd38c6222a5549a2f,False,121.875
phase2-p2-0e0f0bd118d5e06f2a60,PREREGISTERED_HELDOUT_OBJECTIVE_CONFIRMATION,task-v2-0da346e5ae20,g-8c950d2bd101a5de,v2-S2-b004-g-8c950d2bd101a5de,S2,D3,10,2.533178701920149,0.0029296875,1103,P2_MEAN_ENERGY_PREPARATION,E_theta[H_C],2,COBYLA,120,"[1.4361119332668082, 4.6766136583430296, 1.8287983773432719, 0.554097077555417]","[1.709612319946851, 3.2014066719602887, 0.6911795207315838, 2.1831652614257453]",2.19336995085069,1.6579921767035686,0.5353777741471213,0.0062866181282694,0.0028840653244357,0.4587626074290624,0.3315957824672068,120,0.3980386415496468,3,Return from COBYLA because the objective function has been evaluated MAXFUN times.,True,SUCCESS,,False,0e87433b5b33ad10b58affe40162e1cbdbcd4bcb5ec45d9bd38c6222a5549a2f,False,121.86328125
phase2-p2-b725d2f576a668690b60,PREREGISTERED_HELDOUT_OBJECTIVE_CONFIRMATION,task-v2-0da346e5ae20,g-8c950d2bd101a5de,v2-S2-b004-g-8c950d2bd101a5de,S2,D3,10,2.533178701920149,0.0029296875,2207,P2_MEAN_ENERGY_PREPARATION,E_theta[H_C],2,COBYLA,120,"[4.119365739193051, 4.0465795222369225, 1.5369649905613294, 0.28561357469155796]","[3.9613285218259953, 2.7839062492325874, 3.149232020489667, -0.5465673549025941]",2.349567618847584,1.5520058304690183,0.797561788378566,0.073573565749892,0.0334850651722244,0.4551235872684825,1.3999005065962655,120,0.4085040427744388,3,Return from COBYLA because the objective function has been evaluated MAXFUN times.,True,SUCCESS,,True,0e87433b5b33ad10b58affe40162e1cbdbcd4bcb5ec45d9bd38c6222a5549a2f,False,121.86328125
phase2-p2-07b906cfb6fb62b2ac72,PREREGISTERED_HELDOUT_OBJECTIVE_CONFIRMATION,task-v2-0da346e5ae20,g-8c950d2bd101a5de,v2-S2-b004-g-8c950d2bd101a5de,S2,D3,10,2.533178701920149,0.0029296875,3301,P2_MEAN_ENERGY_PREPARATION,E_theta[H_C],2,COBYLA,120,"[2.8746040698350956, 3.2295534178963874, 1.3381083226815658, 0.4324890662459698]","[4.7577641039633285, 3.8215080693919714, 1.1844575694889241, 1.3961962415760267]",2.4755220037618333,1.885857422859088,0.5896645809027454,0.0434734663686244,0.008570351699268,0.1971398283862971,1.1714029720798504,120,0.4080881010740995,3,Return from COBYLA because the objective function has been evaluated MAXFUN times.,True,SUCCESS,,False,0e87433b5b33ad10b58affe40162e1cbdbcd4bcb5ec45d9bd38c6222a5549a2f,False,121.86328125
phase2-p2-fb5aa739934c07c3f6f6,PREREGISTERED_HELDOUT_OBJECTIVE_CONFIRMATION,task-v2-693f08fcb4be,g-8c950d2bd101a5de,v2-S2-b004-g-8c950d2bd101a5de,S2,D4,10,2.4082399653118496,0.00390625,1103,P2_MEAN_ENERGY_PREPARATION,E_theta[H_C],2,COBYLA,120,"[1.4361119332668082, 4.6766136583430296, 1.8287983773432719, 0.554097077555417]","[1.3497678568543952, 4.500629946903357, 0.9463273375286804, 1.446641714491794]",2.1764809031764942,1.6171668627502038,0.5593140404262904,0.0188824164394034,0.0061234593266159,0.3242942631980966,0.6842975367964366,120,0.3940374162048101,3,Return from COBYLA because the objective function has been evaluated MAXFUN times.,True,SUCCESS,,False,0e87433b5b33ad10b58affe40162e1cbdbcd4bcb5ec45d9bd38c6222a5549a2f,False,122.046875
phase2-p2-a7910da1560157437af5,PREREGISTERED_HELDOUT_OBJECTIVE_CONFIRMATION,task-v2-693f08fcb4be,g-8c950d2bd101a5de,v2-S2-b004-g-8c950d2bd101a5de,S2,D4,10,2.4082399653118496,0.00390625,2207,P2_MEAN_ENERGY_PREPARATION,E_theta[H_C],2,COBYLA,120,"[4.119365739193051, 4.0465795222369225, 1.5369649905613294, 0.28561357469155796]","[6.042431606209117, 4.371955246309704, 2.6159270345401393, 0.13090374682834627]",2.376191670898199,1.4200402372020378,0.9561514336961614,0.1584041064518099,0.0424198925048985,0.2677954091916397,1.6080064013168685,120,0.3927885657176375,3,Return from COBYLA because the objective function has been evaluated MAXFUN times.,True,SUCCESS,,True,0e87433b5b33ad10b58affe40162e1cbdbcd4bcb5ec45d9bd38c6222a5549a2f,False,122.046875
phase2-p2-8aa254defd59cdb07f59,PREREGISTERED_HELDOUT_OBJECTIVE_CONFIRMATION,task-v2-693f08fcb4be,g-8c950d2bd101a5de,v2-S2-b004-g-8c950d2bd101a5de,S2,D4,10,2.4082399653118496,0.00390625,3301,P2_MEAN_ENERGY_PREPARATION,E_theta[H_C],2,COBYLA,120,"[2.8746040698350956, 3.2295534178963874, 1.3381083226815658, 0.4324890662459698]","[3.538743219295024, 2.1803670206181733, 1.6162117326500913, 1.0565293597096794]",2.574804078022744,1.842876589111856,0.7319274889108889,0.0503685516180836,0.0181155838076236,0.3596606061850644,1.1103994279162772,120,0.4074939778074622,3,Return from COBYLA because the objective function has been evaluated MAXFUN times.,True,SUCCESS,,False,0e87433b5b33ad10b58affe40162e1cbdbcd4bcb5ec45d9bd38c6222a5549a2f,False,122.046875
phase2-p2-f231b44f396ab30a631c,PREREGISTERED_HELDOUT_OBJECTIVE_CONFIRMATION,task-v2-eb747215294a,g-fc8e50acd167f0aa,v2-S3-b002-g-fc8e50acd167f0aa,S3,D1,13,3.9133899436317554,0.0001220703125,1103,P2_MEAN_ENERGY_PREPARATION,E_theta[H_C],2,COBYLA,120,"[1.4361119332668082, 4.6766136583430296, 1.8287983773432719, 0.554097077555417]","[2.302283019204306, 4.910346784277405, 2.831940532608645, -0.6059170621352987]",3.4175165839520933,1.80028797241208,1.6172286115400134,0.0083870903925168,0.0083870903925168,1.0,1.8370012673168827,120,0.8198186550289392,3,Return from COBYLA because the objective function has been evaluated MAXFUN times.,True,SUCCESS,,False,0e87433b5b33ad10b58affe40162e1cbdbcd4bcb5ec45d9bd38c6222a5549a2f,False,122.8671875
phase2-p2-63ad1778750f63883b0f,PREREGISTERED_HELDOUT_OBJECTIVE_CONFIRMATION,task-v2-eb747215294a,g-fc8e50acd167f0aa,v2-S3-b002-g-fc8e50acd167f0aa,S3,D1,13,3.9133899436317554,0.0001220703125,2207,P2_MEAN_ENERGY_PREPARATION,E_theta[H_C],2,COBYLA,120,"[4.119365739193051, 4.0465795222369225, 1.5369649905613294, 0.28561357469155796]","[5.2703161751606045, 4.029630690079606, 2.3819725175233333, 0.16703557005897804]",3.015870257972334,1.6954168620049386,1.3204533959673956,0.0163478075712905,0.0163478075712905,1.0,2.126849460656476,120,0.7830425212159753,3,Return from COBYLA because the objective function has been evaluated MAXFUN times.,True,SUCCESS,,True,0e87433b5b33ad10b58affe40162e1cbdbcd4bcb5ec45d9bd38c6222a5549a2f,False,122.8671875
phase2-p2-8781bace4821645a6f9e,PREREGISTERED_HELDOUT_OBJECTIVE_CONFIRMATION,task-v2-eb747215294a,g-fc8e50acd167f0aa,v2-S3-b002-g-fc8e50acd167f0aa,S3,D1,13,3.9133899436317554,0.0001220703125,3301,P2_MEAN_ENERGY_PREPARATION,E_theta[H_C],2,COBYLA,120,"[2.8746040698350956, 3.2295534178963874, 1.3381083226815658, 0.4324890662459698]","[4.633090529324211, 1.537534054677179, 2.535365345153474, -0.2463850778911504]",3.353977787799153,1.7074612738313846,1.6465165139677684,0.0168336155291021,0.0168336155291021,1.0,2.13956734752806,120,0.7544916421175003,3,Return from COBYLA because the objective function has been evaluated MAXFUN times.,True,SUCCESS,,False,0e87433b5b33ad10b58affe40162e1cbdbcd4bcb5ec45d9bd38c6222a5549a2f,False,122.8671875
phase2-p2-1c674ff9e8a37955654e,PREREGISTERED_HELDOUT_OBJECTIVE_CONFIRMATION,task-v2-607a9c50d675,g-fc8e50acd167f0aa,v2-S3-b002-g-fc8e50acd167f0aa,S3,D2,13,3.612359947967774,0.000244140625,1103,P2_MEAN_ENERGY_PREPARATION,E_theta[H_C],2,COBYLA,120,"[1.4361119332668082, 4.6766136583430296, 1.8287983773432719, 0.554097077555417]","[3.779112840328518, 4.3532035794288415, 2.3380604283217337, 0.13247036372926904]",3.1863090669087013,1.6807109492866723,1.5055981176220288,0.0197927732782324,0.0066780940867291,0.3374006256148811,1.908866597911925,120,0.7502391189336777,3,Return from COBYLA because the objective function has been evaluated MAXFUN times.,True,SUCCESS,,False,0e87433b5b33ad10b58affe40162e1cbdbcd4bcb5ec45d9bd38c6222a5549a2f,False,123.453125
phase2-p2-20f83f701fcbeb906b14,PREREGISTERED_HELDOUT_OBJECTIVE_CONFIRMATION,task-v2-607a9c50d675,g-fc8e50acd167f0aa,v2-S3-b002-g-fc8e50acd167f0aa,S3,D2,13,3.612359947967774,0.000244140625,2207,P2_MEAN_ENERGY_PREPARATION,E_theta[H_C],2,COBYLA,120,"[4.119365739193051, 4.0465795222369225, 1.5369649905613294, 0.28561357469155796]","[5.110378605513942, 4.089358946906971, 2.3956718192322324, 0.12997752766510048]",2.8769819465648645,1.467140955097637,1.4098409914672274,0.0260412154031873,0.0100297670702312,0.3851497295707516,2.0280211978554625,120,0.7429094696417451,3,Return from COBYLA because the objective function has been evaluated MAXFUN times.,True,SUCCESS,,True,0e87433b5b33ad10b58affe40162e1cbdbcd4bcb5ec45d9bd38c6222a5549a2f,False,123.453125
phase2-p2-935cc79ec674d99f104e,PREREGISTERED_HELDOUT_OBJECTIVE_CONFIRMATION,task-v2-607a9c50d675,g-fc8e50acd167f0aa,v2-S3-b002-g-fc8e50acd167f0aa,S3,D2,13,3.612359947967774,0.000244140625,3301,P2_MEAN_ENERGY_PREPARATION,E_theta[H_C],2,COBYLA,120,"[2.8746040698350956, 3.2295534178963874, 1.3381083226815658, 0.4324890662459698]","[4.416720825151043, 4.020521088893877, 2.3601634880422604, 0.13853706660518506]",3.1799101795995632,1.5604012356511388,1.6195089439484245,0.0203710048503786,0.0064162515962902,0.314969813389987,1.921372400149634,120,0.7453102469444275,3,Return from COBYLA because the objective function has been evaluated MAXFUN times.,True,SUCCESS,,False,0e87433b5b33ad10b58affe40162e1cbdbcd4bcb5ec45d9bd38c6222a5549a2f,False,123.453125
phase2-p2-ea7beb3ede5cdc11b479,PREREGISTERED_HELDOUT_OBJECTIVE_CONFIRMATION,task-v2-cfa564be8207,g-fc8e50acd167f0aa,v2-S3-b002-g-fc8e50acd167f0aa,S3,D3,13,3.436268688912093,0.0003662109375,1103,P2_MEAN_ENERGY_PREPARATION,E_theta[H_C],2,COBYLA,120,"[1.4361119332668082, 4.6766136583430296, 1.8287983773432719, 0.554097077555417]","[2.0308682680662966, 3.9819340679278183, 3.280889266490894, -0.8002208351424883]",3.025868600932281,1.3805295841645653,1.6453390167677155,0.0221935248949853,0.0027605564985886,0.1243856715709166,1.7824949736076745,120,0.7579943295568228,3,Return from COBYLA because the objective function has been evaluated MAXFUN times.,True,SUCCESS,,True,0e87433b5b33ad10b58affe40162e1cbdbcd4bcb5ec45d9bd38c6222a5549a2f,False,122.796875
phase2-p2-4d334eeb03e8c8155d32,PREREGISTERED_HELDOUT_OBJECTIVE_CONFIRMATION,task-v2-cfa564be8207,g-fc8e50acd167f0aa,v2-S3-b002-g-fc8e50acd167f0aa,S3,D3,13,3.436268688912093,0.0003662109375,2207,P2_MEAN_ENERGY_PREPARATION,E_theta[H_C],2,COBYLA,120,"[4.119365739193051, 4.0465795222369225, 1.5369649905613294, 0.28561357469155796]","[5.164686140754014, 4.076892924943035, 2.447789093115049, 0.13474166307981725]",2.7976281729616974,1.426824176660662,1.3708039963010354,0.0392920948952615,0.0075755512224004,0.1928008990763695,2.0305738731629,120,0.7730730287730694,3,Return from COBYLA because the objective function has been evaluated MAXFUN times.,True,SUCCESS,,False,0e87433b5b33ad10b58affe40162e1cbdbcd4bcb5ec45d9bd38c6222a5549a2f,False,122.796875
phase2-p2-6cd2d1cb6f98ce881bd4,PREREGISTERED_HELDOUT_OBJECTIVE_CONFIRMATION,task-v2-cfa564be8207,g-fc8e50acd167f0aa,v2-S3-b002-g-fc8e50acd167f0aa,S3,D3,13,3.436268688912093,0.0003662109375,3301,P2_MEAN_ENERGY_PREPARATION,E_theta[H_C],2,COBYLA,120,"[2.8746040698350956, 3.2295534178963874, 1.3381083226815658, 0.4324890662459698]","[4.476715777779528, 4.053568679575434, 2.420077129292481, 0.13488182274838748]",3.0804896793029632,1.5387243412550786,1.5417653380478846,0.0319178760432247,0.0058985058165308,0.1848025792362511,1.9403026726748176,120,0.7391774179413915,3,Return from COBYLA because the objective function has been evaluated MAXFUN times.,True,SUCCESS,,False,0e87433b5b33ad10b58affe40162e1cbdbcd4bcb5ec45d9bd38c6222a5549a2f,False,122.796875
phase2-p2-b3a28b14695062455222,PREREGISTERED_HELDOUT_OBJECTIVE_CONFIRMATION,task-v2-5da0eece9ed4,g-fc8e50acd167f0aa,v2-S3-b002-g-fc8e50acd167f0aa,S3,D4,13,3.311329952303793,0.00048828125,1103,P2_MEAN_ENERGY_PREPARATION,E_theta[H_C],2,COBYLA,120,"[1.4361119332668082, 4.6766136583430296, 1.8287983773432719, 0.554097077555417]","[2.0277158958918364, 3.9657132962841533, 3.280214665039535, -0.794369258573931]",3.013186844852299,1.3710819501785814,1.6421048946737176,0.0273878260448482,0.0049334486398981,0.1801329040070389,1.7488875130646342,120,0.7588043892756104,3,Return from COBYLA because the objective function has been evaluated MAXFUN times.,True,SUCCESS,,True,0e87433b5b33ad10b58affe40162e1cbdbcd4bcb5ec45d9bd38c6222a5549a2f,False,123.640625
phase2-p2-5a38811357b6b47576a3,PREREGISTERED_HELDOUT_OBJECTIVE_CONFIRMATION,task-v2-5da0eece9ed4,g-fc8e50acd167f0aa,v2-S3-b002-g-fc8e50acd167f0aa,S3,D4,13,3.311329952303793,0.00048828125,2207,P2_MEAN_ENERGY_PREPARATION,E_theta[H_C],2,COBYLA,120,"[4.119365739193051, 4.0465795222369225, 1.5369649905613294, 0.28561357469155796]","[5.377759736865513, 4.144830712597549, 2.4533927275799243, 0.1304099548476541]",2.790777285831621,1.3918089335869954,1.3989683522446257,0.0526761005789675,0.0091175829399197,0.1730876591036095,2.032943570535126,120,0.7776565104722977,3,Return from COBYLA because the objective function has been evaluated MAXFUN times.,True,SUCCESS,,False,0e87433b5b33ad10b58affe40162e1cbdbcd4bcb5ec45d9bd38c6222a5549a2f,False,123.640625
phase2-p2-fafe2273de658d4b8388,PREREGISTERED_HELDOUT_OBJECTIVE_CONFIRMATION,task-v2-5da0eece9ed4,g-fc8e50acd167f0aa,v2-S3-b002-g-fc8e50acd167f0aa,S3,D4,13,3.311329952303793,0.00048828125,3301,P2_MEAN_ENERGY_PREPARATION,E_theta[H_C],2,COBYLA,120,"[2.8746040698350956, 3.2295534178963874, 1.3381083226815658, 0.4324890662459698]","[4.412894683086495, 3.8471339354157106, 2.4145544432687798, 0.13862629581926508]",3.071415022606752,1.5514004878748195,1.5200145347319325,0.0327178950751257,0.0038578871324963,0.1179136715133417,1.8261153076128736,120,0.7677909154444933,3,Return from COBYLA because the objective function has been evaluated MAXFUN times.,True,SUCCESS,,False,0e87433b5b33ad10b58affe40162e1cbdbcd4bcb5ec45d9bd38c6222a5549a2f,False,123.640625
phase2-p2-3a4ebda07b33586db8c8,PREREGISTERED_HELDOUT_OBJECTIVE_CONFIRMATION,task-v2-cd3aef86a98f,g-fc8e50acd167f0aa,v2-S3-b002-g-fc8e50acd167f0aa,S3,D5,13,3.2144199392957367,0.0006103515625,1103,P2_MEAN_ENERGY_PREPARATION,E_theta[H_C],2,COBYLA,120,"[1.4361119332668082, 4.6766136583430296, 1.8287983773432719, 0.554097077555417]","[2.0736368457884713, 4.038021095808529, 3.267579083085967, -0.7825291943053047]",2.996705084535987,1.3623727464817166,1.6343323380542705,0.0318375015322225,0.0052500677138479,0.1649020011364406,1.7173589181684137,120,0.7347180992364883,3,Return from COBYLA because the objective function has been evaluated MAXFUN times.,True,SUCCESS,,True,0e87433b5b33ad10b58affe40162e1cbdbcd4bcb5ec45d9bd38c6222a5549a2f,False,123.49609375
phase2-p2-e656679fa2e52d1f4209,PREREGISTERED_HELDOUT_OBJECTIVE_CONFIRMATION,task-v2-cd3aef86a98f,g-fc8e50acd167f0aa,v2-S3-b002-g-fc8e50acd167f0aa,S3,D5,13,3.2144199392957367,0.0006103515625,2207,P2_MEAN_ENERGY_PREPARATION,E_theta[H_C],2,COBYLA,120,"[4.119365739193051, 4.0465795222369225, 1.5369649905613294, 0.28561357469155796]","[5.415988976172928, 4.212049768964042, 2.457165188029607, 0.13712805299966838]",2.7817614536970017,1.3768528856761637,1.4049085680208382,0.0669426710300576,0.0117833165262879,0.1760210093946974,2.0401229761264625,120,0.7480403929948807,3,Return from COBYLA because the objective function has been evaluated MAXFUN times.,True,SUCCESS,,False,0e87433b5b33ad10b58affe40162e1cbdbcd4bcb5ec45d9bd38c6222a5549a2f,False,123.49609375
phase2-p2-9848ba4530ad2b825744,PREREGISTERED_HELDOUT_OBJECTIVE_CONFIRMATION,task-v2-cd3aef86a98f,g-fc8e50acd167f0aa,v2-S3-b002-g-fc8e50acd167f0aa,S3,D5,13,3.2144199392957367,0.0006103515625,3301,P2_MEAN_ENERGY_PREPARATION,E_theta[H_C],2,COBYLA,120,"[2.8746040698350956, 3.2295534178963874, 1.3381083226815658, 0.4324890662459698]","[4.6582650270590555, 3.893971876585346, 2.425783914808475, 0.14166449126855385]",3.0605125340182364,1.5064824672206625,1.554030066797574,0.0415024578749355,0.0058381624212928,0.1406702812369728,1.8324937567286208,120,0.7530518807470798,3,Return from COBYLA because the objective function has been evaluated MAXFUN times.,True,SUCCESS,,False,0e87433b5b33ad10b58affe40162e1cbdbcd4bcb5ec45d9bd38c6222a5549a2f,False,123.49609375
phase2-p2-4f459f8737e36a7e1ca4,PREREGISTERED_HELDOUT_OBJECTIVE_CONFIRMATION,task-v2-8029d558b1a1,g-fc8e50acd167f0aa,v2-S3-b002-g-fc8e50acd167f0aa,S3,D6,13,3.135238693248112,0.000732421875,1103,P2_MEAN_ENERGY_PREPARATION,E_theta[H_C],2,COBYLA,120,"[1.4361119332668082, 4.6766136583430296, 1.8287983773432719, 0.554097077555417]","[2.170250162270749, 3.9905036044075315, 3.2499442181349165, -0.7670826478448118]",2.96844515952953,1.3397881212214138,1.6286570383081165,0.0357759891102341,0.0055919232204717,0.1563038048575453,1.6888303429246068,120,0.7347154067829251,3,Return from COBYLA because the objective function has been evaluated MAXFUN times.,True,SUCCESS,,True,0e87433b5b33ad10b58affe40162e1cbdbcd4bcb5ec45d9bd38c6222a5549a2f,False,123.47265625
phase2-p2-dd634550fc5d6dfdc1f0,PREREGISTERED_HELDOUT_OBJECTIVE_CONFIRMATION,task-v2-8029d558b1a1,g-fc8e50acd167f0aa,v2-S3-b002-g-fc8e50acd167f0aa,S3,D6,13,3.135238693248112,0.000732421875,2207,P2_MEAN_ENERGY_PREPARATION,E_theta[H_C],2,COBYLA,120,"[4.119365739193051, 4.0465795222369225, 1.5369649905613294, 0.28561357469155796]","[5.3876952450182225, 4.178305613748249, 2.455711954599502, 0.13798392695221187]",2.7678128611183688,1.3588153513874792,1.4089975097308896,0.0752706476286806,0.0124274001647785,0.1651028728500448,2.0118643459683465,120,0.7454624632373452,3,Return from COBYLA because the objective function has been evaluated MAXFUN times.,True,SUCCESS,,False,0e87433b5b33ad10b58affe40162e1cbdbcd4bcb5ec45d9bd38c6222a5549a2f,False,123.47265625
phase2-p2-700d541140ef111ef88d,PREREGISTERED_HELDOUT_OBJECTIVE_CONFIRMATION,task-v2-8029d558b1a1,g-fc8e50acd167f0aa,v2-S3-b002-g-fc8e50acd167f0aa,S3,D6,13,3.135238693248112,0.000732421875,3301,P2_MEAN_ENERGY_PREPARATION,E_theta[H_C],2,COBYLA,120,"[2.8746040698350956, 3.2295534178963874, 1.3381083226815658, 0.4324890662459698]","[4.5613781480003635, 4.002563814352246, 2.4083664740300894, 0.11875311411325146]",3.0440272222755467,1.5126706180539653,1.5313566042215814,0.0428931256403109,0.0059209463702267,0.1380395175646109,1.767626387863947,120,0.7515207221731544,3,Return from COBYLA because the objective function has been evaluated MAXFUN times.,True,SUCCESS,,False,0e87433b5b33ad10b58affe40162e1cbdbcd4bcb5ec45d9bd38c6222a5549a2f,False,123.47265625
phase2-p2-c44f01bae0cfa73076e0,PREREGISTERED_HELDOUT_OBJECTIVE_CONFIRMATION,task-v2-147f90045792,g-fc8e50acd167f0aa,v2-S3-b002-g-fc8e50acd167f0aa,S3,D7,13,3.0682919036174985,0.0008544921875,1103,P2_MEAN_ENERGY_PREPARATION,E_theta[H_C],2,COBYLA,120,"[1.4361119332668082, 4.6766136583430296, 1.8287983773432719, 0.554097077555417]","[2.47226909623031, 4.3440100069178404, 2.3054618131184967, 0.09921884814285856]",2.6701068049913506,1.7396488621209452,0.9304579428704054,0.026086444571876,0.0031765122182628,0.121768691379564,1.4847067949815635,120,0.7500150501728058,3,Return from COBYLA because the objective function has been evaluated MAXFUN times.,True,SUCCESS,,False,0e87433b5b33ad10b58affe40162e1cbdbcd4bcb5ec45d9bd38c6222a5549a2f,False,123.671875
phase2-p2-f73ca92417babc44f46c,PREREGISTERED_HELDOUT_OBJECTIVE_CONFIRMATION,task-v2-147f90045792,g-fc8e50acd167f0aa,v2-S3-b002-g-fc8e50acd167f0aa,S3,D7,13,3.0682919036174985,0.0008544921875,2207,P2_MEAN_ENERGY_PREPARATION,E_theta[H_C],2,COBYLA,120,"[4.119365739193051, 4.0465795222369225, 1.5369649905613294, 0.28561357469155796]","[5.170079472115127, 4.118399425985904, 2.490390835063122, 0.10677110973205925]",2.6471805633706547,1.3981834358391487,1.248997127531506,0.065222662366234,0.0103124211495046,0.158111011960828,1.8826904261979096,120,0.7535217246040702,3,Return from COBYLA because the objective function has been evaluated MAXFUN times.,True,SUCCESS,,True,0e87433b5b33ad10b58affe40162e1cbdbcd4bcb5ec45d9bd38c6222a5549a2f,False,123.671875
phase2-p2-214d4b214e1f4e375d90,PREREGISTERED_HELDOUT_OBJECTIVE_CONFIRMATION,task-v2-147f90045792,g-fc8e50acd167f0aa,v2-S3-b002-g-fc8e50acd167f0aa,S3,D7,13,3.0682919036174985,0.0008544921875,3301,P2_MEAN_ENERGY_PREPARATION,E_theta[H_C],2,COBYLA,120,"[2.8746040698350956, 3.2295534178963874, 1.3381083226815658, 0.4324890662459698]","[4.591937299741526, 3.6759037707585955, 2.4883129621669653, 0.1301599335410202]",2.897257543374693,1.5667612746053423,1.330496268769351,0.0417653611904378,0.0050148416409023,0.1200717891085909,1.68910814519167,120,0.7823422569781542,3,Return from COBYLA because the objective function has been evaluated MAXFUN times.,True,SUCCESS,,False,0e87433b5b33ad10b58affe40162e1cbdbcd4bcb5ec45d9bd38c6222a5549a2f,False,123.671875
phase2-p2-202150eb7139a63935cd,PREREGISTERED_HELDOUT_OBJECTIVE_CONFIRMATION,task-v2-8b88de51ba21,g-f0c91af33253395a,v2-S3-b003-g-f0c91af33253395a,S3,D1,13,3.9133899436317554,0.0001220703125,1103,P2_MEAN_ENERGY_PREPARATION,E_theta[H_C],2,COBYLA,120,"[1.4361119332668082, 4.6766136583430296, 1.8287983773432719, 0.554097077555417]","[2.4437331416051045, 4.736084505571464, 3.0651677969835562, -0.7192225186828046]",3.3644881649750085,1.7292366783717177,1.6352514866032908,0.008242059479762,0.008242059479762,1.0,1.829425687967284,120,0.732173309661448,3,Return from COBYLA because the objective function has been evaluated MAXFUN times.,True,SUCCESS,,False,0e87433b5b33ad10b58affe40162e1cbdbcd4bcb5ec45d9bd38c6222a5549a2f,False,123.484375
phase2-p2-210f15c5dcf60f57f64d,PREREGISTERED_HELDOUT_OBJECTIVE_CONFIRMATION,task-v2-8b88de51ba21,g-f0c91af33253395a,v2-S3-b003-g-f0c91af33253395a,S3,D1,13,3.9133899436317554,0.0001220703125,2207,P2_MEAN_ENERGY_PREPARATION,E_theta[H_C],2,COBYLA,120,"[4.119365739193051, 4.0465795222369225, 1.5369649905613294, 0.28561357469155796]","[5.299879129826974, 4.170564834126915, 2.3636162353195824, 0.15598673946110303]",2.970277716180989,1.6472605701980294,1.32301714598296,0.0225240984421035,0.0225240984421035,1.0,2.266037360399152,120,0.7452241834253073,3,Return from COBYLA because the objective function has been evaluated MAXFUN times.,True,SUCCESS,,True,0e87433b5b33ad10b58affe40162e1cbdbcd4bcb5ec45d9bd38c6222a5549a2f,False,123.484375
phase2-p2-f84f16ddeb5481c68600,PREREGISTERED_HELDOUT_OBJECTIVE_CONFIRMATION,task-v2-8b88de51ba21,g-f0c91af33253395a,v2-S3-b003-g-f0c91af33253395a,S3,D1,13,3.9133899436317554,0.0001220703125,3301,P2_MEAN_ENERGY_PREPARATION,E_theta[H_C],2,COBYLA,120,"[2.8746040698350956, 3.2295534178963874, 1.3381083226815658, 0.4324890662459698]","[4.262955608189997, 2.4912866861255525, 3.152914895105096, -0.7712762260080787]",3.2795750385622213,1.723307798608998,1.5562672399532234,0.0077427505796683,0.0077427505796683,1.0,1.802285213018186,120,0.7284320229664445,3,Return from COBYLA because the objective function has been evaluated MAXFUN times.,True,SUCCESS,,False,0e87433b5b33ad10b58affe40162e1cbdbcd4bcb5ec45d9bd38c6222a5549a2f,False,123.484375
phase2-p2-c1826f15cee23cac828f,PREREGISTERED_HELDOUT_OBJECTIVE_CONFIRMATION,task-v2-df7a823d7a2b,g-f0c91af33253395a,v2-S3-b003-g-f0c91af33253395a,S3,D2,13,3.612359947967774,0.000244140625,1103,P2_MEAN_ENERGY_PREPARATION,E_theta[H_C],2,COBYLA,120,"[1.4361119332668082, 4.6766136583430296, 1.8287983773432719, 0.554097077555417]","[3.7990325984349433, 4.372223309507736, 2.327464383465586, 0.11552884904002121]",3.081829400315702,1.7241807153450546,1.3576486849706473,0.0228736904754034,0.0178565474007851,0.7806587843787887,1.9716961879484216,120,0.7452270165085793,3,Return from COBYLA because the objective function has been evaluated MAXFUN times.,True,SUCCESS,,False,0e87433b5b33ad10b58affe40162e1cbdbcd4bcb5ec45d9bd38c6222a5549a2f,False,123.453125
phase2-p2-a0eb9820a414d266457d,PREREGISTERED_HELDOUT_OBJECTIVE_CONFIRMATION,task-v2-df7a823d7a2b,g-f0c91af33253395a,v2-S3-b003-g-f0c91af33253395a,S3,D2,13,3.612359947967774,0.000244140625,2207,P2_MEAN_ENERGY_PREPARATION,E_theta[H_C],2,COBYLA,120,"[4.119365739193051, 4.0465795222369225, 1.5369649905613294, 0.28561357469155796]","[5.498199550823243, 4.099724202673635, 2.4304502831537973, 0.1379658047145221]",2.806662690252148,1.436956424721711,1.369706265530437,0.0337062773663495,0.0260414385362771,0.7725990696995636,2.140070738206717,120,0.7400702042505145,3,Return from COBYLA because the objective function has been evaluated MAXFUN times.,True,SUCCESS,,True,0e87433b5b33ad10b58affe40162e1cbdbcd4bcb5ec45d9bd38c6222a5549a2f,False,123.453125
phase2-p2-0b12bcf7542026bca918,PREREGISTERED_HELDOUT_OBJECTIVE_CONFIRMATION,task-v2-df7a823d7a2b,g-f0c91af33253395a,v2-S3-b003-g-f0c91af33253395a,S3,D2,13,3.612359947967774,0.000244140625,3301,P2_MEAN_ENERGY_PREPARATION,E_theta[H_C],2,COBYLA,120,"[2.8746040698350956, 3.2295534178963874, 1.3381083226815658, 0.4324890662459698]","[4.551059063326165, 2.4472764448562807, 3.1617618358240285, -0.7332756102160255]",3.0770236422122803,1.4614554790013616,1.615568163210919,0.016496032806357,0.0131502146621504,0.797174376198062,1.8297394596078496,120,0.7379451682791114,3,Return from COBYLA because the objective function has been evaluated MAXFUN times.,True,SUCCESS,,False,0e87433b5b33ad10b58affe40162e1cbdbcd4bcb5ec45d9bd38c6222a5549a2f,False,123.453125
phase2-p2-40614d4a53b90fc89d9d,PREREGISTERED_HELDOUT_OBJECTIVE_CONFIRMATION,task-v2-0ae6410749b4,g-f0c91af33253395a,v2-S3-b003-g-f0c91af33253395a,S3,D3,13,3.436268688912093,0.0003662109375,1103,P2_MEAN_ENERGY_PREPARATION,E_theta[H_C],2,COBYLA,120,"[1.4361119332668082, 4.6766136583430296, 1.8287983773432719, 0.554097077555417]","[3.7091892156581685, 4.391498078646119, 2.3280632805821124, 0.14496606411133764]",3.076484437833116,1.7332284865559608,1.343255951277155,0.032118244071685,0.0200598223201172,0.6245616128747741,1.94302048296509,120,0.7483349181711674,3,Return from COBYLA because the objective function has been evaluated MAXFUN times.,True,SUCCESS,,False,0e87433b5b33ad10b58affe40162e1cbdbcd4bcb5ec45d9bd38c6222a5549a2f,False,122.796875
phase2-p2-0d6f754bb03ab9621252,PREREGISTERED_HELDOUT_OBJECTIVE_CONFIRMATION,task-v2-0ae6410749b4,g-f0c91af33253395a,v2-S3-b003-g-f0c91af33253395a,S3,D3,13,3.436268688912093,0.0003662109375,2207,P2_MEAN_ENERGY_PREPARATION,E_theta[H_C],2,COBYLA,120,"[4.119365739193051, 4.0465795222369225, 1.5369649905613294, 0.28561357469155796]","[5.288551820514285, 4.22566681838321, 2.4131709196587474, 0.14033866542085285]",2.80481831827269,1.4523959381430502,1.3524223801296398,0.0442506500037078,0.0257619040973716,0.5821813712389093,2.08218834340244,120,0.7708175461739302,3,Return from COBYLA because the objective function has been evaluated MAXFUN times.,True,SUCCESS,,True,0e87433b5b33ad10b58affe40162e1cbdbcd4bcb5ec45d9bd38c6222a5549a2f,False,122.796875
phase2-p2-07b2a46b1d2b181bb9d3,PREREGISTERED_HELDOUT_OBJECTIVE_CONFIRMATION,task-v2-0ae6410749b4,g-f0c91af33253395a,v2-S3-b003-g-f0c91af33253395a,S3,D3,13,3.436268688912093,0.0003662109375,3301,P2_MEAN_ENERGY_PREPARATION,E_theta[H_C],2,COBYLA,120,"[2.8746040698350956, 3.2295534178963874, 1.3381083226815658, 0.4324890662459698]","[4.864966414022467, 3.8193644366928208, 2.417162982729907, 0.1373127501956916]",3.0751407694257327,1.5415017013286758,1.5336390680970569,0.0303314255407117,0.0218203794878117,0.7193984159604961,1.918161511023483,120,0.756877901032567,3,Return from COBYLA because the objective function has been evaluated MAXFUN times.,True,SUCCESS,,False,0e87433b5b33ad10b58affe40162e1cbdbcd4bcb5ec45d9bd38c6222a5549a2f,False,122.796875
phase2-p2-fd825cbbf517eb8df015,PREREGISTERED_HELDOUT_OBJECTIVE_CONFIRMATION,task-v2-f12c027474e2,g-f0c91af33253395a,v2-S3-b003-g-f0c91af33253395a,S3,D4,13,3.311329952303793,0.00048828125,1103,P2_MEAN_ENERGY_PREPARATION,E_theta[H_C],2,COBYLA,120,"[1.4361119332668082, 4.6766136583430296, 1.8287983773432719, 0.554097077555417]","[2.7934343180016294, 4.230135841754657, 2.3258895769254404, 0.10069462893039516]",2.7977955927671143,1.777200147428096,1.0205954453390182,0.0240953139673248,0.0137000918168532,0.5685790953142033,1.693262541932027,120,0.7682471973821521,3,Return from COBYLA because the objective function has been evaluated MAXFUN times.,True,SUCCESS,,False,0e87433b5b33ad10b58affe40162e1cbdbcd4bcb5ec45d9bd38c6222a5549a2f,False,123.01953125
phase2-p2-e5adddafafb37031ea7d,PREREGISTERED_HELDOUT_OBJECTIVE_CONFIRMATION,task-v2-f12c027474e2,g-f0c91af33253395a,v2-S3-b003-g-f0c91af33253395a,S3,D4,13,3.311329952303793,0.00048828125,2207,P2_MEAN_ENERGY_PREPARATION,E_theta[H_C],2,COBYLA,120,"[4.119365739193051, 4.0465795222369225, 1.5369649905613294, 0.28561357469155796]","[5.101908262370922, 3.999279869516352, 2.466507856432507, 0.13114704135284286]",2.668847732825443,1.4557751674185542,1.2130725654068888,0.0435029299973926,0.0177766433498682,0.4086309439601812,1.949848460726172,120,0.7961089853197336,3,Return from COBYLA because the objective function has been evaluated MAXFUN times.,True,SUCCESS,,True,0e87433b5b33ad10b58affe40162e1cbdbcd4bcb5ec45d9bd38c6222a5549a2f,False,123.01953125
phase2-p2-2e3630517d4eea0ccbe0,PREREGISTERED_HELDOUT_OBJECTIVE_CONFIRMATION,task-v2-f12c027474e2,g-f0c91af33253395a,v2-S3-b003-g-f0c91af33253395a,S3,D4,13,3.311329952303793,0.00048828125,3301,P2_MEAN_ENERGY_PREPARATION,E_theta[H_C],2,COBYLA,120,"[2.8746040698350956, 3.2295534178963874, 1.3381083226815658, 0.4324890662459698]","[4.610382407150907, 3.508022960580017, 2.424532737431125, 0.14697618639434168]",2.9183344360075694,1.6132648870046753,1.305069549002894,0.0296906304474793,0.0177015653049029,0.5962003850411917,1.783949371757516,120,0.773572108708322,3,Return from COBYLA because the objective function has been evaluated MAXFUN times.,True,SUCCESS,,False,0e87433b5b33ad10b58affe40162e1cbdbcd4bcb5ec45d9bd38c6222a5549a2f,False,123.01953125
phase2-p2-7d1a5ac41295fbfa2ae1,PREREGISTERED_HELDOUT_OBJECTIVE_CONFIRMATION,task-v2-356d367a6a2c,g-f0c91af33253395a,v2-S3-b003-g-f0c91af33253395a,S3,D5,13,3.2144199392957367,0.0006103515625,1103,P2_MEAN_ENERGY_PREPARATION,E_theta[H_C],2,COBYLA,120,"[1.4361119332668082, 4.6766136583430296, 1.8287983773432719, 0.554097077555417]","[2.6374124655035205, 4.467772321682371, 2.301557428249459, 0.10396106408828086]",2.780507386562077,1.7808664319828795,0.999640954579198,0.0252194921686779,0.011533670856252,0.4573316060097604,1.6161562764669222,120,0.756998373195529,3,Return from COBYLA because the objective function has been evaluated MAXFUN times.,True,SUCCESS,,False,0e87433b5b33ad10b58affe40162e1cbdbcd4bcb5ec45d9bd38c6222a5549a2f,False,123.640625
phase2-p2-db29deec246f65b795a2,PREREGISTERED_HELDOUT_OBJECTIVE_CONFIRMATION,task-v2-356d367a6a2c,g-f0c91af33253395a,v2-S3-b003-g-f0c91af33253395a,S3,D5,13,3.2144199392957367,0.0006103515625,2207,P2_MEAN_ENERGY_PREPARATION,E_theta[H_C],2,COBYLA,120,"[4.119365739193051, 4.0465795222369225, 1.5369649905613294, 0.28561357469155796]","[5.387365948682892, 4.07366165991556, 2.4918833274055414, 0.1437378815889703]",2.6625841847478675,1.381896254082309,1.2806879306655583,0.0660951040277921,0.0199854426975266,0.3023740259055052,2.0345892297577204,120,0.7447114922106266,3,Return from COBYLA because the objective function has been evaluated MAXFUN times.,True,SUCCESS,,True,0e87433b5b33ad10b58affe40162e1cbdbcd4bcb5ec45d9bd38c6222a5549a2f,False,123.640625
phase2-p2-f76e0cfaad4275713493,PREREGISTERED_HELDOUT_OBJECTIVE_CONFIRMATION,task-v2-356d367a6a2c,g-f0c91af33253395a,v2-S3-b003-g-f0c91af33253395a,S3,D5,13,3.2144199392957367,0.0006103515625,3301,P2_MEAN_ENERGY_PREPARATION,E_theta[H_C],2,COBYLA,120,"[2.8746040698350956, 3.2295534178963874, 1.3381083226815658, 0.4324890662459698]","[4.823043626951642, 3.9384412577130194, 2.494851371002261, 0.15123756933114416]",2.9114250830258888,1.5296663923850924,1.3817586906407964,0.0508871940091385,0.0162782058959436,0.3198880624665673,1.92102844322572,120,0.7628465592861176,3,Return from COBYLA because the objective function has been evaluated MAXFUN times.,True,SUCCESS,,False,0e87433b5b33ad10b58affe40162e1cbdbcd4bcb5ec45d9bd38c6222a5549a2f,False,123.640625
phase2-p2-95f6b914dc4c80cd0c6d,PREREGISTERED_HELDOUT_OBJECTIVE_CONFIRMATION,task-v2-747868754e4a,g-f0c91af33253395a,v2-S3-b003-g-f0c91af33253395a,S3,D6,13,3.135238693248112,0.000732421875,1103,P2_MEAN_ENERGY_PREPARATION,E_theta[H_C],2,COBYLA,120,"[1.4361119332668082, 4.6766136583430296, 1.8287983773432719, 0.554097077555417]","[2.4827986824491424, 4.405785303066956, 2.291329503498362, 0.1006849483351643]",2.64889069721056,1.7563749110738232,0.8925157861367361,0.0257831002822071,0.0108241730719539,0.4198165834782745,1.546573831032788,120,0.7486602393910289,3,Return from COBYLA because the objective function has been evaluated MAXFUN times.,True,SUCCESS,,False,0e87433b5b33ad10b58affe40162e1cbdbcd4bcb5ec45d9bd38c6222a5549a2f,False,123.47265625
phase2-p2-f3b9680d5e6a34477ada,PREREGISTERED_HELDOUT_OBJECTIVE_CONFIRMATION,task-v2-747868754e4a,g-f0c91af33253395a,v2-S3-b003-g-f0c91af33253395a,S3,D6,13,3.135238693248112,0.000732421875,2207,P2_MEAN_ENERGY_PREPARATION,E_theta[H_C],2,COBYLA,120,"[4.119365739193051, 4.0465795222369225, 1.5369649905613294, 0.28561357469155796]","[5.921703245898805, 4.321202292249891, 2.4927674682268557, 0.11925565278499507]",2.611633164833076,1.245624178495098,1.3660089863379778,0.0902351170705286,0.022124870160609,0.2451913498745287,2.090614279369858,120,0.7388293733820319,3,Return from COBYLA because the objective function has been evaluated MAXFUN times.,True,SUCCESS,,False,0e87433b5b33ad10b58affe40162e1cbdbcd4bcb5ec45d9bd38c6222a5549a2f,False,123.47265625
phase2-p2-83eff36e85b853c2080e,PREREGISTERED_HELDOUT_OBJECTIVE_CONFIRMATION,task-v2-747868754e4a,g-f0c91af33253395a,v2-S3-b003-g-f0c91af33253395a,S3,D6,13,3.135238693248112,0.000732421875,3301,P2_MEAN_ENERGY_PREPARATION,E_theta[H_C],2,COBYLA,120,"[2.8746040698350956, 3.2295534178963874, 1.3381083226815658, 0.4324890662459698]","[6.586915355088704, 3.977533675024939, 2.5089376247737185, 0.10375674442861187]",2.858509758643124,1.205854086151692,1.652655672491432,0.0872269453296971,0.0298380812925069,0.3420741283524954,2.075889357083732,120,0.7431935193017125,3,Return from COBYLA because the objective function has been evaluated MAXFUN times.,True,SUCCESS,,True,0e87433b5b33ad10b58affe40162e1cbdbcd4bcb5ec45d9bd38c6222a5549a2f,False,123.47265625
phase2-p2-64f4e1093faba3eec19b,PREREGISTERED_HELDOUT_OBJECTIVE_CONFIRMATION,task-v2-ba2b70f61e3b,g-f0c91af33253395a,v2-S3-b003-g-f0c91af33253395a,S3,D7,13,3.0682919036174985,0.0008544921875,1103,P2_MEAN_ENERGY_PREPARATION,E_theta[H_C],2,COBYLA,120,"[1.4361119332668082, 4.6766136583430296, 1.8287983773432719, 0.554097077555417]","[1.8048017420678104, 4.415469135041014, 2.275418516682252, 0.10617836879846425]",2.1505158187876843,1.642030711841648,0.5084851069460363,0.024605874522872,0.0100640094154581,0.4090084018799363,1.459330708618904,120,0.7430468257516623,3,Return from COBYLA because the objective function has been evaluated MAXFUN times.,True,SUCCESS,,False,0e87433b5b33ad10b58affe40162e1cbdbcd4bcb5ec45d9bd38c6222a5549a2f,False,123.49609375
phase2-p2-68048646701670cd6b4e,PREREGISTERED_HELDOUT_OBJECTIVE_CONFIRMATION,task-v2-ba2b70f61e3b,g-f0c91af33253395a,v2-S3-b003-g-f0c91af33253395a,S3,D7,13,3.0682919036174985,0.0008544921875,2207,P2_MEAN_ENERGY_PREPARATION,E_theta[H_C],2,COBYLA,120,"[4.119365739193051, 4.0465795222369225, 1.5369649905613294, 0.28561357469155796]","[0.6870594755224527, 6.726509133808861, 2.9021235705115584, -0.5879426970445244]",2.396357969708439,1.1394962198821743,1.2568617498262644,0.0702201454297464,0.0257002141367678,0.3659948862179486,1.914753628195293,120,0.7316134758293629,3,Return from COBYLA because the objective function has been evaluated MAXFUN times.,True,SUCCESS,,True,0e87433b5b33ad10b58affe40162e1cbdbcd4bcb5ec45d9bd38c6222a5549a2f,False,123.49609375
phase2-p2-f9ba72d522d4191d417f,PREREGISTERED_HELDOUT_OBJECTIVE_CONFIRMATION,task-v2-ba2b70f61e3b,g-f0c91af33253395a,v2-S3-b003-g-f0c91af33253395a,S3,D7,13,3.0682919036174985,0.0008544921875,3301,P2_MEAN_ENERGY_PREPARATION,E_theta[H_C],2,COBYLA,120,"[2.8746040698350956, 3.2295534178963874, 1.3381083226815658, 0.4324890662459698]","[1.6587184004320374, 2.72024153273336, 3.3583786761239987, -0.8147211265542814]",2.6176735297781506,1.3615575473306891,1.2561159824474617,0.0275804879792457,0.01331250796297,0.482678478096099,1.5088938494609156,120,0.7348599713295698,3,Return from COBYLA because the objective function has been evaluated MAXFUN times.,True,SUCCESS,,False,0e87433b5b33ad10b58affe40162e1cbdbcd4bcb5ec45d9bd38c6222a5549a2f,False,123.49609375
phase2-p2-e05b478c3a20553179d4,PREREGISTERED_HELDOUT_OBJECTIVE_CONFIRMATION,task-v2-59fd840ba77c,g-64377640089a831f,v2-S3-b004-g-64377640089a831f,S3,D1,13,3.9133899436317554,0.0001220703125,1103,P2_MEAN_ENERGY_PREPARATION,E_theta[H_C],2,COBYLA,120,"[1.4361119332668082, 4.6766136583430296, 1.8287983773432719, 0.554097077555417]","[2.4188658757616652, 4.294976288747179, 3.230681650836191, -0.7612771001947579]",2.829292473134844,1.4527773026491473,1.3765151704856966,0.0031023822112108,0.0031023822112108,1.0,1.4050852451668252,120,0.7398317977786064,3,Return from COBYLA because the objective function has been evaluated MAXFUN times.,True,SUCCESS,,True,0e87433b5b33ad10b58affe40162e1cbdbcd4bcb5ec45d9bd38c6222a5549a2f,False,123.484375
phase2-p2-03ce807b0c831831a8f2,PREREGISTERED_HELDOUT_OBJECTIVE_CONFIRMATION,task-v2-59fd840ba77c,g-64377640089a831f,v2-S3-b004-g-64377640089a831f,S3,D1,13,3.9133899436317554,0.0001220703125,2207,P2_MEAN_ENERGY_PREPARATION,E_theta[H_C],2,COBYLA,120,"[4.119365739193051, 4.0465795222369225, 1.5369649905613294, 0.28561357469155796]","[5.293519821089941, 3.9371712419428704, 2.443068847767268, 0.13148164869138743]",2.68064943010921,1.5482912351914386,1.1323581949177712,0.0041410767029464,0.0041410767029464,1.0,1.5305032184127767,120,0.7471235170960426,3,Return from COBYLA because the objective function has been evaluated MAXFUN times.,True,SUCCESS,,False,0e87433b5b33ad10b58affe40162e1cbdbcd4bcb5ec45d9bd38c6222a5549a2f,False,123.484375
phase2-p2-b3e6926b82a8878dc001,PREREGISTERED_HELDOUT_OBJECTIVE_CONFIRMATION,task-v2-59fd840ba77c,g-64377640089a831f,v2-S3-b004-g-64377640089a831f,S3,D1,13,3.9133899436317554,0.0001220703125,3301,P2_MEAN_ENERGY_PREPARATION,E_theta[H_C],2,COBYLA,120,"[2.8746040698350956, 3.2295534178963874, 1.3381083226815658, 0.4324890662459698]","[5.25626905173, 3.837120116659519, 2.432710591842397, 0.0853470052070167]",2.878238901348096,1.5862265284198858,1.2920123729282096,0.0025016022409358,0.0025016022409358,1.0,1.3116082009079046,120,0.7394823227077723,3,Return from COBYLA because the objective function has been evaluated MAXFUN times.,True,SUCCESS,,False,0e87433b5b33ad10b58affe40162e1cbdbcd4bcb5ec45d9bd38c6222a5549a2f,False,123.484375
phase2-p2-a0306c1b11b311f80748,PREREGISTERED_HELDOUT_OBJECTIVE_CONFIRMATION,task-v2-87f0030ee4db,g-64377640089a831f,v2-S3-b004-g-64377640089a831f,S3,D2,13,3.612359947967774,0.000244140625,1103,P2_MEAN_ENERGY_PREPARATION,E_theta[H_C],2,COBYLA,120,"[1.4361119332668082, 4.6766136583430296, 1.8287983773432719, 0.554097077555417]","[2.4182926804345146, 4.291436191226366, 3.229937871509563, -0.759515551234951]",2.825170786197841,1.4489001963306465,1.3762705898671952,0.0061843203038941,0.003128187233997,0.5058255524099001,1.4036519228320117,120,0.7549125710502267,3,Return from COBYLA because the objective function has been evaluated MAXFUN times.,True,SUCCESS,,True,0e87433b5b33ad10b58affe40162e1cbdbcd4bcb5ec45d9bd38c6222a5549a2f,False,123.671875
phase2-p2-c72faee1228600f087db,PREREGISTERED_HELDOUT_OBJECTIVE_CONFIRMATION,task-v2-87f0030ee4db,g-64377640089a831f,v2-S3-b004-g-64377640089a831f,S3,D2,13,3.612359947967774,0.000244140625,2207,P2_MEAN_ENERGY_PREPARATION,E_theta[H_C],2,COBYLA,120,"[4.119365739193051, 4.0465795222369225, 1.5369649905613294, 0.28561357469155796]","[5.3983921956054575, 4.121992436986822, 2.4351773206229317, 0.1348955942992732]",2.67817346150626,1.5220972618207078,1.1560761996855522,0.0110305543463132,0.005780336344318,0.5240295422006622,1.6549572866541384,120,0.768764179199934,3,Return from COBYLA because the objective function has been evaluated MAXFUN times.,True,SUCCESS,,False,0e87433b5b33ad10b58affe40162e1cbdbcd4bcb5ec45d9bd38c6222a5549a2f,False,123.671875
phase2-p2-b5c023057b47b1c7607e,PREREGISTERED_HELDOUT_OBJECTIVE_CONFIRMATION,task-v2-87f0030ee4db,g-64377640089a831f,v2-S3-b004-g-64377640089a831f,S3,D2,13,3.612359947967774,0.000244140625,3301,P2_MEAN_ENERGY_PREPARATION,E_theta[H_C],2,COBYLA,120,"[2.8746040698350956, 3.2295534178963874, 1.3381083226815658, 0.4324890662459698]","[4.858157161203989, 3.7976918554994703, 2.473208990511196, 0.16051576447337826]",2.8749931982773127,1.6531510459085472,1.2218421523687657,0.0067479089783849,0.0035521540189124,0.5264081110594075,1.4415291637859078,120,0.7806056113913655,3,Return from COBYLA because the objective function has been evaluated MAXFUN times.,True,SUCCESS,,False,0e87433b5b33ad10b58affe40162e1cbdbcd4bcb5ec45d9bd38c6222a5549a2f,False,123.671875
phase2-p2-7419d755c3326e081c8d,PREREGISTERED_HELDOUT_OBJECTIVE_CONFIRMATION,task-v2-835da0eb601e,g-64377640089a831f,v2-S3-b004-g-64377640089a831f,S3,D3,13,3.436268688912093,0.0003662109375,1103,P2_MEAN_ENERGY_PREPARATION,E_theta[H_C],2,COBYLA,120,"[1.4361119332668082, 4.6766136583430296, 1.8287983773432719, 0.554097077555417]","[2.9170464613851697, 4.292674605008113, 2.31161984848433, 0.10724945636058437]",2.748331140297852,1.846190799267991,0.902140341029861,0.0065075352088569,0.0023589293189049,0.3624919794047973,1.249685215439189,120,0.7409777930006385,3,Return from COBYLA because the objective function has been evaluated MAXFUN times.,True,SUCCESS,,False,0e87433b5b33ad10b58affe40162e1cbdbcd4bcb5ec45d9bd38c6222a5549a2f,False,123.453125
phase2-p2-199839930ad70406f03d,PREREGISTERED_HELDOUT_OBJECTIVE_CONFIRMATION,task-v2-835da0eb601e,g-64377640089a831f,v2-S3-b004-g-64377640089a831f,S3,D3,13,3.436268688912093,0.0003662109375,2207,P2_MEAN_ENERGY_PREPARATION,E_theta[H_C],2,COBYLA,120,"[4.119365739193051, 4.0465795222369225, 1.5369649905613294, 0.28561357469155796]","[5.553263894052782, 4.157942142810636, 2.467211520524949, 0.13094222921709023]",2.640337681449436,1.4835692845812845,1.1567683968681517,0.0208866184692258,0.0075433992185999,0.3611594298863823,1.7561368225721383,120,0.9998677568510176,3,Return from COBYLA because the objective function has been evaluated MAXFUN times.,True,SUCCESS,,True,0e87433b5b33ad10b58affe40162e1cbdbcd4bcb5ec45d9bd38c6222a5549a2f,False,123.453125
phase2-p2-dcbc132e60ba911a583f,PREREGISTERED_HELDOUT_OBJECTIVE_CONFIRMATION,task-v2-835da0eb601e,g-64377640089a831f,v2-S3-b004-g-64377640089a831f,S3,D3,13,3.436268688912093,0.0003662109375,3301,P2_MEAN_ENERGY_PREPARATION,E_theta[H_C],2,COBYLA,120,"[2.8746040698350956, 3.2295534178963874, 1.3381083226815658, 0.4324890662459698]","[4.7837901409315835, 3.7268068306090383, 2.4427521565275834, 0.14490779113689056]",2.833396314544691,1.6630545207633152,1.170341793781376,0.0084993243394582,0.003147224921441,0.3702911897161078,1.3656530914136704,120,1.618300893343985,3,Return from COBYLA because the objective function has been evaluated MAXFUN times.,True,SUCCESS,,False,0e87433b5b33ad10b58affe40162e1cbdbcd4bcb5ec45d9bd38c6222a5549a2f,False,123.453125
phase2-p2-8c32666f29e1d8d251ee,PREREGISTERED_HELDOUT_OBJECTIVE_CONFIRMATION,task-v2-404bfd76cc2e,g-64377640089a831f,v2-S3-b004-g-64377640089a831f,S3,D4,13,3.311329952303793,0.00048828125,1103,P2_MEAN_ENERGY_PREPARATION,E_theta[H_C],2,COBYLA,120,"[1.4361119332668082, 4.6766136583430296, 1.8287983773432719, 0.554097077555417]","[2.9530173949694603, 4.2886362448296875, 2.31718942547093, 0.10533021738816117]",2.746706454501333,1.8425287398121484,0.9041777146891848,0.0081171327906418,0.0023717817345902,0.2921945218543957,1.2207326030844097,120,0.7427415773272514,3,Return from COBYLA because the objective function has been evaluated MAXFUN times.,True,SUCCESS,,False,0e87433b5b33ad10b58affe40162e1cbdbcd4bcb5ec45d9bd38c6222a5549a2f,False,122.9453125
phase2-p2-be6c651c32b0a8ed935a,PREREGISTERED_HELDOUT_OBJECTIVE_CONFIRMATION,task-v2-404bfd76cc2e,g-64377640089a831f,v2-S3-b004-g-64377640089a831f,S3,D4,13,3.311329952303793,0.00048828125,2207,P2_MEAN_ENERGY_PREPARATION,E_theta[H_C],2,COBYLA,120,"[4.119365739193051, 4.0465795222369225, 1.5369649905613294, 0.28561357469155796]","[5.428745006487681, 4.110757107645867, 2.4442257789343396, 0.13766531268918522]",2.6393187876713,1.5076204250533412,1.1316983626179589,0.0239840321427376,0.0066672523712489,0.2779871345889523,1.69125214983786,120,1.417797189205885,3,Return from COBYLA because the objective function has been evaluated MAXFUN times.,True,SUCCESS,,True,0e87433b5b33ad10b58affe40162e1cbdbcd4bcb5ec45d9bd38c6222a5549a2f,False,122.9453125
phase2-p2-dd226eaa942cb41dd04c,PREREGISTERED_HELDOUT_OBJECTIVE_CONFIRMATION,task-v2-404bfd76cc2e,g-64377640089a831f,v2-S3-b004-g-64377640089a831f,S3,D4,13,3.311329952303793,0.00048828125,3301,P2_MEAN_ENERGY_PREPARATION,E_theta[H_C],2,COBYLA,120,"[2.8746040698350956, 3.2295534178963874, 1.3381083226815658, 0.4324890662459698]","[4.605197372802925, 3.7281121588548918, 2.4165902388536487, 0.14687143903913424]",2.8319379232916093,1.6974521692296014,1.134485754062008,0.0095476581133721,0.0028011189530282,0.293382829565831,1.2912268115142636,120,1.3797298846766353,3,Return from COBYLA because the objective function has been evaluated MAXFUN times.,True,SUCCESS,,False,0e87433b5b33ad10b58affe40162e1cbdbcd4bcb5ec45d9bd38c6222a5549a2f,False,122.9453125
phase2-p2-ff764637c0663d437f02,PREREGISTERED_HELDOUT_OBJECTIVE_CONFIRMATION,task-v2-e1d0a1367c62,g-64377640089a831f,v2-S3-b004-g-64377640089a831f,S3,D5,13,3.2144199392957367,0.0006103515625,1103,P2_MEAN_ENERGY_PREPARATION,E_theta[H_C],2,COBYLA,120,"[1.4361119332668082, 4.6766136583430296, 1.8287983773432719, 0.554097077555417]","[2.8665392755190147, 4.362697287407764, 2.3060994374357198, 0.10189373801857853]",2.73178991418526,1.8412442758706056,0.8905456383146542,0.0094864044554417,0.0023613167340662,0.2489158822141174,1.1915215762700309,120,0.7508324598893523,3,Return from COBYLA because the objective function has been evaluated MAXFUN times.,True,SUCCESS,,False,0e87433b5b33ad10b58affe40162e1cbdbcd4bcb5ec45d9bd38c6222a5549a2f,False,123.01953125
phase2-p2-7fc726b9da16542f18ee,PREREGISTERED_HELDOUT_OBJECTIVE_CONFIRMATION,task-v2-e1d0a1367c62,g-64377640089a831f,v2-S3-b004-g-64377640089a831f,S3,D5,13,3.2144199392957367,0.0006103515625,2207,P2_MEAN_ENERGY_PREPARATION,E_theta[H_C],2,COBYLA,120,"[4.119365739193051, 4.0465795222369225, 1.5369649905613294, 0.28561357469155796]","[5.6003662952191595, 4.199448665080861, 2.4539759663030707, 0.13084946370115141]",2.633409990848873,1.4640822960869773,1.1693276947618962,0.0338831262816932,0.0075669311529475,0.2233244680564169,1.7444034136890545,120,1.363010885193944,3,Return from COBYLA because the objective function has been evaluated MAXFUN times.,True,SUCCESS,,True,0e87433b5b33ad10b58affe40162e1cbdbcd4bcb5ec45d9bd38c6222a5549a2f,False,123.01953125
phase2-p2-37356ba85caa0cedb704,PREREGISTERED_HELDOUT_OBJECTIVE_CONFIRMATION,task-v2-e1d0a1367c62,g-64377640089a831f,v2-S3-b004-g-64377640089a831f,S3,D5,13,3.2144199392957367,0.0006103515625,3301,P2_MEAN_ENERGY_PREPARATION,E_theta[H_C],2,COBYLA,120,"[2.8746040698350956, 3.2295534178963874, 1.3381083226815658, 0.4324890662459698]","[5.1029906772968205, 3.8942361146751865, 2.4566735151285615, 0.16399888908225663]",2.8254581179827403,1.5941403380065222,1.231317779976218,0.0227690062840056,0.0051175359206029,0.2247588610925811,1.571764016252985,120,1.452758114784956,3,Return from COBYLA because the objective function has been evaluated MAXFUN times.,True,SUCCESS,,False,0e87433b5b33ad10b58affe40162e1cbdbcd4bcb5ec45d9bd38c6222a5549a2f,False,123.01953125
phase2-p2-d0c42288cbab98617af3,PREREGISTERED_HELDOUT_OBJECTIVE_CONFIRMATION,task-v2-7eefc621bd20,g-64377640089a831f,v2-S3-b004-g-64377640089a831f,S3,D6,13,3.135238693248112,0.000732421875,1103,P2_MEAN_ENERGY_PREPARATION,E_theta[H_C],2,COBYLA,120,"[1.4361119332668082, 4.6766136583430296, 1.8287983773432719, 0.554097077555417]","[2.701469359560718, 4.556115780559116, 2.2765921486130796, 0.10178037138414704]",2.661129392003256,1.830439074162888,0.830690317840368,0.0116014754881486,0.0025352154053444,0.2185252563722858,1.1997519200276834,120,1.879051829688251,3,Return from COBYLA because the objective function has been evaluated MAXFUN times.,True,SUCCESS,,False,0e87433b5b33ad10b58affe40162e1cbdbcd4bcb5ec45d9bd38c6222a5549a2f,False,123.640625
phase2-p2-70bbf1231c2ab66a94a4,PREREGISTERED_HELDOUT_OBJECTIVE_CONFIRMATION,task-v2-7eefc621bd20,g-64377640089a831f,v2-S3-b004-g-64377640089a831f,S3,D6,13,3.135238693248112,0.000732421875,2207,P2_MEAN_ENERGY_PREPARATION,E_theta[H_C],2,COBYLA,120,"[4.119365739193051, 4.0465795222369225, 1.5369649905613294, 0.28561357469155796]","[5.6989211458140545, 4.155777837716092, 2.474751141738434, 0.13277380056367374]",2.603728922032058,1.4329898523626023,1.1707390696694555,0.0446699217316445,0.0094222418135136,0.210930340780939,1.785253884772006,120,3.1084156408905983,3,Return from COBYLA because the objective function has been evaluated MAXFUN times.,True,SUCCESS,,True,0e87433b5b33ad10b58affe40162e1cbdbcd4bcb5ec45d9bd38c6222a5549a2f,False,123.7890625
phase2-p2-fc11b87e48d5b151ddbc,PREREGISTERED_HELDOUT_OBJECTIVE_CONFIRMATION,task-v2-7eefc621bd20,g-64377640089a831f,v2-S3-b004-g-64377640089a831f,S3,D6,13,3.135238693248112,0.000732421875,3301,P2_MEAN_ENERGY_PREPARATION,E_theta[H_C],2,COBYLA,120,"[2.8746040698350956, 3.2295534178963874, 1.3381083226815658, 0.4324890662459698]","[4.93144446305018, 3.8677179353987805, 2.444950186597384, 0.14042903018511277]",2.7938374953147704,1.624801166722274,1.1690363285924965,0.0231575748447421,0.0051103791807828,0.220678512972317,1.4999317696034389,120,2.1561608240008354,3,Return from COBYLA because the objective function has been evaluated MAXFUN times.,True,SUCCESS,,False,0e87433b5b33ad10b58affe40162e1cbdbcd4bcb5ec45d9bd38c6222a5549a2f,False,123.7890625
phase2-p2-fef4c518b6941283e9f8,PREREGISTERED_HELDOUT_OBJECTIVE_CONFIRMATION,task-v2-8d35df6592f7,g-64377640089a831f,v2-S3-b004-g-64377640089a831f,S3,D7,13,3.0682919036174985,0.0008544921875,1103,P2_MEAN_ENERGY_PREPARATION,E_theta[H_C],2,COBYLA,120,"[1.4361119332668082, 4.6766136583430296, 1.8287983773432719, 0.554097077555417]","[2.3332162944894157, 4.484827025355817, 2.270829018043002, 0.10402026747058837]",2.50185627029592,1.796481498881035,0.705374771414885,0.012434712988242,0.0025280323549957,0.2033044395464721,1.1629276691734955,120,2.528853460215032,3,Return from COBYLA because the objective function has been evaluated MAXFUN times.,True,SUCCESS,,False,0e87433b5b33ad10b58affe40162e1cbdbcd4bcb5ec45d9bd38c6222a5549a2f,False,123.49609375
phase2-p2-06438dab3905dacc6ed0,PREREGISTERED_HELDOUT_OBJECTIVE_CONFIRMATION,task-v2-8d35df6592f7,g-64377640089a831f,v2-S3-b004-g-64377640089a831f,S3,D7,13,3.0682919036174985,0.0008544921875,2207,P2_MEAN_ENERGY_PREPARATION,E_theta[H_C],2,COBYLA,120,"[4.119365739193051, 4.0465795222369225, 1.5369649905613294, 0.28561357469155796]","[5.460006179782095, 4.202725259380522, 2.4818548643120297, 0.12814716033584628]",2.542976504377198,1.4595580408353912,1.083418463541807,0.0541403498184415,0.0088058015247022,0.1626476658210054,1.8018129611792124,120,2.7697182577103376,3,Return from COBYLA because the objective function has been evaluated MAXFUN times.,True,SUCCESS,,True,0e87433b5b33ad10b58affe40162e1cbdbcd4bcb5ec45d9bd38c6222a5549a2f,False,123.49609375
phase2-p2-32f339718cbbc1ed3b10,PREREGISTERED_HELDOUT_OBJECTIVE_CONFIRMATION,task-v2-8d35df6592f7,g-64377640089a831f,v2-S3-b004-g-64377640089a831f,S3,D7,13,3.0682919036174985,0.0008544921875,3301,P2_MEAN_ENERGY_PREPARATION,E_theta[H_C],2,COBYLA,120,"[2.8746040698350956, 3.2295534178963874, 1.3381083226815658, 0.4324890662459698]","[4.746039826643998, 3.6975175140741374, 2.4517319157936295, 0.136763193195979]",2.73562492037723,1.6896726265675923,1.0459522938096375,0.0240317788915805,0.0042880143045737,0.1784309985506752,1.449077823160605,120,2.732538719661534,3,Return from COBYLA because the objective function has been evaluated MAXFUN times.,True,SUCCESS,,False,0e87433b5b33ad10b58affe40162e1cbdbcd4bcb5ec45d9bd38c6222a5549a2f,False,123.49609375
phase2-p2-98addfd3ca9348673a0b,PREREGISTERED_HELDOUT_OBJECTIVE_CONFIRMATION,task-v2-00b7b12999ba,g-28cd30a80498cca2,v2-S4-b002-g-28cd30a80498cca2,S4,D1,16,4.816479930623699,1.52587890625e-05,1103,P2_MEAN_ENERGY_PREPARATION,E_theta[H_C],2,COBYLA,120,"[1.4361119332668082, 4.6766136583430296, 1.8287983773432719, 0.554097077555417]","[2.5685197227979284, 5.105334304362448, 3.1849133869330437, -0.7662663927194239]",2.969540377476294,1.5150038739798417,1.4545365034964526,0.001753422693608,0.001753422693608,1.0,2.060366553718572,120,25.28925971873105,3,Return from COBYLA because the objective function has been evaluated MAXFUN times.,True,SUCCESS,,True,0e87433b5b33ad10b58affe40162e1cbdbcd4bcb5ec45d9bd38c6222a5549a2f,False,170.0703125
phase2-p2-7954c1835e2eae80eee9,PREREGISTERED_HELDOUT_OBJECTIVE_CONFIRMATION,task-v2-00b7b12999ba,g-28cd30a80498cca2,v2-S4-b002-g-28cd30a80498cca2,S4,D1,16,4.816479930623699,1.52587890625e-05,2207,P2_MEAN_ENERGY_PREPARATION,E_theta[H_C],2,COBYLA,120,"[4.119365739193051, 4.0465795222369225, 1.5369649905613294, 0.28561357469155796]","[5.852379688745165, 4.099747606351685, 2.366309895514938, 0.13393477403947215]",2.7787298882034963,1.6262749263827834,1.152454961820713,0.0015629117890402,0.0015629117890402,1.0,2.010414397693336,120,27.1714060921222,3,Return from COBYLA because the objective function has been evaluated MAXFUN times.,True,SUCCESS,,False,0e87433b5b33ad10b58affe40162e1cbdbcd4bcb5ec45d9bd38c6222a5549a2f,False,170.0703125
phase2-p2-08cbcf8f671802d5281e,PREREGISTERED_HELDOUT_OBJECTIVE_CONFIRMATION,task-v2-00b7b12999ba,g-28cd30a80498cca2,v2-S4-b002-g-28cd30a80498cca2,S4,D1,16,4.816479930623699,1.52587890625e-05,3301,P2_MEAN_ENERGY_PREPARATION,E_theta[H_C],2,COBYLA,120,"[2.8746040698350956, 3.2295534178963874, 1.3381083226815658, 0.4324890662459698]","[4.9323824167343675, 3.681719728974556, 2.3764986381549247, 0.11193241674904689]",2.949272920341957,1.842717999624781,1.1065549207171763,0.0003269239485377,0.0003269239485377,1.0,1.3309266662448649,120,24.20785377640277,3,Return from COBYLA because the objective function has been evaluated MAXFUN times.,True,SUCCESS,,False,0e87433b5b33ad10b58affe40162e1cbdbcd4bcb5ec45d9bd38c6222a5549a2f,False,170.0703125
phase2-p2-87d7a79bea71cc7036af,PREREGISTERED_HELDOUT_OBJECTIVE_CONFIRMATION,task-v2-26d674ac9727,g-28cd30a80498cca2,v2-S4-b002-g-28cd30a80498cca2,S4,D2,16,4.515449934959718,3.0517578125e-05,1103,P2_MEAN_ENERGY_PREPARATION,E_theta[H_C],2,COBYLA,120,"[1.4361119332668082, 4.6766136583430296, 1.8287983773432719, 0.554097077555417]","[2.4215206518929056, 4.9142735275812415, 3.207144106237448, -0.782998337739885]",2.933570470032617,1.496004538018074,1.4375659320145429,0.0021775147599903,0.0015460676307514,0.7100147650701896,1.853411042456017,120,25.40979619976133,3,Return from COBYLA because the objective function has been evaluated MAXFUN times.,True,SUCCESS,,True,0e87433b5b33ad10b58affe40162e1cbdbcd4bcb5ec45d9bd38c6222a5549a2f,False,170.12890625
phase2-p2-1a54f9f9468fa6584351,PREREGISTERED_HELDOUT_OBJECTIVE_CONFIRMATION,task-v2-26d674ac9727,g-28cd30a80498cca2,v2-S4-b002-g-28cd30a80498cca2,S4,D2,16,4.515449934959718,3.0517578125e-05,2207,P2_MEAN_ENERGY_PREPARATION,E_theta[H_C],2,COBYLA,120,"[4.119365739193051, 4.0465795222369225, 1.5369649905613294, 0.28561357469155796]","[5.693528530198183, 4.242502107704335, 2.3673018724854047, 0.12820152452276523]",2.758517191965036,1.6369817586493542,1.121535433315682,0.0036917135009887,0.0022487238397025,0.6091273981852418,2.0826779247763194,120,29.505917500704527,3,Return from COBYLA because the objective function has been evaluated MAXFUN times.,True,SUCCESS,,False,0e87433b5b33ad10b58affe40162e1cbdbcd4bcb5ec45d9bd38c6222a5549a2f,False,170.12890625
phase2-p2-6f39759e0af0fc68ea87,PREREGISTERED_HELDOUT_OBJECTIVE_CONFIRMATION,task-v2-26d674ac9727,g-28cd30a80498cca2,v2-S4-b002-g-28cd30a80498cca2,S4,D2,16,4.515449934959718,3.0517578125e-05,3301,P2_MEAN_ENERGY_PREPARATION,E_theta[H_C],2,COBYLA,120,"[2.8746040698350956, 3.2295534178963874, 1.3381083226815658, 0.4324890662459698]","[5.327071413641629, 3.814227058977551, 2.3682552829010177, 0.12936654850384127]",2.928971590466226,1.7400781382665376,1.1888934521996883,0.0017180775396039,0.0011086617998983,0.6452920629845063,1.750492695306051,120,28.77881342545152,3,Return from COBYLA because the objective function has been evaluated MAXFUN times.,True,SUCCESS,,False,0e87433b5b33ad10b58affe40162e1cbdbcd4bcb5ec45d9bd38c6222a5549a2f,False,170.12890625
phase2-p2-bf99f657828545c3d84a,PREREGISTERED_HELDOUT_OBJECTIVE_CONFIRMATION,task-v2-d4d85eef1fda,g-28cd30a80498cca2,v2-S4-b002-g-28cd30a80498cca2,S4,D3,16,4.339358675904037,4.57763671875e-05,1103,P2_MEAN_ENERGY_PREPARATION,E_theta[H_C],2,COBYLA,120,"[1.4361119332668082, 4.6766136583430296, 1.8287983773432719, 0.554097077555417]","[2.697192774788965, 4.348880000699561, 2.298867404883095, 0.09121092712175935]",2.845253531947293,2.031436044681204,0.813817487266089,0.0012879191170954,0.0003025159901961,0.2348874134878452,1.4492472655566402,120,24.69390077050776,3,Return from COBYLA because the objective function has been evaluated MAXFUN times.,True,SUCCESS,,False,0e87433b5b33ad10b58affe40162e1cbdbcd4bcb5ec45d9bd38c6222a5549a2f,False,170.2890625
phase2-p2-7369799dc8e309a9aff4,PREREGISTERED_HELDOUT_OBJECTIVE_CONFIRMATION,task-v2-d4d85eef1fda,g-28cd30a80498cca2,v2-S4-b002-g-28cd30a80498cca2,S4,D3,16,4.339358675904037,4.57763671875e-05,2207,P2_MEAN_ENERGY_PREPARATION,E_theta[H_C],2,COBYLA,120,"[4.119365739193051, 4.0465795222369225, 1.5369649905613294, 0.28561357469155796]","[5.866552036823496, 4.054429774955105, 2.4276390502697573, 0.11780333302026832]",2.715478037856732,1.5912839856036705,1.1241940522530616,0.0051102095822194,0.0013834943696131,0.2707314342697194,2.047797387885109,120,28.077813507057726,3,Return from COBYLA because the objective function has been evaluated MAXFUN times.,True,SUCCESS,,True,0e87433b5b33ad10b58affe40162e1cbdbcd4bcb5ec45d9bd38c6222a5549a2f,False,170.2890625
phase2-p2-f3266a8030e7520c031c,PREREGISTERED_HELDOUT_OBJECTIVE_CONFIRMATION,task-v2-d4d85eef1fda,g-28cd30a80498cca2,v2-S4-b002-g-28cd30a80498cca2,S4,D3,16,4.339358675904037,4.57763671875e-05,3301,P2_MEAN_ENERGY_PREPARATION,E_theta[H_C],2,COBYLA,120,"[2.8746040698350956, 3.2295534178963874, 1.3381083226815658, 0.4324890662459698]","[4.554441604155569, 3.6089509584807615, 2.323778307901617, 0.10772717990746283]",2.885625553257694,1.909186901586044,0.97643865167165,0.0006633025417124,0.0001030799306309,0.1554040941330701,1.1610703373808668,120,28.31140308734029,3,Return from COBYLA because the objective function has been evaluated MAXFUN times.,True,SUCCESS,,False,0e87433b5b33ad10b58affe40162e1cbdbcd4bcb5ec45d9bd38c6222a5549a2f,False,170.2890625
phase2-p2-7f02b487a32a73b70970,PREREGISTERED_HELDOUT_OBJECTIVE_CONFIRMATION,task-v2-45bf90adfb6d,g-28cd30a80498cca2,v2-S4-b002-g-28cd30a80498cca2,S4,D4,16,4.214419939295737,6.103515625e-05,1103,P2_MEAN_ENERGY_PREPARATION,E_theta[H_C],2,COBYLA,120,"[1.4361119332668082, 4.6766136583430296, 1.8287983773432719, 0.554097077555417]","[2.4861796837498202, 4.416761707551755, 2.256534029341015, 0.09381352769008516]",2.672267383819605,1.95998899479798,0.7122783890216255,0.0015878967188975,0.0002240997610858,0.1411299352274502,1.415242190616309,120,27.245122558437288,3,Return from COBYLA because the objective function has been evaluated MAXFUN times.,True,SUCCESS,,False,0e87433b5b33ad10b58affe40162e1cbdbcd4bcb5ec45d9bd38c6222a5549a2f,False,170.0703125
phase2-p2-a57b44bd2cb4233778cf,PREREGISTERED_HELDOUT_OBJECTIVE_CONFIRMATION,task-v2-45bf90adfb6d,g-28cd30a80498cca2,v2-S4-b002-g-28cd30a80498cca2,S4,D4,16,4.214419939295737,6.103515625e-05,2207,P2_MEAN_ENERGY_PREPARATION,E_theta[H_C],2,COBYLA,120,"[4.119365739193051, 4.0465795222369225, 1.5369649905613294, 0.28561357469155796]","[4.728979969686683, 3.357890549994677, 3.1456665228237224, -0.7513579929337773]",2.639292663567429,1.4445387781351773,1.194753885432252,0.0044840864198715,0.0009495742877405,0.2117653851478873,1.8660939132703367,120,29.771766495890915,3,Return from COBYLA because the objective function has been evaluated MAXFUN times.,True,SUCCESS,,True,0e87433b5b33ad10b58affe40162e1cbdbcd4bcb5ec45d9bd38c6222a5549a2f,False,170.0703125
phase2-p2-46cdfb05d552df25ff81,PREREGISTERED_HELDOUT_OBJECTIVE_CONFIRMATION,task-v2-45bf90adfb6d,g-28cd30a80498cca2,v2-S4-b002-g-28cd30a80498cca2,S4,D4,16,4.214419939295737,6.103515625e-05,3301,P2_MEAN_ENERGY_PREPARATION,E_theta[H_C],2,COBYLA,120,"[2.8746040698350956, 3.2295534178963874, 1.3381083226815658, 0.4324890662459698]","[2.462454025545072, 1.9683875779131499, 2.179684337381025, -0.1535819878130357]",2.8155634921504413,1.8454313551924584,0.9701321369579828,0.0021329256670945,0.0002259151024256,0.1059179444979769,1.5433956597553995,120,28.359683032147583,3,Return from COBYLA because the objective function has been evaluated MAXFUN times.,True,SUCCESS,,False,0e87433b5b33ad10b58affe40162e1cbdbcd4bcb5ec45d9bd38c6222a5549a2f,False,170.0703125
phase2-p2-675d56d84ddb62b94461,PREREGISTERED_HELDOUT_OBJECTIVE_CONFIRMATION,task-v2-980575647e27,g-28cd30a80498cca2,v2-S4-b002-g-28cd30a80498cca2,S4,D5,16,4.11750992628768,7.62939453125e-05,1103,P2_MEAN_ENERGY_PREPARATION,E_theta[H_C],2,COBYLA,120,"[1.4361119332668082, 4.6766136583430296, 1.8287983773432719, 0.554097077555417]","[2.4884397249973587, 4.439113417057299, 2.2503083142821176, 0.09267497471064902]",2.658068969018279,1.9543414563677424,0.7037275126505367,0.0017612536336355,0.0001863390555887,0.1057991035647211,1.3633318283972866,120,27.83228165935725,3,Return from COBYLA because the objective function has been evaluated MAXFUN times.,True,SUCCESS,,False,0e87433b5b33ad10b58affe40162e1cbdbcd4bcb5ec45d9bd38c6222a5549a2f,False,169.484375
phase2-p2-dc3af88a587cb66e8558,PREREGISTERED_HELDOUT_OBJECTIVE_CONFIRMATION,task-v2-980575647e27,g-28cd30a80498cca2,v2-S4-b002-g-28cd30a80498cca2,S4,D5,16,4.11750992628768,7.62939453125e-05,2207,P2_MEAN_ENERGY_PREPARATION,E_theta[H_C],2,COBYLA,120,"[4.119365739193051, 4.0465795222369225, 1.5369649905613294, 0.28561357469155796]","[4.663229466136584, 3.5977077851165293, 3.1388737208968656, -0.7366234573982307]",2.633203401607473,1.4551824476266433,1.1780209539808302,0.0073764136132943,0.0026443117435489,0.358482032350138,1.9853551869546129,120,28.12056129146368,3,Return from COBYLA because the objective function has been evaluated MAXFUN times.,True,SUCCESS,,True,0e87433b5b33ad10b58affe40162e1cbdbcd4bcb5ec45d9bd38c6222a5549a2f,False,169.484375
phase2-p2-26e16726fd6d653fd95c,PREREGISTERED_HELDOUT_OBJECTIVE_CONFIRMATION,task-v2-980575647e27,g-28cd30a80498cca2,v2-S4-b002-g-28cd30a80498cca2,S4,D5,16,4.11750992628768,7.62939453125e-05,3301,P2_MEAN_ENERGY_PREPARATION,E_theta[H_C],2,COBYLA,120,"[2.8746040698350956, 3.2295534178963874, 1.3381083226815658, 0.4324890662459698]","[2.4585848132702113, 2.046121412828243, 2.1669342469805377, -0.15470127350744237]",2.8103828548181613,1.8459337930564408,0.9644490617617208,0.0022396454573736,0.0001781991593147,0.079565789633367,1.4676891999374615,120,27.611483113840222,3,Return from COBYLA because the objective function has been evaluated MAXFUN times.,True,SUCCESS,,False,0e87433b5b33ad10b58affe40162e1cbdbcd4bcb5ec45d9bd38c6222a5549a2f,False,169.484375
phase2-p2-f4d6905daf67647a0638,PREREGISTERED_HELDOUT_OBJECTIVE_CONFIRMATION,task-v2-36c69f7819b3,g-28cd30a80498cca2,v2-S4-b002-g-28cd30a80498cca2,S4,D6,16,4.038328680240055,9.1552734375e-05,1103,P2_MEAN_ENERGY_PREPARATION,E_theta[H_C],2,COBYLA,120,"[1.4361119332668082, 4.6766136583430296, 1.8287983773432719, 0.554097077555417]","[2.0550566083261312, 4.466664262657591, 2.2096914581999685, 0.0986717446053571]",2.3811005038797424,1.8642194290078904,0.5168810748718518,0.0020921823947941,0.0002008926069536,0.0960205990899794,1.3589282235326534,120,28.66527638584376,3,Return from COBYLA because the objective function has been evaluated MAXFUN times.,True,SUCCESS,,False,0e87433b5b33ad10b58affe40162e1cbdbcd4bcb5ec45d9bd38c6222a5549a2f,False,169.54296875
phase2-p2-8660f66deefb206c249e,PREREGISTERED_HELDOUT_OBJECTIVE_CONFIRMATION,task-v2-36c69f7819b3,g-28cd30a80498cca2,v2-S4-b002-g-28cd30a80498cca2,S4,D6,16,4.038328680240055,9.1552734375e-05,2207,P2_MEAN_ENERGY_PREPARATION,E_theta[H_C],2,COBYLA,120,"[4.119365739193051, 4.0465795222369225, 1.5369649905613294, 0.28561357469155796]","[6.281779895005699, 4.0527830330260235, 2.4875987983806964, 0.10639530419125698]",2.5100672135665514,1.4230010506805175,1.087066162886034,0.0187651811028024,0.0036283253450776,0.1933541341914232,2.3116814403863435,120,29.60738648381084,3,Return from COBYLA because the objective function has been evaluated MAXFUN times.,True,SUCCESS,,True,0e87433b5b33ad10b58affe40162e1cbdbcd4bcb5ec45d9bd38c6222a5549a2f,False,169.54296875
phase2-p2-c54caa9d8bbdad16394b,PREREGISTERED_HELDOUT_OBJECTIVE_CONFIRMATION,task-v2-36c69f7819b3,g-28cd30a80498cca2,v2-S4-b002-g-28cd30a80498cca2,S4,D6,16,4.038328680240055,9.1552734375e-05,3301,P2_MEAN_ENERGY_PREPARATION,E_theta[H_C],2,COBYLA,120,"[2.8746040698350956, 3.2295534178963874, 1.3381083226815658, 0.4324890662459698]","[1.3089838820962254, 1.7636028181668162, 2.913791648062693, -0.774693785677647]",2.691132681579146,1.6265373661540472,1.0645953154250989,0.0004469810418101,4.834083935212723e-05,0.1081496413278675,0.6886177836587251,120,28.3128116466105,3,Return from COBYLA because the objective function has been evaluated MAXFUN times.,True,SUCCESS,,False,0e87433b5b33ad10b58affe40162e1cbdbcd4bcb5ec45d9bd38c6222a5549a2f,False,169.54296875
phase2-p2-8fec033c9dde58ce717b,PREREGISTERED_HELDOUT_OBJECTIVE_CONFIRMATION,task-v2-05a98ad7eaff,g-28cd30a80498cca2,v2-S4-b002-g-28cd30a80498cca2,S4,D7,16,3.9133899436317554,0.0001220703125,1103,P2_MEAN_ENERGY_PREPARATION,E_theta[H_C],2,COBYLA,120,"[1.4361119332668082, 4.6766136583430296, 1.8287983773432719, 0.554097077555417]","[1.8713426999869849, 4.330594531828492, 2.26184179131603, 0.08731216328746184]",2.184129589439864,1.790020219447317,0.3941093699925471,0.0020017334517313,0.0002187513268636,0.1092809468085945,1.2147961905267182,120,27.69061719905585,3,Return from COBYLA because the objective function has been evaluated MAXFUN times.,True,SUCCESS,,False,0e87433b5b33ad10b58affe40162e1cbdbcd4bcb5ec45d9bd38c6222a5549a2f,False,170.31640625
phase2-p2-c1d171816d8e63991423,PREREGISTERED_HELDOUT_OBJECTIVE_CONFIRMATION,task-v2-05a98ad7eaff,g-28cd30a80498cca2,v2-S4-b002-g-28cd30a80498cca2,S4,D7,16,3.9133899436317554,0.0001220703125,2207,P2_MEAN_ENERGY_PREPARATION,E_theta[H_C],2,COBYLA,120,"[4.119365739193051, 4.0465795222369225, 1.5369649905613294, 0.28561357469155796]","[2.380442360631327, 5.419259052850547, 2.758173553819445, -0.6376810326120894]",2.381842807069732,1.5381061106048664,0.8437366964648654,0.0034115029939045,0.0004608150329367,0.1350768367373881,1.4463357003808022,120,26.74609244428575,3,Return from COBYLA because the objective function has been evaluated MAXFUN times.,True,SUCCESS,,False,0e87433b5b33ad10b58affe40162e1cbdbcd4bcb5ec45d9bd38c6222a5549a2f,False,170.31640625
phase2-p2-f3698b63b65a2f6e1c21,PREREGISTERED_HELDOUT_OBJECTIVE_CONFIRMATION,task-v2-05a98ad7eaff,g-28cd30a80498cca2,v2-S4-b002-g-28cd30a80498cca2,S4,D7,16,3.9133899436317554,0.0001220703125,3301,P2_MEAN_ENERGY_PREPARATION,E_theta[H_C],2,COBYLA,120,"[2.8746040698350956, 3.2295534178963874, 1.3381083226815658, 0.4324890662459698]","[3.0075979549436584, 4.136334052422279, 3.16660403981017, -0.7057867627325745]",2.498921002226244,1.3310949716405198,1.1678260305857244,0.0099143936439593,0.0021172332214102,0.2135514583587542,1.909656101897224,120,27.39754837285728,3,Return from COBYLA because the objective function has been evaluated MAXFUN times.,True,SUCCESS,,True,0e87433b5b33ad10b58affe40162e1cbdbcd4bcb5ec45d9bd38c6222a5549a2f,False,170.31640625
phase2-p2-4645a5182209c4ef23c8,PREREGISTERED_HELDOUT_OBJECTIVE_CONFIRMATION,task-v2-9e1a55247e55,g-f6afb3a3727100d3,v2-S4-b003-g-f6afb3a3727100d3,S4,D1,16,4.816479930623699,1.52587890625e-05,1103,P2_MEAN_ENERGY_PREPARATION,E_theta[H_C],2,COBYLA,120,"[1.4361119332668082, 4.6766136583430296, 1.8287983773432719, 0.554097077555417]","[2.4352527842954057, 5.004058253480508, 3.790926959788872, -1.025865043520479]",3.1943211477948674,1.5318932218635142,1.6624279259313532,0.0001944790733214,0.0001944790733214,1.0,1.1053528070824976,120,28.19644516054541,3,Return from COBYLA because the objective function has been evaluated MAXFUN times.,True,SUCCESS,,True,0e87433b5b33ad10b58affe40162e1cbdbcd4bcb5ec45d9bd38c6222a5549a2f,False,170.171875
phase2-p2-ca3b6a9b7888d9a76ad8,PREREGISTERED_HELDOUT_OBJECTIVE_CONFIRMATION,task-v2-9e1a55247e55,g-f6afb3a3727100d3,v2-S4-b003-g-f6afb3a3727100d3,S4,D1,16,4.816479930623699,1.52587890625e-05,2207,P2_MEAN_ENERGY_PREPARATION,E_theta[H_C],2,COBYLA,120,"[4.119365739193051, 4.0465795222369225, 1.5369649905613294, 0.28561357469155796]","[5.094937632029409, 4.128818953341761, 2.347207680468264, 0.12909119793817941]",2.916209626995311,1.7142252605392585,1.2019843664560528,0.0013447226756292,0.0013447226756292,1.0,1.9451126589306325,120,27.93046164233237,3,Return from COBYLA because the objective function has been evaluated MAXFUN times.,True,SUCCESS,,False,0e87433b5b33ad10b58affe40162e1cbdbcd4bcb5ec45d9bd38c6222a5549a2f,False,170.171875
phase2-p2-d89eebc9e22ca403a488,PREREGISTERED_HELDOUT_OBJECTIVE_CONFIRMATION,task-v2-9e1a55247e55,g-f6afb3a3727100d3,v2-S4-b003-g-f6afb3a3727100d3,S4,D1,16,4.816479930623699,1.52587890625e-05,3301,P2_MEAN_ENERGY_PREPARATION,E_theta[H_C],2,COBYLA,120,"[2.8746040698350956, 3.2295534178963874, 1.3381083226815658, 0.4324890662459698]","[5.080101990074161, 1.75552374883854, 2.3807226533782684, -0.17037712656162246]",3.147168115881816,1.6960567121064407,1.4511114037753752,0.0011549504462355,0.0011549504462355,1.0,1.8790432816153744,120,28.64851562678814,3,Return from COBYLA because the objective function has been evaluated MAXFUN times.,True,SUCCESS,,False,0e87433b5b33ad10b58affe40162e1cbdbcd4bcb5ec45d9bd38c6222a5549a2f,False,170.171875
phase2-p2-537c7c99290011eb0157,PREREGISTERED_HELDOUT_OBJECTIVE_CONFIRMATION,task-v2-eb5609efbad0,g-f6afb3a3727100d3,v2-S4-b003-g-f6afb3a3727100d3,S4,D2,16,4.515449934959718,3.0517578125e-05,1103,P2_MEAN_ENERGY_PREPARATION,E_theta[H_C],2,COBYLA,120,"[1.4361119332668082, 4.6766136583430296, 1.8287983773432719, 0.554097077555417]","[2.505120859267573, 5.176557740148786, 3.8354844558961405, -1.0579823896236475]",3.1874747375560126,1.506771204358971,1.6807035331970417,0.0003026880397481,8.748031993656713e-05,0.2890114852551333,0.9964451957774836,120,28.54204162582755,3,Return from COBYLA because the objective function has been evaluated MAXFUN times.,True,SUCCESS,,True,0e87433b5b33ad10b58affe40162e1cbdbcd4bcb5ec45d9bd38c6222a5549a2f,False,172.2734375
phase2-p2-33584855bfd37b0ba710,PREREGISTERED_HELDOUT_OBJECTIVE_CONFIRMATION,task-v2-eb5609efbad0,g-f6afb3a3727100d3,v2-S4-b003-g-f6afb3a3727100d3,S4,D2,16,4.515449934959718,3.0517578125e-05,2207,P2_MEAN_ENERGY_PREPARATION,E_theta[H_C],2,COBYLA,120,"[4.119365739193051, 4.0465795222369225, 1.5369649905613294, 0.28561357469155796]","[5.305370556478654, 4.0417581174654655, 2.363100516138154, 0.13859196336162913]",2.912072539902617,1.679254624137409,1.2328179157652082,0.0028875200365761,0.0013178042820359,0.4563792684876221,1.975974941451006,120,27.62851586844772,3,Return from COBYLA because the objective function has been evaluated MAXFUN times.,True,SUCCESS,,False,0e87433b5b33ad10b58affe40162e1cbdbcd4bcb5ec45d9bd38c6222a5549a2f,False,172.2734375
phase2-p2-1ab9d284970ef9ff8fa0,PREREGISTERED_HELDOUT_OBJECTIVE_CONFIRMATION,task-v2-eb5609efbad0,g-f6afb3a3727100d3,v2-S4-b003-g-f6afb3a3727100d3,S4,D2,16,4.515449934959718,3.0517578125e-05,3301,P2_MEAN_ENERGY_PREPARATION,E_theta[H_C],2,COBYLA,120,"[2.8746040698350956, 3.2295534178963874, 1.3381083226815658, 0.4324890662459698]","[4.743893741506191, 3.8856560453247377, 2.3442307822984483, 0.1360327952704197]",3.142522085504942,1.7727272581367135,1.3697948273682283,0.0016086570346261,0.0007250669466787,0.4507281111335648,1.721913397426648,120,27.867979981936514,3,Return from COBYLA because the objective function has been evaluated MAXFUN times.,True,SUCCESS,,False,0e87433b5b33ad10b58affe40162e1cbdbcd4bcb5ec45d9bd38c6222a5549a2f,False,172.2734375
phase2-p2-7a6b714187762c679065,PREREGISTERED_HELDOUT_OBJECTIVE_CONFIRMATION,task-v2-41fa72c23442,g-f6afb3a3727100d3,v2-S4-b003-g-f6afb3a3727100d3,S4,D3,16,4.339358675904037,4.57763671875e-05,1103,P2_MEAN_ENERGY_PREPARATION,E_theta[H_C],2,COBYLA,120,"[1.4361119332668082, 4.6766136583430296, 1.8287983773432719, 0.554097077555417]","[2.4808537292378947, 5.508083017547274, 3.8728239157427775, -1.0478925231509588]",3.141553705142198,1.4645241949957035,1.6770295101464945,0.0004148379538564,3.071359839730399e-05,0.0740375804860141,0.9572371593886227,120,27.92296903114766,3,Return from COBYLA because the objective function has been evaluated MAXFUN times.,True,SUCCESS,,True,0e87433b5b33ad10b58affe40162e1cbdbcd4bcb5ec45d9bd38c6222a5549a2f,False,172.44140625
phase2-p2-ceb6199d00be006ac7c7,PREREGISTERED_HELDOUT_OBJECTIVE_CONFIRMATION,task-v2-41fa72c23442,g-f6afb3a3727100d3,v2-S4-b003-g-f6afb3a3727100d3,S4,D3,16,4.339358675904037,4.57763671875e-05,2207,P2_MEAN_ENERGY_PREPARATION,E_theta[H_C],2,COBYLA,120,"[4.119365739193051, 4.0465795222369225, 1.5369649905613294, 0.28561357469155796]","[5.527086308593083, 4.157907030331952, 2.3926107620394563, 0.1135221999413155]",2.885336949007782,1.6136848161881003,1.2716521328196817,0.0075688199121978,0.003164711965154,0.4181248862922178,2.218386847930919,120,28.039593452587724,3,Return from COBYLA because the objective function has been evaluated MAXFUN times.,True,SUCCESS,,False,0e87433b5b33ad10b58affe40162e1cbdbcd4bcb5ec45d9bd38c6222a5549a2f,False,172.44140625
phase2-p2-549b6bf7b68f0c681f0c,PREREGISTERED_HELDOUT_OBJECTIVE_CONFIRMATION,task-v2-41fa72c23442,g-f6afb3a3727100d3,v2-S4-b003-g-f6afb3a3727100d3,S4,D3,16,4.339358675904037,4.57763671875e-05,3301,P2_MEAN_ENERGY_PREPARATION,E_theta[H_C],2,COBYLA,120,"[2.8746040698350956, 3.2295534178963874, 1.3381083226815658, 0.4324890662459698]","[4.7230210130628905, 4.181654165435752, 2.3227030976554985, 0.12835539472737206]",3.111510591425671,1.7318268534606454,1.3796837379650255,0.0049676383877012,0.0021652944140095,0.43588003896787,2.035508650362864,120,27.64535739272833,3,Return from COBYLA because the objective function has been evaluated MAXFUN times.,True,SUCCESS,,False,0e87433b5b33ad10b58affe40162e1cbdbcd4bcb5ec45d9bd38c6222a5549a2f,False,172.44140625
phase2-p2-a0b16d4d225cdd43dc2d,PREREGISTERED_HELDOUT_OBJECTIVE_CONFIRMATION,task-v2-e6a20043db41,g-f6afb3a3727100d3,v2-S4-b003-g-f6afb3a3727100d3,S4,D4,16,4.214419939295737,6.103515625e-05,1103,P2_MEAN_ENERGY_PREPARATION,E_theta[H_C],2,COBYLA,120,"[1.4361119332668082, 4.6766136583430296, 1.8287983773432719, 0.554097077555417]","[4.025077125521194, 4.293291254369431, 2.338053408451614, 0.11948288243276295]",3.13821895967737,1.8607803468395023,1.277438612837868,0.0055298269370486,0.0020240227218866,0.3660191801530241,1.957131479016188,120,27.41156217548996,3,Return from COBYLA because the objective function has been evaluated MAXFUN times.,True,SUCCESS,,False,0e87433b5b33ad10b58affe40162e1cbdbcd4bcb5ec45d9bd38c6222a5549a2f,False,172.27734375
phase2-p2-3d72c5971a30dd8b7a3f,PREREGISTERED_HELDOUT_OBJECTIVE_CONFIRMATION,task-v2-e6a20043db41,g-f6afb3a3727100d3,v2-S4-b003-g-f6afb3a3727100d3,S4,D4,16,4.214419939295737,6.103515625e-05,2207,P2_MEAN_ENERGY_PREPARATION,E_theta[H_C],2,COBYLA,120,"[4.119365739193051, 4.0465795222369225, 1.5369649905613294, 0.28561357469155796]","[5.314033109584099, 4.11772003668319, 2.395926621917823, 0.12933298048295305]",2.883565259464327,1.636692225691875,1.2468730337724518,0.0092107175497636,0.0033764063201503,0.3665736466142089,2.1787134039946507,120,27.99552102573216,3,Return from COBYLA because the objective function has been evaluated MAXFUN times.,True,SUCCESS,,True,0e87433b5b33ad10b58affe40162e1cbdbcd4bcb5ec45d9bd38c6222a5549a2f,False,172.27734375
phase2-p2-54f05838e04c9e6cd963,PREREGISTERED_HELDOUT_OBJECTIVE_CONFIRMATION,task-v2-e6a20043db41,g-f6afb3a3727100d3,v2-S4-b003-g-f6afb3a3727100d3,S4,D4,16,4.214419939295737,6.103515625e-05,3301,P2_MEAN_ENERGY_PREPARATION,E_theta[H_C],2,COBYLA,120,"[2.8746040698350956, 3.2295534178963874, 1.3381083226815658, 0.4324890662459698]","[4.462479812954391, 3.998820847390326, 2.3601697078696295, 0.13827230400061744]",3.109131447266182,1.7781889367895058,1.330942510476676,0.0058663471752437,0.0023671461367844,0.4035127935785768,1.982787700604948,120,27.89509468432516,3,Return from COBYLA because the objective function has been evaluated MAXFUN times.,True,SUCCESS,,False,0e87433b5b33ad10b58affe40162e1cbdbcd4bcb5ec45d9bd38c6222a5549a2f,False,172.27734375
phase2-p2-4e4074f5056442a27585,PREREGISTERED_HELDOUT_OBJECTIVE_CONFIRMATION,task-v2-db534d0b262a,g-f6afb3a3727100d3,v2-S4-b003-g-f6afb3a3727100d3,S4,D5,16,4.038328680240055,9.1552734375e-05,1103,P2_MEAN_ENERGY_PREPARATION,E_theta[H_C],2,COBYLA,120,"[1.4361119332668082, 4.6766136583430296, 1.8287983773432719, 0.554097077555417]","[2.0007327207468992, 4.71721331833983, 3.25807128093965, -0.7894164491222514]",3.054331224885318,1.54457869196899,1.509752532916328,0.0056399697367523,0.001362582053881,0.2415938590950118,1.7896054538693709,120,28.049880689010024,3,Return from COBYLA because the objective function has been evaluated MAXFUN times.,True,SUCCESS,,True,0e87433b5b33ad10b58affe40162e1cbdbcd4bcb5ec45d9bd38c6222a5549a2f,False,171.66015625
phase2-p2-d9454f5e2b0d9fb9ca97,PREREGISTERED_HELDOUT_OBJECTIVE_CONFIRMATION,task-v2-db534d0b262a,g-f6afb3a3727100d3,v2-S4-b003-g-f6afb3a3727100d3,S4,D5,16,4.038328680240055,9.1552734375e-05,2207,P2_MEAN_ENERGY_PREPARATION,E_theta[H_C],2,COBYLA,120,"[4.119365739193051, 4.0465795222369225, 1.5369649905613294, 0.28561357469155796]","[5.354437052684387, 4.0359184236509895, 2.4112164474666073, 0.13278730491392096]",2.839172930064433,1.5865100176296836,1.25266291243475,0.0142725707132295,0.0039385432291497,0.2759519156208515,2.1928308836293606,120,28.54223252274096,3,Return from COBYLA because the objective function has been evaluated MAXFUN times.,True,SUCCESS,,False,0e87433b5b33ad10b58affe40162e1cbdbcd4bcb5ec45d9bd38c6222a5549a2f,False,171.66015625
phase2-p2-0fc445cc08646b755433,PREREGISTERED_HELDOUT_OBJECTIVE_CONFIRMATION,task-v2-db534d0b262a,g-f6afb3a3727100d3,v2-S4-b003-g-f6afb3a3727100d3,S4,D5,16,4.038328680240055,9.1552734375e-05,3301,P2_MEAN_ENERGY_PREPARATION,E_theta[H_C],2,COBYLA,120,"[2.8746040698350956, 3.2295534178963874, 1.3381083226815658, 0.4324890662459698]","[3.988134019379764, 3.8954490815581955, 2.363171680632048, 0.12122598730615165]",3.054827351630537,1.8269960498951328,1.227831301735404,0.0065870337404863,0.0018538421358364,0.2814380810655461,1.8570185682556584,120,29.139091733843088,3,Return from COBYLA because the objective function has been evaluated MAXFUN times.,True,SUCCESS,,False,0e87433b5b33ad10b58affe40162e1cbdbcd4bcb5ec45d9bd38c6222a5549a2f,False,171.66015625
phase2-p2-798f1e754cfd53270330,PREREGISTERED_HELDOUT_OBJECTIVE_CONFIRMATION,task-v2-6372d6a2314d,g-f6afb3a3727100d3,v2-S4-b003-g-f6afb3a3727100d3,S4,D6,16,3.9133899436317554,0.0001220703125,1103,P2_MEAN_ENERGY_PREPARATION,E_theta[H_C],2,COBYLA,120,"[1.4361119332668082, 4.6766136583430296, 1.8287983773432719, 0.554097077555417]","[2.4603842333597443, 4.301063561177983, 3.206889893866498, -0.7530109299615175]",2.9000748436274093,1.4523435011458632,1.447731342481546,0.0079342542358284,0.0014594222808429,0.1839394399857689,1.8128960560099163,73,16.270704865455627,0,Return from COBYLA because the trust region radius reaches its lower bound.,True,SUCCESS,,True,0e87433b5b33ad10b58affe40162e1cbdbcd4bcb5ec45d9bd38c6222a5549a2f,False,172.234375
phase2-p2-344adf4118b60fe08b66,PREREGISTERED_HELDOUT_OBJECTIVE_CONFIRMATION,task-v2-6372d6a2314d,g-f6afb3a3727100d3,v2-S4-b003-g-f6afb3a3727100d3,S4,D6,16,3.9133899436317554,0.0001220703125,2207,P2_MEAN_ENERGY_PREPARATION,E_theta[H_C],2,COBYLA,120,"[4.119365739193051, 4.0465795222369225, 1.5369649905613294, 0.28561357469155796]","[5.649403799042339, 4.034415605567641, 2.462047724549817, 0.11265709780449998]",2.758456401064604,1.493920118393282,1.264536282671322,0.0217802415039807,0.0044414362158924,0.2039204301330039,2.251452634628404,120,27.86259794980288,3,Return from COBYLA because the objective function has been evaluated MAXFUN times.,True,SUCCESS,,False,0e87433b5b33ad10b58affe40162e1cbdbcd4bcb5ec45d9bd38c6222a5549a2f,False,172.234375
phase2-p2-813d0319a8f0de3ac75c,PREREGISTERED_HELDOUT_OBJECTIVE_CONFIRMATION,task-v2-6372d6a2314d,g-f6afb3a3727100d3,v2-S4-b003-g-f6afb3a3727100d3,S4,D6,16,3.9133899436317554,0.0001220703125,3301,P2_MEAN_ENERGY_PREPARATION,E_theta[H_C],2,COBYLA,120,"[2.8746040698350956, 3.2295534178963874, 1.3381083226815658, 0.4324890662459698]","[4.911370728045645, 3.7706308962972734, 2.4333867514261813, 0.12670810478848987]",2.96313796448928,1.6462526140948548,1.3168853503944251,0.0139738155289016,0.0031185935589546,0.223174089603844,2.058704949380702,120,28.40387922897935,3,Return from COBYLA because the objective function has been evaluated MAXFUN times.,True,SUCCESS,,False,0e87433b5b33ad10b58affe40162e1cbdbcd4bcb5ec45d9bd38c6222a5549a2f,False,172.234375
phase2-p2-d2f604f5a5dc83b41b36,PREREGISTERED_HELDOUT_OBJECTIVE_CONFIRMATION,task-v2-cb6317a18cf3,g-f6afb3a3727100d3,v2-S4-b003-g-f6afb3a3727100d3,S4,D7,16,3.816479930623699,0.000152587890625,1103,P2_MEAN_ENERGY_PREPARATION,E_theta[H_C],2,COBYLA,120,"[1.4361119332668082, 4.6766136583430296, 1.8287983773432719, 0.554097077555417]","[1.808006092201143, 4.492438204744071, 2.255546188067814, 0.10251294617731686]",2.159765611586325,1.7363973590498931,0.4233682525364317,0.0045607011246916,0.0007285817865413,0.1597521448175547,1.4755115432833654,120,28.071370103396475,3,Return from COBYLA because the objective function has been evaluated MAXFUN times.,True,SUCCESS,,False,0e87433b5b33ad10b58affe40162e1cbdbcd4bcb5ec45d9bd38c6222a5549a2f,False,171.72265625
phase2-p2-1cb648b73bdfa664798d,PREREGISTERED_HELDOUT_OBJECTIVE_CONFIRMATION,task-v2-cb6317a18cf3,g-f6afb3a3727100d3,v2-S4-b003-g-f6afb3a3727100d3,S4,D7,16,3.816479930623699,0.000152587890625,2207,P2_MEAN_ENERGY_PREPARATION,E_theta[H_C],2,COBYLA,120,"[4.119365739193051, 4.0465795222369225, 1.5369649905613294, 0.28561357469155796]","[5.967446599410733, 7.049525663741324, 2.6235226018942477, -0.23850154577660865]",2.449030685739845,1.2297508625026716,1.219279823237173,0.0427030370865366,0.0068644918064695,0.1607494987431192,2.4469386942440114,120,29.1117298072204,3,Return from COBYLA because the objective function has been evaluated MAXFUN times.,True,SUCCESS,,True,0e87433b5b33ad10b58affe40162e1cbdbcd4bcb5ec45d9bd38c6222a5549a2f,False,171.72265625
phase2-p2-3e72b0e960bf2a47d36b,PREREGISTERED_HELDOUT_OBJECTIVE_CONFIRMATION,task-v2-cb6317a18cf3,g-f6afb3a3727100d3,v2-S4-b003-g-f6afb3a3727100d3,S4,D7,16,3.816479930623699,0.000152587890625,3301,P2_MEAN_ENERGY_PREPARATION,E_theta[H_C],2,COBYLA,120,"[2.8746040698350956, 3.2295534178963874, 1.3381083226815658, 0.4324890662459698]","[2.4337295129132395, 4.588293772594844, 3.15172859574001, -0.6524551692039726]",2.626786228366833,1.312050154289302,1.3147360740775311,0.0148190912872707,0.0027192060114503,0.1834934382100809,1.987301503968513,120,28.699445962905884,3,Return from COBYLA because the objective function has been evaluated MAXFUN times.,True,SUCCESS,,False,0e87433b5b33ad10b58affe40162e1cbdbcd4bcb5ec45d9bd38c6222a5549a2f,False,171.72265625
phase2-p2-a4b72a6349d11ca60a58,PREREGISTERED_HELDOUT_OBJECTIVE_CONFIRMATION,task-v2-9bb6197d70f9,g-2fa0de1665fa7816,v2-S4-b004-g-2fa0de1665fa7816,S4,D1,16,4.816479930623699,1.52587890625e-05,1103,P2_MEAN_ENERGY_PREPARATION,E_theta[H_C],2,COBYLA,120,"[1.4361119332668082, 4.6766136583430296, 1.8287983773432719, 0.554097077555417]","[3.127483535907625, 4.656259202799176, 3.224374635633533, -0.8008402477239163]",2.996047332497809,1.6410953919993636,1.3549519404984456,0.0010942019192073,0.0010942019192073,1.0,1.8555774028092769,120,29.090983879752457,3,Return from COBYLA because the objective function has been evaluated MAXFUN times.,True,SUCCESS,,True,0e87433b5b33ad10b58affe40162e1cbdbcd4bcb5ec45d9bd38c6222a5549a2f,False,172.46875
phase2-p2-435e84740623eaafbfcc,PREREGISTERED_HELDOUT_OBJECTIVE_CONFIRMATION,task-v2-9bb6197d70f9,g-2fa0de1665fa7816,v2-S4-b004-g-2fa0de1665fa7816,S4,D1,16,4.816479930623699,1.52587890625e-05,2207,P2_MEAN_ENERGY_PREPARATION,E_theta[H_C],2,COBYLA,120,"[4.119365739193051, 4.0465795222369225, 1.5369649905613294, 0.28561357469155796]","[5.71934780628986, 4.1993414073769095, 2.3496140312318152, 0.12068636866834255]",2.7953780518012667,1.7295223528345718,1.065855698966695,0.0013503604756833,0.0013503604756833,1.0,1.9469296485280232,120,28.35870754159987,3,Return from COBYLA because the objective function has been evaluated MAXFUN times.,True,SUCCESS,,False,0e87433b5b33ad10b58affe40162e1cbdbcd4bcb5ec45d9bd38c6222a5549a2f,False,172.46875
phase2-p2-23882fd30f09c9f3489d,PREREGISTERED_HELDOUT_OBJECTIVE_CONFIRMATION,task-v2-9bb6197d70f9,g-2fa0de1665fa7816,v2-S4-b004-g-2fa0de1665fa7816,S4,D1,16,4.816479930623699,1.52587890625e-05,3301,P2_MEAN_ENERGY_PREPARATION,E_theta[H_C],2,COBYLA,120,"[2.8746040698350956, 3.2295534178963874, 1.3381083226815658, 0.4324890662459698]","[5.346921456623259, 1.7470349019506681, 2.4233820797449894, -0.1984269749374941]",2.9478820050709027,1.7305124062393724,1.2173695988315305,0.0009059866839349,0.0009059866839349,1.0,1.7736017451481298,120,28.35042196232825,3,Return from COBYLA because the objective function has been evaluated MAXFUN times.,True,SUCCESS,,False,0e87433b5b33ad10b58affe40162e1cbdbcd4bcb5ec45d9bd38c6222a5549a2f,False,172.46875
phase2-p2-cc9ac3a18bdedaafe3b1,PREREGISTERED_HELDOUT_OBJECTIVE_CONFIRMATION,task-v2-d50991f4f8ba,g-2fa0de1665fa7816,v2-S4-b004-g-2fa0de1665fa7816,S4,D2,16,4.515449934959718,3.0517578125e-05,1103,P2_MEAN_ENERGY_PREPARATION,E_theta[H_C],2,COBYLA,120,"[1.4361119332668082, 4.6766136583430296, 1.8287983773432719, 0.554097077555417]","[2.508547762340728, 5.129576770733979, 3.2184159734992104, -0.8031899622379374]",2.947004271614719,1.5903820670643054,1.3566222045504135,0.0024258884834341,0.0012853326512625,0.5298399576236639,1.9003207677053064,120,28.250370625406504,3,Return from COBYLA because the objective function has been evaluated MAXFUN times.,True,SUCCESS,,True,0e87433b5b33ad10b58affe40162e1cbdbcd4bcb5ec45d9bd38c6222a5549a2f,False,172.3203125
phase2-p2-8894e983481a875d4535,PREREGISTERED_HELDOUT_OBJECTIVE_CONFIRMATION,task-v2-d50991f4f8ba,g-2fa0de1665fa7816,v2-S4-b004-g-2fa0de1665fa7816,S4,D2,16,4.515449934959718,3.0517578125e-05,2207,P2_MEAN_ENERGY_PREPARATION,E_theta[H_C],2,COBYLA,120,"[4.119365739193051, 4.0465795222369225, 1.5369649905613294, 0.28561357469155796]","[5.242738245048989, 4.101704251914106, 2.3381663122325804, 0.11647159203896694]",2.7650216403002927,1.7785590613024151,0.9864625789978776,0.0022831403397225,0.0011043370806975,0.4836921592089633,1.8739825424174867,120,27.24442443717271,3,Return from COBYLA because the objective function has been evaluated MAXFUN times.,True,SUCCESS,,False,0e87433b5b33ad10b58affe40162e1cbdbcd4bcb5ec45d9bd38c6222a5549a2f,False,172.3203125
phase2-p2-cbc6dbf64f5ba34e58b8,PREREGISTERED_HELDOUT_OBJECTIVE_CONFIRMATION,task-v2-d50991f4f8ba,g-2fa0de1665fa7816,v2-S4-b004-g-2fa0de1665fa7816,S4,D2,16,4.515449934959718,3.0517578125e-05,3301,P2_MEAN_ENERGY_PREPARATION,E_theta[H_C],2,COBYLA,120,"[2.8746040698350956, 3.2295534178963874, 1.3381083226815658, 0.4324890662459698]","[4.536438518590438, 1.8066852188550724, 2.367741892158584, -0.15760175626264927]",2.9154705589716303,1.8165131183668737,1.0989574406047566,0.0018736119532414,0.0008721991243307,0.4655174849956488,1.788129583402266,120,28.7315074224025,3,Return from COBYLA because the objective function has been evaluated MAXFUN times.,True,SUCCESS,,False,0e87433b5b33ad10b58affe40162e1cbdbcd4bcb5ec45d9bd38c6222a5549a2f,False,172.3203125
phase2-p2-2836b11ffe6952ed0e48,PREREGISTERED_HELDOUT_OBJECTIVE_CONFIRMATION,task-v2-51e0b98b7ef5,g-2fa0de1665fa7816,v2-S4-b004-g-2fa0de1665fa7816,S4,D3,16,4.339358675904037,4.57763671875e-05,1103,P2_MEAN_ENERGY_PREPARATION,E_theta[H_C],2,COBYLA,120,"[1.4361119332668082, 4.6766136583430296, 1.8287983773432719, 0.554097077555417]","[2.638651615375876, 5.072705033746049, 3.1889484219289534, -0.77126827750197]",2.9249304293902587,1.5652295288910631,1.3597009004991956,0.0056568066105234,0.0027227066726211,0.4813151412240295,2.091930007655204,120,26.187602086924016,3,Return from COBYLA because the objective function has been evaluated MAXFUN times.,True,SUCCESS,,True,0e87433b5b33ad10b58affe40162e1cbdbcd4bcb5ec45d9bd38c6222a5549a2f,False,172.2734375
phase2-p2-1628509fb02d3acc6555,PREREGISTERED_HELDOUT_OBJECTIVE_CONFIRMATION,task-v2-51e0b98b7ef5,g-2fa0de1665fa7816,v2-S4-b004-g-2fa0de1665fa7816,S4,D3,16,4.339358675904037,4.57763671875e-05,2207,P2_MEAN_ENERGY_PREPARATION,E_theta[H_C],2,COBYLA,120,"[4.119365739193051, 4.0465795222369225, 1.5369649905613294, 0.28561357469155796]","[6.028735776899948, 4.041933053633579, 2.4014041031671423, 0.1223282140158244]",2.75118156537374,1.6170892288996823,1.1340923364740572,0.0064346509636883,0.0024436617615958,0.3797660161189342,2.147883670243858,120,18.097516044974327,3,Return from COBYLA because the objective function has been evaluated MAXFUN times.,True,SUCCESS,,False,0e87433b5b33ad10b58affe40162e1cbdbcd4bcb5ec45d9bd38c6222a5549a2f,False,172.2734375
phase2-p2-b6549fae3cbdff696eb3,PREREGISTERED_HELDOUT_OBJECTIVE_CONFIRMATION,task-v2-51e0b98b7ef5,g-2fa0de1665fa7816,v2-S4-b004-g-2fa0de1665fa7816,S4,D3,16,4.339358675904037,4.57763671875e-05,3301,P2_MEAN_ENERGY_PREPARATION,E_theta[H_C],2,COBYLA,120,"[2.8746040698350956, 3.2295534178963874, 1.3381083226815658, 0.4324890662459698]","[4.572763307794866, 1.7357399075900504, 2.3816203832751386, -0.17041171932332264]",2.9010814152730737,1.804583191359304,1.0964982239137704,0.003034520557794,0.0010619530367732,0.3499574369485158,1.8214487599306528,120,20.374453057535,3,Return from COBYLA because the objective function has been evaluated MAXFUN times.,True,SUCCESS,,False,0e87433b5b33ad10b58affe40162e1cbdbcd4bcb5ec45d9bd38c6222a5549a2f,False,172.2734375
phase2-p2-95c3932b7e28d68713f9,PREREGISTERED_HELDOUT_OBJECTIVE_CONFIRMATION,task-v2-41f38ee1e3c2,g-2fa0de1665fa7816,v2-S4-b004-g-2fa0de1665fa7816,S4,D4,16,4.214419939295737,6.103515625e-05,1103,P2_MEAN_ENERGY_PREPARATION,E_theta[H_C],2,COBYLA,120,"[1.4361119332668082, 4.6766136583430296, 1.8287983773432719, 0.554097077555417]","[2.521813534073186, 4.83864030656817, 3.2009286867369373, -0.7754091238959955]",2.9033128396008614,1.5601549260357896,1.3431579135650715,0.0063248544650653,0.0025206518823003,0.3985312067215015,2.015470476140242,120,27.568408395163715,3,Return from COBYLA because the objective function has been evaluated MAXFUN times.,True,SUCCESS,,True,0e87433b5b33ad10b58affe40162e1cbdbcd4bcb5ec45d9bd38c6222a5549a2f,False,172.26953125
phase2-p2-a6372b47a02bd67aa53b,PREREGISTERED_HELDOUT_OBJECTIVE_CONFIRMATION,task-v2-41f38ee1e3c2,g-2fa0de1665fa7816,v2-S4-b004-g-2fa0de1665fa7816,S4,D4,16,4.214419939295737,6.103515625e-05,2207,P2_MEAN_ENERGY_PREPARATION,E_theta[H_C],2,COBYLA,120,"[4.119365739193051, 4.0465795222369225, 1.5369649905613294, 0.28561357469155796]","[5.226132884414249, 4.100924995697331, 2.3591621463220656, 0.1266274392531478]",2.738469645952238,1.760387211965246,0.9780824339869928,0.0064446472113176,0.002162330280853,0.3355234522466603,2.023619087770024,120,27.88787075690925,3,Return from COBYLA because the objective function has been evaluated MAXFUN times.,True,SUCCESS,,False,0e87433b5b33ad10b58affe40162e1cbdbcd4bcb5ec45d9bd38c6222a5549a2f,False,172.26953125
phase2-p2-19795b6d9b1fba0a57a5,PREREGISTERED_HELDOUT_OBJECTIVE_CONFIRMATION,task-v2-41f38ee1e3c2,g-2fa0de1665fa7816,v2-S4-b004-g-2fa0de1665fa7816,S4,D4,16,4.214419939295737,6.103515625e-05,3301,P2_MEAN_ENERGY_PREPARATION,E_theta[H_C],2,COBYLA,120,"[2.8746040698350956, 3.2295534178963874, 1.3381083226815658, 0.4324890662459698]","[4.970545341336824, 3.6278213896770133, 2.3864982171933247, 0.10572555233874499]",2.887572375736111,1.8385702938193675,1.0490020819167438,0.0024842868431829,0.0008104195060516,0.326218169321111,1.6096216786341706,120,27.64164042286575,3,Return from COBYLA because the objective function has been evaluated MAXFUN times.,True,SUCCESS,,False,0e87433b5b33ad10b58affe40162e1cbdbcd4bcb5ec45d9bd38c6222a5549a2f,False,172.26953125
phase2-p2-d8813c3c6639df83597e,PREREGISTERED_HELDOUT_OBJECTIVE_CONFIRMATION,task-v2-7a2c20a84cd2,g-2fa0de1665fa7816,v2-S4-b004-g-2fa0de1665fa7816,S4,D5,16,4.11750992628768,7.62939453125e-05,1103,P2_MEAN_ENERGY_PREPARATION,E_theta[H_C],2,COBYLA,120,"[1.4361119332668082, 4.6766136583430296, 1.8287983773432719, 0.554097077555417]","[2.586336370693386, 4.417507816376611, 2.2732168505570094, 0.09044178034825065]",2.660601312989676,1.95894756166756,0.7016537513221159,0.003077185077047,0.0008371621634674,0.2720545376720765,1.605663543927091,120,23.88467387948185,3,Return from COBYLA because the objective function has been evaluated MAXFUN times.,True,SUCCESS,,False,0e87433b5b33ad10b58affe40162e1cbdbcd4bcb5ec45d9bd38c6222a5549a2f,False,172.49609375
phase2-p2-ff78d2dbccd998113afe,PREREGISTERED_HELDOUT_OBJECTIVE_CONFIRMATION,task-v2-7a2c20a84cd2,g-2fa0de1665fa7816,v2-S4-b004-g-2fa0de1665fa7816,S4,D5,16,4.11750992628768,7.62939453125e-05,2207,P2_MEAN_ENERGY_PREPARATION,E_theta[H_C],2,COBYLA,120,"[4.119365739193051, 4.0465795222369225, 1.5369649905613294, 0.28561357469155796]","[6.07942152735703, 4.311681381957058, 2.384942319525683, 0.15117252768251294]",2.6212556993232417,1.5162450758716832,1.1050106234515584,0.0176483481324481,0.0059065294562919,0.3346788839365758,2.364213988389122,120,20.800733292475343,3,Return from COBYLA because the objective function has been evaluated MAXFUN times.,True,SUCCESS,,True,0e87433b5b33ad10b58affe40162e1cbdbcd4bcb5ec45d9bd38c6222a5549a2f,False,172.49609375
phase2-p2-2d899dcb68b9f1c9fd4e,PREREGISTERED_HELDOUT_OBJECTIVE_CONFIRMATION,task-v2-7a2c20a84cd2,g-2fa0de1665fa7816,v2-S4-b004-g-2fa0de1665fa7816,S4,D5,16,4.11750992628768,7.62939453125e-05,3301,P2_MEAN_ENERGY_PREPARATION,E_theta[H_C],2,COBYLA,120,"[2.8746040698350956, 3.2295534178963874, 1.3381083226815658, 0.4324890662459698]","[3.8174224876604383, 2.077652184432778, 2.1181672280410155, -0.14250378499159527]",2.768159923489224,1.8920467653222544,0.8761131581669694,0.0027851228841758,0.0008790777318716,0.3156333736174694,1.5623542880028636,120,20.35837199259549,3,Return from COBYLA because the objective function has been evaluated MAXFUN times.,True,SUCCESS,,False,0e87433b5b33ad10b58affe40162e1cbdbcd4bcb5ec45d9bd38c6222a5549a2f,False,172.49609375
phase2-p2-67d219a639bf32b5aa15,PREREGISTERED_HELDOUT_OBJECTIVE_CONFIRMATION,task-v2-c4754bf838d1,g-2fa0de1665fa7816,v2-S4-b004-g-2fa0de1665fa7816,S4,D6,16,4.038328680240055,9.1552734375e-05,1103,P2_MEAN_ENERGY_PREPARATION,E_theta[H_C],2,COBYLA,120,"[1.4361119332668082, 4.6766136583430296, 1.8287983773432719, 0.554097077555417]","[2.523470180792658, 4.449420371872638, 2.2809132109944152, 0.09574537792379512]",2.6597393856916303,1.962300146684492,0.6974392390071382,0.0033738531685975,0.0008614417822451,0.2553287707547691,1.5664548582396285,120,28.456768553704023,3,Return from COBYLA because the objective function has been evaluated MAXFUN times.,True,SUCCESS,,False,0e87433b5b33ad10b58affe40162e1cbdbcd4bcb5ec45d9bd38c6222a5549a2f,False,172.32421875
phase2-p2-e0a2cd939efb765ffa9f,PREREGISTERED_HELDOUT_OBJECTIVE_CONFIRMATION,task-v2-c4754bf838d1,g-2fa0de1665fa7816,v2-S4-b004-g-2fa0de1665fa7816,S4,D6,16,4.038328680240055,9.1552734375e-05,2207,P2_MEAN_ENERGY_PREPARATION,E_theta[H_C],2,COBYLA,120,"[4.119365739193051, 4.0465795222369225, 1.5369649905613294, 0.28561357469155796]","[5.989783310403395, 4.263795903724171, 2.4253317712406584, 0.11525036227546182]",2.620825076701092,1.5150756241330725,1.1057494525680196,0.017288017629608,0.0053032727779386,0.306760028336394,2.2760738769910853,120,28.528641821816564,3,Return from COBYLA because the objective function has been evaluated MAXFUN times.,True,SUCCESS,,True,0e87433b5b33ad10b58affe40162e1cbdbcd4bcb5ec45d9bd38c6222a5549a2f,False,172.32421875
phase2-p2-f67350ed191cfd1d17ab,PREREGISTERED_HELDOUT_OBJECTIVE_CONFIRMATION,task-v2-c4754bf838d1,g-2fa0de1665fa7816,v2-S4-b004-g-2fa0de1665fa7816,S4,D6,16,4.038328680240055,9.1552734375e-05,3301,P2_MEAN_ENERGY_PREPARATION,E_theta[H_C],2,COBYLA,120,"[2.8746040698350956, 3.2295534178963874, 1.3381083226815658, 0.4324890662459698]","[3.963002420856148, 2.159603093870252, 2.1157440592118464, -0.14045017014123048]",2.767810552045316,1.9025009668701407,0.8653095851751749,0.0026743122941544,0.0008224454181542,0.3075352941958172,1.4655408010825235,120,26.44545475207269,3,Return from COBYLA because the objective function has been evaluated MAXFUN times.,True,SUCCESS,,False,0e87433b5b33ad10b58affe40162e1cbdbcd4bcb5ec45d9bd38c6222a5549a2f,False,172.32421875
phase2-p2-671f49251b0e2610284d,PREREGISTERED_HELDOUT_OBJECTIVE_CONFIRMATION,task-v2-aefa943bb0f9,g-2fa0de1665fa7816,v2-S4-b004-g-2fa0de1665fa7816,S4,D7,16,3.9133899436317554,0.0001220703125,1103,P2_MEAN_ENERGY_PREPARATION,E_theta[H_C],2,COBYLA,120,"[1.4361119332668082, 4.6766136583430296, 1.8287983773432719, 0.554097077555417]","[1.977376688288721, 4.401634780919394, 2.2044107553851373, 0.09959222412280472]",2.199413870627306,1.7927120200007276,0.4067018506265785,0.0032429456653852,0.0007178621327563,0.2213611348530138,1.4243296158875045,120,23.59089531097561,3,Return from COBYLA because the objective function has been evaluated MAXFUN times.,True,SUCCESS,,False,0e87433b5b33ad10b58affe40162e1cbdbcd4bcb5ec45d9bd38c6222a5549a2f,False,171.69921875
phase2-p2-67b716bd4f2e70471c5f,PREREGISTERED_HELDOUT_OBJECTIVE_CONFIRMATION,task-v2-aefa943bb0f9,g-2fa0de1665fa7816,v2-S4-b004-g-2fa0de1665fa7816,S4,D7,16,3.9133899436317554,0.0001220703125,2207,P2_MEAN_ENERGY_PREPARATION,E_theta[H_C],2,COBYLA,120,"[4.119365739193051, 4.0465795222369225, 1.5369649905613294, 0.28561357469155796]","[1.887709331247042, 5.418746763423944, 3.1109426387875274, -0.6170049676969526]",2.4189113017839143,1.3808241420894325,1.038087159694482,0.0135615403308395,0.0034325944805438,0.2531124338979364,2.0456989634867027,120,21.21675950381905,3,Return from COBYLA because the objective function has been evaluated MAXFUN times.,True,SUCCESS,,True,0e87433b5b33ad10b58affe40162e1cbdbcd4bcb5ec45d9bd38c6222a5549a2f,False,171.69921875
phase2-p2-097173a8cf870d54ff87,PREREGISTERED_HELDOUT_OBJECTIVE_CONFIRMATION,task-v2-aefa943bb0f9,g-2fa0de1665fa7816,v2-S4-b004-g-2fa0de1665fa7816,S4,D7,16,3.9133899436317554,0.0001220703125,3301,P2_MEAN_ENERGY_PREPARATION,E_theta[H_C],2,COBYLA,120,"[2.8746040698350956, 3.2295534178963874, 1.3381083226815658, 0.4324890662459698]","[2.1406510451003804, 4.240846132415953, 2.1912547796478545, 0.09905244638189341]",2.5598989466821616,1.8011210722597015,0.75877787442246,0.0033934221635485,0.0007760858753671,0.2287030136431858,1.444027835665488,120,20.40434621274472,3,Return from COBYLA because the objective function has been evaluated MAXFUN times.,True,SUCCESS,,False,0e87433b5b33ad10b58affe40162e1cbdbcd4bcb5ec45d9bd38c6222a5549a2f,False,171.69921875
phase2-p2-7cb8395d99a0f178de10,PREREGISTERED_HELDOUT_OBJECTIVE_CONFIRMATION,task-v2-5ae92cb9d249,g-4a80ed839b63ddd7,v2-S5-b002-g-4a80ed839b63ddd7,S5,D1,19,5.719569917615643,1.9073486328125e-06,1103,P2_MEAN_ENERGY_PREPARATION,E_theta[H_C],2,COBYLA,120,"[1.4361119332668082, 4.6766136583430296, 1.8287983773432719, 0.554097077555417]","[5.314911567259164, 5.072366983376634, 3.676522313266708, 2.0438846034934324]",3.151698757882441,1.7064432677542474,1.4452554901281935,0.0011929614938733,0.0011929614938733,1.0,2.7961963434584707,120,132.83731708489358,3,Return from COBYLA because the objective function has been evaluated MAXFUN times.,True,SUCCESS,,True,0e87433b5b33ad10b58affe40162e1cbdbcd4bcb5ec45d9bd38c6222a5549a2f,False,278.44921875
phase2-p2-d4b56d711fa9f56f5666,PREREGISTERED_HELDOUT_OBJECTIVE_CONFIRMATION,task-v2-5ae92cb9d249,g-4a80ed839b63ddd7,v2-S5-b002-g-4a80ed839b63ddd7,S5,D1,19,5.719569917615643,1.9073486328125e-06,2207,P2_MEAN_ENERGY_PREPARATION,E_theta[H_C],2,COBYLA,120,"[4.119365739193051, 4.0465795222369225, 1.5369649905613294, 0.28561357469155796]","[5.825185355155263, 4.54225011575831, 3.667621133264908, -1.1263658299642485]",2.908579409583466,1.7287502237895995,1.1798291857938663,0.0012906587302826,0.0012906587302826,1.0,2.830381341022236,120,110.71370586380364,3,Return from COBYLA because the objective function has been evaluated MAXFUN times.,True,SUCCESS,,False,0e87433b5b33ad10b58affe40162e1cbdbcd4bcb5ec45d9bd38c6222a5549a2f,False,278.44921875
phase2-p2-ef2dc1000140b00e80e6,PREREGISTERED_HELDOUT_OBJECTIVE_CONFIRMATION,task-v2-5ae92cb9d249,g-4a80ed839b63ddd7,v2-S5-b002-g-4a80ed839b63ddd7,S5,D1,19,5.719569917615643,1.9073486328125e-06,3301,P2_MEAN_ENERGY_PREPARATION,E_theta[H_C],2,COBYLA,120,"[2.8746040698350956, 3.2295534178963874, 1.3381083226815658, 0.4324890662459698]","[5.8484051280360045, 3.694310433696965, 3.556857452046058, -1.0849101501603564]",3.048890746057056,1.8053580420375392,1.243532704019516,0.0013457120868236,0.0013457120868236,1.0,2.8485220707585963,120,111.2045169994235,3,Return from COBYLA because the objective function has been evaluated MAXFUN times.,True,SUCCESS,,False,0e87433b5b33ad10b58affe40162e1cbdbcd4bcb5ec45d9bd38c6222a5549a2f,False,278.68359375
phase2-p2-cc120e63ad5164adb76f,PREREGISTERED_HELDOUT_OBJECTIVE_CONFIRMATION,task-v2-dcffea5b9a3e,g-4a80ed839b63ddd7,v2-S5-b002-g-4a80ed839b63ddd7,S5,D2,19,5.418539921951662,3.814697265625e-06,1103,P2_MEAN_ENERGY_PREPARATION,E_theta[H_C],2,COBYLA,120,"[1.4361119332668082, 4.6766136583430296, 1.8287983773432719, 0.554097077555417]","[4.234815543899286, 5.26949823062683, 0.4713666232121749, 2.130724755523574]",3.126437577876381,1.6986615938969212,1.42777598397946,0.0018412209075885,0.0012579676177278,0.6832247084221029,2.6836458197393047,120,131.18022258393466,3,Return from COBYLA because the objective function has been evaluated MAXFUN times.,True,SUCCESS,,False,0e87433b5b33ad10b58affe40162e1cbdbcd4bcb5ec45d9bd38c6222a5549a2f,False,277.8125
phase2-p2-d98a9d9958191cf8ecff,PREREGISTERED_HELDOUT_OBJECTIVE_CONFIRMATION,task-v2-dcffea5b9a3e,g-4a80ed839b63ddd7,v2-S5-b002-g-4a80ed839b63ddd7,S5,D2,19,5.418539921951662,3.814697265625e-06,2207,P2_MEAN_ENERGY_PREPARATION,E_theta[H_C],2,COBYLA,120,"[4.119365739193051, 4.0465795222369225, 1.5369649905613294, 0.28561357469155796]","[5.938713250179306, 4.440603942345563, 3.6190692683563186, -1.082146240079054]",2.892022258371305,1.6610415380831047,1.2309807202882004,0.0020954824310889,0.001433184990768,0.6839403516369411,2.739823945931782,120,110.13596572261304,3,Return from COBYLA because the objective function has been evaluated MAXFUN times.,True,SUCCESS,,True,0e87433b5b33ad10b58affe40162e1cbdbcd4bcb5ec45d9bd38c6222a5549a2f,False,277.8125
phase2-p2-5e72d03a9012ba6511d7,PREREGISTERED_HELDOUT_OBJECTIVE_CONFIRMATION,task-v2-dcffea5b9a3e,g-4a80ed839b63ddd7,v2-S5-b002-g-4a80ed839b63ddd7,S5,D2,19,5.418539921951662,3.814697265625e-06,3301,P2_MEAN_ENERGY_PREPARATION,E_theta[H_C],2,COBYLA,120,"[2.8746040698350956, 3.2295534178963874, 1.3381083226815658, 0.4324890662459698]","[5.35846508752646, 4.179963760762568, 3.577497856510104, -1.0610548913615154]",3.027894207155644,1.7218044651294184,1.3060897420262252,0.0019910695724613,0.0013484534989212,0.6772508191435672,2.7176263574728745,120,110.5389930801466,3,Return from COBYLA because the objective function has been evaluated MAXFUN times.,True,SUCCESS,,False,0e87433b5b33ad10b58affe40162e1cbdbcd4bcb5ec45d9bd38c6222a5549a2f,False,277.92578125
phase2-p2-66e85bcf4b0cf010f668,PREREGISTERED_HELDOUT_OBJECTIVE_CONFIRMATION,task-v2-004cf44adcd0,g-4a80ed839b63ddd7,v2-S5-b002-g-4a80ed839b63ddd7,S5,D3,19,5.24244866289598,5.7220458984375e-06,1103,P2_MEAN_ENERGY_PREPARATION,E_theta[H_C],2,COBYLA,120,"[1.4361119332668082, 4.6766136583430296, 1.8287983773432719, 0.554097077555417]","[8.265497849576485, 1.2817036607665904, -0.6545361617473718, 2.9798034089220407]",3.0977414266723216,1.6531656061126037,1.444575820559718,0.0069277231426043,0.0036370084438182,0.5249933302691044,3.0830391862410487,120,137.15749306511134,3,Return from COBYLA because the objective function has been evaluated MAXFUN times.,True,SUCCESS,,False,0e87433b5b33ad10b58affe40162e1cbdbcd4bcb5ec45d9bd38c6222a5549a2f,False,278.14453125
phase2-p2-4612277b89e13c084fbe,PREREGISTERED_HELDOUT_OBJECTIVE_CONFIRMATION,task-v2-004cf44adcd0,g-4a80ed839b63ddd7,v2-S5-b002-g-4a80ed839b63ddd7,S5,D3,19,5.24244866289598,5.7220458984375e-06,2207,P2_MEAN_ENERGY_PREPARATION,E_theta[H_C],2,COBYLA,120,"[4.119365739193051, 4.0465795222369225, 1.5369649905613294, 0.28561357469155796]","[5.875912879472009, 4.983567031710871, 3.696923868586441, -1.1014422259144891]",2.8733300351906665,1.5600755924777785,1.3132544427128885,0.0021516625053163,0.0013173628470021,0.6122534755089286,2.575222814846961,120,110.95613811723888,3,Return from COBYLA because the objective function has been evaluated MAXFUN times.,True,SUCCESS,,True,0e87433b5b33ad10b58affe40162e1cbdbcd4bcb5ec45d9bd38c6222a5549a2f,False,278.28125
phase2-p2-7ea09238b69386958542,PREREGISTERED_HELDOUT_OBJECTIVE_CONFIRMATION,task-v2-004cf44adcd0,g-4a80ed839b63ddd7,v2-S5-b002-g-4a80ed839b63ddd7,S5,D3,19,5.24244866289598,5.7220458984375e-06,3301,P2_MEAN_ENERGY_PREPARATION,E_theta[H_C],2,COBYLA,120,"[2.8746040698350956, 3.2295534178963874, 1.3381083226815658, 0.4324890662459698]","[5.463003925337673, 4.72436513076687, 3.7032628586144036, -1.120332338328697]",3.0045357974809868,1.610597919742491,1.393937877738496,0.0019521424235279,0.0012103465520679,0.6200093484371126,2.5329601624438,120,109.05241088103504,3,Return from COBYLA because the objective function has been evaluated MAXFUN times.,True,SUCCESS,,False,0e87433b5b33ad10b58affe40162e1cbdbcd4bcb5ec45d9bd38c6222a5549a2f,False,278.42578125
phase2-p2-5f1193660634cf75c687,PREREGISTERED_HELDOUT_OBJECTIVE_CONFIRMATION,task-v2-676c7042f456,g-4a80ed839b63ddd7,v2-S5-b002-g-4a80ed839b63ddd7,S5,D4,19,5.11750992628768,7.62939453125e-06,1103,P2_MEAN_ENERGY_PREPARATION,E_theta[H_C],2,COBYLA,120,"[1.4361119332668082, 4.6766136583430296, 1.8287983773432719, 0.554097077555417]","[5.740107278817922, 5.652126566377844, 0.6215584247483281, 2.0221501577206746]",3.083885381064533,1.461701994822186,1.622183386242347,0.0026279614704151,0.0010712183139951,0.4076232951109133,2.5371289198585414,120,108.42362941522153,3,Return from COBYLA because the objective function has been evaluated MAXFUN times.,True,SUCCESS,,True,0e87433b5b33ad10b58affe40162e1cbdbcd4bcb5ec45d9bd38c6222a5549a2f,False,278.359375
phase2-p2-51cb11ab948bbd8d76fe,PREREGISTERED_HELDOUT_OBJECTIVE_CONFIRMATION,task-v2-676c7042f456,g-4a80ed839b63ddd7,v2-S5-b002-g-4a80ed839b63ddd7,S5,D4,19,5.11750992628768,7.62939453125e-06,2207,P2_MEAN_ENERGY_PREPARATION,E_theta[H_C],2,COBYLA,120,"[4.119365739193051, 4.0465795222369225, 1.5369649905613294, 0.28561357469155796]","[6.082005131550828, 4.6063441962268605, 3.6886003107780065, -1.1291112215394252]",2.864453843720998,1.540176212005968,1.32427763171503,0.0038687138466122,0.0017218278133819,0.4450646601556537,2.705076534160065,120,110.75310583226384,3,Return from COBYLA because the objective function has been evaluated MAXFUN times.,True,SUCCESS,,False,0e87433b5b33ad10b58affe40162e1cbdbcd4bcb5ec45d9bd38c6222a5549a2f,False,278.36328125
phase2-p2-1d1146524cf0064b6402,PREREGISTERED_HELDOUT_OBJECTIVE_CONFIRMATION,task-v2-676c7042f456,g-4a80ed839b63ddd7,v2-S5-b002-g-4a80ed839b63ddd7,S5,D4,19,5.11750992628768,7.62939453125e-06,3301,P2_MEAN_ENERGY_PREPARATION,E_theta[H_C],2,COBYLA,120,"[2.8746040698350956, 3.2295534178963874, 1.3381083226815658, 0.4324890662459698]","[5.039652348597829, 3.9339259710926875, 3.5240190141315844, -0.9851109463035392]",2.9936690814635067,1.6874873406651458,1.306181740798361,0.00533619523683,0.0024016635613682,0.4500704068682022,2.8447416371374814,120,109.33450160641225,3,Return from COBYLA because the objective function has been evaluated MAXFUN times.,True,SUCCESS,,False,0e87433b5b33ad10b58affe40162e1cbdbcd4bcb5ec45d9bd38c6222a5549a2f,False,278.37109375
phase2-p2-79df341e9afe7f762308,PREREGISTERED_HELDOUT_OBJECTIVE_CONFIRMATION,task-v2-d5cf4ef0cd21,g-4a80ed839b63ddd7,v2-S5-b002-g-4a80ed839b63ddd7,S5,D5,19,4.941418667231999,1.1444091796875e-05,1103,P2_MEAN_ENERGY_PREPARATION,E_theta[H_C],2,COBYLA,120,"[1.4361119332668082, 4.6766136583430296, 1.8287983773432719, 0.554097077555417]","[5.606427410345079, 4.077677091982558, 0.4405977214153943, 2.10672441967205]",3.029103925206337,1.5336748571069083,1.495429068099429,0.0063687173115217,0.0023629659453761,0.3710269791848475,2.745470639501104,120,108.22223906312138,3,Return from COBYLA because the objective function has been evaluated MAXFUN times.,True,SUCCESS,,False,0e87433b5b33ad10b58affe40162e1cbdbcd4bcb5ec45d9bd38c6222a5549a2f,False,278.453125
phase2-p2-742c4d3af42f9f31df0f,PREREGISTERED_HELDOUT_OBJECTIVE_CONFIRMATION,task-v2-d5cf4ef0cd21,g-4a80ed839b63ddd7,v2-S5-b002-g-4a80ed839b63ddd7,S5,D5,19,4.941418667231999,1.1444091796875e-05,2207,P2_MEAN_ENERGY_PREPARATION,E_theta[H_C],2,COBYLA,120,"[4.119365739193051, 4.0465795222369225, 1.5369649905613294, 0.28561357469155796]","[5.831959218923984, 4.98788067890402, 3.6997013903493907, -1.104055209974723]",2.8303315263954545,1.4334683908282648,1.3968631355671897,0.0043840502694186,0.0016025192298032,0.3655339540656787,2.5832941925454365,120,111.02619150560348,3,Return from COBYLA because the objective function has been evaluated MAXFUN times.,True,SUCCESS,,True,0e87433b5b33ad10b58affe40162e1cbdbcd4bcb5ec45d9bd38c6222a5549a2f,False,278.453125
phase2-p2-48ceeca3946c26e4c3cf,PREREGISTERED_HELDOUT_OBJECTIVE_CONFIRMATION,task-v2-d5cf4ef0cd21,g-4a80ed839b63ddd7,v2-S5-b002-g-4a80ed839b63ddd7,S5,D5,19,4.941418667231999,1.1444091796875e-05,3301,P2_MEAN_ENERGY_PREPARATION,E_theta[H_C],2,COBYLA,120,"[2.8746040698350956, 3.2295534178963874, 1.3381083226815658, 0.4324890662459698]","[5.290462785618179, 4.007134298728027, 3.4720542225037017, -0.9634985366015325]",2.9535444620972475,1.579502453510345,1.3740420085869025,0.007201675575587,0.0027195289037658,0.3776244674204406,2.798852220409188,120,110.10717847663908,3,Return from COBYLA because the objective function has been evaluated MAXFUN times.,True,SUCCESS,,False,0e87433b5b33ad10b58affe40162e1cbdbcd4bcb5ec45d9bd38c6222a5549a2f,False,278.5390625
phase2-p2-670953e8b62085e03510,PREREGISTERED_HELDOUT_OBJECTIVE_CONFIRMATION,task-v2-6bb369c86974,g-4a80ed839b63ddd7,v2-S5-b002-g-4a80ed839b63ddd7,S5,D6,19,4.816479930623699,1.52587890625e-05,1103,P2_MEAN_ENERGY_PREPARATION,E_theta[H_C],2,COBYLA,120,"[1.4361119332668082, 4.6766136583430296, 1.8287983773432719, 0.554097077555417]","[5.381743652951795, 4.463708952570746, 0.4934218137210972, 2.0923870177223636]",3.017807804486542,1.4956726627506145,1.522135141735928,0.0060617967281524,0.0020411581185919,0.3367249365377657,2.599081299586702,120,109.70161506626756,3,Return from COBYLA because the objective function has been evaluated MAXFUN times.,True,SUCCESS,,False,0e87433b5b33ad10b58affe40162e1cbdbcd4bcb5ec45d9bd38c6222a5549a2f,False,277.61328125
phase2-p2-8a6c73a57f876bf2c36b,PREREGISTERED_HELDOUT_OBJECTIVE_CONFIRMATION,task-v2-6bb369c86974,g-4a80ed839b63ddd7,v2-S5-b002-g-4a80ed839b63ddd7,S5,D6,19,4.816479930623699,1.52587890625e-05,2207,P2_MEAN_ENERGY_PREPARATION,E_theta[H_C],2,COBYLA,120,"[4.119365739193051, 4.0465795222369225, 1.5369649905613294, 0.28561357469155796]","[5.947809369246988, 4.77279853132279, 3.696116453121144, -1.0881992708150652]",2.823642195363237,1.431207309958961,1.392434885404276,0.0054912276211988,0.0018195027151095,0.3313471669040655,2.5561493769886496,120,110.5252102985978,3,Return from COBYLA because the objective function has been evaluated MAXFUN times.,True,SUCCESS,,True,0e87433b5b33ad10b58affe40162e1cbdbcd4bcb5ec45d9bd38c6222a5549a2f,False,277.61328125
phase2-p2-612dd97fd09764a4c849,PREREGISTERED_HELDOUT_OBJECTIVE_CONFIRMATION,task-v2-6bb369c86974,g-4a80ed839b63ddd7,v2-S5-b002-g-4a80ed839b63ddd7,S5,D6,19,4.816479930623699,1.52587890625e-05,3301,P2_MEAN_ENERGY_PREPARATION,E_theta[H_C],2,COBYLA,120,"[2.8746040698350956, 3.2295534178963874, 1.3381083226815658, 0.4324890662459698]","[5.451658842934391, 4.222288971653629, 3.5910988574905827, -1.0195603400182751]",2.9458633254318265,1.5169065819736969,1.4289567434581296,0.0070677871653788,0.0023960692012233,0.3390126421690238,2.665763393601428,120,111.03499526996166,3,Return from COBYLA because the objective function has been evaluated MAXFUN times.,True,SUCCESS,,False,0e87433b5b33ad10b58affe40162e1cbdbcd4bcb5ec45d9bd38c6222a5549a2f,False,277.69140625
phase2-p2-04a781675a43f33289ec,PREREGISTERED_HELDOUT_OBJECTIVE_CONFIRMATION,task-v2-8ea177161d6a,g-4a80ed839b63ddd7,v2-S5-b002-g-4a80ed839b63ddd7,S5,D7,19,4.640388671568018,2.288818359375e-05,1103,P2_MEAN_ENERGY_PREPARATION,E_theta[H_C],2,COBYLA,120,"[1.4361119332668082, 4.6766136583430296, 1.8287983773432719, 0.554097077555417]","[3.531870448185498, 3.584738592725602, 3.4107890463478086, -0.8927868229421047]",2.771640444704444,1.604970067074356,1.1666703776300875,0.0045618992358433,0.0010840417639334,0.2376294845392547,2.29953435982989,120,113.23381140641868,3,Return from COBYLA because the objective function has been evaluated MAXFUN times.,True,SUCCESS,,True,0e87433b5b33ad10b58affe40162e1cbdbcd4bcb5ec45d9bd38c6222a5549a2f,False,278.03125
phase2-p2-9b0944daca77eeaa9f9d,PREREGISTERED_HELDOUT_OBJECTIVE_CONFIRMATION,task-v2-8ea177161d6a,g-4a80ed839b63ddd7,v2-S5-b002-g-4a80ed839b63ddd7,S5,D7,19,4.640388671568018,2.288818359375e-05,2207,P2_MEAN_ENERGY_PREPARATION,E_theta[H_C],2,COBYLA,120,"[4.119365739193051, 4.0465795222369225, 1.5369649905613294, 0.28561357469155796]","[5.198521470617122, 4.156173674286265, 2.381880484933691, 0.08886681587922038]",2.6792342433756824,1.7829370095206083,0.8962972338550741,0.0054391691836407,0.0006670688544519,0.1226416814645622,2.375921239186072,120,110.15981155075131,3,Return from COBYLA because the objective function has been evaluated MAXFUN times.,True,SUCCESS,,False,0e87433b5b33ad10b58affe40162e1cbdbcd4bcb5ec45d9bd38c6222a5549a2f,False,278.16015625
phase2-p2-8570e034c65194448c27,PREREGISTERED_HELDOUT_OBJECTIVE_CONFIRMATION,task-v2-8ea177161d6a,g-4a80ed839b63ddd7,v2-S5-b002-g-4a80ed839b63ddd7,S5,D7,19,4.640388671568018,2.288818359375e-05,3301,P2_MEAN_ENERGY_PREPARATION,E_theta[H_C],2,COBYLA,120,"[2.8746040698350956, 3.2295534178963874, 1.3381083226815658, 0.4324890662459698]","[4.166904759924527, 3.8962140234233957, 2.3406828030685323, 0.07917248812536132]",2.797878286349772,1.962518821474608,0.8353594648751632,0.0032038977293836,0.0006342125654077,0.1979503152023903,2.146067316223277,120,110.07338446192443,3,Return from COBYLA because the objective function has been evaluated MAXFUN times.,True,SUCCESS,,False,0e87433b5b33ad10b58affe40162e1cbdbcd4bcb5ec45d9bd38c6222a5549a2f,False,278.16015625
phase2-p2-fe215005576c9dcc9ffd,PREREGISTERED_HELDOUT_OBJECTIVE_CONFIRMATION,task-v2-0880cdc8b47d,g-b9a8415aa1799cc5,v2-S5-b003-g-b9a8415aa1799cc5,S5,D1,19,5.719569917615643,1.9073486328125e-06,1103,P2_MEAN_ENERGY_PREPARATION,E_theta[H_C],2,COBYLA,120,"[1.4361119332668082, 4.6766136583430296, 1.8287983773432719, 0.554097077555417]","[3.7052772995536287, 6.194376707880534, 0.5974769423783285, -1.0609096427095384]",3.0967373687878084,1.6798808039462176,1.4168565648415907,0.0004409149221883,0.0004409149221883,1.0,2.363924714818939,120,109.66301709599792,3,Return from COBYLA because the objective function has been evaluated MAXFUN times.,True,SUCCESS,,True,0e87433b5b33ad10b58affe40162e1cbdbcd4bcb5ec45d9bd38c6222a5549a2f,False,278.30859375
phase2-p2-89759344b0b54e6773af,PREREGISTERED_HELDOUT_OBJECTIVE_CONFIRMATION,task-v2-0880cdc8b47d,g-b9a8415aa1799cc5,v2-S5-b003-g-b9a8415aa1799cc5,S5,D1,19,5.719569917615643,1.9073486328125e-06,2207,P2_MEAN_ENERGY_PREPARATION,E_theta[H_C],2,COBYLA,120,"[4.119365739193051, 4.0465795222369225, 1.5369649905613294, 0.28561357469155796]","[5.449202403250794, 4.160426476387275, 3.5978641333507446, -1.0745668168594942]",2.8269166652414155,1.7393961539010956,1.08752051134032,0.0008551904283901,0.0008551904283901,1.0,2.6516327490579505,120,109.40345505531876,3,Return from COBYLA because the objective function has been evaluated MAXFUN times.,True,SUCCESS,,False,0e87433b5b33ad10b58affe40162e1cbdbcd4bcb5ec45d9bd38c6222a5549a2f,False,278.30859375
phase2-p2-e982e6669c8f1846df8c,PREREGISTERED_HELDOUT_OBJECTIVE_CONFIRMATION,task-v2-0880cdc8b47d,g-b9a8415aa1799cc5,v2-S5-b003-g-b9a8415aa1799cc5,S5,D1,19,5.719569917615643,1.9073486328125e-06,3301,P2_MEAN_ENERGY_PREPARATION,E_theta[H_C],2,COBYLA,120,"[2.8746040698350956, 3.2295534178963874, 1.3381083226815658, 0.4324890662459698]","[5.606336934108245, 3.550103595955884, 2.278263322295804, 0.12735661431322884]",2.998439832410872,2.0580057095153323,0.9404341228955392,0.0002343409566125,0.0002343409566125,1.0,2.089418116056232,120,110.54115925263612,3,Return from COBYLA because the objective function has been evaluated MAXFUN times.,True,SUCCESS,,False,0e87433b5b33ad10b58affe40162e1cbdbcd4bcb5ec45d9bd38c6222a5549a2f,False,278.33203125
phase2-p2-63b1da48a1ee77a32a0e,PREREGISTERED_HELDOUT_OBJECTIVE_CONFIRMATION,task-v2-8ac52cd83f67,g-b9a8415aa1799cc5,v2-S5-b003-g-b9a8415aa1799cc5,S5,D2,19,5.418539921951662,3.814697265625e-06,1103,P2_MEAN_ENERGY_PREPARATION,E_theta[H_C],2,COBYLA,120,"[1.4361119332668082, 4.6766136583430296, 1.8287983773432719, 0.554097077555417]","[3.8106972354634214, 5.577658484669048, 0.5587952000590366, -1.0660861560351544]",3.060879642701148,1.6018618120735226,1.4590178306276247,0.0007392355743107,0.0005938676362292,0.8033537032939562,2.2873227802653378,120,109.60216686688364,3,Return from COBYLA because the objective function has been evaluated MAXFUN times.,True,SUCCESS,,False,0e87433b5b33ad10b58affe40162e1cbdbcd4bcb5ec45d9bd38c6222a5549a2f,False,277.93359375
phase2-p2-11ada573bd520799f363,PREREGISTERED_HELDOUT_OBJECTIVE_CONFIRMATION,task-v2-8ac52cd83f67,g-b9a8415aa1799cc5,v2-S5-b003-g-b9a8415aa1799cc5,S5,D2,19,5.418539921951662,3.814697265625e-06,2207,P2_MEAN_ENERGY_PREPARATION,E_theta[H_C],2,COBYLA,120,"[4.119365739193051, 4.0465795222369225, 1.5369649905613294, 0.28561357469155796]","[5.9463790811025, 4.565837224078374, 3.7174920736570045, -1.181176760601341]",2.8024728553071485,1.5728597193679126,1.229613135939236,0.000850034209359,0.0006869483090913,0.8081419565564266,2.3479763260623345,120,109.36936572100969,3,Return from COBYLA because the objective function has been evaluated MAXFUN times.,True,SUCCESS,,True,0e87433b5b33ad10b58affe40162e1cbdbcd4bcb5ec45d9bd38c6222a5549a2f,False,277.93359375
phase2-p2-428c449908fdbf263d31,PREREGISTERED_HELDOUT_OBJECTIVE_CONFIRMATION,task-v2-8ac52cd83f67,g-b9a8415aa1799cc5,v2-S5-b003-g-b9a8415aa1799cc5,S5,D2,19,5.418539921951662,3.814697265625e-06,3301,P2_MEAN_ENERGY_PREPARATION,E_theta[H_C],2,COBYLA,120,"[2.8746040698350956, 3.2295534178963874, 1.3381083226815658, 0.4324890662459698]","[5.348355249552464, 3.6405436170070207, 2.2944326581847467, 0.14718394866450019]",2.9682356022963425,2.004429988962769,0.9638056133335736,0.0012529917044654,0.0010279078591287,0.8203628607160219,2.5164881176730143,120,108.75618684478104,3,Return from COBYLA because the objective function has been evaluated MAXFUN times.,True,SUCCESS,,False,0e87433b5b33ad10b58affe40162e1cbdbcd4bcb5ec45d9bd38c6222a5549a2f,False,277.93359375
phase2-p2-fab42e70fb5c1137ea18,PREREGISTERED_HELDOUT_OBJECTIVE_CONFIRMATION,task-v2-e0ae4ea7992e,g-b9a8415aa1799cc5,v2-S5-b003-g-b9a8415aa1799cc5,S5,D3,19,5.24244866289598,5.7220458984375e-06,1103,P2_MEAN_ENERGY_PREPARATION,E_theta[H_C],2,COBYLA,120,"[1.4361119332668082, 4.6766136583430296, 1.8287983773432719, 0.554097077555417]","[5.115713961982, 4.261399193052423, 0.5354106703697595, -1.1198140141104784]",2.982313489679199,1.5084001266626887,1.4739133630165102,0.0012733766617214,0.000832458455647,0.6537409398737204,2.3474055488051024,120,110.87147524394096,3,Return from COBYLA because the objective function has been evaluated MAXFUN times.,True,SUCCESS,,False,0e87433b5b33ad10b58affe40162e1cbdbcd4bcb5ec45d9bd38c6222a5549a2f,False,278.68359375
phase2-p2-e2c934735a9af3cbadb7,PREREGISTERED_HELDOUT_OBJECTIVE_CONFIRMATION,task-v2-e0ae4ea7992e,g-b9a8415aa1799cc5,v2-S5-b003-g-b9a8415aa1799cc5,S5,D3,19,5.24244866289598,5.7220458984375e-06,2207,P2_MEAN_ENERGY_PREPARATION,E_theta[H_C],2,COBYLA,120,"[4.119365739193051, 4.0465795222369225, 1.5369649905613294, 0.28561357469155796]","[5.7294133461031675, 4.5235304947672565, 3.7341019527440804, -1.160224184782643]",2.749854791783741,1.4577148720752628,1.292139919708478,0.0012276627911422,0.0008326231073159,0.6782180850665303,2.331527756038952,120,110.28177657164632,3,Return from COBYLA because the objective function has been evaluated MAXFUN times.,True,SUCCESS,,True,0e87433b5b33ad10b58affe40162e1cbdbcd4bcb5ec45d9bd38c6222a5549a2f,False,278.68359375
phase2-p2-1438e48bbc2084954d92,PREREGISTERED_HELDOUT_OBJECTIVE_CONFIRMATION,task-v2-e0ae4ea7992e,g-b9a8415aa1799cc5,v2-S5-b003-g-b9a8415aa1799cc5,S5,D3,19,5.24244866289598,5.7220458984375e-06,3301,P2_MEAN_ENERGY_PREPARATION,E_theta[H_C],2,COBYLA,120,"[2.8746040698350956, 3.2295534178963874, 1.3381083226815658, 0.4324890662459698]","[4.207367036761162, 4.499980092076854, 3.572959898712471, -1.037837281858294]",2.906225573698029,1.5509763585390504,1.3552492151589788,0.0011877703790865,0.0007560007349826,0.6364872775864577,2.317181153428114,120,109.80134727898984,3,Return from COBYLA because the objective function has been evaluated MAXFUN times.,True,SUCCESS,,False,0e87433b5b33ad10b58affe40162e1cbdbcd4bcb5ec45d9bd38c6222a5549a2f,False,278.68359375
phase2-p2-c26c0d4d0b239dfa8de8,PREREGISTERED_HELDOUT_OBJECTIVE_CONFIRMATION,task-v2-f09582cc278a,g-b9a8415aa1799cc5,v2-S5-b003-g-b9a8415aa1799cc5,S5,D4,19,5.11750992628768,7.62939453125e-06,1103,P2_MEAN_ENERGY_PREPARATION,E_theta[H_C],2,COBYLA,120,"[1.4361119332668082, 4.6766136583430296, 1.8287983773432719, 0.554097077555417]","[5.273847806086161, 3.771378066244375, 0.5014585588557293, -1.1317600884496606]",2.9638262637882247,1.5255633035542988,1.438262960233926,0.0030827748518948,0.0018008460355079,0.5841639827835879,2.606451733806839,120,110.42921513412148,3,Return from COBYLA because the objective function has been evaluated MAXFUN times.,True,SUCCESS,,False,0e87433b5b33ad10b58affe40162e1cbdbcd4bcb5ec45d9bd38c6222a5549a2f,False,278.42578125
phase2-p2-3da057de559153ab71ed,PREREGISTERED_HELDOUT_OBJECTIVE_CONFIRMATION,task-v2-f09582cc278a,g-b9a8415aa1799cc5,v2-S5-b003-g-b9a8415aa1799cc5,S5,D4,19,5.11750992628768,7.62939453125e-06,2207,P2_MEAN_ENERGY_PREPARATION,E_theta[H_C],2,COBYLA,120,"[4.119365739193051, 4.0465795222369225, 1.5369649905613294, 0.28561357469155796]","[5.740587611429815, 4.501709156551546, 3.733565327863009, -1.1715477939116619]",2.7381750211762594,1.443006421509555,1.2951685996667044,0.00322974043302,0.0020472577937398,0.6338768815008002,2.6266775467498014,120,109.9903411483392,3,Return from COBYLA because the objective function has been evaluated MAXFUN times.,True,SUCCESS,,True,0e87433b5b33ad10b58affe40162e1cbdbcd4bcb5ec45d9bd38c6222a5549a2f,False,278.4296875
phase2-p2-8e82f0a46a93e44a68b7,PREREGISTERED_HELDOUT_OBJECTIVE_CONFIRMATION,task-v2-f09582cc278a,g-b9a8415aa1799cc5,v2-S5-b003-g-b9a8415aa1799cc5,S5,D4,19,5.11750992628768,7.62939453125e-06,3301,P2_MEAN_ENERGY_PREPARATION,E_theta[H_C],2,COBYLA,120,"[2.8746040698350956, 3.2295534178963874, 1.3381083226815658, 0.4324890662459698]","[4.81248564336754, 4.666541501465311, 3.6482750591643236, -1.0776544396575414]",2.89294515541916,1.4805428773185976,1.4124022781005623,0.0040042492357586,0.0028255058221061,0.7056268618031721,2.720031027648905,120,109.65732054691762,3,Return from COBYLA because the objective function has been evaluated MAXFUN times.,True,SUCCESS,,False,0e87433b5b33ad10b58affe40162e1cbdbcd4bcb5ec45d9bd38c6222a5549a2f,False,278.5859375
phase2-p2-70b7d62c65f459dcd0ab,PREREGISTERED_HELDOUT_OBJECTIVE_CONFIRMATION,task-v2-d6122c14c280,g-b9a8415aa1799cc5,v2-S5-b003-g-b9a8415aa1799cc5,S5,D5,19,4.941418667231999,1.1444091796875e-05,1103,P2_MEAN_ENERGY_PREPARATION,E_theta[H_C],2,COBYLA,120,"[1.4361119332668082, 4.6766136583430296, 1.8287983773432719, 0.554097077555417]","[2.5472615895607333, 5.037267257439926, 3.192647141438721, -0.7797321605253054]",2.765289776955575,1.449486741364653,1.315803035590922,0.003091965037463,0.0011593506004078,0.3749559216746758,2.431653241701217,120,109.98664000537246,3,Return from COBYLA because the objective function has been evaluated MAXFUN times.,True,SUCCESS,,True,0e87433b5b33ad10b58affe40162e1cbdbcd4bcb5ec45d9bd38c6222a5549a2f,False,278.375
phase2-p2-a6dda94a1bdcb1c61bf3,PREREGISTERED_HELDOUT_OBJECTIVE_CONFIRMATION,task-v2-d6122c14c280,g-b9a8415aa1799cc5,v2-S5-b003-g-b9a8415aa1799cc5,S5,D5,19,4.941418667231999,1.1444091796875e-05,2207,P2_MEAN_ENERGY_PREPARATION,E_theta[H_C],2,COBYLA,120,"[4.119365739193051, 4.0465795222369225, 1.5369649905613294, 0.28561357469155796]","[5.603321858194084, 4.058088744292639, 2.374081538755882, 0.11769658004965018]",2.619884313752224,1.6380425671142946,0.9818417466379294,0.004821328004733,0.0013647301395637,0.2830610442234915,2.6245853456554555,120,109.4219257356599,3,Return from COBYLA because the objective function has been evaluated MAXFUN times.,True,SUCCESS,,False,0e87433b5b33ad10b58affe40162e1cbdbcd4bcb5ec45d9bd38c6222a5549a2f,False,278.375
phase2-p2-5a90cbd2a0eef553651f,PREREGISTERED_HELDOUT_OBJECTIVE_CONFIRMATION,task-v2-d6122c14c280,g-b9a8415aa1799cc5,v2-S5-b003-g-b9a8415aa1799cc5,S5,D5,19,4.941418667231999,1.1444091796875e-05,3301,P2_MEAN_ENERGY_PREPARATION,E_theta[H_C],2,COBYLA,120,"[2.8746040698350956, 3.2295534178963874, 1.3381083226815658, 0.4324890662459698]","[4.545079854826999, 3.8161085774655703, 2.314531918253649, 0.09501247825893094]",2.763917395944243,1.8450188379820127,0.9188985579622302,0.0024167297675295,0.0006205083616443,0.25675537661734,2.3246467586690267,120,108.84173281583936,3,Return from COBYLA because the objective function has been evaluated MAXFUN times.,True,SUCCESS,,False,0e87433b5b33ad10b58affe40162e1cbdbcd4bcb5ec45d9bd38c6222a5549a2f,False,278.4765625
phase2-p2-605eac1f3a2b5e4be7a9,PREREGISTERED_HELDOUT_OBJECTIVE_CONFIRMATION,task-v2-0ec069828687,g-b9a8415aa1799cc5,v2-S5-b003-g-b9a8415aa1799cc5,S5,D6,19,4.816479930623699,1.52587890625e-05,1103,P2_MEAN_ENERGY_PREPARATION,E_theta[H_C],2,COBYLA,120,"[1.4361119332668082, 4.6766136583430296, 1.8287983773432719, 0.554097077555417]","[2.779216103905702, 4.491323278678058, 2.2679984721163873, 0.10762579659602577]",2.633974020781441,1.945858367663444,0.6881156531179973,0.0013232292420868,0.0003718152668906,0.2809908178149478,1.9381150204263675,120,110.48351958207786,3,Return from COBYLA because the objective function has been evaluated MAXFUN times.,True,SUCCESS,,False,0e87433b5b33ad10b58affe40162e1cbdbcd4bcb5ec45d9bd38c6222a5549a2f,False,278.54296875
phase2-p2-5d838ae2227e909023ce,PREREGISTERED_HELDOUT_OBJECTIVE_CONFIRMATION,task-v2-0ec069828687,g-b9a8415aa1799cc5,v2-S5-b003-g-b9a8415aa1799cc5,S5,D6,19,4.816479930623699,1.52587890625e-05,2207,P2_MEAN_ENERGY_PREPARATION,E_theta[H_C],2,COBYLA,120,"[4.119365739193051, 4.0465795222369225, 1.5369649905613294, 0.28561357469155796]","[5.547531489061336, 4.090990550779621, 2.3655567977091345, 0.1120416806322207]",2.5582984013175984,1.6233598585849127,0.9349385427326856,0.0044504329251277,0.001046622168161,0.2351731136653449,2.4648821905594347,120,110.02513572573662,3,Return from COBYLA because the objective function has been evaluated MAXFUN times.,True,SUCCESS,,True,0e87433b5b33ad10b58affe40162e1cbdbcd4bcb5ec45d9bd38c6222a5549a2f,False,278.6875
phase2-p2-4774ecea5203ad4043e5,PREREGISTERED_HELDOUT_OBJECTIVE_CONFIRMATION,task-v2-0ec069828687,g-b9a8415aa1799cc5,v2-S5-b003-g-b9a8415aa1799cc5,S5,D6,19,4.816479930623699,1.52587890625e-05,3301,P2_MEAN_ENERGY_PREPARATION,E_theta[H_C],2,COBYLA,120,"[2.8746040698350956, 3.2295534178963874, 1.3381083226815658, 0.4324890662459698]","[4.82271191441723, 3.864844233091011, 2.359584811454845, 0.11497990406397239]",2.697539705154661,1.7883672777234003,0.9091724274312608,0.0032056559744214,0.0006541038135374,0.2040467906589825,2.322396843393157,120,109.99996452592312,3,Return from COBYLA because the objective function has been evaluated MAXFUN times.,True,SUCCESS,,False,0e87433b5b33ad10b58affe40162e1cbdbcd4bcb5ec45d9bd38c6222a5549a2f,False,278.6875
phase2-p2-f00aa93130fc355387de,PREREGISTERED_HELDOUT_OBJECTIVE_CONFIRMATION,task-v2-66ecfca58e61,g-b9a8415aa1799cc5,v2-S5-b003-g-b9a8415aa1799cc5,S5,D7,19,4.719569917615643,1.9073486328125e-05,1103,P2_MEAN_ENERGY_PREPARATION,E_theta[H_C],2,COBYLA,120,"[1.4361119332668082, 4.6766136583430296, 1.8287983773432719, 0.554097077555417]","[2.5916714472444182, 4.440330657113771, 2.260346286049045, 0.09500751543612732]",2.516991463696288,1.8980905797776333,0.6189008839186543,0.0013850617971689,0.0003756452525572,0.2712119078910531,1.861039068323513,120,109.10301382374018,3,Return from COBYLA because the objective function has been evaluated MAXFUN times.,True,SUCCESS,,False,0e87433b5b33ad10b58affe40162e1cbdbcd4bcb5ec45d9bd38c6222a5549a2f,False,277.98828125
phase2-p2-354d1c44619ec86e0731,PREREGISTERED_HELDOUT_OBJECTIVE_CONFIRMATION,task-v2-66ecfca58e61,g-b9a8415aa1799cc5,v2-S5-b003-g-b9a8415aa1799cc5,S5,D7,19,4.719569917615643,1.9073486328125e-05,2207,P2_MEAN_ENERGY_PREPARATION,E_theta[H_C],2,COBYLA,120,"[4.119365739193051, 4.0465795222369225, 1.5369649905613294, 0.28561357469155796]","[5.691186364117183, 4.064660240148245, 2.44604883208125, 0.10750413836592174]",2.5144911202290747,1.568900172454596,0.9455909477744788,0.0055849133917643,0.0012054912998032,0.2158478055507374,2.4665863602829408,120,108.49563358258456,3,Return from COBYLA because the objective function has been evaluated MAXFUN times.,True,SUCCESS,,True,0e87433b5b33ad10b58affe40162e1cbdbcd4bcb5ec45d9bd38c6222a5549a2f,False,277.98828125
phase2-p2-61b85e5b8512bdffc99c,PREREGISTERED_HELDOUT_OBJECTIVE_CONFIRMATION,task-v2-66ecfca58e61,g-b9a8415aa1799cc5,v2-S5-b003-g-b9a8415aa1799cc5,S5,D7,19,4.719569917615643,1.9073486328125e-05,3301,P2_MEAN_ENERGY_PREPARATION,E_theta[H_C],2,COBYLA,120,"[2.8746040698350956, 3.2295534178963874, 1.3381083226815658, 0.4324890662459698]","[4.643872676993372, 3.8059543035886274, 2.37924833767508, 0.0722226371032818]",2.6522277353526813,1.8457554067586,0.8064723285940811,0.0021592859427399,0.0002733671263337,0.1266007067071816,2.0538800750639385,120,110.82730808760972,3,Return from COBYLA because the objective function has been evaluated MAXFUN times.,True,SUCCESS,,False,0e87433b5b33ad10b58affe40162e1cbdbcd4bcb5ec45d9bd38c6222a5549a2f,False,277.98828125
phase2-p2-b6452193ee1044b0b937,PREREGISTERED_HELDOUT_OBJECTIVE_CONFIRMATION,task-v2-0b36d078e255,g-ad76642cd3b9f76c,v2-S5-b004-g-ad76642cd3b9f76c,S5,D1,19,5.719569917615643,1.9073486328125e-06,1103,P2_MEAN_ENERGY_PREPARATION,E_theta[H_C],2,COBYLA,120,"[1.4361119332668082, 4.6766136583430296, 1.8287983773432719, 0.554097077555417]","[5.253454707572578, 4.328253503470125, 0.422975918730815, 2.10837876845336]",3.0417677326816808,1.68754897697636,1.354218755705321,0.0004283227272488,0.0004283227272488,1.0,2.351341036739947,120,110.49938179086894,3,Return from COBYLA because the objective function has been evaluated MAXFUN times.,True,SUCCESS,,False,0e87433b5b33ad10b58affe40162e1cbdbcd4bcb5ec45d9bd38c6222a5549a2f,False,278.3125
phase2-p2-44111c1ac9c1fe147955,PREREGISTERED_HELDOUT_OBJECTIVE_CONFIRMATION,task-v2-0b36d078e255,g-ad76642cd3b9f76c,v2-S5-b004-g-ad76642cd3b9f76c,S5,D1,19,5.719569917615643,1.9073486328125e-06,2207,P2_MEAN_ENERGY_PREPARATION,E_theta[H_C],2,COBYLA,120,"[4.119365739193051, 4.0465795222369225, 1.5369649905613294, 0.28561357469155796]","[6.406334738813931, 4.950374462230737, 3.6936561940528465, -1.139955195554862]",2.8376591002981364,1.555785115768323,1.2818739845298135,0.0002679912678547,0.0002679912678547,1.0,2.1476905609567467,120,109.93830190319568,3,Return from COBYLA because the objective function has been evaluated MAXFUN times.,True,SUCCESS,,True,0e87433b5b33ad10b58affe40162e1cbdbcd4bcb5ec45d9bd38c6222a5549a2f,False,278.4609375
phase2-p2-9bf8013ac25633d06a3e,PREREGISTERED_HELDOUT_OBJECTIVE_CONFIRMATION,task-v2-0b36d078e255,g-ad76642cd3b9f76c,v2-S5-b004-g-ad76642cd3b9f76c,S5,D1,19,5.719569917615643,1.9073486328125e-06,3301,P2_MEAN_ENERGY_PREPARATION,E_theta[H_C],2,COBYLA,120,"[2.8746040698350956, 3.2295534178963874, 1.3381083226815658, 0.4324890662459698]","[5.437375293214382, 3.931856907754025, 3.491685283553182, -1.0507121649578188]",2.957478256804059,1.714542413354634,1.242935843449425,0.0002793027600975,0.0002793027600975,1.0,2.1656451450789524,120,108.4995256336406,3,Return from COBYLA because the objective function has been evaluated MAXFUN times.,True,SUCCESS,,False,0e87433b5b33ad10b58affe40162e1cbdbcd4bcb5ec45d9bd38c6222a5549a2f,False,278.4609375
phase2-p2-08a0a041641a1e88456e,PREREGISTERED_HELDOUT_OBJECTIVE_CONFIRMATION,task-v2-f27d61c02d71,g-ad76642cd3b9f76c,v2-S5-b004-g-ad76642cd3b9f76c,S5,D2,19,5.418539921951662,3.814697265625e-06,1103,P2_MEAN_ENERGY_PREPARATION,E_theta[H_C],2,COBYLA,120,"[1.4361119332668082, 4.6766136583430296, 1.8287983773432719, 0.554097077555417]","[5.847565497526487, 3.845171909456916, 0.373554832000454, 2.1110812262937118]",3.021587923634025,1.6343840132756222,1.3872039103584033,0.0010706958267413,0.0010706958267413,1.0,2.4482060318776373,120,109.33809054270388,3,Return from COBYLA because the objective function has been evaluated MAXFUN times.,True,SUCCESS,,False,0e87433b5b33ad10b58affe40162e1cbdbcd4bcb5ec45d9bd38c6222a5549a2f,False,278.484375
phase2-p2-86cdc52ca185ff7bbed8,PREREGISTERED_HELDOUT_OBJECTIVE_CONFIRMATION,task-v2-f27d61c02d71,g-ad76642cd3b9f76c,v2-S5-b004-g-ad76642cd3b9f76c,S5,D2,19,5.418539921951662,3.814697265625e-06,2207,P2_MEAN_ENERGY_PREPARATION,E_theta[H_C],2,COBYLA,120,"[4.119365739193051, 4.0465795222369225, 1.5369649905613294, 0.28561357469155796]","[6.178019403360371, 4.840384523259014, 3.683083479857057, -1.12413879948563]",2.824505705084728,1.5195063125619257,1.3049993925228025,0.0007886606437056,0.0007886606437056,1.0,2.315430090851817,120,109.0618999209255,3,Return from COBYLA because the objective function has been evaluated MAXFUN times.,True,SUCCESS,,True,0e87433b5b33ad10b58affe40162e1cbdbcd4bcb5ec45d9bd38c6222a5549a2f,False,278.484375
phase2-p2-fe2cb7366525fd202312,PREREGISTERED_HELDOUT_OBJECTIVE_CONFIRMATION,task-v2-f27d61c02d71,g-ad76642cd3b9f76c,v2-S5-b004-g-ad76642cd3b9f76c,S5,D2,19,5.418539921951662,3.814697265625e-06,3301,P2_MEAN_ENERGY_PREPARATION,E_theta[H_C],2,COBYLA,120,"[2.8746040698350956, 3.2295534178963874, 1.3381083226815658, 0.4324890662459698]","[5.316691162729921, 3.809493438905138, 3.5328150926524233, -1.056173029995038]",2.942227757554182,1.6819944296582503,1.2602333278959317,0.0008464836832132,0.0008464836832132,1.0,2.3461585130336817,120,108.938264451921,3,Return from COBYLA because the objective function has been evaluated MAXFUN times.,True,SUCCESS,,False,0e87433b5b33ad10b58affe40162e1cbdbcd4bcb5ec45d9bd38c6222a5549a2f,False,278.484375
phase2-p2-c49cf6b9ade7805778d3,PREREGISTERED_HELDOUT_OBJECTIVE_CONFIRMATION,task-v2-6ee4e9bb2f23,g-ad76642cd3b9f76c,v2-S5-b004-g-ad76642cd3b9f76c,S5,D3,19,5.24244866289598,5.7220458984375e-06,1103,P2_MEAN_ENERGY_PREPARATION,E_theta[H_C],2,COBYLA,120,"[1.4361119332668082, 4.6766136583430296, 1.8287983773432719, 0.554097077555417]","[7.028168429551162, 4.381796253759047, 0.5498711086992314, 1.9954175451869889]",2.9418260952220523,1.447642266949188,1.4941838282728643,0.0013498819464541,0.0003208140775786,0.2376608402100259,2.3727444519499694,120,91.0533926524222,3,Return from COBYLA because the objective function has been evaluated MAXFUN times.,True,SUCCESS,,True,0e87433b5b33ad10b58affe40162e1cbdbcd4bcb5ec45d9bd38c6222a5549a2f,False,277.93359375
phase2-p2-714ffe5278c70f5c91c1,PREREGISTERED_HELDOUT_OBJECTIVE_CONFIRMATION,task-v2-6ee4e9bb2f23,g-ad76642cd3b9f76c,v2-S5-b004-g-ad76642cd3b9f76c,S5,D3,19,5.24244866289598,5.7220458984375e-06,2207,P2_MEAN_ENERGY_PREPARATION,E_theta[H_C],2,COBYLA,120,"[4.119365739193051, 4.0465795222369225, 1.5369649905613294, 0.28561357469155796]","[5.56089262612469, 5.478427058900392, 3.711486907748102, -1.0765398161587647]",2.773085666615799,1.450012755920692,1.3230729106951071,0.0010553800534698,0.0002641136627004,0.2502545522175542,2.265857544711836,120,79.43024908285588,3,Return from COBYLA because the objective function has been evaluated MAXFUN times.,True,SUCCESS,,False,0e87433b5b33ad10b58affe40162e1cbdbcd4bcb5ec45d9bd38c6222a5549a2f,False,278.00390625
phase2-p2-2d57f7358b16efc861f2,PREREGISTERED_HELDOUT_OBJECTIVE_CONFIRMATION,task-v2-6ee4e9bb2f23,g-ad76642cd3b9f76c,v2-S5-b004-g-ad76642cd3b9f76c,S5,D3,19,5.24244866289598,5.7220458984375e-06,3301,P2_MEAN_ENERGY_PREPARATION,E_theta[H_C],2,COBYLA,120,"[2.8746040698350956, 3.2295534178963874, 1.3381083226815658, 0.4324890662459698]","[4.818773162572902, 4.107847483711263, 3.1527850894818705, -0.7595349260162614]",2.885609385848764,1.651858966960483,1.2337504188882802,0.0019238773850251,0.0004854833656246,0.2523463134415503,2.5266260524772632,120,81.37512050196528,3,Return from COBYLA because the objective function has been evaluated MAXFUN times.,True,SUCCESS,,False,0e87433b5b33ad10b58affe40162e1cbdbcd4bcb5ec45d9bd38c6222a5549a2f,False,278.0625
phase2-p2-cfa6f1871a4260d2d4ae,PREREGISTERED_HELDOUT_OBJECTIVE_CONFIRMATION,task-v2-a11d89c8c060,g-ad76642cd3b9f76c,v2-S5-b004-g-ad76642cd3b9f76c,S5,D4,19,5.11750992628768,7.62939453125e-06,1103,P2_MEAN_ENERGY_PREPARATION,E_theta[H_C],2,COBYLA,120,"[1.4361119332668082, 4.6766136583430296, 1.8287983773432719, 0.554097077555417]","[4.681931627888151, 4.348611471733407, 0.05414574755416106, 2.3476611796006055]",2.9347565167573983,1.6387181016751566,1.2960384150822415,0.0021282807451426,0.0007910667551249,0.3716928590978255,2.445538842215296,120,94.67932816967368,3,Return from COBYLA because the objective function has been evaluated MAXFUN times.,True,SUCCESS,,False,0e87433b5b33ad10b58affe40162e1cbdbcd4bcb5ec45d9bd38c6222a5549a2f,False,278.68359375
phase2-p2-f2562e974e1503c22138,PREREGISTERED_HELDOUT_OBJECTIVE_CONFIRMATION,task-v2-a11d89c8c060,g-ad76642cd3b9f76c,v2-S5-b004-g-ad76642cd3b9f76c,S5,D4,19,5.11750992628768,7.62939453125e-06,2207,P2_MEAN_ENERGY_PREPARATION,E_theta[H_C],2,COBYLA,120,"[4.119365739193051, 4.0465795222369225, 1.5369649905613294, 0.28561357469155796]","[5.926885202608562, 6.349281704508163, 3.787125971712607, -1.0911953387703408]",2.768560402764524,1.3666904500047743,1.4018699527597496,0.0007796478156974,0.0002445287656063,0.3136400316694186,2.0094083927732327,120,79.47559514362365,3,Return from COBYLA because the objective function has been evaluated MAXFUN times.,True,SUCCESS,,True,0e87433b5b33ad10b58affe40162e1cbdbcd4bcb5ec45d9bd38c6222a5549a2f,False,278.68359375
phase2-p2-37f365c656ab6f5043da,PREREGISTERED_HELDOUT_OBJECTIVE_CONFIRMATION,task-v2-a11d89c8c060,g-ad76642cd3b9f76c,v2-S5-b004-g-ad76642cd3b9f76c,S5,D4,19,5.11750992628768,7.62939453125e-06,3301,P2_MEAN_ENERGY_PREPARATION,E_theta[H_C],2,COBYLA,120,"[2.8746040698350956, 3.2295534178963874, 1.3381083226815658, 0.4324890662459698]","[5.010979753794416, 3.7422953055422274, 3.1838824239331087, -0.7759464185420093]",2.880511099529861,1.6541305280324214,1.2263805714974396,0.0023231504575734,0.0009012390411555,0.3879383008610036,2.483587263844232,120,78.76026227790862,3,Return from COBYLA because the objective function has been evaluated MAXFUN times.,True,SUCCESS,,False,0e87433b5b33ad10b58affe40162e1cbdbcd4bcb5ec45d9bd38c6222a5549a2f,False,278.8125
phase2-p2-823ff442ee4a3039762c,PREREGISTERED_HELDOUT_OBJECTIVE_CONFIRMATION,task-v2-01f33dead804,g-ad76642cd3b9f76c,v2-S5-b004-g-ad76642cd3b9f76c,S5,D5,19,4.941418667231999,1.1444091796875e-05,1103,P2_MEAN_ENERGY_PREPARATION,E_theta[H_C],2,COBYLA,120,"[1.4361119332668082, 4.6766136583430296, 1.8287983773432719, 0.554097077555417]","[3.3989050603745534, 5.128770823492068, 3.182212426975078, -0.778546267822261]",2.871893136660298,1.5975014878813174,1.2743916487789808,0.0027224360323057,0.0012715985987671,0.4670811668952875,2.3763763513832257,120,93.06451518274844,3,Return from COBYLA because the objective function has been evaluated MAXFUN times.,True,SUCCESS,,True,0e87433b5b33ad10b58affe40162e1cbdbcd4bcb5ec45d9bd38c6222a5549a2f,False,278.59765625
phase2-p2-c4699cdd105ce0b83aa7,PREREGISTERED_HELDOUT_OBJECTIVE_CONFIRMATION,task-v2-01f33dead804,g-ad76642cd3b9f76c,v2-S5-b004-g-ad76642cd3b9f76c,S5,D5,19,4.941418667231999,1.1444091796875e-05,2207,P2_MEAN_ENERGY_PREPARATION,E_theta[H_C],2,COBYLA,120,"[4.119365739193051, 4.0465795222369225, 1.5369649905613294, 0.28561357469155796]","[5.67101252475198, 4.132487718903612, 2.3503871801093297, 0.11126580578730987]",2.725937593571853,1.8225169594366069,0.9034206341352466,0.0029981036399913,0.0011647418707938,0.3884928643751629,2.4182653089191635,120,81.7515475358814,3,Return from COBYLA because the objective function has been evaluated MAXFUN times.,True,SUCCESS,,False,0e87433b5b33ad10b58affe40162e1cbdbcd4bcb5ec45d9bd38c6222a5549a2f,False,278.6640625
phase2-p2-1d33c5cf09b06d94636d,PREREGISTERED_HELDOUT_OBJECTIVE_CONFIRMATION,task-v2-01f33dead804,g-ad76642cd3b9f76c,v2-S5-b004-g-ad76642cd3b9f76c,S5,D5,19,4.941418667231999,1.1444091796875e-05,3301,P2_MEAN_ENERGY_PREPARATION,E_theta[H_C],2,COBYLA,120,"[2.8746040698350956, 3.2295534178963874, 1.3381083226815658, 0.4324890662459698]","[5.180606403892815, 2.574550291161531, 2.904184607560147, -0.635892383759238]",2.835373898406726,1.8118971844291163,1.0234767139776098,0.0011681540444761,0.0005561718991993,0.476111778090654,2.008918784199033,120,78.40944354981184,3,Return from COBYLA because the objective function has been evaluated MAXFUN times.,True,SUCCESS,,False,0e87433b5b33ad10b58affe40162e1cbdbcd4bcb5ec45d9bd38c6222a5549a2f,False,278.66796875
phase2-p2-e50200b6e08f83f1805d,PREREGISTERED_HELDOUT_OBJECTIVE_CONFIRMATION,task-v2-2bbd08239dbd,g-ad76642cd3b9f76c,v2-S5-b004-g-ad76642cd3b9f76c,S5,D6,19,4.816479930623699,1.52587890625e-05,1103,P2_MEAN_ENERGY_PREPARATION,E_theta[H_C],2,COBYLA,120,"[1.4361119332668082, 4.6766136583430296, 1.8287983773432719, 0.554097077555417]","[2.867959072634102, 4.892983908182091, 3.466939801102285, -0.8879822105854995]",2.788683852764627,1.6358029342701652,1.152880918494462,0.0019202565068642,0.0001820658113187,0.0948132765950318,2.099839176033007,120,86.22354811429977,3,Return from COBYLA because the objective function has been evaluated MAXFUN times.,True,SUCCESS,,True,0e87433b5b33ad10b58affe40162e1cbdbcd4bcb5ec45d9bd38c6222a5549a2f,False,278.57421875
phase2-p2-6ebdecf241ba9b9bb845,PREREGISTERED_HELDOUT_OBJECTIVE_CONFIRMATION,task-v2-2bbd08239dbd,g-ad76642cd3b9f76c,v2-S5-b004-g-ad76642cd3b9f76c,S5,D6,19,4.816479930623699,1.52587890625e-05,2207,P2_MEAN_ENERGY_PREPARATION,E_theta[H_C],2,COBYLA,120,"[4.119365739193051, 4.0465795222369225, 1.5369649905613294, 0.28561357469155796]","[5.382216444625566, 4.274460114879406, 2.350118528370647, 0.11336991369827142]",2.675354308545725,1.8341739458586763,0.8411803626870489,0.003366020355348,0.0003046871863021,0.0905185216179766,2.343596668582157,120,81.55234854202718,3,Return from COBYLA because the objective function has been evaluated MAXFUN times.,True,SUCCESS,,False,0e87433b5b33ad10b58affe40162e1cbdbcd4bcb5ec45d9bd38c6222a5549a2f,False,278.57421875
phase2-p2-f32040d3ac2611ed8249,PREREGISTERED_HELDOUT_OBJECTIVE_CONFIRMATION,task-v2-2bbd08239dbd,g-ad76642cd3b9f76c,v2-S5-b004-g-ad76642cd3b9f76c,S5,D6,19,4.816479930623699,1.52587890625e-05,3301,P2_MEAN_ENERGY_PREPARATION,E_theta[H_C],2,COBYLA,120,"[2.8746040698350956, 3.2295534178963874, 1.3381083226815658, 0.4324890662459698]","[4.008762870771815, 2.2173645245449034, 2.2572179710309546, -0.42644446396936386]",2.7824312218724336,2.009340116576824,0.7730911052956095,0.0001631493618996,8.675117658901308e-06,0.0531728568098087,1.0290653101634282,120,73.53477840125561,3,Return from COBYLA because the objective function has been evaluated MAXFUN times.,True,SUCCESS,,False,0e87433b5b33ad10b58affe40162e1cbdbcd4bcb5ec45d9bd38c6222a5549a2f,False,278.57421875
phase2-p2-b24e831fc851c0502cdc,PREREGISTERED_HELDOUT_OBJECTIVE_CONFIRMATION,task-v2-110f51ef504a,g-ad76642cd3b9f76c,v2-S5-b004-g-ad76642cd3b9f76c,S5,D7,19,4.640388671568018,2.288818359375e-05,1103,P2_MEAN_ENERGY_PREPARATION,E_theta[H_C],2,COBYLA,120,"[1.4361119332668082, 4.6766136583430296, 1.8287983773432719, 0.554097077555417]","[2.039943715757558, 4.373818246112425, 2.221761688079066, 0.09686016418421088]",2.251865877779218,1.8561988413733517,0.3956670364058672,0.0010952500368027,8.884868271252459e-05,0.0811218258178634,1.679901948011474,120,84.56237237621099,3,Return from COBYLA because the objective function has been evaluated MAXFUN times.,True,SUCCESS,,False,0e87433b5b33ad10b58affe40162e1cbdbcd4bcb5ec45d9bd38c6222a5549a2f,False,278.77734375
phase2-p2-8daafff1b7d5a47cab92,PREREGISTERED_HELDOUT_OBJECTIVE_CONFIRMATION,task-v2-110f51ef504a,g-ad76642cd3b9f76c,v2-S5-b004-g-ad76642cd3b9f76c,S5,D7,19,4.640388671568018,2.288818359375e-05,2207,P2_MEAN_ENERGY_PREPARATION,E_theta[H_C],2,COBYLA,120,"[4.119365739193051, 4.0465795222369225, 1.5369649905613294, 0.28561357469155796]","[5.5362025383100955, 7.226750728495859, 3.8057388952724915, -0.964998055638416]",2.438985845277481,1.2885986775261733,1.1503871677513078,0.0022923964838553,0.0002402478266654,0.1048020394192052,2.000678405220677,120,80.99384539481252,3,Return from COBYLA because the objective function has been evaluated MAXFUN times.,True,SUCCESS,,True,0e87433b5b33ad10b58affe40162e1cbdbcd4bcb5ec45d9bd38c6222a5549a2f,False,278.83984375
phase2-p2-2c32e3437981269106d3,PREREGISTERED_HELDOUT_OBJECTIVE_CONFIRMATION,task-v2-110f51ef504a,g-ad76642cd3b9f76c,v2-S5-b004-g-ad76642cd3b9f76c,S5,D7,19,4.640388671568018,2.288818359375e-05,3301,P2_MEAN_ENERGY_PREPARATION,E_theta[H_C],2,COBYLA,120,"[2.8746040698350956, 3.2295534178963874, 1.3381083226815658, 0.4324890662459698]","[2.136994556817718, 4.359116340194467, 2.2109978062424025, 0.09368130635690497]",2.5506265623793523,1.8565080422041984,0.6941185201751541,0.0011149898553508,9.148324212742962e-05,0.0820484972920577,1.6876595875753628,120,72.1026065973565,3,Return from COBYLA because the objective function has been evaluated MAXFUN times.,True,SUCCESS,,False,0e87433b5b33ad10b58affe40162e1cbdbcd4bcb5ec45d9bd38c6222a5549a2f,False,278.83984375
