task_id,graph_id,optimizer,objective,depth,seed_count,objective_value,mean_energy,P_feas,P_opt,P_opt_given_feas,G_feas,median_nfev,median_nit,median_wall_time_s
task-v2-07b8f456a957,g-3ff7063ef9ea5cfb,COBYLA,O0,2,3,1.8662344697546636,1.8662344697546636,0.004380760063019188,0.0014801496112083132,0.34402949032319513,1.554939410879696,120.0,94.0,4.175384069792926
task-v2-07b8f456a957,g-3ff7063ef9ea5cfb,COBYLA,O0,3,3,1.409716826497513,1.409716826497513,0.0024811563038918006,0.0013060832337971563,0.48676523548309614,1.3080440677506016,120.0,91.0,5.900087423622608
task-v2-07b8f456a957,g-3ff7063ef9ea5cfb,COBYLA,O3,2,3,0.9024479810922912,1.5380665284538586,0.01583884790984427,0.005994467965136555,0.37846616112847653,2.113113532211366,120.0,94.0,4.33748051058501
task-v2-07b8f456a957,g-3ff7063ef9ea5cfb,COBYLA,O3,3,3,0.8738656683238305,1.6695005028685062,0.019035422044778948,0.006958586812717743,0.3779940033690872,2.192952453869962,120.0,88.0,6.4911265932023525
task-v2-07b8f456a957,g-3ff7063ef9ea5cfb,Nelder-Mead,O0,2,3,1.8588548445790685,1.8588548445790685,0.004499054242789622,0.0015081117387674057,0.33830765454659817,1.5665111728947232,120.0,67.0,4.462604439817369
task-v2-07b8f456a957,g-3ff7063ef9ea5cfb,Nelder-Mead,O0,3,3,1.3869555422048427,1.3869555422048427,0.0032897641028743286,0.001552075773714988,0.4717893822109951,1.4305547010063482,120.0,76.0,5.635520375333726
task-v2-07b8f456a957,g-3ff7063ef9ea5cfb,Nelder-Mead,O3,2,3,1.0500213251120698,1.9819746346426956,0.007348013585222373,0.0020258992830308313,0.2757070682483668,1.7795598942026054,120.0,69.0,3.8097701352089643
task-v2-07b8f456a957,g-3ff7063ef9ea5cfb,Nelder-Mead,O3,3,3,0.8797168965644655,1.5145870366614491,0.02057773015018538,0.007751746922236,0.3831008471107696,2.22678741135573,120.0,74.0,5.747942739166319
task-v2-07b8f456a957,g-3ff7063ef9ea5cfb,SLSQP,O0,2,3,1.3870697561892846,1.3870697561892846,0.008408834636253021,0.0033410061538446363,0.38698591500098206,1.8381257555873887,104.0,20.0,3.408140756189823
task-v2-07b8f456a957,g-3ff7063ef9ea5cfb,SLSQP,O0,3,3,1.2974962186172612,1.2974962186172612,0.004268711982478703,0.0027320769879560112,0.40066846880129375,1.5436867968100454,120.0,16.0,5.391913328319788
task-v2-07b8f456a957,g-3ff7063ef9ea5cfb,SLSQP,O3,2,3,1.058764416510045,1.9028268145891172,0.002872906629412275,0.0009547957937264916,0.33234487468248103,1.3717114551127512,120.0,22.0,3.900203294120729
task-v2-07b8f456a957,g-3ff7063ef9ea5cfb,SLSQP,O3,3,3,0.8900023855356329,1.5217853661532321,0.016676787481363,0.0060791851072446775,0.3660835396073178,2.135502338045706,120.0,16.0,5.599661919288337
task-v2-095187356858,g-3ff7063ef9ea5cfb,COBYLA,O0,2,3,1.7736533440694944,1.7736533440694944,0.002246130633619041,0.001770035941604632,0.7577013695975168,1.8668849459279337,120.0,92.0,3.307317000813782
task-v2-095187356858,g-3ff7063ef9ea5cfb,COBYLA,O0,3,3,1.5070381139427806,1.5070381139427806,0.0003306209036566017,0.00029445516646539225,0.8541419840935875,1.0347802435288322,120.0,94.0,5.947751399129629
task-v2-095187356858,g-3ff7063ef9ea5cfb,COBYLA,O3,2,3,1.0292838509375657,1.875482356032555,0.004742094184854674,0.003365489638221662,0.7474241660631653,2.1914201104045983,120.0,94.0,4.176333759911358
task-v2-095187356858,g-3ff7063ef9ea5cfb,COBYLA,O3,3,3,1.0194024772975474,1.769210901016384,0.003232686973802983,0.002355332225915899,0.7125042070715483,2.0250135881850215,120.0,88.0,5.743544097058475
task-v2-095187356858,g-3ff7063ef9ea5cfb,Nelder-Mead,O0,2,3,1.5229497602652078,1.5229497602652078,0.005687198777014001,0.004209622441690781,0.7401925986313064,2.270348342788401,120.0,70.0,3.7377445930615067
task-v2-095187356858,g-3ff7063ef9ea5cfb,Nelder-Mead,O0,3,3,1.5672515764728239,1.5672515764728239,0.0008481698593735709,0.0006797714594884422,0.8014567506448509,1.4439327702370064,120.0,75.0,5.834436718374491
task-v2-095187356858,g-3ff7063ef9ea5cfb,Nelder-Mead,O3,2,3,0.9852419527776632,1.7218385393821323,0.006691091039720341,0.004551524825398814,0.6778252729659862,2.3409468739378183,120.0,72.0,4.089601570740342
task-v2-095187356858,g-3ff7063ef9ea5cfb,Nelder-Mead,O3,3,3,1.0167936404484281,1.732616674174464,0.0036761206568752067,0.002733097164359262,0.7067098744099714,2.0808396922317773,120.0,73.0,5.804681699723005
task-v2-095187356858,g-3ff7063ef9ea5cfb,SLSQP,O0,2,3,1.5406749063353122,1.5406749063353122,0.001983821020798931,0.0015005718137091665,0.7564048359084588,1.812952422744784,118.0,23.0,3.569754053838551
task-v2-095187356858,g-3ff7063ef9ea5cfb,SLSQP,O0,3,3,1.4303658506385701,1.4303658506385701,0.00041454027240380483,0.0003525258642258805,0.850401969829566,1.1330166634120924,120.0,16.0,5.720963019877672
task-v2-095187356858,g-3ff7063ef9ea5cfb,SLSQP,O3,2,3,0.9469154511048827,1.7268740050361202,0.012564202053870996,0.00801317943683854,0.63777863706384,2.614584846940851,120.0,22.0,3.8540902538225055
task-v2-095187356858,g-3ff7063ef9ea5cfb,SLSQP,O3,3,3,0.9960574122153792,1.76715179210143,0.00579025577354627,0.003995770840760186,0.6900853774051776,2.2781476832443786,120.0,16.0,5.586506522260606
task-v2-0b71cbcaebc2,g-3ff7063ef9ea5cfb,COBYLA,O0,2,3,1.7024822233304118,1.7024822233304118,0.003147870202861514,0.0005274132193356318,0.2881058987095616,1.837375492557023,120.0,95.0,3.3278472404927015
task-v2-0b71cbcaebc2,g-3ff7063ef9ea5cfb,COBYLA,O0,3,3,1.5260408013747164,1.5260408013747164,0.001222553778858366,0.0009786523555584525,0.8115807802323076,1.4266266482786099,120.0,90.0,6.143419996835291
task-v2-0b71cbcaebc2,g-3ff7063ef9ea5cfb,COBYLA,O3,2,3,1.0575376123282898,2.0531517513805317,0.003990560105046185,0.0010959160347557098,0.2746271214834956,1.9403925323574585,120.0,93.0,4.17215583845973
task-v2-0b71cbcaebc2,g-3ff7063ef9ea5cfb,COBYLA,O3,3,3,0.9469147853872857,1.8007310719130314,0.010858278664852805,0.005414636895965901,0.5020502480227548,2.3751196590198767,120.0,90.0,5.923984939232469
task-v2-0b71cbcaebc2,g-3ff7063ef9ea5cfb,Nelder-Mead,O0,2,3,1.503365206818434,1.503365206818434,0.008615422754603863,0.0030838947186674196,0.35897159071974327,2.27463526882993,120.0,70.0,3.9513472886756063
task-v2-0b71cbcaebc2,g-3ff7063ef9ea5cfb,Nelder-Mead,O0,3,3,1.5455464122843319,1.5455464122843319,0.001332288142928364,0.0005603116211996443,0.3413086919126862,1.463956838689143,120.0,76.0,6.007754113525152
task-v2-0b71cbcaebc2,g-3ff7063ef9ea5cfb,Nelder-Mead,O3,2,3,0.9841994075156096,1.7991013084940202,0.009550301590690825,0.002866926637332708,0.3446878553911062,2.319375762367855,120.0,75.0,4.565702298656106
task-v2-0b71cbcaebc2,g-3ff7063ef9ea5cfb,Nelder-Mead,O3,3,3,0.9473689991822072,1.8325060271212357,0.01209324538968277,0.006358807414187396,0.49872637989116836,2.4219015413380576,120.0,72.0,5.698370604775846
task-v2-0b71cbcaebc2,g-3ff7063ef9ea5cfb,SLSQP,O0,2,3,1.5033462999264886,1.5033462999264886,0.0037307811644134545,0.00207895415571987,0.4193879669381907,1.911158451378806,116.0,22.0,3.7663317508995533
task-v2-0b71cbcaebc2,g-3ff7063ef9ea5cfb,SLSQP,O0,3,3,1.3672370278579953,1.3672370278579953,0.0016206253761336022,0.0013794310949707936,0.862385005010893,1.5490413108135939,120.0,16.0,5.677201849408448
task-v2-0b71cbcaebc2,g-3ff7063ef9ea5cfb,SLSQP,O3,2,3,0.8566628596253203,1.7122057385670724,0.02163757440164969,0.009423506773765876,0.43551616498590323,2.6745672501286935,112.0,21.0,3.586687353439629
task-v2-0b71cbcaebc2,g-3ff7063ef9ea5cfb,SLSQP,O3,3,3,0.9298130851224092,1.6709315913188347,0.012477287525148952,0.006767702988122913,0.4332463071863856,2.4354788589350007,120.0,16.0,5.618747007101774
task-v2-0c6c4504c3d3,g-8a16a856f5377a40,COBYLA,O0,2,3,1.7271813602278852,1.7271813602278852,0.013589359410930223,0.0018950926823740081,0.1708361291441773,1.3476189242949559,120.0,95.0,0.5299186082556844
task-v2-0c6c4504c3d3,g-8a16a856f5377a40,COBYLA,O0,3,3,1.3855528032729914,1.3855528032729914,0.010939625286098677,0.010685509699935094,0.818581565819699,1.2534223857020428,120.0,92.0,0.6425260910764337
task-v2-0c6c4504c3d3,g-8a16a856f5377a40,COBYLA,O3,2,3,0.6763363283366837,1.7705264142491939,0.040281548307685607,0.016298251996163363,0.31125161320110795,1.8195260945378187,120.0,95.0,0.47937966603785753
task-v2-0c6c4504c3d3,g-8a16a856f5377a40,COBYLA,O3,3,3,0.5634218177551585,1.759831219397113,0.05005550212032468,0.028373138315453645,0.551568801755384,1.9138717615538585,120.0,91.0,0.6196468779817224
task-v2-0c6c4504c3d3,g-8a16a856f5377a40,Nelder-Mead,O0,2,3,1.5321047133201713,1.5321047133201713,0.025752156982698098,0.008122412732719998,0.3056290878535612,1.6252335503991924,120.0,71.0,0.29376061633229256
task-v2-0c6c4504c3d3,g-8a16a856f5377a40,Nelder-Mead,O0,3,3,1.3852264960637557,1.3852264960637557,0.009007682212914847,0.004006064428791858,0.6371301739752488,1.169032995354074,120.0,75.0,0.4237221134826541
task-v2-0c6c4504c3d3,g-8a16a856f5377a40,Nelder-Mead,O3,2,3,0.6438787901135786,1.5164055966784729,0.04263155151339709,0.013377445401333175,0.3125338962401786,1.8441510777473626,120.0,72.0,0.28719865903258324
task-v2-0c6c4504c3d3,g-8a16a856f5377a40,Nelder-Mead,O3,3,3,0.10749661054430697,1.7449496368676505,0.0953973708790999,0.05123052866176091,0.5783930990100148,2.1939563451483326,120.0,72.0,0.4372801948338747
task-v2-0c6c4504c3d3,g-8a16a856f5377a40,SLSQP,O0,2,3,1.3528455861618074,1.3528455861618074,0.06237886180184002,0.01831325839228365,0.3042192911822892,2.0094573854191715,120.0,21.0,0.2930995598435402
task-v2-0c6c4504c3d3,g-8a16a856f5377a40,SLSQP,O0,3,3,1.2838920221830068,1.2838920221830068,0.008204402080281673,0.007621658524136692,0.8850917893118654,1.1284668753617186,120.0,16.0,0.41909647081047297
task-v2-0c6c4504c3d3,g-8a16a856f5377a40,SLSQP,O3,2,3,0.06689146476037358,1.7335279201698743,0.09997517249567897,0.050506714815966025,0.5051882819301527,2.2143121014271965,120.0,21.0,0.3016355186700821
task-v2-0c6c4504c3d3,g-8a16a856f5377a40,SLSQP,O3,3,3,0.10733999769486187,1.7346359771490816,0.09575705592408397,0.05220798439502066,0.5452129233840591,2.1955907244010686,120.0,16.0,0.43700270075351
task-v2-11173062a501,g-a87f1b9ac089cc45,COBYLA,O0,2,3,1.876498804945172,1.876498804945172,0.003080589064583274,0.0011724525243680664,0.3614951842550684,2.430052436666537,120.0,91.0,78.68950466252863
task-v2-11173062a501,g-a87f1b9ac089cc45,COBYLA,O0,3,3,1.3827212609809618,1.3827212609809618,0.005188694978837096,0.002291505522538679,0.4361029921429252,2.656476808364105,120.0,90.0,125.1514524128288
task-v2-11173062a501,g-a87f1b9ac089cc45,COBYLA,O3,2,3,1.0725263495396404,2.025175905154263,0.004040509045385049,0.0014283471363617504,0.33177830238032957,2.5478547505789964,120.0,96.0,85.09985589422286
task-v2-11173062a501,g-a87f1b9ac089cc45,COBYLA,O3,3,3,0.9719776181835486,1.5050635884005723,0.008005012992975694,0.003068729342935077,0.39139239902343526,2.844780708393385,120.0,88.0,127.07004927191883
task-v2-11173062a501,g-a87f1b9ac089cc45,Nelder-Mead,O0,2,3,1.3718442006116045,1.3718442006116045,0.005523517708699488,0.002241773904288335,0.42669821630872895,2.6836344179505653,120.0,70.0,85.21299011167139
task-v2-11173062a501,g-a87f1b9ac089cc45,Nelder-Mead,O0,3,3,1.2692550103843265,1.2692550103843265,0.0038798166256415172,0.0018535066728286016,0.44936616238397364,2.5302298669617773,120.0,78.0,127.98789302632213
task-v2-11173062a501,g-a87f1b9ac089cc45,Nelder-Mead,O3,2,3,0.8140936742392602,1.355187432427801,0.023426728901677896,0.00938946651194383,0.3874433295199528,3.31113031907575,120.0,74.0,86.99512105062604
task-v2-11173062a501,g-a87f1b9ac089cc45,Nelder-Mead,O3,3,3,0.8987179829720917,1.3644386701575644,0.015192365177499898,0.006265932790499919,0.41613748872344253,3.1230440581833827,120.0,76.0,126.7435125792399
task-v2-11173062a501,g-a87f1b9ac089cc45,SLSQP,O0,2,3,1.3109048663911496,1.3109048663911496,0.0038964795781658715,0.0017356030533947054,0.4190498429224898,2.5320910716329124,120.0,22.0,84.6275035161525
task-v2-11173062a501,g-a87f1b9ac089cc45,SLSQP,O0,3,3,1.3500397034418572,1.3500397034418572,0.007721169688171121,0.0033099394909339762,0.42868368713678495,2.829101764282556,120.0,15.0,124.99424037057906
task-v2-11173062a501,g-a87f1b9ac089cc45,SLSQP,O3,2,3,0.770346614138635,1.4012624198083037,0.029597190484474272,0.011075700786685917,0.37421459960856324,3.4126691548112227,120.0,22.0,84.5747926319018
task-v2-11173062a501,g-a87f1b9ac089cc45,SLSQP,O3,3,3,0.8907031578174659,1.4486481669670206,0.015553147537468255,0.006227994755964416,0.3887907790844915,3.133236958976012,120.0,16.0,126.64625383820385
task-v2-2d64318cb7be,g-6aa6775bed3bc2cc,COBYLA,O0,2,3,1.6086164203754894,1.6086164203754894,0.0127221084223558,0.0077000852706412696,0.6052522911304835,0.8138290534449398,120.0,96.0,0.28865910321474075
task-v2-2d64318cb7be,g-6aa6775bed3bc2cc,COBYLA,O0,3,3,1.622348278085267,1.622348278085267,0.020650275413026324,0.011295915939501204,0.5949364731917812,1.0241958091987566,120.0,93.0,0.31708080880343914
task-v2-2d64318cb7be,g-6aa6775bed3bc2cc,COBYLA,O3,2,3,1.0263132459626678,2.2100781615533465,0.012529446733514336,0.006343474564788103,0.5097288048310497,0.8072018551234733,120.0,92.0,0.2830561129376292
task-v2-2d64318cb7be,g-6aa6775bed3bc2cc,COBYLA,O3,3,3,0.661086743861808,2.054030067857933,0.04488324824342237,0.022795463915607148,0.5078835602979741,1.3613542406665904,120.0,92.0,0.310757614672184
task-v2-2d64318cb7be,g-6aa6775bed3bc2cc,Nelder-Mead,O0,2,3,1.7297013226795561,1.7297013226795561,0.00873526566515776,0.00494907986302029,0.5704776319261933,0.6505460786700015,120.0,72.0,0.07827875576913357
task-v2-2d64318cb7be,g-6aa6775bed3bc2cc,Nelder-Mead,O0,3,3,1.5741636057601476,1.5741636057601476,0.000738319182172495,0.00025201974851747996,0.3219208900189098,-0.4224858871079416,120.0,77.0,0.12229665741324425
task-v2-2d64318cb7be,g-6aa6775bed3bc2cc,Nelder-Mead,O3,2,3,0.9144539852844648,1.9234343881849285,0.022547459546834136,0.011414340099126525,0.5082366579212807,1.0623675773918249,120.0,74.0,0.08213563915342093
task-v2-2d64318cb7be,g-6aa6775bed3bc2cc,Nelder-Mead,O3,3,3,0.8789264183477428,1.8397568305665875,0.024045680873318015,0.017361833966042392,0.6162299001428183,1.0903070399667907,120.0,72.0,0.15201343595981598
task-v2-2d64318cb7be,g-6aa6775bed3bc2cc,SLSQP,O0,2,3,1.537103439344352,1.537103439344352,0.0332686191373443,0.020920578021383883,0.5709940888960658,1.2313047361915965,76.0,14.0,0.06666463799774647
task-v2-2d64318cb7be,g-6aa6775bed3bc2cc,SLSQP,O0,3,3,1.5804519267218113,1.5804519267218113,0.001683936489404881,0.0013557132578839173,0.805085741899351,-0.06440433120800701,120.0,16.0,0.11534927040338516
task-v2-2d64318cb7be,g-6aa6775bed3bc2cc,SLSQP,O3,2,3,0.6328266647612691,2.0441401142101805,0.049115277556730785,0.02728866517892988,0.5556044175340352,1.400486563619356,120.0,20.0,0.08708951715379953
task-v2-2d64318cb7be,g-6aa6775bed3bc2cc,SLSQP,O3,3,3,1.1430348678768034,2.0971073676507013,0.005176624885634708,0.0033040050230006422,0.5585559849820204,0.42331665676678987,120.0,15.0,0.1080497121438384
task-v2-3cd2eda112d3,g-6aa6775bed3bc2cc,COBYLA,O0,2,3,1.4826812389545612,1.4826812389545612,0.028031606450380244,0.017217718415186947,0.6808578329714144,0.9808266891754022,120.0,95.0,0.255410635843873
task-v2-3cd2eda112d3,g-6aa6775bed3bc2cc,COBYLA,O0,3,3,1.439017327653732,1.439017327653732,0.005974626107299255,0.005150305091011025,0.8620296899782316,0.30948943419848124,120.0,89.0,0.29517784621566534
task-v2-3cd2eda112d3,g-6aa6775bed3bc2cc,COBYLA,O3,2,3,0.8134327529818054,1.7022156567684164,0.0316043607346482,0.019115676957662125,0.6048430189162283,1.032925712144046,120.0,95.0,0.2712594987824559
task-v2-3cd2eda112d3,g-6aa6775bed3bc2cc,COBYLA,O3,3,3,0.6403386201636824,1.716894517586389,0.048046048916903714,0.03898366091437314,0.7226961026141253,1.214836381039396,120.0,91.0,0.30996858701109886
task-v2-3cd2eda112d3,g-6aa6775bed3bc2cc,Nelder-Mead,O0,2,3,1.2957056964269942,1.2957056964269942,0.053417271046546214,0.03678406319261673,0.6886174166509591,1.2608603991641054,120.0,75.0,0.07459200453013182
task-v2-3cd2eda112d3,g-6aa6775bed3bc2cc,Nelder-Mead,O0,3,3,1.513866586043725,1.513866586043725,0.004310529657262658,0.0024011304995309756,0.6208746609523307,0.16770933938797414,120.0,73.0,0.10633011255413294
task-v2-3cd2eda112d3,g-6aa6775bed3bc2cc,Nelder-Mead,O3,2,3,1.1182878516743084,2.1842441432155377,0.011845820762677099,0.008406805997449888,0.7095462127217617,0.6067438590306465,120.0,71.0,0.08310172241181135
task-v2-3cd2eda112d3,g-6aa6775bed3bc2cc,Nelder-Mead,O3,3,3,0.6407872181447217,1.7725196385590032,0.047991030076283143,0.038876567829467065,0.7213314186895567,1.2143387736205362,120.0,75.0,0.11880841478705406
task-v2-3cd2eda112d3,g-6aa6775bed3bc2cc,SLSQP,O0,2,3,1.3788011580195005,1.3788011580195005,0.007420407132045805,0.004742900443803353,0.675794318936469,0.40360643608734253,104.0,19.0,0.07378457486629486
task-v2-3cd2eda112d3,g-6aa6775bed3bc2cc,SLSQP,O0,3,3,1.3971374555327984,1.3971374555327984,0.005400128459489054,0.005338444538723587,0.9267845078497461,0.2655827929623172,120.0,16.0,0.11221018899232149
task-v2-3cd2eda112d3,g-6aa6775bed3bc2cc,SLSQP,O3,2,3,0.5587746206177829,1.583965099146866,0.05546834192105284,0.037706300326273,0.7039065368250496,1.2772238859114808,120.0,18.0,0.08825318142771721
task-v2-3cd2eda112d3,g-6aa6775bed3bc2cc,SLSQP,O3,3,3,0.24512670130383904,1.5791863184183073,0.08511631291588473,0.0598417654015298,0.6482903911556126,1.4631915044302466,120.0,15.0,0.11973748542368412
task-v2-3f11ce371857,g-3ff7063ef9ea5cfb,COBYLA,O0,2,3,1.8685352843439809,1.8685352843439809,0.0017991423100590647,0.0017991423100590647,1.0,2.0715454475150956,120.0,96.0,3.823228512890637
task-v2-3f11ce371857,g-3ff7063ef9ea5cfb,COBYLA,O0,3,3,1.7116157342042615,1.7116157342042615,0.0005210703959594065,0.0005210703959594065,1.0,1.5333763305287267,120.0,91.0,7.1410225154832006
task-v2-3f11ce371857,g-3ff7063ef9ea5cfb,COBYLA,O3,2,3,1.0216816260679624,1.9198518628399683,0.004171797198394345,0.004171797198394345,1.0,2.436803118738928,120.0,94.0,5.492569727823138
task-v2-3f11ce371857,g-3ff7063ef9ea5cfb,COBYLA,O3,3,3,1.007175945918868,1.9025933440651572,0.004695704083516668,0.004695704083516668,1.0,2.4881806511151434,120.0,85.0,7.3448939034715295
task-v2-3f11ce371857,g-3ff7063ef9ea5cfb,Nelder-Mead,O0,2,3,1.720704066651097,1.720704066651097,0.003962846688064263,0.003962846688064263,1.0,2.41448720159134,120.0,73.0,4.616143154911697
task-v2-3f11ce371857,g-3ff7063ef9ea5cfb,Nelder-Mead,O0,3,3,1.8057373044243052,1.8057373044243052,0.0006795747677078686,0.0006795747677078686,1.0,1.648717175969805,120.0,74.0,7.565663922578096
task-v2-3f11ce371857,g-3ff7063ef9ea5cfb,Nelder-Mead,O3,2,3,0.9515304924831293,1.9400195932440376,0.011291682613713709,0.011291682613713709,1.0,2.869238593133478,120.0,69.0,5.608085325919092
task-v2-3f11ce371857,g-3ff7063ef9ea5cfb,Nelder-Mead,O3,3,3,1.0168935223657494,1.8912776584208035,0.0032070836661046652,0.0032070836661046652,1.0,2.322590220534557,120.0,74.0,6.8906927509233356
task-v2-3f11ce371857,g-3ff7063ef9ea5cfb,SLSQP,O0,2,3,1.6685681258839922,1.6685681258839922,0.00011457400634341876,0.00011457400634341876,1.0,0.8755660300867469,120.0,22.0,4.976377346552908
task-v2-3f11ce371857,g-3ff7063ef9ea5cfb,SLSQP,O0,3,3,1.675181223325441,1.675181223325441,0.0003730264945023992,0.0003730264945023992,1.0,1.3882196096376331,120.0,16.0,6.9618902979418635
task-v2-3f11ce371857,g-3ff7063ef9ea5cfb,SLSQP,O3,2,3,0.9505234770656369,1.9047538966975086,0.011113021657420305,0.011113021657420305,1.0,2.862312091339578,120.0,21.0,4.654662111774087
task-v2-3f11ce371857,g-3ff7063ef9ea5cfb,SLSQP,O3,3,3,1.011309827234837,1.9084594505166725,0.004141698436911884,0.004141698436911884,1.0,2.43365840471929,120.0,16.0,6.576933203265071
task-v2-3f363bac5736,g-60667963f6db3f1b,COBYLA,O0,2,3,1.9381026073324488,1.9381026073324488,0.006636313963024374,0.006636313963024374,1.0,0.8322268808853766,120.0,94.0,0.259483290836215
task-v2-3f363bac5736,g-60667963f6db3f1b,COBYLA,O0,3,3,1.761133895802486,1.761133895802486,0.00016841576474437622,0.00016841576474437622,1.0,-0.7633173016773047,120.0,93.0,0.3003280330449343
task-v2-3f363bac5736,g-60667963f6db3f1b,COBYLA,O3,2,3,0.9543127500983506,2.0356936431291475,0.017540695556826167,0.017540695556826167,1.0,1.2543467674772522,120.0,94.0,0.2787672197446227
task-v2-3f363bac5736,g-60667963f6db3f1b,COBYLA,O3,3,3,0.9106530603208459,2.1829169308486653,0.02166887316663014,0.02166887316663014,1.0,1.346136284192268,120.0,91.0,0.3240839624777436
task-v2-3f363bac5736,g-60667963f6db3f1b,Nelder-Mead,O0,2,3,1.9367577556607898,1.9367577556607898,0.0061214669371509964,0.0061214669371509964,1.0,0.797155464793414,120.0,71.0,0.06733947526663542
task-v2-3f363bac5736,g-60667963f6db3f1b,Nelder-Mead,O0,3,3,1.6421569428231673,1.6421569428231673,0.00041612535164449346,0.00041612535164449346,1.0,-0.3704758681970898,120.0,76.0,0.10942677035927773
task-v2-3f363bac5736,g-60667963f6db3f1b,Nelder-Mead,O3,2,3,0.994046497897422,2.1414343055679783,0.016921528805503166,0.016921528805503166,1.0,1.2387395542198896,120.0,69.0,0.07575173676013947
task-v2-3f363bac5736,g-60667963f6db3f1b,Nelder-Mead,O3,3,3,0.8397528464935186,1.9456293134497964,0.025014494242557007,0.025014494242557007,1.0,1.4084916831321905,120.0,75.0,0.10600490774959326
task-v2-3f363bac5736,g-60667963f6db3f1b,SLSQP,O0,2,3,1.9367500817391037,1.9367500817391037,0.005970228991696197,0.005970228991696197,1.0,0.7862909457126998,87.0,16.0,0.052731714211404324
task-v2-3f363bac5736,g-60667963f6db3f1b,SLSQP,O0,3,3,1.7203983429834033,1.7203983429834033,0.0003553997431342492,0.0003553997431342492,1.0,-0.43898293377784536,120.0,16.0,0.10400052554905415
task-v2-3f363bac5736,g-60667963f6db3f1b,SLSQP,O3,2,3,1.1357297674452729,2.4083072905103484,0.00331906765699031,0.00331906765699031,1.0,0.5313160619432863,120.0,21.0,0.08109514228999615
task-v2-3f363bac5736,g-60667963f6db3f1b,SLSQP,O3,3,3,0.8184199881307181,2.0186575323132905,0.026826000277180573,0.026826000277180573,1.0,1.4388558813788501,120.0,15.0,0.11095034796744585
task-v2-420d9636beee,g-e0c69f84d376b633,COBYLA,O0,2,3,1.7518537413813642,1.7518537413813642,0.001145645334572641,0.001145645334572641,1.0,2.7786201084778015,120.0,93.0,79.18184227030724
task-v2-420d9636beee,g-e0c69f84d376b633,COBYLA,O0,3,3,1.5729888953861813,1.5729888953861813,0.0005028094023985714,0.0005028094023985714,1.0,2.4209733078937568,120.0,89.0,116.59300094656646
task-v2-420d9636beee,g-e0c69f84d376b633,COBYLA,O3,2,3,1.0294787432531454,1.893286353928523,0.002597282906160713,0.002597282906160713,1.0,3.1340891748663573,120.0,95.0,86.02367585804313
task-v2-420d9636beee,g-e0c69f84d376b633,COBYLA,O3,3,3,1.0184924635535857,1.8642112967591418,0.0029112675376813733,0.0029112675376813733,1.0,3.183652035386909,120.0,89.0,122.6516061834991
task-v2-420d9636beee,g-e0c69f84d376b633,Nelder-Mead,O0,2,3,1.7723265728819682,1.7723265728819682,0.0011015012917493549,0.0011015012917493549,1.0,2.7615549284072753,120.0,68.0,84.34754159394652
task-v2-420d9636beee,g-e0c69f84d376b633,Nelder-Mead,O0,3,3,1.6228123881777967,1.6228123881777967,0.0006132465300197549,0.0006132465300197549,1.0,2.5072050170989804,120.0,74.0,126.3492937143892
task-v2-420d9636beee,g-e0c69f84d376b633,Nelder-Mead,O3,2,3,0.9997597149143242,1.8702038618658012,0.004745669656638035,0.004745669656638035,1.0,3.3958674215575564,120.0,71.0,79.86363211739808
task-v2-420d9636beee,g-e0c69f84d376b633,Nelder-Mead,O3,3,3,1.0219061443267874,1.9404312612133194,0.00263558134297777,0.00263558134297777,1.0,3.140446342173915,120.0,72.0,113.24257934652269
task-v2-420d9636beee,g-e0c69f84d376b633,SLSQP,O0,2,3,1.4204762117435394,1.4204762117435394,0.00023416324481164382,0.00023416324481164382,1.0,2.089088645123151,118.0,21.0,74.63855368923396
task-v2-420d9636beee,g-e0c69f84d376b633,SLSQP,O0,3,3,1.349014498578494,1.349014498578494,0.00010586978599922262,0.00010586978599922262,1.0,1.7443419528313784,120.0,16.0,114.29016244597733
task-v2-420d9636beee,g-e0c69f84d376b633,SLSQP,O3,2,3,0.9917561626579375,1.894680420931048,0.00548649071627044,0.00548649071627044,1.0,3.4588645662792574,120.0,22.0,79.54394311271608
task-v2-420d9636beee,g-e0c69f84d376b633,SLSQP,O3,3,3,1.0200482743501345,1.849278688639425,0.00362332878908754,0.00362332878908754,1.0,3.2786776623064395,120.0,16.0,115.81615740526468
task-v2-4746dcc3bd93,g-a87f1b9ac089cc45,COBYLA,O0,2,3,1.5497048583896795,1.5497048583896795,0.0018766987479060737,0.0018766987479060737,1.0,2.9929644818607333,120.0,94.0,78.71475692652166
task-v2-4746dcc3bd93,g-a87f1b9ac089cc45,COBYLA,O0,3,3,1.3444411306866775,1.3444411306866775,0.00045634344322315583,0.00045634344322315583,1.0,2.3788617325509196,120.0,89.0,115.28740367107093
task-v2-4746dcc3bd93,g-a87f1b9ac089cc45,COBYLA,O3,2,3,1.018582032333188,1.7596569597670764,0.0028483463010706917,0.0028483463010706917,1.0,3.1741627071805736,120.0,93.0,85.47072817385197
task-v2-4746dcc3bd93,g-a87f1b9ac089cc45,COBYLA,O3,3,3,0.9874623234381034,1.6670800119841223,0.006493996552295395,0.006493996552295395,1.0,3.5320819713359484,120.0,87.0,122.29278214741498
task-v2-4746dcc3bd93,g-a87f1b9ac089cc45,Nelder-Mead,O0,2,3,1.4823784506197857,1.4823784506197857,0.00465202813781096,0.00465202813781096,1.0,3.3872122505119235,120.0,71.0,83.70256089605391
task-v2-4746dcc3bd93,g-a87f1b9ac089cc45,Nelder-Mead,O0,3,3,1.4293266376323719,1.4293266376323719,0.0011678699661571647,0.0011678699661571647,1.0,2.7869644075459483,120.0,76.0,127.02919539809227
task-v2-4746dcc3bd93,g-a87f1b9ac089cc45,Nelder-Mead,O3,2,3,0.9492331499838942,1.9109189445747359,0.008831511432918101,0.008831511432918101,1.0,3.665604953107577,120.0,70.0,78.77481118123978
task-v2-4746dcc3bd93,g-a87f1b9ac089cc45,Nelder-Mead,O3,3,3,0.9779117693341561,1.774646672944309,0.006840142494494704,0.006840142494494704,1.0,3.554635066693676,120.0,75.0,111.9392695184797
task-v2-4746dcc3bd93,g-a87f1b9ac089cc45,SLSQP,O0,2,3,1.2186437172309779,1.2186437172309779,0.0004908817633045973,0.0004908817633045973,1.0,2.4105468155877894,120.0,22.0,76.40234998147935
task-v2-4746dcc3bd93,g-a87f1b9ac089cc45,SLSQP,O0,3,3,1.200646996987794,1.200646996987794,0.0006277456287949707,0.0006277456287949707,1.0,2.5173536148718365,120.0,16.0,115.9887341633439
task-v2-4746dcc3bd93,g-a87f1b9ac089cc45,SLSQP,O3,2,3,0.9621460187734562,1.674151236015119,0.007629356161541066,0.007629356161541066,1.0,3.6020578071710547,120.0,22.0,78.49983263481408
task-v2-4746dcc3bd93,g-a87f1b9ac089cc45,SLSQP,O3,3,3,0.9742747389163167,1.8058341784408038,0.006644719810686168,0.006644719810686168,1.0,3.542046590292678,120.0,16.0,115.07724982313812
task-v2-4968f3a685c2,g-8a16a856f5377a40,COBYLA,O0,2,3,1.7232437036626118,1.7232437036626118,0.0036516813680191173,0.0036516813680191173,1.0,1.4758828192442515,120.0,94.0,0.4879560982808471
task-v2-4968f3a685c2,g-8a16a856f5377a40,COBYLA,O0,3,3,1.4040450075189717,1.4040450075189717,0.0002844438850147038,0.0002844438850147038,1.0,0.36738654535686044,120.0,88.0,0.635521775111556
task-v2-4968f3a685c2,g-8a16a856f5377a40,COBYLA,O3,2,3,1.034297015413787,1.9717721499579324,0.005540622659694672,0.005540622659694672,1.0,1.656948517471025,120.0,93.0,0.5393204940482974
task-v2-4968f3a685c2,g-8a16a856f5377a40,COBYLA,O3,3,3,0.9701415569823335,1.8720952644053104,0.01008635349900963,0.01008635349900963,1.0,1.917124128551334,120.0,87.0,0.6891952576115727
task-v2-4968f3a685c2,g-8a16a856f5377a40,Nelder-Mead,O0,2,3,1.5149667626378438,1.5149667626378438,0.008812483994786837,0.008812483994786837,1.0,1.8584882848672877,120.0,72.0,0.35256457421928644
task-v2-4968f3a685c2,g-8a16a856f5377a40,Nelder-Mead,O0,3,3,1.4323069535267225,1.4323069535267225,9.976653136910866e-05,9.976653136910866e-05,1.0,-0.08762518321219295,120.0,77.0,0.5208292677998543
task-v2-4968f3a685c2,g-8a16a856f5377a40,Nelder-Mead,O3,2,3,0.9505533301326963,1.7820695320539541,0.012364881452306681,0.012364881452306681,1.0,2.005579900572027,120.0,69.0,0.3998245382681489
task-v2-4968f3a685c2,g-8a16a856f5377a40,Nelder-Mead,O3,3,3,1.012065119456988,1.8725066113761661,0.006278565646585967,0.006278565646585967,1.0,1.7112503830819252,120.0,73.0,0.512811254709959
task-v2-4968f3a685c2,g-8a16a856f5377a40,SLSQP,O0,2,3,1.5768305383263672,1.5768305383263672,0.000892758817586832,0.000892758817586832,1.0,0.8641240919509503,120.0,19.0,0.3217402435839176
task-v2-4968f3a685c2,g-8a16a856f5377a40,SLSQP,O0,3,3,1.348573607626824,1.348573607626824,5.939843961652131e-05,5.939843961652131e-05,1.0,-0.31283502005431413,120.0,16.0,0.47088233195245266
task-v2-4968f3a685c2,g-8a16a856f5377a40,SLSQP,O3,2,3,0.8719208931367323,1.771488050573124,0.020729476409311377,0.020729476409311377,1.0,2.2299782763373583,105.0,20.0,0.350237675011158
task-v2-4968f3a685c2,g-8a16a856f5377a40,SLSQP,O3,3,3,0.9553021552823928,1.899717963079762,0.011870670177093756,0.011870670177093756,1.0,1.9878651820469704,120.0,16.0,0.5055669378489256
task-v2-4d2b9f5eb099,g-6aa6775bed3bc2cc,COBYLA,O0,2,3,1.6526899601361071,1.6526899601361071,0.00586329086458242,0.00586329086458242,1.0,0.7784413957248015,120.0,94.0,0.2386446576565504
task-v2-4d2b9f5eb099,g-6aa6775bed3bc2cc,COBYLA,O0,3,3,1.7079828469948795,1.7079828469948795,0.0007063208738049691,0.0007063208738049691,1.0,-0.1406980022734563,120.0,94.0,0.2915226127952337
task-v2-4d2b9f5eb099,g-6aa6775bed3bc2cc,COBYLA,O3,2,3,0.9238232364756377,1.9312857035454607,0.018675299440761524,0.018675299440761524,1.0,1.2815675306842926,120.0,92.0,0.2559142652899027
task-v2-4d2b9f5eb099,g-6aa6775bed3bc2cc,COBYLA,O3,3,3,1.0117471438377712,2.0123585083433797,0.012813546701549943,0.012813546701549943,1.0,1.1179693127481531,120.0,95.0,0.3109391238540411
task-v2-4d2b9f5eb099,g-6aa6775bed3bc2cc,Nelder-Mead,O0,2,3,1.8060446192652022,1.8060446192652022,0.00505953213921058,0.00505953213921058,1.0,0.7144103156232016,120.0,73.0,0.07740124966949224
task-v2-4d2b9f5eb099,g-6aa6775bed3bc2cc,Nelder-Mead,O0,3,3,1.6562353575729718,1.6562353575729718,0.0002894041376402784,0.0002894041376402784,1.0,-0.5281953073805719,120.0,77.0,0.10831969790160656
task-v2-4d2b9f5eb099,g-6aa6775bed3bc2cc,Nelder-Mead,O3,2,3,0.9885456552567424,1.9850813695127998,0.013832465526738448,0.013832465526738448,1.0,1.1511995531789265,120.0,72.0,0.08289076946675777
task-v2-4d2b9f5eb099,g-6aa6775bed3bc2cc,Nelder-Mead,O3,3,3,0.9753274507191593,2.0754687400812895,0.014437844789208563,0.014437844789208563,1.0,1.169802325357432,120.0,71.0,0.11485804338008165
task-v2-4d2b9f5eb099,g-6aa6775bed3bc2cc,SLSQP,O0,2,3,1.636817575784334,1.636817575784334,0.005121197846170953,0.005121197846170953,1.0,0.7196715108066737,85.0,16.0,0.05779400561004877
task-v2-4d2b9f5eb099,g-6aa6775bed3bc2cc,SLSQP,O0,3,3,1.5537751417425918,1.5537751417425918,0.0004776365262526495,0.0004776365262526495,1.0,-0.310602512208297,120.0,16.0,0.10291038546711206
task-v2-4d2b9f5eb099,g-6aa6775bed3bc2cc,SLSQP,O3,2,3,0.98851072490216,2.1230163602273935,0.013875902107605954,0.013875902107605954,1.0,1.1525611839386523,112.0,21.0,0.08119490649551153
task-v2-4d2b9f5eb099,g-6aa6775bed3bc2cc,SLSQP,O3,3,3,0.7226220762994856,1.912156633548204,0.03805632284411059,0.03805632284411059,1.0,1.5907267793280138,120.0,15.0,0.12162319663912058
task-v2-4e78b3f98433,g-553bb3c5ba0f2136,COBYLA,O0,2,3,1.6874314518760114,1.6874314518760114,0.05445195326125182,0.05445195326125182,1.0,0.8432234327179645,120.0,95.0,0.23543375544250011
task-v2-4e78b3f98433,g-553bb3c5ba0f2136,COBYLA,O0,3,3,1.6268266183446116,1.6268266183446116,0.007104629721456258,0.007104629721456258,1.0,-0.04124858202513587,120.0,89.0,0.22199507616460323
task-v2-4e78b3f98433,g-553bb3c5ba0f2136,COBYLA,O3,2,3,0.24435978191028232,2.0513016987164914,0.08245433776806715,0.08245433776806715,1.0,1.0234234776475821,120.0,92.0,0.2371611064299941
task-v2-4e78b3f98433,g-553bb3c5ba0f2136,COBYLA,O3,3,3,0.06976744186046512,2.085778066370593,0.1005135041545933,0.1005135041545933,1.0,1.1094343835022227,83.0,60.0,0.16743633337318897
task-v2-4e78b3f98433,g-553bb3c5ba0f2136,Nelder-Mead,O0,2,3,1.7075574270259422,1.7075574270259422,0.05440472540867351,0.05440472540867351,1.0,0.8428465923200318,120.0,71.0,0.03138423152267933
task-v2-4e78b3f98433,g-553bb3c5ba0f2136,Nelder-Mead,O0,3,3,1.586478860793056,1.586478860793056,0.006447469647986201,0.006447469647986201,1.0,-0.08340072401569425,120.0,76.0,0.041242532432079315
task-v2-4e78b3f98433,g-553bb3c5ba0f2136,Nelder-Mead,O3,2,3,1.0156569448383754,2.4288556645458343,0.015059423686152606,0.015059423686152606,1.0,0.285018321677695,120.0,71.0,0.03870581090450287
task-v2-4e78b3f98433,g-553bb3c5ba0f2136,Nelder-Mead,O3,3,3,0.3539472763126239,2.1481748107572014,0.07357206025657383,0.07357206025657383,1.0,0.9739228875162902,120.0,74.0,0.04884977824985981
task-v2-4e78b3f98433,g-553bb3c5ba0f2136,SLSQP,O0,2,3,1.596342528361927,1.596342528361927,0.10272950030502045,0.10272950030502045,1.0,1.1189051452797754,94.0,17.0,0.03652741387486458
task-v2-4e78b3f98433,g-553bb3c5ba0f2136,SLSQP,O0,3,3,1.577419451539145,1.577419451539145,0.02287263843948206,0.02287263843948206,1.0,0.46652623454389863,120.0,16.0,0.043533241376280785
task-v2-4e78b3f98433,g-553bb3c5ba0f2136,SLSQP,O3,2,3,0.6248031560327352,2.288999956048688,0.04985680622734264,0.04985680622734264,1.0,0.8049344242755776,75.0,13.0,0.02641112543642521
task-v2-4e78b3f98433,g-553bb3c5ba0f2136,SLSQP,O3,3,3,0.06976744186046512,1.7478423072235012,0.11071310183337611,0.11071310183337611,1.0,1.151408988152997,56.0,7.0,0.024505374021828175
task-v2-526a936f38d9,g-e0c69f84d376b633,COBYLA,O0,2,3,1.5570247856140191,1.5570247856140191,0.0031596351899848755,0.0007699911758858337,0.24369622743995312,2.6171468683609658,120.0,94.0,82.49281728453934
task-v2-526a936f38d9,g-e0c69f84d376b633,COBYLA,O0,3,3,1.4353009091846718,1.4353009091846718,0.001611817307197228,0.00032802000834097645,0.20350942186578638,2.32482574106908,120.0,92.0,131.66163231991231
task-v2-526a936f38d9,g-e0c69f84d376b633,COBYLA,O3,2,3,0.9589542413215979,1.796337868564945,0.01060157017584053,0.0026752888282762,0.27612888701896743,3.14288011874131,120.0,92.0,92.24311664700508
task-v2-526a936f38d9,g-e0c69f84d376b633,COBYLA,O3,3,3,0.9338036035634053,1.745749292915043,0.012202961166349046,0.0034508761923921073,0.2827900658987806,3.2039751555001663,120.0,92.0,131.8530840408057
task-v2-526a936f38d9,g-e0c69f84d376b633,Nelder-Mead,O0,2,3,1.5391778256666502,1.5391778256666502,0.009678283689646837,0.0017001554352236142,0.1994157138720081,3.1033082742775293,120.0,72.0,88.39673042856157
task-v2-526a936f38d9,g-e0c69f84d376b633,Nelder-Mead,O0,3,3,1.4674282375100898,1.4674282375100898,0.0022212934808464573,0.0005152610730369151,0.2319644285997576,2.464115868308406,120.0,75.0,131.70062031876296
task-v2-526a936f38d9,g-e0c69f84d376b633,Nelder-Mead,O3,2,3,0.8442859887380331,1.8071891856166205,0.022397793836733598,0.0062675717103196065,0.27642250924700573,3.4677151690986983,120.0,70.0,91.11609256081283
task-v2-526a936f38d9,g-e0c69f84d376b633,Nelder-Mead,O3,3,3,0.9581373189897361,1.842738839632318,0.009829905604027411,0.0026823256609776794,0.2713067210351065,3.110059273636922,120.0,75.0,139.39070444740355
task-v2-526a936f38d9,g-e0c69f84d376b633,SLSQP,O0,2,3,1.3153267180310204,1.3153267180310204,0.0005160862903389179,9.075774629828468e-05,0.175857696662865,1.8302322486220393,112.0,22.0,87.50333395972848
task-v2-526a936f38d9,g-e0c69f84d376b633,SLSQP,O0,3,3,1.2757707172327293,1.2757707172327293,0.0006435478769471131,0.00014946070023718271,0.26073898067635715,1.9260907882048268,120.0,16.0,133.42972714547068
task-v2-526a936f38d9,g-e0c69f84d376b633,SLSQP,O3,2,3,0.8607332692299666,1.805839323400198,0.018937163537937327,0.005254404281216199,0.2774652217946954,3.3948248559669163,120.0,22.0,92.96259965840727
task-v2-526a936f38d9,g-e0c69f84d376b633,SLSQP,O3,3,3,0.897791700631583,1.7221568879195663,0.015196183453001047,0.00411988727346158,0.2711132888204213,3.2992444541385866,120.0,16.0,106.97569031454623
task-v2-59a464f36e13,g-bd62d2d752385cc7,COBYLA,O0,2,3,1.7205532053177879,1.7205532053177879,0.001443365018404052,0.001443365018404052,1.0,1.9758561060913507,120.0,95.0,4.714522431604564
task-v2-59a464f36e13,g-bd62d2d752385cc7,COBYLA,O0,3,3,1.5541186313604887,1.5541186313604887,0.0014885651736796972,0.0014885651736796972,1.0,1.98924778468862,120.0,92.0,7.739720043726265
task-v2-59a464f36e13,g-bd62d2d752385cc7,COBYLA,O3,2,3,1.0298513788725139,1.9825220628420006,0.0036116592640952467,0.0036116592640952467,1.0,2.3741867014170364,120.0,90.0,5.114370592869818
task-v2-59a464f36e13,g-bd62d2d752385cc7,COBYLA,O3,3,3,1.0127030410724192,1.8052961751111827,0.004677452581141523,0.004677452581141523,1.0,2.4864893240479193,120.0,90.0,7.180716648697853
task-v2-59a464f36e13,g-bd62d2d752385cc7,Nelder-Mead,O0,2,3,1.6035009346673872,1.6035009346673872,0.00283438894729508,0.00283438894729508,1.0,2.26893937641999,120.0,70.0,5.0315587082877755
task-v2-59a464f36e13,g-bd62d2d752385cc7,Nelder-Mead,O0,3,3,1.5896568637450805,1.5896568637450805,0.0006033546344617586,0.0006033546344617586,1.0,1.5970525835896265,120.0,77.0,7.295614956878126
task-v2-59a464f36e13,g-bd62d2d752385cc7,Nelder-Mead,O3,2,3,1.012094653702238,1.8999438226978316,0.004586732926445444,0.004586732926445444,1.0,2.4779833836513006,120.0,71.0,4.861528495326638
task-v2-59a464f36e13,g-bd62d2d752385cc7,Nelder-Mead,O3,3,3,1.0102229935184537,1.8604904246515388,0.004175852459210457,0.004175852459210457,1.0,2.4372250764410115,120.0,78.0,7.0052977204322815
task-v2-59a464f36e13,g-bd62d2d752385cc7,SLSQP,O0,2,3,1.4569542967741667,1.4569542967741667,8.425846303202207e-05,8.425846303202207e-05,1.0,0.7420934634729238,120.0,22.0,4.724581157788634
task-v2-59a464f36e13,g-bd62d2d752385cc7,SLSQP,O0,3,3,1.4382295011797228,1.4382295011797228,0.00013086522005152046,0.00013086522005152046,1.0,0.9333041704004652,120.0,16.0,6.858991634100676
task-v2-59a464f36e13,g-bd62d2d752385cc7,SLSQP,O3,2,3,1.0303474940188662,1.8461547376457745,0.002597710197167608,0.002597710197167608,1.0,2.2310706297890377,120.0,20.0,4.2979933666065335
task-v2-59a464f36e13,g-bd62d2d752385cc7,SLSQP,O3,3,3,1.0106383291125507,1.7961061121008433,0.0038809166916081664,0.0038809166916081664,1.0,2.4054142508274623,120.0,16.0,6.35453231073916
task-v2-5acbf653f95a,g-a712031e7959d564,COBYLA,O0,2,3,1.5795989008625129,1.5795989008625129,0.011464763766062246,0.007737043312747564,0.6122757607774159,1.6717250583941685,120.0,94.0,0.48831980768591166
task-v2-5acbf653f95a,g-a712031e7959d564,COBYLA,O0,3,3,1.457377135798703,1.457377135798703,0.0015448892369286297,0.0010651867199275406,0.5933844617877624,0.8012572954729067,120.0,94.0,0.6504444284364581
task-v2-5acbf653f95a,g-a712031e7959d564,COBYLA,O3,2,3,0.8644085790519341,1.9893110808446486,0.021162944566917676,0.011219174958145547,0.5343273401528836,1.9379360423420013,120.0,94.0,0.4535717470571399
task-v2-5acbf653f95a,g-a712031e7959d564,COBYLA,O3,3,3,0.7852379158628471,1.824788796854893,0.02705090880779953,0.01596201997322617,0.5878412246383946,2.044541808300652,120.0,86.0,0.5930841518566012
task-v2-5acbf653f95a,g-a712031e7959d564,Nelder-Mead,O0,2,3,1.5196137735184405,1.5196137735184405,0.01486059172018904,0.00956645256872496,0.6437464098908214,1.7843960505078504,120.0,72.0,0.2636324530467391
task-v2-5acbf653f95a,g-a712031e7959d564,Nelder-Mead,O0,3,3,1.381263226269046,1.381263226269046,0.001326100425456606,0.0008293151681359734,0.625378856846699,0.7349363623609287,120.0,76.0,0.3938455982133746
task-v2-5acbf653f95a,g-a712031e7959d564,Nelder-Mead,O3,2,3,0.7491501481531234,1.8058254455186111,0.03135683994507982,0.01557666645151009,0.5156647879352182,2.108692237198126,120.0,73.0,0.27605303656309843
task-v2-5acbf653f95a,g-a712031e7959d564,Nelder-Mead,O3,3,3,0.7866938731505896,1.8290293224595726,0.026989123326617015,0.016669753090118516,0.5688667764734002,2.0435487257960143,120.0,74.0,0.3887729961425066
task-v2-5acbf653f95a,g-a712031e7959d564,SLSQP,O0,2,3,1.4851374318507473,1.4851374318507473,0.02730292500389806,0.016700078431008847,0.6116591896992437,2.0485691241295836,92.0,18.0,0.2016677912324667
task-v2-5acbf653f95a,g-a712031e7959d564,SLSQP,O0,3,3,1.2867550557280598,1.2867550557280598,0.0010289192186665789,0.0008770194954927956,0.8238473351825764,0.6247412272350631,120.0,16.0,0.4080996988341212
task-v2-5acbf653f95a,g-a712031e7959d564,SLSQP,O3,2,3,0.6774025870044983,1.5557750195227886,0.03800539258632599,0.022546063081049617,0.5932332636701008,2.192205171014205,111.0,21.0,0.26613655127584934
task-v2-5acbf653f95a,g-a712031e7959d564,SLSQP,O3,3,3,0.6951219252937353,1.986814999579555,0.037616504456649213,0.018389622333148697,0.5140393968333669,2.1877383838998004,120.0,16.0,0.40463782846927643
task-v2-5b0627539151,g-a712031e7959d564,COBYLA,O0,2,3,1.4739569788157514,1.4739569788157514,0.043264838030318636,0.00500776655023972,0.1157467999008903,1.8505550214905413,120.0,94.0,0.4751840801909566
task-v2-5b0627539151,g-a712031e7959d564,COBYLA,O0,3,3,1.3777483576560954,1.3777483576560954,0.03610985088331005,0.01193079412254068,0.675564801315543,1.772045634294446,120.0,92.0,0.6493782941251993
task-v2-5b0627539151,g-a712031e7959d564,COBYLA,O3,2,3,0.5177107331841045,1.4512653001747877,0.05404559184129146,0.01575907806708171,0.2619417107947115,1.9471802163625918,120.0,94.0,0.5210446920245886
task-v2-5b0627539151,g-a712031e7959d564,COBYLA,O3,3,3,0.41885765700351796,1.7432987066339873,0.06307150317409228,0.03286623176265741,0.5210947909698431,2.0142531208905194,120.0,92.0,0.700202826410532
task-v2-5b0627539151,g-a712031e7959d564,Nelder-Mead,O0,2,3,1.782673094180493,1.782673094180493,0.01392859351569357,0.0009444281397584983,0.06797261568933657,1.3583272036585154,120.0,71.0,0.3006574818864465
task-v2-5b0627539151,g-a712031e7959d564,Nelder-Mead,O0,3,3,1.3232190804750217,1.3232190804750217,0.006140660150987359,0.0035623225237507773,0.6524656683387737,1.0026350017267511,120.0,76.0,0.45124716591089964
task-v2-5b0627539151,g-a712031e7959d564,Nelder-Mead,O3,2,3,0.3566495233410401,1.4006236888122041,0.06982277117882767,0.021119079164317028,0.2771638300017106,2.0584170207230525,120.0,75.0,0.32541415374726057
task-v2-5b0627539151,g-a712031e7959d564,Nelder-Mead,O3,3,3,0.324589252770168,1.631229498403707,0.07209498463032914,0.04161964197882861,0.5772890055006674,2.072324992876003,120.0,71.0,0.44914250541478395
task-v2-5b0627539151,g-a712031e7959d564,SLSQP,O0,2,3,1.3585080950831214,1.3585080950831214,0.04211463237640486,0.011988229895038286,0.31712687689015345,1.838852953332064,120.0,23.0,0.3221886185929179
task-v2-5b0627539151,g-a712031e7959d564,SLSQP,O0,3,3,1.2768312741400547,1.2768312741400547,0.00508608697259693,0.004080605005018227,0.4339110248557782,0.9208037216780874,120.0,16.0,0.4800467658787966
task-v2-5b0627539151,g-a712031e7959d564,SLSQP,O3,2,3,0.5099338167615293,1.8482463998110186,0.0541809033015502,0.03456646264004901,0.5178741447979043,1.9482661805910504,120.0,21.0,0.3330263402312994
task-v2-5b0627539151,g-a712031e7959d564,SLSQP,O3,3,3,0.057335498229412564,1.6217090732250687,0.09745210371377688,0.02612074772531525,0.3676019898769097,2.203211158033352,120.0,15.0,0.5054740784689784
task-v2-5b5a3995de2b,g-bd62d2d752385cc7,COBYLA,O0,2,3,1.857453031320061,1.857453031320061,0.003279202328708524,0.0009142033807283683,0.2787883421296595,1.6332781400082088,120.0,94.0,3.9631634624674916
task-v2-5b5a3995de2b,g-bd62d2d752385cc7,COBYLA,O0,3,3,1.4016698068491344,1.4016698068491344,0.003945343288135014,0.0031394950892895757,0.7317702415888345,1.7135947238600902,120.0,92.0,5.143880060873926
task-v2-5b5a3995de2b,g-bd62d2d752385cc7,COBYLA,O3,2,3,1.061812807938847,2.090655585106254,0.0060975054013357646,0.0017170331600510696,0.19824613900821925,1.9026621199834572,120.0,93.0,3.7745637744665146
task-v2-5b5a3995de2b,g-bd62d2d752385cc7,COBYLA,O3,3,3,0.9230296241220485,1.5941443625077372,0.014537367900192704,0.004947430212200772,0.3374304538393432,2.279995707645645,120.0,89.0,5.2653301656246185
task-v2-5b5a3995de2b,g-bd62d2d752385cc7,Nelder-Mead,O0,2,3,1.3870607179277443,1.3870607179277443,0.003912350900722247,0.0009078480442818334,0.23492598414122884,1.7099477262409244,120.0,72.0,3.1330655673518777
task-v2-5b5a3995de2b,g-bd62d2d752385cc7,Nelder-Mead,O0,3,3,1.3477520363378754,1.3477520363378754,0.002957825238175252,0.0013540802863321135,0.45779590655175956,1.5884824366049792,120.0,77.0,4.843249793164432
task-v2-5b5a3995de2b,g-bd62d2d752385cc7,Nelder-Mead,O3,2,3,1.0581404149157947,2.087642528091628,0.004300976583727106,0.0009434332846945359,0.21935327159511828,1.751077004371698,120.0,70.0,3.4125336911529303
task-v2-5b5a3995de2b,g-bd62d2d752385cc7,Nelder-Mead,O3,3,3,0.9000117480903123,1.4723736024844063,0.01816769545781835,0.006447551778049742,0.3245835096918792,2.3768097675512347,120.0,77.0,5.173756523989141
task-v2-5b5a3995de2b,g-bd62d2d752385cc7,SLSQP,O0,2,3,1.4203205970759858,1.4203205970759858,0.006655133772713295,0.0024443263031814536,0.36732152605696616,1.9406667158004505,120.0,20.0,3.306841365993023
task-v2-5b5a3995de2b,g-bd62d2d752385cc7,SLSQP,O0,3,3,1.3710746261401598,1.3710746261401598,0.004066527800133036,0.0016538934849486047,0.427617922427256,1.726733671915143,120.0,15.0,5.0698239877820015
task-v2-5b5a3995de2b,g-bd62d2d752385cc7,SLSQP,O3,2,3,1.057838698631847,2.0801773892483313,0.004201238747277612,0.0009020839168309677,0.21471855590580635,1.7408872885395588,120.0,22.0,3.470191369764507
task-v2-5b5a3995de2b,g-bd62d2d752385cc7,SLSQP,O3,3,3,0.8960899363133382,1.5414741771167273,0.0164701666644029,0.005225809374865525,0.31728940461544375,2.3342079201790065,120.0,16.0,5.177338343113661
task-v2-5d31ef4af595,g-bd62d2d752385cc7,COBYLA,O0,2,3,1.7128325192685019,1.7128325192685019,0.007562169703456421,0.002779399542135974,0.31944974641335516,2.093066358480374,120.0,94.0,4.8907955680042505
task-v2-5d31ef4af595,g-bd62d2d752385cc7,COBYLA,O0,3,3,1.4190728570865005,1.4190728570865005,0.0034239700879204753,0.00268575424053105,0.7843976937784012,1.748949901285717,120.0,92.0,7.409156387671828
task-v2-5d31ef4af595,g-bd62d2d752385cc7,COBYLA,O3,2,3,1.0657635917020651,2.1295160482873294,0.005392845390283936,0.0015591335523131333,0.289111487438924,1.946237908794163,120.0,94.0,5.073512773960829
task-v2-5d31ef4af595,g-bd62d2d752385cc7,COBYLA,O3,3,3,0.9373731284063075,1.5856973254457627,0.012964627970106817,0.005177149979678351,0.39932885013095337,2.327179998168335,120.0,92.0,7.206276774406433
task-v2-5d31ef4af595,g-bd62d2d752385cc7,Nelder-Mead,O0,2,3,1.4254755291200232,1.4254755291200232,0.009829634795575502,0.004117760766433144,0.36597354766465073,2.206957321907865,120.0,71.0,5.059457213617861
task-v2-5d31ef4af595,g-bd62d2d752385cc7,Nelder-Mead,O0,3,3,1.3258293437771662,1.3258293437771662,0.002532394802068396,0.0010972527602158405,0.5112707745616433,1.6179513527238585,120.0,75.0,7.4291224321350455
task-v2-5d31ef4af595,g-bd62d2d752385cc7,Nelder-Mead,O3,2,3,1.0639244528700438,2.2588402112568513,0.001178577593883684,0.00011111987968022175,0.09428304106313119,1.28577811969548,120.0,71.0,4.916877370327711
task-v2-5d31ef4af595,g-bd62d2d752385cc7,Nelder-Mead,O3,3,3,0.9286880524718535,1.5224703521633245,0.013806085918534673,0.005845047521767178,0.4233674595578317,2.3544905110736063,120.0,73.0,7.008622316643596
task-v2-5d31ef4af595,g-bd62d2d752385cc7,SLSQP,O0,2,3,1.4362875660821817,1.4362875660821817,0.006101834578239952,0.0024693992986455234,0.405019704205958,1.9998803689653848,120.0,22.0,4.736412648111582
task-v2-5d31ef4af595,g-bd62d2d752385cc7,SLSQP,O0,3,3,1.3382631304899264,1.3382631304899264,0.005618282474094051,0.002362955928843736,0.41890073971508834,1.9640235100203776,120.0,16.0,6.4145356100052595
task-v2-5d31ef4af595,g-bd62d2d752385cc7,SLSQP,O3,2,3,1.0203172631705388,1.9168404455269084,0.004252659998961252,0.0015189525545156,0.3571770503371106,1.8430806014648367,120.0,22.0,4.466441810131073
task-v2-5d31ef4af595,g-bd62d2d752385cc7,SLSQP,O3,3,3,0.908389341647711,1.5471224074915728,0.016555883392537597,0.00654017076304358,0.3785101856062835,2.4333722981844126,120.0,16.0,6.195412162691355
task-v2-5de325b6f026,g-8a16a856f5377a40,COBYLA,O0,2,3,1.6044432914583262,1.6044432914583262,0.009747466849062622,0.006329044738990134,0.6186755306579192,1.4251604557478892,120.0,95.0,0.5880419500172138
task-v2-5de325b6f026,g-8a16a856f5377a40,COBYLA,O0,3,3,1.3794706257210545,1.3794706257210545,0.0003969319861156871,0.00023204887396517264,0.5868119896292362,0.03498478614079279,120.0,92.0,0.6702908603474498
task-v2-5de325b6f026,g-8a16a856f5377a40,COBYLA,O3,2,3,0.8520225719904312,1.784485465051112,0.0222144888398296,0.014878938520604379,0.6697853201972893,1.782905013394433,120.0,94.0,0.5242048539221287
task-v2-5de325b6f026,g-8a16a856f5377a40,COBYLA,O3,3,3,0.712770978308167,1.8665899485542194,0.036743866998062244,0.027026559065887797,0.7355393232648347,2.0014535493071497,120.0,90.0,0.6147826882079244
task-v2-5de325b6f026,g-8a16a856f5377a40,Nelder-Mead,O0,2,3,1.5041400662972157,1.5041400662972157,0.013734981167918457,0.008864880827551635,0.6454235880758118,1.5740967572063729,120.0,70.0,0.28376974910497665
task-v2-5de325b6f026,g-8a16a856f5377a40,Nelder-Mead,O0,3,3,1.4216196854179184,1.4216196854179184,0.0019475420266719507,0.0011226685721740653,0.576454092799493,0.7257555271461879,120.0,75.0,0.3944810191169381
task-v2-5de325b6f026,g-8a16a856f5377a40,Nelder-Mead,O3,2,3,0.6985362124568415,1.9685455229307505,0.03861077272614927,0.029600902540564626,0.6850806237989253,2.0229771822570566,120.0,70.0,0.2930127289146185
task-v2-5de325b6f026,g-8a16a856f5377a40,Nelder-Mead,O3,3,3,0.7491447797989434,1.9134097656628575,0.033235386769609104,0.025283810765069133,0.7574730968773733,1.9578694260595515,120.0,76.0,0.4234268367290497
task-v2-5de325b6f026,g-8a16a856f5377a40,SLSQP,O0,2,3,1.4321609292032973,1.4321609292032973,0.027951004169320552,0.01803516564719472,0.6452421364879045,1.8826661039023689,116.0,22.0,0.2637160727754235
task-v2-5de325b6f026,g-8a16a856f5377a40,SLSQP,O0,3,3,1.2940937502188459,1.2940937502188459,7.116861062986162e-05,4.884723655718105e-05,0.6863592829039331,-0.7114428235759203,120.0,16.0,0.40552235394716263
task-v2-5de325b6f026,g-8a16a856f5377a40,SLSQP,O3,2,3,0.6993553037634442,1.9649835391014485,0.038534380857947914,0.02971112369952527,0.7666730511970103,2.022117074366289,120.0,22.0,0.29139041900634766
task-v2-5de325b6f026,g-8a16a856f5377a40,SLSQP,O3,3,3,1.0560442319584007,2.0410125245511175,0.003825549234351601,0.002640106915916419,0.7019893213108422,1.0189624845649996,120.0,16.0,0.4094863198697567
task-v2-5f165c277bb9,g-e0c69f84d376b633,COBYLA,O0,2,3,1.5679879297513097,1.5679879297513097,0.010884234453788057,0.0022081601342452345,0.17368084513163218,2.8532778188297057,120.0,93.0,80.66036784183234
task-v2-5f165c277bb9,g-e0c69f84d376b633,COBYLA,O0,3,3,1.2421751865232264,1.2421751865232264,0.0011097381125447622,0.0002531945656300242,0.22815704242996465,1.8617004322067852,120.0,87.0,130.5723964041099
task-v2-5f165c277bb9,g-e0c69f84d376b633,COBYLA,O3,2,3,0.920766877347699,1.5855329041331643,0.01379940919210059,0.002797990889338188,0.20276164366079422,2.956340423539196,120.0,95.0,92.53361128177494
task-v2-5f165c277bb9,g-e0c69f84d376b633,COBYLA,O3,3,3,0.8654207075625856,1.598200853070701,0.019096326002127798,0.00389703425241997,0.21179900360274975,3.097429750725701,120.0,89.0,132.44776543881744
task-v2-5f165c277bb9,g-e0c69f84d376b633,Nelder-Mead,O0,2,3,1.3739977005938901,1.3739977005938901,0.024524233764159232,0.004750915325911124,0.18886298434149182,3.2060753777788045,120.0,71.0,88.87407039571553
task-v2-5f165c277bb9,g-e0c69f84d376b633,Nelder-Mead,O0,3,3,1.241387141396615,1.241387141396615,0.0021394212236310506,0.0008775880573380132,0.2173812423826201,2.146776230430704,120.0,77.0,132.08919119089842
task-v2-5f165c277bb9,g-e0c69f84d376b633,Nelder-Mead,O3,2,3,0.761524173954311,1.8633078064832072,0.02917655264185411,0.005763047689686825,0.19191861033363342,3.281513907109663,120.0,72.0,90.98304055817425
task-v2-5f165c277bb9,g-e0c69f84d376b633,Nelder-Mead,O3,3,3,0.9013790142494366,1.5815083135080141,0.014998464196813934,0.003413764619050814,0.22399141544159376,2.9925267213462545,120.0,75.0,139.15134464763105
task-v2-5f165c277bb9,g-e0c69f84d376b633,SLSQP,O0,2,3,1.2088131073973885,1.2088131073973885,0.000678254182775697,0.0003723889146090589,0.5447751798015795,1.6478724113482328,118.0,22.0,92.3066819999367
task-v2-5f165c277bb9,g-e0c69f84d376b633,SLSQP,O0,3,3,1.1889910068013867,1.1889910068013867,0.0012132841827424072,0.0007930696412456009,0.653655303947845,1.9004424664793733,120.0,16.0,133.0674789417535
task-v2-5f165c277bb9,g-e0c69f84d376b633,SLSQP,O3,2,3,0.7421847927873948,1.5707079976657257,0.031155593623671016,0.006088970694315748,0.19543747963414007,3.31001596113114,120.0,22.0,92.10554660018533
task-v2-5f165c277bb9,g-e0c69f84d376b633,SLSQP,O3,3,3,0.8875774631394042,1.890954612113265,0.021543984768910104,0.003617936993748804,0.16793258222916174,3.14980596399129,120.0,15.0,117.60973559040576
task-v2-606c43f06406,g-3ff7063ef9ea5cfb,COBYLA,O0,2,3,1.7534503633445615,1.7534503633445615,0.005336597244086401,0.0013664744886297778,0.25499244155056827,1.9416843668939434,120.0,92.0,3.8396217729896307
task-v2-606c43f06406,g-3ff7063ef9ea5cfb,COBYLA,O0,3,3,1.5024436086007968,1.5024436086007968,0.0011604029544626387,0.0008740298307736897,0.5679953660797971,1.279028765170234,120.0,90.0,6.909095412120223
task-v2-606c43f06406,g-3ff7063ef9ea5cfb,COBYLA,O3,2,3,1.0587065472577661,2.096001141571157,0.004437602931415161,0.0010873917435765745,0.25678758403185714,1.8615683790551512,120.0,93.0,5.196926941163838
task-v2-606c43f06406,g-3ff7063ef9ea5cfb,COBYLA,O3,3,3,0.9337654604053921,1.8002474796312966,0.012891116687014927,0.005570514136235978,0.4272249441014311,2.324710478837099,120.0,91.0,7.2973326444625854
task-v2-606c43f06406,g-3ff7063ef9ea5cfb,Nelder-Mead,O0,2,3,1.4694638063406797,1.4694638063406797,0.01121214135191066,0.003331845037540423,0.29716402362093336,2.2641085035862543,120.0,71.0,4.417628495953977
task-v2-606c43f06406,g-3ff7063ef9ea5cfb,Nelder-Mead,O0,3,3,1.561980790670326,1.561980790670326,0.0012583460987567723,0.0004945931037911754,0.368579936734515,1.3142200463093645,120.0,74.0,7.232361312024295
task-v2-606c43f06406,g-3ff7063ef9ea5cfb,Nelder-Mead,O3,2,3,0.970652404537742,1.8339391919597998,0.012399363914451522,0.004567342345500406,0.36743389312204755,2.3078193457862497,120.0,71.0,5.103947593830526
task-v2-606c43f06406,g-3ff7063ef9ea5cfb,Nelder-Mead,O3,3,3,0.9169824654762335,1.942077479245624,0.01531250609238742,0.005948132376815517,0.4035112958953547,2.399466213797142,120.0,75.0,6.6998109901323915
task-v2-606c43f06406,g-3ff7063ef9ea5cfb,SLSQP,O0,2,3,1.3720136446973359,1.3720136446973359,0.002599972190119012,0.0023930962814921984,0.8733167769160092,1.6293886419809978,120.0,21.0,4.485837358050048
task-v2-606c43f06406,g-3ff7063ef9ea5cfb,SLSQP,O0,3,3,1.4016435276973311,1.4016435276973311,0.0013108938214360074,0.0009515868105353573,0.7259068545253724,1.331987455828012,120.0,16.0,6.745196078903973
task-v2-606c43f06406,g-3ff7063ef9ea5cfb,SLSQP,O3,2,3,0.8132629308844702,1.7120922762673956,0.02628293413218311,0.009613612584132526,0.36577403006697545,2.6340937859629996,110.0,20.0,4.13765621278435
task-v2-606c43f06406,g-3ff7063ef9ea5cfb,SLSQP,O3,3,3,1.0296969547051067,1.7456399673757712,0.0030254462591612708,0.0013467608000494247,0.3720345459370259,1.6952093822832381,120.0,15.0,6.53872749209404
task-v2-69173fedcdae,g-8a16a856f5377a40,COBYLA,O0,2,3,1.6804249410435181,1.6804249410435181,0.01544267816777286,0.004189992629764838,0.27132551648384956,1.2570145242689164,120.0,95.0,0.5008711749687791
task-v2-69173fedcdae,g-8a16a856f5377a40,COBYLA,O0,3,3,1.3593273044086909,1.3593273044086909,0.03763918668979852,0.014364917918400496,0.7648231872471476,1.6439321342082995,120.0,90.0,0.655769576318562
task-v2-69173fedcdae,g-8a16a856f5377a40,COBYLA,O3,2,3,0.9046229604385353,1.9452074835148832,0.021306588675507873,0.0026086565625293677,0.2641201365904084,1.3968058255045273,120.0,96.0,0.5603943159803748
task-v2-69173fedcdae,g-8a16a856f5377a40,COBYLA,O3,3,3,0.31003722284267704,1.6210897524874668,0.075891007230299,0.03571531915386733,0.47061332372998493,1.9484822204663068,120.0,88.0,0.7901033693924546
task-v2-69173fedcdae,g-8a16a856f5377a40,Nelder-Mead,O0,2,3,1.679310506118208,1.679310506118208,0.015383293048071726,0.004206138168334441,0.27348526775293125,1.2553412169451588,120.0,71.0,0.3541977694258094
task-v2-69173fedcdae,g-8a16a856f5377a40,Nelder-Mead,O0,3,3,1.3616266786896478,1.3616266786896478,0.010719165788484695,0.008644968376591436,0.7942847571361832,1.0984528916276932,120.0,69.0,0.4698886889964342
task-v2-69173fedcdae,g-8a16a856f5377a40,Nelder-Mead,O3,2,3,0.8730205917459745,1.8931894755851326,0.024748501924752035,0.003918722648254359,0.15834181237188655,1.4618408189879148,120.0,69.0,0.3361930288374424
task-v2-69173fedcdae,g-8a16a856f5377a40,Nelder-Mead,O3,3,3,0.46262866996035645,1.4506732895403296,0.06063686248929942,0.024249573310237926,0.3643021389562587,1.8510286252844392,120.0,75.0,0.4989825887605548
task-v2-69173fedcdae,g-8a16a856f5377a40,SLSQP,O0,2,3,1.2899084520050577,1.2899084520050577,0.04222805261449812,0.015041606402974318,0.3279539244448637,1.6938929576145514,115.0,21.0,0.32585541531443596
task-v2-69173fedcdae,g-8a16a856f5377a40,SLSQP,O0,3,3,1.3212518034836098,1.3212518034836098,0.030265249418795912,0.013077856408279319,0.43210800041044617,1.5492361609429042,120.0,16.0,0.4670064263045788
task-v2-69173fedcdae,g-8a16a856f5377a40,SLSQP,O3,2,3,0.543910922952367,1.6496199834828396,0.05284313293432236,0.018548925932647974,0.35101866416024297,1.7912804615333768,120.0,21.0,0.37082706671208143
task-v2-69173fedcdae,g-8a16a856f5377a40,SLSQP,O3,3,3,0.3958750127205941,1.4852968370697721,0.06780168036851111,0.02318668296372728,0.36048882587758113,1.8995323609908843,120.0,16.0,0.5347811179235578
task-v2-6996479d6302,g-60667963f6db3f1b,COBYLA,O0,2,3,1.5711852676653715,1.5711852676653715,0.0575383620122997,0.016360007486903996,0.28433217274080197,1.168197459655432,120.0,92.0,0.2540108188986778
task-v2-6996479d6302,g-60667963f6db3f1b,COBYLA,O0,3,3,1.5713013192751282,1.5713013192751282,0.038951834568371896,0.005505640901916227,0.24466121196756502,0.9987678823694095,120.0,89.0,0.2980527188628912
task-v2-6996479d6302,g-60667963f6db3f1b,COBYLA,O3,2,3,1.048179699541037,2.148489501661524,0.015426142835541275,0.005954061240453506,0.2714596888228932,0.5964973136271003,120.0,93.0,0.2636839905753732
task-v2-6996479d6302,g-60667963f6db3f1b,COBYLA,O3,3,3,0.49459224010991654,1.6877691908477714,0.06402533693334575,0.01660862208408351,0.2594070235252974,1.2145918379331104,120.0,91.0,0.3047926612198353
task-v2-6996479d6302,g-60667963f6db3f1b,Nelder-Mead,O0,2,3,1.4993154986215662,1.4993154986215662,0.012737883978598761,0.00428741870448363,0.29936876844394417,0.5133372541632808,120.0,73.0,0.06931164674460888
task-v2-6996479d6302,g-60667963f6db3f1b,Nelder-Mead,O0,3,3,1.573368050479384,1.573368050479384,0.019005719278738085,0.0092360841792035,0.35854858479653995,0.6871242756032888,120.0,76.0,0.0987482238560915
task-v2-6996479d6302,g-60667963f6db3f1b,Nelder-Mead,O3,2,3,0.9155155743902926,2.078687847781194,0.03146743635852259,0.009164517197397273,0.28974469421982085,0.9061013278406038,120.0,69.0,0.07656105700880289
task-v2-6996479d6302,g-60667963f6db3f1b,Nelder-Mead,O3,3,3,0.2164436753664962,1.6862979613977884,0.08878957936972688,0.027772105147630215,0.3472019214538949,1.3566019638856537,120.0,76.0,0.11032229661941528
task-v2-6996479d6302,g-60667963f6db3f1b,SLSQP,O0,2,3,1.4730650776563667,1.4730650776563667,0.01817546108997845,0.009239080036049459,0.40687174806909837,0.6677254025206825,110.0,20.0,0.06924663856625557
task-v2-6996479d6302,g-60667963f6db3f1b,SLSQP,O0,3,3,1.7995749118635476,1.7995749118635476,0.04887292968458926,0.014595827802886145,0.2986485135448825,1.097308338874802,120.0,16.0,0.11094924621284008
task-v2-6996479d6302,g-60667963f6db3f1b,SLSQP,O3,2,3,0.07807322820921432,1.4806630341845328,0.13597988629044339,0.045186732839614156,0.30658669588324716,1.5417146389829053,120.0,21.0,0.08277071174234152
task-v2-6996479d6302,g-60667963f6db3f1b,SLSQP,O3,3,3,0.18965451244291248,1.6859934225401276,0.0909597219690422,0.03172411601751752,0.34706534742908346,1.3670890895124679,120.0,15.0,0.11508362647145987
task-v2-6e79cb6720c5,g-e0c69f84d376b633,COBYLA,O0,2,3,1.6380085872580423,1.6380085872580423,0.0027184714593575907,0.0011246202745505912,0.4136958181699481,2.6767734406940464,120.0,94.0,84.76103746891022
task-v2-6e79cb6720c5,g-e0c69f84d376b633,COBYLA,O0,3,3,1.4263868959952632,1.4263868959952632,0.0009192104445593637,0.0005051907919800049,0.5495920928337309,2.205863613289794,120.0,89.0,122.97167979273945
task-v2-6e79cb6720c5,g-e0c69f84d376b633,COBYLA,O3,2,3,0.9837471530823734,1.8037177405500662,0.0070834736811991,0.002789122638871858,0.39466693591662244,3.0926949475085035,120.0,97.0,86.4977659676224
task-v2-6e79cb6720c5,g-e0c69f84d376b633,COBYLA,O3,3,3,0.9716234863426663,1.8124636892515067,0.008223968554450782,0.0031787337750478185,0.38652066262187973,3.1575301039617463,120.0,94.0,127.34136145375669
task-v2-6e79cb6720c5,g-e0c69f84d376b633,Nelder-Mead,O0,2,3,1.5688122151419879,1.5688122151419879,0.010087676583324368,0.0048433790288428735,0.48012830197682155,3.246239812954945,120.0,72.0,88.06645919103175
task-v2-6e79cb6720c5,g-e0c69f84d376b633,Nelder-Mead,O0,3,3,1.5074058755292619,1.5074058755292619,0.0017535588500080612,0.0008031698583191516,0.4596709846477406,2.486369008422817,120.0,74.0,124.78477655816823
task-v2-6e79cb6720c5,g-e0c69f84d376b633,Nelder-Mead,O3,2,3,0.9022647368583261,1.6732230281489266,0.014541826838414266,0.00687226525177114,0.4137926067397414,3.405067631730239,120.0,70.0,87.73357894923538
task-v2-6e79cb6720c5,g-e0c69f84d376b633,Nelder-Mead,O3,3,3,0.9519101278131329,1.7972517224957238,0.00982056449383458,0.0037370105616410998,0.393476925650263,3.234585114991626,120.0,75.0,127.29758970998228
task-v2-6e79cb6720c5,g-e0c69f84d376b633,SLSQP,O0,2,3,1.3271547823682999,1.3271547823682999,0.0004057912617951724,0.00028686629914314194,0.7069306960284937,1.8507513537081477,120.0,22.0,84.91162705700845
task-v2-6e79cb6720c5,g-e0c69f84d376b633,SLSQP,O0,3,3,1.2745860702345553,1.2745860702345553,0.00043727998741704965,0.00015562035706250885,0.355882641649658,1.883208264747525,120.0,16.0,124.9184960918501
task-v2-6e79cb6720c5,g-e0c69f84d376b633,SLSQP,O3,2,3,0.9127920449880753,1.740380433841401,0.013694357811162286,0.00565049019339452,0.4111237611653677,3.3789903339797274,120.0,22.0,86.17555666156113
task-v2-6e79cb6720c5,g-e0c69f84d376b633,SLSQP,O3,3,3,0.9622600337944271,1.8034332123450838,0.009103734501093223,0.0036411936471033783,0.399967029647682,3.2016682464821797,120.0,15.0,125.57794067356735
task-v2-7133b996bac7,g-a87f1b9ac089cc45,COBYLA,O0,2,3,1.5262408579073048,1.5262408579073048,0.00304611880174326,0.001990017464463116,0.6582097807831441,2.7261955001545064,120.0,95.0,79.00903280172497
task-v2-7133b996bac7,g-a87f1b9ac089cc45,COBYLA,O0,3,3,1.4613437186978193,1.4613437186978193,0.0024472515008993004,0.0016788441117150863,0.6801059214158951,2.6311272664284346,120.0,88.0,124.11418128293008
task-v2-7133b996bac7,g-a87f1b9ac089cc45,COBYLA,O3,2,3,1.0601269289929915,1.988206320446921,0.003069612945142494,0.0016106327520851744,0.524702228218681,2.7295322805926574,120.0,97.0,86.26422704011202
task-v2-7133b996bac7,g-a87f1b9ac089cc45,COBYLA,O3,3,3,0.9520556226404838,1.6694518451808755,0.010558984815883722,0.006363472900021463,0.6026595369707309,3.2660708282477917,120.0,89.0,126.66307647246867
task-v2-7133b996bac7,g-a87f1b9ac089cc45,Nelder-Mead,O0,2,3,1.496775393749352,1.496775393749352,0.005766884647823534,0.0037691456877886405,0.6381962895260105,3.00338992741339,120.0,71.0,85.6668759342283
task-v2-7133b996bac7,g-a87f1b9ac089cc45,Nelder-Mead,O0,3,3,1.384999483058456,1.384999483058456,0.0008982456841219282,0.0006278069328665951,0.6989256324457623,2.1958438020857383,120.0,77.0,128.51248459145427
task-v2-7133b996bac7,g-a87f1b9ac089cc45,Nelder-Mead,O3,2,3,0.8685876524864723,1.7056801066008562,0.017628555177042468,0.010198304236624108,0.578510498120985,3.4886653822088634,120.0,75.0,86.71542484778911
task-v2-7133b996bac7,g-a87f1b9ac089cc45,Nelder-Mead,O3,3,3,0.9201120104156575,1.6100967667856332,0.012596989441014589,0.007436283075665082,0.5992211189040475,3.342715428221589,120.0,77.0,125.33922869432718
task-v2-7133b996bac7,g-a87f1b9ac089cc45,SLSQP,O0,2,3,1.2238484423341842,1.2238484423341842,0.0007337484996822158,0.0005127038307666597,0.6987460021910915,2.1079958891374764,120.0,23.0,83.98407874628901
task-v2-7133b996bac7,g-a87f1b9ac089cc45,SLSQP,O0,3,3,1.2164181373320087,1.2164181373320087,0.0006240287948937129,0.0004927179325964951,0.7895771123594298,2.0376532929228257,120.0,16.0,123.8625134434551
task-v2-7133b996bac7,g-a87f1b9ac089cc45,SLSQP,O3,2,3,0.8264186671607123,1.6606504509247955,0.02323651582813825,0.012650848681619349,0.5442757826784367,3.6086196717239063,120.0,22.0,84.0802362402901
task-v2-7133b996bac7,g-a87f1b9ac089cc45,SLSQP,O3,3,3,0.9306905495726815,1.662708393045977,0.011225225782501451,0.007080724459457814,0.6307868186041895,3.2926437479930195,120.0,16.0,127.0229072123766
task-v2-73f419868dc6,g-553bb3c5ba0f2136,COBYLA,O0,2,3,1.6864717669736153,1.6864717669736153,0.015709617000968058,0.0058628348384277135,0.37320036752432817,-0.17374568796267617,120.0,95.0,0.20242731645703316
task-v2-73f419868dc6,g-553bb3c5ba0f2136,COBYLA,O0,3,3,1.3251717992922463,1.3251717992922463,0.1683437761720017,0.06359156676090143,0.37774824948638486,0.8562857796729779,120.0,92.0,0.23563352413475513
task-v2-73f419868dc6,g-553bb3c5ba0f2136,COBYLA,O3,2,3,0.05748894929284621,1.4456097337461937,0.160820573086435,0.05279751804076129,0.3917811173892638,0.8364303203256891,120.0,95.0,0.20999465230852365
task-v2-73f419868dc6,g-553bb3c5ba0f2136,COBYLA,O3,3,3,0.046511627906976744,1.4085243115459796,0.1422031574117914,0.10126826531421874,0.5698726712729115,0.7829979542987097,120.0,88.0,0.22924985364079475
task-v2-73f419868dc6,g-553bb3c5ba0f2136,Nelder-Mead,O0,2,3,1.360427210069367,1.360427210069367,0.12215873814088074,0.038250836654285955,0.3120398295493179,0.7170132528822448,120.0,72.0,0.032070345245301723
task-v2-73f419868dc6,g-553bb3c5ba0f2136,Nelder-Mead,O0,3,3,1.363520714503469,1.363520714503469,0.13198170437835333,0.11073152558401356,0.48304798755983774,0.7506024473596327,120.0,78.0,0.05201899725943804
task-v2-73f419868dc6,g-553bb3c5ba0f2136,Nelder-Mead,O3,2,3,0.6646821970736525,1.8875039200697112,0.047642525493379266,0.02191900035307434,0.4600721755634125,0.30808348996328916,120.0,72.0,0.03927675914019346
task-v2-73f419868dc6,g-553bb3c5ba0f2136,Nelder-Mead,O3,3,3,0.046511627906976744,1.3907748456712314,0.11179262605950276,0.10038612501605358,0.8992708707820823,0.6785018729751747,120.0,67.0,0.0546602439135313
task-v2-73f419868dc6,g-553bb3c5ba0f2136,SLSQP,O0,2,3,1.331260172705169,1.331260172705169,0.1428920997826575,0.044165231781367234,0.2998109886876221,0.7850969331128566,120.0,20.0,0.03512942977249622
task-v2-73f419868dc6,g-553bb3c5ba0f2136,SLSQP,O0,3,3,1.1613089313618277,1.1613089313618277,0.2808330265093781,0.10830032923779223,0.3410315804191331,1.0785368952640022,120.0,16.0,0.04756481107324362
task-v2-73f419868dc6,g-553bb3c5ba0f2136,SLSQP,O3,2,3,0.5590714637265367,1.8716065671310478,0.05721452920420779,0.026546233038005712,0.4593219315298848,0.3875950435807269,60.0,11.0,0.021137590520083904
task-v2-73f419868dc6,g-553bb3c5ba0f2136,SLSQP,O3,3,3,0.058340460495871875,1.4384247451747345,0.1360480752660705,0.07805415873711363,0.545402045159587,0.7637811169261021,120.0,14.0,0.04505013581365347
task-v2-780e1209d403,g-e0c69f84d376b633,COBYLA,O0,2,3,1.705040225269757,1.705040225269757,0.009763563460249201,0.0014300316875765847,0.1458541910596341,2.6299970249593017,120.0,95.0,78.76674230955541
task-v2-780e1209d403,g-e0c69f84d376b633,COBYLA,O0,3,3,1.281812634839387,1.281812634839387,0.0020726492360069516,0.0005407019403867967,0.24668068377296168,1.9569144822214204,120.0,91.0,116.4941975036636
task-v2-780e1209d403,g-e0c69f84d376b633,COBYLA,O3,2,3,1.0475953428320317,1.9320544393343155,0.008505838484992166,0.0013320208080329688,0.14551321912573154,2.5701058033268565,120.0,94.0,86.30717295315117
task-v2-780e1209d403,g-e0c69f84d376b633,COBYLA,O3,3,3,0.8615732162652024,1.477290123181187,0.019988604154589428,0.0033314609265912474,0.1684737985115468,2.9411711390665607,120.0,86.0,122.28634059801698
task-v2-780e1209d403,g-e0c69f84d376b633,Nelder-Mead,O0,2,3,1.4857381344650786,1.4857381344650786,0.019601801439789863,0.0032773240295703616,0.1588819313063446,2.9326846571800655,120.0,71.0,85.2446139100939
task-v2-780e1209d403,g-e0c69f84d376b633,Nelder-Mead,O0,3,3,1.2391750867506164,1.2391750867506164,0.0055670429696277,0.001278732246709209,0.21282990239625105,2.3860132450215668,120.0,80.0,128.64976669009775
task-v2-780e1209d403,g-e0c69f84d376b633,Nelder-Mead,O3,2,3,0.8302692858811103,1.404054009172369,0.023156412044641705,0.004191495373882116,0.15821598943605175,3.005059940357156,120.0,72.0,80.36096737999469
task-v2-780e1209d403,g-e0c69f84d376b633,Nelder-Mead,O3,3,3,0.7456788393315361,1.4250738618934893,0.0311357410319921,0.005272371779537371,0.16933503442619166,3.133647877976017,120.0,73.0,113.45701338816434
task-v2-780e1209d403,g-e0c69f84d376b633,SLSQP,O0,2,3,1.3370539465332674,1.3370539465332674,0.011205865832636122,0.0019149360975424018,0.1709106089902849,2.6898340899409914,120.0,22.0,75.22447752859443
task-v2-780e1209d403,g-e0c69f84d376b633,SLSQP,O0,3,3,1.278356631494342,1.278356631494342,0.005818103479007396,0.0014906436565721949,0.2562078281953328,2.405170112776455,120.0,16.0,113.86164394207299
task-v2-780e1209d403,g-e0c69f84d376b633,SLSQP,O3,2,3,0.6825044143818578,1.5670710518635769,0.039869075317878706,0.006344751255561001,0.17138326612683935,3.241024834769923,120.0,21.0,79.3262325823307
task-v2-780e1209d403,g-e0c69f84d376b633,SLSQP,O3,3,3,0.7529243717094166,1.422147645255944,0.030316510774728776,0.005231042137141609,0.15641367989364038,3.1220678870477765,120.0,15.0,116.50839979201555
task-v2-7d4ec5aed494,g-a87f1b9ac089cc45,COBYLA,O0,2,3,1.527733837653991,1.527733837653991,0.0019152374207384482,0.0016403271390362584,0.8564615129563445,2.700762540530627,120.0,95.0,78.73926288168877
task-v2-7d4ec5aed494,g-a87f1b9ac089cc45,COBYLA,O0,3,3,1.367416319958207,1.367416319958207,0.0007364056681958907,0.0006455786390279495,0.8739865448853601,2.2856570446091733,120.0,90.0,124.2234692806378
task-v2-7d4ec5aed494,g-a87f1b9ac089cc45,COBYLA,O3,2,3,1.023063409246611,1.7571588835556575,0.0028302210993779078,0.0022701964674620725,0.802126896715267,2.8703602862706545,120.0,93.0,85.94642181694508
task-v2-7d4ec5aed494,g-a87f1b9ac089cc45,COBYLA,O3,3,3,0.9812004042849091,1.6542601037323956,0.0073506551522378675,0.005803249499874984,0.8152219048400352,3.2848659707394656,120.0,88.0,127.12666645459831
task-v2-7d4ec5aed494,g-a87f1b9ac089cc45,Nelder-Mead,O0,2,3,1.4878123767658904,1.4878123767658904,0.004703718326815319,0.0039736714344691245,0.8447936628806434,3.09098122890315,120.0,69.0,84.85121295042336
task-v2-7d4ec5aed494,g-a87f1b9ac089cc45,Nelder-Mead,O0,3,3,1.3933814258540722,1.3933814258540722,0.0008937189111574765,0.0007705872282111647,0.8697844963597343,2.369740869686573,120.0,76.0,127.50789795536548
task-v2-7d4ec5aed494,g-a87f1b9ac089cc45,Nelder-Mead,O3,2,3,0.9403738053604738,1.7542590265096902,0.010011459952900852,0.008247985782097202,0.8099700900040226,3.419037336419521,120.0,73.0,86.93000517319888
task-v2-7d4ec5aed494,g-a87f1b9ac089cc45,Nelder-Mead,O3,3,3,0.9740134204766433,1.7140225957527253,0.006754093329174909,0.005439156201993128,0.8028519182584624,3.2481069794452533,120.0,75.0,125.99011532310396
task-v2-7d4ec5aed494,g-a87f1b9ac089cc45,SLSQP,O0,2,3,1.2236114001308085,1.2236114001308085,0.0005109292947443523,0.0005035370394399082,0.9854478606149404,2.1269007261431887,120.0,22.0,85.41422131750733
task-v2-7d4ec5aed494,g-a87f1b9ac089cc45,SLSQP,O0,3,3,1.2270755304726708,1.2270755304726708,0.0005129252513783698,0.0005080725520621489,0.969481508108359,2.1285940019188385,120.0,16.0,125.29314488265663
task-v2-7d4ec5aed494,g-a87f1b9ac089cc45,SLSQP,O3,2,3,0.9789475482114574,1.6385413500217347,0.00666779784366354,0.005337604993571865,0.8005049221227114,3.2425223462341592,120.0,21.0,83.88260671682656
task-v2-7d4ec5aed494,g-a87f1b9ac089cc45,SLSQP,O3,3,3,0.9882199718159971,1.606472324501226,0.005199948974997372,0.004350851594722682,0.836710439975977,3.1345390040507293,120.0,16.0,125.62034909799695
task-v2-8792ce3c54d5,g-a712031e7959d564,COBYLA,O0,2,3,1.7379229998042407,1.7379229998042407,0.0066751143421407725,0.0066751143421407725,1.0,1.7378486530294877,120.0,93.0,0.48267628345638514
task-v2-8792ce3c54d5,g-a712031e7959d564,COBYLA,O0,3,3,1.341629938025168,1.341629938025168,0.0001978877714582066,0.0001978877714582066,1.0,0.20980890129287547,120.0,93.0,0.6383255673572421
task-v2-8792ce3c54d5,g-a712031e7959d564,COBYLA,O3,2,3,0.8540819483863418,1.8849447456895452,0.021168262587483534,0.021168262587483534,1.0,2.239075157832881,120.0,90.0,0.5709798708558083
task-v2-8792ce3c54d5,g-a712031e7959d564,COBYLA,O3,3,3,0.8091045463868336,1.978565182126634,0.025811862108751547,0.025811862108751547,1.0,2.325209279999887,120.0,91.0,0.7783209392800927
task-v2-8792ce3c54d5,g-a712031e7959d564,Nelder-Mead,O0,2,3,1.566346338584779,1.566346338584779,0.013110449070461815,0.013110449070461815,1.0,2.0310075114075277,120.0,69.0,0.33103030640631914
task-v2-8792ce3c54d5,g-a712031e7959d564,Nelder-Mead,O0,3,3,1.4381560302925014,1.4381560302925014,0.0004952475441691245,0.0004952475441691245,1.0,0.6082122742705237,120.0,75.0,0.44918597396463156
task-v2-8792ce3c54d5,g-a712031e7959d564,Nelder-Mead,O3,2,3,0.7908400520015293,1.8174401869573162,0.0280644452865782,0.0280644452865782,1.0,2.361546406137599,120.0,74.0,0.3360579637810588
task-v2-8792ce3c54d5,g-a712031e7959d564,Nelder-Mead,O3,3,3,0.8657238302590293,1.8496971175690393,0.020818237917033095,0.020818237917033095,1.0,2.2318339111072,120.0,77.0,0.4847472021356225
task-v2-8792ce3c54d5,g-a712031e7959d564,SLSQP,O0,2,3,1.3695734160784365,1.3695734160784365,0.0006802075577590853,0.0006802075577590853,1.0,0.7460313966839595,117.0,21.0,0.3168956385925412
task-v2-8792ce3c54d5,g-a712031e7959d564,SLSQP,O0,3,3,1.266473900671153,1.266473900671153,0.0012686418100970453,0.0012686418100970453,1.0,1.016728963790489,120.0,16.0,0.4610322015359998
task-v2-8792ce3c54d5,g-a712031e7959d564,SLSQP,O3,2,3,0.7771097582761836,1.7630278185766255,0.02825877099391168,0.02825877099391168,1.0,2.364543213594086,118.0,22.0,0.34765253961086273
task-v2-8792ce3c54d5,g-a712031e7959d564,SLSQP,O3,3,3,0.770874311906549,2.054563642194993,0.03174581555866416,0.03174581555866416,1.0,2.41507643232919,120.0,16.0,0.5582226980477571
task-v2-89b7591232ff,g-e0c69f84d376b633,COBYLA,O0,2,3,1.4370761685864417,1.4370761685864417,0.0038533090904339113,0.0007548919191338051,0.19590743992166967,2.5272525142636555,120.0,97.0,82.19544628541917
task-v2-89b7591232ff,g-e0c69f84d376b633,COBYLA,O0,3,3,1.3667146211809817,1.3667146211809817,0.0014767160405480958,0.0003283801828167554,0.22237192107351547,2.1107156595790504,120.0,92.0,129.75470523908734
task-v2-89b7591232ff,g-e0c69f84d376b633,COBYLA,O3,2,3,0.9269301515743773,1.7543533644581633,0.01330276768249154,0.0029582452027211706,0.222378175228503,3.0653606739273744,120.0,92.0,92.54930290393531
task-v2-89b7591232ff,g-e0c69f84d376b633,COBYLA,O3,3,3,0.8738210904260416,1.7495433717633935,0.018169482492763504,0.0042224448993619336,0.23848329885932895,3.200761225044281,120.0,91.0,131.70543962158263
task-v2-89b7591232ff,g-e0c69f84d376b633,Nelder-Mead,O0,2,3,1.5009226388798176,1.5009226388798176,0.019046264061788738,0.0036392170382011277,0.19020950942176576,3.221228468426499,120.0,71.0,89.04975356068462
task-v2-89b7591232ff,g-e0c69f84d376b633,Nelder-Mead,O0,3,3,1.4523221031712241,1.4523221031712241,0.0035231011622773476,0.0007835653046042711,0.22240783574257947,2.488343780917942,120.0,71.0,131.68179256934673
task-v2-89b7591232ff,g-e0c69f84d376b633,Nelder-Mead,O3,2,3,0.6838240615269531,1.765855414160598,0.03855088853264052,0.007657271496189228,0.19862762669415307,3.52745305948605,120.0,70.0,91.21828022506088
task-v2-89b7591232ff,g-e0c69f84d376b633,Nelder-Mead,O3,3,3,0.8802405368519872,1.6526051776466806,0.017678450739280267,0.003993084265603598,0.20500046211177636,3.188862869941695,120.0,74.0,139.1964473752305
task-v2-89b7591232ff,g-e0c69f84d376b633,SLSQP,O0,2,3,1.2866093119530624,1.2866093119530624,0.0007539595676226497,0.00020002650605464815,0.2653028512801035,1.8187667239383836,108.0,21.0,83.24121205508709
task-v2-89b7591232ff,g-e0c69f84d376b633,SLSQP,O0,3,3,1.239234528509395,1.239234528509395,0.0011625621944786355,0.0003845344993498746,0.43683336550762847,2.006834863199459,120.0,16.0,133.49241955578327
task-v2-89b7591232ff,g-e0c69f84d376b633,SLSQP,O3,2,3,0.8027609743890349,1.752970706316163,0.02480872813658203,0.005361406078364474,0.21610967111444715,3.336023167198571,120.0,21.0,92.91387159470469
task-v2-89b7591232ff,g-e0c69f84d376b633,SLSQP,O3,3,3,0.79474154622972,1.7829483484550428,0.025698753936756594,0.0053381343875357826,0.23755636675523387,3.351330733306089,120.0,15.0,111.12254529073834
task-v2-8c0a098a6f8b,g-a712031e7959d564,COBYLA,O0,2,3,1.6778686850078992,1.6778686850078992,0.015058388401594078,0.0015327275175789582,0.10178562783097718,1.2460703983409689,120.0,92.0,0.5385198537260294
task-v2-8c0a098a6f8b,g-a712031e7959d564,COBYLA,O0,3,3,1.3319466578987553,1.3319466578987553,0.041782783165693296,0.012844985161600896,0.6808096035429315,1.689289268731523,120.0,90.0,0.8251515822485089
task-v2-8c0a098a6f8b,g-a712031e7959d564,COBYLA,O3,2,3,0.8139936201707471,1.9092517088135232,0.028063719958206283,0.0023694203947811684,0.29085429062506285,1.516437141594333,120.0,95.0,0.6836190326139331
task-v2-8c0a098a6f8b,g-a712031e7959d564,COBYLA,O3,3,3,0.39293199506951987,1.6466589663099567,0.06586932384892867,0.02997948244559402,0.4551357247017136,1.8869751090328037,120.0,91.0,0.7510927403345704
task-v2-8c0a098a6f8b,g-a712031e7959d564,Nelder-Mead,O0,2,3,1.675954906777759,1.675954906777759,0.01516207327573019,0.0015160359314693105,0.09965719587882467,1.2490504947977477,120.0,72.0,0.33131624292582273
task-v2-8c0a098a6f8b,g-a712031e7959d564,Nelder-Mead,O0,3,3,1.3423906829163297,1.3423906829163297,0.008011416703329227,0.0052287354453163775,0.45417641827914096,0.9720012251991994,120.0,74.0,0.48171526845544577
task-v2-8c0a098a6f8b,g-a712031e7959d564,Nelder-Mead,O3,2,3,0.049997388019046,1.3659853824859582,0.11215114259668323,0.02155780526989715,0.19222100435858336,2.1180956061544682,120.0,71.0,0.35259971395134926
task-v2-8c0a098a6f8b,g-a712031e7959d564,Nelder-Mead,O3,3,3,0.10527035889600227,1.6204643484033752,0.09384054881247186,0.024648965486071928,0.4280209122878895,2.0406824426389862,120.0,74.0,0.5235436884686351
task-v2-8c0a098a6f8b,g-a712031e7959d564,SLSQP,O0,2,3,1.273407466468003,1.273407466468003,0.052088648272733636,0.012555943203708498,0.2411207428464702,1.7850349910308092,114.0,22.0,0.3727410910651088
task-v2-8c0a098a6f8b,g-a712031e7959d564,SLSQP,O0,3,3,1.325179730343855,1.325179730343855,0.024103080671470017,0.011654605145207164,0.19544676720981546,1.4503644579398807,120.0,15.0,0.5233424426987767
task-v2-8c0a098a6f8b,g-a712031e7959d564,SLSQP,O3,2,3,0.3051249684061071,1.4275715343233182,0.0758062585606281,0.017640490371638177,0.2327049336900029,1.9479969660588,120.0,20.0,0.37400759384036064
task-v2-8c0a098a6f8b,g-a712031e7959d564,SLSQP,O3,3,3,0.2826273307677635,1.5876215942069563,0.07730702441416543,0.018616823787942674,0.24081671657939796,1.9565108609990693,120.0,16.0,0.5253107519820333
task-v2-8f4071cbe937,g-8a16a856f5377a40,COBYLA,O0,2,3,1.6202989612526353,1.6202989612526353,0.006304542453679463,0.0030173716739707256,0.42154210656336527,1.4120135215013567,120.0,94.0,0.5045917676761746
task-v2-8f4071cbe937,g-8a16a856f5377a40,COBYLA,O0,3,3,1.3730976756675284,1.3730976756675284,0.00028382016036751327,0.00010248247043807951,0.45727953434242596,0.06540318907300098,120.0,92.0,0.5888470988720655
task-v2-8f4071cbe937,g-8a16a856f5377a40,COBYLA,O3,2,3,0.9104234804749931,1.7742444058685916,0.016400984599276622,0.008449790970229482,0.5139110811387424,1.8272298687714017,120.0,93.0,0.5607880931347609
task-v2-8f4071cbe937,g-8a16a856f5377a40,COBYLA,O3,3,3,0.8459284827116411,1.876338977979017,0.023121866929671088,0.013258290499881585,0.5734091689139474,1.9763828453858272,120.0,92.0,0.682323757559061
task-v2-8f4071cbe937,g-8a16a856f5377a40,Nelder-Mead,O0,2,3,1.472424944926794,1.472424944926794,0.008411493432075142,0.0040747225459394016,0.4759078709907979,1.5372330581210385,120.0,70.0,0.3091217800974846
task-v2-8f4071cbe937,g-8a16a856f5377a40,Nelder-Mead,O0,3,3,1.3761003797755431,1.3761003797755431,0.0006406653837868439,0.00029865882972277046,0.4546995599320327,0.4189912069424713,120.0,75.0,0.42418004758656025
task-v2-8f4071cbe937,g-8a16a856f5377a40,Nelder-Mead,O3,2,3,0.853882742590283,1.9953848504550056,0.02323109609443407,0.014525325691479402,0.5197683973826012,1.9784296492244955,120.0,73.0,0.28879878018051386
task-v2-8f4071cbe937,g-8a16a856f5377a40,Nelder-Mead,O3,3,3,0.8872475757863977,1.8241128410916811,0.019106811762593705,0.011700665003589608,0.5573871512367624,1.8935481729909271,120.0,73.0,0.41757451370358467
task-v2-8f4071cbe937,g-8a16a856f5377a40,SLSQP,O0,2,3,1.4722387179952567,1.4722387179952567,0.017864574508873486,0.00845303622299572,0.47355398157672474,1.8643526247811317,117.0,22.0,0.2698913970962167
task-v2-8f4071cbe937,g-8a16a856f5377a40,SLSQP,O0,3,3,1.2945586057791598,1.2945586057791598,5.932399321023055e-05,3.0745688222026716e-05,0.5897022285912793,-0.6144096755086564,120.0,16.0,0.4235008042305708
task-v2-8f4071cbe937,g-8a16a856f5377a40,SLSQP,O3,2,3,0.8503581799859592,1.6909615269517633,0.023180088409959915,0.013683211060886902,0.5203016452173655,1.9774750360183244,120.0,21.0,0.28485118225216866
task-v2-8f4071cbe937,g-8a16a856f5377a40,SLSQP,O3,3,3,0.8403459770694105,1.8733330038249032,0.02357422885517387,0.013337021958010287,0.5657458422052771,1.9847974432511486,120.0,16.0,0.425011464394629
task-v2-9f1427c2fbd8,g-3ff7063ef9ea5cfb,COBYLA,O0,2,3,1.8349028692927716,1.8349028692927716,0.003921224088203267,0.0014381571972070643,0.36676230811028154,1.6317503420988646,120.0,95.0,3.963643620721996
task-v2-9f1427c2fbd8,g-3ff7063ef9ea5cfb,COBYLA,O0,3,3,1.4713678782982342,1.4713678782982342,0.0032872178479081853,0.0016066476893287838,0.5325232797090312,1.5551571664967287,120.0,93.0,5.852086519822478
task-v2-9f1427c2fbd8,g-3ff7063ef9ea5cfb,COBYLA,O3,2,3,0.9202311314951952,1.596636599279873,0.014074405169070768,0.006376740710506655,0.45307354974545366,2.1867587294295756,120.0,96.0,4.070009461604059
task-v2-9f1427c2fbd8,g-3ff7063ef9ea5cfb,COBYLA,O3,3,3,0.8940301027817691,1.683681512037332,0.01689545993623862,0.008286384512040442,0.4823290889720656,2.2660986990826437,120.0,91.0,5.953985416330397
task-v2-9f1427c2fbd8,g-3ff7063ef9ea5cfb,Nelder-Mead,O0,2,3,1.8965505996111998,1.8965505996111998,0.004846083288780882,0.001727154103358602,0.35640206749172443,1.7237195542485384,120.0,73.0,3.960421562194824
task-v2-9f1427c2fbd8,g-3ff7063ef9ea5cfb,Nelder-Mead,O0,3,3,1.3305520526887031,1.3305520526887031,0.0020804020458330278,0.0006674031370558469,0.4229692586548997,1.3564759524210839,120.0,77.0,5.846427643671632
task-v2-9f1427c2fbd8,g-3ff7063ef9ea5cfb,Nelder-Mead,O3,2,3,0.9707438464737059,1.8258089889025813,0.012049624753940322,0.003799896794650007,0.3436217265605939,2.119302202683674,120.0,70.0,4.023723283782601
task-v2-9f1427c2fbd8,g-3ff7063ef9ea5cfb,Nelder-Mead,O3,3,3,0.8938017681801949,1.5467562106554027,0.017449825573026653,0.00783781751782279,0.4546795717515013,2.280119770386221,120.0,76.0,5.585170675069094
task-v2-9f1427c2fbd8,g-3ff7063ef9ea5cfb,SLSQP,O0,2,3,1.352049387001206,1.352049387001206,0.019454317561109376,0.008641284290363097,0.44418336768788363,2.327344681011134,120.0,22.0,3.8216252885758877
task-v2-9f1427c2fbd8,g-3ff7063ef9ea5cfb,SLSQP,O0,3,3,1.4146844999523154,1.4146844999523154,0.004028084478378206,0.002803757305347248,0.48044175394356786,1.6434272503909433,120.0,16.0,5.700974193401635
task-v2-9f1427c2fbd8,g-3ff7063ef9ea5cfb,SLSQP,O3,2,3,0.730698867650671,1.5151875747542674,0.03466268355261231,0.016022971714730775,0.4622551769082192,2.57819086259303,120.0,22.0,3.733983743004501
task-v2-9f1427c2fbd8,g-3ff7063ef9ea5cfb,SLSQP,O3,3,3,0.9178514886231572,1.638182701471616,0.01419643742250629,0.006484187378753895,0.43815354613623314,2.1905080526607517,120.0,16.0,5.48492337577045
task-v2-a0f813383468,g-60667963f6db3f1b,COBYLA,O0,2,3,1.4862253852340472,1.4862253852340472,0.05656171057357136,0.01738103812016962,0.2975056713016957,1.285701237104843,120.0,94.0,0.36367537546902895
task-v2-a0f813383468,g-60667963f6db3f1b,COBYLA,O0,3,3,1.7168371425878228,1.7168371425878228,0.011049062059928626,0.007483641160870088,0.6773100848089934,0.576504114829403,120.0,93.0,0.30086615588515997
task-v2-a0f813383468,g-60667963f6db3f1b,COBYLA,O3,2,3,0.07794110936963103,1.9289998730850555,0.11440844227145505,0.046404296157514194,0.400748214812314,1.5916367744246214,120.0,91.0,0.24985932372510433
task-v2-a0f813383468,g-60667963f6db3f1b,COBYLA,O3,3,3,0.3923229049817407,2.0124064272188757,0.07177808018636944,0.030698591027637365,0.42768754678210225,1.3891705402080352,120.0,92.0,0.3635691571980715
task-v2-a0f813383468,g-60667963f6db3f1b,Nelder-Mead,O0,2,3,1.8731123932932001,1.8731123932932001,0.014764191457758633,0.0042487524934735794,0.28777413958831083,0.7023883702853407,120.0,71.0,0.09391960594803095
task-v2-a0f813383468,g-60667963f6db3f1b,Nelder-Mead,O0,3,3,1.6906600871723287,1.6906600871723287,0.0031220339288443822,0.0014982822216546528,0.47990581005929056,0.027616320387043067,120.0,74.0,0.12131733633577824
task-v2-a0f813383468,g-60667963f6db3f1b,Nelder-Mead,O3,2,3,0.7354072996572876,1.8443247459136578,0.03986603740491851,0.01662457540571991,0.35514975801143533,1.1337817718262477,120.0,70.0,0.09137733466923237
task-v2-a0f813383468,g-60667963f6db3f1b,Nelder-Mead,O3,3,3,0.46178266612034286,1.9494577410210816,0.06520603569052753,0.030825163931994075,0.4727348259337907,1.3474664992743117,120.0,75.0,0.12725721299648285
task-v2-a0f813383468,g-60667963f6db3f1b,SLSQP,O0,2,3,1.8728389465355644,1.8728389465355644,0.01595968559271161,0.004840494056679031,0.30329507611914136,0.736203033377505,80.0,15.0,0.06446567829698324
task-v2-a0f813383468,g-60667963f6db3f1b,SLSQP,O0,3,3,1.6834351884757646,1.6834351884757646,0.014937835177402135,0.012409674728617788,0.783568728428258,0.7074663650868783,120.0,16.0,0.1164344884455204
task-v2-a0f813383468,g-60667963f6db3f1b,SLSQP,O3,2,3,1.0658402959183972,2.3845666761065063,0.010582057781084127,0.007775307883458702,0.7347536963885493,0.5577488304956512,120.0,22.0,0.08371444884687662
task-v2-a0f813383468,g-60667963f6db3f1b,SLSQP,O3,3,3,0.061186373142968604,1.7900365307428874,0.11207570923889458,0.07459906365682334,0.5624152723875417,1.582690197774407,120.0,15.0,0.117742033675313
task-v2-a2561503b5d0,g-bd62d2d752385cc7,COBYLA,O0,2,3,1.7453118761547812,1.7453118761547812,0.004029410375384715,0.001372400200078877,0.3136576817376396,2.120691435331263,120.0,95.0,4.152994838543236
task-v2-a2561503b5d0,g-bd62d2d752385cc7,COBYLA,O0,3,3,1.3944291463627754,1.3944291463627754,0.0017515801087237056,0.001562017407422956,0.8917761737778154,1.758879939577212,120.0,91.0,5.888374704867601
task-v2-a2561503b5d0,g-bd62d2d752385cc7,COBYLA,O3,2,3,1.0675940440569918,2.239368746190275,0.003449205714821006,0.000562776566339106,0.163161206628208,2.0531690319502918,120.0,94.0,4.005571028217673
task-v2-a2561503b5d0,g-bd62d2d752385cc7,COBYLA,O3,3,3,0.9627473256760961,1.6857355298546635,0.010464160149121339,0.006256690071336198,0.6152402605771526,2.5351543126665392,120.0,89.0,6.229100487194955
task-v2-a2561503b5d0,g-bd62d2d752385cc7,Nelder-Mead,O0,2,3,1.4373569032986833,1.4373569032986833,0.008369908159855192,0.0034721946088168702,0.47404976371450186,2.4381706276140376,120.0,74.0,3.885351446457207
task-v2-a2561503b5d0,g-bd62d2d752385cc7,Nelder-Mead,O0,3,3,1.4870847511798857,1.4870847511798857,0.0019578914454247737,0.000928600554039937,0.6039968513140909,1.8072385437956107,120.0,74.0,5.70516515802592
task-v2-a2561503b5d0,g-bd62d2d752385cc7,Nelder-Mead,O3,2,3,0.9825324768929183,1.8686142843244808,0.007326209830345104,0.004718522657962751,0.6440605397921675,2.3803292881165268,120.0,71.0,4.055136268958449
task-v2-a2561503b5d0,g-bd62d2d752385cc7,Nelder-Mead,O3,3,3,0.9685524028743843,1.6402826354365723,0.008424917129331749,0.004974257064079784,0.6315822529386123,2.4410155726394813,120.0,72.0,5.819312850944698
task-v2-a2561503b5d0,g-bd62d2d752385cc7,SLSQP,O0,2,3,1.5505667806297814,1.5505667806297814,0.004432711898113091,0.0027758591075040502,0.6183072362779386,2.1621194404242425,120.0,22.0,3.790689256042242
task-v2-a2561503b5d0,g-bd62d2d752385cc7,SLSQP,O0,3,3,1.2857291654796457,1.2857291654796457,0.0031202388502694052,0.0030839511204523787,0.9669695806593229,2.0096377749344594,120.0,16.0,5.4909284459427
task-v2-a2561503b5d0,g-bd62d2d752385cc7,SLSQP,O3,2,3,0.8882045120817911,1.6344466923429375,0.019517718660407746,0.01127658014483894,0.5751766754993431,2.8058789885005573,120.0,22.0,3.8048323318362236
task-v2-a2561503b5d0,g-bd62d2d752385cc7,SLSQP,O3,3,3,0.9580664739625195,1.6126190596501329,0.011526096554471215,0.006956119904855644,0.5791247032904666,2.577132188318747,120.0,16.0,5.52864143718034
task-v2-ac528a9510be,g-a712031e7959d564,COBYLA,O0,2,3,1.4959015131892535,1.4959015131892535,0.03358705546379867,0.006172099342008214,0.19059450492260735,1.8375018837466006,120.0,96.0,0.4347633793950081
task-v2-ac528a9510be,g-a712031e7959d564,COBYLA,O0,3,3,1.4598028559646656,1.4598028559646656,0.0014094201629007484,0.00032407176101697616,0.18909133858072225,0.4603704324449621,120.0,91.0,0.591811222024262
task-v2-ac528a9510be,g-a712031e7959d564,COBYLA,O3,2,3,0.6730187190513061,1.7697615187437963,0.03955762772208292,0.009167995694311558,0.23176303085519848,1.908560191293117,120.0,92.0,0.5017414418980479
task-v2-ac528a9510be,g-a712031e7959d564,COBYLA,O3,3,3,0.5604553866172014,1.8052036284842203,0.049597361707264365,0.016702359350556504,0.33675902861805174,2.0067885274542516,120.0,94.0,0.6819774704053998
task-v2-ac528a9510be,g-a712031e7959d564,Nelder-Mead,O0,2,3,1.7852627608297986,1.7852627608297986,0.016409044607456815,0.003192130191751483,0.2104075463795277,1.5264132479340695,120.0,71.0,0.2654059138149023
task-v2-ac528a9510be,g-a712031e7959d564,Nelder-Mead,O0,3,3,1.4025430067776554,1.4025430067776554,0.00540730086396519,0.0009808420209561118,0.18139216692981597,1.0443104868368316,120.0,74.0,0.398462631739676
task-v2-ac528a9510be,g-a712031e7959d564,Nelder-Mead,O3,2,3,0.2883631455074055,1.6728469334586138,0.07687311701967427,0.020816151089061232,0.25253546831872065,2.19710444332492,120.0,72.0,0.2864690851420164
task-v2-ac528a9510be,g-a712031e7959d564,Nelder-Mead,O3,3,3,0.6078705290417165,1.7092962275518455,0.04517097156054877,0.012222978804361536,0.2705936662880368,1.9661893839953057,120.0,75.0,0.43444458208978176
task-v2-ac528a9510be,g-a712031e7959d564,SLSQP,O0,2,3,1.3972721327644795,1.3972721327644795,0.01919942573092458,0.0036668581137894655,0.19098790584570688,1.594618191131278,113.0,22.0,0.2520203376188874
task-v2-ac528a9510be,g-a712031e7959d564,SLSQP,O0,3,3,1.2631753128133933,1.2631753128133933,0.002226179402277858,0.00024777062581092594,0.1015839548229182,0.6588901124281815,120.0,16.0,0.49261948466300964
task-v2-ac528a9510be,g-a712031e7959d564,SLSQP,O3,2,3,0.5573347641085745,1.8517419631793468,0.05030354057666027,0.018252992632884473,0.3607126398889315,2.0129285059241693,120.0,19.0,0.30532917100936174
task-v2-ac528a9510be,g-a712031e7959d564,SLSQP,O3,3,3,0.524425871842417,1.7790701475563782,0.052938452497190036,0.015973243489936364,0.3017323464599616,2.0351011941094317,120.0,15.0,0.45610316284000874
task-v2-b5e00db3fe1a,g-3ff7063ef9ea5cfb,COBYLA,O0,2,3,1.8352987326485606,1.8352987326485606,0.004249688496814539,0.0014620499266205142,0.3593057470471237,1.4905945185117213,120.0,93.0,4.590864612720907
task-v2-b5e00db3fe1a,g-3ff7063ef9ea5cfb,COBYLA,O0,3,3,1.3923781098655184,1.3923781098655184,0.0033968820251779257,0.0015078188751979026,0.4438832034853858,1.3933178851271315,120.0,94.0,7.621484380215406
task-v2-b5e00db3fe1a,g-3ff7063ef9ea5cfb,COBYLA,O3,2,3,1.0741210291895047,2.178261841495686,0.0026801347357835272,0.00012686227039979348,0.04733428834976305,1.2903940486222834,120.0,95.0,5.141439921222627
task-v2-b5e00db3fe1a,g-3ff7063ef9ea5cfb,COBYLA,O3,3,3,0.8541546677009894,1.5948047260174483,0.02100502051821476,0.006683278124642707,0.31925467607718416,2.1845605312880014,120.0,87.0,7.040052939206362
task-v2-b5e00db3fe1a,g-3ff7063ef9ea5cfb,Nelder-Mead,O0,2,3,1.8333777608935145,1.8333777608935145,0.0043854583937444945,0.0015179228015096981,0.3468034832480945,1.5042524162567914,120.0,71.0,4.821588314138353
task-v2-b5e00db3fe1a,g-3ff7063ef9ea5cfb,Nelder-Mead,O0,3,3,1.3748983067378875,1.3748983067378875,0.0023309936849085114,0.0013771499865127509,0.41845397499216697,1.2297785181227538,120.0,76.0,7.22883948776871
task-v2-b5e00db3fe1a,g-3ff7063ef9ea5cfb,Nelder-Mead,O3,2,3,1.0270092003017357,1.9283665435316386,0.008662363067905762,0.0024122050129536587,0.278469627057186,1.7998738036587305,120.0,73.0,4.912793188355863
task-v2-b5e00db3fe1a,g-3ff7063ef9ea5cfb,Nelder-Mead,O3,3,3,0.8353162832375258,1.628585131424498,0.02303822625967758,0.004041536812944754,0.3474853673570916,2.2246864603761853,120.0,72.0,7.252971613779664
task-v2-b5e00db3fe1a,g-3ff7063ef9ea5cfb,SLSQP,O0,2,3,1.3665021546638645,1.3665021546638645,0.00958472221734689,0.0035019109590439185,0.3653638446303631,1.8438169519381977,97.0,19.0,3.621930306777358
task-v2-b5e00db3fe1a,g-3ff7063ef9ea5cfb,SLSQP,O0,3,3,1.3113914595176253,1.3113914595176253,0.002708588411104731,0.0006920644191465964,0.25550741349599493,1.2949804371564297,120.0,16.0,6.514790318906307
task-v2-b5e00db3fe1a,g-3ff7063ef9ea5cfb,SLSQP,O3,2,3,1.0740943213294059,2.2811355717759074,0.002677356883609793,0.00012760317519774515,0.04766012927858237,1.289943686376512,120.0,22.0,4.406146230176091
task-v2-b5e00db3fe1a,g-3ff7063ef9ea5cfb,SLSQP,O3,3,3,0.8769576602605211,1.5389270708659326,0.018057948022878398,0.00588444486233114,0.32586453648420527,2.1189058198212374,120.0,16.0,6.027245074510574
task-v2-b9b3757d64c0,g-a87f1b9ac089cc45,COBYLA,O0,2,3,1.5769565807653503,1.5769565807653503,0.003765378073226084,0.0019321027962457347,0.513123186748245,2.6933185155554313,120.0,95.0,79.09509245492518
task-v2-b9b3757d64c0,g-a87f1b9ac089cc45,COBYLA,O0,3,3,1.4721627571824896,1.4721627571824896,0.0029742632480640767,0.001517307968380498,0.5070322546276713,2.590889330998827,120.0,90.0,116.57460911106318
task-v2-b9b3757d64c0,g-a87f1b9ac089cc45,COBYLA,O3,2,3,0.9930381415449505,1.7367299717375655,0.00574093305379429,0.0026675557018451313,0.4646554274103743,2.8764924087872026,120.0,94.0,86.97158045787364
task-v2-b9b3757d64c0,g-a87f1b9ac089cc45,COBYLA,O3,3,3,0.9159925961920369,1.6890430461129986,0.013126553659054904,0.0060921571850009555,0.46290764985094746,3.2356606445082488,120.0,88.0,123.85295819956809
task-v2-b9b3757d64c0,g-a87f1b9ac089cc45,Nelder-Mead,O0,2,3,1.494026040692988,1.494026040692988,0.007670995149152019,0.0038773409035035224,0.4928261388919097,3.0023616344023165,120.0,71.0,87.44852833915502
task-v2-b9b3757d64c0,g-a87f1b9ac089cc45,Nelder-Mead,O0,3,3,1.443789929409856,1.443789929409856,0.0015255331754758582,0.0007777373581778152,0.509813467632532,2.3009315828871717,120.0,75.0,128.5778304738924
task-v2-b9b3757d64c0,g-a87f1b9ac089cc45,Nelder-Mead,O3,2,3,0.9003597719146108,1.927112934218996,0.014870334829387924,0.005958524768927328,0.4006987628248708,3.2898306737550564,120.0,71.0,80.08260506112128
task-v2-b9b3757d64c0,g-a87f1b9ac089cc45,Nelder-Mead,O3,3,3,0.8651363183084454,1.6093123000770575,0.017798397766021275,0.00855123012455873,0.450266744849439,3.3678908346249457,120.0,74.0,113.30536009464413
task-v2-b9b3757d64c0,g-a87f1b9ac089cc45,SLSQP,O0,2,3,1.2226249409253347,1.2226249409253347,0.0007999370352834375,0.0005096163945940833,0.6370706344575152,2.020565730398212,120.0,22.0,76.2482298295945
task-v2-b9b3757d64c0,g-a87f1b9ac089cc45,SLSQP,O0,3,3,1.2415113482984164,1.2415113482984164,0.00017047006915877423,1.5230680403013035e-05,0.39473038504258146,1.3491580636322105,120.0,16.0,115.49040479585528
task-v2-b9b3757d64c0,g-a87f1b9ac089cc45,SLSQP,O3,2,3,0.7607702112267686,1.6519644229255595,0.029907289027710303,0.012333891241549759,0.41284388849340264,3.593286974101151,120.0,21.0,80.14475455414504
task-v2-b9b3757d64c0,g-a87f1b9ac089cc45,SLSQP,O3,3,3,0.8969870719958156,1.6655635963149766,0.014753417543647215,0.007013173455460637,0.4753592470837709,3.2864025600546656,120.0,16.0,116.6777492556721
task-v2-c5ed7c8b71f4,g-a712031e7959d564,COBYLA,O0,2,3,1.5917813880366847,1.5917813880366847,0.020908468702683196,0.0016802030516819381,0.08786055233859937,1.4555609203112563,120.0,94.0,0.44813468493521214
task-v2-c5ed7c8b71f4,g-a712031e7959d564,COBYLA,O0,3,3,1.356326863885076,1.356326863885076,0.03388504169628659,0.014142668289310526,0.7459047490992537,1.665246717633365,120.0,89.0,0.6259702062234282
task-v2-c5ed7c8b71f4,g-a712031e7959d564,COBYLA,O3,2,3,0.8094577904293737,1.901965157195926,0.028707349630213458,0.0021820338610286736,0.07657574153494578,1.5932317919060297,120.0,91.0,0.4954648269340396
task-v2-c5ed7c8b71f4,g-a712031e7959d564,COBYLA,O3,3,3,0.3032842075938483,1.7306532119679443,0.0738944743509099,0.03825298494058008,0.5249207648805012,2.0038506573718875,120.0,92.0,0.6256206212565303
task-v2-c5ed7c8b71f4,g-a712031e7959d564,Nelder-Mead,O0,2,3,1.7069378176325034,1.7069378176325034,0.014701307137588219,0.0011644961628122865,0.07932649556722815,1.3025946441462006,120.0,70.0,0.27219825703650713
task-v2-c5ed7c8b71f4,g-a712031e7959d564,Nelder-Mead,O0,3,3,1.347886315743152,1.347886315743152,0.010787859462261616,0.006081555530455831,0.5902650914056566,1.168173973338769,120.0,77.0,0.4115986516699195
task-v2-c5ed7c8b71f4,g-a712031e7959d564,Nelder-Mead,O3,2,3,0.8071147458202911,1.9126770610312134,0.02892959600313523,0.002238061878284154,0.07762222567294574,1.596581062090213,120.0,70.0,0.28770497161895037
task-v2-c5ed7c8b71f4,g-a712031e7959d564,Nelder-Mead,O3,3,3,0.3635091546872491,1.583191344831093,0.06879118794252757,0.02872080956055902,0.5049365942691831,1.9727715025149815,120.0,75.0,0.4230457730591297
task-v2-c5ed7c8b71f4,g-a712031e7959d564,SLSQP,O0,2,3,1.2958471656500286,1.2958471656500286,0.047197161718099234,0.01226729358522645,0.2599157426464501,1.809154575627314,113.0,21.0,0.2691126009449363
task-v2-c5ed7c8b71f4,g-a712031e7959d564,SLSQP,O0,3,3,1.3260361424601559,1.3260361424601559,0.009644160483800492,0.008137860458927993,0.44024798681562505,1.1195031218976472,120.0,16.0,0.41322884801775217
task-v2-c5ed7c8b71f4,g-a712031e7959d564,SLSQP,O3,2,3,0.4440488521509058,1.3828046203115227,0.061576891211831665,0.011284460450390528,0.18325804093569245,1.9246564524559562,120.0,22.0,0.29227225482463837
task-v2-c5ed7c8b71f4,g-a712031e7959d564,SLSQP,O3,3,3,0.30932934093298875,1.4865455501850313,0.07440279276853176,0.022612731814706355,0.3039231589740847,2.0068279306918266,120.0,16.0,0.5819980436936021
task-v2-c95d7e1ff6e7,g-a87f1b9ac089cc45,COBYLA,O0,2,3,1.9529558458667258,1.9529558458667258,0.0027411758965807053,0.0008236922197989774,0.3004886409611425,2.254416834993331,120.0,95.0,79.17880124598742
task-v2-c95d7e1ff6e7,g-a87f1b9ac089cc45,COBYLA,O0,3,3,1.318465089404312,1.318465089404312,0.0040517642273360105,0.0014397080630569592,0.355328687030625,2.4241240963973123,120.0,94.0,123.92431835085154
task-v2-c95d7e1ff6e7,g-a87f1b9ac089cc45,COBYLA,O3,2,3,1.054627037819342,1.8505271829119123,0.0011055314696734341,0.00023685861590187442,0.21424864185172468,1.8600510401897177,120.0,93.0,85.79976937826723
task-v2-c95d7e1ff6e7,g-a87f1b9ac089cc45,COBYLA,O3,3,3,0.9092197641282962,1.5107771603295177,0.013972393447658726,0.004727962447907211,0.3701021178152696,2.96175073702971,120.0,89.0,127.05751795694232
task-v2-c95d7e1ff6e7,g-a87f1b9ac089cc45,Nelder-Mead,O0,2,3,1.2462329136991244,1.2462329136991244,0.0030158408490670212,0.0013006998183004658,0.39096327091404953,2.2958883499846663,120.0,75.0,84.62411286216229
task-v2-c95d7e1ff6e7,g-a87f1b9ac089cc45,Nelder-Mead,O0,3,3,1.2480072638533175,1.2480072638533175,0.0055241784854845495,0.002136917465401668,0.39655894066472247,2.5587476327549075,120.0,76.0,128.59722774475813
task-v2-c95d7e1ff6e7,g-a87f1b9ac089cc45,Nelder-Mead,O3,2,3,1.0934980876350848,2.074146471437035,0.002444162220753605,0.0008066669260254257,0.33447454723301584,2.204609957578884,120.0,69.0,87.26878183800727
task-v2-c95d7e1ff6e7,g-a87f1b9ac089cc45,Nelder-Mead,O3,3,3,0.947168709689903,1.40214693478187,0.010219995388526627,0.003360945410423201,0.33319861269643847,2.8259306304597813,120.0,73.0,126.73034914396703
task-v2-c95d7e1ff6e7,g-a87f1b9ac089cc45,SLSQP,O0,2,3,1.9459532999102473,1.9459532999102473,0.001345306108400166,0.0002926193329350376,0.2175113389494824,1.945301044748978,98.0,19.0,69.68560356553644
task-v2-c95d7e1ff6e7,g-a87f1b9ac089cc45,SLSQP,O0,3,3,1.3151551213420818,1.3151551213420818,0.006337365314037117,0.0024992567999131553,0.39436842852933846,2.618388673143863,120.0,15.0,125.96475444175303
task-v2-c95d7e1ff6e7,g-a87f1b9ac089cc45,SLSQP,O3,2,3,0.9605700497994072,1.516919175914654,0.009164439532535904,0.00306023365716826,0.3248528135623922,2.778585840689004,120.0,22.0,84.88169379811734
task-v2-c95d7e1ff6e7,g-a87f1b9ac089cc45,SLSQP,O3,3,3,0.8858658751918308,1.4413164458825625,0.016374865015796106,0.00556092133051595,0.3396010486285887,3.0306576592486483,120.0,16.0,127.12107170466334
task-v2-ce7fc44fc7b5,g-548c8c6335dd2a2e,COBYLA,O0,2,3,1.4606063228441015,1.4606063228441015,0.1354543710475725,0.050656774297166286,0.38777765794723495,0.761881738998106,120.0,95.0,0.21733935456722975
task-v2-ce7fc44fc7b5,g-548c8c6335dd2a2e,COBYLA,O0,3,3,1.4671321646578535,1.4671321646578535,0.12696453245614725,0.04387755161575913,0.3455890457511365,0.7337711326570304,120.0,90.0,0.22817848809063435
task-v2-ce7fc44fc7b5,g-548c8c6335dd2a2e,COBYLA,O3,2,3,0.023255813953488372,1.45269948314606,0.2585319007715882,0.1016397241131449,0.39081058456284107,1.0426028541348686,99.0,81.0,0.2038143528625369
task-v2-ce7fc44fc7b5,g-548c8c6335dd2a2e,COBYLA,O3,3,3,0.023255813953488372,1.4666956334085908,0.2156146322423918,0.10049031634798979,0.3951914199482393,0.9637669449424403,60.0,46.0,0.11520097125321627
task-v2-ce7fc44fc7b5,g-548c8c6335dd2a2e,Nelder-Mead,O0,2,3,1.4604787963524544,1.4604787963524544,0.06530495905579065,0.030770787410455493,0.3715515689137792,0.44503487642978784,120.0,71.0,0.03928184788674116
task-v2-ce7fc44fc7b5,g-548c8c6335dd2a2e,Nelder-Mead,O0,3,3,1.4649622784988447,1.4649622784988447,0.08181107410188575,0.03022286363985389,0.4108946693144513,0.5429008095019756,120.0,78.0,0.04222533851861954
task-v2-ce7fc44fc7b5,g-548c8c6335dd2a2e,Nelder-Mead,O3,2,3,0.5192897194025934,1.9882411633179613,0.061492568364068724,0.018949238431270166,0.20705637344410682,0.41891134755731024,120.0,71.0,0.04284137953072786
task-v2-ce7fc44fc7b5,g-548c8c6335dd2a2e,Nelder-Mead,O3,3,3,0.033004662860678866,1.7090513793141624,0.16133736821282485,0.08323197987963235,0.4143011700617164,0.8378236832413002,120.0,75.0,0.04895481839776039
task-v2-ce7fc44fc7b5,g-548c8c6335dd2a2e,SLSQP,O0,2,3,1.4604671574383068,1.4604671574383068,0.13554331515256107,0.05041244807935221,0.3824337075246953,0.762166818446001,107.0,20.0,0.03230288904160261
task-v2-ce7fc44fc7b5,g-548c8c6335dd2a2e,SLSQP,O0,3,3,1.4301001226333472,1.4301001226333472,0.29025292144377024,0.11445860328445928,0.40350211661446733,1.0928653146067706,120.0,16.0,0.045327991247177124
task-v2-ce7fc44fc7b5,g-548c8c6335dd2a2e,SLSQP,O3,2,3,0.048786420760081765,1.753082059186407,0.1687429392632449,0.05608735629265936,0.33238342616019695,0.8573143245606625,120.0,18.0,0.04292216245085001
task-v2-ce7fc44fc7b5,g-548c8c6335dd2a2e,SLSQP,O3,3,3,0.023255813953488372,1.3614567463238165,0.279239652348671,0.11595327616868933,0.4245995253722894,1.0760658035694373,64.0,8.0,0.030071008950471878
task-v2-cf1a83d8dbf9,g-bd62d2d752385cc7,COBYLA,O0,2,3,1.8815967360511436,1.8815967360511436,0.003226397505697698,0.0008911254448776041,0.27619828099417687,1.5470465534901308,120.0,93.0,4.03841657191515
task-v2-cf1a83d8dbf9,g-bd62d2d752385cc7,COBYLA,O0,3,3,1.3863062003951667,1.3863062003951667,0.003486442228117262,0.0024423208330820105,0.5844563693069735,1.5807111533898388,120.0,92.0,5.170807941816747
task-v2-cf1a83d8dbf9,g-bd62d2d752385cc7,COBYLA,O3,2,3,1.0215716585025065,1.8591308965455182,0.0035960953193000175,0.0008239087883348842,0.17303615763145883,1.5941598750079693,120.0,94.0,3.923889064230025
task-v2-cf1a83d8dbf9,g-bd62d2d752385cc7,COBYLA,O3,3,3,0.9004105901105611,1.7351625375607562,0.015809569275834982,0.0039503201162218275,0.2498689273122649,2.237248718187681,120.0,88.0,5.341515486128628
task-v2-cf1a83d8dbf9,g-bd62d2d752385cc7,Nelder-Mead,O0,2,3,1.4041068643853714,1.4041068643853714,0.007575864773055254,0.0023525407809705454,0.2991140066166877,1.917760894276449,120.0,70.0,3.170737928710878
task-v2-cf1a83d8dbf9,g-bd62d2d752385cc7,Nelder-Mead,O0,3,3,1.3498831909142028,1.3498831909142028,0.00402844073529647,0.0018349391923913095,0.36585087392379656,1.64346565911176,120.0,76.0,4.787470931187272
task-v2-cf1a83d8dbf9,g-bd62d2d752385cc7,Nelder-Mead,O3,2,3,1.0599337336529535,2.1489303512619835,0.0038671500528776885,0.0006636068784922362,0.17160101610187634,1.625719704103256,120.0,70.0,3.412460967898369
task-v2-cf1a83d8dbf9,g-bd62d2d752385cc7,Nelder-Mead,O3,3,3,0.8764886608176806,1.4733269231641677,0.020625258764902593,0.005331762366879584,0.27133755982767827,2.3527280861633195,120.0,76.0,5.23020694963634
task-v2-cf1a83d8dbf9,g-bd62d2d752385cc7,SLSQP,O0,2,3,1.413503782523295,1.413503782523295,0.007524831584492441,0.0024645490097574573,0.3275219186598249,1.9148254645399432,120.0,23.0,3.2000292278826237
task-v2-cf1a83d8dbf9,g-bd62d2d752385cc7,SLSQP,O0,3,3,1.3506633893844393,1.3506633893844393,0.006501344730906792,0.002542370959787298,0.355436426049569,1.851331875161433,120.0,16.0,4.795032971538603
task-v2-cf1a83d8dbf9,g-bd62d2d752385cc7,SLSQP,O3,2,3,1.004285316338298,1.8924092911436703,0.006465721806500921,0.001583834351371059,0.24495862933332552,1.848945695006675,120.0,22.0,3.420801529660821
task-v2-cf1a83d8dbf9,g-bd62d2d752385cc7,SLSQP,O3,3,3,0.849864750610463,1.4485683317639837,0.020825178541123056,0.005219933844140333,0.28587593213679585,2.3569174136846502,120.0,16.0,4.939200482331216
task-v2-d7382a83ef13,g-548c8c6335dd2a2e,COBYLA,O0,2,3,1.513425500373022,1.513425500373022,0.15006002224128578,0.09755418248868815,0.609110111543826,0.9824449804673987,120.0,95.0,0.27886061090976
task-v2-d7382a83ef13,g-548c8c6335dd2a2e,COBYLA,O0,3,3,1.615616569284109,1.615616569284109,0.11191293887502872,0.08230145538401645,0.5946842977479204,0.855060274606753,120.0,89.0,0.26314327772706747
task-v2-d7382a83ef13,g-548c8c6335dd2a2e,COBYLA,O3,2,3,0.46786190400733396,2.2699726450279973,0.06372226333515996,0.028322781231406684,0.4444723044823026,0.6104711669841959,120.0,93.0,0.203397698700428
task-v2-d7382a83ef13,g-548c8c6335dd2a2e,COBYLA,O3,3,3,0.04488677825646291,1.8168830498856088,0.1332607169230609,0.07342481528491702,0.6397911340992997,0.9308821193627388,120.0,94.0,0.22119180019944906
task-v2-d7382a83ef13,g-548c8c6335dd2a2e,Nelder-Mead,O0,2,3,1.5971949326129065,1.5971949326129065,0.09188634248807673,0.04002317126005934,0.449948175937296,0.7694309388754611,120.0,72.0,0.028115374967455864
task-v2-d7382a83ef13,g-548c8c6335dd2a2e,Nelder-Mead,O0,3,3,1.5842262347025398,1.5842262347025398,0.02844351886982321,0.028365044409158876,0.6449232746768917,0.26016329780009595,120.0,77.0,0.04237236361950636
task-v2-d7382a83ef13,g-548c8c6335dd2a2e,Nelder-Mead,O3,2,3,0.3423251725213987,2.270156741613449,0.07589153921272102,0.036244622023807606,0.4471253815737612,0.686373335148867,120.0,70.0,0.04939986113458872
task-v2-d7382a83ef13,g-548c8c6335dd2a2e,Nelder-Mead,O3,3,3,0.03451593858941265,1.9617392592924137,0.10042585320306335,0.08616613259015019,0.8580074735926845,0.808025504104383,120.0,69.0,0.06293781101703644
task-v2-d7382a83ef13,g-548c8c6335dd2a2e,SLSQP,O0,2,3,1.5762535084465357,1.5762535084465357,0.10175378909722341,0.04580476342125402,0.450152204852203,0.8137305643958976,102.0,19.0,0.04116100165992975
task-v2-d7382a83ef13,g-548c8c6335dd2a2e,SLSQP,O0,3,3,1.5500409090018232,1.5500409090018232,0.1792118552117239,0.09986850274335626,0.5718539290551894,1.0595467096823876,120.0,16.0,0.05878765136003494
task-v2-d7382a83ef13,g-548c8c6335dd2a2e,SLSQP,O3,2,3,0.3422888139904093,2.2703948115252084,0.07589240581426168,0.036165854779974166,0.4461650055288248,0.6863782943066628,79.0,15.0,0.04107789136469364
task-v2-d7382a83ef13,g-548c8c6335dd2a2e,SLSQP,O3,3,3,0.023255813953488372,1.877039146436522,0.10500671307479194,0.1007291486772144,0.7837822707351224,0.8273970383694863,63.0,8.0,0.03153535537421703
task-v2-e243a3cd3e64,g-bd62d2d752385cc7,COBYLA,O0,2,3,1.5625791316690603,1.5625791316690603,0.008636966327767578,0.002395901349065407,0.2774007977040108,1.8497511700845144,120.0,92.0,4.941440422087908
task-v2-e243a3cd3e64,g-bd62d2d752385cc7,COBYLA,O0,3,3,1.353888292760634,1.353888292760634,0.005261037451385739,0.002870641937486842,0.5456417986020465,1.6344613370221999,120.0,94.0,7.874470531009138
task-v2-e243a3cd3e64,g-bd62d2d752385cc7,COBYLA,O3,2,3,0.9177999698287349,1.517931125711259,0.015107532712084024,0.003528237375401506,0.22858212153317706,2.092583486923734,120.0,95.0,4.959077293053269
task-v2-e243a3cd3e64,g-bd62d2d752385cc7,COBYLA,O3,3,3,0.8807937308603708,1.6277712926257872,0.01893088682185369,0.004148975807796981,0.22558902313131815,2.1905609026994255,120.0,89.0,7.233151346445084
task-v2-e243a3cd3e64,g-bd62d2d752385cc7,Nelder-Mead,O0,2,3,1.8902757298519166,1.8902757298519166,0.003483416453150178,0.000892771569387576,0.2562919425210301,1.45539534243489,120.0,71.0,5.293374954722822
task-v2-e243a3cd3e64,g-bd62d2d752385cc7,Nelder-Mead,O0,3,3,1.3559162444758501,1.3559162444758501,0.0037045497574011966,0.0025077599250700544,0.49303661559187123,1.4821253759853448,120.0,77.0,7.256947303190827
task-v2-e243a3cd3e64,g-bd62d2d752385cc7,Nelder-Mead,O3,2,3,1.0416394039600294,2.0438722899597472,0.0065031052776479414,0.0015625928489399205,0.24028410770324832,1.7265107284149084,120.0,71.0,4.665251489728689
task-v2-e243a3cd3e64,g-bd62d2d752385cc7,Nelder-Mead,O3,3,3,0.8243547819321889,1.44782938791443,0.026087318678367957,0.0062396131810139215,0.23918185145596865,2.3298193871232664,120.0,75.0,7.060333725064993
task-v2-e243a3cd3e64,g-bd62d2d752385cc7,SLSQP,O0,2,3,1.3693442092425143,1.3693442092425143,0.008408399579822225,0.0023265018841990494,0.25852501525400085,1.8381032854707422,107.0,20.0,4.086046657525003
task-v2-e243a3cd3e64,g-bd62d2d752385cc7,SLSQP,O0,3,3,1.2628872499251045,1.2628872499251045,0.003765799261310908,0.0012954483244940209,0.34400355265964544,1.4892471095438076,120.0,15.0,6.511968859471381
task-v2-e243a3cd3e64,g-bd62d2d752385cc7,SLSQP,O3,2,3,1.0548103426976356,2.2938214177762397,0.0010306598597587637,7.161075959805412e-05,0.06948542393266449,0.9265053059058225,100.0,20.0,3.611333131790161
task-v2-e243a3cd3e64,g-bd62d2d752385cc7,SLSQP,O3,3,3,0.8655644942920487,1.5162919019276306,0.021724146305743753,0.005441266257154975,0.25047088988331534,2.250332662607953,120.0,15.0,6.031091884709895
task-v2-e442db508705,g-548c8c6335dd2a2e,COBYLA,O0,2,3,1.6118102659427511,1.6118102659427511,0.08626682404979737,0.08626682404979737,1.0,1.043053779242058,120.0,92.0,0.2255825623869896
task-v2-e442db508705,g-548c8c6335dd2a2e,COBYLA,O0,3,3,1.6109554713578298,1.6109554713578298,0.036175747081956144,0.036175747081956144,1.0,0.665627478346223,120.0,92.0,0.2325589843094349
task-v2-e442db508705,g-548c8c6335dd2a2e,COBYLA,O3,2,3,0.8294708900428373,2.3680581978269806,0.029496163144069935,0.029496163144069935,1.0,0.5769754963470061,120.0,93.0,0.22955610137432814
task-v2-e442db508705,g-548c8c6335dd2a2e,COBYLA,O3,3,3,0.45965581560461466,1.8836575841377332,0.059256141487334435,0.059256141487334435,1.0,0.8799433382681727,120.0,91.0,0.24307210929691792
task-v2-e442db508705,g-548c8c6335dd2a2e,Nelder-Mead,O0,2,3,1.611716236309892,1.611716236309892,0.03069009844772017,0.03069009844772017,1.0,0.594208251212081,120.0,69.0,0.03250822797417641
task-v2-e442db508705,g-548c8c6335dd2a2e,Nelder-Mead,O0,3,3,1.6020412072921655,1.6020412072921655,0.030444468876610935,0.030444468876610935,1.0,0.5907183715572434,120.0,78.0,0.04215860180556774
task-v2-e442db508705,g-548c8c6335dd2a2e,Nelder-Mead,O3,2,3,0.7443682498069429,2.3660853449194383,0.039456857946278893,0.039456857946278893,1.0,0.7033324679253207,120.0,69.0,0.03400916326791048
task-v2-e442db508705,g-548c8c6335dd2a2e,Nelder-Mead,O3,3,3,0.17153820667735928,1.9538438560237301,0.08723539547131287,0.08723539547131287,1.0,1.0479027038794382,120.0,73.0,0.05367892328649759
task-v2-e442db508705,g-548c8c6335dd2a2e,SLSQP,O0,2,3,1.584859887706659,1.584859887706659,0.0631894711865023,0.0631894711865023,1.0,0.9078546905484131,99.0,19.0,0.027569937519729137
task-v2-e442db508705,g-548c8c6335dd2a2e,SLSQP,O0,3,3,1.5656083816298914,1.5656083816298914,0.09960211204394447,0.09960211204394447,1.0,1.105478517301542,120.0,16.0,0.04240388050675392
task-v2-e442db508705,g-548c8c6335dd2a2e,SLSQP,O3,2,3,0.7337070507907884,2.3668701876502594,0.040821628396420145,0.040821628396420145,1.0,0.7181002946108224,120.0,20.0,0.040402866899967194
task-v2-e442db508705,g-548c8c6335dd2a2e,SLSQP,O3,3,3,0.023255813953488372,1.9311055027121335,0.10244054700524398,0.10244054700524398,1.0,1.117681858467345,56.0,7.0,0.02452242374420166
task-v2-e449b07a1126,g-e0c69f84d376b633,COBYLA,O0,2,3,1.6394870155462336,1.6394870155462336,0.001933746247180747,0.001186898392174856,0.6137818723140445,2.7049394058250713,120.0,94.0,84.1041443226859
task-v2-e449b07a1126,g-e0c69f84d376b633,COBYLA,O0,3,3,1.4668953041239525,1.4668953041239525,0.0006978247891676535,0.00048643354447282233,0.6971343459477298,2.2622863149908117,120.0,91.0,123.59449881035835
task-v2-e449b07a1126,g-e0c69f84d376b633,COBYLA,O3,2,3,1.0054911441136216,1.835329819144084,0.005044501003821747,0.002733557703507549,0.5793762699827516,3.121358134743666,120.0,93.0,86.78450231812894
task-v2-e449b07a1126,g-e0c69f84d376b633,COBYLA,O3,3,3,1.0021486223988398,1.815245788348699,0.0047479523323065865,0.0027223790412428217,0.577481405934803,3.095046272099393,120.0,94.0,127.66950680688024
task-v2-e449b07a1126,g-e0c69f84d376b633,Nelder-Mead,O0,2,3,1.7284169019351627,1.7284169019351627,0.002561695928783116,0.0014502311266038732,0.5743620719234183,2.8270675000188827,120.0,73.0,88.03907166421413
task-v2-e449b07a1126,g-e0c69f84d376b633,Nelder-Mead,O0,3,3,1.5543441126505382,1.5543441126505382,0.0010865055568907236,0.0007120933890563096,0.6516758528422427,2.4545718737962456,120.0,75.0,124.8173018693924
task-v2-e449b07a1126,g-e0c69f84d376b633,Nelder-Mead,O3,2,3,0.9763760419774606,1.856517040191802,0.009744456962599773,0.005998367848162507,0.5813712192479438,3.4072975637924094,120.0,69.0,87.4850081987679
task-v2-e449b07a1126,g-e0c69f84d376b633,Nelder-Mead,O3,3,3,0.9840238391481861,1.9543090385812114,0.008065545230288039,0.004883538729178383,0.5768371117654338,3.3251736529453053,120.0,73.0,127.3017003769055
task-v2-e449b07a1126,g-e0c69f84d376b633,SLSQP,O0,2,3,1.3587763481441122,1.3587763481441122,0.000324828120667669,0.00026352180017839404,0.8112653536175911,1.9301935414190463,116.0,22.0,82.77669874671847
task-v2-e449b07a1126,g-e0c69f84d376b633,SLSQP,O0,3,3,1.2886225126989381,1.2886225126989381,0.00015999284388261252,0.00010452108484374898,0.6532859989690325,1.6226404800338612,120.0,16.0,123.02894572168589
task-v2-e449b07a1126,g-e0c69f84d376b633,SLSQP,O3,2,3,0.9555631671824577,1.7055520585369583,0.009269138779332043,0.005372672752223498,0.5796301986764153,3.3855793064997166,120.0,22.0,84.34189524501562
task-v2-e449b07a1126,g-e0c69f84d376b633,SLSQP,O3,3,3,0.9844192842213336,1.8110113087945194,0.006849786571694043,0.004003574733763876,0.5844816757223049,3.2542169617390373,120.0,15.0,126.62041584495455
task-v2-eb1005d46905,g-8a16a856f5377a40,COBYLA,O0,2,3,1.5957493582226194,1.5957493582226194,0.024914462684653443,0.00666115524313255,0.2673609833550864,1.7077814777419815,120.0,92.0,0.5600480437278748
task-v2-eb1005d46905,g-8a16a856f5377a40,COBYLA,O0,3,3,1.379885248394733,1.379885248394733,0.015626820987819683,0.015367060746867894,0.8781033425926682,1.5052005894483202,120.0,92.0,0.685273515060544
task-v2-eb1005d46905,g-8a16a856f5377a40,COBYLA,O3,2,3,0.6862623627864659,1.8952592146911784,0.03848020307908464,0.015058200659962046,0.3913233157583494,1.896567307662633,120.0,94.0,0.5297110890969634
task-v2-eb1005d46905,g-8a16a856f5377a40,COBYLA,O3,3,3,0.5540262838548432,1.7746003037239797,0.051161306789284836,0.028631021578564807,0.5596225619585083,2.020271581232522,120.0,90.0,0.6357776494696736
task-v2-eb1005d46905,g-8a16a856f5377a40,Nelder-Mead,O0,2,3,1.5935490875793317,1.5935490875793317,0.009526982495312674,0.0020104074445827813,0.36857400278900876,1.290285319558112,120.0,70.0,0.26535983942449093
task-v2-eb1005d46905,g-8a16a856f5377a40,Nelder-Mead,O0,3,3,1.4273805982425694,1.4273805982425694,0.008269903139218831,0.004560320546777112,0.6043268337735966,1.2288303752361316,120.0,75.0,0.40650206431746483
task-v2-eb1005d46905,g-8a16a856f5377a40,Nelder-Mead,O3,2,3,0.34815107219464436,1.505879665959836,0.07255611941085752,0.026197725385450756,0.36106844740556027,2.172003999184952,120.0,73.0,0.29547305405139923
task-v2-eb1005d46905,g-8a16a856f5377a40,Nelder-Mead,O3,3,3,0.18457063516249125,1.7349468099160381,0.08767566332170205,0.043994327988009375,0.6216009265037178,2.2542090125814873,120.0,76.0,0.44262180384248495
task-v2-eb1005d46905,g-8a16a856f5377a40,SLSQP,O0,2,3,1.4357534047748695,1.4357534047748695,0.019117683885530628,0.01514600900125153,0.3671344660350357,1.592765228493762,112.0,21.0,0.25438705924898386
task-v2-eb1005d46905,g-8a16a856f5377a40,SLSQP,O0,3,3,1.2647503916432723,1.2647503916432723,0.009876694658111057,0.009795894192606566,0.9883032228921569,1.3059415798956984,120.0,16.0,0.4002815978601575
task-v2-eb1005d46905,g-8a16a856f5377a40,SLSQP,O3,2,3,0.34306860101773057,1.4961799413635481,0.07308868974177213,0.02617589095455829,0.35814138195974343,2.1751801286764954,108.0,19.0,0.26765286829322577
task-v2-eb1005d46905,g-8a16a856f5377a40,SLSQP,O3,3,3,0.19948221766753957,1.8101972468892185,0.08650503584782125,0.05520673661330704,0.6360682817252601,2.248371342742717,120.0,15.0,0.4196934886276722
task-v2-ef23e17da545,g-a712031e7959d564,COBYLA,O0,2,3,1.500243979564049,1.500243979564049,0.015639664899480567,0.008158095452912366,0.5216285326665354,1.6304961324015506,120.0,96.0,0.4786221347749233
task-v2-ef23e17da545,g-a712031e7959d564,COBYLA,O0,3,3,1.3147084168538996,1.3147084168538996,0.0010543417365360787,0.0007495550081226874,0.7852507301247983,0.45925008748979057,120.0,92.0,0.6165338745340705
task-v2-ef23e17da545,g-a712031e7959d564,COBYLA,O3,2,3,0.6857571551567926,1.8771278587771747,0.03741693374220057,0.011016935357766464,0.33412673190716397,2.0093368837969674,120.0,95.0,0.4891111273318529
task-v2-ef23e17da545,g-a712031e7959d564,COBYLA,O3,3,3,0.6853844427020397,1.797858754996444,0.037098882833534304,0.013907729579415816,0.3748827058168012,2.0056295207229207,120.0,91.0,0.6071600653231144
task-v2-ef23e17da545,g-a712031e7959d564,Nelder-Mead,O0,2,3,1.4656293819615116,1.4656293819615116,0.030858019411049674,0.014478398760483869,0.4691940389181111,1.9256367368072187,120.0,72.0,0.27655820082873106
task-v2-ef23e17da545,g-a712031e7959d564,Nelder-Mead,O0,3,3,1.3974554040920455,1.3974554040920455,0.002223276715892477,0.0013236156844359738,0.5936900795566188,0.7832622086088784,120.0,76.0,0.39024027716368437
task-v2-ef23e17da545,g-a712031e7959d564,Nelder-Mead,O3,2,3,0.4629298055824116,1.6075683545618717,0.05960348081744288,0.022538243088875053,0.4011593315436274,2.211540312002427,120.0,71.0,0.3187079969793558
task-v2-ef23e17da545,g-a712031e7959d564,Nelder-Mead,O3,3,3,0.7044185741425247,1.8344883355847295,0.03514696236604872,0.016064573874730426,0.4193435959112873,1.9821564852759117,120.0,71.0,0.4525610338896513
task-v2-ef23e17da545,g-a712031e7959d564,SLSQP,O0,2,3,1.4296177283031193,1.4296177283031193,0.04134065180321262,0.019402099188820528,0.4693225274041947,2.0526460086224954,98.0,19.0,0.23467260971665382
task-v2-ef23e17da545,g-a712031e7959d564,SLSQP,O0,3,3,1.2423452356978202,1.2423452356978202,0.0014855542692852215,0.0010515309482895109,0.7516269845984115,0.6081572107001115,120.0,16.0,0.4189364332705736
task-v2-ef23e17da545,g-a712031e7959d564,SLSQP,O3,2,3,0.627598360456581,1.888999445964268,0.04420696906585028,0.013977051712265062,0.36487236940433804,2.081759428583854,120.0,21.0,0.30483728740364313
task-v2-ef23e17da545,g-a712031e7959d564,SLSQP,O3,3,3,0.5712188837382146,1.7234470994879938,0.04936729812337228,0.020177811809483602,0.40872829943129274,2.1297080478063246,120.0,15.0,0.41648861672729254
task-v2-f0ef0f25a74e,g-8a16a856f5377a40,COBYLA,O0,2,3,1.6852294123178502,1.6852294123178502,0.01822968469081905,0.004167070286341354,0.24824607505223173,1.3960178502068932,120.0,95.0,0.5512930192053318
task-v2-f0ef0f25a74e,g-8a16a856f5377a40,COBYLA,O0,3,3,1.3752159005887168,1.3752159005887168,0.025884060297894473,0.011415265099115338,0.7668406063740344,1.5482710961048318,120.0,89.0,0.6524338219314814
task-v2-f0ef0f25a74e,g-8a16a856f5377a40,COBYLA,O3,2,3,0.5769404905239441,1.8895150284814544,0.049371870806580495,0.02036157435799321,0.4800718418975881,1.8287182771332517,120.0,94.0,0.48704781010746956
task-v2-f0ef0f25a74e,g-8a16a856f5377a40,COBYLA,O3,3,3,0.4947383060538203,1.7391072001422023,0.05764062924917418,0.02560478137070972,0.4442141195236268,1.8959674065065177,120.0,91.0,0.6156168403103948
task-v2-f0ef0f25a74e,g-8a16a856f5377a40,Nelder-Mead,O0,2,3,1.8156301136529422,1.8156301136529422,0.012527898811598657,0.0030868436250469046,0.24639755408856143,1.2331169301601115,120.0,67.0,0.28473929315805435
task-v2-f0ef0f25a74e,g-8a16a856f5377a40,Nelder-Mead,O0,3,3,1.3648792513891508,1.3648792513891508,0.024827249115361768,0.012987866081619864,0.5220751816326609,1.5301672951948246,120.0,75.0,0.4165068930014968
task-v2-f0ef0f25a74e,g-8a16a856f5377a40,Nelder-Mead,O3,2,3,0.8817438561540469,1.9360761397524777,0.022524033283163776,0.005299611798727503,0.23528698133690146,1.4878848536629403,120.0,73.0,0.3058425998315215
task-v2-f0ef0f25a74e,g-8a16a856f5377a40,Nelder-Mead,O3,3,3,0.19983043905572007,1.8037770605853627,0.08606323161451786,0.048297859836999656,0.5587364968448734,2.0700563427567067,120.0,75.0,0.4203275674954057
task-v2-f0ef0f25a74e,g-8a16a856f5377a40,SLSQP,O0,2,3,1.377592230066082,1.377592230066082,0.032171973704554255,0.013935430480212537,0.3773237897421774,1.6427163983124453,96.0,18.0,0.22805172763764858
task-v2-f0ef0f25a74e,g-8a16a856f5377a40,SLSQP,O0,3,3,1.3844580355836864,1.3844580355836864,0.04401484059546519,0.025691820615238357,0.5837081372478119,1.778837826598532,120.0,16.0,0.41443326883018017
task-v2-f0ef0f25a74e,g-8a16a856f5377a40,SLSQP,O3,2,3,0.8459187105506456,1.7909328868337298,0.02397773045015082,0.004420570328230884,0.1844403114067462,1.5150467669391467,120.0,20.0,0.310148480348289
task-v2-f0ef0f25a74e,g-8a16a856f5377a40,SLSQP,O3,3,3,0.17985682834046743,1.6854723585914309,0.08812475797889584,0.0386752886672246,0.49090776680342535,2.0803366305261557,120.0,16.0,0.4266581041738391
task-v2-f1a738d52e35,g-60667963f6db3f1b,COBYLA,O0,2,3,1.7899727667192882,1.7899727667192882,0.019727808800099295,0.011676512694232115,0.4253459447682324,1.0043488111102827,120.0,94.0,0.30363527592271566
task-v2-f1a738d52e35,g-60667963f6db3f1b,COBYLA,O0,3,3,1.7310942254077553,1.7310942254077553,0.007928386110257559,0.006952215806215484,0.8815338179177596,0.608454752991783,120.0,93.0,0.3369691949337721
task-v2-f1a738d52e35,g-60667963f6db3f1b,COBYLA,O3,2,3,0.3915608998619097,1.9909931667962337,0.06967476645638382,0.04071450344099093,0.5843507701813121,1.5523454826471608,120.0,95.0,0.23619494773447514
task-v2-f1a738d52e35,g-60667963f6db3f1b,COBYLA,O3,3,3,0.6621063863149591,2.075347740292222,0.0458283043740291,0.028405008939342065,0.6198136572436483,1.3704037498238115,120.0,93.0,0.3764774687588215
task-v2-f1a738d52e35,g-60667963f6db3f1b,Nelder-Mead,O0,2,3,1.8971695889401334,1.8971695889401334,0.006529362804787669,0.002017614417668542,0.32098438988922523,0.524140761873092,120.0,72.0,0.09407218731939793
task-v2-f1a738d52e35,g-60667963f6db3f1b,Nelder-Mead,O0,3,3,1.659707512412286,1.659707512412286,0.004850857258062935,0.004733497993404339,0.9758064897779615,0.39508845618575594,120.0,75.0,0.11320494767278433
task-v2-f1a738d52e35,g-60667963f6db3f1b,Nelder-Mead,O3,2,3,1.0676841265279442,2.40790431573742,0.009425470188256917,0.008534286384312424,0.9054494061150595,0.6835729851133007,120.0,70.0,0.08128378260880709
task-v2-f1a738d52e35,g-60667963f6db3f1b,Nelder-Mead,O3,3,3,0.43671000878213195,2.021238504347961,0.06545874142424526,0.050822045930007165,0.6795653760779852,1.5252376118445474,120.0,74.0,0.12234897539019585
task-v2-f1a738d52e35,g-60667963f6db3f1b,SLSQP,O0,2,3,1.8935016531548816,1.8935016531548816,0.011354371152681342,0.004604722215655509,0.4055462124441917,0.7644330473534169,79.0,15.0,0.07096736133098602
task-v2-f1a738d52e35,g-60667963f6db3f1b,SLSQP,O0,3,3,1.6953343903164693,1.6953343903164693,0.004272774714973041,0.0037074110178282587,0.9487085285548394,0.33997995591721153,120.0,16.0,0.11551397200673819
task-v2-f1a738d52e35,g-60667963f6db3f1b,SLSQP,O3,2,3,1.067679721245126,2.4090925501486096,0.009413376050609764,0.008522548574083516,0.9053639926460366,0.6830153694399722,104.0,19.0,0.0697544477880001
task-v2-f1a738d52e35,g-60667963f6db3f1b,SLSQP,O3,3,3,0.15575934134591207,1.8562110825875826,0.09332432877873338,0.0511385922323648,0.9043975249584051,1.6792648359873468,120.0,16.0,0.12064439617097378
task-v2-f4789f22d2c1,g-6aa6775bed3bc2cc,COBYLA,O0,2,3,1.6557756900896652,1.6557756900896652,0.010285203338315358,0.007129685808638689,0.5485611840982224,0.4204528474228435,120.0,94.0,0.2566220834851265
task-v2-f4789f22d2c1,g-6aa6775bed3bc2cc,COBYLA,O0,3,3,1.446183572354734,1.446183572354734,0.010400738709458842,0.005828964700965828,0.5989683458897571,0.425304151346058,120.0,91.0,0.29218434263020754
task-v2-f4789f22d2c1,g-6aa6775bed3bc2cc,COBYLA,O3,2,3,0.7419752742957277,1.6118663346348407,0.04037112470269316,0.0237375475136617,0.5583246710659444,1.0143108139386476,120.0,93.0,0.2713876208290458
task-v2-f4789f22d2c1,g-6aa6775bed3bc2cc,COBYLA,O3,3,3,0.4404465775057704,1.6257473915497294,0.0670442973425831,0.03450993538885448,0.5640941911695709,1.2346018088272208,120.0,90.0,0.30453442968428135
task-v2-f4789f22d2c1,g-6aa6775bed3bc2cc,Nelder-Mead,O0,2,3,1.2429110080832515,1.2429110080832515,0.06691041236706467,0.04267053860386854,0.6377264329172221,1.2337336717446932,120.0,71.0,0.0748522849753499
task-v2-f4789f22d2c1,g-6aa6775bed3bc2cc,Nelder-Mead,O0,3,3,1.4125194304642585,1.4125194304642585,0.03005312577569613,0.021951363472752845,0.7304186471846082,0.8861296142475469,120.0,72.0,0.10972246527671814
task-v2-f4789f22d2c1,g-6aa6775bed3bc2cc,Nelder-Mead,O3,2,3,1.074267140900562,1.8402871640099225,0.014795613674893555,0.007486905424802844,0.5060219595694944,0.5783729483328521,120.0,67.0,0.08316624723374844
task-v2-f4789f22d2c1,g-6aa6775bed3bc2cc,Nelder-Mead,O3,3,3,0.09332280948624844,1.5104835423218181,0.1129289656824263,0.06948476768365265,0.6152962374512005,1.4610453157629406,120.0,74.0,0.11438463348895311
task-v2-f4789f22d2c1,g-6aa6775bed3bc2cc,SLSQP,O0,2,3,1.2787311656956755,1.2787311656956755,0.07108007894798704,0.04196446335342764,0.5816487431877846,1.2599878668122504,120.0,22.0,0.08222340047359467
task-v2-f4789f22d2c1,g-6aa6775bed3bc2cc,SLSQP,O0,3,3,1.306918639797634,1.306918639797634,0.0654298590942495,0.03817315049331521,0.5834209491163366,1.2240159503411339,120.0,15.0,0.12688213121145964
task-v2-f4789f22d2c1,g-6aa6775bed3bc2cc,SLSQP,O3,2,3,1.0867937147517792,1.9263742232402556,0.01479417732223871,0.007485129674636455,0.5059510584197714,0.5783307851399713,89.0,17.0,0.069859329611063
task-v2-f4789f22d2c1,g-6aa6775bed3bc2cc,SLSQP,O3,3,3,0.08970812262997939,1.2845126969400928,0.12332900702892138,0.07570202907643542,0.6047916997409047,1.4993052001476586,120.0,16.0,0.11815437395125628
task-v2-f5c9b9bdeb27,g-a87f1b9ac089cc45,COBYLA,O0,2,3,1.8397922330560847,1.8397922330560847,0.001209960416055649,0.00021354968224481202,0.17649311449457397,1.8023410801884527,120.0,93.0,78.63698877580464
task-v2-f5c9b9bdeb27,g-a87f1b9ac089cc45,COBYLA,O0,3,3,1.483329853566654,1.483329853566654,0.005412206096803194,0.001667222087521693,0.30804852174910047,2.4529442437895903,120.0,91.0,116.05571762938052
task-v2-f5c9b9bdeb27,g-a87f1b9ac089cc45,COBYLA,O3,2,3,1.0974337827088159,2.1554085541884933,0.0007377123473910437,5.342241306177435e-05,0.09191063770951717,1.5874569700979069,120.0,96.0,86.10553297586739
task-v2-f5c9b9bdeb27,g-a87f1b9ac089cc45,COBYLA,O3,3,3,0.9592454451452448,1.509377328496993,0.009737283478257027,0.003443530666559064,0.3536438755478705,2.708007731275091,120.0,91.0,120.81909888796508
task-v2-f5c9b9bdeb27,g-a87f1b9ac089cc45,Nelder-Mead,O0,2,3,1.840020452486615,1.840020452486615,0.001144551365636155,0.00019371519229183,0.1707610273205693,1.7782052055058588,120.0,71.0,84.8191820429638
task-v2-f5c9b9bdeb27,g-a87f1b9ac089cc45,Nelder-Mead,O0,3,3,1.2503677903815098,1.2503677903815098,0.005074122926139952,0.0018727650850795486,0.3690815363245882,2.4249309018844034,120.0,78.0,128.2454568007961
task-v2-f5c9b9bdeb27,g-a87f1b9ac089cc45,Nelder-Mead,O3,2,3,1.1020465096753904,2.1603456519143043,0.000784815043193582,0.00023094252714204335,0.29426363465497335,1.6143372365458288,120.0,69.0,80.3567647896707
task-v2-f5c9b9bdeb27,g-a87f1b9ac089cc45,Nelder-Mead,O3,3,3,0.9584675774129877,1.364375680572436,0.008682598514157884,0.0028867370031444156,0.32268107608718305,2.6582196372013724,120.0,77.0,111.92641533259302
task-v2-f5c9b9bdeb27,g-a87f1b9ac089cc45,SLSQP,O0,2,3,1.3245530094883087,1.3245530094883087,0.004056540881240289,0.0015622558702415377,0.3360603155314154,2.3277257747094002,120.0,22.0,75.29739377833903
task-v2-f5c9b9bdeb27,g-a87f1b9ac089cc45,SLSQP,O0,3,3,1.2721104503235738,1.2721104503235738,0.0036766519032643253,0.0013447563202669897,0.3657556808881048,2.285022431453022,120.0,16.0,114.37083546351641
task-v2-f5c9b9bdeb27,g-a87f1b9ac089cc45,SLSQP,O3,2,3,1.0947495563234264,2.3626619175757098,0.0005152627996659029,7.835169790134759e-05,0.15205727179620224,1.431598706529247,96.0,19.0,62.246195768006146
task-v2-f5c9b9bdeb27,g-a87f1b9ac089cc45,SLSQP,O3,3,3,1.0159906331852129,1.7292506632238316,0.0038808268645104033,0.0012515330563055763,0.3224913401189483,2.3084941855901344,120.0,16.0,115.45558100752532
task-v2-f6d986d24578,g-bd62d2d752385cc7,COBYLA,O0,2,3,1.7117053951527126,1.7117053951527126,0.005216777676183236,0.0012941437699613857,0.24789275661322158,2.0567610046593403,120.0,92.0,4.279273425228894
task-v2-f6d986d24578,g-bd62d2d752385cc7,COBYLA,O0,3,3,1.3796136838162887,1.3796136838162887,0.002205199318251619,0.0015836834150342455,0.7697814891747933,1.6828065254469813,120.0,89.0,6.022211593575776
task-v2-f6d986d24578,g-bd62d2d752385cc7,COBYLA,O3,2,3,1.0596002312874486,2.190576061789847,0.004009727622718625,0.0005766616389299688,0.14381566360335168,1.9424735482828375,120.0,93.0,4.112448661588132
task-v2-f6d986d24578,g-bd62d2d752385cc7,COBYLA,O3,3,3,0.9456059861937197,1.6910286131732435,0.012218834237434903,0.005630235276989743,0.46078334214080446,2.4263884490446146,120.0,88.0,6.326745679602027
task-v2-f6d986d24578,g-bd62d2d752385cc7,Nelder-Mead,O0,2,3,1.4377477675518016,1.4377477675518016,0.005705688454911508,0.0022850609130307116,0.4004882024471053,2.095666730290174,120.0,72.0,4.363974786363542
task-v2-f6d986d24578,g-bd62d2d752385cc7,Nelder-Mead,O0,3,3,1.4874637419900205,1.4874637419900205,0.0027902174650359327,0.0016261075366314189,0.5426699755938165,1.7849967287061703,120.0,71.0,6.216295074671507
task-v2-f6d986d24578,g-bd62d2d752385cc7,Nelder-Mead,O3,2,3,0.8896850819998737,1.641157981643347,0.018130250305834646,0.008866939947141893,0.44706826922879134,2.597762475900945,120.0,71.0,4.064602595753968
task-v2-f6d986d24578,g-bd62d2d752385cc7,Nelder-Mead,O3,3,3,0.8991147082390367,1.6318864517902782,0.016155994938096996,0.006505169093354693,0.4214629809616957,2.5476923843313704,120.0,73.0,6.213983039371669
task-v2-f6d986d24578,g-bd62d2d752385cc7,SLSQP,O0,2,3,1.2871661057360133,1.2871661057360133,0.0037965923829516262,0.003137797207430464,0.8265024613502399,1.9187526479878443,119.0,22.0,3.848068132996559
task-v2-f6d986d24578,g-bd62d2d752385cc7,SLSQP,O0,3,3,1.2827659273316196,1.2827659273316196,0.006006463618894106,0.004904355187161519,0.8165129264637909,2.117977526803389,120.0,16.0,5.528611411340535
task-v2-f6d986d24578,g-bd62d2d752385cc7,SLSQP,O3,2,3,0.8167690959433185,1.653139446775662,0.02682992539537126,0.012057147714547068,0.4493917719438454,2.767978140956757,120.0,22.0,3.7809212896972895
task-v2-f6d986d24578,g-bd62d2d752385cc7,SLSQP,O3,3,3,0.8454061667464539,1.561501798700939,0.02134737981936772,0.00835840032638773,0.4349313156992765,2.66870325316568,120.0,15.0,5.269181054085493
task-v2-f83834022ee2,g-553bb3c5ba0f2136,COBYLA,O0,2,3,1.824544899084216,1.824544899084216,0.05751017858508612,0.04824902830313464,0.8389650230654451,0.5659246901887593,120.0,94.0,0.3165249256417155
task-v2-f83834022ee2,g-553bb3c5ba0f2136,COBYLA,O0,3,3,1.56383885311548,1.56383885311548,0.16319328161992705,0.13681634144734794,0.7472056208839822,1.0188822496305798,120.0,87.0,0.24046484380960464
task-v2-f83834022ee2,g-553bb3c5ba0f2136,COBYLA,O3,2,3,0.05630328084097217,1.8667943181981983,0.12318403560895211,0.05789589238381967,0.6550198512645875,0.8967344018107782,120.0,91.0,0.20504129864275455
task-v2-f83834022ee2,g-553bb3c5ba0f2136,COBYLA,O3,3,3,0.046511627906976744,1.7482108888210681,0.11707326855205656,0.10114673293199637,0.5376437120148818,0.8746377175138276,89.0,60.0,0.15157058741897345
task-v2-f83834022ee2,g-553bb3c5ba0f2136,Nelder-Mead,O0,2,3,1.4217277115628761,1.4217277115628761,0.19434051138405545,0.10237626934400589,0.5185571286269144,1.0947433151737416,120.0,73.0,0.026656893081963062
task-v2-f83834022ee2,g-553bb3c5ba0f2136,Nelder-Mead,O0,3,3,1.4833534277408371,1.4833534277408371,0.12255602364450911,0.09966323539974883,0.7126472747465061,0.8945146357268673,120.0,76.0,0.039029003120958805
task-v2-f83834022ee2,g-553bb3c5ba0f2136,Nelder-Mead,O3,2,3,0.5033632255503684,2.1410618497765688,0.06095377961760355,0.031867799627473305,0.5290846569055014,0.5911806144743976,120.0,68.0,0.034856777638196945
task-v2-f83834022ee2,g-553bb3c5ba0f2136,Nelder-Mead,O3,3,3,0.046511627906976744,1.8242366815815934,0.11909902483892819,0.10095487010516692,0.7573743862462708,0.8820881795572924,120.0,69.0,0.04499717429280281
task-v2-f83834022ee2,g-553bb3c5ba0f2136,SLSQP,O0,2,3,1.5600841333734201,1.5600841333734201,0.07138287519871042,0.03485530870189357,0.48828670188565415,0.6597740107078494,120.0,22.0,0.03624087665230036
task-v2-f83834022ee2,g-553bb3c5ba0f2136,SLSQP,O0,3,3,1.470347903956419,1.470347903956419,0.20442999345227453,0.1138627836775132,0.5556560694378112,1.1167245887107458,120.0,15.0,0.06210138089954853
task-v2-f83834022ee2,g-553bb3c5ba0f2136,SLSQP,O3,2,3,0.5822999981118595,2.264548227969583,0.05565720592794826,0.03127275683151984,0.5222734659341884,0.5517013743194594,110.0,15.0,0.04552024696022272
task-v2-f83834022ee2,g-553bb3c5ba0f2136,SLSQP,O3,3,3,0.046511627906976744,1.635241979116179,0.16625997720535052,0.10505538533385847,0.6177516898844377,1.026967690606931,35.0,4.0,0.020921864546835423
