task_id,graph_id,optimizer,objective,seed,embedded_p2_objective,terminal_p3_objective,signed_nested_regret,embedding_identity_error,embedding_identity_pass,nested_pass,nested_failure,embedded_p2_mean_energy,embedded_p2_P_feas,embedded_p2_G_feas,terminal_p3_mean_energy,terminal_p3_P_feas,terminal_p3_G_feas,actual_nfev,scipy_reported_nfev,nit,termination_reason,wall_time_s
task-v2-ac528a9510be,g-a712031e7959d564,SLSQP,O3,2207,0.22140535811253667,0.524425871842417,0.30302051372988026,0.0,True,False,True,1.5368477132359282,0.08337358505704365,2.2323584288280087,1.7790701475563782,0.052938452497190036,2.0351011941094317,120,,15,EVALUATION_BUDGET_EXHAUSTED,0.45610316284000874
task-v2-4e78b3f98433,g-553bb3c5ba0f2136,SLSQP,O0,3301,1.401299712414365,1.577419451539145,0.17611973912478018,0.0,True,False,True,1.401299712414365,0.10272950030502045,1.1189051452797754,1.577419451539145,0.02287263843948206,0.46652623454389863,120,,16,EVALUATION_BUDGET_EXHAUSTED,0.04259680397808552
task-v2-3f11ce371857,g-3ff7063ef9ea5cfb,COBYLA,O0,3301,1.8761645090792167,1.687708994698113,-0.18845551438110375,0.0,True,True,False,1.8761645090792167,0.0017991423100590647,2.0715454475150956,1.687708994698113,0.0036590135346008463,2.379843946557858,120,120.0,95,EVALUATION_BUDGET_EXHAUSTED,8.148667883127928
task-v2-c5ed7c8b71f4,g-a712031e7959d564,COBYLA,O3,3301,0.8094577904293737,0.12961176969735344,-0.6798460207320203,0.0,True,True,False,1.918558396373133,0.028707349630213458,1.5932317919060297,1.681565736079886,0.09147764726246513,2.096553679593094,120,120.0,92,EVALUATION_BUDGET_EXHAUSTED,0.6256206212565303
task-v2-6996479d6302,g-60667963f6db3f1b,Nelder-Mead,O3,3301,0.9157158008582853,0.2164436753664962,-0.6992721254917891,0.0,True,True,False,2.078687847781194,0.03146743635852259,0.9061013278406038,1.7134185855105972,0.08878957936972688,1.3566019638856537,120,120.0,73,EVALUATION_BUDGET_EXHAUSTED,0.11032229661941528
task-v2-9f1427c2fbd8,g-3ff7063ef9ea5cfb,COBYLA,O0,2207,1.6428014144477499,1.2828260233087379,-0.359975391139012,2.220446049250313e-16,True,True,False,1.6428014144477499,0.010037632236341791,2.039959959984851,1.2828260233087379,0.0032872178479081853,1.5551571664967287,120,120.0,94,EVALUATION_BUDGET_EXHAUSTED,5.797325358726084
task-v2-2d64318cb7be,g-6aa6775bed3bc2cc,Nelder-Mead,O0,2207,1.7294086715830712,1.5520116850355736,-0.17739698654749758,0.0,True,True,False,1.7294086715830712,0.008784771232992462,0.6530004173543688,1.5520116850355736,0.0009370098775545808,-0.3189858699668727,120,120.0,77,EVALUATION_BUDGET_EXHAUSTED,0.12229665741324425
task-v2-5d31ef4af595,g-bd62d2d752385cc7,Nelder-Mead,O3,2207,0.9301986692285104,0.8349309362299243,-0.09526773299858604,0.0,True,True,False,1.6670059828375108,0.016267042681320204,2.4257285454641395,1.6265446949041515,0.0248403022362073,2.609576814967692,120,120.0,77,EVALUATION_BUDGET_EXHAUSTED,7.338253146037459
task-v2-0c6c4504c3d3,g-8a16a856f5377a40,SLSQP,O3,2207,0.0668882661423326,0.10733999769486187,0.04045173155252926,0.0,True,False,True,1.733989180535021,0.09997602205458336,2.2143157919152183,1.7346359771490816,0.09575705592408397,2.1955907244010686,120,,15,EVALUATION_BUDGET_EXHAUSTED,0.43537696450948715
task-v2-a2561503b5d0,g-bd62d2d752385cc7,COBYLA,O0,1103,1.561137212194425,1.3944291463627754,-0.16670806583164954,6.661338147750939e-16,True,True,False,1.561137212194425,0.004029410375384715,2.120691435331263,1.3944291463627754,0.0017515801087237056,1.758879939577212,120,120.0,91,EVALUATION_BUDGET_EXHAUSTED,5.888374704867601
task-v2-3f11ce371857,g-3ff7063ef9ea5cfb,COBYLA,O0,2207,1.8685352843439802,1.7116157342042615,-0.1569195501397187,-6.661338147750939e-16,True,True,False,1.8685352843439802,0.0019065194247156981,2.096721165097729,1.7116157342042615,0.00023943874195787577,1.19567435262244,120,120.0,91,EVALUATION_BUDGET_EXHAUSTED,7.1410225154832006
task-v2-5d31ef4af595,g-bd62d2d752385cc7,SLSQP,O0,2207,1.4362875660821814,1.3382631304899264,-0.09802443559225504,-2.220446049250313e-16,True,True,False,1.4362875660821814,0.006101834578239952,1.9998803689653848,1.3382631304899264,0.004233698722614187,1.8411398889258512,120,,16,EVALUATION_BUDGET_EXHAUSTED,6.399082124233246
task-v2-d7382a83ef13,g-548c8c6335dd2a2e,SLSQP,O3,2207,0.46781487507939024,0.023255813953488372,-0.4445590611259019,0.0,True,True,False,2.2703948115252084,0.06369715585109625,0.6103000150201687,1.877039146436522,0.10500671307479194,0.8273970383694863,63,63.0,8,EARLY_CONVERGENCE,0.03153535537421703
task-v2-89b7591232ff,g-e0c69f84d376b633,SLSQP,O0,1103,1.286609311859868,1.1476416406559442,-0.13896767120392384,-4.440892098500626e-15,True,True,False,1.286609311859868,0.0007539977032058975,1.8187886901753487,1.1476416406559442,0.00036137805864110665,1.4993804477193144,120,,16,EVALUATION_BUDGET_EXHAUSTED,133.49241955578327
task-v2-8f4071cbe937,g-8a16a856f5377a40,Nelder-Mead,O3,1103,1.0628340637275522,0.9109359520674418,-0.15189811166011036,0.0,True,True,False,2.2360449546724404,0.006374078607571028,1.4167773630238796,1.7956447165904192,0.016648319169850326,1.8337303412391053,120,120.0,69,EVALUATION_BUDGET_EXHAUSTED,0.41757451370358467
task-v2-a2561503b5d0,g-bd62d2d752385cc7,SLSQP,O0,2207,1.5422268533552863,1.460060465123879,-0.0821663882314072,8.881784197001252e-16,True,True,False,1.5422268533552863,0.004432711898113091,2.1621194404242425,1.460060465123879,0.002945496520068032,1.9846084489384883,120,,16,EVALUATION_BUDGET_EXHAUSTED,5.483010613359511
task-v2-f1a738d52e35,g-60667963f6db3f1b,SLSQP,O3,3301,1.067679721297513,1.1205823323012802,0.05290261100376714,0.0,True,False,True,2.4090925501486096,0.009413376050609764,0.6830153694399722,2.4308238192517235,0.010838132594728484,0.7442244208840406,120,,16,EVALUATION_BUDGET_EXHAUSTED,0.1532301502302289
task-v2-89b7591232ff,g-e0c69f84d376b633,Nelder-Mead,O0,3301,1.5009226388798187,1.5074959507692256,0.006573311889406908,1.1102230246251565e-15,True,False,True,1.5009226388798187,0.030529177659634386,3.4261337734404886,1.5074959507692256,0.00596485644667021,2.717018663407817,120,120.0,71,EVALUATION_BUDGET_EXHAUSTED,128.7407845351845
task-v2-5de325b6f026,g-8a16a856f5377a40,SLSQP,O3,3301,0.6993553037634442,1.8723991484524642,1.17304384468902,0.0,True,False,True,1.9882276751493086,0.038534380857947914,2.022117074366289,2.5575634436975077,0.0009075842195795361,0.3941556249911112,120,,12,EVALUATION_BUDGET_EXHAUSTED,0.4094863198697567
task-v2-f5c9b9bdeb27,g-a87f1b9ac089cc45,COBYLA,O3,1103,1.1115237919635221,0.9208487364484247,-0.19067505551509745,0.0,True,True,False,2.1554085541884933,0.0007377123473910437,1.5874569700979069,1.273379950369098,0.013026497402223084,2.8343975748190138,120,120.0,94,EVALUATION_BUDGET_EXHAUSTED,120.81909888796508
task-v2-4746dcc3bd93,g-a87f1b9ac089cc45,Nelder-Mead,O0,3301,1.4823784506197888,1.2674713114596579,-0.21490713916013093,3.1086244689504383e-15,True,True,False,1.4823784506197888,0.005524743478763564,3.461882035566674,1.2674713114596579,0.0002104388421127626,2.042695821150281,120,120.0,79,EVALUATION_BUDGET_EXHAUSTED,115.82161023281515
task-v2-0c6c4504c3d3,g-8a16a856f5377a40,SLSQP,O0,1103,1.424026039527317,1.2838920221830068,-0.1401340173443102,0.0,True,True,False,1.424026039527317,0.024970224718034683,1.611842390071726,1.2838920221830068,0.010075552851045706,1.2176888247362914,120,,16,EVALUATION_BUDGET_EXHAUSTED,0.4474285440519452
task-v2-f1a738d52e35,g-60667963f6db3f1b,Nelder-Mead,O0,3301,1.9073328340241995,1.7132852454216418,-0.19404758860255766,0.0,True,True,False,1.9073328340241995,0.0037294800654275153,0.2809182511075741,1.7132852454216418,0.004850857258062935,0.39508845618575594,120,120.0,75,EVALUATION_BUDGET_EXHAUSTED,0.11320494767278433
task-v2-ef23e17da545,g-a712031e7959d564,Nelder-Mead,O3,1103,0.8377850832089957,0.8989192271268545,0.06113414391785876,0.0,True,False,True,1.926085153030598,0.024074066926339076,1.8178181524513417,1.8344883355847295,0.01678859859793827,1.6612831345091363,120,120.0,71,EVALUATION_BUDGET_EXHAUSTED,0.4968215525150299
task-v2-69173fedcdae,g-8a16a856f5377a40,COBYLA,O3,3301,0.9046229604385353,0.29883204584760625,-0.605790914590929,0.0,True,True,False,1.9452074835148832,0.021306588675507873,1.3968058255045273,1.6920166084524997,0.07705009431408763,1.9550650782756067,120,120.0,88,EVALUATION_BUDGET_EXHAUSTED,0.7901033693924546
task-v2-4e78b3f98433,g-553bb3c5ba0f2136,COBYLA,O3,1103,0.19423106703420545,0.06976744186046512,-0.12446362517374034,0.0,True,True,False,1.824464510938086,0.0874920244104797,1.049178435100032,2.1285718062803274,0.1005135041545933,1.1094343835022227,83,83.0,60,EARLY_CONVERGENCE,0.16743633337318897
task-v2-526a936f38d9,g-e0c69f84d376b633,SLSQP,O0,3301,1.3153267179854793,1.2757707172327293,-0.03955600075275001,4.440892098500626e-16,True,True,False,1.3153267179854793,0.0005160862903389179,1.8302322486220393,1.2757707172327293,0.0006761106955774569,1.9475277324996887,120,,16,EVALUATION_BUDGET_EXHAUSTED,129.58557410351932
task-v2-5f165c277bb9,g-e0c69f84d376b633,Nelder-Mead,O3,2207,0.761524173954311,0.8068903319701688,0.04536615801585775,0.0,True,False,True,1.8633078064832078,0.02917655264185411,3.281513907109663,1.7728166196737247,0.026554820859438725,3.2406233066097094,120,120.0,78,EVALUATION_BUDGET_EXHAUSTED,139.15134464763105
task-v2-07b8f456a957,g-3ff7063ef9ea5cfb,Nelder-Mead,O3,2207,0.6819304901634543,0.36635050628480603,-0.3155799838786483,0.0,True,True,False,1.4668867130272327,0.04005199368487576,2.5160140826485176,1.3973855873525491,0.07047799753197508,2.7614434997456225,120,120.0,76,EVALUATION_BUDGET_EXHAUSTED,6.085797870531678
task-v2-6e79cb6720c5,g-e0c69f84d376b633,Nelder-Mead,O3,2207,0.8664082487386239,0.804559630490889,-0.06184861824773491,0.0,True,True,False,1.790316539891024,0.019921199217354222,3.541764141451695,1.7972517224957238,0.025385876570071665,3.6470408270113324,120,120.0,78,EVALUATION_BUDGET_EXHAUSTED,127.29758970998228
task-v2-ce7fc44fc7b5,g-548c8c6335dd2a2e,COBYLA,O3,3301,0.023255813953488372,0.023255813953488372,0.0,0.0,True,True,False,1.45269948314606,0.2585319007715882,1.0426028541348686,1.4614403878663391,0.2156146322423918,0.9637669449424403,38,38.0,27,EARLY_CONVERGENCE,0.06096706073731184
task-v2-ce7fc44fc7b5,g-548c8c6335dd2a2e,COBYLA,O3,2207,0.023255813953488372,0.023255813953488372,0.0,0.0,True,True,False,1.3310435258217557,0.260074133424095,1.045185875006406,1.4666956334085908,0.25428263690834085,1.035405421339307,60,60.0,46,EARLY_CONVERGENCE,0.11520097125321627
task-v2-3f363bac5736,g-60667963f6db3f1b,COBYLA,O3,1103,0.9543127500983506,1.025046505332027,0.07073375523367642,0.0,True,False,True,1.9813558324828748,0.017540695556826167,1.2543467674772522,2.1829169308486653,0.012287090762497994,1.0997490229796065,120,120.0,89,EVALUATION_BUDGET_EXHAUSTED,0.3425011644139886
task-v2-b5e00db3fe1a,g-3ff7063ef9ea5cfb,COBYLA,O3,3301,1.0741210291895047,0.6993144615126723,-0.3748065676768324,0.0,True,True,False,2.272705692000569,0.0026801347357835272,1.2903940486222834,1.5948047260174483,0.03600607858222933,2.418613246170345,120,120.0,87,EVALUATION_BUDGET_EXHAUSTED,7.120514538139105
task-v2-5acbf653f95a,g-a712031e7959d564,COBYLA,O3,2207,0.6963988055707723,0.7852379158628471,0.08883911029207481,0.0,True,False,True,1.671287286025804,0.03642676153321277,2.173780510624108,1.824788796854893,0.02705090880779953,2.044541808300652,120,120.0,86,EVALUATION_BUDGET_EXHAUSTED,0.5930841518566012
task-v2-9f1427c2fbd8,g-3ff7063ef9ea5cfb,SLSQP,O3,3301,0.730698867650671,0.9181147377379787,0.18741587008730765,0.0,True,False,True,1.515187574754266,0.03466273362990174,2.5781914900191993,1.638182701471616,0.014007391264275403,2.1846859400779683,120,,16,EVALUATION_BUDGET_EXHAUSTED,5.629135123454034
task-v2-4e78b3f98433,g-553bb3c5ba0f2136,COBYLA,O3,3301,0.5312695675484741,0.06976744186046512,-0.46150212568800897,0.0,True,True,False,2.2305207533395532,0.05826052485568345,0.8725843624163514,1.7491811551196474,0.10170082930014084,1.1145344639571082,60,60.0,43,EARLY_CONVERGENCE,0.10451783332973719
task-v2-f83834022ee2,g-553bb3c5ba0f2136,COBYLA,O3,3301,0.6911707470229423,0.046511627906976744,-0.6446591191159656,0.0,True,True,False,2.3616816604110147,0.04569788735400825,0.46607609677354733,1.5045264288150841,0.1881296677923328,1.0806372625832203,39,39.0,27,EARLY_CONVERGENCE,0.060630989260971546
task-v2-89b7591232ff,g-e0c69f84d376b633,SLSQP,O3,2207,0.6709657230446366,0.79474154622972,0.1237758231850834,0.0,True,False,True,1.7529707063161566,0.03981816525809753,3.541499911958006,1.6586316575059836,0.025698753936756594,3.351330733306089,120,,16,EVALUATION_BUDGET_EXHAUSTED,133.88648284599185
task-v2-6e79cb6720c5,g-e0c69f84d376b633,Nelder-Mead,O0,1103,1.400847127492271,1.5074058755292619,0.10655874803699095,-3.774758283725532e-15,True,False,True,1.400847127492271,0.0033784270695780857,2.7711632111024636,1.5074058755292619,0.0017535588500080612,2.486369008422817,120,120.0,74,EVALUATION_BUDGET_EXHAUSTED,126.73574578110129
task-v2-f4789f22d2c1,g-6aa6775bed3bc2cc,COBYLA,O0,2207,1.6557756900896652,1.2978309162462505,-0.3579447738434147,0.0,True,True,False,1.6557756900896652,0.010285203338315358,0.4204528474228435,1.2978309162462505,0.06838255173202601,1.2431852680090638,120,120.0,91,EVALUATION_BUDGET_EXHAUSTED,0.29218434263020754
task-v2-a0f813383468,g-60667963f6db3f1b,SLSQP,O0,2207,1.5950978950113806,1.6834351884757646,0.08833729346438401,0.0,True,False,True,1.5950978950113806,0.137199312294041,1.6705306364129546,1.6834351884757646,0.014937835177402135,0.7074663650868783,120,,16,EVALUATION_BUDGET_EXHAUSTED,0.13465372007340193
task-v2-3f363bac5736,g-60667963f6db3f1b,Nelder-Mead,O3,1103,1.133792795114411,0.8397528464935186,-0.29403994862089233,0.0,True,True,False,2.4078906275089804,0.0033735951169603234,0.5383929160366115,1.9456293134497964,0.025014494242557007,1.4084916831321905,120,120.0,74,EVALUATION_BUDGET_EXHAUSTED,0.09748876001685858
task-v2-cf1a83d8dbf9,g-bd62d2d752385cc7,SLSQP,O3,3301,1.056870876086678,0.9232424086240262,-0.1336284674626519,0.0,True,True,False,2.0741993505146077,0.004560321215626151,1.6973241144090434,1.6934055497381895,0.01442289332335511,2.1973810715751085,120,,16,EVALUATION_BUDGET_EXHAUSTED,5.085933702997863
task-v2-a0f813383468,g-60667963f6db3f1b,COBYLA,O3,3301,0.07703115967767904,0.170656065882759,0.09362490620507996,0.0,True,False,True,1.9289998730850555,0.11440844227145505,1.5916367744246214,2.0097419316085743,0.09137546070776335,1.4940082815696232,120,120.0,90,EVALUATION_BUDGET_EXHAUSTED,0.3635691571980715
task-v2-69173fedcdae,g-8a16a856f5377a40,Nelder-Mead,O3,3301,0.7024112600058088,0.46262866996035645,-0.23978259004545233,0.0,True,True,False,1.7562090618286508,0.038502318933618634,1.6537787907817356,1.7103814815794545,0.06063686248929942,1.8510286252844392,120,120.0,73,EVALUATION_BUDGET_EXHAUSTED,0.576163218356669
task-v2-d7382a83ef13,g-548c8c6335dd2a2e,COBYLA,O3,1103,0.5313185169658838,0.05990521086630497,-0.4714133060995789,0.0,True,True,False,2.286238969603386,0.05932812995686858,0.579440633425127,1.8168830498856088,0.1332607169230609,0.9308821193627388,120,120.0,94,EVALUATION_BUDGET_EXHAUSTED,0.22119180019944906
task-v2-e449b07a1126,g-e0c69f84d376b633,Nelder-Mead,O3,3301,0.9763760419774606,0.9840238391481861,0.007647797170725501,0.0,True,False,True,2.009683001194763,0.009744456962599773,3.4072975637924094,1.9543090385812114,0.008065545230288039,3.3251736529453053,120,120.0,73,EVALUATION_BUDGET_EXHAUSTED,127.3017003769055
task-v2-e243a3cd3e64,g-bd62d2d752385cc7,COBYLA,O3,2207,0.9058702136586355,0.8807937308603708,-0.025076482798264688,0.0,True,True,False,1.517931125711259,0.015679251129348676,2.108715259750697,1.6277712926257872,0.01893088682185369,2.1905609026994255,120,120.0,91,EVALUATION_BUDGET_EXHAUSTED,6.936906366609037
task-v2-b5e00db3fe1a,g-3ff7063ef9ea5cfb,Nelder-Mead,O3,1103,1.0742084098886682,0.8353162832375258,-0.23889212665114234,0.0,True,True,False,2.2847418183687465,0.002675656418625814,1.289667766051881,1.6795790036825093,0.02303822625967758,2.2246864603761853,120,120.0,72,EVALUATION_BUDGET_EXHAUSTED,7.031840565614402
task-v2-f4789f22d2c1,g-6aa6775bed3bc2cc,SLSQP,O3,1103,0.8145666699168986,0.8345822846444778,0.02001561472757918,0.0,True,False,True,1.6484142977097362,0.032483015269632994,0.9198963015885807,1.6678732813031558,0.030459195569978094,0.891958394708037,120,,16,EVALUATION_BUDGET_EXHAUSTED,0.11129594128578901
task-v2-69173fedcdae,g-8a16a856f5377a40,COBYLA,O0,1103,1.6814935516636895,1.3593273044086909,-0.32216624725499865,0.0,True,True,False,1.6814935516636895,0.015167521728879047,1.2492065294010815,1.3593273044086909,0.006099934235672121,0.8536170564579929,120,120.0,90,EVALUATION_BUDGET_EXHAUSTED,0.6908630058169365
task-v2-07b8f456a957,g-3ff7063ef9ea5cfb,Nelder-Mead,O3,1103,1.0500213251120698,0.8999847012799618,-0.15003662383210803,0.0,True,True,False,1.9819746346426952,0.007348013585222373,1.7795598942026054,1.5145870366614491,0.01576871944995728,2.111186370099647,120,120.0,73,EVALUATION_BUDGET_EXHAUSTED,5.747942739166319
task-v2-b5e00db3fe1a,g-3ff7063ef9ea5cfb,SLSQP,O0,2207,1.3030638582569578,1.3113914595176253,0.00832760126066745,2.220446049250313e-16,True,False,True,1.3030638582569578,0.011947144744201402,1.9395015465519818,1.3113914595176253,0.006040991571036197,1.6433456509454543,120,,16,EVALUATION_BUDGET_EXHAUSTED,6.514790318906307
task-v2-eb1005d46905,g-8a16a856f5377a40,COBYLA,O0,2207,1.543475767332517,1.2863456020307023,-0.25713016530181476,0.0,True,True,False,1.543475767332517,0.028699100841128096,1.7691982425620487,1.2863456020307023,0.015626820987819683,1.5052005894483202,120,120.0,90,EVALUATION_BUDGET_EXHAUSTED,0.640231316909194
task-v2-526a936f38d9,g-e0c69f84d376b633,Nelder-Mead,O3,2207,0.8014904029895717,0.9581373189897361,0.15664691600016434,0.0,True,False,True,1.8071891856166182,0.026596639013827444,3.5423366851002425,1.8980211286322581,0.009829905604027411,3.110059273636922,120,120.0,75,EVALUATION_BUDGET_EXHAUSTED,138.70079526863992
task-v2-89b7591232ff,g-e0c69f84d376b633,Nelder-Mead,O3,3301,0.6744365973952119,0.8138699168177667,0.13943331942255477,0.0,True,False,True,1.7658554141605984,0.03941263298558815,3.5370541163811646,1.5476717333182495,0.023505770963541332,3.312593167373192,120,120.0,72,EVALUATION_BUDGET_EXHAUSTED,138.5093562854454
task-v2-eb1005d46905,g-8a16a856f5377a40,SLSQP,O3,3301,0.34306860101773057,0.06376803262897811,-0.27930056838875245,0.0,True,True,False,1.4961829731392138,0.07308868974177213,2.1751801286764954,1.9053319291250705,0.10166462030860726,2.3184997953149415,120,,15,EVALUATION_BUDGET_EXHAUSTED,0.40197339188307524
task-v2-ce7fc44fc7b5,g-548c8c6335dd2a2e,Nelder-Mead,O3,2207,0.5192897194025934,0.023255813953488372,-0.49603390544910503,0.0,True,True,False,1.9882411633179613,0.061492568364068724,0.41891134755731024,1.463810723876148,0.2479356844072513,1.0244277524901204,120,120.0,71,EVALUATION_BUDGET_EXHAUSTED,0.04895481839776039
task-v2-5f165c277bb9,g-e0c69f84d376b633,SLSQP,O3,1103,0.7421847927873948,2.356059654504552,1.6138748617171572,0.0,True,False,True,1.429320635861732,0.031155593623671016,3.31001596113114,2.8440068736602786,8.288122004454102e-06,-0.2650639339404911,120,,16,EVALUATION_BUDGET_EXHAUSTED,117.60973559040576
task-v2-526a936f38d9,g-e0c69f84d376b633,Nelder-Mead,O0,1103,1.3520510743243364,1.4904111522641752,0.13836007793983884,3.3306690738754696e-15,True,False,True,1.3520510743243364,0.002872031335718549,2.575699100317348,1.4904111522641752,0.002234458802807728,2.4666822781781246,120,120.0,74,EVALUATION_BUDGET_EXHAUSTED,131.70062031876296
task-v2-6996479d6302,g-60667963f6db3f1b,Nelder-Mead,O3,1103,0.5048657117682331,0.44617224063655403,-0.05869347113167911,0.0,True,True,False,1.7176202646172383,0.06326078603574198,1.2093745491745838,1.6862979613977884,0.06697430185944168,1.2341481605271862,120,120.0,76,EVALUATION_BUDGET_EXHAUSTED,0.11432485468685627
task-v2-f5c9b9bdeb27,g-a87f1b9ac089cc45,COBYLA,O3,3301,1.0974337827088159,0.9592454451452448,-0.13818833756357107,0.0,True,True,False,2.31248905280099,0.0005812429811510552,1.4839276391854455,1.7261324597781036,0.009737283478257027,2.708007731275091,120,120.0,91,EVALUATION_BUDGET_EXHAUSTED,119.4813006138429
task-v2-69173fedcdae,g-8a16a856f5377a40,SLSQP,O0,2207,1.2899084520050577,1.3212518034836098,0.03134335147855216,0.0,True,False,True,1.2899084520050577,0.04222805261449812,1.6938929576145514,1.3212518034836098,0.030265249418795912,1.5492361609429042,120,,14,EVALUATION_BUDGET_EXHAUSTED,0.4670064263045788
task-v2-8792ce3c54d5,g-a712031e7959d564,COBYLA,O0,1103,1.861474300785369,1.3360128356233758,-0.5254614651619931,0.0,True,True,False,1.861474300785369,0.0066751143421407725,1.7378486530294877,1.3360128356233758,6.753732806682666e-05,-0.25706618142489357,120,120.0,90,EVALUATION_BUDGET_EXHAUSTED,0.6671218452975154
task-v2-5f165c277bb9,g-e0c69f84d376b633,SLSQP,O0,1103,1.2088101137532463,1.1549018457329945,-0.05390826802025184,-2.220446049250313e-16,True,True,False,1.2088101137532463,0.000675414742834028,1.646050466730001,1.1549018457329945,0.0008175875210990453,1.7290141847949825,120,,16,EVALUATION_BUDGET_EXHAUSTED,133.5153064019978
task-v2-3cd2eda112d3,g-6aa6775bed3bc2cc,COBYLA,O0,3301,1.7908061726500937,1.439017327653732,-0.35178884499636176,0.0,True,True,False,1.7908061726500937,0.028031606450380244,0.9808266891754022,1.439017327653732,0.001256254191541167,-0.3677437742723708,120,120.0,87,EVALUATION_BUDGET_EXHAUSTED,0.29517784621566534
task-v2-7133b996bac7,g-a87f1b9ac089cc45,Nelder-Mead,O3,2207,0.9310782883605051,0.9201120104156575,-0.010966277944847613,0.0,True,True,False,1.70568010660086,0.01104974756857759,3.285801019575386,1.7903247384076684,0.012633677341981914,3.3439784439246325,120,120.0,78,EVALUATION_BUDGET_EXHAUSTED,124.3400762937963
task-v2-420d9636beee,g-e0c69f84d376b633,COBYLA,O3,3301,1.0228544323751443,1.0202937309871842,-0.0025607013879600515,0.0,True,True,False,1.8932863539285285,0.0028117239409354167,3.1685425964051905,1.8426431161799781,0.002751918407433187,3.1592054708248862,120,120.0,89,EVALUATION_BUDGET_EXHAUSTED,117.68623271025717
task-v2-9f1427c2fbd8,g-3ff7063ef9ea5cfb,Nelder-Mead,O3,3301,0.9707438464737059,0.8938017681801949,-0.07694207829351107,0.0,True,True,False,1.8258089889025815,0.012049624753940322,2.119302202683674,1.8309455052615005,0.017449825573026653,2.280119770386221,120,120.0,73,EVALUATION_BUDGET_EXHAUSTED,6.211643307469785
task-v2-606c43f06406,g-3ff7063ef9ea5cfb,Nelder-Mead,O0,2207,1.494719498696467,1.568049918733219,0.07333042003675216,0.0,True,False,True,1.494719498696467,0.01121214135191066,2.2641085035862543,1.568049918733219,0.0012422175747583285,1.308617608599545,120,120.0,73,EVALUATION_BUDGET_EXHAUSTED,7.619860181584954
task-v2-8792ce3c54d5,g-a712031e7959d564,SLSQP,O3,3301,0.7771097582761836,0.7377750914425873,-0.03933466683359621,0.0,True,True,False,1.7630268786551697,0.028258779438308984,2.364543343371655,1.9868913343119372,0.0331729990400601,2.4341746797780663,120,,16,EVALUATION_BUDGET_EXHAUSTED,0.5554250627756119
task-v2-eb1005d46905,g-8a16a856f5377a40,Nelder-Mead,O0,2207,1.3694844051122068,1.4273805982425694,0.05789619313036254,0.0,True,False,True,1.3694844051122068,0.04958452790961762,2.0066761350093714,1.4273805982425694,0.005243102109166768,1.0309182679644673,120,120.0,81,EVALUATION_BUDGET_EXHAUSTED,0.40650206431746483
task-v2-e449b07a1126,g-e0c69f84d376b633,Nelder-Mead,O3,2207,0.9779075231072918,0.958256493085838,-0.01965103002145374,0.0,True,True,False,1.8565170401917996,0.007253911095069572,3.279112150455891,1.954531069354943,0.009908888777740706,3.414564875654436,120,120.0,79,EVALUATION_BUDGET_EXHAUSTED,127.67539459466934
task-v2-e442db508705,g-548c8c6335dd2a2e,Nelder-Mead,O3,1103,0.4414609017883476,0.8795160656760199,0.4380551638876723,0.0,True,False,True,1.9279505730904924,0.06095950177566052,0.8922513784885068,2.2571169352769225,0.028648380587852063,0.5643100472030316,120,120.0,74,EVALUATION_BUDGET_EXHAUSTED,0.06512448098510504
task-v2-c5ed7c8b71f4,g-a712031e7959d564,Nelder-Mead,O0,1103,1.2882198970765142,1.347886315743152,0.0596664186666378,0.0,True,False,True,1.2882198970765142,0.049479511300557916,1.8296640947848408,1.347886315743152,0.010787859462261616,1.168173973338769,120,120.0,75,EVALUATION_BUDGET_EXHAUSTED,0.42948295269161463
task-v2-ce7fc44fc7b5,g-548c8c6335dd2a2e,Nelder-Mead,O0,1103,1.4604787963524544,1.4649622784988447,0.004483482146390383,0.0,True,False,True,1.4604787963524544,0.13556482022684344,0.7622357174120926,1.4649622784988447,0.05668264631579163,0.3835388326771874,120,120.0,75,EVALUATION_BUDGET_EXHAUSTED,0.03860783763229847
task-v2-3f11ce371857,g-3ff7063ef9ea5cfb,SLSQP,O0,3301,1.6685681258839933,1.675181223325441,0.0066130974414477794,1.1102230246251565e-15,True,False,True,1.6685681258839933,0.00011417295739205783,0.8740431812395608,1.675181223325441,0.0003801673621484466,1.3964547600198771,120,,16,EVALUATION_BUDGET_EXHAUSTED,6.727041520178318
task-v2-5de325b6f026,g-8a16a856f5377a40,COBYLA,O3,1103,0.9565955302177024,0.8063845609329998,-0.15021096928470257,0.0,True,True,False,2.070403913250145,0.014968418168101332,1.6114445963250867,1.8045011521171608,0.026741334161301845,1.863451759917233,120,120.0,90,EVALUATION_BUDGET_EXHAUSTED,0.6469215312972665
task-v2-11173062a501,g-a87f1b9ac089cc45,Nelder-Mead,O0,2207,1.4076386641138774,1.250080866632523,-0.15755779748135446,1.7763568394002505e-15,True,True,False,1.4076386641138774,0.01210514597976163,3.024388698335044,1.250080866632523,0.008532687199234857,2.872504492304901,120,120.0,74,EVALUATION_BUDGET_EXHAUSTED,127.98789302632213
task-v2-07b8f456a957,g-3ff7063ef9ea5cfb,SLSQP,O3,1103,1.5099468456058758,0.8900023855356329,-0.6199444600702428,0.0,True,True,False,2.5275999583151965,0.00010053575967829932,-0.08428949243611711,1.5217853661532321,0.016676787481363,2.135502338045706,120,,16,EVALUATION_BUDGET_EXHAUSTED,5.599661919288337
task-v2-e442db508705,g-548c8c6335dd2a2e,SLSQP,O3,1103,0.41646276666642057,0.7075700415684822,0.2911072749020617,0.0,True,False,True,1.9299132910736374,0.06342137861085587,0.9094456478400424,1.9311055027121335,0.03960836446598141,0.704996879255792,120,,16,EVALUATION_BUDGET_EXHAUSTED,0.049000504426658154
task-v2-8f4071cbe937,g-8a16a856f5377a40,SLSQP,O0,3301,1.4737103268216776,1.2971663262301532,-0.17654400059152442,0.0,True,True,False,1.4737103268216776,0.024871588533940593,2.0080634722603383,1.2971663262301532,7.44880726748926e-05,-0.5155533146688274,120,,16,EVALUATION_BUDGET_EXHAUSTED,0.4244539076462388
task-v2-8792ce3c54d5,g-a712031e7959d564,COBYLA,O3,2207,0.8046700323525847,0.8091045463868336,0.004434514034248882,0.0,True,False,True,2.0202838452833625,0.027171358041583455,2.3475012889037723,1.978565182126634,0.025811862108751547,2.325209279999887,120,120.0,91,EVALUATION_BUDGET_EXHAUSTED,0.7783209392800927
task-v2-780e1209d403,g-e0c69f84d376b633,Nelder-Mead,O3,2207,0.6526315884324747,0.37616705768361747,-0.27646453074885724,0.0,True,True,False,1.4040540091723692,0.04252864988112263,3.2690702673437526,1.4250738618934893,0.06941305441183059,3.481829826833617,120,120.0,77,EVALUATION_BUDGET_EXHAUSTED,114.0637534018606
task-v2-b9b3757d64c0,g-a87f1b9ac089cc45,COBYLA,O0,3301,1.5773914264423177,1.4979976387052214,-0.07939378773709627,1.5543122344752192e-15,True,True,False,1.5773914264423177,0.0040277172714912315,2.722568903625887,1.4979976387052214,0.0029742632480640767,2.590889330998827,120,120.0,90,EVALUATION_BUDGET_EXHAUSTED,116.57460911106318
task-v2-ce7fc44fc7b5,g-548c8c6335dd2a2e,COBYLA,O3,1103,0.436672485123233,0.056398625908764356,-0.3802738592144686,0.0,True,True,False,2.173257395519583,0.0694380058911663,0.47168595528071505,1.5096674741050895,0.13459849947346722,0.7591289332557956,120,120.0,86,EVALUATION_BUDGET_EXHAUSTED,0.22418865654617548
task-v2-0c6c4504c3d3,g-8a16a856f5377a40,Nelder-Mead,O0,3301,1.5321047133201713,1.47779479337796,-0.05430991994221124,0.0,True,True,False,1.5321047133201713,0.025752156982698098,1.6252335503991924,1.47779479337796,0.009007682212914847,1.169032995354074,120,120.0,75,EVALUATION_BUDGET_EXHAUSTED,0.40075794234871864
task-v2-0c6c4504c3d3,g-8a16a856f5377a40,COBYLA,O0,3301,1.7271813602278852,1.518761907856031,-0.2084194523718541,0.0,True,True,False,1.7271813602278852,0.013589359410930223,1.3476189242949559,1.518761907856031,0.034124516271106506,1.7474864430873136,120,120.0,88,EVALUATION_BUDGET_EXHAUSTED,0.6016717981547117
task-v2-e449b07a1126,g-e0c69f84d376b633,Nelder-Mead,O0,3301,1.6102664719839463,1.5926224959771935,-0.017643976006752826,-5.551115123125783e-15,True,True,False,1.6102664719839463,0.006797188521494435,3.2508692372923944,1.5926224959771935,0.0009642246321227036,2.402718143745327,120,120.0,71,EVALUATION_BUDGET_EXHAUSTED,124.38985036127269
task-v2-0c6c4504c3d3,g-8a16a856f5377a40,Nelder-Mead,O3,2207,0.18065764708389428,0.07020072691850726,-0.11045692016538702,0.0,True,True,False,1.4727868594790803,0.0893559223497347,2.165543281348061,1.5354810044291738,0.13060052728541324,2.3303648696550296,120,120.0,78,EVALUATION_BUDGET_EXHAUSTED,0.44293178524821997
task-v2-526a936f38d9,g-e0c69f84d376b633,COBYLA,O3,3301,0.9495097939306679,0.8953295291550095,-0.054180264775658404,0.0,True,True,False,1.7963378685649445,0.01060157017584053,3.14288011874131,1.6305647351182433,0.0156699222838099,3.3125767688445786,120,120.0,96,EVALUATION_BUDGET_EXHAUSTED,131.8530840408057
task-v2-a2561503b5d0,g-bd62d2d752385cc7,COBYLA,O3,2207,1.0137580945499336,0.966051614461364,-0.04770648008856959,0.0,True,True,False,1.882507883388822,0.009085603759607845,2.4738037274462226,1.6857355298546635,0.009910968849542616,2.5115660460992246,120,120.0,87,EVALUATION_BUDGET_EXHAUSTED,6.229100487194955
task-v2-ef23e17da545,g-a712031e7959d564,Nelder-Mead,O0,1103,1.4656293819615116,1.2954625699918925,-0.17016681196961914,0.0,True,True,False,1.4656293819615116,0.030858019411049674,1.9256367368072187,1.2954625699918925,0.00025807885789315855,-0.15197888297341627,120,120.0,78,EVALUATION_BUDGET_EXHAUSTED,0.39024027716368437
task-v2-e243a3cd3e64,g-bd62d2d752385cc7,SLSQP,O0,2207,1.3039639068105704,1.2343386830922283,-0.06962522371834212,-1.3322676295501878e-15,True,True,False,1.3039639068105704,0.020460071446774683,2.2242970895712313,1.2343386830922283,0.0019717119896492117,1.2082334209504255,120,,16,EVALUATION_BUDGET_EXHAUSTED,6.511968859471381
task-v2-780e1209d403,g-e0c69f84d376b633,SLSQP,O0,1103,1.3370539777623356,1.278356631494342,-0.05869734626799361,2.6645352591003757e-15,True,True,False,1.3370539777623356,0.011205865832636122,2.6898340899409914,1.278356631494342,0.009987780767177303,2.6398576725430734,120,,16,EVALUATION_BUDGET_EXHAUSTED,113.86164394207299
task-v2-095187356858,g-3ff7063ef9ea5cfb,COBYLA,O3,2207,1.0292838509375657,1.0032569912623468,-0.026026859675218894,0.0,True,True,False,1.8754823560325544,0.005640764425976358,2.2667878977174,1.798903387462453,0.005411892660792783,2.2487991091957835,120,120.0,78,EVALUATION_BUDGET_EXHAUSTED,5.739790719002485
task-v2-73f419868dc6,g-553bb3c5ba0f2136,COBYLA,O0,2207,1.6918604719972916,1.4488393896342606,-0.243021082363031,0.0,True,True,False,1.6918604719972916,0.014724811751301397,-0.20186153379558355,1.4488393896342606,0.1683437761720017,0.8562857796729779,120,120.0,92,EVALUATION_BUDGET_EXHAUSTED,0.22409880068153143
task-v2-cf1a83d8dbf9,g-bd62d2d752385cc7,SLSQP,O3,1103,1.004285316338298,0.849864750610463,-0.15442056572783514,0.0,True,True,False,1.8924092911436698,0.007337581071950179,1.9038815929837793,1.4485683317639837,0.020825178541123056,2.3569174136846502,120,,16,EVALUATION_BUDGET_EXHAUSTED,4.939200482331216
task-v2-11173062a501,g-a87f1b9ac089cc45,Nelder-Mead,O0,3301,1.3456555541836104,1.277517656755791,-0.06813789742781928,-4.440892098500626e-16,True,True,False,1.3456555541836104,0.003908545942331975,2.533433888395034,1.277517656755791,0.0038798166256415172,2.5302298669617773,120,120.0,79,EVALUATION_BUDGET_EXHAUSTED,124.99290734808892
task-v2-6e79cb6720c5,g-e0c69f84d376b633,COBYLA,O0,3301,1.6380085872580419,1.4263868959952632,-0.21162169126277863,-4.440892098500626e-16,True,True,False,1.6380085872580419,0.0027184714593575907,2.6767734406940464,1.4263868959952632,0.0009192104445593637,2.205863613289794,120,120.0,89,EVALUATION_BUDGET_EXHAUSTED,123.87952554691583
task-v2-606c43f06406,g-3ff7063ef9ea5cfb,Nelder-Mead,O3,2207,0.8134007766356888,0.9169824654762335,0.10358168884054475,0.0,True,False,True,1.719086883456771,0.02628946327961566,2.6342016590239847,1.9656282284494166,0.01531250609238742,2.399466213797142,120,120.0,77,EVALUATION_BUDGET_EXHAUSTED,6.6998109901323915
task-v2-f0ef0f25a74e,g-8a16a856f5377a40,Nelder-Mead,O3,1103,0.9906691391451672,0.5923486041023985,-0.39832053504276865,0.0,True,True,False,2.0296281788268278,0.01421481985910224,1.2879800536028472,1.543213349515768,0.04769989607567919,1.8137561260867954,120,120.0,76,EVALUATION_BUDGET_EXHAUSTED,0.42699767649173737
task-v2-59a464f36e13,g-bd62d2d752385cc7,Nelder-Mead,O3,1103,1.012094653702238,1.0102229935184537,-0.0018716601837842628,0.0,True,True,False,1.907618495332314,0.004586732926445444,2.4779833836513006,1.8604904246515388,0.004175852459210457,2.4372250764410115,120,120.0,78,EVALUATION_BUDGET_EXHAUSTED,6.649548458866775
task-v2-cf1a83d8dbf9,g-bd62d2d752385cc7,Nelder-Mead,O3,3301,1.0599337336529535,0.8764886608176806,-0.1834450728352729,0.0,True,True,False,2.148930351261983,0.0038671500528776885,1.625719704103256,1.7262077164661767,0.020625258764902593,2.3527280861633195,120,120.0,77,EVALUATION_BUDGET_EXHAUSTED,5.23020694963634
task-v2-f5c9b9bdeb27,g-a87f1b9ac089cc45,Nelder-Mead,O0,2207,1.8667914304053925,1.2503677903815098,-0.6164236400238827,2.220446049250313e-16,True,True,False,1.8667914304053925,0.0011483342624357164,1.7796382405218092,1.2503677903815098,0.005074122926139952,2.4249309018844034,120,120.0,73,EVALUATION_BUDGET_EXHAUSTED,130.60612636618316
task-v2-f0ef0f25a74e,g-8a16a856f5377a40,Nelder-Mead,O0,1103,1.8156301136529422,1.3593774868973716,-0.45625262675557066,0.0,True,True,False,1.8156301136529422,0.012527898811598657,1.2331169301601115,1.3593774868973716,0.005955221120733038,0.910136584966374,120,120.0,77,EVALUATION_BUDGET_EXHAUSTED,0.41776219569146633
task-v2-f1a738d52e35,g-60667963f6db3f1b,COBYLA,O3,1103,1.1302271103492312,0.867558071638921,-0.2626690387103102,0.0,True,True,False,2.2107075466681154,0.004379520170599232,0.35069649187347735,2.075347740292222,0.027598240493171423,1.1501513557778331,120,120.0,92,EVALUATION_BUDGET_EXHAUSTED,0.27881865855306387
task-v2-f4789f22d2c1,g-6aa6775bed3bc2cc,COBYLA,O3,2207,0.47897646352136364,0.4404465775057704,-0.03852988601559326,0.0,True,True,False,1.550309108047888,0.06400374830258881,1.2144453739748438,1.681700360581086,0.0670442973425831,1.2346018088272208,120,120.0,90,EVALUATION_BUDGET_EXHAUSTED,0.30453442968428135
task-v2-0c6c4504c3d3,g-8a16a856f5377a40,Nelder-Mead,O0,1103,1.865460774042254,1.3852264960637557,-0.48023427797849827,0.0,True,True,False,1.865460774042254,0.010816226228754711,1.248495701553831,1.3852264960637557,0.010217250259247015,1.2237539703276206,120,120.0,73,EVALUATION_BUDGET_EXHAUSTED,0.4237221134826541
task-v2-cf1a83d8dbf9,g-bd62d2d752385cc7,COBYLA,O3,3301,1.0606228024499404,0.9003800495119071,-0.16024275293803336,0.0,True,True,False,2.1710289619795153,0.0034284877221801378,1.5734312787843503,1.7351625375607562,0.015809569275834982,2.237248718187681,120,120.0,91,EVALUATION_BUDGET_EXHAUSTED,5.065224029123783
task-v2-e442db508705,g-548c8c6335dd2a2e,Nelder-Mead,O3,2207,0.8294378968027183,0.023255813953488372,-0.8061820828492299,0.0,True,True,False,2.3660853449194383,0.02949095535352959,0.5768988113093889,1.8800712293717599,0.10563231040275248,1.1310067484833755,120,120.0,39,EVALUATION_BUDGET_EXHAUSTED,0.05367892328649759
task-v2-606c43f06406,g-3ff7063ef9ea5cfb,COBYLA,O0,1103,1.619660653829481,1.5024436086007968,-0.11721704522868426,2.220446049250313e-16,True,True,False,1.619660653829481,0.003900784877403675,1.8055719395607097,1.5024436086007968,0.0009035962057796158,1.170394337935789,120,120.0,90,EVALUATION_BUDGET_EXHAUSTED,6.368976416066289
task-v2-f5c9b9bdeb27,g-a87f1b9ac089cc45,SLSQP,O0,1103,1.3774658321843025,1.2721104503235738,-0.10535538186072868,2.220446049250313e-16,True,True,False,1.3774658321843025,0.0033828472900465987,2.2488523107370497,1.2721104503235738,0.0020924501917135006,2.0402250465407095,120,,16,EVALUATION_BUDGET_EXHAUSTED,113.32315785158426
task-v2-11173062a501,g-a87f1b9ac089cc45,Nelder-Mead,O3,2207,0.8140936742392602,0.9013033566806622,0.08720968244140204,0.0,True,False,True,1.355187432427797,0.023426728901677896,3.31113031907575,1.4630867320931804,0.015192365177499898,3.1230440581833827,120,120.0,76,EVALUATION_BUDGET_EXHAUSTED,125.26148042175919
task-v2-9f1427c2fbd8,g-3ff7063ef9ea5cfb,COBYLA,O3,3301,1.0530471628397093,0.8860550014022215,-0.16699216143748785,0.0,True,True,False,2.0965601036130055,0.00597142268450267,1.8144064938519138,1.683681512037332,0.01780350878127608,2.2888342833452473,120,120.0,91,EVALUATION_BUDGET_EXHAUSTED,5.953985416330397
task-v2-5d31ef4af595,g-bd62d2d752385cc7,SLSQP,O3,2207,1.0203172631705388,0.8355967613856535,-0.1847205017848853,0.0,True,True,False,1.9527452477845912,0.004252659998961252,1.8430806014648367,1.4932966947415456,0.025432147567635857,2.6198029741625044,120,,15,EVALUATION_BUDGET_EXHAUSTED,6.011965114623308
task-v2-c95d7e1ff6e7,g-a87f1b9ac089cc45,COBYLA,O3,3301,1.104197938331783,0.902604336909973,-0.20159360142181004,0.0,True,True,False,2.2940905043351734,0.00034378464439415287,1.3527664050578618,1.5107771603295177,0.015272542077698388,3.000391260963156,120,120.0,90,EVALUATION_BUDGET_EXHAUSTED,126.28493394330144
task-v2-2d64318cb7be,g-6aa6775bed3bc2cc,Nelder-Mead,O3,3301,0.9458311052646218,0.8789264183477428,-0.06690468691687901,0.0,True,True,False,1.84724131629183,0.018634054642166494,0.9795773256479343,2.036046754554019,0.024045680873318015,1.0903070399667907,120,120.0,72,EVALUATION_BUDGET_EXHAUSTED,0.11998087167739868
task-v2-59a464f36e13,g-bd62d2d752385cc7,COBYLA,O3,3301,1.0345220792814704,1.000841845888385,-0.03368023339308546,0.0,True,True,False,1.9929229438584721,0.001277712521874255,1.9229130816229836,2.032811434491439,0.005894102896544116,2.5868976439175935,120,120.0,90,EVALUATION_BUDGET_EXHAUSTED,7.202492794021964
task-v2-e442db508705,g-548c8c6335dd2a2e,SLSQP,O0,1103,1.6116934684630606,1.6079590412879274,-0.0037344271751331704,0.0,True,True,False,1.6116934684630606,0.030590057609251726,0.5927902645258643,1.6079590412879274,0.007937305163049012,0.0068830474564084265,120,,16,EVALUATION_BUDGET_EXHAUSTED,0.04046629089862108
task-v2-69173fedcdae,g-8a16a856f5377a40,COBYLA,O0,2207,1.2526343034313916,1.2979051459555473,0.0452708425241557,0.0,True,False,True,1.2526343034313916,0.04526099698642247,1.7240160197614622,1.2979051459555473,0.03763918668979852,1.6439321342082995,120,120.0,92,EVALUATION_BUDGET_EXHAUSTED,0.6384852193295956
task-v2-c95d7e1ff6e7,g-a87f1b9ac089cc45,COBYLA,O3,2207,0.9858137825314311,0.9851059328374767,-0.0007078496939544321,0.0,True,True,False,1.566446580508512,0.00627879264364236,2.6143560713968275,1.5418998433761504,0.006196635393480523,2.6086358738836095,120,120.0,89,EVALUATION_BUDGET_EXHAUSTED,127.05751795694232
task-v2-eb1005d46905,g-8a16a856f5377a40,Nelder-Mead,O3,1103,0.9292112078166421,0.39228287878031093,-0.5369283290363311,0.0,True,True,False,1.8097961948128973,0.015361130745259265,1.4977531379440667,1.7349468099160381,0.06723583347004425,2.1389307451581736,120,120.0,73,EVALUATION_BUDGET_EXHAUSTED,0.44262180384248495
task-v2-f83834022ee2,g-553bb3c5ba0f2136,COBYLA,O3,2207,0.046511627906976744,0.046511627906976744,0.0,0.0,True,True,False,1.8667943181981983,0.14668649395358196,0.9725701023366533,1.7975553577778438,0.11707326855205656,0.8746377175138276,91,91.0,71,EARLY_CONVERGENCE,0.1656400328502059
task-v2-89b7591232ff,g-e0c69f84d376b633,Nelder-Mead,O0,1103,1.337230608148114,1.4523221031712241,0.11509149502311011,4.884981308350689e-15,True,False,True,1.337230608148114,0.006244169983329748,2.736893384463072,1.4523221031712241,0.0035231011622773476,2.488343780917942,120,120.0,70,EVALUATION_BUDGET_EXHAUSTED,131.68179256934673
task-v2-a0f813383468,g-60667963f6db3f1b,SLSQP,O0,1103,1.8728389474731193,1.6149491627800443,-0.257889784693075,0.0,True,True,False,1.8728389474731193,0.015959184417173068,0.7361893951897619,1.6149491627800443,0.0021952488033363557,-0.12533754899484773,120,,16,EVALUATION_BUDGET_EXHAUSTED,0.1053604269400239
task-v2-a2561503b5d0,g-bd62d2d752385cc7,Nelder-Mead,O3,2207,0.8877375753447118,0.9581053537653818,0.07036777842066999,0.0,True,False,True,1.6367117390882124,0.019617350696402303,2.808090290928109,1.7771680723121628,0.011470559057864507,2.575034520239257,120,120.0,72,EVALUATION_BUDGET_EXHAUSTED,5.819312850944698
task-v2-e243a3cd3e64,g-bd62d2d752385cc7,Nelder-Mead,O0,3301,1.8902757298519153,1.362525165753972,-0.5277505640979432,-1.3322676295501878e-15,True,True,False,1.8902757298519153,0.003246058421207757,1.4247462754435447,1.362525165753972,0.0032990587878435275,1.4317799981915182,120,120.0,77,EVALUATION_BUDGET_EXHAUSTED,6.824573981575668
task-v2-8f4071cbe937,g-8a16a856f5377a40,Nelder-Mead,O0,1103,1.3475765028432671,1.3497310776033375,0.0021545747600704157,0.0,True,False,True,1.3475765028432671,0.0023730681006859733,0.9876701494500757,1.3497310776033375,0.00010734297867839308,-0.35686640960328075,120,120.0,76,EVALUATION_BUDGET_EXHAUSTED,0.43387914169579744
task-v2-5de325b6f026,g-8a16a856f5377a40,COBYLA,O0,3301,1.7842446404772385,1.4610271831926571,-0.3232174572845814,0.0,True,True,False,1.7842446404772385,0.008845678211118776,1.3829998254291325,1.4610271831926571,0.0014370096271231446,0.5937283665748179,120,120.0,86,EVALUATION_BUDGET_EXHAUSTED,0.6702908603474498
task-v2-095187356858,g-3ff7063ef9ea5cfb,COBYLA,O0,2207,1.7736533440694948,1.4603995029532,-0.31325384111629484,4.440892098500626e-16,True,True,False,1.7736533440694948,0.0036528342858511706,2.0780799054544574,1.4603995029532,0.0003306209036566017,1.0347802435288322,120,120.0,95,EVALUATION_BUDGET_EXHAUSTED,5.947751399129629
task-v2-4746dcc3bd93,g-a87f1b9ac089cc45,COBYLA,O0,3301,1.5996370159022681,1.5119233825126068,-0.08771363338966132,1.9984014443252818e-15,True,True,False,1.5996370159022681,0.0020701630871630783,3.035574478079815,1.5119233825126068,0.0018559118540731315,2.9881272633138387,120,120.0,91,EVALUATION_BUDGET_EXHAUSTED,115.28740367107093
task-v2-c5ed7c8b71f4,g-a712031e7959d564,Nelder-Mead,O0,2207,1.7069378176325034,1.2773867231851554,-0.42955109444734796,0.0,True,True,False,1.7069378176325034,0.014679788316444554,1.3019584863170686,1.2773867231851554,0.03349780600432393,1.6602550563620109,120,120.0,79,EVALUATION_BUDGET_EXHAUSTED,0.4115986516699195
task-v2-b5e00db3fe1a,g-3ff7063ef9ea5cfb,COBYLA,O0,2207,1.5434762665913933,1.2283019311885082,-0.3151743354028851,4.440892098500626e-16,True,True,False,1.5434762665913933,0.015945349716576556,2.0648714699006296,1.2283019311885082,0.003110431309553796,1.3550580360541427,120,120.0,87,EVALUATION_BUDGET_EXHAUSTED,7.621484380215406
task-v2-f1a738d52e35,g-60667963f6db3f1b,Nelder-Mead,O3,1103,1.0698926654855245,0.6601585487001271,-0.4097341167853974,0.0,True,True,False,2.4187224578592748,0.009171819529240675,0.6717254616536603,2.021238504347961,0.04574726658211728,1.3696351108806455,120,120.0,74,EVALUATION_BUDGET_EXHAUSTED,0.12199700344353914
task-v2-f83834022ee2,g-553bb3c5ba0f2136,Nelder-Mead,O3,2207,0.5033632255503684,0.046511627906976744,-0.45685159764339167,0.0,True,True,False,2.1410618497765688,0.06095377961760355,0.5911806144743976,1.9864134056204479,0.1075031000111897,0.8376009619410165,120,120.0,69,EVALUATION_BUDGET_EXHAUSTED,0.04549149889498949
task-v2-69173fedcdae,g-8a16a856f5377a40,SLSQP,O0,3301,1.240275628989647,1.292805426763296,0.05252979777364897,0.0,True,False,True,1.240275628989647,0.0458649989581178,1.729773291595559,1.292805426763296,0.03770217242701952,1.6446582789130684,120,,16,EVALUATION_BUDGET_EXHAUSTED,0.46199733670800924
task-v2-4968f3a685c2,g-8a16a856f5377a40,Nelder-Mead,O3,2207,0.8720339442443031,0.977848596091418,0.10581465184711492,0.0,True,False,True,1.7820695320539541,0.02075742382868739,2.2305633965456546,1.903435177641568,0.009152047965456976,1.8749082312038141,120,120.0,73,EVALUATION_BUDGET_EXHAUSTED,0.5026758601889014
task-v2-b9b3757d64c0,g-a87f1b9ac089cc45,Nelder-Mead,O0,2207,1.4940260406929897,1.443789929409856,-0.050236111283133766,1.7763568394002505e-15,True,True,False,1.4940260406929897,0.007670995149152019,3.0023616344023165,1.443789929409856,0.0015255331754758582,2.3009315828871717,120,120.0,71,EVALUATION_BUDGET_EXHAUSTED,128.5778304738924
task-v2-73f419868dc6,g-553bb3c5ba0f2136,COBYLA,O3,2207,0.046511627906976744,0.05092146670286049,0.004409838795883747,0.0,True,False,True,1.2444202168139924,0.26659497095563156,1.0559406675573644,1.5937012756695959,0.1422031574117914,0.7829979542987097,120,120.0,95,EVALUATION_BUDGET_EXHAUSTED,0.2567139780148864
task-v2-6e79cb6720c5,g-e0c69f84d376b633,Nelder-Mead,O0,2207,1.6011730428813409,1.4606618767239807,-0.14051116615736015,-1.5543122344752192e-15,True,True,False,1.6011730428813409,0.010087676583324368,3.246239812954945,1.4606618767239807,0.0016084615767837293,2.4488593537540417,120,120.0,79,EVALUATION_BUDGET_EXHAUSTED,124.67383529432118
task-v2-c5ed7c8b71f4,g-a712031e7959d564,Nelder-Mead,O3,3301,0.8072363610117947,0.16410331646905293,-0.6431330445427418,0.0,True,True,False,1.9228323633975428,0.028832745504026466,1.5951246918790452,1.673191364965927,0.0877399999648964,2.0784363231432827,120,120.0,75,EVALUATION_BUDGET_EXHAUSTED,0.4230457730591297
task-v2-5b0627539151,g-a712031e7959d564,COBYLA,O0,2207,1.4294991496438985,1.3777483576560954,-0.05175079198780308,0.0,True,True,False,1.4294991496438985,0.0593847591974315,1.988094939062303,1.3777483576560954,0.03684778515007033,1.7808313276641852,120,120.0,89,EVALUATION_BUDGET_EXHAUSTED,0.6493782941251993
task-v2-0b71cbcaebc2,g-3ff7063ef9ea5cfb,Nelder-Mead,O3,3301,0.9278217017900788,0.9583794848658463,0.03055778307576751,0.0,True,False,True,1.7991013084940213,0.013626744598187003,2.4737507920536284,1.8325060271212357,0.009991176826996299,2.3389753212240842,120,120.0,72,EVALUATION_BUDGET_EXHAUSTED,5.709590096957982
task-v2-73f419868dc6,g-553bb3c5ba0f2136,COBYLA,O3,1103,0.05748894929284621,0.046511627906976744,-0.010977321385869467,0.0,True,True,False,1.4456097337461937,0.160820573086435,0.8364303203256891,1.4085243115459796,0.11368650392382028,0.6857976262359649,120,120.0,88,EVALUATION_BUDGET_EXHAUSTED,0.22924985364079475
task-v2-420d9636beee,g-e0c69f84d376b633,Nelder-Mead,O3,3301,0.9997597149143242,1.0207470481370686,0.020987333222744375,0.0,True,False,True,1.7683927013701286,0.004745669656638035,3.3958674215575564,1.8168057501464165,0.00263558134297777,3.140446342173915,120,120.0,70,EVALUATION_BUDGET_EXHAUSTED,114.48622026573867
task-v2-4d2b9f5eb099,g-6aa6775bed3bc2cc,COBYLA,O3,2207,0.8090271085126012,1.0117471438377712,0.20272003532517002,0.0,True,False,True,1.8971870073251267,0.030911625923358693,1.5004218057979557,2.123446794207948,0.012813546701549943,1.1179693127481531,120,120.0,87,EVALUATION_BUDGET_EXHAUSTED,0.2831107461825013
task-v2-0b71cbcaebc2,g-3ff7063ef9ea5cfb,SLSQP,O0,1103,1.3772447476700407,1.2895543330342805,-0.08769041463576022,2.220446049250313e-16,True,True,False,1.3772447476700407,0.0022958227887438384,1.7002970383578062,1.2895543330342805,0.0014195372454517308,1.4915054678218878,120,,16,EVALUATION_BUDGET_EXHAUSTED,5.677201849408448
task-v2-e243a3cd3e64,g-bd62d2d752385cc7,SLSQP,O3,3301,1.0548103428034716,0.8655644942920487,-0.1892458485114229,0.0,True,True,False,2.293837432583827,0.0010303974785994343,0.9263947309226359,1.5162919019276306,0.021724146305743753,2.250332662607953,120,,15,EVALUATION_BUDGET_EXHAUSTED,5.9822354558855295
task-v2-f1a738d52e35,g-60667963f6db3f1b,Nelder-Mead,O0,2207,1.8956867764463272,1.659707512412286,-0.23597926403404124,0.0,True,True,False,1.8956867764463272,0.010398069244966007,0.7262226662263538,1.659707512412286,0.006950186127074751,0.551266396196033,120,120.0,75,EVALUATION_BUDGET_EXHAUSTED,0.09373852703720331
task-v2-c5ed7c8b71f4,g-a712031e7959d564,COBYLA,O0,2207,1.357187929027035,1.326233938500119,-0.030953990526916053,0.0,True,True,False,1.357187929027035,0.03616192017325648,1.6934901764040062,1.326233938500119,0.04691907927971153,1.8065881743628736,120,120.0,95,EVALUATION_BUDGET_EXHAUSTED,0.6459506973624229
task-v2-5b0627539151,g-a712031e7959d564,Nelder-Mead,O0,2207,1.782673094180493,1.3232190804750217,-0.45945401370547123,0.0,True,True,False,1.782673094180493,0.013863763340705536,1.3563010755060034,1.3232190804750217,0.006140660150987359,1.0026350017267511,120,120.0,83,EVALUATION_BUDGET_EXHAUSTED,0.4560889955610037
task-v2-5f165c277bb9,g-e0c69f84d376b633,Nelder-Mead,O3,1103,1.0931241098065476,0.9024227212038882,-0.1907013886026594,0.0,True,True,False,2.348968619330849,0.0024937754661410938,2.2133372786412218,1.537004020170086,0.014969950960945024,2.9917003082930136,120,120.0,73,EVALUATION_BUDGET_EXHAUSTED,138.85675338935107
task-v2-4d2b9f5eb099,g-6aa6775bed3bc2cc,COBYLA,O0,3301,1.6526899601361071,1.7079828469948795,0.05529288685877232,0.0,True,False,True,1.6526899601361071,0.00586329086458242,0.7784413957248015,1.7079828469948795,0.00023880866498707958,-0.6116499625787276,120,120.0,88,EVALUATION_BUDGET_EXHAUSTED,0.28209601528942585
task-v2-f1a738d52e35,g-60667963f6db3f1b,COBYLA,O0,2207,1.5283985085209513,1.7310942254077553,0.202695716886804,0.0,True,False,True,1.5283985085209513,0.027451802086874373,1.1478408201698327,1.7310942254077553,0.003670309419593692,0.273972639276329,120,120.0,93,EVALUATION_BUDGET_EXHAUSTED,0.3369691949337721
task-v2-f83834022ee2,g-553bb3c5ba0f2136,Nelder-Mead,O3,1103,0.04855117256132726,0.04879010445583428,0.0002389318945070218,0.0,True,False,True,1.562623990915057,0.17242979322038282,1.042792281373469,1.6268604347017428,0.11909902483892819,0.8820881795572924,120,120.0,77,EVALUATION_BUDGET_EXHAUSTED,0.04499717429280281
task-v2-73f419868dc6,g-553bb3c5ba0f2136,COBYLA,O0,1103,1.1641645089124721,1.317743284504712,0.15357877559223976,0.0,True,False,True,1.1641645089124721,0.26938259069612985,1.0604582402093343,1.317743284504712,0.14880990957005874,0.802720567699195,120,120.0,91,EVALUATION_BUDGET_EXHAUSTED,0.23803144693374634
task-v2-e449b07a1126,g-e0c69f84d376b633,COBYLA,O3,2207,1.0269700697421504,0.9957133175426495,-0.03125675219950097,0.0,True,True,False,2.013975147535626,0.005256912071712579,3.139270634924169,1.8434893382807969,0.005584727884418843,3.1655419389423396,120,120.0,95,EVALUATION_BUDGET_EXHAUSTED,127.66950680688024
task-v2-3cd2eda112d3,g-6aa6775bed3bc2cc,Nelder-Mead,O3,2207,1.118289150902211,0.29979551802305227,-0.8184936328791588,0.0,True,True,False,2.1842441432155377,0.011860302194650191,0.6072744566985654,1.648375411844158,0.0797322051906657,1.4348124776639988,120,120.0,75,EVALUATION_BUDGET_EXHAUSTED,0.12120651453733444
task-v2-2d64318cb7be,g-6aa6775bed3bc2cc,Nelder-Mead,O3,2207,0.9091441675082169,0.3836190638334554,-0.5255251036747615,0.0,True,True,False,1.9234343881849285,0.022947998778894307,1.0700147790766177,1.7485193365895955,0.07186955937653841,1.5658149432344908,120,120.0,80,EVALUATION_BUDGET_EXHAUSTED,0.15201343595981598
task-v2-f83834022ee2,g-553bb3c5ba0f2136,SLSQP,O0,2207,1.5600841333734201,1.9725125258524414,0.4124283924790213,0.0,True,False,True,1.5600841333734201,0.025422057823320014,0.2113906761869552,1.9725125258524414,0.00897676015479445,-0.2407004043573211,115,115.0,16,EARLY_CONVERGENCE,0.06210138089954853
task-v2-f4789f22d2c1,g-6aa6775bed3bc2cc,Nelder-Mead,O0,2207,1.2429110080832515,1.291010181541508,0.04809917345825654,0.0,True,False,True,1.2429110080832515,0.10218225275454539,1.417615438409351,1.291010181541508,0.07299353080299185,1.2715243369246385,120,120.0,68,EVALUATION_BUDGET_EXHAUSTED,0.10972246527671814
task-v2-5de325b6f026,g-8a16a856f5377a40,COBYLA,O3,2207,0.6834143688570467,0.712770978308167,0.029356609451120397,0.0,True,False,True,1.784485465051112,0.04003158290742308,2.0386714519966556,1.8665899485542194,0.036743866998062244,2.0014535493071497,120,120.0,89,EVALUATION_BUDGET_EXHAUSTED,0.6147826882079244
task-v2-8f4071cbe937,g-8a16a856f5377a40,COBYLA,O3,2207,0.8066910487004503,0.8459284827116411,0.03923743401119084,0.0,True,False,True,1.7742444058685916,0.027599160403320156,2.0532558185202645,1.876338977979017,0.023121866929671088,1.9763828453858272,120,120.0,90,EVALUATION_BUDGET_EXHAUSTED,0.6579238651320338
task-v2-7133b996bac7,g-a87f1b9ac089cc45,COBYLA,O3,2207,1.0601269289929915,0.9798464260763347,-0.08028050291665689,0.0,True,True,False,1.988206320446921,0.003069612945142494,2.7295322805926574,1.6548541981747529,0.0065186179347646225,3.0566041900803587,120,120.0,89,EVALUATION_BUDGET_EXHAUSTED,126.15359816793352
task-v2-e442db508705,g-548c8c6335dd2a2e,COBYLA,O0,2207,1.618668695808151,1.9079903580115012,0.2893216622033501,0.0,True,False,True,1.618668695808151,0.08626682404979737,1.043053779242058,1.9079903580115012,0.0474608763613408,0.7835457228166006,120,120.0,92,EVALUATION_BUDGET_EXHAUSTED,0.2325589843094349
task-v2-0c6c4504c3d3,g-8a16a856f5377a40,SLSQP,O3,3301,0.1806101856010549,0.05800635433156882,-0.1226038312694861,0.0,True,True,False,1.4742850554323144,0.0893603487874144,2.1655647945258703,1.844178824898769,0.11700054906542731,2.2826078391233153,120,,16,EVALUATION_BUDGET_EXHAUSTED,0.44014296028763056
task-v2-89b7591232ff,g-e0c69f84d376b633,SLSQP,O3,3301,0.8760723150427576,0.7571099614214162,-0.11896235362134144,0.0,True,True,False,1.771266017833236,0.017600185905083474,3.1869359223828253,2.0107081216138707,0.030581187045463382,3.426873006296822,120,,15,EVALUATION_BUDGET_EXHAUSTED,104.46308175940067
task-v2-4e78b3f98433,g-553bb3c5ba0f2136,SLSQP,O3,1103,0.19420687837531847,0.06976744186046512,-0.12443943651485335,0.0,True,True,False,1.825366237829445,0.08749445525044984,1.0491905011795088,1.976220102515769,0.11026367833330054,1.1496424458485213,45,45.0,5,EARLY_CONVERGENCE,0.018514210358262062
task-v2-d7382a83ef13,g-548c8c6335dd2a2e,COBYLA,O3,2207,0.46786190400733396,0.04488677825646291,-0.42297512575087104,0.0,True,True,False,2.2699726450279973,0.06372226333515996,0.6104711669841959,1.9180912684537121,0.10989857826643415,0.8471720480721978,120,120.0,94,EVALUATION_BUDGET_EXHAUSTED,0.24092832300812006
task-v2-8f4071cbe937,g-8a16a856f5377a40,SLSQP,O3,3301,0.8503581799859592,0.8063281454163943,-0.04403003456956489,0.0,True,True,False,1.8962452046260911,0.023180088409959915,1.9774750360183244,2.023393717482461,0.0274527805139834,2.050946285851325,120,,15,EVALUATION_BUDGET_EXHAUSTED,0.42685972433537245
task-v2-07b8f456a957,g-3ff7063ef9ea5cfb,Nelder-Mead,O0,2207,1.3158099867055824,1.3524181298281743,0.036608143122591974,-1.1102230246251565e-15,True,False,True,1.3158099867055824,0.02394288127085874,2.2925663555643143,1.3524181298281743,0.004464768957189702,1.5631889335721632,120,120.0,71,EVALUATION_BUDGET_EXHAUSTED,5.635520375333726
task-v2-b9b3757d64c0,g-a87f1b9ac089cc45,COBYLA,O3,1103,0.9930381415449505,0.9159925961920369,-0.07704554535291364,0.0,True,True,False,1.7360246589326678,0.00574093305379429,2.8764924087872026,1.6662487985464904,0.013126553659054904,3.2356606445082488,120,120.0,88,EVALUATION_BUDGET_EXHAUSTED,123.85295819956809
task-v2-e449b07a1126,g-e0c69f84d376b633,Nelder-Mead,O0,1103,1.7284169019351634,1.5543441126505382,-0.17407278928462522,6.661338147750939e-16,True,True,False,1.7284169019351634,0.0022497887739318318,2.770681667342118,1.5543441126505382,0.001199039474730786,2.4973734031118533,120,120.0,75,EVALUATION_BUDGET_EXHAUSTED,127.2255529789254
task-v2-5de325b6f026,g-8a16a856f5377a40,Nelder-Mead,O3,2207,0.5152463044245916,0.7958835396896372,0.2806372352650456,0.0,True,False,True,1.6671980362406584,0.05656709023414141,2.1888325284664107,1.8662374431007076,0.027681823062972857,1.8784633773022101,120,120.0,79,EVALUATION_BUDGET_EXHAUSTED,0.4443680960685015
task-v2-eb1005d46905,g-8a16a856f5377a40,SLSQP,O3,1103,0.3430685643543277,0.19948221766753957,-0.14358634668678813,0.0,True,True,False,1.4961799413635481,0.07308872071160835,2.1751803126998537,1.8101972468892185,0.08650503584782125,2.248371342742717,120,,15,EVALUATION_BUDGET_EXHAUSTED,0.48249251767992973
task-v2-0b71cbcaebc2,g-3ff7063ef9ea5cfb,SLSQP,O3,2207,0.8566628596253203,0.7440603948951338,-0.11260246473018654,0.0,True,True,False,1.712214945328053,0.021637665035376633,2.6745690692625903,1.6339967874654238,0.031915519725698026,2.8433605969607876,120,,15,EVALUATION_BUDGET_EXHAUSTED,5.609858660958707
task-v2-c5ed7c8b71f4,g-a712031e7959d564,SLSQP,O3,2207,0.047254802173533984,0.3413399570002436,0.2940851548267096,0.0,True,False,True,1.2866753400028228,0.11617456150793687,2.2003497351905588,1.4865455501850313,0.07140346418395821,1.988957975605259,120,,16,EVALUATION_BUDGET_EXHAUSTED,0.6542330347001553
task-v2-7d4ec5aed494,g-a87f1b9ac089cc45,Nelder-Mead,O0,3301,1.48781237676589,1.3933814258540722,-0.09443095091181775,-4.440892098500626e-16,True,True,False,1.48781237676589,0.004703718326815319,3.09098122890315,1.3933814258540722,0.0008937189111574765,2.369740869686573,120,120.0,76,EVALUATION_BUDGET_EXHAUSTED,122.6431125709787
task-v2-3f11ce371857,g-3ff7063ef9ea5cfb,SLSQP,O3,2207,0.9505234770656369,0.9999778009838317,0.04945432391819482,0.0,True,False,True,1.904753896697508,0.011113021657420305,2.862312091339578,1.9084594505166725,0.005283744581468229,2.5394217460877617,120,,16,EVALUATION_BUDGET_EXHAUSTED,6.576933203265071
task-v2-5b5a3995de2b,g-bd62d2d752385cc7,Nelder-Mead,O3,3301,1.0581404149157947,0.9000117480903123,-0.15812866682548243,0.0,True,True,False,2.0876425280916275,0.004300976583727106,1.751077004371698,1.5955364369995788,0.01816769545781835,2.3768097675512347,120,120.0,77,EVALUATION_BUDGET_EXHAUSTED,5.173756523989141
task-v2-f0ef0f25a74e,g-8a16a856f5377a40,COBYLA,O3,3301,1.0811567452590805,0.1809327940944018,-0.9002239511646787,0.0,True,True,False,2.2640421290277177,0.003648265602378071,0.6973251417225308,1.7391072001422023,0.08796914497654068,2.0795690640778814,120,120.0,90,EVALUATION_BUDGET_EXHAUSTED,0.6307676713913679
task-v2-69173fedcdae,g-8a16a856f5377a40,SLSQP,O0,1103,1.679294073296428,1.3573277963424324,-0.3219662769539957,0.0,True,True,False,1.679294073296428,0.015395109940508961,1.255674698278339,1.3573277963424324,0.010006162665811934,1.0685594623578025,120,,16,EVALUATION_BUDGET_EXHAUSTED,0.49350521340966225
task-v2-2d64318cb7be,g-6aa6775bed3bc2cc,SLSQP,O3,2207,0.6328266647612691,0.4110986069466723,-0.22172805781459687,0.0,True,True,False,2.0441401142101805,0.049115277556730785,1.400486563619356,1.811730722035965,0.06914680605002047,1.5490420854517155,120,,16,EVALUATION_BUDGET_EXHAUSTED,0.1080497121438384
task-v2-606c43f06406,g-3ff7063ef9ea5cfb,Nelder-Mead,O3,3301,0.970652404537742,0.8841323890126964,-0.08652001552504562,0.0,True,True,False,1.8339391919598003,0.012399363914451522,2.3078193457862497,1.942077479245624,0.018054803691732,2.47101271003914,120,120.0,71,EVALUATION_BUDGET_EXHAUSTED,6.486171890981495
task-v2-4d2b9f5eb099,g-6aa6775bed3bc2cc,SLSQP,O3,2207,0.8851870048013475,0.7226220762994856,-0.16256492850186188,0.0,True,True,False,2.1230163602273935,0.02370825855462588,1.3851996115082517,1.912156633548204,0.03805632284411059,1.5907267793280138,120,,15,EVALUATION_BUDGET_EXHAUSTED,0.13654908072203398
task-v2-d7382a83ef13,g-548c8c6335dd2a2e,COBYLA,O0,1103,1.5763414649327538,1.615616569284109,0.03927510435135506,0.0,True,False,True,1.5763414649327538,0.1002060909068308,0.8070740943856798,1.615616569284109,0.0421490592627269,0.43096785990631026,120,120.0,89,EVALUATION_BUDGET_EXHAUSTED,0.2502833027392626
task-v2-11173062a501,g-a87f1b9ac089cc45,Nelder-Mead,O3,1103,1.1326003675312903,0.8345905855653754,-0.298009781965915,0.0,True,True,False,2.2116012848805284,0.0020113251541571528,2.2449009522699486,1.3163828774750852,0.021150362881788624,3.266736490300337,120,120.0,73,EVALUATION_BUDGET_EXHAUSTED,127.21988782007247
task-v2-5b0627539151,g-a712031e7959d564,Nelder-Mead,O0,3301,1.2980735337643687,1.3590914172362745,0.06101788347190573,0.0,True,False,True,1.2980735337643687,0.06706895640696671,2.04094148806636,1.3590914172362745,0.009892896626007607,1.2097434103170432,120,120.0,76,EVALUATION_BUDGET_EXHAUSTED,0.45124716591089964
task-v2-eb1005d46905,g-8a16a856f5377a40,COBYLA,O3,3301,0.961050437268074,0.2201231998011524,-0.7409272374669216,0.0,True,True,False,1.9188008717490506,0.013991277259372313,1.457187315214283,1.8770449245698704,0.08423142664090066,2.2368041087714654,120,120.0,90,EVALUATION_BUDGET_EXHAUSTED,0.6357776494696736
task-v2-3cd2eda112d3,g-6aa6775bed3bc2cc,COBYLA,O3,3301,0.8134327529818054,0.6403386201636824,-0.17309413281812303,0.0,True,True,False,1.8086902123959656,0.0316043607346482,1.032925712144046,1.7923958653063845,0.048046048916903714,1.214836381039396,120,120.0,91,EVALUATION_BUDGET_EXHAUSTED,0.30996858701109886
task-v2-a2561503b5d0,g-bd62d2d752385cc7,COBYLA,O0,3301,1.7930024191349703,1.4795527341466566,-0.3134496849883137,-8.881784197001252e-16,True,True,False,1.7930024191349703,0.0037562061760070225,2.090199357383577,1.4795527341466566,0.0017960396411501368,1.7697658528938818,120,120.0,89,EVALUATION_BUDGET_EXHAUSTED,5.73148425668478
task-v2-4746dcc3bd93,g-a87f1b9ac089cc45,COBYLA,O0,1103,1.5411848239056138,1.3444411306866775,-0.19674369321893637,-8.881784197001252e-16,True,True,False,1.5411848239056138,0.0013405079286355854,2.8468393046421134,1.3444411306866775,0.00045634344322315583,2.3788617325509196,120,120.0,89,EVALUATION_BUDGET_EXHAUSTED,114.93030440248549
task-v2-a2561503b5d0,g-bd62d2d752385cc7,Nelder-Mead,O3,3301,0.9825324768929183,0.9811539039595487,-0.0013785729333696262,0.0,True,True,False,1.8686142843244808,0.007326209830345104,2.3803292881165268,1.6402826354365723,0.007156321628973859,2.3701397859368925,120,120.0,72,EVALUATION_BUDGET_EXHAUSTED,6.167582279071212
task-v2-e449b07a1126,g-e0c69f84d376b633,COBYLA,O0,3301,1.6394870155462349,1.4668953041239525,-0.17259171142228236,1.3322676295501878e-15,True,True,False,1.6394870155462349,0.001933746247180747,2.7049394058250713,1.4668953041239525,0.0006978247891676535,2.2622863149908117,120,120.0,91,EVALUATION_BUDGET_EXHAUSTED,125.02811998780817
task-v2-89b7591232ff,g-e0c69f84d376b633,SLSQP,O0,2207,1.2866093119530602,1.2643408096300908,-0.022268502322969397,-2.220446049250313e-15,True,True,False,1.2866093119530602,0.0007539437864678179,1.8187576336098248,1.2643408096300908,0.0011625621944786355,2.006834863199459,120,,16,EVALUATION_BUDGET_EXHAUSTED,134.2260829107836
task-v2-780e1209d403,g-e0c69f84d376b633,SLSQP,O0,2207,1.1408826673190982,1.141188978758897,0.0003063114397987565,-2.886579864025407e-15,True,False,True,1.1408826673190982,0.0023432049768213298,2.010198952656952,1.141188978758897,0.001853981294077138,1.9084940195425906,120,,16,EVALUATION_BUDGET_EXHAUSTED,116.71243245713413
task-v2-4746dcc3bd93,g-a87f1b9ac089cc45,COBYLA,O3,2207,1.0627800595740606,1.001580454131378,-0.06119960544268266,0.0,True,True,False,1.943659542351337,0.0016155060677432581,2.9278785111562233,1.659928664359883,0.004033587609928764,3.3252614119169164,120,120.0,86,EVALUATION_BUDGET_EXHAUSTED,126.26595690939575
task-v2-095187356858,g-3ff7063ef9ea5cfb,Nelder-Mead,O3,1103,0.9852419527776632,1.0200405679836875,0.03479861520602423,0.0,True,False,True,1.8194042955438783,0.006691091039720341,2.3409468739378183,1.732616674174464,0.0031741381329679717,2.0170757575299025,120,120.0,72,EVALUATION_BUDGET_EXHAUSTED,5.520441533066332
task-v2-73f419868dc6,g-553bb3c5ba0f2136,Nelder-Mead,O0,1103,1.360427210069367,1.363520714503469,0.0030935044341018347,0.0,True,False,True,1.360427210069367,0.12215873814088074,0.7170132528822448,1.363520714503469,0.1289908614973614,0.7406476582363496,120,120.0,78,EVALUATION_BUDGET_EXHAUSTED,0.05201899725943804
task-v2-2d64318cb7be,g-6aa6775bed3bc2cc,Nelder-Mead,O3,1103,0.9144539852844648,0.923705548148445,0.009251562863980212,0.0,True,False,True,1.940599045138517,0.022547459546834136,1.0623675773918249,1.8397568305665875,0.020232170106229783,1.0153124287498208,120,120.0,70,EVALUATION_BUDGET_EXHAUSTED,0.15886201709508896
task-v2-f6d986d24578,g-bd62d2d752385cc7,Nelder-Mead,O0,1103,1.3172180274244254,1.4830964500294368,0.1658784226050114,8.881784197001252e-16,True,False,True,1.3172180274244254,0.0016397716252137323,1.5541420429664856,1.4830964500294368,0.004700751060281073,2.0115259285794402,120,120.0,71,EVALUATION_BUDGET_EXHAUSTED,6.216295074671507
task-v2-8792ce3c54d5,g-a712031e7959d564,Nelder-Mead,O0,2207,1.5775163022122276,1.4381560302925014,-0.13936027191972622,0.0,True,True,False,1.5775163022122276,0.013110449070461815,2.0310075114075277,1.4381560302925014,0.0004952475441691245,0.6082122742705237,120,120.0,79,EVALUATION_BUDGET_EXHAUSTED,0.42557947151362896
task-v2-a0f813383468,g-60667963f6db3f1b,COBYLA,O0,1103,1.8736319856168666,1.7168371425878228,-0.15679484302904378,0.0,True,True,False,1.8736319856168666,0.014046935013169806,0.6807602751236623,1.7168371425878228,0.011049062059928626,0.576504114829403,120,120.0,92,EVALUATION_BUDGET_EXHAUSTED,0.3261785600334406
task-v2-780e1209d403,g-e0c69f84d376b633,Nelder-Mead,O0,2207,1.2903828408073463,1.2297018025992017,-0.06068103820814463,-4.218847493575595e-15,True,True,False,1.2903828408073463,0.025063886922577258,3.0394370940971283,1.2297018025992017,0.006008235836750229,2.4191356429324835,120,120.0,80,EVALUATION_BUDGET_EXHAUSTED,128.64976669009775
task-v2-e449b07a1126,g-e0c69f84d376b633,COBYLA,O0,1103,1.6394050215777525,1.493320100845999,-0.1460849207317534,3.552713678800501e-15,True,True,False,1.6394050215777525,0.0016054137239772726,2.624126893201188,1.493320100845999,0.0008463859712474164,2.3461083783200793,120,120.0,89,EVALUATION_BUDGET_EXHAUSTED,123.59449881035835
task-v2-ce7fc44fc7b5,g-548c8c6335dd2a2e,COBYLA,O0,3301,1.5752417671876016,1.5277552278892617,-0.0474865392983399,0.0,True,True,False,1.5752417671876016,0.10538072267412658,0.6528498874560099,1.5277552278892617,0.11646174618690994,0.6962720124094176,120,120.0,92,EVALUATION_BUDGET_EXHAUSTED,0.22817848809063435
task-v2-8c0a098a6f8b,g-a712031e7959d564,Nelder-Mead,O3,2207,0.04805112110715234,0.09496557671498498,0.046914455607832646,0.0,True,False,True,1.2692202733046103,0.11541591986669861,2.1305576208722514,1.7140150545487722,0.09560657230460234,2.0487796517253196,120,120.0,74,EVALUATION_BUDGET_EXHAUSTED,0.5235436884686351
task-v2-0b71cbcaebc2,g-3ff7063ef9ea5cfb,SLSQP,O0,2207,1.5033462999264882,1.3672370278579953,-0.13610927206849288,-4.440892098500626e-16,True,True,False,1.5033462999264882,0.009313685143228537,2.308480228067453,1.3672370278579953,0.002577692900850081,1.750589851368805,120,,16,EVALUATION_BUDGET_EXHAUSTED,5.823813119903207
task-v2-11173062a501,g-a87f1b9ac089cc45,COBYLA,O0,1103,1.557519189477,1.3526440048527717,-0.20487518462422827,-6.661338147750939e-16,True,True,False,1.557519189477,0.003080589064583274,2.430052436666537,1.3526440048527717,0.004972440296673974,2.6379882445527145,120,120.0,90,EVALUATION_BUDGET_EXHAUSTED,125.1514524128288
task-v2-0b71cbcaebc2,g-3ff7063ef9ea5cfb,SLSQP,O3,1103,0.8858033106096495,0.9298130851224092,0.04400977451275978,0.0,True,False,True,1.5457458329232907,0.01689491898278929,2.5671147894217636,1.7468165504414164,0.012477287525148952,2.4354788589350007,120,,16,EVALUATION_BUDGET_EXHAUSTED,5.7360523249953985
task-v2-f4789f22d2c1,g-6aa6775bed3bc2cc,Nelder-Mead,O0,3301,1.6743599799427076,1.563515010155799,-0.1108449697869085,0.0,True,True,False,1.6743599799427076,0.0019688597282368514,-0.2975452588358384,1.563515010155799,0.03005312577569613,0.8861296142475469,120,120.0,72,EVALUATION_BUDGET_EXHAUSTED,0.1171494135633111
task-v2-5acbf653f95a,g-a712031e7959d564,SLSQP,O0,2207,1.4851374318416566,1.2867550557280598,-0.19838237611359677,0.0,True,True,False,1.4851374318416566,0.02730292500389806,2.0485691241295836,1.2867550557280598,0.0006108003414282318,0.39825921911632883,120,,16,EVALUATION_BUDGET_EXHAUSTED,0.4711582884192467
task-v2-780e1209d403,g-e0c69f84d376b633,COBYLA,O3,2207,0.9927356873275051,0.8615732162652024,-0.1311624710623026,0.0,True,True,False,1.6600215492308392,0.013512544437410196,2.7711258067543842,1.4847358526946253,0.019988604154589428,2.9411711390665607,120,120.0,86,EVALUATION_BUDGET_EXHAUSTED,128.02786124497652
task-v2-095187356858,g-3ff7063ef9ea5cfb,COBYLA,O3,1103,1.0090783586953873,1.0275462131624764,0.018467854467089095,0.0,True,False,True,1.7452507724537678,0.004742094184854674,2.1914201104045983,1.769210901016384,0.002642630210740877,1.9374863305278405,120,120.0,88,EVALUATION_BUDGET_EXHAUSTED,5.793805620633066
task-v2-d7382a83ef13,g-548c8c6335dd2a2e,Nelder-Mead,O0,2207,1.70076534387311,1.4357258449100179,-0.2650394989630922,0.0,True,True,False,1.70076534387311,0.09188634248807673,0.7694309388754611,1.4357258449100179,0.22444662773259055,1.157293058579524,120,120.0,79,EVALUATION_BUDGET_EXHAUSTED,0.03953768219798803
task-v2-606c43f06406,g-3ff7063ef9ea5cfb,Nelder-Mead,O0,3301,1.4694638063406793,1.561980790670326,0.09251698432964672,-4.440892098500626e-16,True,False,True,1.4694638063406793,0.017357775723874768,2.4539140119370613,1.561980790670326,0.0022502543065476086,1.5666515408245831,120,120.0,74,EVALUATION_BUDGET_EXHAUSTED,7.232361312024295
task-v2-8c0a098a6f8b,g-a712031e7959d564,Nelder-Mead,O0,1103,1.6759247576265328,1.3423906829163297,-0.33353407471020313,0.0,True,True,False,1.6759247576265328,0.0152125084204927,1.250492735248225,1.3423906829163297,0.008011416703329227,0.9720012251991994,120,120.0,73,EVALUATION_BUDGET_EXHAUSTED,0.48171526845544577
task-v2-a2561503b5d0,g-bd62d2d752385cc7,SLSQP,O0,3301,1.5532632843101764,1.2857291654796457,-0.2675341188305307,-1.1102230246251565e-15,True,True,False,1.5532632843101764,0.004146627000229574,2.133144906174323,1.2857291654796457,0.0031202388502694052,2.0096377749344594,120,,16,EVALUATION_BUDGET_EXHAUSTED,5.4909284459427
task-v2-f4789f22d2c1,g-6aa6775bed3bc2cc,COBYLA,O3,3301,0.7419752742957277,0.08325704568875739,-0.6587182286069704,0.0,True,True,False,1.6665047872333645,0.04037112470269316,1.0143108139386476,1.295964634187579,0.14311874965490523,1.5639364987099926,120,120.0,92,EVALUATION_BUDGET_EXHAUSTED,0.3233767030760646
task-v2-8c0a098a6f8b,g-a712031e7959d564,SLSQP,O3,1103,1.0981987398173942,0.6258144676099755,-0.47238427220741874,0.0,True,True,False,2.369424415224686,0.007092683891388892,0.919102508146038,1.7270889424941172,0.04526668522218757,1.7240705968664432,120,,16,EVALUATION_BUDGET_EXHAUSTED,0.595797105692327
task-v2-7d4ec5aed494,g-a87f1b9ac089cc45,COBYLA,O3,2207,1.054888616894337,0.9934073764661906,-0.0614812404281464,0.0,True,True,False,1.9250885795404464,0.0027906370909453362,2.864243284184612,1.6253465843036805,0.004939025905645705,3.112181226033735,120,120.0,88,EVALUATION_BUDGET_EXHAUSTED,127.63400251511484
task-v2-6e79cb6720c5,g-e0c69f84d376b633,SLSQP,O0,1103,1.3271547823682939,1.192154205720815,-0.1350005766474789,-5.995204332975845e-15,True,True,False,1.3271547823682939,0.0004057912617951724,1.8507513537081477,1.192154205720815,0.00019001269393448936,1.5212312781727644,120,,16,EVALUATION_BUDGET_EXHAUSTED,125.0475491201505
task-v2-ac528a9510be,g-a712031e7959d564,Nelder-Mead,O3,1103,0.880210668347139,0.6078705290417165,-0.27234013930542256,0.0,True,True,False,1.964635401022277,0.021193137929544224,1.6375252169235686,1.652825262869289,0.04517097156054877,1.9661893839953057,120,120.0,75,EVALUATION_BUDGET_EXHAUSTED,0.441338125616312
task-v2-3f363bac5736,g-60667963f6db3f1b,COBYLA,O0,3301,1.9508995396433215,1.7995165167065108,-0.15138302293681072,0.0,True,True,False,1.9508995396433215,0.005264391514809841,0.7316481370934772,1.7995165167065108,0.00015132565657448497,-0.8097874764467884,120,120.0,85,EVALUATION_BUDGET_EXHAUSTED,0.37736211251467466
task-v2-5b5a3995de2b,g-bd62d2d752385cc7,SLSQP,O3,1103,0.7915775080983318,0.8960899363133382,0.10451242821500639,0.0,True,False,True,1.5049206742024066,0.029946559673244263,2.5938568631717325,1.6122877694439732,0.0164701666644029,2.3342079201790065,120,,16,EVALUATION_BUDGET_EXHAUSTED,5.032618563622236
task-v2-9f1427c2fbd8,g-3ff7063ef9ea5cfb,Nelder-Mead,O3,1103,1.0339251637112012,0.9012276981955138,-0.1326974655156874,0.0,True,True,False,1.9775718668469935,0.007957741805722864,1.9391185243028874,1.5467562106554027,0.015616177133713627,2.231903406776689,120,120.0,76,EVALUATION_BUDGET_EXHAUSTED,5.502638714388013
task-v2-f5c9b9bdeb27,g-a87f1b9ac089cc45,Nelder-Mead,O3,1103,1.1020465096753904,0.9584675774129877,-0.1435789322624027,0.0,True,True,False,2.160345651914304,0.000784815043193582,1.6143372365458288,1.3540934399758664,0.008682598514157884,2.6582196372013724,120,120.0,73,EVALUATION_BUDGET_EXHAUSTED,113.15377256926149
task-v2-73f419868dc6,g-553bb3c5ba0f2136,Nelder-Mead,O0,3301,1.362769690210003,1.3814942193536666,0.018724529143663515,0.0,True,False,True,1.362769690210003,0.12633291522103468,0.7316052328349435,1.3814942193536666,0.13198170437835333,0.7506024473596327,120,120.0,73,EVALUATION_BUDGET_EXHAUSTED,0.05672872718423605
task-v2-6996479d6302,g-60667963f6db3f1b,Nelder-Mead,O0,1103,1.4993154986215662,1.573368050479384,0.0740525518578179,0.0,True,False,True,1.4993154986215662,0.07590743971890991,1.2885243086714548,1.573368050479384,0.010325085855676451,0.4221336369227578,120,120.0,76,EVALUATION_BUDGET_EXHAUSTED,0.0987482238560915
task-v2-9f1427c2fbd8,g-3ff7063ef9ea5cfb,COBYLA,O0,3301,1.8349028692927711,1.5503462003338075,-0.2845566689589636,-4.440892098500626e-16,True,True,False,1.8349028692927711,0.0034449326043983794,1.5755094101631786,1.5503462003338075,0.006094605618449667,1.823274287934794,120,120.0,86,EVALUATION_BUDGET_EXHAUSTED,5.852086519822478
task-v2-8c0a098a6f8b,g-a712031e7959d564,SLSQP,O0,2207,1.273407466468003,1.1823701446578072,-0.09103732181019586,0.0,True,True,False,1.273407466468003,0.052088648272733636,1.7850349910308092,1.1823701446578072,0.024103080671470017,1.4503644579398807,120,,15,EVALUATION_BUDGET_EXHAUSTED,0.5233424426987767
task-v2-59a464f36e13,g-bd62d2d752385cc7,COBYLA,O0,3301,1.9172856314078714,1.5541186313604887,-0.3631670000473828,8.881784197001252e-16,True,True,False,1.9172856314078714,0.001443365018404052,1.9758561060913507,1.5541186313604887,0.004173146713055703,2.4369435838593656,120,120.0,92,EVALUATION_BUDGET_EXHAUSTED,7.648624364286661
task-v2-f1a738d52e35,g-60667963f6db3f1b,COBYLA,O0,3301,1.7899727667192882,1.877192260572591,0.08721949385330285,0.0,True,False,True,1.7899727667192882,0.019727808800099295,1.0043488111102827,1.877192260572591,0.030094277005339138,1.18775387513063,120,120.0,94,EVALUATION_BUDGET_EXHAUSTED,0.2861797930672765
task-v2-7d4ec5aed494,g-a87f1b9ac089cc45,Nelder-Mead,O3,3301,0.9403738053604738,0.9506401278542189,0.01026632249374515,0.0,True,False,True,1.621642076881639,0.010011459952900852,3.419037336419521,1.9212334091212169,0.011302412648829162,3.4717110812078205,120,120.0,77,EVALUATION_BUDGET_EXHAUSTED,126.62577837798744
task-v2-e243a3cd3e64,g-bd62d2d752385cc7,COBYLA,O0,1103,1.8942554210128897,1.353888292760634,-0.5403671282522557,-4.440892098500626e-16,True,True,False,1.8942554210128897,0.0032836203001980514,1.4297428755558481,1.353888292760634,0.005261037451385739,1.6344613370221999,120,120.0,94,EVALUATION_BUDGET_EXHAUSTED,7.655299688689411
task-v2-7133b996bac7,g-a87f1b9ac089cc45,COBYLA,O3,1103,1.1979712377733907,0.9405032015099931,-0.25746803626339754,0.0,True,True,False,2.406191421111042,0.0004317287625538395,1.8776596460028112,1.6694518451808755,0.010558984815883722,3.2660708282477917,120,120.0,91,EVALUATION_BUDGET_EXHAUSTED,127.41714768763632
task-v2-8f4071cbe937,g-8a16a856f5377a40,COBYLA,O3,3301,0.9104234804749931,0.8216665507883969,-0.08875692968659621,0.0,True,True,False,1.7384829254404726,0.016400984599276622,1.8272298687714017,2.04736761290755,0.026689155431064086,2.038694778876605,120,120.0,92,EVALUATION_BUDGET_EXHAUSTED,0.7369303368031979
task-v2-5b5a3995de2b,g-bd62d2d752385cc7,COBYLA,O3,3301,1.0650508057137538,0.9464593743304548,-0.11859143138329897,0.0,True,True,False,2.2357244569469725,0.0024526500551455962,1.5071455136457432,1.5941443625077372,0.011573447757735365,2.1809726818778357,120,120.0,93,EVALUATION_BUDGET_EXHAUSTED,5.249227283522487
task-v2-0c6c4504c3d3,g-8a16a856f5377a40,SLSQP,O0,3301,1.3310373082765634,1.2612710365624271,-0.0697662717141363,0.0,True,True,False,1.3310373082765634,0.06395591455509625,2.0203006529245537,1.2612710365624271,0.008204402080281673,1.1284668753617186,120,,15,EVALUATION_BUDGET_EXHAUSTED,0.41909647081047297
task-v2-f6d986d24578,g-bd62d2d752385cc7,SLSQP,O0,2207,1.287166105653919,1.2939461000182426,0.006779994364323638,2.4424906541753444e-15,True,False,True,1.287166105653919,0.0037964765432208277,1.9187393968093382,1.2939461000182426,0.006006463618894106,2.117977526803389,120,,15,EVALUATION_BUDGET_EXHAUSTED,5.546863549388945
task-v2-69173fedcdae,g-8a16a856f5377a40,Nelder-Mead,O3,2207,0.8730205917459745,0.4035186330355784,-0.4695019587103961,0.0,True,True,False,1.8998283580274946,0.024748501924752035,1.4618408189879148,1.4506732895403296,0.06700471888794055,1.8943972931067778,120,120.0,75,EVALUATION_BUDGET_EXHAUSTED,0.4899292625486851
task-v2-6996479d6302,g-60667963f6db3f1b,COBYLA,O0,3301,1.7368270168438522,1.3623349023642226,-0.3744921144796296,0.0,True,True,False,1.7368270168438522,0.0575383620122997,1.168197459655432,1.3623349023642226,0.16835275049827264,1.6344601814708506,120,120.0,89,EVALUATION_BUDGET_EXHAUSTED,0.3057340607047081
task-v2-4e78b3f98433,g-553bb3c5ba0f2136,Nelder-Mead,O0,1103,1.7075564506972682,1.586478860793056,-0.12107758990421225,0.0,True,True,False,1.7075564506972682,0.05440472540867351,0.8428465923200318,1.586478860793056,0.005932664256475771,-0.11954025907278337,120,120.0,76,EVALUATION_BUDGET_EXHAUSTED,0.041242532432079315
task-v2-c95d7e1ff6e7,g-a87f1b9ac089cc45,COBYLA,O0,2207,1.4442664323755605,1.1962786184423866,-0.24798781393317393,2.220446049250313e-15,True,True,False,1.4442664323755605,0.0035947452966642182,2.372148054780158,1.1962786184423866,0.0008227790676945809,1.7317631649099061,120,120.0,94,EVALUATION_BUDGET_EXHAUSTED,123.92431835085154
task-v2-3cd2eda112d3,g-6aa6775bed3bc2cc,Nelder-Mead,O3,1103,1.0661957077483981,0.989271325053174,-0.07692438269522406,0.0,True,True,False,1.9538456866084895,0.007610348207178322,0.414583230043739,1.7725196385590032,0.014388852048353523,0.6912048489524943,120,120.0,80,EVALUATION_BUDGET_EXHAUSTED,0.1110776923596859
task-v2-f6d986d24578,g-bd62d2d752385cc7,Nelder-Mead,O0,2207,1.4377477675518033,1.491172859153746,0.053425091601942754,1.7763568394002505e-15,True,False,True,1.4377477675518033,0.01094030922131998,2.3783882731496275,1.491172859153746,0.0027902174650359327,1.7849967287061703,120,120.0,76,EVALUATION_BUDGET_EXHAUSTED,5.613349397666752
task-v2-420d9636beee,g-e0c69f84d376b633,Nelder-Mead,O3,2207,1.0104829018044732,1.0252664357744268,0.014783533969953577,0.0,True,False,True,1.9870351169786404,0.004118206963215249,3.334278086202594,1.9404312612133194,0.0024800000164647766,3.11402160132515,120,120.0,78,EVALUATION_BUDGET_EXHAUSTED,112.73983993474394
task-v2-2d64318cb7be,g-6aa6775bed3bc2cc,Nelder-Mead,O0,3301,1.7363437925427205,1.5987635886189504,-0.13758020392377013,0.0,True,True,False,1.7363437925427205,0.007963427472353478,0.610369990013831,1.5987635886189504,0.0004039663301841755,-0.6843848700140241,120,120.0,80,EVALUATION_BUDGET_EXHAUSTED,0.131299396045506
task-v2-73f419868dc6,g-553bb3c5ba0f2136,Nelder-Mead,O3,1103,0.7900872599744614,0.046511627906976744,-0.7435756320674847,0.0,True,True,False,1.8875039200697112,0.038780775313401385,0.21870520226413936,1.3907748456712314,0.11179262605950276,0.6785018729751747,120,120.0,63,EVALUATION_BUDGET_EXHAUSTED,0.04221337474882603
task-v2-0b71cbcaebc2,g-3ff7063ef9ea5cfb,COBYLA,O3,2207,0.9519516323999708,0.9469147853872857,-0.005036847012685142,0.0,True,True,False,1.7626475533081243,0.010798667615249027,2.372728849627874,1.8007310719130314,0.011353533533693656,2.3944897229270916,120,120.0,90,EVALUATION_BUDGET_EXHAUSTED,6.099716659635305
task-v2-780e1209d403,g-e0c69f84d376b633,COBYLA,O3,1103,1.0689598109758627,0.9098192097899734,-0.15914060118588924,0.0,True,True,False,1.9320544393343149,0.007597614903811444,2.52106594849557,1.477290123181187,0.015185353435923137,2.8218135760531102,120,120.0,95,EVALUATION_BUDGET_EXHAUSTED,122.28634059801698
task-v2-11173062a501,g-a87f1b9ac089cc45,Nelder-Mead,O3,3301,0.8111349746978505,0.8987179829720917,0.08758300827424126,0.0,True,False,True,1.330339230125518,0.024596631764254154,3.332294306597527,1.3644386701575644,0.014681927175570337,3.1082017328108873,120,120.0,79,EVALUATION_BUDGET_EXHAUSTED,126.7435125792399
task-v2-2d64318cb7be,g-6aa6775bed3bc2cc,COBYLA,O0,3301,1.6086164203754894,1.5497861594357554,-0.05883026093973398,0.0,True,True,False,1.6086164203754894,0.0127221084223558,0.8138290534449398,1.5497861594357554,0.03966886318795049,1.3077197158166496,120,120.0,93,EVALUATION_BUDGET_EXHAUSTED,0.2874332731589675
task-v2-4746dcc3bd93,g-a87f1b9ac089cc45,SLSQP,O0,3301,1.2186437172309796,1.200646996987794,-0.01799672024318566,1.7763568394002505e-15,True,True,False,1.2186437172309796,0.0004908294410702944,2.4105005224263,1.200646996987794,0.0006277456287949707,2.5173536148718365,120,,15,EVALUATION_BUDGET_EXHAUSTED,116.58363632019609
task-v2-a0f813383468,g-60667963f6db3f1b,COBYLA,O3,2207,0.07794110936963103,0.3923229049817407,0.31438179561210966,0.0,True,False,True,1.8164162884298642,0.11579414316105471,1.5968652953602596,2.0124064272188757,0.07177808018636944,1.3891705402080352,120,120.0,93,EVALUATION_BUDGET_EXHAUSTED,0.3771098619326949
task-v2-2d64318cb7be,g-6aa6775bed3bc2cc,SLSQP,O0,1103,1.72939916605303,1.5262349534090551,-0.20316421264397477,0.0,True,True,False,1.72939916605303,0.00872029018531803,0.6498008981773709,1.5262349534090551,0.001683936489404881,-0.06440433120800701,120,,16,EVALUATION_BUDGET_EXHAUSTED,0.13429138623178005
task-v2-6996479d6302,g-60667963f6db3f1b,COBYLA,O3,1103,0.5002742810046329,0.49459224010991654,-0.005682040894716356,0.0,True,True,False,1.676669064424373,0.06331485852981288,1.2097456061390872,1.6702929999413483,0.06402533693334575,1.2145918379331104,120,120.0,92,EVALUATION_BUDGET_EXHAUSTED,0.3422334063798189
task-v2-7133b996bac7,g-a87f1b9ac089cc45,SLSQP,O3,1103,1.043367623195443,0.9084476100750318,-0.13492001312041113,0.0,True,True,False,1.9005188153367163,0.0006713745002307112,2.0694135049920663,1.548481465696326,0.013396823912001955,3.3694505119334663,120,,16,EVALUATION_BUDGET_EXHAUSTED,127.0229072123766
task-v2-89b7591232ff,g-e0c69f84d376b633,COBYLA,O0,2207,1.4217309594049492,1.2824229690531985,-0.13930799035175068,3.774758283725532e-15,True,True,False,1.4217309594049492,0.003970335872233962,2.5402459148736534,1.2824229690531985,0.0005752198141457717,1.7012525046658704,120,120.0,92,EVALUATION_BUDGET_EXHAUSTED,129.75470523908734
task-v2-7133b996bac7,g-a87f1b9ac089cc45,Nelder-Mead,O0,2207,1.4610676674632517,1.3753476442910617,-0.08572002317218996,4.440892098500626e-16,True,True,False,1.4610676674632517,0.009031258037742664,3.1981969138511808,1.3753476442910617,0.0008982456841219282,2.1958438020857383,120,120.0,73,EVALUATION_BUDGET_EXHAUSTED,128.51248459145427
task-v2-5f165c277bb9,g-e0c69f84d376b633,SLSQP,O0,2207,1.4788383539934158,1.4384141885156434,-0.04042416547777239,2.886579864025407e-15,True,True,False,1.4788383539934158,0.009795633224294668,2.807512446189586,1.4384141885156434,0.005370796620916472,2.546518637628496,120,,16,EVALUATION_BUDGET_EXHAUSTED,133.0674789417535
task-v2-f1a738d52e35,g-60667963f6db3f1b,SLSQP,O0,1103,1.8935016531548816,1.617846498233674,-0.2756551549212076,0.0,True,True,False,1.8935016531548816,0.011354371152681342,0.7644330473534169,1.617846498233674,0.0013156141993644025,-0.17160148686760512,120,,16,EVALUATION_BUDGET_EXHAUSTED,0.11551397200673819
task-v2-420d9636beee,g-e0c69f84d376b633,SLSQP,O0,1103,1.4204762117401997,1.2714332824239547,-0.14904292931624497,1.5543122344752192e-15,True,True,False,1.4204762117401997,0.00023416324481164382,2.089088645123151,1.2714332824239547,4.028002260550377e-05,1.3246596232271832,120,,16,EVALUATION_BUDGET_EXHAUSTED,113.31566197331995
task-v2-5b0627539151,g-a712031e7959d564,SLSQP,O0,3301,1.3585080950831214,1.3733919327171555,0.014883837634034114,0.0,True,False,True,1.3585080950831214,0.03780262970013347,1.791941951422191,1.3733919327171555,0.0298933119773843,1.6899939739006984,120,,16,EVALUATION_BUDGET_EXHAUSTED,0.5130415605381131
task-v2-ac528a9510be,g-a712031e7959d564,SLSQP,O0,3301,1.4683250959161978,1.3110173760550878,-0.15730771986110992,0.0,True,True,False,1.4683250959161978,0.01919942573092458,1.594618191131278,1.3110173760550878,0.002226179402277858,0.6588901124281815,120,,16,EVALUATION_BUDGET_EXHAUSTED,0.49732013512402773
task-v2-4e78b3f98433,g-553bb3c5ba0f2136,SLSQP,O3,3301,1.0156310688068697,0.06976744186046512,-0.9458636269464046,0.0,True,True,False,2.5539353961301066,0.015019185066549486,0.2838563383544804,1.7241928935235524,0.11071310183337611,1.151408988152997,56,56.0,7,EARLY_CONVERGENCE,0.024505374021828175
task-v2-89b7591232ff,g-e0c69f84d376b633,COBYLA,O3,2207,0.9594547686130908,0.8738210904260416,-0.08563367818704914,0.0,True,True,False,1.9434786993241033,0.013244765590634424,3.0634629436746232,1.7495433717633935,0.018169482492763504,3.200761225044281,120,120.0,88,EVALUATION_BUDGET_EXHAUSTED,131.70543962158263
task-v2-8c0a098a6f8b,g-a712031e7959d564,SLSQP,O0,3301,1.2364147368259786,1.325179730343855,0.08876499351787648,0.0,True,False,True,1.2364147368259786,0.05621340566285868,1.8181318012353207,1.325179730343855,0.05963058540996866,1.8437609765733514,120,,15,EVALUATION_BUDGET_EXHAUSTED,0.49647652450948954
task-v2-8792ce3c54d5,g-a712031e7959d564,SLSQP,O3,2207,0.7771097579694156,0.79295519155099,0.01584543358157442,0.0,True,False,True,1.7630278185766255,0.02825877099391168,2.364543213594086,2.054563642194993,0.02807783403270237,2.3617535462374333,120,,16,EVALUATION_BUDGET_EXHAUSTED,0.5582226980477571
task-v2-f6d986d24578,g-bd62d2d752385cc7,SLSQP,O3,1103,0.8796788948311002,0.8454061667464539,-0.03427272808464632,0.0,True,True,False,1.4906693793595498,0.018177337813363788,2.5988889542604907,1.457761847118912,0.02134737981936772,2.66870325316568,120,,16,EVALUATION_BUDGET_EXHAUSTED,5.633971168659627
task-v2-a0f813383468,g-60667963f6db3f1b,Nelder-Mead,O3,2207,0.07449312625241453,0.5378015440290629,0.46330841777664833,0.0,True,False,True,1.8029350558408113,0.13331738794597053,1.6580654979695153,2.2083868871145995,0.060005009828209326,1.3113662131357529,120,120.0,79,EVALUATION_BUDGET_EXHAUSTED,0.12725721299648285
task-v2-d7382a83ef13,g-548c8c6335dd2a2e,COBYLA,O0,2207,1.4992766993042657,1.8041013009200912,0.3048246016158256,0.0,True,False,True,1.4992766993042657,0.15006002224128578,0.9824449804673987,1.8041013009200912,0.11191293887502872,0.855060274606753,120,120.0,89,EVALUATION_BUDGET_EXHAUSTED,0.36058057844638824
task-v2-e442db508705,g-548c8c6335dd2a2e,COBYLA,O3,3301,0.036057705840621505,0.023255813953488372,-0.012801891887133134,0.0,True,True,False,1.867333019789312,0.0988047697759617,1.1019878802008711,1.749538440738844,0.10636751954572146,1.13401900140798,48,48.0,34,EARLY_CONVERGENCE,0.09325004648417234
task-v2-73f419868dc6,g-553bb3c5ba0f2136,Nelder-Mead,O3,3301,0.6646821970736525,0.04819505249629601,-0.6164871445773565,0.0,True,True,False,1.8690210110631456,0.047642525493379266,0.30808348996328916,1.7908824226412141,0.10672856564143082,0.658369387774351,120,120.0,67,EVALUATION_BUDGET_EXHAUSTED,0.05696793459355831
task-v2-420d9636beee,g-e0c69f84d376b633,SLSQP,O3,3301,0.9801413968613898,1.0200482743501345,0.03990687748874466,0.0,True,False,True,1.8946804209310482,0.007690033916098493,3.6054981728321507,1.849278688639425,0.002747591109817968,3.158522020107036,120,,16,EVALUATION_BUDGET_EXHAUSTED,111.78205238748342
task-v2-5acbf653f95a,g-a712031e7959d564,Nelder-Mead,O3,1103,0.7491501481531234,0.8765759565703335,0.12742580841721007,0.0,True,False,True,1.8342457933879233,0.03135683994507982,2.108692237198126,1.7002114797381869,0.018416407190587444,1.8775648567008305,120,120.0,68,EVALUATION_BUDGET_EXHAUSTED,0.3983406713232398
task-v2-cf1a83d8dbf9,g-bd62d2d752385cc7,COBYLA,O0,1103,1.970745340080617,1.3863062003951667,-0.5844391396854502,2.220446049250313e-16,True,True,False,1.970745340080617,0.003226397505697698,1.5470465534901308,1.3863062003951667,0.003486442228117262,1.5807111533898388,120,120.0,86,EVALUATION_BUDGET_EXHAUSTED,5.65879100933671
task-v2-7133b996bac7,g-a87f1b9ac089cc45,COBYLA,O0,1103,1.6109856523195583,1.3540388486205162,-0.2569468036990421,-2.220446049250313e-15,True,True,False,1.6109856523195583,0.00304611880174326,2.7261955001545064,1.3540388486205162,0.0009134792270133728,2.2031473386173315,120,120.0,94,EVALUATION_BUDGET_EXHAUSTED,125.19237234443426
task-v2-5b5a3995de2b,g-bd62d2d752385cc7,SLSQP,O0,3301,1.2435804469487002,1.4838979681313935,0.24031752118269334,2.220446049250313e-16,True,False,True,1.2435804469487002,0.008585904922794997,2.0512960012377492,1.4838979681313935,0.004066527800133036,1.726733671915143,120,,15,EVALUATION_BUDGET_EXHAUSTED,5.0698239877820015
task-v2-a0f813383468,g-60667963f6db3f1b,Nelder-Mead,O0,2207,1.8731123932932001,1.6906600871723287,-0.18245230612087138,0.0,True,True,False,1.8731123932932001,0.014764191457758633,0.7023883702853407,1.6906600871723287,0.0031220339288443822,0.027616320387043067,120,120.0,79,EVALUATION_BUDGET_EXHAUSTED,0.12131733633577824
task-v2-89b7591232ff,g-e0c69f84d376b633,COBYLA,O3,3301,0.9269301515743773,0.8985108514139774,-0.028419300160399952,0.0,True,True,False,1.7543533644581657,0.01330276768249154,3.0653606739273744,1.7474496951019454,0.015363445656807279,3.127907295812813,120,120.0,91,EVALUATION_BUDGET_EXHAUSTED,133.06772948149592
task-v2-6e79cb6720c5,g-e0c69f84d376b633,COBYLA,O3,3301,0.9859393106366849,0.9486111304971735,-0.03732818013951145,0.0,True,True,False,1.7953741200691562,0.00685163049232764,3.078242596367758,1.607177747237742,0.010146484121294864,3.2487642429541417,120,120.0,97,EVALUATION_BUDGET_EXHAUSTED,127.71556702349335
task-v2-0c6c4504c3d3,g-8a16a856f5377a40,SLSQP,O3,1103,0.06689146476037358,0.6328773494837934,0.5659858847234198,0.0,True,False,True,1.7335279201698743,0.09997517249567897,2.2143121014271965,1.614594832362111,0.043943698474664665,1.8573165453518539,120,,16,EVALUATION_BUDGET_EXHAUSTED,0.43700270075351
task-v2-11173062a501,g-a87f1b9ac089cc45,COBYLA,O0,3301,1.9791346474903695,1.4528233008049294,-0.5263113466854401,-6.661338147750939e-16,True,True,False,1.9791346474903695,0.0025011491737741243,2.339558261967276,1.4528233008049294,0.00618886513114054,2.733029685804656,120,120.0,89,EVALUATION_BUDGET_EXHAUSTED,122.15064391307533
task-v2-11173062a501,g-a87f1b9ac089cc45,COBYLA,O0,2207,1.8764988049451714,1.3827212609809618,-0.4937775439642096,-6.661338147750939e-16,True,True,False,1.8764988049451714,0.003243342028979264,2.452411417158689,1.3827212609809618,0.005188694978837096,2.656476808364105,120,120.0,94,EVALUATION_BUDGET_EXHAUSTED,125.23837907239795
task-v2-2d64318cb7be,g-6aa6775bed3bc2cc,SLSQP,O0,2207,1.537103439344352,1.583023893020263,0.04592045367591102,0.0,True,False,True,1.537103439344352,0.04288102182333528,1.341535086703188,1.583023893020263,0.0016959017452048714,-0.06132935192390018,120,,16,EVALUATION_BUDGET_EXHAUSTED,0.11534927040338516
task-v2-9f1427c2fbd8,g-3ff7063ef9ea5cfb,COBYLA,O3,2207,0.8700755934533022,0.8940301027817691,0.023954509328466878,0.0,True,False,True,1.596636599279873,0.022769937051239857,2.3956905102255557,1.6852996723289104,0.01689545993623862,2.2660986990826437,120,120.0,91,EVALUATION_BUDGET_EXHAUSTED,6.129322593100369
task-v2-2d64318cb7be,g-6aa6775bed3bc2cc,COBYLA,O0,1103,1.7297229423834921,1.622348278085267,-0.10737466429822518,0.0,True,True,False,1.7297229423834921,0.00867366053735777,0.6474723820584345,1.622348278085267,0.0003720006496668014,-0.7201863406840444,120,120.0,95,EVALUATION_BUDGET_EXHAUSTED,0.3193683559074998
task-v2-606c43f06406,g-3ff7063ef9ea5cfb,COBYLA,O0,2207,1.7781356444019862,1.4189007020840427,-0.3592349423179435,-2.220446049250313e-16,True,True,False,1.7781356444019862,0.005336597244086401,1.9416843668939434,1.4189007020840427,0.0011604029544626387,1.279028765170234,120,120.0,93,EVALUATION_BUDGET_EXHAUSTED,6.909095412120223
task-v2-e442db508705,g-548c8c6335dd2a2e,Nelder-Mead,O0,1103,1.611713180868823,1.6020412072921655,-0.0096719735766575,0.0,True,True,False,1.611713180868823,0.030670715761601634,0.5939338808663094,1.6020412072921655,0.0022300968708262926,-0.544466302034206,120,120.0,78,EVALUATION_BUDGET_EXHAUSTED,0.04739272594451904
task-v2-420d9636beee,g-e0c69f84d376b633,SLSQP,O3,1103,2.0250398015027837,1.0054145108353307,-1.019625290667453,0.0,True,True,False,2.4785603228034074,8.680467755342098e-05,1.6581130457979598,1.8314711994486597,0.004215568616595139,3.344426080299802,120,,16,EVALUATION_BUDGET_EXHAUSTED,115.81615740526468
task-v2-ac528a9510be,g-a712031e7959d564,Nelder-Mead,O0,2207,1.3972858089176068,1.4025430067776554,0.005257197860048635,0.0,True,False,True,1.3972858089176068,0.05690762812086948,2.0665004371304505,1.4025430067776554,0.00540730086396519,1.0443104868368316,120,120.0,74,EVALUATION_BUDGET_EXHAUSTED,0.398462631739676
task-v2-095187356858,g-3ff7063ef9ea5cfb,Nelder-Mead,O3,2207,0.9470601478856302,0.9049484020588031,-0.042111745826827085,0.0,True,True,False,1.7218385393821325,0.01256227263395633,2.614518149448722,1.6794906931657172,0.015651131941637694,2.709995687591689,120,120.0,76,EVALUATION_BUDGET_EXHAUSTED,6.0502489963546395
task-v2-cf1a83d8dbf9,g-bd62d2d752385cc7,SLSQP,O0,2207,1.4135037829658523,1.3445330568800493,-0.06897072608580301,-6.661338147750939e-16,True,True,False,1.4135037829658523,0.007524683144071677,1.9148168972396955,1.3445330568800493,0.007346108938863143,1.9043860446517704,120,,16,EVALUATION_BUDGET_EXHAUSTED,4.758507474325597
task-v2-7133b996bac7,g-a87f1b9ac089cc45,COBYLA,O0,3301,1.5262408579073055,1.4613437186978193,-0.06489713920948614,6.661338147750939e-16,True,True,False,1.5262408579073055,0.0036029014929233284,2.799101051117727,1.4613437186978193,0.0024472515008993004,2.6311272664284346,120,120.0,88,EVALUATION_BUDGET_EXHAUSTED,121.83113408274949
task-v2-e243a3cd3e64,g-bd62d2d752385cc7,COBYLA,O3,3301,1.058976184176215,0.9251845195166317,-0.13379166465958336,0.0,True,True,False,2.3269244963695366,0.0006471715992217494,0.7244093938739286,1.644508419017046,0.015562307414297058,2.105463933650645,120,120.0,89,EVALUATION_BUDGET_EXHAUSTED,8.288668966852129
task-v2-59a464f36e13,g-bd62d2d752385cc7,SLSQP,O0,3301,1.4569542967741678,1.4382295011797228,-0.018724795594444954,1.1102230246251565e-15,True,True,False,1.4569542967741678,8.426097888272734e-05,0.742106430761045,1.4382295011797228,0.00013086522005152046,0.9333041704004652,120,,16,EVALUATION_BUDGET_EXHAUSTED,6.858991634100676
task-v2-eb1005d46905,g-8a16a856f5377a40,COBYLA,O3,1103,0.6862623627864659,0.7444409291477545,0.0581785663612886,0.0,True,False,True,1.5755928085489734,0.03848020307908464,1.896567307662633,1.7746003037239797,0.03326378431477245,1.8333016082976854,120,120.0,90,EVALUATION_BUDGET_EXHAUSTED,0.6503780009225011
task-v2-f83834022ee2,g-553bb3c5ba0f2136,Nelder-Mead,O0,3301,1.4217277115628761,1.4833534277408371,0.061625716177960976,0.0,True,False,True,1.4217277115628761,0.19434051138405545,1.0947433151737416,1.4833534277408371,0.08726661206583304,0.747028089750373,120,120.0,76,EVALUATION_BUDGET_EXHAUSTED,0.057059723883867264
task-v2-8c0a098a6f8b,g-a712031e7959d564,COBYLA,O0,1103,1.6778686850078992,1.3319466578987553,-0.3459220271091439,0.0,True,True,False,1.6778686850078992,0.015058388401594078,1.2460703983409689,1.3319466578987553,0.006579492823855113,0.8864843211994924,120,120.0,90,EVALUATION_BUDGET_EXHAUSTED,0.8251515822485089
task-v2-f0ef0f25a74e,g-8a16a856f5377a40,Nelder-Mead,O0,3301,1.8666455382964457,1.3745978881561094,-0.49204765014033636,0.0,True,True,False,1.8666455382964457,0.006987581644609159,0.9795655885749472,1.3745978881561094,0.024827249115361768,1.5301672951948246,120,120.0,75,EVALUATION_BUDGET_EXHAUSTED,0.396657332777977
task-v2-e243a3cd3e64,g-bd62d2d752385cc7,Nelder-Mead,O0,1103,1.8921000780545354,1.3559162444758501,-0.5361838335786853,2.220446049250313e-16,True,True,False,1.8921000780545354,0.003483416453150178,1.45539534243489,1.3559162444758501,0.0052058275324908376,1.629879719597009,120,120.0,78,EVALUATION_BUDGET_EXHAUSTED,7.256947303190827
task-v2-7d4ec5aed494,g-a87f1b9ac089cc45,SLSQP,O3,3301,0.9789475482114574,0.9882199718159971,0.009272423604539726,0.0,True,False,True,1.699793631245947,0.00666779784366354,3.2425223462341592,1.606472324501226,0.005199948974997372,3.1345390040507293,120,,16,EVALUATION_BUDGET_EXHAUSTED,127.240792427212
task-v2-2d64318cb7be,g-6aa6775bed3bc2cc,Nelder-Mead,O0,1103,1.7297013226795561,1.5741636057601476,-0.15553771691940854,0.0,True,True,False,1.7297013226795561,0.00873526566515776,0.6505460786700015,1.5741636057601476,0.000738319182172495,-0.4224858871079416,120,120.0,75,EVALUATION_BUDGET_EXHAUSTED,0.10267737414687872
task-v2-780e1209d403,g-e0c69f84d376b633,COBYLA,O0,2207,1.6284727201229678,1.1645295030177358,-0.463943217105232,4.440892098500626e-16,True,True,False,1.6284727201229678,0.010188677619767507,2.6485064925022694,1.1645295030177358,0.0018040101713239676,1.8966276534088742,120,120.0,95,EVALUATION_BUDGET_EXHAUSTED,117.96806266158819
task-v2-7d4ec5aed494,g-a87f1b9ac089cc45,SLSQP,O0,2207,1.2236088225898423,1.9590397707762084,0.7354309481863661,-1.3322676295501878e-15,True,False,True,1.2236088225898423,0.0005108651067241936,2.1268461623229995,1.9590397707762084,0.004337481576990059,3.0557775651330585,120,,16,EVALUATION_BUDGET_EXHAUSTED,125.505152345635
task-v2-5b5a3995de2b,g-bd62d2d752385cc7,SLSQP,O0,1103,1.4203205970759862,1.2508838368846358,-0.16943676019135046,4.440892098500626e-16,True,True,False,1.4203205970759862,0.006655133772713295,1.9406667158004505,1.2508838368846358,0.001228871613871025,1.207016438710435,120,,16,EVALUATION_BUDGET_EXHAUSTED,5.586772169917822
task-v2-b5e00db3fe1a,g-3ff7063ef9ea5cfb,SLSQP,O3,3301,1.0740943212445149,0.8769576602605211,-0.19713666098399374,0.0,True,True,False,2.2811279821236354,0.002677356883609793,1.289943686376512,1.5389270708659326,0.018057948022878398,2.1189058198212374,120,,16,EVALUATION_BUDGET_EXHAUSTED,6.027245074510574
task-v2-606c43f06406,g-3ff7063ef9ea5cfb,SLSQP,O3,2207,0.8132629308844702,0.6787036615033512,-0.13455926938111906,0.0,True,True,False,1.7120922762673962,0.02628294589477698,2.634093980325944,1.6346512615190265,0.03883972299893693,2.803696063197457,120,,15,EVALUATION_BUDGET_EXHAUSTED,6.53872749209404
task-v2-b5e00db3fe1a,g-3ff7063ef9ea5cfb,SLSQP,O3,1103,1.0740943213294059,0.8713645855831897,-0.2027297357462161,0.0,True,True,False,2.281135571775907,0.0026774449508545593,1.289957971543218,1.5031580067383048,0.0182859035476956,2.124353845857527,120,,16,EVALUATION_BUDGET_EXHAUSTED,6.235046602785587
task-v2-0b71cbcaebc2,g-3ff7063ef9ea5cfb,COBYLA,O0,1103,1.5682572142411995,1.5260408013747164,-0.04221641286648303,-4.440892098500626e-16,True,True,False,1.5682572142411995,0.0012391272122281823,1.432474570442085,1.5260408013747164,0.001117036940793228,1.3874262115240112,120,120.0,87,EVALUATION_BUDGET_EXHAUSTED,5.304367484524846
task-v2-095187356858,g-3ff7063ef9ea5cfb,COBYLA,O0,1103,1.66331531697027,1.5748019252019128,-0.08851339176835715,-1.3322676295501878e-15,True,True,False,1.66331531697027,0.0018167055622614766,1.7747344808440548,1.5748019252019128,0.00024334734494362926,0.9016765471680852,120,120.0,94,EVALUATION_BUDGET_EXHAUSTED,5.265502913855016
task-v2-095187356858,g-3ff7063ef9ea5cfb,SLSQP,O0,1103,1.4182822283479906,1.236178152442089,-0.1821040759059016,2.220446049250313e-16,True,True,False,1.4182822283479906,0.00026418654034606755,0.9373606225670137,1.236178152442089,4.6556556265171415e-06,-0.8165692164728819,120,,16,EVALUATION_BUDGET_EXHAUSTED,6.097975678741932
task-v2-5acbf653f95a,g-a712031e7959d564,Nelder-Mead,O0,2207,1.4851472717837053,1.3743163506443248,-0.11083092113938053,0.0,True,True,False,1.4851472717837053,0.027503411270196437,2.0517465110323365,1.3743163506443248,0.001326100425456606,0.7349363623609287,120,120.0,76,EVALUATION_BUDGET_EXHAUSTED,0.3938455982133746
task-v2-0b71cbcaebc2,g-3ff7063ef9ea5cfb,Nelder-Mead,O0,2207,1.503365206818434,1.533994428110911,0.030629221292477027,0.0,True,False,True,1.503365206818434,0.009292965984031445,2.3075130233655883,1.533994428110911,0.0008118268438735887,1.2488220835079027,120,120.0,76,EVALUATION_BUDGET_EXHAUSTED,6.007754113525152
task-v2-3cd2eda112d3,g-6aa6775bed3bc2cc,Nelder-Mead,O3,3301,1.1182878516743084,0.6407872181447217,-0.4775006335295867,0.0,True,True,False,2.185587192912166,0.011845820762677099,0.6067438590306465,1.7852608670661436,0.047991030076283143,1.2143387736205362,120,120.0,72,EVALUATION_BUDGET_EXHAUSTED,0.11880841478705406
task-v2-b9b3757d64c0,g-a87f1b9ac089cc45,SLSQP,O0,2207,1.2226249407381815,1.2285225189883306,0.005897578250149138,1.1102230246251565e-15,True,False,True,1.2226249407381815,0.0007999776603297003,2.0205877856158696,1.2285225189883306,0.0007374891094204055,1.9852655377127357,120,,16,EVALUATION_BUDGET_EXHAUSTED,116.93929916061461
task-v2-5b0627539151,g-a712031e7959d564,SLSQP,O3,3301,1.218431344864147,0.057335498229412564,-1.1610958466347345,0.0,True,True,False,2.4703935740124523,0.0006035308550781297,-0.004880582712275399,1.7468288096848121,0.09745210371377688,2.203211158033352,120,,15,EVALUATION_BUDGET_EXHAUSTED,0.486969655379653
task-v2-780e1209d403,g-e0c69f84d376b633,COBYLA,O0,3301,1.7050402252697565,1.3826299160133737,-0.3224103092563828,-4.440892098500626e-16,True,True,False,1.7050402252697565,0.009763563460249201,2.6299970249593017,1.3826299160133737,0.011952682485662364,2.717854054507792,120,120.0,91,EVALUATION_BUDGET_EXHAUSTED,115.59067448880523
task-v2-f0ef0f25a74e,g-8a16a856f5377a40,COBYLA,O3,2207,0.3458478483045434,0.4947383060538203,0.1488904577492769,0.0,True,False,True,1.8895150284814544,0.07164511365499912,1.9904252692091773,1.6282423711050895,0.05764062924917418,1.8959674065065177,120,120.0,91,EVALUATION_BUDGET_EXHAUSTED,0.6156168403103948
task-v2-5acbf653f95a,g-a712031e7959d564,COBYLA,O0,1103,1.545506989430606,1.3176497183614027,-0.22785727106920328,0.0,True,True,False,1.545506989430606,0.011464763766062246,1.6717250583941685,1.3176497183614027,6.200525054303185e-05,-0.5952115853514395,120,120.0,94,EVALUATION_BUDGET_EXHAUSTED,0.6504444284364581
task-v2-4d2b9f5eb099,g-6aa6775bed3bc2cc,Nelder-Mead,O3,1103,0.9885456552567424,0.997988890276262,0.009443235019519602,0.0,True,False,True,1.9840423466244355,0.013832465526738448,1.1511995531789265,2.0754687400812895,0.014437844789208563,1.169802325357432,120,120.0,71,EVALUATION_BUDGET_EXHAUSTED,0.11796342674642801
task-v2-5f165c277bb9,g-e0c69f84d376b633,COBYLA,O3,1103,0.920766877347699,0.8654207075625856,-0.05534616978511342,0.0,True,True,False,1.5610835806924186,0.01379940919210059,2.956340423539196,1.605763546811221,0.019096326002127798,3.097429750725701,120,120.0,91,EVALUATION_BUDGET_EXHAUSTED,130.14211973827332
task-v2-f6d986d24578,g-bd62d2d752385cc7,COBYLA,O0,2207,1.7539937947763315,1.3272841373929707,-0.42670965738336086,-1.1102230246251565e-15,True,True,False,1.7539937947763315,0.005216777676183236,2.0567610046593403,1.3272841373929707,0.0024571604030962143,1.7297921839941086,120,120.0,90,EVALUATION_BUDGET_EXHAUSTED,6.022211593575776
task-v2-69173fedcdae,g-8a16a856f5377a40,SLSQP,O3,3301,1.0158115049147125,0.19566479499898334,-0.8201467099157291,0.0,True,True,False,1.9393349355928096,0.008091721283344068,0.9763328188444985,1.3576783917938342,0.08818855423352204,2.0137041264388373,120,,16,EVALUATION_BUDGET_EXHAUSTED,0.5347811179235578
task-v2-3f363bac5736,g-60667963f6db3f1b,Nelder-Mead,O3,3301,0.994046497897422,0.8960063923735179,-0.09804010552390419,0.0,True,True,False,2.1414343055679783,0.016921528805503166,1.2387395542198896,2.059662248311432,0.019607213775412746,1.302715840571022,120,120.0,75,EVALUATION_BUDGET_EXHAUSTED,0.10600490774959326
task-v2-0c6c4504c3d3,g-8a16a856f5377a40,COBYLA,O3,3301,0.9094569698917839,0.0645624331392877,-0.8448945367524963,0.0,True,True,False,1.9240445284656333,0.019401737284108607,1.5022605588713849,1.7945028523708748,0.10013296361200413,2.2149970093639686,120,120.0,90,EVALUATION_BUDGET_EXHAUSTED,0.6417381567880511
task-v2-f5c9b9bdeb27,g-a87f1b9ac089cc45,SLSQP,O3,1103,1.0947495563234264,1.0279755399809567,-0.06677401634246971,0.0,True,True,False,2.3626738333404385,0.0005153453404858099,1.4316682713255986,1.7292506632238316,0.0018912680569664856,1.9963230051126986,120,,16,EVALUATION_BUDGET_EXHAUSTED,115.45558100752532
task-v2-526a936f38d9,g-e0c69f84d376b633,SLSQP,O3,3301,0.8607332692299666,0.897791700631583,0.037058431401616354,0.0,True,False,True,1.6453705790204922,0.018937163537937327,3.3948248559669163,1.676239946876644,0.015196183453001047,3.2992444541385866,120,,16,EVALUATION_BUDGET_EXHAUSTED,103.7870320584625
task-v2-b5e00db3fe1a,g-3ff7063ef9ea5cfb,Nelder-Mead,O0,2207,1.3005366542707752,1.3319939243801011,0.03145727010932586,6.661338147750939e-16,True,False,True,1.3005366542707752,0.026469479999841204,2.2849828307358995,1.3319939243801011,0.00488144105642387,1.5507854707415878,120,120.0,78,EVALUATION_BUDGET_EXHAUSTED,7.204399852082133
task-v2-0b71cbcaebc2,g-3ff7063ef9ea5cfb,COBYLA,O0,2207,1.7024822233304118,1.4308215752990043,-0.27166064803140744,0.0,True,True,False,1.7024822233304118,0.005620619443388227,2.089142857313052,1.4308215752990043,0.001222553778858366,1.4266266482786099,120,120.0,90,EVALUATION_BUDGET_EXHAUSTED,6.143419996835291
task-v2-9f1427c2fbd8,g-3ff7063ef9ea5cfb,SLSQP,O3,2207,1.0202708983681759,0.650983709372317,-0.3692871889958589,0.0,True,True,False,2.006476266213581,0.007292635007172483,1.9012131581198448,1.5418672758358745,0.04177947473002791,2.6592916557770114,120,,16,EVALUATION_BUDGET_EXHAUSTED,5.472938450053334
task-v2-e449b07a1126,g-e0c69f84d376b633,SLSQP,O0,1103,1.3587763484287403,1.1943790357545885,-0.1643973126741518,4.884981308350689e-15,True,True,False,1.3587763484287403,0.0003248586698350342,1.9302343836680105,1.1943790357545885,4.918277515993969e-05,1.110352952304839,120,,16,EVALUATION_BUDGET_EXHAUSTED,126.8037968929857
task-v2-420d9636beee,g-e0c69f84d376b633,COBYLA,O0,2207,1.794732028150126,1.413188144521911,-0.381543883628215,3.9968028886505635e-15,True,True,False,1.794732028150126,0.001584373334892602,2.9194274422047193,1.413188144521911,0.00022441895475889824,2.070629452907183,120,120.0,95,EVALUATION_BUDGET_EXHAUSTED,117.28021418023854
task-v2-0c6c4504c3d3,g-8a16a856f5377a40,Nelder-Mead,O0,2207,1.3530203254489013,1.3560504698603566,0.0030301444114553266,0.0,True,False,True,1.3530203254489013,0.061186665048569386,2.0010767221136656,1.3560504698603566,0.005564712904374599,0.9598627023488187,120,120.0,76,EVALUATION_BUDGET_EXHAUSTED,0.4334610551595688
task-v2-9f1427c2fbd8,g-3ff7063ef9ea5cfb,SLSQP,O0,1103,1.6371324434704944,1.4146844999523154,-0.22244794351817898,-8.881784197001252e-16,True,True,False,1.6371324434704944,0.010751274876765379,2.0697886458048003,1.4146844999523154,0.004028084478378206,1.6434272503909433,120,,16,EVALUATION_BUDGET_EXHAUSTED,5.734003677032888
task-v2-5acbf653f95a,g-a712031e7959d564,COBYLA,O3,1103,0.9468216440004262,0.7971191624070615,-0.14970248159336474,0.0,True,True,False,1.9893110808446486,0.014248287901834526,1.7661226298942438,1.7598085057435902,0.02644740657411546,2.0347430396217034,120,120.0,86,EVALUATION_BUDGET_EXHAUSTED,0.5735804364085197
task-v2-d7382a83ef13,g-548c8c6335dd2a2e,SLSQP,O0,2207,1.5762535084465357,1.5500409090018232,-0.026212599444712437,0.0,True,True,False,1.5762535084465357,0.10175378909722341,0.8137305643958976,1.5500409090018232,0.1792118552117239,1.0595467096823876,120,,15,EVALUATION_BUDGET_EXHAUSTED,0.05305601004511118
task-v2-4968f3a685c2,g-8a16a856f5377a40,COBYLA,O3,3301,1.034297015413787,1.022600759029512,-0.01169625638427485,0.0,True,True,False,1.8646527689428098,0.004065208494492502,1.5224727680232373,1.8722289205140805,0.004455953125141913,1.5623305572159012,90,90.0,58,EARLY_CONVERGENCE,0.5871060853824019
task-v2-0b71cbcaebc2,g-3ff7063ef9ea5cfb,Nelder-Mead,O0,1103,1.4514034698904763,1.5470468222157734,0.09564335232529708,6.661338147750939e-16,True,False,True,1.4514034698904763,0.0011308423514225215,1.392760740883066,1.5470468222157734,0.001332288142928364,1.463956838689143,120,120.0,75,EVALUATION_BUDGET_EXHAUSTED,6.127146054059267
task-v2-095187356858,g-3ff7063ef9ea5cfb,Nelder-Mead,O3,3301,1.0267851959217487,1.0167936404484281,-0.009991555473320535,0.0,True,True,False,1.6745158768227348,0.004649568135018987,2.1828625512285313,1.7468519965071427,0.0036761206568752067,2.0808396922317773,120,120.0,73,EVALUATION_BUDGET_EXHAUSTED,5.804681699723005
task-v2-095187356858,g-3ff7063ef9ea5cfb,COBYLA,O3,3301,1.0757841770971783,1.0194024772975474,-0.056381699799630924,0.0,True,True,False,2.190210989487009,0.002001090830153822,1.8167167368089854,1.7287673449966177,0.003232686973802983,2.0250135881850215,120,120.0,92,EVALUATION_BUDGET_EXHAUSTED,5.743544097058475
task-v2-c95d7e1ff6e7,g-a87f1b9ac089cc45,SLSQP,O3,2207,0.9605700497994072,0.9501837974037703,-0.010386252395636841,0.0,True,True,False,1.5169191759146539,0.009164439532535904,2.778585840689004,1.6122142760256106,0.011418632183556012,2.8740940143311087,120,,15,EVALUATION_BUDGET_EXHAUSTED,125.60531248524785
task-v2-3cd2eda112d3,g-6aa6775bed3bc2cc,Nelder-Mead,O0,2207,1.2772412452539408,1.7333469857430355,0.4561057404890947,0.0,True,False,True,1.2772412452539408,0.08640678197211193,1.4697265330271918,1.7333469857430355,0.03950999884377074,1.129885718892307,120,120.0,79,EVALUATION_BUDGET_EXHAUSTED,0.12131286598742008
task-v2-526a936f38d9,g-e0c69f84d376b633,Nelder-Mead,O0,3301,1.5391778256666429,1.4561314794885538,-0.08304634617808904,-7.327471962526033e-15,True,True,False,1.5391778256666429,0.0160299439032869,3.322441928832993,1.4561314794885538,0.0013900221099760115,2.26053163457358,120,120.0,75,EVALUATION_BUDGET_EXHAUSTED,129.2696874793619
task-v2-7133b996bac7,g-a87f1b9ac089cc45,COBYLA,O0,2207,1.4773897036020434,1.4792694609278256,0.001879757325782272,-2.4424906541753444e-15,True,False,True,1.4773897036020434,0.0024531836451016052,2.632178723564215,1.4792694609278256,0.002762253457569013,2.683712188758198,120,120.0,88,EVALUATION_BUDGET_EXHAUSTED,124.11418128293008
task-v2-5b5a3995de2b,g-bd62d2d752385cc7,Nelder-Mead,O3,1103,1.0620004273527228,0.9461573142431248,-0.11584311310959805,0.0,True,True,False,2.2125129801493824,0.0024626390475454406,1.5089106876408214,1.4723736024844063,0.01081437041214254,2.151511167169462,120,120.0,65,EVALUATION_BUDGET_EXHAUSTED,5.0341167924925685
task-v2-f5c9b9bdeb27,g-a87f1b9ac089cc45,COBYLA,O0,1103,1.839792233056084,1.3126185126914587,-0.5271737203646254,-6.661338147750939e-16,True,True,False,1.839792233056084,0.0011279485625247285,1.7718592127230504,1.3126185126914587,0.006366673913268903,2.523482524461651,120,120.0,85,EVALUATION_BUDGET_EXHAUSTED,116.05571762938052
task-v2-89b7591232ff,g-e0c69f84d376b633,Nelder-Mead,O0,2207,1.5243711521535157,1.435108774020219,-0.08926237813329663,-5.995204332975845e-15,True,True,False,1.5243711521535157,0.019046264061788738,3.221228468426499,1.435108774020219,0.002735579167678839,2.378467955012477,120,120.0,78,EVALUATION_BUDGET_EXHAUSTED,132.31970649864525
task-v2-7133b996bac7,g-a87f1b9ac089cc45,SLSQP,O0,1103,1.2238484423341875,1.173897798703493,-0.04995064363069446,3.3306690738754696e-15,True,True,False,1.2238484423341875,0.0007359624423486222,2.1093043148735156,1.173897798703493,0.0005112378980144574,1.9510717034463447,120,,16,EVALUATION_BUDGET_EXHAUSTED,123.8625134434551
task-v2-73f419868dc6,g-553bb3c5ba0f2136,Nelder-Mead,O3,2207,0.5592044680475013,0.046511627906976744,-0.5126928401405246,0.0,True,True,False,1.909708762504226,0.057198972506533594,0.3874769423444715,1.2830369633883003,0.23646206990642477,1.0038502018563995,120,120.0,72,EVALUATION_BUDGET_EXHAUSTED,0.0546602439135313
task-v2-a0f813383468,g-60667963f6db3f1b,COBYLA,O0,3301,1.4806873180336946,1.6957575501871998,0.21507023215350518,0.0,True,False,True,1.4806873180336946,0.058422543826210926,1.299759164958812,1.6957575501871998,0.0989222287664426,1.528472594587809,120,120.0,93,EVALUATION_BUDGET_EXHAUSTED,0.2882476905360818
task-v2-11173062a501,g-a87f1b9ac089cc45,COBYLA,O3,2207,1.0005276733280277,0.9750199862067307,-0.02550768712129703,0.0,True,True,False,1.7628549306621009,0.009948485355292774,2.9391756322078137,1.5050635884005723,0.007188661260059076,2.7980666867521204,120,120.0,88,EVALUATION_BUDGET_EXHAUSTED,127.58147736731917
task-v2-a0f813383468,g-60667963f6db3f1b,SLSQP,O3,1103,1.0658402959183972,0.07501647369239413,-0.9908238222260031,0.0,True,True,False,2.384715761199968,0.010582057781084127,0.5577488304956512,1.9233354745093822,0.10548967877447568,1.5563886717854392,120,,15,EVALUATION_BUDGET_EXHAUSTED,0.10674627590924501
task-v2-e449b07a1126,g-e0c69f84d376b633,SLSQP,O0,2207,1.3587763481215944,1.3268834473707192,-0.03189290075087525,-3.552713678800501e-15,True,True,False,1.3587763481215944,0.000324828120667669,1.9301935414190463,1.3268834473707192,0.00033241218742476253,1.9402168601512586,120,,16,EVALUATION_BUDGET_EXHAUSTED,123.02894572168589
task-v2-526a936f38d9,g-e0c69f84d376b633,COBYLA,O0,3301,1.5833497899759237,1.4753860319120142,-0.10796375806390945,3.3306690738754696e-15,True,True,False,1.5833497899759237,0.0034634503302007026,2.657018890030588,1.4753860319120142,0.002193409597259232,2.4586296656803217,120,120.0,90,EVALUATION_BUDGET_EXHAUSTED,131.66163231991231
task-v2-5b5a3995de2b,g-bd62d2d752385cc7,COBYLA,O0,2207,1.5700904640426723,1.2351989414096745,-0.3348915226329978,8.881784197001252e-16,True,True,False,1.5700904640426723,0.011272174739023486,2.1695176387883297,1.2351989414096745,0.003945343288135014,1.7135947238600902,120,120.0,90,EVALUATION_BUDGET_EXHAUSTED,5.143880060873926
task-v2-4d2b9f5eb099,g-6aa6775bed3bc2cc,COBYLA,O0,1103,1.8053147988745515,1.6199367612639999,-0.1853780376105516,0.0,True,True,False,1.8053147988745515,0.0051671001618119146,0.7235468368618039,1.6199367612639999,0.0007063208738049691,-0.1406980022734563,120,120.0,94,EVALUATION_BUDGET_EXHAUSTED,0.2915226127952337
task-v2-69173fedcdae,g-8a16a856f5377a40,Nelder-Mead,O0,1103,1.6793907358882436,1.3676354804818311,-0.31175525540641247,0.0,True,True,False,1.6793907358882436,0.015536666605358292,1.2596497501166766,1.3676354804818311,0.010584828497234088,1.092975729288161,120,120.0,69,EVALUATION_BUDGET_EXHAUSTED,0.6241672299802303
task-v2-c95d7e1ff6e7,g-a87f1b9ac089cc45,COBYLA,O3,1103,1.054627037819342,0.9092197641282962,-0.1454072736910459,0.0,True,True,False,1.8505271829119132,0.0011055314696734341,1.8600510401897177,1.2978115889617015,0.013972393447658726,2.96175073702971,120,120.0,86,EVALUATION_BUDGET_EXHAUSTED,128.5407996373251
task-v2-f0ef0f25a74e,g-8a16a856f5377a40,SLSQP,O3,2207,0.0846961665600866,0.4417803687661595,0.3570842022060729,0.0,True,False,True,1.3075325303999277,0.09849787981971259,2.1286655755984203,1.6854723585914309,0.06288621970874846,1.933794181934757,120,,16,EVALUATION_BUDGET_EXHAUSTED,0.42210437171161175
task-v2-7d4ec5aed494,g-a87f1b9ac089cc45,COBYLA,O0,3301,1.527733837653985,1.4687721802168676,-0.058961657437117454,-5.995204332975845e-15,True,True,False,1.527733837653985,0.0020162891086915324,2.723092726167256,1.4687721802168676,0.0020913831571948436,2.7389735280889616,120,120.0,90,EVALUATION_BUDGET_EXHAUSTED,122.47322292253375
task-v2-e449b07a1126,g-e0c69f84d376b633,SLSQP,O3,3301,0.9590445672426614,0.9919047683418126,0.03286020109915122,0.0,True,False,True,1.6511122059264227,0.008739761726021738,3.3600395144848587,1.8110113087945194,0.005987079194382905,3.1957549247868435,120,,15,EVALUATION_BUDGET_EXHAUSTED,119.52386761084199
task-v2-e243a3cd3e64,g-bd62d2d752385cc7,Nelder-Mead,O3,1103,1.0660826608492864,0.8750419318662942,-0.19104072898299218,0.0,True,True,False,2.3559844053090258,0.00032948613577078257,0.431227088555947,1.437828730009723,0.01981635314112179,2.210413676706607,120,120.0,75,EVALUATION_BUDGET_EXHAUSTED,7.060333725064993
task-v2-5acbf653f95a,g-a712031e7959d564,Nelder-Mead,O0,3301,1.5831404884138398,1.4803034525060486,-0.10283703590779125,0.0,True,True,False,1.5831404884138398,0.01486059172018904,1.7843960505078504,1.4803034525060486,0.004407345228135394,1.256537018174085,120,120.0,75,EVALUATION_BUDGET_EXHAUSTED,0.3813696103170514
task-v2-3f11ce371857,g-3ff7063ef9ea5cfb,SLSQP,O3,1103,0.9800207212236769,2.294356972660377,1.3143362514367003,0.0,True,False,True,1.77298957150996,0.007067575966826348,2.6657504158851757,2.7314998806810813,8.610897514336553e-06,-0.24847164902492197,120,,16,EVALUATION_BUDGET_EXHAUSTED,6.800447472371161
task-v2-8792ce3c54d5,g-a712031e7959d564,COBYLA,O3,1103,0.9164706367732431,0.9130081910637835,-0.0034624457094596384,0.0,True,True,False,1.8778862760685684,0.014899601296381066,2.086564590762261,1.8125012728022578,0.015071150579248944,2.091536352624845,120,120.0,89,EVALUATION_BUDGET_EXHAUSTED,0.7498442446812987
task-v2-095187356858,g-3ff7063ef9ea5cfb,SLSQP,O0,2207,1.540674906335313,1.4303658506385701,-0.11030905569674276,6.661338147750939e-16,True,True,False,1.540674906335313,0.005831869263969896,2.2812577145747004,1.4303658506385701,0.00041454027240380483,1.1330166634120924,120,,16,EVALUATION_BUDGET_EXHAUSTED,5.554807416163385
task-v2-f0ef0f25a74e,g-8a16a856f5377a40,SLSQP,O0,1103,1.377592230066082,1.7833669272208832,0.4057746971548013,0.0,True,False,True,1.377592230066082,0.032171973704554255,1.6427163983124453,1.7833669272208832,0.04401484059546519,1.778837826598532,120,,16,EVALUATION_BUDGET_EXHAUSTED,0.41443326883018017
task-v2-095187356858,g-3ff7063ef9ea5cfb,Nelder-Mead,O0,3301,1.522949760265208,1.5672515764728239,0.04430181620761586,2.220446049250313e-16,True,False,True,1.522949760265208,0.0068564950652795316,2.3515521027367083,1.5672515764728239,0.0010432223245325821,1.5338268071719223,120,120.0,75,EVALUATION_BUDGET_EXHAUSTED,5.762774968519807
task-v2-2d64318cb7be,g-6aa6775bed3bc2cc,COBYLA,O0,2207,1.4893052262116555,1.6682987917912833,0.17899356557962776,0.0,True,False,True,1.4893052262116555,0.025529712997188522,1.1163158935067583,1.6682987917912833,0.020650275413026324,1.0241958091987566,120,120.0,89,EVALUATION_BUDGET_EXHAUSTED,0.31708080880343914
task-v2-c95d7e1ff6e7,g-a87f1b9ac089cc45,SLSQP,O0,1103,1.9459533003752023,1.3151551213420818,-0.6307981790331205,-4.440892098500626e-16,True,True,False,1.9459533003752023,0.0013452733414305474,1.945290466719702,1.3151551213420818,0.006337365314037117,2.618388673143863,120,,16,EVALUATION_BUDGET_EXHAUSTED,124.75957551319152
task-v2-c95d7e1ff6e7,g-a87f1b9ac089cc45,COBYLA,O0,3301,1.9529558458667269,1.4866345391613343,-0.4663213067053926,1.1102230246251565e-15,True,True,False,1.9529558458667269,0.0027411758965807053,2.254416834993331,1.4866345391613343,0.0040517642273360105,2.4241240963973123,120,120.0,97,EVALUATION_BUDGET_EXHAUSTED,120.98123765643686
task-v2-5b0627539151,g-a712031e7959d564,Nelder-Mead,O3,2207,0.3566495233410401,0.3924335251498022,0.03578400180876207,0.0,True,False,True,1.4006236888122041,0.06982277117882767,2.0584170207230525,1.5951258399132635,0.06605994421470968,2.034358141904932,120,120.0,71,EVALUATION_BUDGET_EXHAUSTED,0.4515357119962573
task-v2-3f11ce371857,g-3ff7063ef9ea5cfb,Nelder-Mead,O3,2207,0.9515304924831293,0.997473321467337,0.04594282898420776,0.0,True,False,True,1.9400195932440374,0.011349918730346287,2.871472682453412,2.0315648097079277,0.0065999209737422565,2.6360186660332743,120,120.0,78,EVALUATION_BUDGET_EXHAUSTED,6.8906927509233356
task-v2-526a936f38d9,g-e0c69f84d376b633,COBYLA,O3,1103,0.9589542413215979,0.9551304984432454,-0.0038237428783525207,0.0,True,True,False,1.7911050996877156,0.009688551086262964,3.1037687598615964,1.745749292915043,0.009484632817952832,3.0945304488372307,120,120.0,92,EVALUATION_BUDGET_EXHAUSTED,131.15259102359414
task-v2-b9b3757d64c0,g-a87f1b9ac089cc45,COBYLA,O0,1103,1.5307227802314722,1.3630556625073933,-0.16766711772407894,-3.774758283725532e-15,True,True,False,1.5307227802314722,0.0029056459475510317,2.5807526207670577,1.3630556625073933,0.0013706407645346103,2.2544335704107965,120,120.0,92,EVALUATION_BUDGET_EXHAUSTED,116.0791329909116
task-v2-9f1427c2fbd8,g-3ff7063ef9ea5cfb,Nelder-Mead,O0,1103,1.8965505996112004,1.2864529836075107,-0.6100976160036897,6.661338147750939e-16,True,True,False,1.8965505996112004,0.004846083288780882,1.7237195542485384,1.2864529836075107,0.001577899867187229,1.2364081198562635,120,120.0,77,EVALUATION_BUDGET_EXHAUSTED,5.846427643671632
task-v2-b5e00db3fe1a,g-3ff7063ef9ea5cfb,COBYLA,O3,1103,1.079634887739199,0.922600459565483,-0.15703442817371605,0.0,True,True,False,2.1782618414956865,0.0024462494702926912,1.2507381658089454,1.5786243470114734,0.014997283724864337,2.038250028898368,120,120.0,93,EVALUATION_BUDGET_EXHAUSTED,6.977980294264853
task-v2-9f1427c2fbd8,g-3ff7063ef9ea5cfb,COBYLA,O0,1103,1.924965264979353,1.4713678782982342,-0.4535973866811187,-4.440892098500626e-16,True,True,False,1.924965264979353,0.003921224088203267,1.6317503420988646,1.4713678782982342,0.002250354606122288,1.390579638950418,120,120.0,93,EVALUATION_BUDGET_EXHAUSTED,6.321302019059658
task-v2-07b8f456a957,g-3ff7063ef9ea5cfb,SLSQP,O0,3301,1.858664535655662,1.3480545617595379,-0.5106099738961241,-4.440892098500626e-16,True,True,False,1.858664535655662,0.0044370261819574475,1.5604819350361845,1.3480545617595379,0.006818797087102327,1.7470977105886423,120,,14,EVALUATION_BUDGET_EXHAUSTED,5.344810391776264
task-v2-4d2b9f5eb099,g-6aa6775bed3bc2cc,Nelder-Mead,O3,2207,0.9885346300813092,0.7002239077862489,-0.2883107222950603,0.0,True,True,False,1.9862819880631415,0.01383899646803109,1.1514045551277379,1.8920222392566508,0.040164548176692814,1.614142842455038,120,120.0,74,EVALUATION_BUDGET_EXHAUSTED,0.11485804338008165
task-v2-8c0a098a6f8b,g-a712031e7959d564,Nelder-Mead,O0,3301,1.67818015384715,1.3839723467268659,-0.29420780712028405,0.0,True,True,False,1.67818015384715,0.014936343799513323,1.242536205111354,1.3839723467268659,0.004504332167874151,0.7219223132928414,120,120.0,74,EVALUATION_BUDGET_EXHAUSTED,0.5026000626385212
task-v2-8f4071cbe937,g-8a16a856f5377a40,COBYLA,O0,2207,1.6202989612526353,1.3108031780041065,-0.3094957832485288,0.0,True,True,False,1.6202989612526353,0.010250486705747974,1.6231044346866144,1.3108031780041065,7.015793666623745e-05,-0.541563244018088,120,120.0,90,EVALUATION_BUDGET_EXHAUSTED,0.5888470988720655
task-v2-5f165c277bb9,g-e0c69f84d376b633,SLSQP,O3,3301,0.862173477494372,0.8289335679283013,-0.0332399095660707,0.0,True,True,False,1.6722466370820885,0.018887164294188255,3.09264668876616,1.5256150031709788,0.022473144172841686,3.1681437685697023,120,,15,EVALUATION_BUDGET_EXHAUSTED,107.1236021546647
task-v2-cf1a83d8dbf9,g-bd62d2d752385cc7,SLSQP,O3,2207,0.9961962199376998,0.5643991091886367,-0.43179711074906313,0.0,True,True,False,1.7695587072860668,0.006465721806500921,1.848945695006675,1.4015796263182843,0.0526862941262083,2.760026332273845,120,,16,EVALUATION_BUDGET_EXHAUSTED,4.931100107729435
task-v2-5d31ef4af595,g-bd62d2d752385cc7,Nelder-Mead,O0,3301,1.3327715552053754,1.4172336120779307,0.08446205687255537,-6.661338147750939e-16,True,False,True,1.3327715552053754,0.015629537325239987,2.408366061264425,1.4172336120779307,0.004039172691829532,1.820712360800795,120,120.0,68,EVALUATION_BUDGET_EXHAUSTED,7.4291224321350455
task-v2-89b7591232ff,g-e0c69f84d376b633,COBYLA,O0,1103,1.4370761685864466,1.3942945361815509,-0.04278163240489574,4.884981308350689e-15,True,True,False,1.4370761685864466,0.0038533090904339113,2.5272525142636555,1.3942945361815509,0.0021381652350356624,2.27145993119706,120,120.0,96,EVALUATION_BUDGET_EXHAUSTED,130.35995793994516
task-v2-f4789f22d2c1,g-6aa6775bed3bc2cc,Nelder-Mead,O3,2207,1.0867944425513107,0.0755813953488372,-1.0112130472024736,0.0,True,True,False,1.9266485152360984,0.014795613674893555,0.5783729483328521,1.2425984075539613,0.164830621797653,1.6252778622503432,120,120.0,65,EVALUATION_BUDGET_EXHAUSTED,0.11438463348895311
task-v2-d7382a83ef13,g-548c8c6335dd2a2e,COBYLA,O3,3301,0.049591011891591416,0.023255813953488372,-0.026335197938103044,0.0,True,True,False,1.9557429843403635,0.11341744087208652,0.8608598177126531,1.6367332055882575,0.1570148442172138,1.0021206866279961,45,45.0,33,EARLY_CONVERGENCE,0.07625257037580013
task-v2-5de325b6f026,g-8a16a856f5377a40,SLSQP,O0,2207,1.4616226492916988,1.2940937502188459,-0.16752889907285295,0.0,True,True,False,1.4616226492916988,0.027951004169320552,1.8826661039023689,1.2940937502188459,0.00010241848389222155,-0.5533529684326812,120,,16,EVALUATION_BUDGET_EXHAUSTED,0.40552235394716263
task-v2-59a464f36e13,g-bd62d2d752385cc7,SLSQP,O3,2207,0.9541804070456792,0.9781234063764028,0.023942999330723636,0.0,True,False,True,1.8461547376457743,0.012396666545793085,2.909784850028425,1.7961061121008433,0.008115057941642537,2.7257715556665154,120,,16,EVALUATION_BUDGET_EXHAUSTED,6.266392878256738
task-v2-cf1a83d8dbf9,g-bd62d2d752385cc7,COBYLA,O0,3301,1.881596736051143,1.4902086776883716,-0.39138805836277135,-6.661338147750939e-16,True,True,False,1.881596736051143,0.0026433238501813168,1.4604790547719264,1.4902086776883716,0.00875363541040298,1.9805171344948158,120,120.0,92,EVALUATION_BUDGET_EXHAUSTED,5.170807941816747
task-v2-5d31ef4af595,g-bd62d2d752385cc7,COBYLA,O0,3301,1.4441119969680343,1.492464200710939,0.04835220374290472,0.0,True,False,True,1.4441119969680343,0.013220345009525354,2.3356627283166085,1.492464200710939,0.006315462205708614,2.014825079783777,120,120.0,92,EVALUATION_BUDGET_EXHAUSTED,7.409156387671828
task-v2-7133b996bac7,g-a87f1b9ac089cc45,SLSQP,O0,3301,1.223850748043438,1.2164181373320087,-0.0074326107114293105,5.10702591327572e-15,True,True,False,1.223850748043438,0.0007337484996822158,2.1079958891374764,1.2164181373320087,0.0006790454772580439,2.0743475238640174,120,,16,EVALUATION_BUDGET_EXHAUSTED,123.51558174565434
task-v2-5b0627539151,g-a712031e7959d564,Nelder-Mead,O0,1103,1.782675127842249,1.2970479558060173,-0.48562717203623174,0.0,True,True,False,1.782675127842249,0.01392859351569357,1.3583272036585154,1.2970479558060173,0.004238580421636686,0.8416403670489896,120,120.0,73,EVALUATION_BUDGET_EXHAUSTED,0.43810997623950243
task-v2-780e1209d403,g-e0c69f84d376b633,SLSQP,O3,2207,0.7896000968871465,0.5355486535720491,-0.25405144331509744,0.0,True,True,False,1.649742665033633,0.02871988568648315,3.0985713785230864,1.422147645255944,0.05324372765651584,3.366657124906782,120,,15,EVALUATION_BUDGET_EXHAUSTED,117.63573724962771
task-v2-4d2b9f5eb099,g-6aa6775bed3bc2cc,COBYLA,O0,2207,1.6468810380322245,1.7489341353968695,0.10205309736464496,0.0,True,False,True,1.6468810380322245,0.0068488070398744294,0.8459148870929167,1.7489341353968695,0.008326139689231961,0.9307436494929624,120,120.0,94,EVALUATION_BUDGET_EXHAUSTED,0.29409470688551664
task-v2-9f1427c2fbd8,g-3ff7063ef9ea5cfb,Nelder-Mead,O3,2207,0.7326222370361565,0.4806667399729846,-0.2519554970631719,0.0,True,True,False,1.5211354461321969,0.03441908501740426,2.575128001281739,1.4726391065314859,0.058986066486226785,2.8090781162416416,120,120.0,76,EVALUATION_BUDGET_EXHAUSTED,5.585170675069094
task-v2-cf1a83d8dbf9,g-bd62d2d752385cc7,Nelder-Mead,O0,2207,1.3364985011194968,1.2532088928785245,-0.0832896082409722,6.661338147750939e-16,True,True,False,1.3364985011194968,0.016007974635274178,2.242665067726707,1.2532088928785245,0.0010327911946925892,1.0523412068331197,120,120.0,76,EVALUATION_BUDGET_EXHAUSTED,4.8009918089956045
task-v2-73f419868dc6,g-553bb3c5ba0f2136,SLSQP,O3,2207,0.5590714637265367,0.15280682792114422,-0.4062646358053925,0.0,True,True,False,1.9095199292121157,0.05721452920420779,0.3875950435807269,1.610630906209915,0.0910479878124123,0.589359067128092,120,,14,EVALUATION_BUDGET_EXHAUSTED,0.04505013581365347
task-v2-8c0a098a6f8b,g-a712031e7959d564,SLSQP,O3,3301,0.3051249684061071,0.10014536121921716,-0.20497960718688993,0.0,True,True,False,1.4275715343233182,0.0758062585606281,1.9479969660588,1.5876215942069563,0.09440164494044355,2.0432714655250335,120,,15,EVALUATION_BUDGET_EXHAUSTED,0.5203119441866875
task-v2-a0f813383468,g-60667963f6db3f1b,SLSQP,O3,2207,0.06753034284790332,0.05751477633129932,-0.010015566516604006,0.0,True,True,False,1.7624721897516353,0.14629858513066776,1.6984188279571835,1.7900365307428874,0.11207570923889458,1.582690197774407,120,,16,EVALUATION_BUDGET_EXHAUSTED,0.117742033675313
task-v2-5b0627539151,g-a712031e7959d564,SLSQP,O3,1103,0.5099338167615293,0.047899251880933004,-0.46203456488059624,0.0,True,True,False,1.8482463998110186,0.0541809033015502,1.9482661805910504,1.4474775386273966,0.11404650352931057,2.2715019143866715,120,,15,EVALUATION_BUDGET_EXHAUSTED,0.5054740784689784
task-v2-7133b996bac7,g-a87f1b9ac089cc45,COBYLA,O3,3301,0.9974758499428427,0.9520556226404838,-0.04542022730235884,0.0,True,True,False,1.737824906624741,0.005298742508595922,2.9666214784637175,2.0325153988852414,0.01152833989788363,3.3042154354901783,120,120.0,85,EVALUATION_BUDGET_EXHAUSTED,126.66307647246867
task-v2-ef23e17da545,g-a712031e7959d564,Nelder-Mead,O3,2207,0.4181378000279583,0.7044185741425247,0.2862807741145664,0.0,True,False,True,1.5839396106629677,0.06391498959608889,2.2418714114749387,1.7363026944082631,0.03514696236604872,1.9821564852759117,120,120.0,73,EVALUATION_BUDGET_EXHAUSTED,0.4123740429058671
task-v2-526a936f38d9,g-e0c69f84d376b633,COBYLA,O0,2207,1.47791055613486,1.3084464335993302,-0.16946412253552978,1.5543122344752192e-15,True,True,False,1.47791055613486,0.0028264332420989908,2.568748658546079,1.3084464335993302,0.0004046355947545968,1.7245740101736753,120,120.0,92,EVALUATION_BUDGET_EXHAUSTED,129.95861783064902
task-v2-f1a738d52e35,g-60667963f6db3f1b,COBYLA,O3,2207,0.3673968355066602,0.6621063863149591,0.2947095508082989,0.0,True,False,True,1.9364972191521033,0.07228800529639845,1.5683362020359943,2.1033317487408105,0.0458283043740291,1.3704037498238115,120,120.0,93,EVALUATION_BUDGET_EXHAUSTED,0.3764774687588215
task-v2-7d4ec5aed494,g-a87f1b9ac089cc45,SLSQP,O0,1103,1.2236249855465893,1.1777163366780796,-0.04590864886850965,4.884981308350689e-15,True,True,False,1.2236249855465893,0.0005214068449159002,2.135716650145099,1.1777163366780796,0.0005129252513783698,2.1285940019188385,120,,16,EVALUATION_BUDGET_EXHAUSTED,122.80680887307972
task-v2-4746dcc3bd93,g-a87f1b9ac089cc45,COBYLA,O3,1103,0.9984053353279058,0.9767409788063212,-0.021664356521584605,0.0,True,True,False,1.7000612840444955,0.004475448842715608,3.3704065148406563,1.6670800119841223,0.006493996552295395,3.5320819713359484,120,120.0,87,EVALUATION_BUDGET_EXHAUSTED,122.29278214741498
task-v2-3f11ce371857,g-3ff7063ef9ea5cfb,COBYLA,O0,1103,1.8561699173567565,1.7520555886550215,-0.10411432870173498,-4.440892098500626e-16,True,True,False,1.8561699173567565,0.001427430046628541,1.9710347648041973,1.7520555886550215,0.0005210703959594065,1.5333763305287267,120,120.0,88,EVALUATION_BUDGET_EXHAUSTED,6.421446287073195
task-v2-ac528a9510be,g-a712031e7959d564,COBYLA,O0,2207,1.4959015131892535,1.5206913604891859,0.024789847299932388,0.0,True,False,True,1.4959015131892535,0.040384425368751656,1.9175438599753742,1.5206913604891859,0.023507686755361377,1.6825398473236761,120,120.0,91,EVALUATION_BUDGET_EXHAUSTED,0.591811222024262
task-v2-5de325b6f026,g-8a16a856f5377a40,Nelder-Mead,O3,3301,0.6985362124568415,0.6608236221849354,-0.0377125902719061,0.0,True,True,False,1.9685455229307505,0.03861077272614927,2.0229771822570566,1.9619458515028625,0.04177643212934144,2.057200035693189,120,120.0,76,EVALUATION_BUDGET_EXHAUSTED,0.4234268367290497
task-v2-4968f3a685c2,g-8a16a856f5377a40,Nelder-Mead,O0,3301,1.5149667626378438,1.5181580271159927,0.003191264478148881,0.0,True,False,True,1.5149667626378438,0.01084292286352225,1.9485363118482877,1.5181580271159927,0.0017564737793524174,1.158031614658432,120,120.0,74,EVALUATION_BUDGET_EXHAUSTED,0.5416636886075139
task-v2-3f11ce371857,g-3ff7063ef9ea5cfb,COBYLA,O3,3301,1.0216816260679624,0.9945408199320058,-0.027140806135956597,0.0,True,True,False,1.9198518628399681,0.0034028960462120453,2.3483286128238117,1.7484001942091345,0.005614242798241396,2.5657711211907905,120,120.0,92,EVALUATION_BUDGET_EXHAUSTED,7.229609677568078
task-v2-ac528a9510be,g-a712031e7959d564,SLSQP,O3,1103,0.5573347641085745,0.6061078249333272,0.048773060824752634,0.0,True,False,True,1.8517419631793468,0.050274196096270325,2.0126750870923114,1.7020768546922724,0.04541108141942948,1.9684917966160926,120,,16,EVALUATION_BUDGET_EXHAUSTED,0.4701198982074857
task-v2-59a464f36e13,g-bd62d2d752385cc7,Nelder-Mead,O3,3301,1.0405968873091842,1.0172302445132795,-0.023366642795904724,0.0,True,True,False,1.8999438226978302,0.0005195415042975329,1.5321001781230454,1.8151290812855994,0.003548586435006765,2.3665353186835483,120,120.0,74,EVALUATION_BUDGET_EXHAUSTED,7.0052977204322815
task-v2-f1a738d52e35,g-60667963f6db3f1b,SLSQP,O0,3301,3.004725703975929,2.4305231401990057,-0.5742025637769235,0.0,True,True,False,3.004725703975929,0.00035847737294104627,-0.7362682907831741,2.4305231401990057,0.004272774714973041,0.33997995591721153,120,,16,EVALUATION_BUDGET_EXHAUSTED,0.1131852325052023
task-v2-8c0a098a6f8b,g-a712031e7959d564,Nelder-Mead,O3,3301,0.7828672145117429,0.10527035889600227,-0.6775968556157407,0.0,True,True,False,1.9144187376974833,0.031113523551252048,1.5612411005896751,1.6204643484033752,0.09384054881247186,2.0406824426389862,120,120.0,72,EVALUATION_BUDGET_EXHAUSTED,0.5504666827619076
task-v2-59a464f36e13,g-bd62d2d752385cc7,COBYLA,O0,1103,1.6990090558108404,1.5398282466392437,-0.15918080917159672,-2.4424906541753444e-15,True,True,False,1.6990090558108404,0.0010564373539456988,1.8403236793926712,1.5398282466392437,0.0003040755142320656,1.2994613804881803,120,120.0,88,EVALUATION_BUDGET_EXHAUSTED,7.762823458760977
task-v2-780e1209d403,g-e0c69f84d376b633,Nelder-Mead,O0,1103,1.916946423662158,1.2391750867506164,-0.6777713369115417,-8.881784197001252e-16,True,True,False,1.916946423662158,0.002443133249999958,2.028335825877329,1.2391750867506164,0.0055670429696277,2.3860132450215668,120,120.0,77,EVALUATION_BUDGET_EXHAUSTED,131.87834480963647
task-v2-8c0a098a6f8b,g-a712031e7959d564,Nelder-Mead,O0,2207,1.675954906777759,1.2948566440039007,-0.3810982627738584,0.0,True,True,False,1.675954906777759,0.01516207327573019,1.2490504947977477,1.2948566440039007,0.04517997900126066,1.7232379283506092,120,120.0,77,EVALUATION_BUDGET_EXHAUSTED,0.4562669498845935
task-v2-d7382a83ef13,g-548c8c6335dd2a2e,SLSQP,O3,1103,0.06113326089541623,0.09987582533891838,0.03874256444350215,0.0,True,False,True,1.8718922132017566,0.12248069350954184,0.8942476107409965,1.906576694573541,0.09438682895585229,0.7810913696497828,120,,15,EVALUATION_BUDGET_EXHAUSTED,0.07815934903919697
task-v2-5f165c277bb9,g-e0c69f84d376b633,COBYLA,O0,1103,1.567987929751308,1.2421751865232264,-0.3258127432280815,-1.7763568394002505e-15,True,True,False,1.567987929751308,0.015513975254541044,3.007203025014008,1.2421751865232264,0.0011097381125447622,1.8617004322067852,120,120.0,90,EVALUATION_BUDGET_EXHAUSTED,131.10855978820473
task-v2-ef23e17da545,g-a712031e7959d564,SLSQP,O3,1103,1.9241226046010067,0.6151834293729467,-1.3089391752280601,0.0,True,True,False,3.1780369136028797,0.0002220603846362713,-0.21726022335631226,1.9049274618026024,0.0449874298231276,2.0893598711081602,120,,15,EVALUATION_BUDGET_EXHAUSTED,0.41648861672729254
task-v2-c5ed7c8b71f4,g-a712031e7959d564,COBYLA,O0,3301,1.5917813880366847,1.5626854034854154,-0.02909598455126927,0.0,True,True,False,1.5917813880366847,0.020908468702683196,1.4555609203112563,1.5626854034854154,0.03388504169628659,1.665246717633365,120,120.0,82,EVALUATION_BUDGET_EXHAUSTED,0.6259702062234282
task-v2-606c43f06406,g-3ff7063ef9ea5cfb,SLSQP,O0,1103,1.3720136446973352,1.2893974759652926,-0.08261616873204258,-6.661338147750939e-16,True,True,False,1.3720136446973352,0.002599972190119012,1.6293886419809978,1.2893974759652926,0.0014990618768548666,1.3902394989098628,120,,16,EVALUATION_BUDGET_EXHAUSTED,7.0418096808716655
task-v2-8792ce3c54d5,g-a712031e7959d564,COBYLA,O0,2207,1.6244470643147417,1.341629938025168,-0.2828171262895738,0.0,True,True,False,1.6244470643147417,0.00797192494180195,1.8149531446593663,1.341629938025168,0.00046333035080280794,0.5792806935531272,120,120.0,96,EVALUATION_BUDGET_EXHAUSTED,0.6289707673713565
task-v2-4d2b9f5eb099,g-6aa6775bed3bc2cc,SLSQP,O0,2207,1.6144340113098163,1.5537751417425918,-0.06065886956722455,0.0,True,True,False,1.6144340113098163,0.017431949863346757,1.2516459247899456,1.5537751417425918,0.0004776365262526495,-0.310602512208297,120,,16,EVALUATION_BUDGET_EXHAUSTED,0.10291038546711206
task-v2-b5e00db3fe1a,g-3ff7063ef9ea5cfb,Nelder-Mead,O0,3301,1.8339412361510372,1.3765204945490699,-0.45742074160196733,8.881784197001252e-16,True,True,False,1.8339412361510372,0.004376896066017348,1.503403655142458,1.3765204945490699,0.0018254150537415181,1.123599048911267,120,120.0,76,EVALUATION_BUDGET_EXHAUSTED,8.845659633167088
task-v2-8792ce3c54d5,g-a712031e7959d564,Nelder-Mead,O0,1103,1.4723181242017254,1.3963208091363337,-0.07599731506539165,0.0,True,True,False,1.4723181242017254,0.0009058105562192305,0.8704273212295747,1.3963208091363337,6.726307010597957e-05,-0.2588333703200982,120,120.0,75,EVALUATION_BUDGET_EXHAUSTED,0.5559695744886994
task-v2-8792ce3c54d5,g-a712031e7959d564,SLSQP,O3,1103,0.9110658995276025,0.770874311906549,-0.14019158762105355,0.0,True,True,False,1.830111117698737,0.015480788438938395,2.103183019226724,2.092274836613963,0.03174581555866416,2.41507643232919,120,,16,EVALUATION_BUDGET_EXHAUSTED,0.587300674058497
task-v2-f1a738d52e35,g-60667963f6db3f1b,Nelder-Mead,O0,1103,1.8971695889401334,1.6434993847472523,-0.2536702041928811,0.0,True,True,False,1.8971695889401334,0.006529362804787669,0.524140761873092,1.6434993847472523,0.0014260240475174625,-0.13660318979438202,120,120.0,75,EVALUATION_BUDGET_EXHAUSTED,0.11885848268866539
task-v2-4968f3a685c2,g-8a16a856f5377a40,Nelder-Mead,O3,3301,0.9651037131476923,1.0238641907367296,0.05876047758903735,0.0,True,False,True,1.891163114960768,0.011444186033708923,1.971974852600401,1.8725066113761661,0.004314727363300213,1.5483433025810032,120,120.0,75,EVALUATION_BUDGET_EXHAUSTED,0.512811254709959
task-v2-07b8f456a957,g-3ff7063ef9ea5cfb,COBYLA,O3,2207,0.813086109527267,0.8738656683238305,0.06077955879656349,0.0,True,False,True,1.5380665284538575,0.025689507114236405,2.3231457154877937,1.6695005028685062,0.019035422044778948,2.192952453869962,120,120.0,90,EVALUATION_BUDGET_EXHAUSTED,6.675713269971311
task-v2-89b7591232ff,g-e0c69f84d376b633,Nelder-Mead,O3,2207,0.6838240615269531,0.9050831775045823,0.22125911597762926,0.0,True,False,True,1.7355490706641774,0.03855088853264052,3.52745305948605,1.847338349253405,0.015240091762469373,3.124406249184014,120,120.0,74,EVALUATION_BUDGET_EXHAUSTED,139.1964473752305
task-v2-f6d986d24578,g-bd62d2d752385cc7,COBYLA,O0,3301,1.711705395152712,1.4734278401616585,-0.2382775549910534,-6.661338147750939e-16,True,True,False,1.711705395152712,0.005329626725128198,2.066055469003053,1.4734278401616585,0.002205199318251619,1.6828065254469813,120,120.0,86,EVALUATION_BUDGET_EXHAUSTED,5.847428023815155
task-v2-f6d986d24578,g-bd62d2d752385cc7,Nelder-Mead,O3,3301,0.8896850819998737,0.8929039671245101,0.003218885124636417,0.0,True,False,True,1.4296131016483262,0.016833386573866137,2.565530172889157,1.5218879012177737,0.016155994938096996,2.5476923843313704,120,120.0,73,EVALUATION_BUDGET_EXHAUSTED,6.213983039371669
task-v2-6996479d6302,g-60667963f6db3f1b,COBYLA,O0,1103,1.5711852676653715,1.5713013192751282,0.00011605160975669548,0.0,True,False,True,1.5711852676653715,0.02092834458833656,0.728974842738757,1.5713013192751282,0.02250312118394196,0.760482724265603,120,120.0,89,EVALUATION_BUDGET_EXHAUSTED,0.28071747347712517
task-v2-9f1427c2fbd8,g-3ff7063ef9ea5cfb,COBYLA,O3,1103,0.9202311314951952,0.9041785076292456,-0.016052623865949633,0.0,True,True,False,1.5606221981236155,0.014074405169070768,2.1867587294295756,1.6193334088736528,0.01636287910647223,2.252188401949617,120,120.0,92,EVALUATION_BUDGET_EXHAUSTED,5.885237615555525
task-v2-6996479d6302,g-60667963f6db3f1b,SLSQP,O0,3301,1.3248598889417678,1.4679706191148578,0.14311073017309006,0.0,True,False,True,1.3248598889417678,0.1801246301798088,1.6638130674695888,1.4679706191148578,0.04887292968458926,1.097308338874802,120,,16,EVALUATION_BUDGET_EXHAUSTED,0.11094924621284008
task-v2-5de325b6f026,g-8a16a856f5377a40,Nelder-Mead,O0,2207,1.5041400662972157,1.4216196854179184,-0.08252038087929736,0.0,True,True,False,1.5041400662972157,0.015295793703199093,1.62084070648491,1.4216196854179184,0.0019475420266719507,0.7257555271461879,120,120.0,75,EVALUATION_BUDGET_EXHAUSTED,0.3944810191169381
task-v2-4d2b9f5eb099,g-6aa6775bed3bc2cc,Nelder-Mead,O0,1103,1.8053110563044101,1.5776318667805098,-0.22767918952390032,0.0,True,True,False,1.8053110563044101,0.005171873435555026,0.7239478450615074,1.5776318667805098,0.0002894041376402784,-0.5281953073805719,120,120.0,72,EVALUATION_BUDGET_EXHAUSTED,0.10831969790160656
task-v2-0b71cbcaebc2,g-3ff7063ef9ea5cfb,Nelder-Mead,O3,1103,1.0510353525159992,0.9473689991822072,-0.10366635333379204,0.0,True,True,False,2.079380222680261,0.0066967987117912565,2.165225921283086,1.8122600586267914,0.01209324538968277,2.4219015413380576,120,120.0,72,EVALUATION_BUDGET_EXHAUSTED,5.698370604775846
task-v2-526a936f38d9,g-e0c69f84d376b633,SLSQP,O3,2207,0.8014329053853811,0.7071125901736397,-0.09432031521174145,0.0,True,True,False,1.8058393234002006,0.02659928877786644,3.542379950739144,1.7221568879195663,0.03498373393697839,3.6613760876819494,120,,16,EVALUATION_BUDGET_EXHAUSTED,134.17154274974018
task-v2-07b8f456a957,g-3ff7063ef9ea5cfb,SLSQP,O0,1103,1.3870697561892849,1.2974962186172612,-0.08957353757202369,2.220446049250313e-16,True,True,False,1.3870697561892849,0.008408834636253021,1.8381257555873887,1.2974962186172612,0.003249936299329694,1.4252647922657902,120,,16,EVALUATION_BUDGET_EXHAUSTED,5.538730611093342
task-v2-5acbf653f95a,g-a712031e7959d564,SLSQP,O3,3301,0.6774025870044983,0.568190918023013,-0.10921166898148527,0.0,True,True,False,1.5309060600300675,0.03800539258632599,2.192205171014205,2.0543337556083774,0.0506246270838079,2.316721785058826,120,,16,EVALUATION_BUDGET_EXHAUSTED,0.40463782846927643
task-v2-7d4ec5aed494,g-a87f1b9ac089cc45,COBYLA,O3,1103,1.023063409246611,0.9675922490756398,-0.05547116017097131,0.0,True,True,False,1.7571588835556557,0.0028302210993779078,2.8703602862706545,1.6542601037323956,0.007610447485943641,3.29995011551099,120,120.0,94,EVALUATION_BUDGET_EXHAUSTED,126.80135455168784
task-v2-3f11ce371857,g-3ff7063ef9ea5cfb,Nelder-Mead,O3,3301,1.0006921284149815,1.0222105279622005,0.021518399547219014,0.0,True,False,True,2.038094297094702,0.005866606815140736,2.584866913038635,1.8912776584208035,0.0028703178734549735,2.2744099259789254,120,120.0,74,EVALUATION_BUDGET_EXHAUSTED,6.796065227128565
task-v2-7d4ec5aed494,g-a87f1b9ac089cc45,Nelder-Mead,O3,1103,0.9190631145084327,0.9740134204766433,0.0549503059682106,0.0,True,False,True,1.9284911220135825,0.01227160387309317,3.5074412497734517,1.664650170931794,0.006733979772367503,3.246811729465215,120,120.0,69,EVALUATION_BUDGET_EXHAUSTED,125.99011532310396
task-v2-095187356858,g-3ff7063ef9ea5cfb,Nelder-Mead,O0,1103,1.453595847842567,1.5738980711575217,0.12030222331495466,-6.661338147750939e-16,True,False,True,1.453595847842567,0.0006729064777987824,1.3434046440599776,1.5738980711575217,0.0007876491900674769,1.4117827657216064,120,120.0,72,EVALUATION_BUDGET_EXHAUSTED,5.834436718374491
task-v2-3f363bac5736,g-60667963f6db3f1b,SLSQP,O0,1103,1.9367500817391037,1.6148721321827453,-0.3218779495563584,0.0,True,True,False,1.9367500817391037,0.005969989664970452,0.7862735359349787,1.6148721321827453,0.0003553997431342492,-0.43898293377784536,120,,16,EVALUATION_BUDGET_EXHAUSTED,0.10746453329920769
task-v2-8792ce3c54d5,g-a712031e7959d564,Nelder-Mead,O3,2207,0.7787247574438456,0.7339738509493151,-0.04475090649453051,0.0,True,True,False,1.7464250854516927,0.0280644452865782,2.361546406137599,1.8496971175690393,0.031591581104912274,2.412961305781134,120,120.0,79,EVALUATION_BUDGET_EXHAUSTED,0.4770921878516674
task-v2-cf1a83d8dbf9,g-bd62d2d752385cc7,Nelder-Mead,O3,1103,1.0738612834870964,0.9319690218582012,-0.14189226162889523,0.0,True,True,False,2.3690072634303228,0.0011916024146805223,1.114460054844629,1.4733269231641677,0.012149943290085046,2.1229029311076695,120,120.0,69,EVALUATION_BUDGET_EXHAUSTED,5.190067669376731
task-v2-11173062a501,g-a87f1b9ac089cc45,SLSQP,O3,1103,0.8218054144834763,0.8048985844749421,-0.016906830008534213,0.0,True,True,False,1.3287130544478496,0.022254958477162946,3.288845455553716,1.4486481669670206,0.025080196672897383,3.3407496050373755,120,,16,EVALUATION_BUDGET_EXHAUSTED,126.64625383820385
task-v2-0b71cbcaebc2,g-3ff7063ef9ea5cfb,COBYLA,O3,3301,1.0575376123282898,0.9464363862648106,-0.11110122606347916,0.0,True,True,False,2.0531517513805326,0.0038906673771752142,1.9293827793800624,1.7037327686112236,0.010858278664852805,2.3751196590198767,120,120.0,88,EVALUATION_BUDGET_EXHAUSTED,5.923984939232469
task-v2-cf1a83d8dbf9,g-bd62d2d752385cc7,Nelder-Mead,O0,3301,1.4041068643853714,1.370663430185832,-0.033443434199539324,0.0,True,True,False,1.4041068643853714,0.007575864773055254,1.917760894276449,1.370663430185832,0.007835143454352758,1.9323756326545511,120,120.0,76,EVALUATION_BUDGET_EXHAUSTED,4.787470931187272
task-v2-c5ed7c8b71f4,g-a712031e7959d564,Nelder-Mead,O3,2207,0.047330240418756706,0.3635091546872491,0.3161789142684924,0.0,True,False,True,1.2999945360042093,0.11651882155404641,2.2016347768662636,1.583191344831093,0.06879118794252757,1.9727715025149815,120,120.0,79,EVALUATION_BUDGET_EXHAUSTED,0.42714607156813145
task-v2-3f11ce371857,g-3ff7063ef9ea5cfb,SLSQP,O0,2207,1.6309880179528404,1.7488648653867627,0.11787684743392224,-1.1102230246251565e-15,True,False,True,1.6309880179528404,0.004900721485961359,2.5067399523472815,1.7488648653867627,0.0003730264945023992,1.3882196096376331,120,,16,EVALUATION_BUDGET_EXHAUSTED,7.409135480411351
task-v2-07b8f456a957,g-3ff7063ef9ea5cfb,COBYLA,O0,2207,1.5797607238969549,1.2655535070434516,-0.3142072168535033,-6.661338147750939e-16,True,True,False,1.5797607238969549,0.014847498822840272,2.0850432431484864,1.2655535070434516,0.0018016159947598842,1.1690521724896872,120,120.0,95,EVALUATION_BUDGET_EXHAUSTED,5.900087423622608
task-v2-3f11ce371857,g-3ff7063ef9ea5cfb,SLSQP,O0,1103,1.6685685285178458,1.5875029725358714,-0.0810655559819744,-1.5543122344752192e-15,True,True,False,1.6685685285178458,0.00011457400634341876,0.8755660300867469,1.5875029725358714,5.621129977123546e-06,-0.4336964417964216,120,,16,EVALUATION_BUDGET_EXHAUSTED,6.9618902979418635
task-v2-ef23e17da545,g-a712031e7959d564,SLSQP,O0,3301,1.2948436820979616,1.2983800787885502,0.0035363966905885835,0.0,True,False,True,1.2948436820979616,0.0016296376103563629,0.6483597280888742,1.2983800787885502,0.0014855542692852215,0.6081572107001115,120,,16,EVALUATION_BUDGET_EXHAUSTED,0.4189364332705736
task-v2-4d2b9f5eb099,g-6aa6775bed3bc2cc,Nelder-Mead,O0,3301,1.8066794842746292,1.6580391107557135,-0.14864037351891568,0.0,True,True,False,1.8066794842746292,0.00505953213921058,0.7144103156232016,1.6580391107557135,1.740003778151486e-05,-1.7491498520726683,120,120.0,81,EVALUATION_BUDGET_EXHAUSTED,0.09971739072352648
task-v2-59a464f36e13,g-bd62d2d752385cc7,SLSQP,O0,1103,1.4569542967680813,1.370224838370433,-0.08672945839764834,4.440892098500626e-16,True,True,False,1.4569542967680813,8.425846303202207e-05,0.7420934634729238,1.370224838370433,0.00015544647845985174,1.0080608184517506,120,,16,EVALUATION_BUDGET_EXHAUSTED,6.8748707650229335
task-v2-5f165c277bb9,g-e0c69f84d376b633,COBYLA,O0,2207,1.7064254865289186,1.212735485440895,-0.49369000108802363,8.881784197001252e-16,True,True,False,1.7064254865289186,0.010884234453788057,2.8532778188297057,1.212735485440895,0.0004637948313643876,1.4828058350756608,120,120.0,87,EVALUATION_BUDGET_EXHAUSTED,130.5723964041099
task-v2-07b8f456a957,g-3ff7063ef9ea5cfb,COBYLA,O0,1103,1.8662344697546636,1.409716826497513,-0.4565176432571505,0.0,True,True,False,1.8662344697546636,0.004380760063019188,1.554939410879696,1.409716826497513,0.0024811563038918006,1.3080440677506016,120,120.0,91,EVALUATION_BUDGET_EXHAUSTED,5.9009641241282225
task-v2-69173fedcdae,g-8a16a856f5377a40,COBYLA,O3,1103,1.0602515998569535,0.31003722284267704,-0.7502143770142764,0.0,True,True,False,2.108828641315939,0.007422155280297106,0.9388219396812927,1.6210897524874668,0.075891007230299,1.9484822204663068,120,120.0,92,EVALUATION_BUDGET_EXHAUSTED,0.7593911923468113
task-v2-ce7fc44fc7b5,g-548c8c6335dd2a2e,SLSQP,O3,2207,0.13542864248152703,0.023255813953488372,-0.11217282852803866,0.0,True,True,False,1.9123293200377254,0.09538321793682546,0.6095606850351958,1.3614567463238165,0.2840212335863853,1.083439524287506,68,68.0,9,EARLY_CONVERGENCE,0.032962593249976635
task-v2-5b5a3995de2b,g-bd62d2d752385cc7,COBYLA,O0,1103,1.9634324702040857,1.4016698068491344,-0.5617626633549513,-2.220446049250313e-16,True,True,False,1.9634324702040857,0.003279202328708524,1.6332781400082088,1.4016698068491344,0.0030643260808082594,1.6038449038150375,120,120.0,92,EVALUATION_BUDGET_EXHAUSTED,5.488340931944549
task-v2-f5c9b9bdeb27,g-a87f1b9ac089cc45,COBYLA,O0,2207,1.4260892254335373,1.705847422925768,0.27975819749223074,-2.220446049250313e-16,True,False,True,1.4260892254335373,0.006743825861053337,2.5484762650330346,1.705847422925768,0.0031161999409753376,2.2131952326227635,120,120.0,91,EVALUATION_BUDGET_EXHAUSTED,117.5670409379527
task-v2-8c0a098a6f8b,g-a712031e7959d564,COBYLA,O3,3301,0.8139936201707471,0.08443275122827223,-0.7295608689424748,0.0,True,True,False,1.9092517088135232,0.028063719958206283,1.516437141594333,1.635491201048441,0.09628580219340216,2.0518541566439685,120,120.0,88,EVALUATION_BUDGET_EXHAUSTED,0.7510927403345704
task-v2-f6d986d24578,g-bd62d2d752385cc7,Nelder-Mead,O0,3301,1.4903277128393595,1.4874637419900205,-0.0028639708493389815,4.440892098500626e-16,True,True,False,1.4903277128393595,0.005705688454911508,2.095666730290174,1.4874637419900205,0.00221999459003325,1.685710592011626,120,120.0,71,EVALUATION_BUDGET_EXHAUSTED,6.224067348986864
task-v2-3cd2eda112d3,g-6aa6775bed3bc2cc,Nelder-Mead,O0,1103,1.2957056964269942,1.513866586043725,0.21816088961673086,0.0,True,False,True,1.2957056964269942,0.053417271046546214,1.2608603991641054,1.513866586043725,0.004310529657262658,0.16770933938797414,120,120.0,72,EVALUATION_BUDGET_EXHAUSTED,0.09817740693688393
task-v2-d7382a83ef13,g-548c8c6335dd2a2e,Nelder-Mead,O3,1103,0.06260176956139162,0.7165407251963708,0.6539389556349792,0.0,True,False,True,1.789746078524803,0.13555430315856776,0.9382932827565876,2.2300990364857354,0.04352662396758835,0.44493495749537737,120,120.0,74,EVALUATION_BUDGET_EXHAUSTED,0.07759724278002977
task-v2-5acbf653f95a,g-a712031e7959d564,SLSQP,O3,1103,0.7845157793020815,0.6951219252937353,-0.08939385400834621,0.0,True,True,False,1.5557750195227886,0.02774087097074162,2.055480040316032,1.986814999579555,0.037616504456649213,2.1877383838998004,120,,16,EVALUATION_BUDGET_EXHAUSTED,0.410006333142519
task-v2-eb1005d46905,g-8a16a856f5377a40,Nelder-Mead,O0,3301,1.5935490875793317,1.4474430710550172,-0.14610601652431443,0.0,True,True,False,1.5935490875793317,0.0027190558937602556,0.7457480874757562,1.4474430710550172,0.01015357622694594,1.3179489858908422,120,120.0,75,EVALUATION_BUDGET_EXHAUSTED,0.41285084933042526
task-v2-8c0a098a6f8b,g-a712031e7959d564,SLSQP,O0,1103,1.273407639192994,2.390640488090334,1.1172328488973398,0.0,True,False,True,1.273407639192994,0.05206104420905617,1.7848047782951155,2.390640488090334,0.0011628676365503237,0.1338221875744287,120,,16,EVALUATION_BUDGET_EXHAUSTED,0.5309989368543029
task-v2-f83834022ee2,g-553bb3c5ba0f2136,COBYLA,O0,1103,1.5391679433735779,1.5653773961310233,0.02620945275744546,0.0,True,False,True,1.5391679433735779,0.11583869639702397,0.8700336354857445,1.5653773961310233,0.019653529143551916,0.09962052105927348,120,120.0,85,EVALUATION_BUDGET_EXHAUSTED,0.27667076513171196
task-v2-cf1a83d8dbf9,g-bd62d2d752385cc7,SLSQP,O0,1103,1.4135037825213566,1.3589614472087153,-0.0545423353126413,1.1102230246251565e-15,True,True,False,1.4135037825213566,0.007524831584492441,1.9148254645399432,1.3589614472087153,0.005733340821733224,1.796736439666656,120,,16,EVALUATION_BUDGET_EXHAUSTED,4.814707675948739
task-v2-780e1209d403,g-e0c69f84d376b633,Nelder-Mead,O0,3301,1.4857381344650784,1.2842788309796407,-0.20145930348543772,-2.220446049250313e-16,True,True,False,1.4857381344650784,0.019601801439789863,2.9326846571800655,1.2842788309796407,0.005075385980596454,2.345857747290005,120,120.0,81,EVALUATION_BUDGET_EXHAUSTED,115.6352019449696
task-v2-4746dcc3bd93,g-a87f1b9ac089cc45,Nelder-Mead,O0,1103,1.554294452418362,1.4293266376323719,-0.12496781478599006,2.220446049250313e-15,True,True,False,1.554294452418362,0.002117813287229633,3.0454575863709326,1.4293266376323719,0.002150827073627914,3.0521754121555236,120,120.0,76,EVALUATION_BUDGET_EXHAUSTED,127.02919539809227
task-v2-0b71cbcaebc2,g-3ff7063ef9ea5cfb,COBYLA,O0,3301,1.8215508472313056,1.541138042332649,-0.2804128048986565,4.440892098500626e-16,True,True,False,1.8215508472313056,0.003147870202861514,1.837375492557023,1.541138042332649,0.004348374285187019,1.9776855947119127,120,120.0,90,EVALUATION_BUDGET_EXHAUSTED,6.553871050477028
task-v2-cf1a83d8dbf9,g-bd62d2d752385cc7,Nelder-Mead,O0,1103,1.4214712371884208,1.3498831909142028,-0.071588046274218,0.0,True,True,False,1.4214712371884208,0.00445839005256024,1.6875067413031337,1.3498831909142028,0.00402844073529647,1.64346565911176,120,120.0,78,EVALUATION_BUDGET_EXHAUSTED,4.735828848555684
task-v2-f5c9b9bdeb27,g-a87f1b9ac089cc45,SLSQP,O0,3301,1.2917952726038158,1.3375696610448375,0.045774388441021774,-2.4424906541753444e-15,True,False,True,1.2917952726038158,0.004056540881240289,2.3277257747094002,1.3375696610448375,0.0036766519032643253,2.285022431453022,120,,15,EVALUATION_BUDGET_EXHAUSTED,115.2944208048284
task-v2-f4789f22d2c1,g-6aa6775bed3bc2cc,SLSQP,O3,2207,1.0867937149666127,0.08970812262997939,-0.9970855923366333,0.0,True,True,False,1.9263750304358744,0.014794081131580046,0.5783279613798413,1.2524005749694245,0.12332900702892138,1.4993052001476586,120,,16,EVALUATION_BUDGET_EXHAUSTED,0.13182006124407053
task-v2-e449b07a1126,g-e0c69f84d376b633,SLSQP,O0,3301,1.3587763481441115,1.2886225126989381,-0.0701538354451734,-6.661338147750939e-16,True,True,False,1.3587763481441115,0.0003248092062300026,1.9301682521212518,1.2886225126989381,0.00015999284388261252,1.6226404800338612,120,,16,EVALUATION_BUDGET_EXHAUSTED,122.37627749890089
task-v2-cf1a83d8dbf9,g-bd62d2d752385cc7,COBYLA,O3,2207,0.9092826877944937,0.9004105901105611,-0.0088720976839326,0.0,True,True,False,1.8591308965455178,0.017015618374443774,2.2691764169060145,1.6199341738729973,0.01693814009656703,2.2671944008661655,120,120.0,88,EVALUATION_BUDGET_EXHAUSTED,5.341515486128628
task-v2-d7382a83ef13,g-548c8c6335dd2a2e,Nelder-Mead,O3,3301,0.3423251725213987,0.03451593858941265,-0.30780923393198606,0.0,True,True,False,2.327013242723102,0.07589153921272102,0.686373335148867,1.9617392592924137,0.10042585320306335,0.808025504104383,120,120.0,69,EVALUATION_BUDGET_EXHAUSTED,0.06293781101703644
task-v2-7d4ec5aed494,g-a87f1b9ac089cc45,SLSQP,O0,3301,1.2236114001308098,1.2270755304726708,0.0034641303418609937,1.3322676295501878e-15,True,False,True,1.2236114001308098,0.0005109292947443523,2.1269007261431887,1.2270755304726708,0.00044835064004055867,2.070157716021831,120,,15,EVALUATION_BUDGET_EXHAUSTED,125.29314488265663
task-v2-5de325b6f026,g-8a16a856f5377a40,Nelder-Mead,O0,1103,1.4865706040552706,1.321507198207284,-0.16506340584798673,0.0,True,True,False,1.4865706040552706,0.013734981167918457,1.5740967572063729,1.321507198207284,5.1605556413313215e-05,-0.8510348460939293,120,120.0,76,EVALUATION_BUDGET_EXHAUSTED,0.3782490957528353
task-v2-f1a738d52e35,g-60667963f6db3f1b,Nelder-Mead,O3,3301,1.0676841265279442,0.43671000878213195,-0.6309741177458122,0.0,True,True,False,2.40790431573742,0.009425470188256917,0.6835729851133007,2.0545787466205736,0.06545874142424526,1.5252376118445474,120,120.0,73,EVALUATION_BUDGET_EXHAUSTED,0.15947777684777975
task-v2-f4789f22d2c1,g-6aa6775bed3bc2cc,SLSQP,O0,2207,1.232829475482475,1.306918639797634,0.0740891643151591,0.0,True,False,True,1.232829475482475,0.11238226610509686,1.4589377503853462,1.306918639797634,0.0654298590942495,1.2240159503411339,120,,15,EVALUATION_BUDGET_EXHAUSTED,0.11038959491997957
task-v2-b9b3757d64c0,g-a87f1b9ac089cc45,SLSQP,O3,2207,0.760653935068765,0.8969870719958156,0.13633313692705062,0.0,True,False,True,1.646034195823665,0.029907289027710303,3.593286974101151,1.6655635963149766,0.014753417543647215,3.2864025600546656,120,,16,EVALUATION_BUDGET_EXHAUSTED,116.6777492556721
task-v2-11173062a501,g-a87f1b9ac089cc45,Nelder-Mead,O0,1103,1.3718442006116056,1.2692550103843265,-0.10258919022727908,1.1102230246251565e-15,True,True,False,1.3718442006116056,0.005523517708699488,2.6836344179505653,1.2692550103843265,0.0028510331894059104,2.396420940273464,120,120.0,78,EVALUATION_BUDGET_EXHAUSTED,133.07333254721016
task-v2-5de325b6f026,g-8a16a856f5377a40,COBYLA,O0,1103,1.5462003842781171,1.3794706257210545,-0.16672975855706262,0.0,True,True,False,1.5462003842781171,0.009747466849062622,1.4251604557478892,1.3794706257210545,0.0003969319861156871,0.03498478614079279,120,120.0,92,EVALUATION_BUDGET_EXHAUSTED,0.807844489812851
task-v2-0c6c4504c3d3,g-8a16a856f5377a40,SLSQP,O0,2207,1.3528455861618074,1.2924965754818978,-0.06034901067990961,0.0,True,True,False,1.3528455861618074,0.06237886180184002,2.0094573854191715,1.2924965754818978,0.005056975769211117,0.9183108119863955,120,,16,EVALUATION_BUDGET_EXHAUSTED,0.40681195445358753
task-v2-a0f813383468,g-60667963f6db3f1b,Nelder-Mead,O3,3301,0.9617594134378206,0.13114787127806077,-0.8306115421597597,0.0,True,True,False,2.3004314937792154,0.021270750372875215,0.8609615127937713,1.921234953055193,0.0949527977402027,1.5106864674674492,120,120.0,69,EVALUATION_BUDGET_EXHAUSTED,0.1443903213366866
task-v2-5acbf653f95a,g-a712031e7959d564,Nelder-Mead,O3,2207,0.6074474446696909,0.7866938731505896,0.17924642848089867,0.0,True,False,True,1.6394907190613826,0.045055494055123255,2.2661077042671174,1.8290293224595726,0.026989123326617015,2.0435487257960143,120,120.0,76,EVALUATION_BUDGET_EXHAUSTED,0.38250890374183655
task-v2-f0ef0f25a74e,g-8a16a856f5377a40,SLSQP,O0,3301,1.8103562706655338,1.3844580355836864,-0.42589823508184743,0.0,True,True,False,1.8103562706655338,0.012987237494863933,1.24875547570484,1.3844580355836864,0.015799911903775436,1.3338933586955175,120,,16,EVALUATION_BUDGET_EXHAUSTED,0.4012086968868971
task-v2-f1a738d52e35,g-60667963f6db3f1b,COBYLA,O3,3301,0.3915608998619097,0.44020131015933117,0.0486404102974215,0.0,True,False,True,1.9909931667962337,0.06967476645638382,1.5523454826471608,2.0404362355913874,0.06516731421728796,1.5232997834806012,120,120.0,95,EVALUATION_BUDGET_EXHAUSTED,0.4628121955320239
task-v2-a0f813383468,g-60667963f6db3f1b,SLSQP,O0,3301,1.8728389465355644,1.7313839698125282,-0.1414549767230362,0.0,True,True,False,1.8728389465355644,0.01595968559271161,0.736203033377505,1.7313839698125282,0.0256127149363835,0.9416343178503827,120,,16,EVALUATION_BUDGET_EXHAUSTED,0.1164344884455204
task-v2-0c6c4504c3d3,g-8a16a856f5377a40,Nelder-Mead,O3,3301,0.7002180131812106,0.10749661054430697,-0.5927214026369036,0.0,True,True,False,1.6282204320036897,0.038029147210621735,1.7945365259254684,1.8224642658392505,0.0953973708790999,2.1939563451483326,120,120.0,72,EVALUATION_BUDGET_EXHAUSTED,0.4372801948338747
task-v2-5f165c277bb9,g-e0c69f84d376b633,Nelder-Mead,O3,3301,0.651488805615196,0.9013790142494366,0.2498902086342406,0.0,True,False,True,1.5827171457928333,0.042232348197152006,3.4421251603013507,1.5815083135080141,0.014998464196813934,2.9925267213462545,120,120.0,75,EVALUATION_BUDGET_EXHAUSTED,140.0856980374083
task-v2-f1a738d52e35,g-60667963f6db3f1b,SLSQP,O3,2207,0.3485825128027355,0.11433317586587177,-0.23424933693686373,0.0,True,True,False,1.887713857546754,0.07376165665243094,1.5771006231825966,1.8562110825875826,0.09472134065149733,1.6857177972447412,120,,16,EVALUATION_BUDGET_EXHAUSTED,0.1145529868081212
task-v2-8c0a098a6f8b,g-a712031e7959d564,COBYLA,O3,1103,1.0766986883362561,0.39293199506951987,-0.6837666932667363,0.0,True,True,False,2.07287884035795,0.003953904111930941,0.6653180364342445,1.6466589663099567,0.06586932384892867,1.8869751090328037,120,120.0,96,EVALUATION_BUDGET_EXHAUSTED,0.7571434695273638
task-v2-4968f3a685c2,g-8a16a856f5377a40,SLSQP,O0,1103,1.5768305383263672,1.2555073504598244,-0.3213231878665428,0.0,True,True,False,1.5768305383263672,0.000892758817586832,0.8641240919509503,1.2555073504598244,2.3560746383227093e-05,-0.7144210119771844,120,,16,EVALUATION_BUDGET_EXHAUSTED,0.5061839697882533
task-v2-4e78b3f98433,g-553bb3c5ba0f2136,Nelder-Mead,O0,2207,1.7076094787139768,1.6337766558644973,-0.07383282284947956,0.0,True,True,False,1.7076094787139768,0.055313546080752514,0.8500414710737694,1.6337766558644973,0.08556968987317233,1.039529927643776,120,120.0,76,EVALUATION_BUDGET_EXHAUSTED,0.048363261856138706
task-v2-3f363bac5736,g-60667963f6db3f1b,SLSQP,O3,3301,1.321133530516615,0.7694565021216656,-0.5516770283949494,0.0,True,True,False,2.5840517145569546,0.0019002611435501892,0.28911324465030686,2.0186575323132905,0.03353019573012163,1.5357360452390365,120,,15,EVALUATION_BUDGET_EXHAUSTED,0.12034052982926369
task-v2-3f363bac5736,g-60667963f6db3f1b,COBYLA,O3,2207,0.7884814071536567,0.9106530603208459,0.12217165316718925,0.0,True,False,True,2.0356936431291475,0.03062155358680663,1.4963271775239728,2.204260419387082,0.02166887316663014,1.346136284192268,120,120.0,91,EVALUATION_BUDGET_EXHAUSTED,0.3240839624777436
task-v2-ef23e17da545,g-a712031e7959d564,COBYLA,O0,2207,1.500243979564049,1.3053414578537672,-0.19490252171028177,0.0,True,True,False,1.500243979564049,0.028226055008941632,1.8869188724939983,1.3053414578537672,0.0010543417365360787,0.45925008748979057,120,120.0,92,EVALUATION_BUDGET_EXHAUSTED,0.6165338745340705
task-v2-3cd2eda112d3,g-6aa6775bed3bc2cc,SLSQP,O3,2207,1.1182878214964374,0.24512670130383904,-0.8731611201925983,0.0,True,True,False,2.1854965134980695,0.011846310343251197,0.6067618077867849,1.5791863184183073,0.08511631291588473,1.4631915044302466,120,,16,EVALUATION_BUDGET_EXHAUSTED,0.12188921310007572
task-v2-4968f3a685c2,g-8a16a856f5377a40,SLSQP,O0,3301,3.079678333688711,1.3656868244080898,-1.713991509280621,0.0,True,True,False,3.079678333688711,2.6439216998666416e-06,-1.6643614670597027,1.3656868244080898,6.403686957822205e-05,-0.2801799629481782,120,,16,EVALUATION_BUDGET_EXHAUSTED,0.47088233195245266
task-v2-b9b3757d64c0,g-a87f1b9ac089cc45,COBYLA,O3,2207,1.0313159603620123,0.9480063702902772,-0.0833095900717351,0.0,True,True,False,1.9240720487459277,0.005642202299367418,2.868958579876594,1.6890430461129986,0.009894161165596221,3.1128889065789362,120,120.0,88,EVALUATION_BUDGET_EXHAUSTED,128.47918985690922
task-v2-7d4ec5aed494,g-a87f1b9ac089cc45,COBYLA,O3,3301,1.011988195971822,0.9812004042849091,-0.030787791686912924,0.0,True,True,False,1.7244458507496834,0.0036330536309960994,2.978811730899911,2.0175628469111286,0.0073506551522378675,3.2848659707394656,120,120.0,85,EVALUATION_BUDGET_EXHAUSTED,127.12666645459831
task-v2-4746dcc3bd93,g-a87f1b9ac089cc45,COBYLA,O3,3301,1.018582032333188,0.9874623234381034,-0.03111970889508464,0.0,True,True,False,1.7596569597670766,0.0028483463010706917,3.1741627071805736,2.0235837628940776,0.006568303389109712,3.5370231221979735,120,120.0,94,EVALUATION_BUDGET_EXHAUSTED,121.8072467809543
task-v2-ac528a9510be,g-a712031e7959d564,Nelder-Mead,O3,3301,0.2883631455074055,0.22835000982133374,-0.06001313568607175,0.0,True,True,False,1.6728469334586138,0.07687311701967427,2.19710444332492,1.7092962275518455,0.08304410930712014,2.230638783719191,120,120.0,75,EVALUATION_BUDGET_EXHAUSTED,0.4099255185574293
task-v2-f4789f22d2c1,g-6aa6775bed3bc2cc,COBYLA,O3,1103,0.8410541842936522,0.8376283297148094,-0.003425854578842813,0.0,True,True,False,1.6118663346348407,0.030125306989914245,0.8871714465660254,1.6257473915497294,0.03031034284004125,0.8898308140086048,120,120.0,90,EVALUATION_BUDGET_EXHAUSTED,0.29237316083163023
task-v2-ce7fc44fc7b5,g-548c8c6335dd2a2e,Nelder-Mead,O0,2207,1.9649933891795797,1.2830718794377907,-0.681921509741789,0.0,True,True,False,1.9649933891795797,0.05815652119195727,0.39468713491943835,1.2830718794377907,0.29084321406543523,1.0937476502507772,120,120.0,78,EVALUATION_BUDGET_EXHAUSTED,0.04222533851861954
task-v2-e449b07a1126,g-e0c69f84d376b633,SLSQP,O3,2207,0.9242503467312193,0.9684362488823017,0.044185902151082423,0.0,True,False,True,1.8703712050729417,0.014048558840384182,3.5661716967428903,1.6641147230959392,0.008299769682989276,3.3376059629066903,120,,16,EVALUATION_BUDGET_EXHAUSTED,127.57464238256216
task-v2-5b5a3995de2b,g-bd62d2d752385cc7,Nelder-Mead,O0,2207,1.3420474141895533,1.2991226177003787,-0.04292479648917458,1.3322676295501878e-15,True,True,False,1.3420474141895533,0.015563206528659541,2.309609007002714,1.2991226177003787,0.0026709451431212914,1.5441748946967846,120,120.0,78,EVALUATION_BUDGET_EXHAUSTED,4.890024793334305
task-v2-4e78b3f98433,g-553bb3c5ba0f2136,SLSQP,O0,2207,1.596342528361927,1.6646812771121375,0.06833874875021051,0.0,True,False,True,1.596342528361927,0.11094964824429432,1.1523358993271697,1.6646812771121375,0.08116129733896725,1.0165589501315462,120,,16,EVALUATION_BUDGET_EXHAUSTED,0.043533241376280785
task-v2-4746dcc3bd93,g-a87f1b9ac089cc45,Nelder-Mead,O3,2207,0.9243349635317407,0.9779117693341561,0.05357680580241542,0.0,True,False,True,1.9933429093864614,0.011885646420667377,3.794592724150563,1.810197417028751,0.006840142494494704,3.554635066693676,120,120.0,77,EVALUATION_BUDGET_EXHAUSTED,111.9392695184797
task-v2-eb1005d46905,g-8a16a856f5377a40,SLSQP,O3,2207,0.41346498206204296,0.41749873340880245,0.004033751346759484,0.0,True,False,True,1.4014894301315013,0.06575148993963226,2.1292355507618503,1.8046462759027928,0.06509461384547846,2.124875007324204,120,,16,EVALUATION_BUDGET_EXHAUSTED,0.4196934886276722
task-v2-5acbf653f95a,g-a712031e7959d564,Nelder-Mead,O0,1103,1.5196137735184405,1.381263226269046,-0.13835054724939444,0.0,True,True,False,1.5196137735184405,0.0005737781491826181,0.37110395324041245,1.381263226269046,0.00043747530276911685,0.25331348835731937,120,120.0,76,EVALUATION_BUDGET_EXHAUSTED,0.4093209933489561
task-v2-0c6c4504c3d3,g-8a16a856f5377a40,COBYLA,O0,2207,1.5069255613387675,1.2719140178905242,-0.23501154344824338,0.0,True,True,False,1.5069255613387675,0.03570960902567471,1.7672050345481218,1.2719140178905242,0.010939625286098677,1.2534223857020428,120,120.0,92,EVALUATION_BUDGET_EXHAUSTED,0.6425260910764337
task-v2-e243a3cd3e64,g-bd62d2d752385cc7,Nelder-Mead,O0,2207,1.3040221562571344,1.277768190363178,-0.026253965893956455,-2.220446049250313e-16,True,True,False,1.3040221562571344,0.019969767812352053,2.2137629590081924,1.277768190363178,0.0037045497574011966,1.4821253759853448,120,120.0,77,EVALUATION_BUDGET_EXHAUSTED,7.317043827846646
task-v2-420d9636beee,g-e0c69f84d376b633,COBYLA,O0,3301,1.751853741381365,1.5777204451468818,-0.17413329623448326,8.881784197001252e-16,True,True,False,1.751853741381365,0.001145645334572641,2.7786201084778015,1.5777204451468818,0.0006584710137768321,2.5381065794740434,120,120.0,89,EVALUATION_BUDGET_EXHAUSTED,116.55099076218903
task-v2-7d4ec5aed494,g-a87f1b9ac089cc45,COBYLA,O0,1103,1.6116499669454756,1.367416319958207,-0.24423364698726857,-3.3306690738754696e-15,True,True,False,1.6116499669454756,0.0017291181105199638,2.6563645815038637,1.367416319958207,0.0007364056681958907,2.2856570446091733,120,120.0,90,EVALUATION_BUDGET_EXHAUSTED,125.30928429309279
task-v2-4d2b9f5eb099,g-6aa6775bed3bc2cc,COBYLA,O3,1103,0.9238232364756377,1.042510010802376,0.11868677432673824,0.0,True,False,True,1.9312857035454607,0.018675299440761524,1.2815675306842926,2.0123585083433797,0.00780622565866702,0.9027410581452986,120,120.0,96,EVALUATION_BUDGET_EXHAUSTED,0.3109391238540411
task-v2-5de325b6f026,g-8a16a856f5377a40,SLSQP,O3,1103,0.7960324484036765,1.0560442319584007,0.2600117835547242,0.0,True,False,True,1.7772288013213027,0.02784734873377024,1.8810525424576006,2.0410125245511175,0.003825549234351601,1.0189624845649996,120,,16,EVALUATION_BUDGET_EXHAUSTED,0.41073561646044254
task-v2-8f4071cbe937,g-8a16a856f5377a40,SLSQP,O3,2207,0.705301000573624,0.8403459770694105,0.1350449764957865,0.0,True,False,True,1.686714144408021,0.03740654221074245,2.1853075126696124,1.8733330038249032,0.02357422885517387,1.9847974432511486,120,,16,EVALUATION_BUDGET_EXHAUSTED,0.4071284970268607
task-v2-f83834022ee2,g-553bb3c5ba0f2136,SLSQP,O0,3301,1.5975574037911948,1.3168370254044879,-0.28072037838670694,0.0,True,True,False,1.5975574037911948,0.07138287519871042,0.6597740107078494,1.3168370254044879,0.2630316835832467,1.2261880387344979,120,,15,EVALUATION_BUDGET_EXHAUSTED,0.0778286810964346
task-v2-89b7591232ff,g-e0c69f84d376b633,COBYLA,O3,1103,0.8866777971330656,0.8717783790958534,-0.014899418037212175,0.0,True,True,False,1.705395761533587,0.01679593038862038,3.166622733251444,1.7777855515792393,0.018647202490370704,3.2120323540938513,120,120.0,93,EVALUATION_BUDGET_EXHAUSTED,130.8966107983142
task-v2-5b5a3995de2b,g-bd62d2d752385cc7,Nelder-Mead,O0,3301,1.3870607179277448,1.3964911518719965,0.009430433944251693,4.440892098500626e-16,True,False,True,1.3870607179277448,0.003912350900722247,1.7099477262409244,1.3964911518719965,0.003072788563300874,1.6050426040348271,120,120.0,74,EVALUATION_BUDGET_EXHAUSTED,4.7966877883300185
task-v2-606c43f06406,g-3ff7063ef9ea5cfb,COBYLA,O3,3301,1.0587065472577661,0.9337990950139063,-0.1249074522438598,0.0,True,True,False,2.0960011415711564,0.004437602931415161,1.8615683790551512,1.6905811593147708,0.012185864324519362,2.3002762777452253,120,120.0,89,EVALUATION_BUDGET_EXHAUSTED,7.11241219099611
task-v2-c5ed7c8b71f4,g-a712031e7959d564,Nelder-Mead,O0,3301,1.7074385622240251,1.440486873617608,-0.26695168860641716,0.0,True,True,False,1.7074385622240251,0.014701307137588219,1.3025946441462006,1.440486873617608,0.010282333638308955,1.1473303848746057,120,120.0,77,EVALUATION_BUDGET_EXHAUSTED,0.3911936217918992
task-v2-5b5a3995de2b,g-bd62d2d752385cc7,SLSQP,O3,3301,1.057838698631847,0.9242605688622968,-0.1335781297695503,0.0,True,True,False,2.080177389248331,0.004201238747277612,1.7408872885395588,1.5414741771167273,0.014562909079378742,2.280758064377708,120,,16,EVALUATION_BUDGET_EXHAUSTED,5.177338343113661
task-v2-c95d7e1ff6e7,g-a87f1b9ac089cc45,Nelder-Mead,O0,3301,1.9489029408592158,1.2476061956612046,-0.7012967451980112,-1.1102230246251565e-15,True,True,False,1.9489029408592158,0.0011900884586022896,1.892059174079302,1.2476061956612046,0.004293717108961009,2.449313358226405,120,120.0,76,EVALUATION_BUDGET_EXHAUSTED,124.4167934814468
task-v2-b9b3757d64c0,g-a87f1b9ac089cc45,COBYLA,O3,3301,0.9867177754394885,0.9070667147467123,-0.07965106069277617,0.0,True,True,False,1.7367299717375673,0.006505828144908635,2.930812513253246,2.0233853454076125,0.016038819137411522,3.3226823163589754,120,120.0,90,EVALUATION_BUDGET_EXHAUSTED,120.24814374744892
task-v2-f5c9b9bdeb27,g-a87f1b9ac089cc45,SLSQP,O3,2207,1.094749569488076,0.9834554019296645,-0.11129416755841148,0.0,True,True,False,2.3626536764138337,0.0005151238789547767,1.4314816000101476,1.5487037396896355,0.00632827759704652,2.520855439341235,120,,16,EVALUATION_BUDGET_EXHAUSTED,113.72361583076417
task-v2-eb1005d46905,g-8a16a856f5377a40,SLSQP,O0,2207,1.369425769680272,1.3103515270438,-0.059074242636472096,0.0,True,True,False,1.369425769680272,0.05015870612765493,2.0116762773978403,1.3103515270438,0.004918101007980396,1.0031273963400902,120,,16,EVALUATION_BUDGET_EXHAUSTED,0.4002815978601575
task-v2-4968f3a685c2,g-8a16a856f5377a40,Nelder-Mead,O0,1103,1.416487061812461,1.4323069535267225,0.01581989171426157,0.0,True,False,True,1.416487061812461,0.0012677933900679499,1.0164384267795767,1.4323069535267225,9.976653136910866e-05,-0.08762518321219295,120,120.0,78,EVALUATION_BUDGET_EXHAUSTED,0.5076042078435421
task-v2-5d31ef4af595,g-bd62d2d752385cc7,SLSQP,O3,3301,1.0145043232260191,0.93828148387415,-0.07622283935186913,0.0,True,True,False,1.8166327786045628,0.006078212684225919,1.9981958318099236,1.5471224074915728,0.011688836035034227,2.282191205912688,120,,16,EVALUATION_BUDGET_EXHAUSTED,6.282411694526672
task-v2-7d4ec5aed494,g-a87f1b9ac089cc45,SLSQP,O3,2207,0.8874405156335824,2.3886278821942555,1.5011873665606732,0.0,True,False,True,1.638541350021734,0.016735555323085564,3.6421800497449706,2.786703621186179,9.735586561490463e-07,-0.5930979555005063,120,,16,EVALUATION_BUDGET_EXHAUSTED,125.62034909799695
task-v2-9f1427c2fbd8,g-3ff7063ef9ea5cfb,Nelder-Mead,O0,3301,1.944539060102268,1.5460056101632476,-0.3985334499390205,-1.1102230246251565e-15,True,True,False,1.944539060102268,0.00177973396614793,1.2886837692519069,1.5460056101632476,0.003982497397151094,1.6384841808705914,120,120.0,74,EVALUATION_BUDGET_EXHAUSTED,5.4846224235370755
task-v2-3f363bac5736,g-60667963f6db3f1b,SLSQP,O3,1103,1.133792127664846,0.8184199881307181,-0.3153721395341278,0.0,True,True,False,2.4083072905103484,0.003373318003767325,0.538357240838637,1.8471443622959387,0.026826000277180573,1.4388558813788501,120,,15,EVALUATION_BUDGET_EXHAUSTED,0.11073846276849508
task-v2-526a936f38d9,g-e0c69f84d376b633,Nelder-Mead,O3,1103,0.9771944487837738,0.9735601984860833,-0.003634250297690489,0.0,True,True,False,1.6850204085902283,0.007367806509034918,2.984848138324215,1.842738839632318,0.0078026921730795715,3.0097544000275183,120,120.0,79,EVALUATION_BUDGET_EXHAUSTED,139.5577020905912
task-v2-4e78b3f98433,g-553bb3c5ba0f2136,Nelder-Mead,O3,1103,0.3531466182631665,0.3539472763126239,0.0008006580494573923,0.0,True,False,True,1.9361621979632169,0.07152180152172535,0.9616484147686528,2.1481748107572014,0.07357206025657383,0.9739228875162902,120,120.0,82,EVALUATION_BUDGET_EXHAUSTED,0.04978903569281101
task-v2-ef23e17da545,g-a712031e7959d564,SLSQP,O0,2207,1.4296177283221314,1.2423452356978202,-0.18727249262431123,0.0,True,True,False,1.4296177283221314,0.04134065180321262,2.0526460086224954,1.2423452356978202,0.00020829934783235537,-0.2450434008773321,120,,16,EVALUATION_BUDGET_EXHAUSTED,0.5399128757417202
task-v2-b5e00db3fe1a,g-3ff7063ef9ea5cfb,COBYLA,O0,1103,1.8352987326485606,1.3923781098655184,-0.44292062278304223,0.0,True,True,False,1.8352987326485606,0.004249688496814539,1.4905945185117213,1.3923781098655184,0.0033968820251779257,1.3933178851271315,120,120.0,97,EVALUATION_BUDGET_EXHAUSTED,8.208406075835228
task-v2-095187356858,g-3ff7063ef9ea5cfb,SLSQP,O0,3301,1.6598211558626856,1.5170735579512675,-0.1427475979114181,-6.661338147750939e-16,True,True,False,1.6598211558626856,0.001983821020798931,1.812952422744784,1.5170735579512675,0.006803897387633372,2.3482076901764626,120,,16,EVALUATION_BUDGET_EXHAUSTED,5.720963019877672
task-v2-526a936f38d9,g-e0c69f84d376b633,SLSQP,O0,1103,1.3153267180539527,1.199465175110348,-0.11586154294360473,2.4424906541753444e-15,True,True,False,1.3153267180539527,0.0005160901281650634,1.8302354781992465,1.199465175110348,0.0003517665998739199,1.6637645272446102,120,,16,EVALUATION_BUDGET_EXHAUSTED,133.4745265711099
task-v2-11173062a501,g-a87f1b9ac089cc45,SLSQP,O0,3301,1.3109048663911482,1.3110074374748775,0.00010257108372924151,-1.3322676295501878e-15,True,False,True,1.3109048663911482,0.017778272291279366,3.1913082207828634,1.3110074374748775,0.017832657508054826,3.192634735874641,120,,15,EVALUATION_BUDGET_EXHAUSTED,123.61749912239611
task-v2-5f165c277bb9,g-e0c69f84d376b633,SLSQP,O3,2207,0.6472451279659738,0.8875774631394042,0.24033233517343044,0.0,True,False,True,1.5707079976657272,0.04264988254548165,3.446397770115062,1.890954612113265,0.021543984768910104,3.14980596399129,120,,15,EVALUATION_BUDGET_EXHAUSTED,131.93739796429873
task-v2-8792ce3c54d5,g-a712031e7959d564,COBYLA,O3,3301,0.8540819483863418,0.7773506636719485,-0.07673128471439328,0.0,True,True,False,1.8849447456895452,0.021168262587483534,2.239075157832881,2.0237909159997285,0.02999114614870615,2.3903830068086562,120,120.0,93,EVALUATION_BUDGET_EXHAUSTED,0.7799359718337655
task-v2-f4789f22d2c1,g-6aa6775bed3bc2cc,Nelder-Mead,O0,1103,1.2362592600035156,1.4125194304642585,0.17626017046074294,0.0,True,False,True,1.2362592600035156,0.06691041236706467,1.2337336717446932,1.4125194304642585,0.0016867944441783006,-0.36469787278561394,120,120.0,74,EVALUATION_BUDGET_EXHAUSTED,0.10498945321887732
task-v2-4e78b3f98433,g-553bb3c5ba0f2136,COBYLA,O0,3301,1.4023324828122825,1.7408072552870344,0.3384747724747519,0.0,True,False,True,1.4023324828122825,0.10188195720386142,1.115307249035956,1.7408072552870344,0.007104629721456258,-0.04124858202513587,120,120.0,89,EVALUATION_BUDGET_EXHAUSTED,0.22199507616460323
task-v2-e449b07a1126,g-e0c69f84d376b633,COBYLA,O3,3301,1.0054911441136216,1.0021486223988398,-0.0033425217147817765,0.0,True,True,False,1.835329819144089,0.004718104356584933,3.0923074644757538,1.815245788348699,0.0047479523323065865,3.095046272099393,120,120.0,94,EVALUATION_BUDGET_EXHAUSTED,127.76400214619935
task-v2-5b5a3995de2b,g-bd62d2d752385cc7,SLSQP,O0,2207,1.4203206286233554,1.3710746261401598,-0.04924600248319555,-1.7763568394002505e-15,True,True,False,1.4203206286233554,0.006654459730199353,1.9406227275382155,1.3710746261401598,0.006926778883105562,1.9580412505811053,120,,15,EVALUATION_BUDGET_EXHAUSTED,4.842392072081566
task-v2-e243a3cd3e64,g-bd62d2d752385cc7,SLSQP,O0,3301,1.8899470988909612,1.3448650292337327,-0.5450820696572285,-2.220446049250313e-16,True,True,False,1.8899470988909612,0.00331270735414019,1.4335730154643072,1.3448650292337327,0.008787602910282195,1.8572603676460926,120,,14,EVALUATION_BUDGET_EXHAUSTED,6.436871564947069
task-v2-5b0627539151,g-a712031e7959d564,SLSQP,O0,2207,1.3057348914235551,1.2608347432407407,-0.0449001481828144,0.0,True,True,False,1.3057348914235551,0.048495619559832004,1.900122451363788,1.2608347432407407,0.003548757509653241,0.7644962638567762,120,,16,EVALUATION_BUDGET_EXHAUSTED,0.447233771905303
task-v2-f0ef0f25a74e,g-8a16a856f5377a40,Nelder-Mead,O0,2207,1.36269574560714,1.3648792513891508,0.002183505782010764,0.0,True,False,True,1.36269574560714,0.0421851789633232,1.760398589114446,1.3648792513891508,0.029585774332259347,1.606321633561383,120,120.0,74,EVALUATION_BUDGET_EXHAUSTED,0.4165068930014968
task-v2-f0ef0f25a74e,g-8a16a856f5377a40,COBYLA,O0,3301,1.6852294123178502,1.5367796156778073,-0.14844979664004287,0.0,True,True,False,1.6852294123178502,0.01822968469081905,1.3960178502068932,1.5367796156778073,0.04727658395754817,1.8098847816377186,120,120.0,91,EVALUATION_BUDGET_EXHAUSTED,0.6224966729059815
task-v2-b9b3757d64c0,g-a87f1b9ac089cc45,SLSQP,O3,3301,0.7607702112267686,2.275827030226721,1.5150568189999527,0.0,True,False,True,1.6519644229255592,0.02992582780605381,3.593556098954393,2.674273977080588,1.442854986891242e-05,0.2767326111180904,120,,15,EVALUATION_BUDGET_EXHAUSTED,112.05714115686715
task-v2-5b0627539151,g-a712031e7959d564,Nelder-Mead,O3,3301,0.07762624821051983,0.06408772302420582,-0.013538525186314015,0.0,True,True,False,1.389045300169595,0.09719975664690853,2.202085116906815,1.727704591577215,0.09680078796457162,2.2002988318032273,120,120.0,71,EVALUATION_BUDGET_EXHAUSTED,0.43064086977392435
task-v2-6e79cb6720c5,g-e0c69f84d376b633,SLSQP,O0,2207,1.327154828985866,1.3037488504783483,-0.023405978507517577,-8.881784197001252e-16,True,True,False,1.327154828985866,0.0004061016473272694,1.8510834140794226,1.3037488504783483,0.0005810405068233695,2.006655072870909,120,,16,EVALUATION_BUDGET_EXHAUSTED,124.9184960918501
task-v2-7d4ec5aed494,g-a87f1b9ac089cc45,COBYLA,O0,2207,1.5133563194429287,1.3451439482385226,-0.16821237120440613,1.1102230246251565e-15,True,True,False,1.5133563194429287,0.0019152374207384482,2.700762540530627,1.3451439482385226,0.0007084899803398153,2.268873634666547,120,120.0,93,EVALUATION_BUDGET_EXHAUSTED,124.2234692806378
task-v2-095187356858,g-3ff7063ef9ea5cfb,SLSQP,O3,2207,0.9469153876930615,0.8789975311763909,-0.0679178565166706,0.0,True,True,False,1.726874005036122,0.012564202053870996,2.614584846940851,1.6949465649950977,0.01833235387992524,2.7786681670484725,120,,16,EVALUATION_BUDGET_EXHAUSTED,5.426081256940961
task-v2-4746dcc3bd93,g-a87f1b9ac089cc45,SLSQP,O3,2207,0.9121173973042176,0.9742747389163167,0.06215734161209907,0.0,True,False,True,1.6741512360151172,0.013725755544256098,3.8571061774532587,1.6905952538034676,0.006644719810686168,3.542046590292678,120,,16,EVALUATION_BUDGET_EXHAUSTED,116.7562811402604
task-v2-5b5a3995de2b,g-bd62d2d752385cc7,SLSQP,O3,2207,1.8886889618359326,0.6243519675612826,-1.2643369942746499,0.0,True,True,False,2.6130578869074057,0.00015494131502257513,0.3076771638911774,1.4070072188700449,0.046393001300590896,2.7839623955109514,120,,15,EVALUATION_BUDGET_EXHAUSTED,5.250232965685427
task-v2-3f11ce371857,g-3ff7063ef9ea5cfb,COBYLA,O3,2207,1.0249008980262106,1.007175945918868,-0.017724952107342595,0.0,True,True,False,2.011427886348884,0.005577433045107954,2.562914296076269,1.9157849216362437,0.004695704083516668,2.4881806511151434,120,120.0,85,EVALUATION_BUDGET_EXHAUSTED,7.3448939034715295
task-v2-3f363bac5736,g-60667963f6db3f1b,COBYLA,O0,2207,1.9030316131014482,1.761133895802486,-0.14189771729896217,0.0,True,True,False,1.9030316131014482,0.013674296394655094,1.1462049457747037,1.761133895802486,0.00016841576474437622,-0.7633173016773047,120,120.0,93,EVALUATION_BUDGET_EXHAUSTED,0.3003280330449343
task-v2-5acbf653f95a,g-a712031e7959d564,COBYLA,O0,3301,1.7306471533858763,1.457377135798703,-0.2732700175871732,0.0,True,True,False,1.7306471533858763,0.009757071493906212,1.601679435216125,1.457377135798703,0.0015448892369286297,0.8012572954729067,120,120.0,92,EVALUATION_BUDGET_EXHAUSTED,0.7316045667976141
task-v2-59a464f36e13,g-bd62d2d752385cc7,Nelder-Mead,O3,2207,0.969961916822105,0.9456807718796676,-0.024281144942437383,0.0,True,True,False,1.8371893869873699,0.010878849002277638,2.8530628794415445,1.8686758568998363,0.01157919189214081,2.8801581818086985,120,120.0,79,EVALUATION_BUDGET_EXHAUSTED,7.324675838463008
task-v2-0b71cbcaebc2,g-3ff7063ef9ea5cfb,Nelder-Mead,O0,3301,1.531500968048685,1.5455464122843319,0.014045444235646798,-4.440892098500626e-16,True,False,True,1.531500968048685,0.008615422754603863,2.27463526882993,1.5455464122843319,0.0020209595582161843,1.6449162987616055,120,120.0,79,EVALUATION_BUDGET_EXHAUSTED,5.93255540728569
task-v2-a0f813383468,g-60667963f6db3f1b,SLSQP,O3,3301,1.06584037359066,0.061186373142968604,-1.0046540004476914,0.0,True,True,False,2.3845666761065063,0.010580870452542862,0.5577000990319778,1.6346307677655083,0.1326405368405778,1.6558549728648038,120,,14,EVALUATION_BUDGET_EXHAUSTED,0.12864497862756252
task-v2-ac528a9510be,g-a712031e7959d564,Nelder-Mead,O0,3301,1.7852627608297986,1.451041008087969,-0.33422175274182964,0.0,True,True,False,1.7852627608297986,0.016409044607456815,1.5264132479340695,1.451041008087969,0.006935120847833322,1.152383985570326,120,120.0,74,EVALUATION_BUDGET_EXHAUSTED,0.3754209615290165
task-v2-5d31ef4af595,g-bd62d2d752385cc7,SLSQP,O0,3301,1.249499916668218,1.505658142064743,0.2561582253965251,-1.7763568394002505e-15,True,False,True,1.249499916668218,0.007708813563293955,2.10140748173532,1.505658142064743,0.005762355249149648,1.9750199683164118,120,,15,EVALUATION_BUDGET_EXHAUSTED,6.4145356100052595
task-v2-59a464f36e13,g-bd62d2d752385cc7,Nelder-Mead,O0,3301,1.6209549278686188,1.5896568637450805,-0.031298064123538305,1.9984014443252818e-15,True,True,False,1.6209549278686188,0.00283438894729508,2.26893937641999,1.5896568637450805,0.00012358280491955016,0.9084379786576122,120,120.0,74,EVALUATION_BUDGET_EXHAUSTED,7.295614956878126
task-v2-6e79cb6720c5,g-e0c69f84d376b633,COBYLA,O0,2207,1.6911492570976125,1.3319490917506331,-0.3592001653469794,-5.551115123125783e-15,True,True,False,1.6911492570976125,0.004356157708269546,2.881552257255975,1.3319490917506331,0.00040978617446347013,1.8550059648003174,120,120.0,88,EVALUATION_BUDGET_EXHAUSTED,120.8166229184717
task-v2-c95d7e1ff6e7,g-a87f1b9ac089cc45,SLSQP,O3,3301,0.8734624350304301,0.8650036248222679,-0.008458810208162193,0.0,True,True,False,1.404904374469753,0.01781926902820116,3.067369815311657,1.4413164458825625,0.018543132167626236,3.0846630244141386,120,,16,EVALUATION_BUDGET_EXHAUSTED,128.57062195893377
task-v2-f4789f22d2c1,g-6aa6775bed3bc2cc,COBYLA,O0,3301,1.7252941940048223,1.5557881264784499,-0.16950606752637243,0.0,True,True,False,1.7252941940048223,0.003241401337591478,-0.08102722768851583,1.5557881264784499,0.010400738709458842,0.425304151346058,120,120.0,93,EVALUATION_BUDGET_EXHAUSTED,0.3000332582741976
task-v2-c5ed7c8b71f4,g-a712031e7959d564,SLSQP,O0,1103,1.295847165645949,1.3197432800608693,0.023896114414920344,0.0,True,False,True,1.295847165645949,0.04719723949256188,1.8091552912845887,1.3197432800608693,0.009644160483800492,1.1195031218976472,120,,16,EVALUATION_BUDGET_EXHAUSTED,0.4111538799479604
task-v2-59a464f36e13,g-bd62d2d752385cc7,COBYLA,O3,1103,1.0224504103141332,1.0278532895661707,0.005402879252037529,0.0,True,False,True,1.808411476069049,0.0036116592640952467,2.3741867014170364,1.7258607088552445,0.0024181923166082565,2.1999707675621996,120,120.0,87,EVALUATION_BUDGET_EXHAUSTED,6.981945771723986
task-v2-420d9636beee,g-e0c69f84d376b633,SLSQP,O0,3301,1.4204762117435394,1.356980428710385,-0.0634957830331544,0.0,True,True,False,1.4204762117435394,0.00023416322136090575,2.089088601629875,1.356980428710385,0.00010586978599922262,1.7443419528313784,120,,16,EVALUATION_BUDGET_EXHAUSTED,114.29016244597733
task-v2-ef23e17da545,g-a712031e7959d564,Nelder-Mead,O0,2207,1.429622619569656,1.3974554040920455,-0.03216721547761048,0.0,True,True,False,1.429622619569656,0.041312422185061926,2.0523493477174806,1.3974554040920455,0.004726923659162258,1.1108472773219884,120,120.0,76,EVALUATION_BUDGET_EXHAUSTED,0.38638376258313656
task-v2-c95d7e1ff6e7,g-a87f1b9ac089cc45,Nelder-Mead,O0,1103,1.2462329136991264,1.2776071696824376,0.03137425598331123,1.9984014443252818e-15,True,False,True,1.2462329136991264,0.0030158408490670212,2.2958883499846663,1.2776071696824376,0.0074305631170027,2.687501658158151,120,120.0,74,EVALUATION_BUDGET_EXHAUSTED,132.5177950039506
task-v2-eb1005d46905,g-8a16a856f5377a40,Nelder-Mead,O3,3301,0.34774531559740646,0.18457063516249125,-0.1631746804349152,0.0,True,True,False,1.505879665959836,0.0726008060014276,2.1722713944918945,1.8499130417975669,0.08767566332170205,2.2542090125814873,120,120.0,76,EVALUATION_BUDGET_EXHAUSTED,0.45896703097969294
task-v2-4e78b3f98433,g-553bb3c5ba0f2136,SLSQP,O0,1103,1.7075520846582215,1.5735677858179913,-0.13398429884023022,0.0,True,True,False,1.7075520846582215,0.054387303470284844,0.8427074966188319,1.5735677858179913,0.0068236295759583915,-0.058774587439396175,120,,16,EVALUATION_BUDGET_EXHAUSTED,0.04601854644715786
task-v2-420d9636beee,g-e0c69f84d376b633,SLSQP,O3,2207,0.9917561626579375,1.026978650814292,0.035222488156354426,0.0,True,False,True,1.7718258655066703,0.00548649071627044,3.4588645662792574,2.0462382712034834,0.00362332878908754,3.2786776623064395,120,,16,EVALUATION_BUDGET_EXHAUSTED,117.28515619784594
task-v2-b9b3757d64c0,g-a87f1b9ac089cc45,Nelder-Mead,O0,1103,1.528125569058848,1.5143142703227905,-0.013811298736057465,6.661338147750939e-16,True,True,False,1.528125569058848,0.005114521540768578,2.826314938348936,1.5143142703227905,0.006282166981655255,2.9156194021654573,120,120.0,75,EVALUATION_BUDGET_EXHAUSTED,132.53848179802299
task-v2-a2561503b5d0,g-bd62d2d752385cc7,SLSQP,O0,1103,1.5505667806297814,1.2300423019007134,-0.320524478729068,0.0,True,True,False,1.5505667806297814,0.004490343484879075,2.167729498208476,1.2300423019007134,0.003927298550207285,2.1095438522166887,120,,16,EVALUATION_BUDGET_EXHAUSTED,5.553626585751772
task-v2-526a936f38d9,g-e0c69f84d376b633,Nelder-Mead,O0,2207,1.58383095311565,1.4674282375100898,-0.11640271560556026,-5.551115123125783e-15,True,True,False,1.58383095311565,0.009678283689646837,3.1033082742775293,1.4674282375100898,0.0022212934808464573,2.464115868308406,120,120.0,76,EVALUATION_BUDGET_EXHAUSTED,131.73507544398308
task-v2-c95d7e1ff6e7,g-a87f1b9ac089cc45,SLSQP,O0,2207,1.3576274613522992,1.1936788013769777,-0.1639486599753215,4.440892098500626e-16,True,True,False,1.3576274613522992,0.009084345779898837,2.7747735871537826,1.1936788013769777,0.0011302528348980804,1.8696555356280173,120,,15,EVALUATION_BUDGET_EXHAUSTED,125.96475444175303
task-v2-73f419868dc6,g-553bb3c5ba0f2136,SLSQP,O0,1103,1.331260172705169,1.315870140744797,-0.01539003196037192,0.0,True,True,False,1.331260172705169,0.1428920997826575,0.7850969331128566,1.315870140744797,0.15385895471456185,0.81721149253442,120,,16,EVALUATION_BUDGET_EXHAUSTED,0.04756481107324362
task-v2-8f4071cbe937,g-8a16a856f5377a40,SLSQP,O0,2207,1.4722387179952567,1.2945586057791598,-0.17768011221609692,0.0,True,True,False,1.4722387179952567,0.017864574508873486,1.8643526247811317,1.2945586057791598,5.2137649700721166e-05,-0.6704886022043978,120,,16,EVALUATION_BUDGET_EXHAUSTED,0.4235008042305708
task-v2-ce7fc44fc7b5,g-548c8c6335dd2a2e,SLSQP,O3,3301,0.023255813953488372,0.023255813953488372,0.0,0.0,True,True,False,1.357055066496708,0.2426493816724397,1.0150679038966766,1.4598389725468244,0.2102979333023823,0.9529237196174682,32,32.0,4,EARLY_CONVERGENCE,0.012251636944711208
task-v2-a2561503b5d0,g-bd62d2d752385cc7,COBYLA,O0,2207,1.7453118761547814,1.3430545443819824,-0.4022573317727991,2.220446049250313e-16,True,True,False,1.7453118761547814,0.004375471349771779,2.156474779421726,1.3430545443819824,0.0017413254349110002,1.7563298786090937,120,120.0,91,EVALUATION_BUDGET_EXHAUSTED,5.962408030405641
task-v2-e243a3cd3e64,g-bd62d2d752385cc7,SLSQP,O0,1103,1.3693442092425134,1.2628872499251045,-0.10645695931740895,-8.881784197001252e-16,True,True,False,1.3693442092425134,0.008408399579822225,1.8381032854707422,1.2628872499251045,0.003765799261310908,1.4892471095438076,120,,15,EVALUATION_BUDGET_EXHAUSTED,6.674778780899942
task-v2-6996479d6302,g-60667963f6db3f1b,Nelder-Mead,O3,2207,0.9155155743902926,0.06837858395466395,-0.8471369904356287,0.0,True,True,False,2.079472709555607,0.0314463245011275,0.9058098569958066,1.534649608839391,0.15547550093401455,1.5999019300740005,120,120.0,84,EVALUATION_BUDGET_EXHAUSTED,0.10433672461658716
task-v2-420d9636beee,g-e0c69f84d376b633,Nelder-Mead,O3,1103,0.9682221087389975,1.0219061443267874,0.05368403558778989,0.0,True,False,True,1.8702038618658057,0.007944738792142813,3.6196495406196014,1.9411640128789847,0.0032702189171339114,3.2341467440743723,120,120.0,72,EVALUATION_BUDGET_EXHAUSTED,113.24257934652269
task-v2-8792ce3c54d5,g-a712031e7959d564,SLSQP,O0,1103,1.3695734167238107,1.2199864335537323,-0.14958698317007846,0.0,True,True,False,1.3695734167238107,0.0006803812267576583,0.7461422655798755,1.2199864335537323,0.000667525008836075,0.7378574848234937,120,,16,EVALUATION_BUDGET_EXHAUSTED,0.45691554993391037
task-v2-4d2b9f5eb099,g-6aa6775bed3bc2cc,SLSQP,O3,3301,0.98851072490216,0.8254928262555764,-0.16301789864658356,0.0,True,True,False,1.987606298429527,0.013875902107605954,1.1525611839386523,2.0536235605760695,0.028433225553492418,1.4641260868410528,120,,15,EVALUATION_BUDGET_EXHAUSTED,0.11794904805719852
task-v2-e449b07a1126,g-e0c69f84d376b633,SLSQP,O3,1103,0.9555631671824577,0.9844192842213336,0.028856117038875917,0.0,True,False,True,1.7055520585369612,0.009269138779332043,3.3855793064997166,1.831072370176679,0.006849786571694043,3.2542169617390373,120,,15,EVALUATION_BUDGET_EXHAUSTED,126.62041584495455
task-v2-b9b3757d64c0,g-a87f1b9ac089cc45,Nelder-Mead,O3,1103,0.9003597719146108,0.8866053899121886,-0.013754382002422183,0.0,True,True,False,1.9698453830796747,0.014870334829387924,3.2898306737550564,1.5686973350980988,0.015823225704677642,3.316804949250762,120,120.0,74,EVALUATION_BUDGET_EXHAUSTED,113.30536009464413
task-v2-5b0627539151,g-a712031e7959d564,COBYLA,O0,1103,1.7830465416178876,1.2812868389444025,-0.501759702673485,0.0,True,True,False,1.7830465416178876,0.013875023204745533,1.356653657410055,1.2812868389444025,0.009632638415591706,1.1981651975928478,120,120.0,92,EVALUATION_BUDGET_EXHAUSTED,0.6257655741646886
task-v2-526a936f38d9,g-e0c69f84d376b633,Nelder-Mead,O3,3301,0.8442859887380331,0.9085970590967102,0.06431107035867711,0.0,True,False,True,2.055017124183914,0.022397793836733598,3.4677151690986983,1.6900838419345214,0.014231291327256732,3.270754235427293,120,120.0,75,EVALUATION_BUDGET_EXHAUSTED,139.39070444740355
task-v2-780e1209d403,g-e0c69f84d376b633,SLSQP,O0,3301,1.3370539465332651,1.2924054467742152,-0.04464849975904994,-2.220446049250313e-15,True,True,False,1.3370539465332651,0.011206603594935203,2.689862681711889,1.2924054467742152,0.005818103479007396,2.405170112776455,120,,15,EVALUATION_BUDGET_EXHAUSTED,113.25451471656561
task-v2-8c0a098a6f8b,g-a712031e7959d564,Nelder-Mead,O3,1103,0.049997388019046,0.5348911877708521,0.4848937997518061,0.0,True,False,True,1.3659853824859582,0.11215114259668323,2.1180956061544682,1.3982286385100915,0.0521395476819247,1.7854591628990564,120,120.0,74,EVALUATION_BUDGET_EXHAUSTED,0.5032799746841192
task-v2-f83834022ee2,g-553bb3c5ba0f2136,SLSQP,O0,1103,1.5389340932171425,1.470347903956419,-0.06858618926072357,0.0,True,True,False,1.5389340932171425,0.11664378894238346,0.8730415923827131,1.470347903956419,0.20442999345227453,1.1167245887107458,120,,15,EVALUATION_BUDGET_EXHAUSTED,0.05296225380152464
task-v2-f5c9b9bdeb27,g-a87f1b9ac089cc45,Nelder-Mead,O0,3301,1.8398491116421625,1.3163620545519528,-0.5234870570902097,4.440892098500626e-16,True,True,False,1.8398491116421625,0.0011344227387913807,1.7743448407020324,1.3163620545519528,0.0057832888293669,2.481744800022629,120,120.0,78,EVALUATION_BUDGET_EXHAUSTED,114.4946692083031
task-v2-d7382a83ef13,g-548c8c6335dd2a2e,Nelder-Mead,O0,3301,1.5971949326129065,1.6290621009197406,0.031867168306834115,0.0,True,False,True,1.5971949326129065,0.06167547998039071,0.5962925119920164,1.6290621009197406,0.013454463119514877,-0.06495365345064688,120,120.0,76,EVALUATION_BUDGET_EXHAUSTED,0.045762878842651844
task-v2-69173fedcdae,g-8a16a856f5377a40,SLSQP,O3,1103,0.06515004817067428,0.9881990195533432,0.923048971382669,0.0,True,False,True,1.6496199834828396,0.10231244646176685,2.0782203731152107,2.1471176510245,0.013198281633327792,1.1888092949943516,120,,15,EVALUATION_BUDGET_EXHAUSTED,0.541030403226614
task-v2-b5e00db3fe1a,g-3ff7063ef9ea5cfb,Nelder-Mead,O3,2207,0.7219026394151268,0.5293113934150685,-0.19259124600005828,0.0,True,True,False,1.4794457031900907,0.03685355572705233,2.428716817263835,1.4669435117166238,0.05390361550654512,2.593855317018263,120,120.0,77,EVALUATION_BUDGET_EXHAUSTED,7.252971613779664
task-v2-ac528a9510be,g-a712031e7959d564,COBYLA,O0,1103,1.4686156905877752,1.3334611407562094,-0.13515454983156583,0.0,True,True,False,1.4686156905877752,0.019856758733951024,1.6092383113251207,1.3334611407562094,0.0003729218413542309,-0.11705222775180027,120,120.0,90,EVALUATION_BUDGET_EXHAUSTED,0.5563694396987557
task-v2-5de325b6f026,g-8a16a856f5377a40,SLSQP,O0,3301,1.4321609292032973,1.2965043212829814,-0.13565660792031586,0.0,True,True,False,1.4321609292032973,0.034730995729359726,1.976985923520505,1.2965043212829814,7.116861062986162e-05,-0.7114428235759203,120,,16,EVALUATION_BUDGET_EXHAUSTED,0.428697282448411
task-v2-f0ef0f25a74e,g-8a16a856f5377a40,COBYLA,O3,1103,0.5769404905239441,0.6523212086019884,0.07538071807804425,0.0,True,False,True,1.4841104582351106,0.049371870806580495,1.8287182771332517,1.7660080311087967,0.042475487092639215,1.7633770611407535,120,120.0,91,EVALUATION_BUDGET_EXHAUSTED,0.6099871033802629
task-v2-5d31ef4af595,g-bd62d2d752385cc7,COBYLA,O3,1103,1.0727521896359948,0.9206371256238954,-0.1521150640120994,0.0,True,True,False,2.1295160482873303,0.005392845390283936,1.946237908794163,1.523728070946511,0.01577820363215836,2.412477496024013,120,120.0,92,EVALUATION_BUDGET_EXHAUSTED,7.094256389886141
task-v2-59a464f36e13,g-bd62d2d752385cc7,COBYLA,O0,2207,1.7205532053177879,1.680208763137091,-0.04034444218069688,0.0,True,True,False,1.7205532053177879,0.0016878054104195643,2.0438023053467322,1.680208763137091,0.0014885651736796972,1.98924778468862,120,120.0,92,EVALUATION_BUDGET_EXHAUSTED,7.739720043726265
task-v2-f83834022ee2,g-553bb3c5ba0f2136,SLSQP,O3,2207,0.5033578756005106,0.046511627906976744,-0.4568462476935339,0.0,True,True,False,2.140581840528904,0.060956244605427215,0.5911981771090824,1.8314887109226548,0.1132539790412341,0.860233443346849,35,35.0,4,EARLY_CONVERGENCE,0.020921864546835423
task-v2-f4789f22d2c1,g-6aa6775bed3bc2cc,Nelder-Mead,O3,1103,1.074267140900562,0.9387018562743269,-0.13556528462623507,0.0,True,True,False,1.8402871640099225,0.004754938667709038,0.08538488480877068,1.5663443500246272,0.02048661731319245,0.7197102202726832,120,120.0,80,EVALUATION_BUDGET_EXHAUSTED,0.13078959565609694
task-v2-f6d986d24578,g-bd62d2d752385cc7,SLSQP,O0,1103,1.2872871566027484,1.2637082351887903,-0.02357892141395812,-2.4424906541753444e-15,True,True,False,1.2872871566027484,0.00380230322155793,1.9194054234146383,1.2637082351887903,0.006816243713829232,2.1729037860780216,120,,16,EVALUATION_BUDGET_EXHAUSTED,5.504146486520767
task-v2-5b0627539151,g-a712031e7959d564,COBYLA,O3,2207,0.13921218556302198,0.41885765700351796,0.279645471440496,0.0,True,False,True,1.3573058598023975,0.09112008944597114,2.1740340766823274,1.7848619884780383,0.06307150317409228,2.0142531208905194,120,120.0,93,EVALUATION_BUDGET_EXHAUSTED,0.6880111023783684
task-v2-8792ce3c54d5,g-a712031e7959d564,SLSQP,O0,3301,1.3695734160536386,1.3540685296965855,-0.01550488635705305,0.0,True,True,False,1.3695734160536386,0.0006802075577590853,0.7460313966839595,1.3540685296965855,0.0012686418100970453,1.016728963790489,120,,16,EVALUATION_BUDGET_EXHAUSTED,0.47275143675506115
task-v2-b5e00db3fe1a,g-3ff7063ef9ea5cfb,Nelder-Mead,O3,3301,1.0270092003017357,0.9641916408607838,-0.06281755944095191,0.0,True,True,False,1.9283665435316386,0.008662363067905762,1.7998738036587305,1.628585131424498,0.009378656516601417,1.8343780517579902,120,120.0,70,EVALUATION_BUDGET_EXHAUSTED,7.394100954756141
task-v2-b9b3757d64c0,g-a87f1b9ac089cc45,Nelder-Mead,O3,2207,0.8301172711415237,0.8651363183084454,0.035019047166921724,0.0,True,False,True,1.927112934218992,0.021877180673670428,3.457501279746149,1.6093123000770575,0.017798397766021275,3.3678908346249457,120,120.0,80,EVALUATION_BUDGET_EXHAUSTED,111.8364625889808
task-v2-4968f3a685c2,g-8a16a856f5377a40,COBYLA,O0,2207,1.7232437036626118,1.3634444461392046,-0.35979925752340725,0.0,True,True,False,1.7232437036626118,0.0036516813680191173,1.4758828192442515,1.3634444461392046,1.1173642455686995e-06,-2.0384152860692226,120,120.0,88,EVALUATION_BUDGET_EXHAUSTED,0.6231544865295291
task-v2-7133b996bac7,g-a87f1b9ac089cc45,SLSQP,O0,2207,1.2238476369697524,1.218727314074261,-0.005120322895491469,2.6645352591003757e-15,True,True,False,1.2238476369697524,0.0007306825360089369,2.1061773903238734,1.218727314074261,0.0006240287948937129,2.0376532929228257,120,,15,EVALUATION_BUDGET_EXHAUSTED,125.39672225527465
task-v2-780e1209d403,g-e0c69f84d376b633,COBYLA,O0,1103,1.9654821428911542,1.281812634839387,-0.6836695080517672,8.881784197001252e-16,True,True,False,1.9654821428911542,0.002780205432023379,2.0844655591040357,1.281812634839387,0.0020726492360069516,1.9569144822214204,120,120.0,90,EVALUATION_BUDGET_EXHAUSTED,116.4941975036636
task-v2-ef23e17da545,g-a712031e7959d564,COBYLA,O3,2207,0.6664129679528197,0.6853844427020397,0.018971474749220008,0.0,True,False,True,1.8771278587771747,0.03992877569899374,2.0375546829200353,1.797858754996444,0.037098882833534304,2.0056295207229207,120,120.0,91,EVALUATION_BUDGET_EXHAUSTED,0.5963203562423587
task-v2-6996479d6302,g-60667963f6db3f1b,Nelder-Mead,O0,3301,1.6023182904626487,1.5533502641182682,-0.04896802634438058,0.0,True,True,False,1.6023182904626487,0.00860688534689254,0.3430859830395005,1.5533502641182682,0.019005719278738085,0.6871242756032888,120,120.0,76,EVALUATION_BUDGET_EXHAUSTED,0.09724662732332945
task-v2-e243a3cd3e64,g-bd62d2d752385cc7,COBYLA,O0,2207,1.5625791316690603,1.2146434975756462,-0.3479356340934141,0.0,True,True,False,1.5625791316690603,0.012323601857881184,2.0041276026276544,1.2146434975756462,0.0028136419463776824,1.3626587735441995,120,120.0,93,EVALUATION_BUDGET_EXHAUSTED,8.103734123520553
task-v2-f1a738d52e35,g-60667963f6db3f1b,SLSQP,O0,2207,1.6535241605102375,1.6953343903164693,0.041810229806231725,0.0,True,False,True,1.6535241605102375,0.0846678910392373,1.6369887032037422,1.6953343903164693,0.012601329278187162,0.8096863209927397,120,,16,EVALUATION_BUDGET_EXHAUSTED,0.11803166568279266
task-v2-73f419868dc6,g-553bb3c5ba0f2136,SLSQP,O3,1103,0.0586218578803886,0.058340460495871875,-0.0002813973845167267,0.0,True,True,False,1.3623409770231474,0.12711871490731358,0.7342982086973567,1.337650918730155,0.1360480752660705,0.7637811169261021,120,,16,EVALUATION_BUDGET_EXHAUSTED,0.04666906222701073
task-v2-e442db508705,g-548c8c6335dd2a2e,SLSQP,O0,2207,1.373086472831165,1.5656083816298914,0.19252190879872644,0.0,True,False,True,1.373086472831165,0.0631894711865023,0.9078546905484131,1.5656083816298914,0.10448029726047374,1.1262443692067363,120,,15,EVALUATION_BUDGET_EXHAUSTED,0.04240388050675392
task-v2-3cd2eda112d3,g-6aa6775bed3bc2cc,COBYLA,O0,2207,1.3100754511233283,1.3764520163578597,0.06637656523453139,0.0,True,False,True,1.3100754511233283,0.08239095012448042,1.4490582130487444,1.3764520163578597,0.050032304074646886,1.2324292052805508,120,120.0,89,EVALUATION_BUDGET_EXHAUSTED,0.288798357360065
task-v2-6996479d6302,g-60667963f6db3f1b,SLSQP,O3,2207,0.07807322820921432,0.06845220389170482,-0.009621024317509497,0.0,True,True,False,1.4806630341845328,0.13597988629044339,1.5417146389829053,1.5436959526222336,0.15492860131986103,1.5983715654388109,120,,15,EVALUATION_BUDGET_EXHAUSTED,0.12407688144594431
task-v2-a2561503b5d0,g-bd62d2d752385cc7,Nelder-Mead,O3,1103,1.0146704383101943,0.9685524028743843,-0.046118035435810056,0.0,True,True,False,1.927968478375025,0.00429549377920281,2.148463029380069,1.616532733873273,0.008424917129331749,2.4410155726394813,120,120.0,75,EVALUATION_BUDGET_EXHAUSTED,5.649115081876516
task-v2-ac528a9510be,g-a712031e7959d564,SLSQP,O0,1103,1.2952354185195027,1.2519032257367728,-0.04333219278272993,0.0,True,True,False,1.2952354185195027,0.0017543639278597444,0.5554496413719607,1.2519032257367728,0.002439072452365546,0.6985546534765689,120,,16,EVALUATION_BUDGET_EXHAUSTED,0.427655640989542
task-v2-eb1005d46905,g-8a16a856f5377a40,COBYLA,O3,2207,0.3829430398606754,0.5540262838548432,0.1710832439941678,0.0,True,False,True,1.8952592146911784,0.06836016641482305,2.146133063592858,1.7561646642481963,0.051161306789284836,2.020271581232522,120,120.0,96,EVALUATION_BUDGET_EXHAUSTED,0.6353493137285113
task-v2-0b71cbcaebc2,g-3ff7063ef9ea5cfb,SLSQP,O0,3301,1.6188673624362544,1.4845909843210334,-0.13427637811522097,1.1102230246251565e-15,True,True,False,1.6188673624362544,0.0037307811644134545,1.911158451378806,1.4845909843210334,0.0016206253761336022,1.5490413108135939,120,,15,EVALUATION_BUDGET_EXHAUSTED,5.675758805125952
task-v2-e243a3cd3e64,g-bd62d2d752385cc7,SLSQP,O3,2207,1.0548103423250215,1.1535631088687497,0.09875276654372822,0.0,True,False,True,2.2938156743729703,0.0010306598597587637,0.9265053059058225,2.409233686713864,0.001800828157869869,1.1688622163349591,120,,15,EVALUATION_BUDGET_EXHAUSTED,6.274417066946626
task-v2-ce7fc44fc7b5,g-548c8c6335dd2a2e,COBYLA,O0,1103,1.4606063228441015,1.4671321646578535,0.006525841813751931,0.0,True,False,True,1.4606063228441015,0.1354543710475725,0.761881738998106,1.4671321646578535,0.12696453245614725,0.7337711326570304,120,120.0,85,EVALUATION_BUDGET_EXHAUSTED,0.22198273800313473
task-v2-e449b07a1126,g-e0c69f84d376b633,COBYLA,O0,2207,1.7319339629705766,1.3601823746106878,-0.37175158835988875,-9.103828801926284e-15,True,True,False,1.7319339629705766,0.0025872259773547126,2.8313742851220454,1.3601823746106878,0.0003071851690170399,1.9059401659623558,120,120.0,93,EVALUATION_BUDGET_EXHAUSTED,121.81750617548823
task-v2-f6d986d24578,g-bd62d2d752385cc7,SLSQP,O3,2207,0.8167690959433185,0.7538642825817534,-0.06290481336156506,0.0,True,True,False,1.6531394467756608,0.02682992539537126,2.767978140956757,1.561501798700939,0.03265862653638576,2.8533565923668025,120,,15,EVALUATION_BUDGET_EXHAUSTED,5.269181054085493
task-v2-780e1209d403,g-e0c69f84d376b633,COBYLA,O3,3301,1.0475953428320317,0.7309734213794917,-0.31662192145254,0.0,True,True,False,1.9896514155742195,0.008505838484992166,2.5701058033268565,1.4343405014936739,0.032894878018070776,3.1575169518383257,120,120.0,86,EVALUATION_BUDGET_EXHAUSTED,119.02323763817549
task-v2-2d64318cb7be,g-6aa6775bed3bc2cc,COBYLA,O3,1103,1.0413344881932716,1.0046417623022685,-0.03669272589100303,0.0,True,True,False,2.161364710097511,0.01088060208509651,0.7459228889666935,2.054030067857933,0.013092278873371601,0.8262852084425747,103,103.0,70,EARLY_CONVERGENCE,0.2272465731948614
task-v2-526a936f38d9,g-e0c69f84d376b633,SLSQP,O0,2207,1.3153267180310204,1.2960407164178567,-0.01928600161316374,0.0,True,True,False,1.3153267180310204,0.0005160827890658759,1.8302293022373972,1.2960407164178567,0.0006435478769471131,1.9260907882048268,120,,16,EVALUATION_BUDGET_EXHAUSTED,133.42972714547068
task-v2-a0f813383468,g-60667963f6db3f1b,Nelder-Mead,O3,1103,0.7354072996572876,0.46178266612034286,-0.2736246335369447,0.0,True,True,False,1.8443247459136578,0.03986603740491851,1.1337817718262477,1.9494577410210816,0.06520603569052753,1.3474664992743117,120,120.0,75,EVALUATION_BUDGET_EXHAUSTED,0.11753444653004408
task-v2-2d64318cb7be,g-6aa6775bed3bc2cc,COBYLA,O3,3301,1.0135048110703468,0.4513846163519964,-0.5621201947183505,0.0,True,True,False,2.2100781615533465,0.013750225522416042,0.8475797822212124,2.04861142577826,0.06533889194864118,1.5244417261830305,120,120.0,92,EVALUATION_BUDGET_EXHAUSTED,0.40596175473183393
task-v2-4d2b9f5eb099,g-6aa6775bed3bc2cc,SLSQP,O0,1103,1.805276804625556,1.5425780094366104,-0.2626987951889457,0.0,True,True,False,1.805276804625556,0.005121197846170953,0.7196715108066737,1.5425780094366104,0.0007784852940377435,-0.0984496304105548,120,,16,EVALUATION_BUDGET_EXHAUSTED,0.11195211671292782
task-v2-5d31ef4af595,g-bd62d2d752385cc7,Nelder-Mead,O0,2207,1.4254755291200238,1.257158071953565,-0.16831745716645874,6.661338147750939e-16,True,True,False,1.4254755291200238,0.009829634795575502,2.206957321907865,1.257158071953565,0.0016139621236845158,1.4223132778182037,120,120.0,78,EVALUATION_BUDGET_EXHAUSTED,7.2968272706493735
task-v2-4d2b9f5eb099,g-6aa6775bed3bc2cc,COBYLA,O3,3301,1.1078439227709835,0.839573038404286,-0.26827088436669755,0.0,True,True,False,2.270959359177122,0.002623121146617549,0.42911830521435673,1.7474510943487258,0.02635654230762834,1.4311883915749346,120,120.0,95,EVALUATION_BUDGET_EXHAUSTED,0.3251330778002739
task-v2-5acbf653f95a,g-a712031e7959d564,SLSQP,O3,2207,0.6071031790145075,0.7331541322676716,0.12605095325316407,0.0,True,False,True,1.6468981384589545,0.045111619580141885,2.2666483672200477,1.8232182029343973,0.03231632797819195,2.121781955101007,120,,16,EVALUATION_BUDGET_EXHAUSTED,0.39776076655834913
task-v2-0c6c4504c3d3,g-8a16a856f5377a40,COBYLA,O0,1103,1.8606721002159343,1.3855528032729914,-0.47511929694294297,0.0,True,True,False,1.8606721002159343,0.011093043912126122,1.259470671455014,1.3855528032729914,0.003441294833119656,0.7511418217137278,120,120.0,95,EVALUATION_BUDGET_EXHAUSTED,0.678036279976368
task-v2-11173062a501,g-a87f1b9ac089cc45,SLSQP,O0,1103,1.5123671456367462,1.351203898369583,-0.16116324726716313,-1.7763568394002505e-15,True,True,False,1.5123671456367462,0.0038964795781658715,2.5320910716329124,1.351203898369583,0.005240795998657243,2.6608159220725853,120,,16,EVALUATION_BUDGET_EXHAUSTED,126.219447767362
task-v2-f1a738d52e35,g-60667963f6db3f1b,SLSQP,O3,1103,1.067679721245126,0.15575934134591207,-0.9119203798992138,0.0,True,True,False,2.4090939387242836,0.009413354809423824,0.6830143894578488,1.8369160766804757,0.09332432877873338,1.6792648359873468,120,,14,EVALUATION_BUDGET_EXHAUSTED,0.12064439617097378
task-v2-07b8f456a957,g-3ff7063ef9ea5cfb,SLSQP,O0,2207,1.3158085625479847,1.2152642552942183,-0.1005443072537664,-8.881784197001252e-16,True,True,False,1.3158085625479847,0.023905266075213965,2.2918835255625014,1.2152642552942183,0.004268711982478703,1.5436867968100454,120,,16,EVALUATION_BUDGET_EXHAUSTED,5.391913328319788
task-v2-8792ce3c54d5,g-a712031e7959d564,Nelder-Mead,O0,3301,1.566346338584779,1.556714172389808,-0.009632166194970981,0.0,True,True,False,1.566346338584779,0.01567834912475406,2.1086902746998626,1.556714172389808,0.004307188406485331,1.5475838128652921,120,120.0,74,EVALUATION_BUDGET_EXHAUSTED,0.44918597396463156
task-v2-5acbf653f95a,g-a712031e7959d564,COBYLA,O0,2207,1.5795989008625129,1.6256222603883883,0.04602335952587544,0.0,True,False,True,1.5795989008625129,0.018074521206127812,1.8694267496305659,1.6256222603883883,0.01705035759515209,1.8440934397990907,120,120.0,94,EVALUATION_BUDGET_EXHAUSTED,0.6314874300733209
task-v2-7d4ec5aed494,g-a87f1b9ac089cc45,SLSQP,O3,1103,1.01314543621624,0.9317608985735781,-0.08138453764266185,0.0,True,True,False,1.5323908119889396,0.0027136228998187076,2.8520894174836684,1.4578900261640126,0.010654897795520972,3.446089210159165,120,,16,EVALUATION_BUDGET_EXHAUSTED,125.20556216873229
task-v2-e442db508705,g-548c8c6335dd2a2e,COBYLA,O3,2207,0.8294708900428373,0.47285056089923483,-0.3566203291436024,0.0,True,True,False,2.3680581978269806,0.029496163144069935,0.5769754963470061,2.0198027831454124,0.059121621704945074,0.8789563078873001,120,120.0,91,EVALUATION_BUDGET_EXHAUSTED,0.24307210929691792
task-v2-07b8f456a957,g-3ff7063ef9ea5cfb,SLSQP,O3,2207,1.0327908965786836,0.8541417114401263,-0.17864918513855732,0.0,True,True,False,1.8427129747370041,0.004211253308223878,1.5378013087887115,1.739052032880334,0.0217042105537898,2.2499339375213765,120,,16,EVALUATION_BUDGET_EXHAUSTED,5.600850781425834
task-v2-07b8f456a957,g-3ff7063ef9ea5cfb,Nelder-Mead,O0,3301,1.8588990698283525,1.399199654622536,-0.4596994152058165,0.0,True,True,False,1.8588990698283525,0.004499054242789622,1.5665111728947232,1.399199654622536,0.0032897641028743286,1.4305547010063482,120,120.0,76,EVALUATION_BUDGET_EXHAUSTED,5.427808010019362
task-v2-4968f3a685c2,g-8a16a856f5377a40,SLSQP,O3,1103,0.9467327133587677,0.9360405775611781,-0.010692135797589652,0.0,True,True,False,1.4955823186972403,0.012115522558693886,1.9967320942111781,1.9798277478961035,0.015341468846383858,2.0992568861221836,120,,16,EVALUATION_BUDGET_EXHAUSTED,0.5139358723536134
task-v2-a2561503b5d0,g-bd62d2d752385cc7,Nelder-Mead,O0,1103,1.3216501318104026,1.4870847511798857,0.16543461936948312,2.220446049250313e-15,True,False,True,1.3216501318104026,0.0014771735066057752,1.6848814448524834,1.4870847511798857,0.003926923900053137,2.10950242010912,120,120.0,74,EVALUATION_BUDGET_EXHAUSTED,5.983546425588429
task-v2-ce7fc44fc7b5,g-548c8c6335dd2a2e,SLSQP,O0,1103,1.4604671574383068,1.4301001226333472,-0.030367034804959614,0.0,True,True,False,1.4604671574383068,0.13554331515256107,0.762166818446001,1.4301001226333472,0.29025292144377024,1.0928653146067706,120,,16,EVALUATION_BUDGET_EXHAUSTED,0.045327991247177124
task-v2-89b7591232ff,g-e0c69f84d376b633,SLSQP,O0,3301,1.2866093124177596,1.239234528509395,-0.04737478390836447,0.0,True,True,False,1.2866093124177596,0.0007539595676226497,1.8187667239383836,1.239234528509395,0.0013281373006959582,2.064661641249192,120,,16,EVALUATION_BUDGET_EXHAUSTED,131.35322353243828
task-v2-5de325b6f026,g-8a16a856f5377a40,COBYLA,O0,2207,1.6044432914583262,1.3223415035471708,-0.28210178791115537,0.0,True,True,False,1.6044432914583262,0.01722991427960021,1.672551805710718,1.3223415035471708,6.926597193008917e-05,-0.7232113785311909,120,120.0,92,EVALUATION_BUDGET_EXHAUSTED,0.6544438917189837
task-v2-420d9636beee,g-e0c69f84d376b633,COBYLA,O3,2207,1.0486279304828043,1.0151530054596039,-0.033474925023200486,0.0,True,True,False,2.0480691279540704,0.002597282906160713,3.1340891748663573,1.8667997532658829,0.0034200014800460513,3.253596211617887,120,120.0,87,EVALUATION_BUDGET_EXHAUSTED,128.17470535915345
task-v2-4968f3a685c2,g-8a16a856f5377a40,COBYLA,O0,1103,1.5662325896426237,1.4040450075189717,-0.16218758212365203,0.0,True,True,False,1.5662325896426237,0.0007725120280594899,0.8012951937728963,1.4040450075189717,0.0002844438850147038,0.36738654535686044,120,120.0,90,EVALUATION_BUDGET_EXHAUSTED,0.648493486456573
task-v2-780e1209d403,g-e0c69f84d376b633,Nelder-Mead,O3,3301,0.8302692858811103,0.904001775631039,0.07373248974992874,0.0,True,False,True,1.5262124012834746,0.023156412044641705,3.005059940357156,1.4538543197554508,0.015029970907332617,2.817346811516394,120,120.0,71,EVALUATION_BUDGET_EXHAUSTED,112.24115815386176
task-v2-5d31ef4af595,g-bd62d2d752385cc7,SLSQP,O3,1103,1.0376748833337013,0.908389341647711,-0.12928554168599027,0.0,True,True,False,1.9168404455269095,0.002577102529615393,1.6255516365274387,1.567516021962341,0.016555883392537597,2.4333722981844126,120,,16,EVALUATION_BUDGET_EXHAUSTED,6.195412162691355
task-v2-8f4071cbe937,g-8a16a856f5377a40,COBYLA,O0,1103,1.5534516954235706,1.3730976756675284,-0.18035401975604226,0.0,True,True,False,1.5534516954235706,0.006304542453679463,1.4120135215013567,1.3730976756675284,0.00028382016036751327,0.06540318907300098,120,120.0,92,EVALUATION_BUDGET_EXHAUSTED,0.5867166370153427
task-v2-0b71cbcaebc2,g-3ff7063ef9ea5cfb,SLSQP,O3,3301,0.8566628594711347,0.9430323795857505,0.08636952011461574,0.0,True,False,True,1.7122057385670713,0.02163757440164969,2.6745672501286935,1.6709315913188347,0.011079185529680922,2.383866510938457,120,,16,EVALUATION_BUDGET_EXHAUSTED,5.618747007101774
task-v2-e449b07a1126,g-e0c69f84d376b633,COBYLA,O3,1103,1.0018002239621981,1.0076670225511775,0.005866798588979316,0.0,True,False,True,1.832084852346514,0.005044501003821747,3.121358134743666,1.7776895481287678,0.004044644968099668,3.025420327958739,120,120.0,86,EVALUATION_BUDGET_EXHAUSTED,127.4395512714982
task-v2-f5c9b9bdeb27,g-a87f1b9ac089cc45,Nelder-Mead,O0,1103,1.8400204524866135,1.2182526670752702,-0.6217677854113433,-1.5543122344752192e-15,True,True,False,1.8400204524866135,0.001144551365636155,1.7782052055058588,1.2182526670752702,0.0028166230719842453,2.169298650043353,120,120.0,79,EVALUATION_BUDGET_EXHAUSTED,128.2454568007961
task-v2-f4789f22d2c1,g-6aa6775bed3bc2cc,SLSQP,O0,1103,1.2787311656956755,1.3601506832429333,0.08141951754725785,0.0,True,False,True,1.2787311656956755,0.07108007894798704,1.2599878668122504,1.3601506832429333,0.038126696815666695,0.9894691462249207,120,,15,EVALUATION_BUDGET_EXHAUSTED,0.12751614209264517
task-v2-095187356858,g-3ff7063ef9ea5cfb,SLSQP,O3,3301,0.9469154511048827,1.0070246907971316,0.060109239692248906,0.0,True,False,True,1.7268979212422473,0.012564446296085368,2.614593289340496,1.7832922977138568,0.004848461615678619,2.201053896695113,120,,16,EVALUATION_BUDGET_EXHAUSTED,5.618515161797404
task-v2-7133b996bac7,g-a87f1b9ac089cc45,SLSQP,O3,3301,0.8264174143095139,1.1638329815313206,0.33741556722180677,0.0,True,False,True,1.6599719527220942,0.02323651582813825,3.6086196717239063,2.3448719281756523,0.00038470727855336183,1.8275790660098095,120,,15,EVALUATION_BUDGET_EXHAUSTED,127.7471339609474
task-v2-5b0627539151,g-a712031e7959d564,COBYLA,O3,3301,0.842345373480293,0.08641874154816202,-0.755926631932131,0.0,True,True,False,1.9195227239263288,0.02501906875657223,1.6126910799285703,1.7432987066339873,0.09468645326130598,2.1907077884711232,120,120.0,89,EVALUATION_BUDGET_EXHAUSTED,0.7513461224734783
task-v2-f1a738d52e35,g-60667963f6db3f1b,COBYLA,O0,1103,1.8938866033641333,1.7301822087548915,-0.1637043946092418,0.0,True,True,False,1.8938866033641333,0.011501538815235166,0.770025910395246,1.7301822087548915,0.007928386110257559,0.608454752991783,120,120.0,92,EVALUATION_BUDGET_EXHAUSTED,0.4570396142080426
task-v2-c5ed7c8b71f4,g-a712031e7959d564,SLSQP,O0,3301,1.7069369954477827,1.3260361424601559,-0.38090085298762677,0.0,True,True,False,1.7069369954477827,0.014691226552498458,1.3022967492660482,1.3260361424601559,0.03540089534909868,1.6842529394619115,120,,16,EVALUATION_BUDGET_EXHAUSTED,0.41322884801775217
task-v2-3f363bac5736,g-60667963f6db3f1b,COBYLA,O3,3301,1.1450652192199697,0.7914829717788924,-0.35358224744107736,0.0,True,True,False,2.363281804135599,0.0021815494222714926,0.34906501287012864,1.9241348088143093,0.030514035496059893,1.494799603737308,120,120.0,96,EVALUATION_BUDGET_EXHAUSTED,0.31343860551714897
task-v2-3f363bac5736,g-60667963f6db3f1b,Nelder-Mead,O3,2207,0.621268116080092,0.6145609076887538,-0.006707208391338204,0.0,True,True,False,1.9154399656163883,0.04741308954014911,1.6861982124548895,1.8113498778505377,0.04770427967786809,1.6888572991413127,120,120.0,75,EVALUATION_BUDGET_EXHAUSTED,0.11048429366201162
task-v2-ac528a9510be,g-a712031e7959d564,COBYLA,O3,3301,0.6730187190513061,0.5068750572131966,-0.16614366183810947,0.0,True,True,False,1.7697615187437963,0.03955762772208292,1.908560191293117,1.9296795436220537,0.05579362841189539,2.0579145579877576,120,120.0,94,EVALUATION_BUDGET_EXHAUSTED,0.6299587152898312
task-v2-c5ed7c8b71f4,g-a712031e7959d564,COBYLA,O3,2207,0.4270924295191905,0.5929867554419745,0.16589432592278403,0.0,True,False,True,1.8067635596636566,0.06255849259179798,1.9315249686747216,1.7306532119679443,0.04653518773225597,1.803020163531337,120,120.0,92,EVALUATION_BUDGET_EXHAUSTED,0.6586438473314047
task-v2-606c43f06406,g-3ff7063ef9ea5cfb,COBYLA,O3,2207,0.9375253447012671,0.9334440884713833,-0.004081256229883867,0.0,True,True,False,1.768941249401442,0.012464702793525332,2.3101018670075106,1.8002474796312966,0.012891116687014927,2.324710478837099,120,120.0,91,EVALUATION_BUDGET_EXHAUSTED,7.2973326444625854
task-v2-f0ef0f25a74e,g-8a16a856f5377a40,SLSQP,O3,3301,0.8487449291655117,0.17985682834046743,-0.6688881008250442,0.0,True,True,False,1.795637680736028,0.023967484626949045,1.5148611507294931,1.694617668828443,0.08812475797889584,2.0803366305261557,120,,16,EVALUATION_BUDGET_EXHAUSTED,0.5025789914652705
task-v2-3cd2eda112d3,g-6aa6775bed3bc2cc,COBYLA,O0,1103,1.4826812389545612,1.4815563408147296,-0.0011248981398315205,0.0,True,True,False,1.4826812389545612,0.01501158196120814,0.7096051637051318,1.4815563408147296,0.005974626107299255,0.30948943419848124,120,120.0,90,EVALUATION_BUDGET_EXHAUSTED,0.29816710110753775
task-v2-f6d986d24578,g-bd62d2d752385cc7,Nelder-Mead,O3,2207,0.8185518560633039,0.8991147082390367,0.08056285217573278,0.0,True,False,True,1.6411579816433455,0.026584084045670815,2.7639803772003217,1.7927183617227564,0.017636775323387567,2.585777858327976,120,120.0,76,EVALUATION_BUDGET_EXHAUSTED,6.064158204942942
task-v2-eb1005d46905,g-8a16a856f5377a40,Nelder-Mead,O3,2207,0.34815107219464436,0.07307691452661452,-0.27507415766802984,0.0,True,True,False,1.4732067590762763,0.07255611941085752,2.172003999184952,1.5307556356795322,0.12113466026193087,2.3945983779139732,120,120.0,78,EVALUATION_BUDGET_EXHAUSTED,0.43032922875136137
task-v2-c95d7e1ff6e7,g-a87f1b9ac089cc45,Nelder-Mead,O0,2207,1.2115919690806143,1.2480072638533175,0.03641529477270322,0.0,True,False,True,1.2115919690806143,0.021145949809958847,3.141707127695164,1.2480072638533175,0.0055241784854845495,2.5587476327549075,120,120.0,76,EVALUATION_BUDGET_EXHAUSTED,128.59722774475813
task-v2-d7382a83ef13,g-548c8c6335dd2a2e,SLSQP,O0,3301,1.6123802442340769,1.4532995119754273,-0.1590807322586496,0.0,True,True,False,1.6123802442340769,0.0027909688889039604,-0.7480650306068948,1.4532995119754273,0.1817516710425299,1.0656583864789988,120,,16,EVALUATION_BUDGET_EXHAUSTED,0.05878765136003494
task-v2-7133b996bac7,g-a87f1b9ac089cc45,Nelder-Mead,O0,1103,1.5272405325539251,1.457075914672862,-0.0701646178810631,2.220446049250313e-15,True,True,False,1.5272405325539251,0.003391307525353382,2.7728158364866147,1.457075914672862,0.002825634074375839,2.693564581990572,120,120.0,79,EVALUATION_BUDGET_EXHAUSTED,131.73798934090883
task-v2-5f165c277bb9,g-e0c69f84d376b633,Nelder-Mead,O0,2207,1.4011865209536236,1.241387141396615,-0.15979937955700851,-1.5543122344752192e-15,True,True,False,1.4011865209536236,0.024524233764159232,3.2060753777788045,1.241387141396615,0.0021394212236310506,2.146776230430704,120,120.0,77,EVALUATION_BUDGET_EXHAUSTED,132.08919119089842
task-v2-526a936f38d9,g-e0c69f84d376b633,COBYLA,O3,2207,0.9748623084362159,0.9338036035634053,-0.0410587048728106,0.0,True,True,False,1.9630051834779274,0.011092172542651579,3.162526542849712,1.8195448365946363,0.012202961166349046,3.2039751555001663,120,120.0,91,EVALUATION_BUDGET_EXHAUSTED,132.04319682717323
task-v2-606c43f06406,g-3ff7063ef9ea5cfb,SLSQP,O0,3301,1.371393388682595,1.4016435276973311,0.030250139014736055,-2.886579864025407e-15,True,False,True,1.371393388682595,0.0021446493323551887,1.5457762309339529,1.4016435276973311,0.0013108938214360074,1.331987455828012,120,,16,EVALUATION_BUDGET_EXHAUSTED,6.745196078903973
task-v2-89b7591232ff,g-e0c69f84d376b633,SLSQP,O3,1103,0.8027609743890349,0.8406254906546997,0.03786451626566478,0.0,True,False,True,1.652639672481188,0.02480872813658203,3.336023167198571,1.7829483484550428,0.021329495894360916,3.2703992585987063,120,,15,EVALUATION_BUDGET_EXHAUSTED,111.12254529073834
task-v2-c95d7e1ff6e7,g-a87f1b9ac089cc45,SLSQP,O0,3301,1.9459532999102473,1.323700596689573,-0.6222527032206744,0.0,True,True,False,1.9459532999102473,0.001345306108400166,1.945301044748978,1.323700596689573,0.011561494296834542,2.879493899909692,120,,15,EVALUATION_BUDGET_EXHAUSTED,126.36359388940036
task-v2-f6d986d24578,g-bd62d2d752385cc7,COBYLA,O0,1103,1.5510844160725092,1.3796136838162887,-0.17147073225622056,0.0,True,True,False,1.5510844160725092,0.005213629157504607,2.0564988127138806,1.3796136838162887,0.002057315533440478,1.652659581076123,120,120.0,89,EVALUATION_BUDGET_EXHAUSTED,6.056786198168993
task-v2-f5c9b9bdeb27,g-a87f1b9ac089cc45,Nelder-Mead,O3,3301,1.0983537876348985,0.9640931299822029,-0.13426065765269568,0.0,True,True,False,2.103731827399152,0.0018142294502377701,1.9782621301470176,1.3949653726369717,0.008123005643041433,2.629286672553903,120,120.0,77,EVALUATION_BUDGET_EXHAUSTED,111.83352481294423
task-v2-4d2b9f5eb099,g-6aa6775bed3bc2cc,Nelder-Mead,O3,3301,0.9894088206080243,0.9753274507191593,-0.014081369888864992,0.0,True,True,False,1.9850813695127998,0.013644188142185567,1.1452476559818596,2.1457290342982906,0.014089498362070022,1.1591954875445452,120,120.0,69,EVALUATION_BUDGET_EXHAUSTED,0.10364430770277977
task-v2-a2561503b5d0,g-bd62d2d752385cc7,SLSQP,O3,2207,0.887749431922861,0.8088487252354116,-0.07890070668744942,0.0,True,True,False,1.6344466923429377,0.019605419734812977,2.8078260795588004,1.578923255939396,0.02684075899513758,2.944244727482732,120,,15,EVALUATION_BUDGET_EXHAUSTED,5.52864143718034
task-v2-6e79cb6720c5,g-e0c69f84d376b633,SLSQP,O3,3301,0.9127920449880753,0.9675673592432213,0.054775314255146035,0.0,True,False,True,1.6617482417267058,0.013694357811162286,3.3789903339797274,1.6916247872779793,0.008136954775388124,3.152910565120675,120,,15,EVALUATION_BUDGET_EXHAUSTED,119.00340633001179
task-v2-f6d986d24578,g-bd62d2d752385cc7,COBYLA,O3,1103,1.062709707434631,0.9619007182313025,-0.10080898920332848,0.0,True,True,False,2.215339072979378,0.004009727622718625,1.9424735482828375,1.6271174725425679,0.01016875796335503,2.346626586289683,120,120.0,93,EVALUATION_BUDGET_EXHAUSTED,6.1385644460096955
task-v2-73f419868dc6,g-553bb3c5ba0f2136,SLSQP,O0,2207,1.4501839996334493,1.1613089313618277,-0.2888750682716217,0.0,True,True,False,1.4501839996334493,0.027605732933406846,0.07108799709476696,1.1613089313618277,0.2808330265093781,1.0785368952640022,120,,16,EVALUATION_BUDGET_EXHAUSTED,0.04049818962812424
task-v2-e442db508705,g-548c8c6335dd2a2e,SLSQP,O3,2207,0.8294303691964133,0.023255813953488372,-0.8061745552429249,0.0,True,True,False,2.3668701876502594,0.029475099169831855,0.5766652446139193,1.9445246413455792,0.10244054700524398,1.117681858467345,56,56.0,7,EARLY_CONVERGENCE,0.02452242374420166
task-v2-4746dcc3bd93,g-a87f1b9ac089cc45,SLSQP,O0,2207,1.2186437170774354,1.263780770812186,0.04513705373475063,-1.3322676295501878e-15,True,False,True,1.2186437170774354,0.0004908817633045973,2.4105468155877894,1.263780770812186,0.0008567057140888243,2.6524015812002406,120,,16,EVALUATION_BUDGET_EXHAUSTED,115.9887341633439
task-v2-a2561503b5d0,g-bd62d2d752385cc7,Nelder-Mead,O0,2207,1.443781464093978,1.445559121199707,0.0017776571057290802,-2.220446049250313e-16,True,False,True,1.443781464093978,0.008369908159855192,2.4381706276140376,1.445559121199707,0.00136102065251362,1.6493146503207683,120,120.0,76,EVALUATION_BUDGET_EXHAUSTED,5.70516515802592
task-v2-b9b3757d64c0,g-a87f1b9ac089cc45,COBYLA,O0,2207,1.576956580765351,1.4721627571824896,-0.10479382358286138,6.661338147750939e-16,True,True,False,1.576956580765351,0.003765378073226084,2.6933185155554313,1.4721627571824896,0.003737108393050864,2.6900456208248142,120,120.0,88,EVALUATION_BUDGET_EXHAUSTED,117.57280708942562
task-v2-f6d986d24578,g-bd62d2d752385cc7,SLSQP,O0,3301,1.287166105736012,1.2827659273316196,-0.00440017840439233,-1.3322676295501878e-15,True,True,False,1.287166105736012,0.0037965923829516262,1.9187526479878443,1.2827659273316196,0.004932929768539771,2.032463608241759,120,,16,EVALUATION_BUDGET_EXHAUSTED,5.528611411340535
task-v2-4e78b3f98433,g-553bb3c5ba0f2136,COBYLA,O0,2207,1.6874314518760114,1.6268266183446116,-0.06060483353139978,0.0,True,True,False,1.6874314518760114,0.015927013801913956,0.3093443260565545,1.6268266183446116,0.05230152116604316,0.825724289957043,120,120.0,89,EVALUATION_BUDGET_EXHAUSTED,0.21842731349170208
task-v2-7133b996bac7,g-a87f1b9ac089cc45,Nelder-Mead,O0,3301,1.4967753937493495,1.384999483058456,-0.11177591069089354,-2.4424906541753444e-15,True,True,False,1.4967753937493495,0.005766884647823534,3.00338992741339,1.384999483058456,0.0007709124519561848,2.129453723448628,120,120.0,77,EVALUATION_BUDGET_EXHAUSTED,122.76864241901785
task-v2-f6d986d24578,g-bd62d2d752385cc7,Nelder-Mead,O3,1103,0.9147015754956824,0.96769456439462,0.052992988898937554,0.0,True,False,True,2.0144227686164737,0.018130250305834646,2.597762475900945,1.6318864517902782,0.008523189909083077,2.269960841167941,120,120.0,68,EVALUATION_BUDGET_EXHAUSTED,6.422071064822376
task-v2-11173062a501,g-a87f1b9ac089cc45,COBYLA,O3,3301,1.0725263495396404,0.9719776181835486,-0.10054873135609188,0.0,True,True,False,2.025175905154262,0.004040509045385049,2.5478547505789964,1.6957160248390746,0.008005012992975694,2.844780708393385,120,120.0,95,EVALUATION_BUDGET_EXHAUSTED,127.07004927191883
task-v2-5acbf653f95a,g-a712031e7959d564,SLSQP,O0,3301,1.543266956522952,1.3370895881236216,-0.20617736839933043,0.0,True,True,False,1.543266956522952,0.01131709617237831,1.6660949544938675,1.3370895881236216,0.0010645412785105818,0.6395224542135054,120,,16,EVALUATION_BUDGET_EXHAUSTED,0.4080996988341212
task-v2-a2561503b5d0,g-bd62d2d752385cc7,Nelder-Mead,O0,3301,1.4373569032986837,1.4875876836869997,0.050230780388315965,4.440892098500626e-16,True,False,True,1.4373569032986837,0.00907905843365952,2.47349074622649,1.4875876836869997,0.0019578914454247737,1.8072385437956107,120,120.0,71,EVALUATION_BUDGET_EXHAUSTED,5.453542030416429
task-v2-07b8f456a957,g-3ff7063ef9ea5cfb,COBYLA,O0,3301,1.8735516116226199,1.5400514118409858,-0.33350019978163403,-2.220446049250313e-16,True,True,False,1.8735516116226199,0.004173270911278415,1.533866521838402,1.5400514118409858,0.007383599528472607,1.7816580770327335,120,120.0,89,EVALUATION_BUDGET_EXHAUSTED,5.884810276329517
task-v2-ef23e17da545,g-a712031e7959d564,Nelder-Mead,O3,3301,0.4629298055824116,0.5430978582515931,0.08016805266918148,0.0,True,False,True,1.6075683545618717,0.05960348081744288,2.211540312002427,1.9414297659570545,0.052535264696664974,2.1567196136851647,120,120.0,71,EVALUATION_BUDGET_EXHAUSTED,0.4525610338896513
task-v2-e442db508705,g-548c8c6335dd2a2e,Nelder-Mead,O0,3301,1.611731232336616,1.6809425243695184,0.06921129203290244,0.0,True,False,True,1.611731232336616,0.031388077051004236,0.6039746796862744,1.6809425243695184,0.030444468876610935,0.5907183715572434,120,120.0,73,EVALUATION_BUDGET_EXHAUSTED,0.03688537981361151
task-v2-ef23e17da545,g-a712031e7959d564,COBYLA,O0,3301,1.67787705027677,1.441240799843531,-0.23663625043323888,0.0,True,True,False,1.67787705027677,0.011499434628435692,1.4969451776320999,1.441240799843531,0.001461508640088521,0.601070076057944,120,120.0,92,EVALUATION_BUDGET_EXHAUSTED,0.6356669086962938
task-v2-8f4071cbe937,g-8a16a856f5377a40,SLSQP,O3,1103,0.9018842869470124,0.9746967849743582,0.0728124980273458,0.0,True,False,True,1.6909615269517633,0.01672538345880164,1.8357360314858133,1.8715977662637073,0.010565590470310984,1.636253721086536,120,,16,EVALUATION_BUDGET_EXHAUSTED,0.425011464394629
task-v2-e442db508705,g-548c8c6335dd2a2e,SLSQP,O0,3301,1.584859887706659,1.549473993604667,-0.035385894101992,0.0,True,True,False,1.584859887706659,0.09301010891293202,1.0757401225729466,1.549473993604667,0.09960211204394447,1.105478517301542,120,,16,EVALUATION_BUDGET_EXHAUSTED,0.044036105275154114
task-v2-5b0627539151,g-a712031e7959d564,COBYLA,O0,3301,1.4739569788157514,1.5528725932322345,0.07891561441648309,0.0,True,False,True,1.4739569788157514,0.043264838030318636,1.8505550214905413,1.5528725932322345,0.03610985088331005,1.772045634294446,120,120.0,94,EVALUATION_BUDGET_EXHAUSTED,0.6912536704912782
task-v2-f0ef0f25a74e,g-8a16a856f5377a40,COBYLA,O0,1103,1.811906318831023,1.3607286723756502,-0.4511776464553727,0.0,True,True,False,1.811906318831023,0.013431357663620084,1.263358607332859,1.3607286723756502,0.003882415773176904,0.7243407359767753,120,120.0,84,EVALUATION_BUDGET_EXHAUSTED,0.6599888931959867
task-v2-eb1005d46905,g-8a16a856f5377a40,COBYLA,O0,1103,1.8716942673258277,1.379885248394733,-0.49180901893109463,0.0,True,True,False,1.8716942673258277,0.009474599872972538,1.2878908304025432,1.379885248394733,0.0046015383198539945,0.974232995320036,120,120.0,97,EVALUATION_BUDGET_EXHAUSTED,0.685273515060544
task-v2-ac528a9510be,g-a712031e7959d564,SLSQP,O3,3301,0.5573537934326709,0.25189382995633924,-0.30545996347633164,0.0,True,True,False,1.859253211176715,0.05030354057666027,2.0129285059241693,1.8938525106001327,0.0807021158843831,2.2182148737032557,120,,15,EVALUATION_BUDGET_EXHAUSTED,0.4466392593458295
task-v2-8792ce3c54d5,g-a712031e7959d564,Nelder-Mead,O3,1103,0.8433244872981727,0.9456818760524829,0.10235738875431022,0.0,True,False,True,1.8174401869573162,0.021868939416257387,2.2532176650856757,1.8439839385329386,0.011590261698181104,1.97748318570345,120,120.0,77,EVALUATION_BUDGET_EXHAUSTED,0.504122749902308
task-v2-7133b996bac7,g-a87f1b9ac089cc45,Nelder-Mead,O3,3301,0.8685876524864723,0.9160716112240943,0.04748395873762201,0.0,True,False,True,1.922197160187208,0.017628555177042468,3.4886653822088634,1.6100967667856332,0.012596989441014589,3.342715428221589,120,120.0,77,EVALUATION_BUDGET_EXHAUSTED,125.33922869432718
task-v2-6996479d6302,g-60667963f6db3f1b,Nelder-Mead,O0,2207,1.4899185295236042,1.866413431670634,0.37649490214702985,0.0,True,False,True,1.4899185295236042,0.012737883978598761,0.5133372541632808,1.866413431670634,0.049847692826212715,1.1058850273370044,120,120.0,76,EVALUATION_BUDGET_EXHAUSTED,0.0993663314729929
task-v2-3f11ce371857,g-3ff7063ef9ea5cfb,COBYLA,O3,1103,1.0140269167185865,1.0401786389733414,0.026151722254754928,0.0,True,False,True,1.9190059534251276,0.004171797198394345,2.436803118738928,1.9025933440651572,0.0010036574274651755,1.8180654335230462,116,116.0,79,EARLY_CONVERGENCE,8.021124864928424
task-v2-5f165c277bb9,g-e0c69f84d376b633,COBYLA,O3,3301,0.9852292189412248,0.8104047249028395,-0.1748244940383853,0.0,True,True,False,1.960761141569199,0.012371625268381783,2.9089066875466054,1.4746290296085394,0.024389266422263793,3.2036786684710883,120,120.0,89,EVALUATION_BUDGET_EXHAUSTED,132.44776543881744
task-v2-e442db508705,g-548c8c6335dd2a2e,SLSQP,O3,3301,0.7337070507907884,0.023255813953488372,-0.7104512368372999,0.0,True,True,False,2.412427814392335,0.040821628396420145,0.7181002946108224,1.768648852899484,0.11242200372890103,1.1580612912261175,42,42.0,5,EARLY_CONVERGENCE,0.016472832299768925
task-v2-606c43f06406,g-3ff7063ef9ea5cfb,Nelder-Mead,O3,1103,1.0636595604774797,0.9240757576172739,-0.13958380286020577,0.0,True,True,False,1.9251995657089573,0.004059291935734628,1.8228702252815159,1.774852914083803,0.014275710254840056,2.369017664065413,120,120.0,75,EVALUATION_BUDGET_EXHAUSTED,7.212797210551798
task-v2-5b0627539151,g-a712031e7959d564,Nelder-Mead,O3,1103,0.8757633679613533,0.324589252770168,-0.5511741151911853,0.0,True,True,False,1.9163228630980307,0.022410154308029687,1.5648647862321852,1.631229498403707,0.07209498463032914,2.072324992876003,120,120.0,75,EVALUATION_BUDGET_EXHAUSTED,0.44914250541478395
task-v2-e243a3cd3e64,g-bd62d2d752385cc7,COBYLA,O0,3301,1.3732582138689857,1.4841823588754144,0.11092414500642866,-6.661338147750939e-16,True,False,True,1.3732582138689857,0.008636966327767578,1.8497511700845144,1.4841823588754144,0.008911000032625065,1.8633163888897122,120,120.0,94,EVALUATION_BUDGET_EXHAUSTED,7.874470531009138
task-v2-7133b996bac7,g-a87f1b9ac089cc45,SLSQP,O3,2207,0.8264186671607123,0.9306905495726815,0.10427188241196916,0.0,True,False,True,1.6606504509247964,0.023243453198235703,3.6087493130140245,1.662708393045977,0.011225225782501451,3.2926437479930195,120,,16,EVALUATION_BUDGET_EXHAUSTED,124.9225868601352
task-v2-6996479d6302,g-60667963f6db3f1b,COBYLA,O3,3301,1.0523490560119726,0.19073126072295501,-0.8616177952890176,0.0,True,True,False,2.189975642388104,0.011089425702056224,0.45314902084909237,1.6877691908477714,0.09090321190219874,1.3668191938226806,120,120.0,89,EVALUATION_BUDGET_EXHAUSTED,0.3047926612198353
task-v2-07b8f456a957,g-3ff7063ef9ea5cfb,Nelder-Mead,O3,3301,1.0917097339165838,0.8797168965644655,-0.21199283735211827,0.0,True,True,False,2.254962175340052,0.0009630232563267423,0.8970267187857994,1.7641106038157932,0.02057773015018538,2.22678741135573,120,120.0,74,EVALUATION_BUDGET_EXHAUSTED,5.686149447225034
task-v2-f5c9b9bdeb27,g-a87f1b9ac089cc45,COBYLA,O3,2207,0.9025287989011294,0.9838396359750402,0.08131083707391085,0.0,True,False,True,1.4577699941487894,0.015912276787282856,2.9213022421654133,1.509377328496993,0.006256965028087271,2.5159336452076495,120,120.0,89,EVALUATION_BUDGET_EXHAUSTED,125.78091263119131
task-v2-3f363bac5736,g-60667963f6db3f1b,Nelder-Mead,O0,3301,1.9367729115857717,1.6077196136789524,-0.32905329790681925,0.0,True,True,False,1.9367729115857717,0.0061214669371509964,0.797155464793414,1.6077196136789524,0.0033143508764153866,0.5306984400908538,120,120.0,77,EVALUATION_BUDGET_EXHAUSTED,0.09659030009061098
task-v2-780e1209d403,g-e0c69f84d376b633,SLSQP,O3,1103,0.6576389680165645,0.7529243717094166,0.0952854036928521,0.0,True,False,True,1.2937796404390565,0.039869075317878706,3.241024834769923,1.4038385183759343,0.030316510774728776,3.1220678870477765,120,,15,EVALUATION_BUDGET_EXHAUSTED,116.50839979201555
task-v2-3f11ce371857,g-3ff7063ef9ea5cfb,Nelder-Mead,O3,1103,0.9508023000626873,1.0168935223657494,0.06609122230306208,0.0,True,False,True,1.923753562009522,0.011291682613713709,2.869238593133478,1.721948488535796,0.0032070836661046652,2.322590220534557,120,120.0,73,EVALUATION_BUDGET_EXHAUSTED,7.047517629340291
task-v2-ce7fc44fc7b5,g-548c8c6335dd2a2e,SLSQP,O0,2207,1.960665655001578,1.2562211066329536,-0.7044445483686244,0.0,True,True,False,1.960665655001578,0.057821170691223445,0.392175595406936,1.2562211066329536,0.30009506152326115,1.1073475634991965,120,,16,EVALUATION_BUDGET_EXHAUSTED,0.042519256472587585
task-v2-a0f813383468,g-60667963f6db3f1b,COBYLA,O3,1103,0.7743621542999451,0.7858823776356009,0.011520223335655722,0.0,True,False,True,2.0796789468744867,0.03695573165004225,1.1008605067874606,2.0621622404993625,0.03590072158422867,1.08828187966001,120,120.0,92,EVALUATION_BUDGET_EXHAUSTED,0.28081804141402245
task-v2-b9b3757d64c0,g-a87f1b9ac089cc45,SLSQP,O0,3301,1.2226267480808266,2.6579500887748138,1.4353233406939871,0.0,True,False,True,1.2226267480808266,0.0007965109962704213,2.018701702139332,2.6579500887748138,1.4669330514225172e-06,-0.716079779951682,120,,16,EVALUATION_BUDGET_EXHAUSTED,114.84533827845007
task-v2-5de325b6f026,g-8a16a856f5377a40,SLSQP,O3,2207,0.6713881935874085,0.694690072844657,0.02330187925724847,0.0,True,False,True,1.9649835391014485,0.040819074985290055,2.0471318477111544,1.9271641740065162,0.038672352087151814,2.0236692759685084,120,,16,EVALUATION_BUDGET_EXHAUSTED,0.3992616506293416
task-v2-4d2b9f5eb099,g-6aa6775bed3bc2cc,SLSQP,O0,3301,1.636817575784334,1.7032183581060811,0.06640078232174718,0.0,True,False,True,1.636817575784334,0.0029052288114859524,0.4734802990985072,1.7032183581060811,7.112263002719208e-05,-1.137692235426464,120,,16,EVALUATION_BUDGET_EXHAUSTED,0.10042308922857046
task-v2-69173fedcdae,g-8a16a856f5377a40,Nelder-Mead,O0,3301,1.679310506118208,1.3482593057846686,-0.3310512003335395,0.0,True,True,False,1.679310506118208,0.015383293048071726,1.2553412169451588,1.3482593057846686,0.02841657029247873,1.5218635636644597,120,120.0,77,EVALUATION_BUDGET_EXHAUSTED,0.46544095780700445
task-v2-8c0a098a6f8b,g-a712031e7959d564,COBYLA,O0,2207,1.285037471286362,1.288536032813746,0.0034985615273841475,0.0,True,False,True,1.285037471286362,0.05164441724688858,1.781315284847531,1.288536032813746,0.051880744826078996,1.7832981060244157,120,120.0,93,EVALUATION_BUDGET_EXHAUSTED,0.9071102738380432
task-v2-3f363bac5736,g-60667963f6db3f1b,COBYLA,O0,1103,1.9381026073324488,1.7348423196764922,-0.2032602876559566,0.0,True,True,False,1.9381026073324488,0.006636313963024374,0.8322268808853766,1.7348423196764922,0.000463383347700571,-0.32375962057799923,120,120.0,93,EVALUATION_BUDGET_EXHAUSTED,0.2826832178980112
task-v2-606c43f06406,g-3ff7063ef9ea5cfb,SLSQP,O0,2207,1.494702997785755,1.412885081390064,-0.08181791639569114,4.440892098500626e-16,True,True,False,1.494702997785755,0.011116530381099839,2.26038919853187,1.412885081390064,0.0008605365743709045,1.1491892726576396,120,,16,EVALUATION_BUDGET_EXHAUSTED,6.562107065692544
task-v2-4e78b3f98433,g-553bb3c5ba0f2136,Nelder-Mead,O3,2207,1.047413061305783,0.5643420237800509,-0.4830710375257321,0.0,True,True,False,2.4288556645458343,0.013020902442352994,0.22185105465977947,2.2352715628582214,0.05301487383168622,0.8316077018295387,120,120.0,74,EVALUATION_BUDGET_EXHAUSTED,0.046654071658849716
task-v2-780e1209d403,g-e0c69f84d376b633,SLSQP,O3,3301,0.6825044143818578,2.028767687538763,1.346263273156905,0.0,True,False,True,1.5670710518635786,0.04006358772280206,3.2431385096470855,2.714865840072836,2.6577710440320708e-05,0.06490623711518453,120,,16,EVALUATION_BUDGET_EXHAUSTED,109.03153701778501
task-v2-6996479d6302,g-60667963f6db3f1b,SLSQP,O3,3301,0.7002827539489296,0.18965451244291248,-0.510628241506017,0.0,True,True,False,1.88162051650996,0.04565429457030937,1.067721601956801,1.6859934225401276,0.0909597219690422,1.3670890895124679,120,,15,EVALUATION_BUDGET_EXHAUSTED,0.11508362647145987
task-v2-cf1a83d8dbf9,g-bd62d2d752385cc7,COBYLA,O3,1103,1.0215716585025065,0.9419975293721247,-0.07957412913038187,0.0,True,True,False,1.8453457075327389,0.0035960953193000175,1.5941598750079693,1.8141459488365155,0.012539099048397924,2.1365950131968066,120,120.0,87,EVALUATION_BUDGET_EXHAUSTED,5.37527115829289
task-v2-ce7fc44fc7b5,g-548c8c6335dd2a2e,SLSQP,O3,1103,0.048786420760081765,0.023255813953488372,-0.025530606806593394,0.0,True,True,False,1.753082059186407,0.1687429392632449,0.8573143245606625,1.3168715769773094,0.279239652348671,1.0760658035694373,64,64.0,8,EARLY_CONVERGENCE,0.030071008950471878
task-v2-f83834022ee2,g-553bb3c5ba0f2136,COBYLA,O0,3301,1.824544899084216,1.3190617115071208,-0.5054831875770951,0.0,True,True,False,1.824544899084216,0.05751017858508612,0.5659246901887593,1.3190617115071208,0.25680828588079374,1.2157890060530279,120,120.0,87,EVALUATION_BUDGET_EXHAUSTED,0.24046484380960464
task-v2-5d31ef4af595,g-bd62d2d752385cc7,COBYLA,O3,3301,1.0657635917020651,0.9660149261131016,-0.09974866558896356,0.0,True,True,False,2.273369736810566,0.00196049434806034,1.5067855338994478,1.5856973254457627,0.00949849246762403,2.192074621958785,120,120.0,90,EVALUATION_BUDGET_EXHAUSTED,7.333784024231136
task-v2-f5c9b9bdeb27,g-a87f1b9ac089cc45,SLSQP,O3,3301,1.0947495559801341,1.0159906331852129,-0.07875892279492125,0.0,True,True,False,2.362661917575707,0.0005152627996659029,1.431598706529247,1.7464091555052503,0.0038808268645104033,2.3084941855901344,120,,16,EVALUATION_BUDGET_EXHAUSTED,117.92895561736077
task-v2-3cd2eda112d3,g-6aa6775bed3bc2cc,SLSQP,O3,3301,0.5587746206177829,0.09411464780113225,-0.46465997281665067,0.0,True,True,False,1.583965099146866,0.05546834192105284,1.2772238859114808,1.4024051644493152,0.10779466964056675,1.5657759877901312,120,,15,EVALUATION_BUDGET_EXHAUSTED,0.11973748542368412
task-v2-ef23e17da545,g-a712031e7959d564,SLSQP,O3,2207,0.41684886565198087,0.09248784772165357,-0.3243610179303273,0.0,True,True,False,1.5853994996863967,0.06406133071644189,2.242864644732328,1.5181901378526463,0.09731216906762578,2.424435841908698,120,,15,EVALUATION_BUDGET_EXHAUSTED,0.4231144730001688
task-v2-89b7591232ff,g-e0c69f84d376b633,Nelder-Mead,O3,1103,1.08357168260454,0.8802405368519872,-0.20333114575255284,0.0,True,True,False,2.2200361292541646,0.0013147604714081325,2.060265305669127,1.6526051776466806,0.017678450739280267,3.188862869941695,120,120.0,76,EVALUATION_BUDGET_EXHAUSTED,140.80927417054772
task-v2-4968f3a685c2,g-8a16a856f5377a40,SLSQP,O0,2207,1.5355062553689296,1.348573607626824,-0.1869326477421056,0.0,True,True,False,1.5355062553689296,0.008439487582162064,1.8397060221300099,1.348573607626824,5.939843961652131e-05,-0.31283502005431413,120,,16,EVALUATION_BUDGET_EXHAUSTED,0.4708555322140455
task-v2-8c0a098a6f8b,g-a712031e7959d564,SLSQP,O3,2207,0.048730014039455045,0.2826273307677635,0.23389731672830844,0.0,True,False,True,1.3165831914151938,0.11635972792829406,2.134094600728626,1.4494204369439487,0.07730702441416543,1.9565108609990693,120,,16,EVALUATION_BUDGET_EXHAUSTED,0.5253107519820333
task-v2-a0f813383468,g-60667963f6db3f1b,COBYLA,O0,2207,1.4862253852340472,1.725537173634116,0.23931178840006884,0.0,True,False,True,1.4862253852340472,0.05656171057357136,1.285701237104843,1.725537173634116,0.0055512277863035975,0.277567750240126,120,120.0,93,EVALUATION_BUDGET_EXHAUSTED,0.30086615588515997
task-v2-3cd2eda112d3,g-6aa6775bed3bc2cc,SLSQP,O0,2207,1.9016819752714338,1.3790587016249374,-0.5226232736464964,0.0,True,True,False,1.9016819752714338,0.007420407132045805,0.40360643608734253,1.3790587016249374,0.005400128459489054,0.2655827929623172,120,,15,EVALUATION_BUDGET_EXHAUSTED,0.13542926497757435
task-v2-ce7fc44fc7b5,g-548c8c6335dd2a2e,SLSQP,O0,3301,1.2430725026513985,1.5962618549032483,0.3531893522518499,0.0,True,False,True,1.2430725026513985,0.16970965321918655,0.8597952609617996,1.5962618549032483,0.07615139137528999,0.5117665577426224,120,,16,EVALUATION_BUDGET_EXHAUSTED,0.04766731709241867
task-v2-ef23e17da545,g-a712031e7959d564,SLSQP,O0,1103,1.4296177283031193,1.2166361535471162,-0.2129815747560031,0.0,True,True,False,1.4296177283031193,0.04134086163773535,2.0526482129840637,1.2166361535471162,0.0015536761034782914,0.6276291749770453,120,,16,EVALUATION_BUDGET_EXHAUSTED,0.408477371558547
task-v2-a2561503b5d0,g-bd62d2d752385cc7,SLSQP,O3,1103,0.915940739450439,0.9580664739625195,0.04212573451208057,0.0,True,False,True,1.4894206319105798,0.014297640736063873,2.670714315093282,1.6794092223318726,0.011526096554471215,2.577132188318747,120,,16,EVALUATION_BUDGET_EXHAUSTED,5.448122982867062
task-v2-5d31ef4af595,g-bd62d2d752385cc7,COBYLA,O3,2207,0.9977645024904254,0.9373731284063075,-0.06039137408411788,0.0,True,True,False,1.7883514477354567,0.012145973697963258,2.298852275621077,1.6149228456065163,0.012964627970106817,2.327179998168335,120,120.0,93,EVALUATION_BUDGET_EXHAUSTED,7.206276774406433
task-v2-b5e00db3fe1a,g-3ff7063ef9ea5cfb,Nelder-Mead,O0,1103,1.8333777608935147,1.3748983067378875,-0.4584794541556272,2.220446049250313e-16,True,True,False,1.8333777608935147,0.0043854583937444945,1.5042524162567914,1.3748983067378875,0.0023309936849085114,1.2297785181227538,120,120.0,75,EVALUATION_BUDGET_EXHAUSTED,7.22883948776871
task-v2-8792ce3c54d5,g-a712031e7959d564,Nelder-Mead,O3,3301,0.7908400520015293,0.8657238302590293,0.07488377825750003,0.0,True,False,True,2.0609515094758892,0.028266546838570186,2.3646627001030742,2.071143488978048,0.020818237917033095,2.2318339111072,120,120.0,72,EVALUATION_BUDGET_EXHAUSTED,0.4847472021356225
task-v2-5b5a3995de2b,g-bd62d2d752385cc7,COBYLA,O0,3301,1.8574530313200595,1.4923357193444107,-0.3651173119756488,-1.5543122344752192e-15,True,True,False,1.8574530313200595,0.002234203528730289,1.466632659694963,1.4923357193444107,0.007291288175562564,1.980314189600981,120,120.0,96,EVALUATION_BUDGET_EXHAUSTED,5.134924715384841
task-v2-5d31ef4af595,g-bd62d2d752385cc7,COBYLA,O0,2207,1.7128325192685028,1.260112642277813,-0.4527198769906897,8.881784197001252e-16,True,True,False,1.7128325192685028,0.007562169703456421,2.093066358480374,1.260112642277813,0.0028041610537004776,1.6622228925007616,120,120.0,93,EVALUATION_BUDGET_EXHAUSTED,7.630753519013524
task-v2-606c43f06406,g-3ff7063ef9ea5cfb,COBYLA,O0,3301,1.7534503633445615,1.546078419678107,-0.2073719436664545,0.0,True,True,False,1.7534503633445615,0.005762779696384874,1.9750519566780356,1.546078419678107,0.0050215197721470315,1.915255116354638,120,120.0,89,EVALUATION_BUDGET_EXHAUSTED,7.090085417032242
task-v2-6e79cb6720c5,g-e0c69f84d376b633,SLSQP,O3,1103,0.9295300494119109,0.9622600337944271,0.032729984382516286,0.0,True,False,True,1.7403804338413955,0.012101635981344125,3.3252927480589705,1.8034332123450838,0.009103734501093223,3.2016682464821797,120,,16,EVALUATION_BUDGET_EXHAUSTED,125.57794067356735
task-v2-a0f813383468,g-60667963f6db3f1b,Nelder-Mead,O0,1103,1.8734249582216727,1.6132582189772582,-0.26016673924441447,0.0,True,True,False,1.8734249582216727,0.014284398089342915,0.6880406468850144,1.6132582189772582,0.006325361586493796,0.33426405872934606,120,120.0,74,EVALUATION_BUDGET_EXHAUSTED,0.12963122129440308
task-v2-5de325b6f026,g-8a16a856f5377a40,SLSQP,O0,1103,1.2982384918426741,1.2804877150229386,-0.01775077681973558,0.0,True,True,False,1.2982384918426741,0.00015348589915160563,-0.37766282835576664,1.2804877150229386,3.4403029321587065e-05,-1.0271346255011202,120,,16,EVALUATION_BUDGET_EXHAUSTED,0.4032924259081483
task-v2-4746dcc3bd93,g-a87f1b9ac089cc45,SLSQP,O3,1103,0.9621460187734562,0.9892993697630518,0.027153350989595593,0.0,True,False,True,1.6300044536025695,0.007629356161541066,3.6020578071710547,1.857662819829007,0.0051001117681053485,3.4271496113095647,120,,16,EVALUATION_BUDGET_EXHAUSTED,115.07724982313812
task-v2-f83834022ee2,g-553bb3c5ba0f2136,Nelder-Mead,O3,3301,0.5823241270139062,0.046511627906976744,-0.5358124991069295,0.0,True,True,False,2.397383321720728,0.05565358248728333,0.5516730996066621,1.8242366815815934,0.15025009113043092,0.9829947180691886,120,120.0,57,EVALUATION_BUDGET_EXHAUSTED,0.041890958324074745
task-v2-4e78b3f98433,g-553bb3c5ba0f2136,Nelder-Mead,O3,3301,1.0156569448383754,0.06976744186046512,-0.9458895029779103,0.0,True,True,False,2.553264108879576,0.015059423686152606,0.285018321677695,1.670610336437314,0.1060235492369418,1.13261230819342,120,120.0,57,EVALUATION_BUDGET_EXHAUSTED,0.04884977824985981
task-v2-ac528a9510be,g-a712031e7959d564,Nelder-Mead,O3,2207,0.2240303372715321,0.6097253242334442,0.38569498696191207,0.0,True,False,True,1.5262620400827343,0.08310289496894165,2.2309461054156694,1.715902794930523,0.044595332569388205,1.9606193593246228,120,120.0,74,EVALUATION_BUDGET_EXHAUSTED,0.43444458208978176
task-v2-4746dcc3bd93,g-a87f1b9ac089cc45,COBYLA,O0,2207,1.5497048583896798,1.3363257892925902,-0.2133790690970896,2.220446049250313e-16,True,True,False,1.5497048583896798,0.0018766987479060737,2.9929644818607333,1.3363257892925902,0.00039202318327586494,2.312881668490859,120,120.0,86,EVALUATION_BUDGET_EXHAUSTED,116.51004089787602
task-v2-5f165c277bb9,g-e0c69f84d376b633,Nelder-Mead,O0,1103,1.2132790223672352,1.3508751560401302,0.13759613367289503,-1.9984014443252818e-15,True,False,True,1.2132790223672352,0.0019732193642468766,2.111655299396521,1.3508751560401302,0.004625008284064918,2.4815924455842553,120,120.0,74,EVALUATION_BUDGET_EXHAUSTED,132.3230704255402
task-v2-f4789f22d2c1,g-6aa6775bed3bc2cc,SLSQP,O0,3301,1.6115030121132417,1.2158444668998327,-0.39565854521340893,0.0,True,True,False,1.6115030121132417,0.00833527345132398,0.32915981740065203,1.2158444668998327,0.12241468724482808,1.4960734926534027,120,,15,EVALUATION_BUDGET_EXHAUSTED,0.12688213121145964
task-v2-3f11ce371857,g-3ff7063ef9ea5cfb,Nelder-Mead,O0,2207,1.7438722700152136,1.8057373044243052,0.061865034409091635,4.440892098500626e-16,True,False,True,1.7438722700152136,0.003962846688064263,2.41448720159134,1.8057373044243052,0.0006419044605643852,1.6239503242107156,120,120.0,73,EVALUATION_BUDGET_EXHAUSTED,7.713221355341375
task-v2-59a464f36e13,g-bd62d2d752385cc7,SLSQP,O3,3301,1.0303474940188662,1.0127936340497314,-0.017553859969134722,0.0,True,True,False,1.789109369910133,0.002597710197167608,2.2310706297890377,1.8134662674789856,0.0038809166916081664,2.4054142508274623,120,,16,EVALUATION_BUDGET_EXHAUSTED,6.35453231073916
task-v2-a2561503b5d0,g-bd62d2d752385cc7,COBYLA,O3,1103,1.0705836499515002,0.9627473256760961,-0.10783632427540413,0.0,True,True,False,2.2406937311750674,0.003449205714821006,2.0531690319502918,1.666918718177706,0.010464160149121339,2.5351543126665392,120,120.0,89,EVALUATION_BUDGET_EXHAUSTED,6.027108340524137
task-v2-f4789f22d2c1,g-6aa6775bed3bc2cc,SLSQP,O3,3301,1.0867937147517792,0.08122267662531275,-1.0055710381264664,0.0,True,True,False,1.9263742232402556,0.01479417732223871,0.5783307851399713,1.2845126969400928,0.14930263798783228,1.5823074465361222,120,,15,EVALUATION_BUDGET_EXHAUSTED,0.11815437395125628
task-v2-420d9636beee,g-e0c69f84d376b633,Nelder-Mead,O0,1103,1.78748306346709,1.6228123881777967,-0.16467067528929324,-8.881784197001252e-16,True,True,False,1.78748306346709,0.0010349602549334948,2.734493589732738,1.6228123881777967,0.0006132465300197549,2.5072050170989804,120,120.0,76,EVALUATION_BUDGET_EXHAUSTED,133.7804564414546
task-v2-095187356858,g-3ff7063ef9ea5cfb,Nelder-Mead,O0,2207,1.5407807960537414,1.4953379380902927,-0.04544285796344871,-1.1102230246251565e-15,True,True,False,1.5407807960537414,0.005687198777014001,2.270348342788401,1.4953379380902927,0.0008481698593735709,1.4439327702370064,120,120.0,75,EVALUATION_BUDGET_EXHAUSTED,6.050294866785407
task-v2-59a464f36e13,g-bd62d2d752385cc7,SLSQP,O3,1103,2.2965851743677783,1.0106383291125507,-1.2859468452552276,0.0,True,True,False,2.729251440024011,8.01549201395723e-06,-0.2795898836233305,1.5490984483171881,0.003723701600850985,2.387454802101597,120,,16,EVALUATION_BUDGET_EXHAUSTED,6.384338594041765
task-v2-f6d986d24578,g-bd62d2d752385cc7,SLSQP,O3,3301,0.8155811950831595,0.9491483802708053,0.13356718518764576,0.0,True,False,True,1.6850983337054684,0.027223665115769194,2.7743052696736865,1.6868553373532,0.011954856935080985,2.4169030591432286,120,,15,EVALUATION_BUDGET_EXHAUSTED,5.0193309504538774
task-v2-ef23e17da545,g-a712031e7959d564,COBYLA,O3,3301,0.6857571551567926,0.6144121142301978,-0.07134504092659477,0.0,True,True,False,1.7605058740972124,0.03741693374220057,2.0093368837969674,1.9581218945584458,0.0455585251858473,2.0948383456269832,120,120.0,90,EVALUATION_BUDGET_EXHAUSTED,0.6505449377000332
task-v2-420d9636beee,g-e0c69f84d376b633,Nelder-Mead,O0,2207,1.772326572881969,1.5485284833158415,-0.22379808956612757,8.881784197001252e-16,True,True,False,1.772326572881969,0.0011015012917493549,2.7615549284072753,1.5485284833158415,0.0005214527380121664,2.43678486978248,120,120.0,74,EVALUATION_BUDGET_EXHAUSTED,126.3492937143892
task-v2-b9b3757d64c0,g-a87f1b9ac089cc45,SLSQP,O0,1103,1.2226249409253356,1.2415113482984164,0.018886407373080782,8.881784197001252e-16,True,False,True,1.2226249409253356,0.0007999370352834375,2.020565730398212,1.2415113482984164,0.00017047006915877423,1.3491580636322105,120,,16,EVALUATION_BUDGET_EXHAUSTED,115.49040479585528
task-v2-5b5a3995de2b,g-bd62d2d752385cc7,COBYLA,O3,1103,1.061812807938847,0.8848528955228765,-0.17695991241597042,0.0,True,True,False,2.0906555851062545,0.0060975054013357646,1.9026621199834572,1.5390663822832407,0.020138986782803514,2.4215475431653313,120,120.0,88,EVALUATION_BUDGET_EXHAUSTED,5.964417865499854
task-v2-c5ed7c8b71f4,g-a712031e7959d564,Nelder-Mead,O3,1103,0.8071147458202911,0.6030892240776209,-0.2040255217426702,0.0,True,True,False,1.9126770610312134,0.02892959600313523,1.596581062090213,1.5034369484064385,0.045337962962045446,1.7917006965944766,120,120.0,73,EVALUATION_BUDGET_EXHAUSTED,0.4003177098929882
task-v2-5de325b6f026,g-8a16a856f5377a40,COBYLA,O3,3301,0.8520225719904312,0.6012364283439471,-0.2507861436464841,0.0,True,True,False,1.721447596849008,0.0222144888398296,1.782905013394433,2.0309114304571496,0.04904565636698368,2.1268692398863416,120,120.0,91,EVALUATION_BUDGET_EXHAUSTED,0.6113830283284187
task-v2-4e78b3f98433,g-553bb3c5ba0f2136,SLSQP,O3,2207,0.6248031560327352,0.06976744186046512,-0.55503571417227,0.0,True,True,False,2.288999956048688,0.04985680622734264,0.8049344242755776,1.7478423072235012,0.11276409340088675,1.1593808022709027,74,74.0,9,EARLY_CONVERGENCE,0.03033735603094101
task-v2-cf1a83d8dbf9,g-bd62d2d752385cc7,COBYLA,O0,2207,1.5884273223473466,1.2307022796554463,-0.3577250426919003,6.661338147750939e-16,True,True,False,1.5884273223473466,0.016580547326241483,2.2579275428139702,1.2307022796554463,0.0032342220127628022,1.5480985089237307,120,120.0,94,EVALUATION_BUDGET_EXHAUSTED,5.091036988422275
task-v2-e442db508705,g-548c8c6335dd2a2e,Nelder-Mead,O3,3301,0.7443682498069429,0.17153820667735928,-0.5728300431295836,0.0,True,True,False,2.4171481603185416,0.039456857946278893,0.7033324679253207,1.9538438560237301,0.08723539547131287,1.0479027038794382,120,120.0,73,EVALUATION_BUDGET_EXHAUSTED,0.049937822856009007
task-v2-69173fedcdae,g-8a16a856f5377a40,Nelder-Mead,O0,2207,1.6793096347888183,1.3616266786896478,-0.3176829560991705,0.0,True,True,False,1.6793096347888183,0.01536167741433267,1.2547305445742785,1.3616266786896478,0.010719165788484695,1.0984528916276932,120,120.0,68,EVALUATION_BUDGET_EXHAUSTED,0.4698886889964342
task-v2-780e1209d403,g-e0c69f84d376b633,Nelder-Mead,O3,1103,0.9417251486698808,0.7456788393315361,-0.19604630933834466,0.0,True,True,False,1.247780068416789,0.010767202746442514,2.672491562463606,1.4225009767983332,0.0311357410319921,3.133647877976017,120,120.0,73,EVALUATION_BUDGET_EXHAUSTED,113.45701338816434
task-v2-e442db508705,g-548c8c6335dd2a2e,Nelder-Mead,O0,2207,1.611716236309892,1.553861692925396,-0.057854543384495916,0.0,True,True,False,1.611716236309892,0.03069009844772017,0.594208251212081,1.553861692925396,0.09113301326635286,1.066885699883116,120,120.0,78,EVALUATION_BUDGET_EXHAUSTED,0.04215860180556774
task-v2-59a464f36e13,g-bd62d2d752385cc7,COBYLA,O3,2207,1.0298513788725139,1.0127030410724192,-0.017148337800094726,0.0,True,True,False,1.982522062842001,0.005788387745502557,2.579037546037505,1.8052961751111827,0.004677452581141523,2.4864893240479193,120,120.0,90,EVALUATION_BUDGET_EXHAUSTED,7.180716648697853
task-v2-ce7fc44fc7b5,g-548c8c6335dd2a2e,Nelder-Mead,O0,3301,1.4493542476825052,1.5262828462908102,0.07692859860830503,0.0,True,False,True,1.4493542476825052,0.06530495905579065,0.44503487642978784,1.5262828462908102,0.08181107410188575,0.5429008095019756,120,120.0,82,EVALUATION_BUDGET_EXHAUSTED,0.043153478763997555
task-v2-3cd2eda112d3,g-6aa6775bed3bc2cc,COBYLA,O3,2207,0.31104722467893314,0.39677042575573285,0.0857232010767997,0.0,True,False,True,1.435575840166948,0.07888401291048266,1.4301676974201099,1.7111690634853982,0.07058051774612134,1.381863541739776,120,120.0,92,EVALUATION_BUDGET_EXHAUSTED,0.31279101595282555
task-v2-5d31ef4af595,g-bd62d2d752385cc7,SLSQP,O0,1103,1.4362878475312333,1.3083662329278474,-0.1279216146033859,1.1102230246251565e-15,True,True,False,1.4362878475312333,0.006096985586137805,1.999535107604812,1.3083662329278474,0.005618282474094051,1.9640235100203776,120,,16,EVALUATION_BUDGET_EXHAUSTED,6.882716527208686
task-v2-c95d7e1ff6e7,g-a87f1b9ac089cc45,SLSQP,O3,1103,1.014817085006111,0.8858658751918308,-0.1289512098142801,0.0,True,True,False,1.782366182628474,0.004465271565173009,2.4663278072121337,1.3365148198117596,0.016374865015796106,3.0306576592486483,120,,16,EVALUATION_BUDGET_EXHAUSTED,127.12107170466334
task-v2-ce7fc44fc7b5,g-548c8c6335dd2a2e,Nelder-Mead,O3,3301,0.1751814831489835,0.033004662860678866,-0.14217682028830464,0.0,True,True,False,2.054788010565514,0.09151729123849142,0.5915918721640261,1.7090513793141624,0.16133736821282485,0.8378236832413002,120,120.0,75,EVALUATION_BUDGET_EXHAUSTED,0.04560925252735615
task-v2-69173fedcdae,g-8a16a856f5377a40,SLSQP,O3,2207,0.543910922952367,0.3958750127205941,-0.14803591023177287,0.0,True,True,False,1.3597459946310706,0.05284313293432236,1.7912804615333768,1.4852968370697721,0.06780168036851111,1.8995323609908843,120,,16,EVALUATION_BUDGET_EXHAUSTED,0.5305678062140942
task-v2-07b8f456a957,g-3ff7063ef9ea5cfb,COBYLA,O3,3301,1.081391016981459,0.9268101168912231,-0.15458090009023584,0.0,True,True,False,2.268621025533542,0.0011176538620020356,0.9616972667724247,1.7579233574275286,0.015380678400934955,2.100365435097486,120,120.0,87,EVALUATION_BUDGET_EXHAUSTED,6.446140202693641
task-v2-3f363bac5736,g-60667963f6db3f1b,Nelder-Mead,O0,2207,1.9367577556607898,1.700491030065419,-0.23626672559537076,0.0,True,True,False,1.9367577556607898,0.006033148632674509,0.7908439813686532,1.700491030065419,0.00041612535164449346,-0.3704758681970898,120,120.0,76,EVALUATION_BUDGET_EXHAUSTED,0.13790827058255672
task-v2-ef23e17da545,g-a712031e7959d564,COBYLA,O3,1103,0.9166993978033988,0.7128493793635828,-0.20385001843981598,0.0,True,True,False,2.0005421261370344,0.017448190755835452,1.6780190895199831,1.733622930222321,0.03483794573101872,1.978321227211379,120,120.0,97,EVALUATION_BUDGET_EXHAUSTED,0.6071600653231144
task-v2-8f4071cbe937,g-8a16a856f5377a40,Nelder-Mead,O0,3301,1.5699264015119547,1.5106832223655635,-0.05924317914639121,0.0,True,True,False,1.5699264015119547,0.008411493432075142,1.5372330581210385,1.5106832223655635,0.003685046002835006,1.1788028617782287,120,120.0,75,EVALUATION_BUDGET_EXHAUSTED,0.40663196705281734
task-v2-4e78b3f98433,g-553bb3c5ba0f2136,COBYLA,O3,2207,0.24435978191028232,0.5758430827714295,0.3314833008611472,0.0,True,False,True,2.0513016987164914,0.08245433776806715,1.0234234776475821,2.085778066370593,0.049223137753509665,0.7993792642158023,120,120.0,88,EVALUATION_BUDGET_EXHAUSTED,0.24642143864184618
task-v2-ce7fc44fc7b5,g-548c8c6335dd2a2e,COBYLA,O0,2207,1.2614824753121243,1.2835095463477546,0.022027071035630286,0.0,True,False,True,1.2614824753121243,0.2973429468993375,1.103346356236591,1.2835095463477546,0.2934359991390229,1.0976021075587734,120,120.0,90,EVALUATION_BUDGET_EXHAUSTED,0.23669810499995947
task-v2-5acbf653f95a,g-a712031e7959d564,Nelder-Mead,O3,3301,0.75877189471871,0.759893036545787,0.0011211418270770102,0.0,True,False,True,1.8058254455186111,0.03020696160752196,2.0924669915644833,1.9971459461693681,0.030912816605777146,2.102498525357761,120,120.0,74,EVALUATION_BUDGET_EXHAUSTED,0.3887729961425066
task-v2-cf1a83d8dbf9,g-bd62d2d752385cc7,SLSQP,O0,3301,1.4135037825232926,1.3506633893844393,-0.06284039313885326,-2.4424906541753444e-15,True,True,False,1.4135037825232926,0.007524865671519619,1.9148274318629472,1.3506633893844393,0.006501344730906792,1.851331875161433,120,,16,EVALUATION_BUDGET_EXHAUSTED,4.795032971538603
task-v2-f0ef0f25a74e,g-8a16a856f5377a40,Nelder-Mead,O3,3301,0.8817438561540469,0.19983043905572007,-0.6819134170983269,0.0,True,True,False,1.9360761397524777,0.022524033283163776,1.4878848536629403,1.8037770605853627,0.08606323161451786,2.0700563427567067,120,120.0,75,EVALUATION_BUDGET_EXHAUSTED,0.4203275674954057
task-v2-0c6c4504c3d3,g-8a16a856f5377a40,COBYLA,O3,2207,0.3957379711536506,0.5634218177551585,0.16768384660150792,0.0,True,False,True,1.5714590992060855,0.06811598144827538,2.0476689578241314,1.759831219397113,0.05005550212032468,1.9138717615538585,120,120.0,91,EVALUATION_BUDGET_EXHAUSTED,0.6196468779817224
task-v2-9f1427c2fbd8,g-3ff7063ef9ea5cfb,Nelder-Mead,O0,2207,1.3576309729677392,1.3305520526887031,-0.027078920279036023,4.440892098500626e-16,True,True,False,1.3576309729677392,0.016254266155338412,2.24929604706627,1.3305520526887031,0.0020804020458330278,1.3564759524210839,120,120.0,83,EVALUATION_BUDGET_EXHAUSTED,6.03257186152041
task-v2-4968f3a685c2,g-8a16a856f5377a40,COBYLA,O3,2207,0.9695454246088864,0.9701415569823335,0.0005961323734471335,0.0,True,False,True,1.9717721499579324,0.01160273359149103,1.9779502642241698,1.8720952644053104,0.01008635349900963,1.917124128551334,120,120.0,91,EVALUATION_BUDGET_EXHAUSTED,0.7188571626320481
task-v2-8f4071cbe937,g-8a16a856f5377a40,COBYLA,O3,1103,1.0032530196333642,0.8957608850697063,-0.10749213456365792,0.0,True,True,False,2.0637095642570147,0.010398186667153511,1.629317557544182,1.8197524424664056,0.017688887199683673,1.860060460457029,120,120.0,93,EVALUATION_BUDGET_EXHAUSTED,0.682323757559061
task-v2-ac528a9510be,g-a712031e7959d564,Nelder-Mead,O0,1103,1.802372134362169,1.3413417323071504,-0.46103040205501866,0.0,True,True,False,1.802372134362169,0.01223780145521531,1.399033355274256,1.3413417323071504,0.0010611802198100793,0.33711909852607586,120,120.0,77,EVALUATION_BUDGET_EXHAUSTED,0.4069871259853244
task-v2-4968f3a685c2,g-8a16a856f5377a40,Nelder-Mead,O3,1103,0.9505533301326963,1.012065119456988,0.0615117893242918,0.0,True,False,True,1.7038292811958349,0.012364881452306681,2.005579900572027,1.8593883950176933,0.006278565646585967,1.7112503830819252,120,120.0,73,EVALUATION_BUDGET_EXHAUSTED,0.5143585633486509
task-v2-526a936f38d9,g-e0c69f84d376b633,SLSQP,O3,1103,0.9168906669268337,0.9409530330778,0.02406236615096624,0.0,True,False,True,1.8948935524821837,0.014290982439698844,3.27257201186479,1.7787113556444614,0.011389477448926414,3.1740137253225544,120,,14,EVALUATION_BUDGET_EXHAUSTED,106.97569031454623
task-v2-7133b996bac7,g-a87f1b9ac089cc45,Nelder-Mead,O3,1103,0.8367396209685776,0.9427263132532312,0.10598669228465363,0.0,True,False,True,1.6612430336621826,0.0217757723370813,3.580422230285632,1.5734032867009813,0.009938925977658575,3.2397881190057896,120,120.0,71,EVALUATION_BUDGET_EXHAUSTED,126.72955576051027
task-v2-8f4071cbe937,g-8a16a856f5377a40,COBYLA,O0,3301,1.772611464574719,1.461312670917598,-0.311298793657121,0.0,True,True,False,1.772611464574719,0.006095816028415147,1.3973917994998148,1.461312670917598,0.0010266484076365348,0.623781685852569,120,120.0,92,EVALUATION_BUDGET_EXHAUSTED,0.7176742292940617
task-v2-3f363bac5736,g-60667963f6db3f1b,SLSQP,O3,2207,1.1357297674452729,0.8569361574548559,-0.278793609990417,0.0,True,True,False,2.401706453792113,0.00331906765699031,0.5313160619432863,2.1809877659070596,0.025969995355441623,1.424771828598485,120,,16,EVALUATION_BUDGET_EXHAUSTED,0.11095034796744585
task-v2-6e79cb6720c5,g-e0c69f84d376b633,Nelder-Mead,O3,1103,0.9022647368583261,0.9881608677694972,0.0858961309111711,0.0,True,False,True,1.597562031091966,0.014541826838414266,3.405067631730239,1.7660814370307707,0.006390666946004537,3.047994847479204,120,120.0,75,EVALUATION_BUDGET_EXHAUSTED,124.52061752602458
task-v2-4746dcc3bd93,g-a87f1b9ac089cc45,Nelder-Mead,O0,2207,1.4813283080334683,1.4515937465585116,-0.029734561474956678,-1.9984014443252818e-15,True,True,False,1.4813283080334683,0.00465202813781096,3.3872122505119235,1.4515937465585116,0.0011678699661571647,2.7869644075459483,120,120.0,73,EVALUATION_BUDGET_EXHAUSTED,131.94534162711352
task-v2-5d31ef4af595,g-bd62d2d752385cc7,Nelder-Mead,O0,1103,1.6502660142472867,1.3258293437771662,-0.3244366704701205,4.440892098500626e-16,True,True,False,1.6502660142472867,0.0033084311587044564,1.7340420416406739,1.3258293437771662,0.002532394802068396,1.6179513527238585,120,120.0,75,EVALUATION_BUDGET_EXHAUSTED,7.717914483509958
task-v2-6996479d6302,g-60667963f6db3f1b,SLSQP,O0,1103,1.6191279646837353,1.813989873861276,0.19486190917754076,0.0,True,False,True,1.6191279646837353,0.01817546108997845,0.6677254025206825,1.813989873861276,0.009517729446640023,0.3867733205863846,120,,16,EVALUATION_BUDGET_EXHAUSTED,0.11251141969114542
task-v2-e442db508705,g-548c8c6335dd2a2e,COBYLA,O0,1103,1.6118102659427511,1.6109554713578298,-0.0008547945849213257,0.0,True,True,False,1.6118102659427511,0.029644790006385986,0.579158347945285,1.6109554713578298,0.015378631889765728,0.294127671228139,120,120.0,91,EVALUATION_BUDGET_EXHAUSTED,0.23194068856537342
task-v2-69173fedcdae,g-8a16a856f5377a40,COBYLA,O3,2207,0.12750395969452924,0.40553229795926266,0.2780283382647334,0.0,True,False,True,1.3570908134020514,0.09477642817306034,2.044992241089551,1.462578351106461,0.06682952803479504,1.8932602976664061,120,120.0,86,EVALUATION_BUDGET_EXHAUSTED,0.7935998197644949
task-v2-7d4ec5aed494,g-a87f1b9ac089cc45,Nelder-Mead,O0,2207,1.4590287816911327,1.3914814907414952,-0.06754729094963752,-6.661338147750939e-16,True,True,False,1.4590287816911327,0.007228301565540383,3.277576185032321,1.3914814907414952,0.0007866570846300851,2.3143253802220753,120,120.0,75,EVALUATION_BUDGET_EXHAUSTED,127.50789795536548
task-v2-6e79cb6720c5,g-e0c69f84d376b633,COBYLA,O3,1103,0.9837471530823734,0.9719530577512489,-0.011794095331124521,0.0,True,True,False,1.8037177405500662,0.0070834736811991,3.0926949475085035,1.8124636892515067,0.00791371681136111,3.1408291680800073,120,120.0,94,EVALUATION_BUDGET_EXHAUSTED,127.03505568020046
task-v2-5b5a3995de2b,g-bd62d2d752385cc7,Nelder-Mead,O0,1103,1.4284373291817385,1.3477520363378754,-0.08068529284386305,0.0,True,True,False,1.4284373291817385,0.003864400302931448,1.7045920337696483,1.3477520363378754,0.002957825238175252,1.5884824366049792,120,120.0,77,EVALUATION_BUDGET_EXHAUSTED,4.843249793164432
task-v2-3f363bac5736,g-60667963f6db3f1b,Nelder-Mead,O0,1103,1.6422821939786572,1.6421569428231673,-0.00012525115548989163,0.0,True,True,False,1.6422821939786572,0.01208867137027998,1.0926785281156528,1.6421569428231673,5.091024547003494e-05,-1.2828948523133303,120,120.0,76,EVALUATION_BUDGET_EXHAUSTED,0.10942677035927773
task-v2-73f419868dc6,g-553bb3c5ba0f2136,COBYLA,O0,3301,1.6864717669736153,1.3251717992922463,-0.36129996768136907,0.0,True,True,False,1.6864717669736153,0.015709617000968058,-0.17374568796267617,1.3251717992922463,0.18392359352271587,0.8947261585735082,120,120.0,95,EVALUATION_BUDGET_EXHAUSTED,0.23563352413475513
task-v2-420d9636beee,g-e0c69f84d376b633,Nelder-Mead,O0,3301,1.6606884729217035,1.6666153855374075,0.005926912615703994,-6.661338147750939e-15,True,False,True,1.6606884729217035,0.0035911717561908597,3.274806094388084,1.6666153855374075,0.0011166368436660349,2.7674818710036617,120,120.0,70,EVALUATION_BUDGET_EXHAUSTED,115.60606658551842
task-v2-69173fedcdae,g-8a16a856f5377a40,COBYLA,O0,3301,1.6804249410435181,1.5249098081110466,-0.15551513293247154,0.0,True,True,False,1.6804249410435181,0.01544267816777286,1.2570145242689164,1.5249098081110466,0.06014333602829134,1.8474794174800377,120,120.0,89,EVALUATION_BUDGET_EXHAUSTED,0.655769576318562
task-v2-ac528a9510be,g-a712031e7959d564,COBYLA,O3,1103,0.8345811994718667,0.6472498263514539,-0.18733137312041281,0.0,True,True,False,1.9285230832180824,0.025017220327826776,1.7095690057287463,1.7771434070309766,0.041446139278536874,1.928814034400766,120,120.0,95,EVALUATION_BUDGET_EXHAUSTED,0.7217594357207417
task-v2-6996479d6302,g-60667963f6db3f1b,COBYLA,O0,2207,1.3587106000699039,1.8923871728673287,0.5336765727974249,0.0,True,False,True,1.3587106000699039,0.16658758676112398,1.6298826022265795,1.8923871728673287,0.038951834568371896,0.9987678823694095,120,120.0,94,EVALUATION_BUDGET_EXHAUSTED,0.2980527188628912
task-v2-5f165c277bb9,g-e0c69f84d376b633,COBYLA,O3,2207,0.8701972180500273,0.8741510611170125,0.003953843066985208,0.0,True,False,True,1.5855329041331643,0.018594849367196374,3.0858725952084254,1.598200853070701,0.01839968170827304,3.0812902409410468,120,120.0,87,EVALUATION_BUDGET_EXHAUSTED,132.47483060508966
task-v2-eb1005d46905,g-8a16a856f5377a40,SLSQP,O0,3301,1.7328577113442685,1.2647503916432723,-0.46810731970099617,0.0,True,True,False,1.7328577113442685,0.010968989737591108,1.3514965824679568,1.2647503916432723,0.009876694658111057,1.3059415798956984,120,,15,EVALUATION_BUDGET_EXHAUSTED,0.39515544287860394
task-v2-5b5a3995de2b,g-bd62d2d752385cc7,Nelder-Mead,O3,2207,1.057800836616693,0.6419312076616326,-0.4158696289550605,0.0,True,True,False,2.062814250370399,0.004443899245106636,1.765274130069054,1.3970953449936765,0.04407846884669802,2.761736426310642,120,120.0,82,EVALUATION_BUDGET_EXHAUSTED,5.324989682994783
task-v2-11173062a501,g-a87f1b9ac089cc45,COBYLA,O3,1103,1.1213630720099266,0.9158786728756374,-0.20548439913428918,0.0,True,True,False,2.1299059394291584,0.0023556596866858405,2.313531216984701,1.4055003872880767,0.01328816364718172,3.064883635157454,120,120.0,87,EVALUATION_BUDGET_EXHAUSTED,126.40648849494755
task-v2-606c43f06406,g-3ff7063ef9ea5cfb,Nelder-Mead,O0,1103,1.4022844816920885,1.5350799503169532,0.1327954686248647,0.0,True,False,True,1.4022844816920885,0.0015988342817518126,1.418223391002909,1.5350799503169532,0.0012583460987567723,1.3142200463093645,120,120.0,75,EVALUATION_BUDGET_EXHAUSTED,6.849570353515446
task-v2-5b0627539151,g-a712031e7959d564,COBYLA,O3,1103,0.5177107331841045,0.6552497572005336,0.13753902401642903,0.0,True,False,True,1.4512653001747877,0.05404559184129146,1.9471802163625918,1.6903987146401542,0.040286646423895976,1.819581056269271,120,120.0,92,EVALUATION_BUDGET_EXHAUSTED,0.700202826410532
task-v2-eb1005d46905,g-8a16a856f5377a40,COBYLA,O0,3301,1.5957493582226194,1.5241612544294407,-0.0715881037931787,0.0,True,True,False,1.5957493582226194,0.024914462684653443,1.7077814777419815,1.5241612544294407,0.03215504356366434,1.8185790546052953,120,120.0,92,EVALUATION_BUDGET_EXHAUSTED,0.7486081533133984
task-v2-5acbf653f95a,g-a712031e7959d564,COBYLA,O3,3301,0.8644085790519341,0.7185146665346522,-0.1458939125172819,0.0,True,True,False,2.0239220739416313,0.021162944566917676,1.9379360423420013,1.9607509898483566,0.03505893396974774,2.1571586544176564,120,120.0,93,EVALUATION_BUDGET_EXHAUSTED,0.5950607070699334
task-v2-89b7591232ff,g-e0c69f84d376b633,COBYLA,O0,3301,1.5085125787691172,1.3667146211809817,-0.1417979575881354,2.4424906541753444e-15,True,True,False,1.5085125787691172,0.003648910859327639,2.503581921176262,1.3667146211809817,0.0014767160405480958,2.1107156595790504,120,120.0,87,EVALUATION_BUDGET_EXHAUSTED,127.98089003376663
task-v2-5de325b6f026,g-8a16a856f5377a40,Nelder-Mead,O3,1103,0.9741555052882322,0.7491447797989434,-0.2250107254892888,0.0,True,True,False,2.101245940241008,0.013550204195546676,1.568214528796389,1.9134097656628575,0.033235386769609104,1.9578694260595515,120,120.0,74,EVALUATION_BUDGET_EXHAUSTED,0.417069373652339
task-v2-e243a3cd3e64,g-bd62d2d752385cc7,Nelder-Mead,O3,3301,1.0416394039600294,0.8243547819321889,-0.2172846220278405,0.0,True,True,False,2.0438722899597477,0.0065031052776479414,1.7265107284149084,1.5268430718840336,0.026087318678367957,2.3298193871232664,120,120.0,76,EVALUATION_BUDGET_EXHAUSTED,6.969154931604862
task-v2-0c6c4504c3d3,g-8a16a856f5377a40,COBYLA,O3,1103,0.6763363283366837,0.6453824124685578,-0.030953915868125903,0.0,True,True,False,1.7705264142491939,0.040281548307685607,1.8195260945378187,1.7234416988729904,0.04287541255789606,1.8466282512563177,120,120.0,96,EVALUATION_BUDGET_EXHAUSTED,0.5983434682711959
task-v2-3f11ce371857,g-3ff7063ef9ea5cfb,Nelder-Mead,O0,1103,1.6761981188379473,1.8059326483796867,0.12973452954173936,0.0,True,False,True,1.6761981188379473,0.0008926375700449937,1.7671550924468862,1.8059326483796867,0.0006795747677078686,1.648717175969805,120,120.0,74,EVALUATION_BUDGET_EXHAUSTED,7.441001487895846
task-v2-f0ef0f25a74e,g-8a16a856f5377a40,SLSQP,O0,2207,1.2950663522032966,1.19476454044872,-0.10030181175457664,0.0,True,True,False,1.2950663522032966,0.07940222675480016,2.0350713751936205,1.19476454044872,0.08942548121614372,2.086699979099631,120,,15,EVALUATION_BUDGET_EXHAUSTED,0.42467420920729637
task-v2-6e79cb6720c5,g-e0c69f84d376b633,Nelder-Mead,O0,3301,1.5688122151419894,1.5676810290696852,-0.0011311860723042244,1.5543122344752192e-15,True,True,False,1.5688122151419894,0.011488024343874175,3.302694010093563,1.5676810290696852,0.002403639021860237,2.6233179088450242,120,120.0,70,EVALUATION_BUDGET_EXHAUSTED,124.78477655816823
task-v2-3cd2eda112d3,g-6aa6775bed3bc2cc,Nelder-Mead,O0,3301,1.4045854500973673,1.4798674247960664,0.07528197469869902,0.0,True,False,True,1.4045854500973673,0.01021544433529679,0.5424359635563247,1.4798674247960664,0.003867335310234748,0.12059053033443289,120,120.0,73,EVALUATION_BUDGET_EXHAUSTED,0.10633011255413294
task-v2-c95d7e1ff6e7,g-a87f1b9ac089cc45,Nelder-Mead,O3,3301,1.0934980876350848,0.947168709689903,-0.14632937794518186,0.0,True,True,False,2.2728767697845225,0.00039941535998349725,1.4179046927803345,1.3324569406793116,0.010219995388526627,2.8259306304597813,120,120.0,77,EVALUATION_BUDGET_EXHAUSTED,126.73034914396703
task-v2-f5c9b9bdeb27,g-a87f1b9ac089cc45,COBYLA,O0,3301,1.84046942102953,1.483329853566654,-0.3571395674628761,-4.440892098500626e-16,True,True,False,1.84046942102953,0.001209960416055649,1.8023410801884527,1.483329853566654,0.005412206096803194,2.4529442437895903,120,120.0,92,EVALUATION_BUDGET_EXHAUSTED,114.83182371221483
task-v2-9f1427c2fbd8,g-3ff7063ef9ea5cfb,SLSQP,O3,1103,0.7306988633748509,0.9178514886231572,0.18715262524830634,0.0,True,False,True,1.515172029909873,0.03466268355261231,2.57819086259303,1.6433668359843505,0.01419643742250629,2.1905080526607517,120,,16,EVALUATION_BUDGET_EXHAUSTED,5.48492337577045
task-v2-3cd2eda112d3,g-6aa6775bed3bc2cc,COBYLA,O3,1103,0.8657228948670554,0.8567903288228279,-0.008932566044227541,0.0,True,True,False,1.7022156567684164,0.027375849406926236,0.9705463050931815,1.716894517586389,0.028169371474432582,0.9829558588728773,120,120.0,84,EVALUATION_BUDGET_EXHAUSTED,0.27627734560519457
task-v2-ef23e17da545,g-a712031e7959d564,COBYLA,O0,1103,1.4911417478889737,1.3147084168538996,-0.17643333103507408,0.0,True,True,False,1.4911417478889737,0.015639664899480567,1.6304961324015506,1.3147084168538996,0.00043957783718655394,0.07930447678041984,120,120.0,89,EVALUATION_BUDGET_EXHAUSTED,0.6151661286130548
task-v2-f83834022ee2,g-553bb3c5ba0f2136,COBYLA,O0,2207,1.8276629031219682,1.56383885311548,-0.2638240500064881,0.0,True,True,False,1.8276629031219682,0.044952933866464095,0.4589380153353553,1.56383885311548,0.16319328161992705,1.0188822496305798,120,120.0,89,EVALUATION_BUDGET_EXHAUSTED,0.22850105818361044
task-v2-11173062a501,g-a87f1b9ac089cc45,SLSQP,O3,2207,0.770346614138635,0.9022325941953159,0.13188598005668084,0.0,True,False,True,1.4017210697150069,0.029597190484474272,3.4126691548112227,1.450732501776143,0.014707672556006007,3.1089626196293456,120,,16,EVALUATION_BUDGET_EXHAUSTED,126.36815737746656
task-v2-d7382a83ef13,g-548c8c6335dd2a2e,Nelder-Mead,O3,2207,0.46782286116048594,0.023255813953488372,-0.4445670472069976,0.0,True,True,False,2.270156741613449,0.06368555149189327,0.6102208879661606,1.8983730169348407,0.108502329791037,0.841619037555793,120,120.0,54,EVALUATION_BUDGET_EXHAUSTED,0.05064208898693323
task-v2-b9b3757d64c0,g-a87f1b9ac089cc45,Nelder-Mead,O0,3301,1.4343955467742473,1.2485330450154557,-0.1858625017587916,2.886579864025407e-15,True,True,False,1.4343955467742473,0.014377781953492014,3.2752018193124472,1.2485330450154557,0.00038967345117524993,1.7082107441900543,120,120.0,75,EVALUATION_BUDGET_EXHAUSTED,114.6153185646981
task-v2-c5ed7c8b71f4,g-a712031e7959d564,SLSQP,O3,3301,0.7492749440806835,0.1301273954785379,-0.6191475486021456,0.0,True,True,False,1.679185512653332,0.03242352599185827,1.64609893496173,1.6790473957679106,0.09077796851269317,2.0932191528446396,120,,16,EVALUATION_BUDGET_EXHAUSTED,0.45694506634026766
task-v2-ef23e17da545,g-a712031e7959d564,SLSQP,O3,3301,0.627598360456581,0.5712188837382146,-0.056379476718366406,0.0,True,True,False,1.888999445964268,0.04420696906585028,2.081759428583854,1.7234470994879938,0.04936729812337228,2.1297080478063246,120,,15,EVALUATION_BUDGET_EXHAUSTED,0.410679773427546
task-v2-cf1a83d8dbf9,g-bd62d2d752385cc7,Nelder-Mead,O3,2207,0.7996534450479836,0.5170883868796339,-0.28256505816834976,0.0,True,True,False,1.6970342062613248,0.030951538980133673,2.5290109282315103,1.3827312432583336,0.05719299876780336,2.795671548497976,120,120.0,76,EVALUATION_BUDGET_EXHAUSTED,5.256343959830701
task-v2-f1a738d52e35,g-60667963f6db3f1b,Nelder-Mead,O3,2207,0.2452051607386288,0.08117039987984417,-0.16403476085878463,0.0,True,True,False,1.746996928839708,0.08407411890045155,1.6339322855658103,1.7492994307933305,0.11492551980063398,1.7696864376882497,120,120.0,76,EVALUATION_BUDGET_EXHAUSTED,0.12234897539019585
task-v2-2d64318cb7be,g-6aa6775bed3bc2cc,SLSQP,O3,3301,0.992398080095084,1.1430348678768034,0.1506367877817194,0.0,True,False,True,2.16177561800963,0.01488793304814973,0.8821043680568632,2.0971073676507013,0.0005795199343956642,-0.5276616595543453,120,,15,EVALUATION_BUDGET_EXHAUSTED,0.1076199347153306
task-v2-eb1005d46905,g-8a16a856f5377a40,Nelder-Mead,O0,1103,1.8693564850238098,1.3844424251639131,-0.48491405985989666,0.0,True,True,False,1.8693564850238098,0.009526982495312674,1.290285319558112,1.3844424251639131,0.008269903139218831,1.2288303752361316,120,120.0,72,EVALUATION_BUDGET_EXHAUSTED,0.39588018599897623
task-v2-11173062a501,g-a87f1b9ac089cc45,SLSQP,O3,3301,0.7702788611999203,0.8907031578174659,0.12042429661754561,0.0,True,False,True,1.4012624198083068,0.02963493193507231,3.4132226013291738,1.411643274210493,0.015553147537468255,3.133236958976012,120,,16,EVALUATION_BUDGET_EXHAUSTED,128.31052947510034
task-v2-8f4071cbe937,g-8a16a856f5377a40,Nelder-Mead,O3,3301,0.853882742590283,0.8872475757863977,0.03336483319611472,0.0,True,False,True,1.9953848504550056,0.02323109609443407,1.9784296492244955,1.9080634952027427,0.019106811762593705,1.8935481729909271,120,120.0,73,EVALUATION_BUDGET_EXHAUSTED,0.41039406321942806
task-v2-420d9636beee,g-e0c69f84d376b633,SLSQP,O0,2207,1.4206516768677753,1.349014498578494,-0.07163717828928129,8.881784197001252e-16,True,True,False,1.4206516768677753,0.00024368400633943585,2.1063969437783534,1.349014498578494,0.00023125530134991064,2.083661615007785,120,,16,EVALUATION_BUDGET_EXHAUSTED,115.04854750726372
task-v2-59a464f36e13,g-bd62d2d752385cc7,Nelder-Mead,O0,1103,1.4765992941530273,1.6226141813357051,0.14601488718267785,-2.4424906541753444e-15,True,False,True,1.4765992941530273,0.0009572579914436357,1.7975089312640944,1.6226141813357051,0.0007343933124468032,1.6824086440501713,120,120.0,77,EVALUATION_BUDGET_EXHAUSTED,7.8601923221722245
task-v2-4e78b3f98433,g-553bb3c5ba0f2136,Nelder-Mead,O0,3301,1.7075574270259422,1.562976004319328,-0.14458142270661423,0.0,True,True,False,1.7075574270259422,0.054307994152298214,0.8420737322144667,1.562976004319328,0.006447469647986201,-0.08340072401569425,120,120.0,74,EVALUATION_BUDGET_EXHAUSTED,0.039475295692682266
task-v2-3f11ce371857,g-3ff7063ef9ea5cfb,Nelder-Mead,O0,3301,1.7207040666510969,1.7800922683821683,0.0593882017310714,-2.220446049250313e-16,True,False,True,1.7207040666510969,0.005355591994268542,2.545287414313333,1.7800922683821683,0.0008975365121139996,1.7695320554919878,120,120.0,74,EVALUATION_BUDGET_EXHAUSTED,7.565663922578096
task-v2-095187356858,g-3ff7063ef9ea5cfb,COBYLA,O0,3301,1.8936482036188829,1.5070381139427806,-0.3866100896761022,-4.440892098500626e-16,True,True,False,1.8936482036188829,0.002246130633619041,1.8668849459279337,1.5070381139427806,0.004385725514610104,2.1574913823603916,120,120.0,94,EVALUATION_BUDGET_EXHAUSTED,6.000585128553212
task-v2-6e79cb6720c5,g-e0c69f84d376b633,SLSQP,O0,3301,1.327154782354602,1.2745860702345553,-0.05256871212004666,-3.774758283725532e-15,True,True,False,1.327154782354602,0.0004057773517497156,1.8507364663507888,1.2745860702345553,0.00043727998741704965,1.883208264747525,120,,16,EVALUATION_BUDGET_EXHAUSTED,121.43266826029867
task-v2-7d4ec5aed494,g-a87f1b9ac089cc45,Nelder-Mead,O3,2207,0.9652595274038848,0.9760382286481833,0.010778701244298583,0.0,True,False,True,1.754259026509686,0.007862145366984959,3.3140809913894045,1.7140225957527253,0.006754093329174909,3.2481069794452533,120,120.0,75,EVALUATION_BUDGET_EXHAUSTED,125.29205407761037
task-v2-5b0627539151,g-a712031e7959d564,SLSQP,O3,2207,0.12931766891293825,0.3761904575223475,0.24687278860940923,0.0,True,False,True,1.5811393612015565,0.09118964772034621,2.1743654772610044,1.6217090732250687,0.06762306337604525,2.0445147800404495,120,,16,EVALUATION_BUDGET_EXHAUSTED,0.5240117069333792
task-v2-f83834022ee2,g-553bb3c5ba0f2136,COBYLA,O3,1103,0.05630328084097217,0.057369549646492206,0.0010662688055200348,0.0,True,False,True,1.5939068323591354,0.12318403560895211,0.8967344018107782,1.7482108888210681,0.10000675495249067,0.8062093093790246,89,89.0,60,EARLY_CONVERGENCE,0.15157058741897345
task-v2-095187356858,g-3ff7063ef9ea5cfb,SLSQP,O3,1103,0.9562541245015451,0.9960574122153792,0.03980328771383412,0.0,True,False,True,1.5327241663004776,0.009752589849928994,2.504569895086701,1.76715179210143,0.00579025577354627,2.2781476832443786,120,,16,EVALUATION_BUDGET_EXHAUSTED,5.586506522260606
task-v2-5f165c277bb9,g-e0c69f84d376b633,SLSQP,O0,3301,1.2088131073973873,1.1889910068013867,-0.019822100596000647,-1.1102230246251565e-15,True,True,False,1.2088131073973873,0.000678254182775697,1.6478724113482328,1.1889910068013867,0.0012132841827424072,1.9004424664793733,120,,16,EVALUATION_BUDGET_EXHAUSTED,131.13727872632444
task-v2-9f1427c2fbd8,g-3ff7063ef9ea5cfb,SLSQP,O0,2207,1.3520493870012067,1.2388021441012138,-0.11324724289999288,6.661338147750939e-16,True,True,False,1.3520493870012067,0.019454317561109376,2.327344681011134,1.2388021441012138,0.0039859298326399535,1.6388583294551267,120,,16,EVALUATION_BUDGET_EXHAUSTED,5.700974193401635
task-v2-4746dcc3bd93,g-a87f1b9ac089cc45,Nelder-Mead,O3,3301,0.9492331499838942,0.9666445911476798,0.017411441163785568,0.0,True,False,True,1.544236786185909,0.008831511432918101,3.665604953107577,1.774646672944309,0.008052117166983098,3.625480003331018,120,120.0,75,EVALUATION_BUDGET_EXHAUSTED,116.09936954919249
task-v2-4968f3a685c2,g-8a16a856f5377a40,Nelder-Mead,O0,2207,1.5357299128872668,1.3710583066464392,-0.16467160624082755,0.0,True,True,False,1.5357299128872668,0.008812483994786837,1.8584882848672877,1.3710583066464392,2.4645292322043997e-05,-0.6948760826055301,120,120.0,77,EVALUATION_BUDGET_EXHAUSTED,0.5208292677998543
task-v2-5b5a3995de2b,g-bd62d2d752385cc7,COBYLA,O3,2207,0.9743993398782603,0.9230296241220485,-0.05136971575621185,0.0,True,True,False,1.9149677654677393,0.010266159059775794,2.128917915050119,1.6165140389028947,0.014537367900192704,2.279995707645645,120,120.0,89,EVALUATION_BUDGET_EXHAUSTED,5.2653301656246185
task-v2-59a464f36e13,g-bd62d2d752385cc7,Nelder-Mead,O0,2207,1.6035009346673885,1.581405593294957,-0.02209534137243163,1.3322676295501878e-15,True,True,False,1.6035009346673885,0.003446996422923588,2.3539207633483414,1.581405593294957,0.0006033546344617586,1.5970525835896265,120,120.0,79,EVALUATION_BUDGET_EXHAUSTED,7.287946783006191
task-v2-f83834022ee2,g-553bb3c5ba0f2136,Nelder-Mead,O0,2207,1.6306770845724077,1.4130002026480877,-0.21767688192432,0.0,True,True,False,1.6306770845724077,0.19745661189864924,1.1016516547914261,1.4130002026480877,0.24565527121768582,1.1965060615517864,120,120.0,72,EVALUATION_BUDGET_EXHAUSTED,0.039029003120958805
task-v2-3cd2eda112d3,g-6aa6775bed3bc2cc,SLSQP,O0,1103,1.3654437286269991,1.433457726601479,0.06801399797447982,0.0,True,False,True,1.3654437286269991,0.04604899086789217,1.1963988192910628,1.433457726601479,0.0011106340633359765,-0.4212503088532724,120,,16,EVALUATION_BUDGET_EXHAUSTED,0.10323495510965586
task-v2-5acbf653f95a,g-a712031e7959d564,SLSQP,O0,1103,1.4851374318507473,1.2213606541023914,-0.26377677774835595,0.0,True,True,False,1.4851374318507473,0.027302969194151122,2.048569827042093,1.2213606541023914,0.0010289192186665789,0.6247412272350631,120,,16,EVALUATION_BUDGET_EXHAUSTED,0.39431627932935953
task-v2-d7382a83ef13,g-548c8c6335dd2a2e,COBYLA,O0,3301,1.513425500373022,1.4815478034555338,-0.031877696917488096,0.0,True,True,False,1.513425500373022,0.16442945429037698,1.0221595894385773,1.4815478034555338,0.1825729760694786,1.0676164689102505,120,120.0,93,EVALUATION_BUDGET_EXHAUSTED,0.26314327772706747
task-v2-9f1427c2fbd8,g-3ff7063ef9ea5cfb,SLSQP,O0,3301,1.2679659542145751,1.4274264897937865,0.15946053557921136,4.440892098500626e-16,True,False,True,1.2679659542145751,0.02149522123951732,2.3706705996910844,1.4274264897937865,0.01249374362165912,2.1350212699850726,120,,15,EVALUATION_BUDGET_EXHAUSTED,5.507348705083132
task-v2-73f419868dc6,g-553bb3c5ba0f2136,COBYLA,O3,3301,0.05865231871948392,0.046511627906976744,-0.012140690812507175,0.0,True,True,False,1.6762995229575561,0.12199421407727323,0.7164279484398376,1.3314406878680798,0.2429721309927786,1.0156451776205269,35,35.0,25,EARLY_CONVERGENCE,0.05829733330756426
task-v2-4968f3a685c2,g-8a16a856f5377a40,SLSQP,O3,2207,0.8719208926409927,0.9553021552823928,0.08338126264140011,0.0,True,False,True,1.7714883392850072,0.020729486889630496,2.2299784959060305,1.899717963079762,0.011870670177093756,1.9878651820469704,120,,15,EVALUATION_BUDGET_EXHAUSTED,0.4903380833566189
task-v2-eb1005d46905,g-8a16a856f5377a40,SLSQP,O0,1103,1.4357534047748695,1.2582471581537418,-0.17750624662112768,0.0,True,True,False,1.4357534047748695,0.019117683885530628,1.592765228493762,1.2582471581537418,0.020573787853378756,1.6246442095977547,120,,16,EVALUATION_BUDGET_EXHAUSTED,0.40637909434735775
task-v2-f83834022ee2,g-553bb3c5ba0f2136,SLSQP,O3,1103,0.5920306684065209,0.05159192222165515,-0.5404387461848656,0.0,True,True,False,2.264548227969583,0.05355152719094462,0.5349518346072729,1.6002180608238117,0.16625997720535052,1.026967690606931,120,,16,EVALUATION_BUDGET_EXHAUSTED,0.07825929019600153
task-v2-73f419868dc6,g-553bb3c5ba0f2136,SLSQP,O0,3301,1.1259239636736686,1.1028730912673577,-0.023050872406310985,0.0,True,True,False,1.1259239636736686,0.2125146251979053,0.9574775383695143,1.1028730912673577,0.31756686317639393,1.1319238941667578,120,,16,EVALUATION_BUDGET_EXHAUSTED,0.04779719840735197
task-v2-e442db508705,g-548c8c6335dd2a2e,COBYLA,O0,3301,1.5859046375107642,1.5901899916310487,0.0042853541202845236,0.0,True,False,True,1.5859046375107642,0.09561979892027633,1.0877577957268794,1.5901899916310487,0.036175747081956144,0.665627478346223,120,120.0,92,EVALUATION_BUDGET_EXHAUSTED,0.25622848607599735
task-v2-c5ed7c8b71f4,g-a712031e7959d564,COBYLA,O3,1103,0.8131306197142499,0.3032842075938483,-0.5098464121204016,0.0,True,True,False,1.901965157195926,0.028495105855852403,1.5900089679121352,1.8455849877519062,0.0738944743509099,2.0038506573718875,120,120.0,90,EVALUATION_BUDGET_EXHAUSTED,0.6156895766034722
task-v2-f5c9b9bdeb27,g-a87f1b9ac089cc45,SLSQP,O0,2207,1.324553009488309,1.2325312607054806,-0.09202174878282832,2.220446049250313e-16,True,True,False,1.324553009488309,0.008944898489818798,2.6711453340045908,1.2325312607054806,0.006944694229778187,2.561223046415923,120,,16,EVALUATION_BUDGET_EXHAUSTED,114.37083546351641
task-v2-c5ed7c8b71f4,g-a712031e7959d564,COBYLA,O0,1103,1.7097135041608758,1.356326863885076,-0.3533866402757997,0.0,True,True,False,1.7097135041608758,0.01420883743650345,1.2877972387641785,1.356326863885076,0.018960421295599814,1.4130866762671161,120,120.0,89,EVALUATION_BUDGET_EXHAUSTED,0.6177105996757746
task-v2-07b8f456a957,g-3ff7063ef9ea5cfb,SLSQP,O3,3301,1.058764416510045,0.9170635449974226,-0.14170087151262234,0.0,True,True,False,1.9028268145891174,0.002872906629412275,1.3717114551127512,1.4594593318057905,0.014479310472284509,2.0741378241937003,120,,15,EVALUATION_BUDGET_EXHAUSTED,5.243529350496829
task-v2-5b0627539151,g-a712031e7959d564,SLSQP,O0,1103,1.361524107865053,1.2768312741400547,-0.08469283372499836,0.0,True,True,False,1.361524107865053,0.04211463237640486,1.838852953332064,1.2768312741400547,0.00508608697259693,0.9208037216780874,120,,16,EVALUATION_BUDGET_EXHAUSTED,0.4800467658787966
task-v2-a0f813383468,g-60667963f6db3f1b,Nelder-Mead,O0,3301,1.8728412106743573,1.8243490992617994,-0.048492111412557826,0.0,True,True,False,1.8728412106743573,0.016079523409007226,0.7394518741991446,1.8243490992617994,0.0004041392138563534,-0.8602903057535872,120,120.0,74,EVALUATION_BUDGET_EXHAUSTED,0.10629019513726234
task-v2-3cd2eda112d3,g-6aa6775bed3bc2cc,SLSQP,O3,1103,0.2963746019221261,0.6183200810850135,0.32194547916288735,0.0,True,False,True,1.5768463760743159,0.08017658299600956,1.4372262452589495,1.7498513658111117,0.05024046466471946,1.2342323493768048,120,,15,EVALUATION_BUDGET_EXHAUSTED,0.11281426250934601
task-v2-e243a3cd3e64,g-bd62d2d752385cc7,SLSQP,O3,1103,1.0548103426976356,0.8251282448282311,-0.22968209786940452,0.0,True,True,False,2.2938214177762397,0.001030701801183866,0.92652297862171,1.4631826580083382,0.02487784554988673,2.309202710876042,120,,15,EVALUATION_BUDGET_EXHAUSTED,6.031091884709895
task-v2-606c43f06406,g-3ff7063ef9ea5cfb,COBYLA,O3,1103,1.0839509085385408,0.9337654604053921,-0.1501854481331487,0.0,True,True,False,2.155061629331268,0.004234596262417705,1.8412319491542926,1.807266652355074,0.013038831681404434,2.329658618341139,120,120.0,96,EVALUATION_BUDGET_EXHAUSTED,7.960906156338751
task-v2-ac528a9510be,g-a712031e7959d564,SLSQP,O0,2207,1.3972721327644795,1.2631753128133933,-0.13409681995108613,0.0,True,True,False,1.3972721327644795,0.05703712724060739,2.0674875958136134,1.2631753128133933,0.0006764729316879781,0.1415803757744099,120,,16,EVALUATION_BUDGET_EXHAUSTED,0.49261948466300964
task-v2-f4789f22d2c1,g-6aa6775bed3bc2cc,Nelder-Mead,O3,3301,0.6766375241785675,0.09332280948624844,-0.583314714692319,0.0,True,True,False,1.5701657910542326,0.04706922486332488,1.0809770117095345,1.5104835423218181,0.1129289656824263,1.4610453157629406,120,120.0,74,EVALUATION_BUDGET_EXHAUSTED,0.10926442313939333
task-v2-5f165c277bb9,g-e0c69f84d376b633,Nelder-Mead,O0,3301,1.3739977005938886,1.2145266364940188,-0.15947106409986977,-1.5543122344752192e-15,True,True,False,1.3739977005938886,0.03253101274711924,3.328777514460088,1.2145266364940188,0.0011067616402336432,1.8605340289390573,120,120.0,78,EVALUATION_BUDGET_EXHAUSTED,129.99570398870856
task-v2-11173062a501,g-a87f1b9ac089cc45,SLSQP,O0,2207,1.16081103774931,1.3500397034418572,0.18922866569254726,6.661338147750939e-16,True,False,True,1.16081103774931,0.0009523344805974719,1.920208176083933,1.3500397034418572,0.007721169688171121,2.829101764282556,120,,15,EVALUATION_BUDGET_EXHAUSTED,124.99424037057906
task-v2-420d9636beee,g-e0c69f84d376b633,COBYLA,O3,1103,1.0294787432531454,1.0184924635535857,-0.010986279699559676,0.0,True,True,False,1.8658075720646343,0.002101642198885697,3.042128697682583,1.8642112967591418,0.0029112675376813733,3.183652035386909,120,120.0,89,EVALUATION_BUDGET_EXHAUSTED,122.6516061834991
task-v2-8c0a098a6f8b,g-a712031e7959d564,COBYLA,O0,3301,1.6912612272916383,1.546679894519812,-0.1445813327718264,0.0,True,True,False,1.6912612272916383,0.013749254273643614,1.20657104733838,1.546679894519812,0.041782783165693296,1.689289268731523,120,120.0,89,EVALUATION_BUDGET_EXHAUSTED,0.8103772634640336
task-v2-b5e00db3fe1a,g-3ff7063ef9ea5cfb,COBYLA,O0,3301,1.8542611656505144,1.5318314750721744,-0.3224296905783399,0.0,True,True,False,1.8542611656505144,0.004069096970020809,1.4717354607656374,1.5318314750721744,0.0074976334640848765,1.7371616264861889,120,120.0,94,EVALUATION_BUDGET_EXHAUSTED,7.310969506390393
task-v2-606c43f06406,g-3ff7063ef9ea5cfb,SLSQP,O3,1103,0.8557810270798749,1.0296969547051067,0.17391592762523178,0.0,True,False,True,1.5993118164368427,0.020183240505206715,2.5194108346231454,1.7456399673757712,0.0030254462591612708,1.6952093822832381,120,,15,EVALUATION_BUDGET_EXHAUSTED,6.4772740276530385
task-v2-f4789f22d2c1,g-6aa6775bed3bc2cc,COBYLA,O0,1103,1.447532887381344,1.446183572354734,-0.001349315026609954,0.0,True,True,False,1.447532887381344,0.013242948846861356,0.530224666829746,1.446183572354734,0.0049589867246036855,0.10363291098164841,120,120.0,85,EVALUATION_BUDGET_EXHAUSTED,0.28680844884365797
task-v2-8792ce3c54d5,g-a712031e7959d564,COBYLA,O0,3301,1.7379229998042407,1.4291305822329932,-0.30879241757124753,0.0,True,True,False,1.7379229998042407,0.005586486912252403,1.6605287292911677,1.4291305822329932,0.0001978877714582066,0.20980890129287547,120,120.0,93,EVALUATION_BUDGET_EXHAUSTED,0.6383255673572421
task-v2-a2561503b5d0,g-bd62d2d752385cc7,SLSQP,O3,3301,0.8882045120817911,0.9582302038668279,0.07002569178503681,0.0,True,False,True,1.6432926669389132,0.019517718660407746,2.8058789885005573,1.6126190596501329,0.00946302903010646,2.491480107355156,120,,16,EVALUATION_BUDGET_EXHAUSTED,5.6263886680826545
task-v2-b5e00db3fe1a,g-3ff7063ef9ea5cfb,SLSQP,O3,2207,1.0745795627490722,1.7694044824885151,0.6948249197394429,0.0,True,False,True,2.294546842781854,0.0024393281346596287,1.249507646051878,2.719407860187493,3.2586078084148694e-05,-0.6247304849631663,120,,15,EVALUATION_BUDGET_EXHAUSTED,5.896065847016871
task-v2-4968f3a685c2,g-8a16a856f5377a40,COBYLA,O0,3301,1.7300112051729206,1.5029776328868496,-0.22703357228607102,0.0,True,True,False,1.7300112051729206,0.0038967632124933416,1.5040939602451102,1.5029776328868496,0.000524701011233643,0.6333018448279368,120,120.0,86,EVALUATION_BUDGET_EXHAUSTED,0.635521775111556
task-v2-c95d7e1ff6e7,g-a87f1b9ac089cc45,COBYLA,O0,1103,1.958117775315032,1.318465089404312,-0.6396526859107201,2.220446049250313e-16,True,True,False,1.958117775315032,0.001220557191819592,1.903038064651162,1.318465089404312,0.006404710947946156,2.6229794649316225,120,120.0,89,EVALUATION_BUDGET_EXHAUSTED,125.9074551993981
task-v2-0b71cbcaebc2,g-3ff7063ef9ea5cfb,COBYLA,O3,1103,1.0754683598072252,0.9531543117350011,-0.12231404807222412,0.0,True,True,False,2.115573117493015,0.003990560105046185,1.9403925323574585,1.8176842252334555,0.010785049738129977,2.372180828211917,120,120.0,91,EVALUATION_BUDGET_EXHAUSTED,5.881107293069363
task-v2-3f363bac5736,g-60667963f6db3f1b,SLSQP,O0,3301,1.9367500817534498,1.7545520166227775,-0.18219806513067227,0.0,True,True,False,1.9367500817534498,0.005970228991696197,0.7862909457126998,1.7545520166227775,0.000373432648226955,-0.4174877588714493,120,,16,EVALUATION_BUDGET_EXHAUSTED,0.10400052554905415
task-v2-b5e00db3fe1a,g-3ff7063ef9ea5cfb,SLSQP,O0,1103,1.366502154663864,1.2372417080506213,-0.12926044661324276,-4.440892098500626e-16,True,True,False,1.366502154663864,0.00958472221734689,1.8438169519381977,1.2372417080506213,0.0013472889015354306,0.99169815342517,120,,16,EVALUATION_BUDGET_EXHAUSTED,6.540750249288976
task-v2-5f165c277bb9,g-e0c69f84d376b633,COBYLA,O0,3301,1.483034824461749,1.2803742978982493,-0.20266052656349975,-3.1086244689504383e-15,True,True,False,1.483034824461749,0.009586202946486011,2.798126549688608,1.2803742978982493,0.0023715539832926914,2.191512945497862,120,120.0,86,EVALUATION_BUDGET_EXHAUSTED,128.65238644741476
task-v2-0b71cbcaebc2,g-3ff7063ef9ea5cfb,Nelder-Mead,O3,2207,0.9841994075156096,0.9289626066139578,-0.05523680090165184,0.0,True,True,False,1.6794994015505276,0.009550301590690825,2.319375762367855,1.9536673431207725,0.013876701258966607,2.481644914696152,120,120.0,76,EVALUATION_BUDGET_EXHAUSTED,5.565759371966124
task-v2-c95d7e1ff6e7,g-a87f1b9ac089cc45,Nelder-Mead,O3,2207,1.102000689785867,0.8779233288798034,-0.22407736090606356,0.0,True,True,False,2.074146471437037,0.002444162220753605,2.204609957578884,1.40214693478187,0.01733192882742677,3.0553268275842775,120,120.0,73,EVALUATION_BUDGET_EXHAUSTED,126.19685873761773
task-v2-3f11ce371857,g-3ff7063ef9ea5cfb,SLSQP,O3,3301,0.9505232452943333,1.011309827234837,0.06078658194050379,0.0,True,False,True,1.9047861809466253,0.011113066373187838,2.8623138388185825,1.9045011933212088,0.004141698436911884,2.43365840471929,120,,15,EVALUATION_BUDGET_EXHAUSTED,6.18268508464098
task-v2-6e79cb6720c5,g-e0c69f84d376b633,Nelder-Mead,O3,3301,0.9234545536301865,0.9519101278131329,0.02845557418294642,0.0,True,False,True,1.6732230281489182,0.012792451352215083,3.3494024369861215,1.9000671697586102,0.00982056449383458,3.234585114991626,120,120.0,73,EVALUATION_BUDGET_EXHAUSTED,127.30944050941616
task-v2-ac528a9510be,g-a712031e7959d564,COBYLA,O3,2207,0.5833674136514733,0.5604553866172014,-0.022912027034271865,0.0,True,True,False,1.7382038741926167,0.04734850791449562,1.9866362500103252,1.8052036284842203,0.049597361707264365,2.0067885274542516,120,120.0,88,EVALUATION_BUDGET_EXHAUSTED,0.6819774704053998
task-v2-6e79cb6720c5,g-e0c69f84d376b633,COBYLA,O3,2207,0.9619080763524885,0.9716234863426663,0.009715409990177726,0.0,True,False,True,1.895775067771015,0.011603218415087838,3.3070271302304683,1.820861755651415,0.008223968554450782,3.1575301039617463,120,120.0,94,EVALUATION_BUDGET_EXHAUSTED,127.34136145375669
task-v2-d7382a83ef13,g-548c8c6335dd2a2e,SLSQP,O3,3301,0.3422888139904093,0.023255813953488372,-0.3190330000369209,0.0,True,True,False,2.3271846657297424,0.07589240581426168,0.6863782943066628,1.8316454889357523,0.12983060948296116,0.9195570698561563,40,40.0,5,EARLY_CONVERGENCE,0.030062426812946796
task-v2-b9b3757d64c0,g-a87f1b9ac089cc45,Nelder-Mead,O3,3301,0.9243755905383519,0.8230644068956939,-0.10131118364265801,0.0,True,True,False,1.640097070940771,0.012047592725089422,3.19841020384982,1.9266149239687609,0.024253994664945065,3.5022932039916497,120,120.0,72,EVALUATION_BUDGET_EXHAUSTED,115.49897149018943
task-v2-ac528a9510be,g-a712031e7959d564,COBYLA,O0,3301,1.5913568187821117,1.4598028559646656,-0.13155396281744602,0.0,True,True,False,1.5913568187821117,0.03358705546379867,1.8375018837466006,1.4598028559646656,0.0014094201629007484,0.4603704324449621,120,120.0,93,EVALUATION_BUDGET_EXHAUSTED,0.5925652608275414
task-v2-b9b3757d64c0,g-a87f1b9ac089cc45,SLSQP,O3,1103,0.8221024684920016,0.8607075917256403,0.03860512323363863,0.0,True,False,True,1.7441063522470512,0.023225786142305103,3.4834803491250246,1.5219747503381227,0.018085108561289958,3.3748310463760665,120,,16,EVALUATION_BUDGET_EXHAUSTED,116.92065592296422
task-v2-4d2b9f5eb099,g-6aa6775bed3bc2cc,Nelder-Mead,O0,2207,1.8060446192652022,1.6562353575729718,-0.1498092616922304,0.0,True,True,False,1.8060446192652022,0.004734220255099766,0.6855484158410852,1.6562353575729718,0.000797845366171003,-0.08778131632798568,120,120.0,77,EVALUATION_BUDGET_EXHAUSTED,0.10900310520082712
task-v2-c5ed7c8b71f4,g-a712031e7959d564,SLSQP,O0,2207,1.2958471656500286,2.604422062520039,1.3085748968700104,0.0,True,False,True,1.2958471656500286,0.047197161718099234,1.809154575627314,2.604422062520039,3.682894915767414e-05,-1.2985719794672792,120,,15,EVALUATION_BUDGET_EXHAUSTED,0.46390199661254883
task-v2-2d64318cb7be,g-6aa6775bed3bc2cc,SLSQP,O0,3301,1.4618914520132429,1.5804519267218113,0.11856047470856845,0.0,True,False,True,1.4618914520132429,0.0332686191373443,1.2313047361915965,1.5804519267218113,0.0015842025269084408,-0.09091933734121409,120,,16,EVALUATION_BUDGET_EXHAUSTED,0.11468005646020174
task-v2-a2561503b5d0,g-bd62d2d752385cc7,COBYLA,O3,3301,1.0675940440569918,0.936117918968685,-0.13147612508830675,0.0,True,True,False,2.239368746190275,0.0018460497881258907,1.781693344768112,1.87886788052356,0.012053482098976692,2.5965624621954255,120,120.0,91,EVALUATION_BUDGET_EXHAUSTED,6.31441536732018
task-v2-ce7fc44fc7b5,g-548c8c6335dd2a2e,Nelder-Mead,O3,1103,0.6911336897836512,0.16541958537093202,-0.5257141044127192,0.0,True,True,False,1.8997506343639552,0.04589840200271418,0.2918862803459823,1.8414593570138078,0.09185464111403802,0.5931898196015479,120,120.0,79,EVALUATION_BUDGET_EXHAUSTED,0.05351339653134346
task-v2-69173fedcdae,g-8a16a856f5377a40,Nelder-Mead,O3,1103,0.9087229663003722,0.5606198245485766,-0.3481031417517956,0.0,True,True,False,1.8931894755851326,0.021541714572063782,1.4015721708037727,1.3506657271862685,0.0513372376185226,1.7787243998323805,120,120.0,76,EVALUATION_BUDGET_EXHAUSTED,0.4989825887605548
task-v2-d7382a83ef13,g-548c8c6335dd2a2e,SLSQP,O0,1103,1.5762535084285547,1.614470242428693,0.03821673400013825,0.0,True,False,True,1.5762535084285547,0.10175414414587335,0.8137320797733771,1.614470242428693,0.02927575787163607,0.27268812060477726,120,,16,EVALUATION_BUDGET_EXHAUSTED,0.07612772565335035
task-v2-2d64318cb7be,g-6aa6775bed3bc2cc,COBYLA,O3,2207,1.0263132459626678,0.661086743861808,-0.36522650210085983,0.0,True,True,False,2.32301274260245,0.012529446733514336,0.8072018551234733,2.0840887603483313,0.04488324824342237,1.3613542406665904,120,120.0,97,EVALUATION_BUDGET_EXHAUSTED,0.310757614672184
task-v2-0c6c4504c3d3,g-8a16a856f5377a40,Nelder-Mead,O3,1103,0.6438787901135786,0.17739831628807975,-0.46648047382549884,0.0,True,True,False,1.5164055966784729,0.04263155151339709,1.8441510777473626,1.7449496368676505,0.08857389334251697,2.1617256741847712,120,120.0,71,EVALUATION_BUDGET_EXHAUSTED,0.43045340385288
task-v2-f6d986d24578,g-bd62d2d752385cc7,COBYLA,O3,3301,1.0596002312874486,0.9456059861937197,-0.11399424509372891,0.0,True,True,False,2.1905760617898467,0.0035782415723238075,1.8930283329810302,1.6923484600054441,0.012218834237434903,2.4263884490446146,120,120.0,88,EVALUATION_BUDGET_EXHAUSTED,6.545566683635116
task-v2-e442db508705,g-548c8c6335dd2a2e,COBYLA,O3,1103,0.8719161201509474,0.45965581560461466,-0.4122603045463328,0.0,True,True,False,2.3937441071187173,0.02766834843006461,0.5491932057994295,1.8836575841377332,0.059256141487334435,0.8799433382681727,120,120.0,93,EVALUATION_BUDGET_EXHAUSTED,0.2552095977589488
task-v2-3cd2eda112d3,g-6aa6775bed3bc2cc,SLSQP,O0,3301,1.3788011580195005,1.3971374555327984,0.018336297513297906,0.0,True,False,True,1.3788011580195005,0.0047192090831541375,0.2070479209771392,1.3971374555327984,0.033319595541858316,1.05587842289604,120,,16,EVALUATION_BUDGET_EXHAUSTED,0.11221018899232149
task-v2-7d4ec5aed494,g-a87f1b9ac089cc45,Nelder-Mead,O0,1103,1.5293763695532436,1.4463279969187424,-0.08304837263450127,-1.7763568394002505e-15,True,True,False,1.5293763695532436,0.0022986006087226674,2.7800034393296333,1.4463279969187424,0.0012888312014175262,2.528735963359901,120,120.0,79,EVALUATION_BUDGET_EXHAUSTED,131.6932570748031
task-v2-4746dcc3bd93,g-a87f1b9ac089cc45,SLSQP,O3,3301,1.1329069225058495,0.954303740413895,-0.17860318209195447,0.0,True,True,False,2.3167923044066843,0.00024391264919478996,2.1068042408201104,1.8058341784408038,0.009492197261490733,3.6969366725177437,120,,15,EVALUATION_BUDGET_EXHAUSTED,114.97827597800642
task-v2-4e78b3f98433,g-553bb3c5ba0f2136,COBYLA,O0,1103,1.7075527106223447,1.623126188299544,-0.08442652232280068,0.0,True,True,False,1.7075527106223447,0.05445195326125182,0.8432234327179645,1.623126188299544,0.002835945217434954,-0.4400921931201922,120,120.0,89,EVALUATION_BUDGET_EXHAUSTED,0.2420985819771886
task-v2-f83834022ee2,g-553bb3c5ba0f2136,SLSQP,O3,3301,0.5822999981118595,0.046511627906976744,-0.5357883702048828,0.0,True,True,False,2.39637501060725,0.05565720592794826,0.5517013743194594,1.635241979116179,0.1700608627286978,1.036784351931301,25,25.0,3,EARLY_CONVERGENCE,0.01071756798774004
task-v2-e243a3cd3e64,g-bd62d2d752385cc7,Nelder-Mead,O3,2207,0.8161586808613508,0.5795642350594636,-0.23659444580188715,0.0,True,True,False,1.3530637361098208,0.024771390988232844,2.3073403378458774,1.44782938791443,0.04982839085432396,2.610866806031155,120,120.0,69,EVALUATION_BUDGET_EXHAUSTED,7.201820919290185
task-v2-3f363bac5736,g-60667963f6db3f1b,SLSQP,O0,2207,1.7310510663400507,1.7203983429834033,-0.010652723356647353,0.0,True,True,False,1.7310510663400507,0.028783258042551968,1.4694399078046236,1.7203983429834033,0.00029144061538162615,-0.5251499681054586,120,,16,EVALUATION_BUDGET_EXHAUSTED,0.10102519858628511
task-v2-5d31ef4af595,g-bd62d2d752385cc7,COBYLA,O0,1103,1.9667001892137328,1.4190728570865005,-0.5476273321272322,2.220446049250313e-16,True,True,False,1.9667001892137328,0.0029480544518310494,1.6839554401623156,1.4190728570865005,0.0034239700879204753,1.748949901285717,120,120.0,92,EVALUATION_BUDGET_EXHAUSTED,7.187005963176489
task-v2-420d9636beee,g-e0c69f84d376b633,COBYLA,O0,1103,1.633029413109351,1.5729888953861813,-0.06004051772316976,2.4424906541753444e-15,True,True,False,1.633029413109351,0.0009655058360658648,2.704324820861601,1.5729888953861813,0.0005028094023985714,2.4209733078937568,120,120.0,89,EVALUATION_BUDGET_EXHAUSTED,116.59300094656646
task-v2-5d31ef4af595,g-bd62d2d752385cc7,Nelder-Mead,O3,3301,1.0701302964056068,0.9713502999607041,-0.09877999644490265,0.0,True,True,False,2.385586588612975,0.001178577593883684,1.28577811969548,1.5224703521633245,0.00850854918017673,2.1442754527576264,120,120.0,72,EVALUATION_BUDGET_EXHAUSTED,7.008622316643596
task-v2-4d2b9f5eb099,g-6aa6775bed3bc2cc,SLSQP,O3,1103,1.1070140441166143,0.7077421603781595,-0.3992718837384548,0.0,True,True,False,2.2692968794229884,0.0030206457721256826,0.49039975565321847,1.7187501073433957,0.040109757161613795,1.6135499892599434,120,,15,EVALUATION_BUDGET_EXHAUSTED,0.12162319663912058
task-v2-526a936f38d9,g-e0c69f84d376b633,COBYLA,O0,1103,1.5570247856140216,1.4353009091846718,-0.12172387642934979,2.4424906541753444e-15,True,True,False,1.5570247856140216,0.0031596351899848755,2.6171468683609658,1.4353009091846718,0.001611817307197228,2.32482574106908,120,120.0,95,EVALUATION_BUDGET_EXHAUSTED,133.31721545848995
task-v2-73f419868dc6,g-553bb3c5ba0f2136,Nelder-Mead,O0,2207,1.3424050711775197,1.169795145702615,-0.17260992547490472,0.0,True,True,False,1.3424050711775197,0.11951756731531259,0.7075204597719524,1.169795145702615,0.2796391222842919,1.076686645247975,120,120.0,78,EVALUATION_BUDGET_EXHAUSTED,0.04595670755952597
task-v2-4746dcc3bd93,g-a87f1b9ac089cc45,SLSQP,O0,1103,1.2186502610827905,1.1718217529085915,-0.046828508174199035,3.3306690738754696e-15,True,True,False,1.2186502610827905,0.0004928563121972654,2.4122902407154903,1.1718217529085915,0.0004258244593672038,2.348800521319922,120,,16,EVALUATION_BUDGET_EXHAUSTED,112.27920875232667
task-v2-f6d986d24578,g-bd62d2d752385cc7,COBYLA,O3,2207,0.9460641816370782,0.9286036368494751,-0.01746054478760306,0.0,True,True,False,1.7627058888982747,0.015649952276767493,2.533871693443492,1.6910286131732435,0.013952933182761872,2.484024190408469,120,120.0,86,EVALUATION_BUDGET_EXHAUSTED,6.326745679602027
task-v2-f0ef0f25a74e,g-8a16a856f5377a40,SLSQP,O3,1103,0.8459187105506456,0.07328653598860269,-0.7726321745620429,0.0,True,True,False,1.7909328868337298,0.02397773045015082,1.5150467669391467,1.4082515183508546,0.10197616058557549,2.143737349949115,120,,14,EVALUATION_BUDGET_EXHAUSTED,0.4266581041738391
task-v2-d7382a83ef13,g-548c8c6335dd2a2e,Nelder-Mead,O0,1103,1.5762663687051774,1.5842262347025398,0.007959865997362314,0.0,True,False,True,1.5762663687051774,0.10222161142887293,0.8157226969066793,1.5842262347025398,0.02844351886982321,0.26016329780009595,120,120.0,77,EVALUATION_BUDGET_EXHAUSTED,0.04237236361950636
task-v2-6996479d6302,g-60667963f6db3f1b,SLSQP,O0,2207,1.4730650776563667,1.7995749118635476,0.3265098342071808,0.0,True,False,True,1.4730650776563667,0.009199437781166667,0.3720012517880676,1.7995749118635476,0.07071081843699965,1.257725829293436,120,,15,EVALUATION_BUDGET_EXHAUSTED,0.10508428420871496
task-v2-8f4071cbe937,g-8a16a856f5377a40,Nelder-Mead,O3,2207,0.7054675145959594,0.6882264835517218,-0.017241031044237576,0.0,True,True,False,1.6788951867166881,0.037371287477225804,2.184898007942729,1.8241128410916811,0.03849947007113311,2.1978146996381813,120,120.0,78,EVALUATION_BUDGET_EXHAUSTED,0.41798679530620575
task-v2-b5e00db3fe1a,g-3ff7063ef9ea5cfb,SLSQP,O0,3301,1.7420798645499969,1.4791758162372597,-0.26290404831273717,0.0,True,True,False,1.7420798645499969,0.006959440326609541,1.7048117365365507,1.4791758162372597,0.002708588411104731,1.2949804371564297,120,,15,EVALUATION_BUDGET_EXHAUSTED,6.172961199656129
task-v2-ef23e17da545,g-a712031e7959d564,Nelder-Mead,O0,3301,1.638843893193437,1.4307656558086632,-0.20807823738477382,0.0,True,True,False,1.638843893193437,0.02851147391920192,1.8912883579378035,1.4307656558086632,0.002223276715892477,0.7832622086088784,120,120.0,76,EVALUATION_BUDGET_EXHAUSTED,0.4050447018817067
task-v2-f83834022ee2,g-553bb3c5ba0f2136,Nelder-Mead,O0,1103,1.4056971110671812,1.5134758542681492,0.10777874320096803,0.0,True,False,True,1.4056971110671812,0.1927913398680442,1.091267495604681,1.5134758542681492,0.12255602364450911,0.8945146357268673,120,120.0,78,EVALUATION_BUDGET_EXHAUSTED,0.03678889200091362
task-v2-f5c9b9bdeb27,g-a87f1b9ac089cc45,Nelder-Mead,O3,2207,1.1061217966759846,0.9519589726154757,-0.15416282406050896,0.0,True,True,False,2.215521692041432,0.00030866842014517083,1.2090621167178999,1.364375680572436,0.009673157943684752,2.705138196623427,120,120.0,79,EVALUATION_BUDGET_EXHAUSTED,111.92641533259302
task-v2-59a464f36e13,g-bd62d2d752385cc7,SLSQP,O0,2207,1.4569542967944331,1.4886372323032409,0.03168293550880774,-4.440892098500626e-16,True,False,True,1.4569542967944331,8.425536783590895e-05,0.7420775095706765,1.4886372323032409,2.2195213112348776e-05,0.16273924998160452,120,,16,EVALUATION_BUDGET_EXHAUSTED,6.755948120728135
task-v2-8792ce3c54d5,g-a712031e7959d564,SLSQP,O0,2207,1.3695734160784365,1.266473900671153,-0.10309951540728357,0.0,True,True,False,1.3695734160784365,0.0006802000487870257,0.7460266023780255,1.266473900671153,0.0014127942087522449,1.0634688496330162,120,,16,EVALUATION_BUDGET_EXHAUSTED,0.4610322015359998
task-v2-8c0a098a6f8b,g-a712031e7959d564,COBYLA,O3,2207,0.35053393233522584,0.5452445662160843,0.19471063388085846,0.0,True,False,True,1.8109315800841292,0.0708465010501497,1.9186103098998344,1.7014105746102859,0.051279210504588627,1.7782332337760742,120,120.0,91,EVALUATION_BUDGET_EXHAUSTED,0.742608523927629
task-v2-e449b07a1126,g-e0c69f84d376b633,Nelder-Mead,O0,2207,1.752874356623847,1.4784883638887367,-0.2743859927351102,6.8833827526759706e-15,True,True,False,1.752874356623847,0.002561695928783116,2.8270675000188827,1.4784883638887367,0.0010865055568907236,2.4545718737962456,120,120.0,80,EVALUATION_BUDGET_EXHAUSTED,124.8173018693924
task-v2-606c43f06406,g-3ff7063ef9ea5cfb,SLSQP,O3,3301,0.8132629308765708,2.373281327535699,1.5600183966591281,0.0,True,False,True,1.7120927291004668,0.02628293413218311,2.6340937859629996,2.970941515474622,4.113578948400704e-05,-0.17136022393970668,120,,15,EVALUATION_BUDGET_EXHAUSTED,6.745827300474048
task-v2-07b8f456a957,g-3ff7063ef9ea5cfb,Nelder-Mead,O0,1103,1.8588548445790687,1.3869555422048427,-0.47189930237422595,2.220446049250313e-16,True,True,False,1.8588548445790687,0.004428102706696589,1.5596076291072503,1.3869555422048427,0.002352358587207962,1.2848934687634834,120,120.0,76,EVALUATION_BUDGET_EXHAUSTED,6.326299449428916
task-v2-73f419868dc6,g-553bb3c5ba0f2136,SLSQP,O3,3301,0.6646475216987899,0.046511627906976744,-0.6181358937918132,0.0,True,True,False,1.8716065671310478,0.04765833002526636,0.30822753528194236,1.4384247451747345,0.19194133395103838,0.9132572236597994,30,30.0,4,EARLY_CONVERGENCE,0.011951244436204433
task-v2-6e79cb6720c5,g-e0c69f84d376b633,SLSQP,O3,2207,0.8647096233158256,0.8935464639936314,0.028836840677805786,0.0,True,False,True,1.8178812323202107,0.020213491642132805,3.5480900021378226,1.826762853225119,0.01579541499192086,3.4409797034779945,120,,15,EVALUATION_BUDGET_EXHAUSTED,127.55486383289099
task-v2-f0ef0f25a74e,g-8a16a856f5377a40,Nelder-Mead,O3,2207,0.073127098494273,0.1764462694659874,0.1033191709717144,0.0,True,False,True,1.3889833629537747,0.10162084980785219,2.1422215156401188,1.8065599652280702,0.08889669798346606,2.08412432290007,120,120.0,75,EVALUATION_BUDGET_EXHAUSTED,0.41949338372796774
task-v2-07b8f456a957,g-3ff7063ef9ea5cfb,COBYLA,O3,1103,0.9024479810922912,0.8244723747989605,-0.07797560629333067,0.0,True,True,False,1.4943957919757578,0.01583884790984427,2.113113532211366,1.6013019452218247,0.025036045180480818,2.3119556702490662,120,120.0,88,EVALUATION_BUDGET_EXHAUSTED,6.4911265932023525
task-v2-4968f3a685c2,g-8a16a856f5377a40,SLSQP,O3,3301,0.8719208931367323,1.0181444710704337,0.14622357793370144,0.0,True,False,True,1.771488050573124,0.020729476409311377,2.2299782763373583,1.7988247835964226,0.005141525584736859,1.6244819448697092,120,,16,EVALUATION_BUDGET_EXHAUSTED,0.5055669378489256
task-v2-4968f3a685c2,g-8a16a856f5377a40,COBYLA,O3,1103,1.0471450228167263,0.9665633186388631,-0.08058170417786314,0.0,True,True,False,2.0964460337359596,0.005540622659694672,1.656948517471025,1.8229547255029777,0.010468248356227842,1.9332639612354239,120,120.0,87,EVALUATION_BUDGET_EXHAUSTED,0.6891952576115727
task-v2-e449b07a1126,g-e0c69f84d376b633,Nelder-Mead,O3,1103,0.9189163921810352,1.0043177102011103,0.08540131802007511,0.0,True,False,True,1.7945197518520413,0.013008894292115323,3.532780306657747,1.8918641826350702,0.004597468067381394,3.0810586433945195,120,120.0,70,EVALUATION_BUDGET_EXHAUSTED,125.38985248841345
task-v2-5d31ef4af595,g-bd62d2d752385cc7,Nelder-Mead,O3,1103,1.0639244528700438,0.9286880524718535,-0.1352364003981903,0.0,True,True,False,2.258840211256851,0.0007627300630881555,1.0967908037859126,1.5208941231063222,0.013806085918534673,2.3544905110736063,120,120.0,73,EVALUATION_BUDGET_EXHAUSTED,6.893849092535675
task-v2-8f4071cbe937,g-8a16a856f5377a40,Nelder-Mead,O0,2207,1.472424944926794,1.3761003797755431,-0.09632456515125098,0.0,True,True,False,1.472424944926794,0.01805126266070598,1.8688675335666776,1.3761003797755431,0.0006406653837868439,0.4189912069424713,120,120.0,73,EVALUATION_BUDGET_EXHAUSTED,0.42418004758656025
task-v2-2d64318cb7be,g-6aa6775bed3bc2cc,SLSQP,O3,1103,0.2807591414399173,1.201912158450126,0.9211530170102087,0.0,True,False,True,1.6553203474103961,0.08206999962833819,1.6234543924323332,2.4339938523021596,0.005176624885634708,0.42331665676678987,120,,15,EVALUATION_BUDGET_EXHAUSTED,0.11828615423291922
task-v2-6996479d6302,g-60667963f6db3f1b,COBYLA,O3,2207,1.048179699541037,0.6451179745992698,-0.4030617249417673,0.0,True,True,False,2.148489501661524,0.015426142835541275,0.5964973136271003,1.8957383528129412,0.05125470599963669,1.1179737120317377,120,120.0,91,EVALUATION_BUDGET_EXHAUSTED,0.2997572058811784
task-v2-8f4071cbe937,g-8a16a856f5377a40,SLSQP,O0,1103,1.2999636790596916,1.28416494685662,-0.015798732203071486,0.0,True,True,False,1.2999636790596916,7.399130952814415e-05,-0.5184593383230017,1.28416494685662,5.932399321023055e-05,-0.6144096755086564,120,,16,EVALUATION_BUDGET_EXHAUSTED,0.4117943933233619
task-v2-c5ed7c8b71f4,g-a712031e7959d564,SLSQP,O3,1103,0.4440488521509058,0.30932934093298875,-0.13471951121791703,0.0,True,True,False,1.3828046203115227,0.061576891211831665,1.9246564524559562,1.4105593026873886,0.07440279276853176,2.0068279306918266,120,,16,EVALUATION_BUDGET_EXHAUSTED,0.5819980436936021
task-v2-6996479d6302,g-60667963f6db3f1b,SLSQP,O3,1103,0.07347258892807862,0.4853163121664359,0.4118437232383573,0.0,True,False,True,1.4185036270672131,0.16051061423368146,1.6137437219947908,1.699505639553434,0.06475840950960357,1.219536139091687,120,,16,EVALUATION_BUDGET_EXHAUSTED,0.10872775316238403
task-v2-e243a3cd3e64,g-bd62d2d752385cc7,COBYLA,O3,1103,0.9177999698287349,0.8647909665969825,-0.053009003231752394,0.0,True,True,False,1.4495817706025784,0.015107532712084024,2.092583486923734,1.4437033590438095,0.020770007922677226,2.230826605827632,120,120.0,87,EVALUATION_BUDGET_EXHAUSTED,7.233151346445084
task-v2-f0ef0f25a74e,g-8a16a856f5377a40,COBYLA,O0,2207,1.48612997898081,1.3752159005887168,-0.11091407839209322,0.0,True,True,False,1.48612997898081,0.05121594185922129,1.844643857033609,1.3752159005887168,0.025884060297894473,1.5482710961048318,120,120.0,89,EVALUATION_BUDGET_EXHAUSTED,0.6524338219314814
task-v2-b5e00db3fe1a,g-3ff7063ef9ea5cfb,COBYLA,O3,2207,0.8826089315631142,0.8541546677009894,-0.028454263862124796,0.0,True,True,False,1.5859364610488225,0.017662283399137044,2.1092842701167793,1.6519194888365285,0.02100502051821476,2.1845605312880014,120,120.0,86,EVALUATION_BUDGET_EXHAUSTED,7.040052939206362
task-v2-c95d7e1ff6e7,g-a87f1b9ac089cc45,Nelder-Mead,O3,1103,0.9189993739713376,0.9699670302824994,0.050967656311161846,0.0,True,False,True,1.5004338358397091,0.01252841649063912,2.914376113123307,1.441197615374087,0.007536799327290142,2.693666882646082,120,120.0,73,EVALUATION_BUDGET_EXHAUSTED,127.26161926612258
task-v2-5de325b6f026,g-8a16a856f5377a40,Nelder-Mead,O0,3301,1.5589627148221155,1.5024799291115651,-0.05648278571055032,0.0,True,True,False,1.5589627148221155,0.0118775539448525,1.51099570046375,1.5024799291115651,0.004142737267115733,1.0535560800766668,120,120.0,72,EVALUATION_BUDGET_EXHAUSTED,0.3984595760703087
task-v2-6e79cb6720c5,g-e0c69f84d376b633,COBYLA,O0,1103,1.4883129254189356,1.4500258477589383,-0.03828707765999728,-3.552713678800501e-15,True,True,False,1.4883129254189356,0.0020002999576495084,2.543543788652009,1.4500258477589383,0.0012404628764397675,2.3360324344879997,120,120.0,90,EVALUATION_BUDGET_EXHAUSTED,122.97167979273945
task-v2-4746dcc3bd93,g-a87f1b9ac089cc45,Nelder-Mead,O3,1103,1.0391349352987163,0.9830404765572832,-0.05609445874143304,0.0,True,True,False,1.910918944574735,0.0005767268273752222,2.480540071402189,1.6720158922082127,0.005609444137154907,3.4684897449810754,120,120.0,74,EVALUATION_BUDGET_EXHAUSTED,111.18092044442892
