task_id,graph_id,objective,seed,transition,shallower_depth,deeper_depth,budget,deeper_terminal_objective,embedded_shallower_objective,signed_nested_regret,embedding_identity_error,embedding_identity_pass,nested_pass,nested_failure,actual_nfev,nit,termination_reason,wall_time_s
task-v2-4968f3a685c2,g-8a16a856f5377a40,O3,3301,p3->p4,3,4,120,0.871106966652847,1.022600759029512,-0.15149379237666505,0.0,True,True,False,480,394,EVALUATION_BUDGET_EXHAUSTED,3.0761296674609184
task-v2-4968f3a685c2,g-8a16a856f5377a40,O3,3301,p3->p4,3,4,240,0.8539624278086716,1.022600759029512,-0.1686383312208405,0.0,True,True,False,480,394,EVALUATION_BUDGET_EXHAUSTED,3.0761296674609184
task-v2-4968f3a685c2,g-8a16a856f5377a40,O3,3301,p3->p4,3,4,480,0.8474477185027829,1.022600759029512,-0.1751530405267292,0.0,True,True,False,480,394,EVALUATION_BUDGET_EXHAUSTED,3.0761296674609184
task-v2-4e78b3f98433,g-553bb3c5ba0f2136,O3,2207,p3->p4,3,4,120,0.06976744186046512,0.5758430827714295,-0.5060756409109644,0.0,True,True,False,128,97,EARLY_CONVERGENCE,0.2723474595695734
task-v2-4e78b3f98433,g-553bb3c5ba0f2136,O3,2207,p3->p4,3,4,240,0.06976744186046512,0.5549556071439685,-0.4851881652835034,0.0,True,True,False,128,97,EARLY_CONVERGENCE,0.2723474595695734
task-v2-4e78b3f98433,g-553bb3c5ba0f2136,O3,2207,p3->p4,3,4,480,0.06976744186046512,0.5231610383718529,-0.4533935965113878,0.0,True,True,False,128,97,EARLY_CONVERGENCE,0.2723474595695734
task-v2-ce7fc44fc7b5,g-548c8c6335dd2a2e,O3,2207,p2->p3,2,3,120,0.023255813953488372,0.023255813953488372,0.0,0.0,True,True,False,60,46,EARLY_CONVERGENCE,0.10842113196849823
task-v2-ce7fc44fc7b5,g-548c8c6335dd2a2e,O3,2207,p2->p3,2,3,240,0.023255813953488372,0.023255813953488372,0.0,0.0,True,True,False,60,46,EARLY_CONVERGENCE,0.10842113196849823
task-v2-ce7fc44fc7b5,g-548c8c6335dd2a2e,O3,2207,p2->p3,2,3,480,0.023255813953488372,0.023255813953488372,0.0,0.0,True,True,False,60,46,EARLY_CONVERGENCE,0.10842113196849823
task-v2-6996479d6302,g-60667963f6db3f1b,O0,2207,p3->p4,3,4,120,1.7655095141345838,1.8923871728673287,-0.12687765873274492,0.0,True,True,False,480,400,EVALUATION_BUDGET_EXHAUSTED,1.4060247400775552
task-v2-6996479d6302,g-60667963f6db3f1b,O0,2207,p3->p4,3,4,240,1.7419027001782972,1.8423893844533277,-0.10048668427503049,0.0,True,True,False,480,400,EVALUATION_BUDGET_EXHAUSTED,1.4060247400775552
task-v2-6996479d6302,g-60667963f6db3f1b,O0,2207,p3->p4,3,4,480,1.724634706747322,1.4152126968305512,0.3094220099167708,0.0,True,False,True,480,400,EVALUATION_BUDGET_EXHAUSTED,1.4060247400775552
task-v2-b5e00db3fe1a,g-3ff7063ef9ea5cfb,O3,1103,p2->p3,2,3,120,0.922600459565483,1.079634887739199,-0.15703442817371605,0.0,True,True,False,480,398,EVALUATION_BUDGET_EXHAUSTED,22.939046879298985
task-v2-b5e00db3fe1a,g-3ff7063ef9ea5cfb,O3,1103,p2->p3,2,3,240,0.9037711997191006,1.0743825316880313,-0.17061133196893075,0.0,True,True,False,480,398,EVALUATION_BUDGET_EXHAUSTED,22.939046879298985
task-v2-b5e00db3fe1a,g-3ff7063ef9ea5cfb,O3,1103,p2->p3,2,3,480,0.8855867124899021,1.074105799943434,-0.18851908745353196,0.0,True,True,False,480,398,EVALUATION_BUDGET_EXHAUSTED,22.939046879298985
task-v2-73f419868dc6,g-553bb3c5ba0f2136,O0,3301,p3->p4,3,4,120,1.2228692588432992,1.3251717992922463,-0.10230254044894704,0.0,True,True,False,480,391,EVALUATION_BUDGET_EXHAUSTED,1.0979071566835046
task-v2-73f419868dc6,g-553bb3c5ba0f2136,O0,3301,p3->p4,3,4,240,1.1573060079778754,1.2646859034540303,-0.1073798954761549,0.0,True,True,False,480,391,EVALUATION_BUDGET_EXHAUSTED,1.0979071566835046
task-v2-73f419868dc6,g-553bb3c5ba0f2136,O0,3301,p3->p4,3,4,480,1.127962150659593,1.2435509068194623,-0.11558875615986941,0.0,True,True,False,480,391,EVALUATION_BUDGET_EXHAUSTED,1.0979071566835046
task-v2-59a464f36e13,g-bd62d2d752385cc7,O3,3301,p3->p4,3,4,120,0.9547515791311912,1.000841845888385,-0.04609026675719374,0.0,True,True,False,480,385,EVALUATION_BUDGET_EXHAUSTED,26.006199673749506
task-v2-59a464f36e13,g-bd62d2d752385cc7,O3,3301,p3->p4,3,4,240,0.9378283032524898,0.9961277864717122,-0.0582994832192224,0.0,True,True,False,480,385,EVALUATION_BUDGET_EXHAUSTED,26.006199673749506
task-v2-59a464f36e13,g-bd62d2d752385cc7,O3,3301,p3->p4,3,4,480,0.926875394074166,0.9914943956824096,-0.06461900160824363,0.0,True,True,False,480,385,EVALUATION_BUDGET_EXHAUSTED,26.006199673749506
task-v2-73f419868dc6,g-553bb3c5ba0f2136,O0,2207,p3->p4,3,4,120,1.3549506333194856,1.4488393896342606,-0.093888756314775,0.0,True,True,False,480,395,EVALUATION_BUDGET_EXHAUSTED,1.091323927976191
task-v2-73f419868dc6,g-553bb3c5ba0f2136,O0,2207,p3->p4,3,4,240,1.2024358778699913,1.4267012835279065,-0.2242654056579152,0.0,True,True,False,480,395,EVALUATION_BUDGET_EXHAUSTED,1.091323927976191
task-v2-73f419868dc6,g-553bb3c5ba0f2136,O0,2207,p3->p4,3,4,480,1.1231291678506232,1.4259346094167573,-0.3028054415661341,0.0,True,True,False,480,395,EVALUATION_BUDGET_EXHAUSTED,1.091323927976191
task-v2-4e78b3f98433,g-553bb3c5ba0f2136,O0,2207,p2->p3,2,3,120,1.6268266183446116,1.6874314518760114,-0.06060483353139978,0.0,True,True,False,480,391,EVALUATION_BUDGET_EXHAUSTED,0.9491520589217544
task-v2-4e78b3f98433,g-553bb3c5ba0f2136,O0,2207,p2->p3,2,3,240,1.6199873152304538,1.6841288342590808,-0.06414151902862697,0.0,True,True,False,480,391,EVALUATION_BUDGET_EXHAUSTED,0.9491520589217544
task-v2-4e78b3f98433,g-553bb3c5ba0f2136,O0,2207,p2->p3,2,3,480,1.6198826043073131,1.4386971506408415,0.18118545366647165,0.0,True,False,True,480,391,EVALUATION_BUDGET_EXHAUSTED,0.9491520589217544
task-v2-ce7fc44fc7b5,g-548c8c6335dd2a2e,O0,2207,p2->p3,2,3,120,1.2835095463477546,1.2614824753121243,0.022027071035630286,0.0,True,False,True,480,395,EVALUATION_BUDGET_EXHAUSTED,0.9996166732162237
task-v2-ce7fc44fc7b5,g-548c8c6335dd2a2e,O0,2207,p2->p3,2,3,240,1.2747131345822236,1.2601427286013052,0.01457040598091841,0.0,True,False,True,480,395,EVALUATION_BUDGET_EXHAUSTED,0.9996166732162237
task-v2-ce7fc44fc7b5,g-548c8c6335dd2a2e,O0,2207,p2->p3,2,3,480,1.2629978567095217,1.2601127216926467,0.00288513501687504,0.0,True,False,True,480,395,EVALUATION_BUDGET_EXHAUSTED,0.9996166732162237
task-v2-4d2b9f5eb099,g-6aa6775bed3bc2cc,O0,3301,p2->p3,2,3,120,1.7079828469948795,1.6526899601361071,0.05529288685877232,0.0,True,False,True,480,394,EVALUATION_BUDGET_EXHAUSTED,1.2685336153954268
task-v2-4d2b9f5eb099,g-6aa6775bed3bc2cc,O0,3301,p2->p3,2,3,240,1.6994898170878687,1.6498322285237301,0.0496575885641386,0.0,True,False,True,480,394,EVALUATION_BUDGET_EXHAUSTED,1.2685336153954268
task-v2-4d2b9f5eb099,g-6aa6775bed3bc2cc,O0,3301,p2->p3,2,3,480,1.6940355661274802,1.6497995702358015,0.0442359958916787,0.0,True,False,True,480,394,EVALUATION_BUDGET_EXHAUSTED,1.2685336153954268
task-v2-8792ce3c54d5,g-a712031e7959d564,O3,3301,p3->p4,3,4,120,0.6830678853808311,0.7773506636719485,-0.09428277829111742,0.0,True,True,False,480,393,EVALUATION_BUDGET_EXHAUSTED,3.260825908742845
task-v2-8792ce3c54d5,g-a712031e7959d564,O3,3301,p3->p4,3,4,240,0.6676826843874367,0.7415683215933833,-0.07388563720594654,0.0,True,True,False,480,393,EVALUATION_BUDGET_EXHAUSTED,3.260825908742845
task-v2-8792ce3c54d5,g-a712031e7959d564,O3,3301,p3->p4,3,4,480,0.6592378545522207,0.7197646980280279,-0.06052684347580717,0.0,True,True,False,480,393,EVALUATION_BUDGET_EXHAUSTED,3.260825908742845
task-v2-3cd2eda112d3,g-6aa6775bed3bc2cc,O3,1103,p3->p4,3,4,120,0.5622415395601457,0.8567903288228279,-0.29454878926268224,0.0,True,True,False,480,387,EVALUATION_BUDGET_EXHAUSTED,1.4541621496900916
task-v2-3cd2eda112d3,g-6aa6775bed3bc2cc,O3,1103,p3->p4,3,4,240,0.5269420354068307,0.8567280775068196,-0.32978604209998885,0.0,True,True,False,480,387,EVALUATION_BUDGET_EXHAUSTED,1.4541621496900916
task-v2-3cd2eda112d3,g-6aa6775bed3bc2cc,O3,1103,p3->p4,3,4,480,0.5250341767934841,0.8566507332611141,-0.33161655646763,0.0,True,True,False,480,387,EVALUATION_BUDGET_EXHAUSTED,1.4541621496900916
task-v2-5d31ef4af595,g-bd62d2d752385cc7,O3,2207,p3->p4,3,4,120,0.8585571241060389,0.9373731284063075,-0.07881600430026858,0.0,True,True,False,480,388,EVALUATION_BUDGET_EXHAUSTED,26.880102571099997
task-v2-5d31ef4af595,g-bd62d2d752385cc7,O3,2207,p3->p4,3,4,240,0.8328580048456687,0.93615448502508,-0.10329648017941129,0.0,True,True,False,480,388,EVALUATION_BUDGET_EXHAUSTED,26.880102571099997
task-v2-5d31ef4af595,g-bd62d2d752385cc7,O3,2207,p3->p4,3,4,480,0.7539879458146499,0.9319810238088702,-0.17799307799422026,0.0,True,True,False,480,388,EVALUATION_BUDGET_EXHAUSTED,26.880102571099997
task-v2-b9b3757d64c0,g-a87f1b9ac089cc45,O0,3301,p2->p3,2,3,120,1.4979976387052214,1.5773914264423177,-0.07939378773709627,1.5543122344752192e-15,True,True,False,480,398,EVALUATION_BUDGET_EXHAUSTED,442.1808105520904
task-v2-b9b3757d64c0,g-a87f1b9ac089cc45,O0,3301,p2->p3,2,3,240,1.3514611497296807,1.3979277925838125,-0.04646664285413182,-2.6645352591003757e-15,True,True,False,480,398,EVALUATION_BUDGET_EXHAUSTED,442.1808105520904
task-v2-b9b3757d64c0,g-a87f1b9ac089cc45,O0,3301,p2->p3,2,3,480,1.2636400528608305,1.316215569602388,-0.05257551674155758,-6.661338147750939e-16,True,True,False,480,398,EVALUATION_BUDGET_EXHAUSTED,442.1808105520904
task-v2-780e1209d403,g-e0c69f84d376b633,O3,3301,p3->p4,3,4,120,0.625082554449582,0.7309734213794917,-0.10589086692990968,0.0,True,True,False,480,383,EVALUATION_BUDGET_EXHAUSTED,602.7231628280133
task-v2-780e1209d403,g-e0c69f84d376b633,O3,3301,p3->p4,3,4,240,0.6235771769590018,0.6962764561260806,-0.07269927916707875,0.0,True,True,False,480,383,EVALUATION_BUDGET_EXHAUSTED,602.7231628280133
task-v2-780e1209d403,g-e0c69f84d376b633,O3,3301,p3->p4,3,4,480,0.6222167619979413,0.6681704376357676,-0.04595367563782626,0.0,True,True,False,480,383,EVALUATION_BUDGET_EXHAUSTED,602.7231628280133
task-v2-3cd2eda112d3,g-6aa6775bed3bc2cc,O0,3301,p3->p4,3,4,120,1.599803939882955,1.439017327653732,0.1607866122292232,0.0,True,False,True,480,389,EVALUATION_BUDGET_EXHAUSTED,1.404351208359003
task-v2-3cd2eda112d3,g-6aa6775bed3bc2cc,O0,3301,p3->p4,3,4,240,1.5165144789161833,1.4342701491355365,0.08224432978064677,0.0,True,False,True,480,389,EVALUATION_BUDGET_EXHAUSTED,1.404351208359003
task-v2-3cd2eda112d3,g-6aa6775bed3bc2cc,O0,3301,p3->p4,3,4,480,1.4880470296298614,1.4329554258407013,0.055091603789160004,0.0,True,False,True,480,389,EVALUATION_BUDGET_EXHAUSTED,1.404351208359003
task-v2-4d2b9f5eb099,g-6aa6775bed3bc2cc,O3,2207,p3->p4,3,4,120,0.7853667129230905,1.0117471438377712,-0.22638043091468074,0.0,True,True,False,480,396,EVALUATION_BUDGET_EXHAUSTED,1.4622781788930297
task-v2-4d2b9f5eb099,g-6aa6775bed3bc2cc,O3,2207,p3->p4,3,4,240,0.744850837199621,0.6932241391092314,0.051626698090389556,0.0,True,False,True,480,396,EVALUATION_BUDGET_EXHAUSTED,1.4622781788930297
task-v2-4d2b9f5eb099,g-6aa6775bed3bc2cc,O3,2207,p3->p4,3,4,480,0.5784746860282534,0.6898285424440609,-0.11135385641580753,0.0,True,True,False,480,396,EVALUATION_BUDGET_EXHAUSTED,1.4622781788930297
task-v2-b5e00db3fe1a,g-3ff7063ef9ea5cfb,O3,3301,p2->p3,2,3,120,0.6993144615126723,1.0741210291895047,-0.3748065676768324,0.0,True,True,False,480,386,EVALUATION_BUDGET_EXHAUSTED,22.995778237469494
task-v2-b5e00db3fe1a,g-3ff7063ef9ea5cfb,O3,3301,p2->p3,2,3,240,0.6912420128333224,1.0740980455201232,-0.3828560326868008,0.0,True,True,False,480,386,EVALUATION_BUDGET_EXHAUSTED,22.995778237469494
task-v2-b5e00db3fe1a,g-3ff7063ef9ea5cfb,O3,3301,p2->p3,2,3,480,0.6882163463502925,1.0740952596311755,-0.385878913280883,0.0,True,True,False,480,386,EVALUATION_BUDGET_EXHAUSTED,22.995778237469494
task-v2-3f11ce371857,g-3ff7063ef9ea5cfb,O3,2207,p3->p4,3,4,120,0.9972028358771968,1.007175945918868,-0.00997311004167123,0.0,True,True,False,480,391,EVALUATION_BUDGET_EXHAUSTED,29.07072173524648
task-v2-3f11ce371857,g-3ff7063ef9ea5cfb,O3,2207,p3->p4,3,4,240,0.933167825846043,1.0071691919937726,-0.07400136614772967,0.0,True,True,False,480,391,EVALUATION_BUDGET_EXHAUSTED,29.07072173524648
task-v2-3f11ce371857,g-3ff7063ef9ea5cfb,O3,2207,p3->p4,3,4,480,0.9042797039879454,1.0071691919937726,-0.1028894880058272,0.0,True,True,False,480,391,EVALUATION_BUDGET_EXHAUSTED,29.07072173524648
task-v2-3cd2eda112d3,g-6aa6775bed3bc2cc,O0,2207,p2->p3,2,3,120,1.3764520163578597,1.3100754511233283,0.06637656523453139,0.0,True,False,True,480,395,EVALUATION_BUDGET_EXHAUSTED,1.1810884131118655
task-v2-3cd2eda112d3,g-6aa6775bed3bc2cc,O0,2207,p2->p3,2,3,240,1.355677056788548,1.3088250852047865,0.04685197158376164,0.0,True,False,True,480,395,EVALUATION_BUDGET_EXHAUSTED,1.1810884131118655
task-v2-3cd2eda112d3,g-6aa6775bed3bc2cc,O0,2207,p2->p3,2,3,480,1.349876863018888,1.3087599629237663,0.0411169000951217,0.0,True,False,True,480,395,EVALUATION_BUDGET_EXHAUSTED,1.1810884131118655
task-v2-ce7fc44fc7b5,g-548c8c6335dd2a2e,O0,1103,p2->p3,2,3,120,1.4671321646578535,1.4606063228441015,0.006525841813751931,0.0,True,False,True,480,392,EVALUATION_BUDGET_EXHAUSTED,0.9535250263288617
task-v2-ce7fc44fc7b5,g-548c8c6335dd2a2e,O0,1103,p2->p3,2,3,240,1.4658606234371794,1.4604691474379365,0.005391475999242834,0.0,True,False,True,480,392,EVALUATION_BUDGET_EXHAUSTED,0.9535250263288617
task-v2-ce7fc44fc7b5,g-548c8c6335dd2a2e,O0,1103,p2->p3,2,3,480,1.4596568954652251,1.460467414611323,-0.0008105191460978656,0.0,True,True,False,480,392,EVALUATION_BUDGET_EXHAUSTED,0.9535250263288617
task-v2-e442db508705,g-548c8c6335dd2a2e,O0,1103,p3->p4,3,4,120,1.5429356408351156,1.6109554713578298,-0.06801983052271421,0.0,True,True,False,480,377,EVALUATION_BUDGET_EXHAUSTED,1.097150589339435
task-v2-e442db508705,g-548c8c6335dd2a2e,O0,1103,p3->p4,3,4,240,1.5322887789573887,1.6102873768544677,-0.07799859789707897,0.0,True,True,False,480,377,EVALUATION_BUDGET_EXHAUSTED,1.097150589339435
task-v2-e442db508705,g-548c8c6335dd2a2e,O0,1103,p3->p4,3,4,480,1.5138282530386633,1.6087043765895468,-0.09487612355088348,0.0,True,True,False,480,377,EVALUATION_BUDGET_EXHAUSTED,1.097150589339435
task-v2-69173fedcdae,g-8a16a856f5377a40,O0,3301,p2->p3,2,3,120,1.5249098081110466,1.6804249410435181,-0.15551513293247154,0.0,True,True,False,480,401,EVALUATION_BUDGET_EXHAUSTED,2.6111129987984896
task-v2-69173fedcdae,g-8a16a856f5377a40,O0,3301,p2->p3,2,3,240,1.513934834422651,1.6793571824243492,-0.16542234800169808,0.0,True,True,False,480,401,EVALUATION_BUDGET_EXHAUSTED,2.6111129987984896
task-v2-69173fedcdae,g-8a16a856f5377a40,O0,3301,p2->p3,2,3,480,1.5008837845587724,1.6792977462389995,-0.17841396168022716,0.0,True,True,False,480,401,EVALUATION_BUDGET_EXHAUSTED,2.6111129987984896
task-v2-780e1209d403,g-e0c69f84d376b633,O0,2207,p2->p3,2,3,120,1.1645295030177358,1.6284727201229678,-0.463943217105232,4.440892098500626e-16,True,True,False,480,397,EVALUATION_BUDGET_EXHAUSTED,444.2024227408692
task-v2-780e1209d403,g-e0c69f84d376b633,O0,2207,p2->p3,2,3,240,1.1457230699859833,1.3848988195568335,-0.2391757495708502,2.4424906541753444e-15,True,True,False,480,397,EVALUATION_BUDGET_EXHAUSTED,444.2024227408692
task-v2-780e1209d403,g-e0c69f84d376b633,O0,2207,p2->p3,2,3,480,1.1409483517683765,1.3047334479550836,-0.1637850961867071,8.881784197001252e-16,True,True,False,480,397,EVALUATION_BUDGET_EXHAUSTED,444.2024227408692
task-v2-73f419868dc6,g-553bb3c5ba0f2136,O3,3301,p3->p4,3,4,120,0.046511627906976744,0.046511627906976744,0.0,0.0,True,True,False,55,32,EARLY_CONVERGENCE,0.0931529738008976
task-v2-73f419868dc6,g-553bb3c5ba0f2136,O3,3301,p3->p4,3,4,240,0.046511627906976744,0.046511627906976744,0.0,0.0,True,True,False,55,32,EARLY_CONVERGENCE,0.0931529738008976
task-v2-73f419868dc6,g-553bb3c5ba0f2136,O3,3301,p3->p4,3,4,480,0.046511627906976744,0.046511627906976744,0.0,0.0,True,True,False,55,32,EARLY_CONVERGENCE,0.0931529738008976
task-v2-4d2b9f5eb099,g-6aa6775bed3bc2cc,O3,3301,p3->p4,3,4,120,0.6863253508429421,0.839573038404286,-0.15324768756134388,0.0,True,True,False,480,390,EVALUATION_BUDGET_EXHAUSTED,1.5509403329342604
task-v2-4d2b9f5eb099,g-6aa6775bed3bc2cc,O3,3301,p3->p4,3,4,240,0.6225516405778548,0.7819657012446213,-0.15941406066676644,0.0,True,True,False,480,390,EVALUATION_BUDGET_EXHAUSTED,1.5509403329342604
task-v2-4d2b9f5eb099,g-6aa6775bed3bc2cc,O3,3301,p3->p4,3,4,480,0.5439769048954283,0.75680334019543,-0.21282643530000178,0.0,True,True,False,480,390,EVALUATION_BUDGET_EXHAUSTED,1.5509403329342604
task-v2-69173fedcdae,g-8a16a856f5377a40,O0,1103,p2->p3,2,3,120,1.3593273044086909,1.6814935516636895,-0.32216624725499865,0.0,True,True,False,480,408,EVALUATION_BUDGET_EXHAUSTED,2.533124178647995
task-v2-69173fedcdae,g-8a16a856f5377a40,O0,1103,p2->p3,2,3,240,1.3557397645781606,1.6793928653618164,-0.32365310078365583,0.0,True,True,False,480,408,EVALUATION_BUDGET_EXHAUSTED,2.533124178647995
task-v2-69173fedcdae,g-8a16a856f5377a40,O0,1103,p2->p3,2,3,480,1.3465802718574835,1.679295912274108,-0.3327156404166245,0.0,True,True,False,480,408,EVALUATION_BUDGET_EXHAUSTED,2.533124178647995
task-v2-e442db508705,g-548c8c6335dd2a2e,O3,1103,p2->p3,2,3,120,0.45965581560461466,0.8719161201509474,-0.4122603045463328,0.0,True,True,False,480,395,EVALUATION_BUDGET_EXHAUSTED,0.9999134056270123
task-v2-e442db508705,g-548c8c6335dd2a2e,O3,1103,p2->p3,2,3,240,0.44649050760836845,0.8416811447670406,-0.39519063715867214,0.0,True,True,False,480,395,EVALUATION_BUDGET_EXHAUSTED,0.9999134056270123
task-v2-e442db508705,g-548c8c6335dd2a2e,O3,1103,p2->p3,2,3,480,0.4374416738255767,0.8321131990719036,-0.3946715252463269,0.0,True,True,False,480,395,EVALUATION_BUDGET_EXHAUSTED,0.9999134056270123
task-v2-b9b3757d64c0,g-a87f1b9ac089cc45,O0,1103,p3->p4,3,4,120,1.6988696664005134,1.3630556625073937,0.33581400389311966,4.440892098500626e-16,True,False,True,480,391,EVALUATION_BUDGET_EXHAUSTED,576.4694510111585
task-v2-b9b3757d64c0,g-a87f1b9ac089cc45,O0,1103,p3->p4,3,4,240,1.5876043682810803,1.3204544772742424,0.26714989100683795,3.3306690738754696e-15,True,False,True,480,391,EVALUATION_BUDGET_EXHAUSTED,576.4694510111585
task-v2-b9b3757d64c0,g-a87f1b9ac089cc45,O0,1103,p3->p4,3,4,480,1.4834560234414584,1.2746970075265778,0.20875901591488066,5.995204332975845e-15,True,False,True,480,391,EVALUATION_BUDGET_EXHAUSTED,576.4694510111585
task-v2-780e1209d403,g-e0c69f84d376b633,O3,1103,p3->p4,3,4,120,0.716128611260823,0.9098192097899734,-0.1936905985291505,0.0,True,True,False,480,380,EVALUATION_BUDGET_EXHAUSTED,575.5720795374364
task-v2-780e1209d403,g-e0c69f84d376b633,O3,1103,p3->p4,3,4,240,0.6552827057290064,0.8903110667883742,-0.23502836105936786,0.0,True,True,False,480,380,EVALUATION_BUDGET_EXHAUSTED,575.5720795374364
task-v2-780e1209d403,g-e0c69f84d376b633,O3,1103,p3->p4,3,4,480,0.5497751428535843,0.7158698662071274,-0.16609472335354314,0.0,True,True,False,480,380,EVALUATION_BUDGET_EXHAUSTED,575.5720795374364
task-v2-f4789f22d2c1,g-6aa6775bed3bc2cc,O0,3301,p2->p3,2,3,120,1.5557881264784499,1.7252941940048223,-0.16950606752637243,0.0,True,True,False,480,389,EVALUATION_BUDGET_EXHAUSTED,1.233785817399621
task-v2-f4789f22d2c1,g-6aa6775bed3bc2cc,O0,3301,p2->p3,2,3,240,1.5365820676749613,1.7174489426994688,-0.1808668750245075,0.0,True,True,False,480,389,EVALUATION_BUDGET_EXHAUSTED,1.233785817399621
task-v2-f4789f22d2c1,g-6aa6775bed3bc2cc,O0,3301,p2->p3,2,3,480,1.4014494058857117,1.7033201795565898,-0.3018707736708781,0.0,True,True,False,480,389,EVALUATION_BUDGET_EXHAUSTED,1.233785817399621
task-v2-3f11ce371857,g-3ff7063ef9ea5cfb,O0,1103,p3->p4,3,4,120,1.7854594033690279,1.7520555886550202,0.03340381471400766,-1.3322676295501878e-15,True,False,True,480,393,EVALUATION_BUDGET_EXHAUSTED,28.664811820723116
task-v2-3f11ce371857,g-3ff7063ef9ea5cfb,O0,1103,p3->p4,3,4,240,1.7768496981424042,1.7372768405480041,0.0395728575944001,2.220446049250313e-15,True,False,True,480,393,EVALUATION_BUDGET_EXHAUSTED,28.664811820723116
task-v2-3f11ce371857,g-3ff7063ef9ea5cfb,O0,1103,p3->p4,3,4,480,1.7646127775264333,1.707271593619786,0.05734118390664733,2.220446049250313e-16,True,False,True,480,393,EVALUATION_BUDGET_EXHAUSTED,28.664811820723116
task-v2-780e1209d403,g-e0c69f84d376b633,O0,3301,p3->p4,3,4,120,1.331745294568638,1.382629916013369,-0.05088462144473094,-4.6629367034256575e-15,True,True,False,480,397,EVALUATION_BUDGET_EXHAUSTED,585.6016946993768
task-v2-780e1209d403,g-e0c69f84d376b633,O0,3301,p3->p4,3,4,240,1.3241932349968735,1.3764360214234406,-0.0522427864265671,-4.6629367034256575e-15,True,True,False,480,397,EVALUATION_BUDGET_EXHAUSTED,585.6016946993768
task-v2-780e1209d403,g-e0c69f84d376b633,O0,3301,p3->p4,3,4,480,1.3099155923057972,1.2946722845222498,0.015243307783547433,1.5543122344752192e-15,True,False,True,480,397,EVALUATION_BUDGET_EXHAUSTED,585.6016946993768
task-v2-606c43f06406,g-3ff7063ef9ea5cfb,O0,2207,p3->p4,3,4,120,1.4453756867134744,1.4189007020840447,0.026474984629429654,1.9984014443252818e-15,True,False,True,480,372,EVALUATION_BUDGET_EXHAUSTED,28.060856067575514
task-v2-606c43f06406,g-3ff7063ef9ea5cfb,O0,2207,p3->p4,3,4,240,1.3882470167925294,1.4069245192793352,-0.018677502486805775,4.440892098500626e-16,True,True,False,480,372,EVALUATION_BUDGET_EXHAUSTED,28.060856067575514
task-v2-606c43f06406,g-3ff7063ef9ea5cfb,O0,2207,p3->p4,3,4,480,1.3730133315671433,1.3891590639010398,-0.01614573233389649,4.440892098500626e-16,True,True,False,480,372,EVALUATION_BUDGET_EXHAUSTED,28.060856067575514
task-v2-4968f3a685c2,g-8a16a856f5377a40,O0,3301,p2->p3,2,3,120,1.5029776328868496,1.7300112051729206,-0.22703357228607102,0.0,True,True,False,480,387,EVALUATION_BUDGET_EXHAUSTED,2.5336903361603618
task-v2-4968f3a685c2,g-8a16a856f5377a40,O0,3301,p2->p3,2,3,240,1.4900819996089516,1.5901006697251785,-0.1000186701162269,0.0,True,True,False,480,387,EVALUATION_BUDGET_EXHAUSTED,2.5336903361603618
task-v2-4968f3a685c2,g-8a16a856f5377a40,O0,3301,p2->p3,2,3,480,1.4623678648105876,1.5421391236444841,-0.07977125883389657,0.0,True,True,False,480,387,EVALUATION_BUDGET_EXHAUSTED,2.5336903361603618
task-v2-6996479d6302,g-60667963f6db3f1b,O0,2207,p2->p3,2,3,120,1.8923871728673287,1.3587106000699039,0.5336765727974249,0.0,True,False,True,480,403,EVALUATION_BUDGET_EXHAUSTED,1.2328702099621296
task-v2-6996479d6302,g-60667963f6db3f1b,O0,2207,p2->p3,2,3,240,1.8423893844533277,1.3499246671714884,0.49246471728183927,0.0,True,False,True,480,403,EVALUATION_BUDGET_EXHAUSTED,1.2328702099621296
task-v2-6996479d6302,g-60667963f6db3f1b,O0,2207,p2->p3,2,3,480,1.4152126968305512,1.3490478613689292,0.066164835461622,0.0,True,False,True,480,403,EVALUATION_BUDGET_EXHAUSTED,1.2328702099621296
task-v2-5d31ef4af595,g-bd62d2d752385cc7,O3,1103,p3->p4,3,4,120,0.7967847759301477,0.9206371256238954,-0.1238523496937477,0.0,True,True,False,480,399,EVALUATION_BUDGET_EXHAUSTED,26.087010761722922
task-v2-5d31ef4af595,g-bd62d2d752385cc7,O3,1103,p3->p4,3,4,240,0.7636868580337084,0.9191816905248474,-0.15549483249113905,0.0,True,True,False,480,399,EVALUATION_BUDGET_EXHAUSTED,26.087010761722922
task-v2-5d31ef4af595,g-bd62d2d752385cc7,O3,1103,p3->p4,3,4,480,0.7447953532660314,0.9131417170673573,-0.16834636380132584,0.0,True,True,False,480,399,EVALUATION_BUDGET_EXHAUSTED,26.087010761722922
task-v2-69173fedcdae,g-8a16a856f5377a40,O0,3301,p3->p4,3,4,120,1.4294503617758605,1.5249098081110466,-0.0954594463351861,0.0,True,True,False,480,391,EVALUATION_BUDGET_EXHAUSTED,3.1115097561851144
task-v2-69173fedcdae,g-8a16a856f5377a40,O0,3301,p3->p4,3,4,240,1.3836396548677432,1.513934834422651,-0.13029517955490788,0.0,True,True,False,480,391,EVALUATION_BUDGET_EXHAUSTED,3.1115097561851144
task-v2-69173fedcdae,g-8a16a856f5377a40,O0,3301,p3->p4,3,4,480,1.2883130960025269,1.5008837845587724,-0.2125706885562455,0.0,True,True,False,480,391,EVALUATION_BUDGET_EXHAUSTED,3.1115097561851144
task-v2-4746dcc3bd93,g-a87f1b9ac089cc45,O0,3301,p3->p4,3,4,120,1.4618901936567115,1.5119233825126106,-0.050033188855899136,3.774758283725532e-15,True,True,False,480,405,EVALUATION_BUDGET_EXHAUSTED,640.4525481257588
task-v2-4746dcc3bd93,g-a87f1b9ac089cc45,O0,3301,p3->p4,3,4,240,1.445054066548967,1.3816233785988308,0.06343068795013629,-8.881784197001252e-16,True,False,True,480,405,EVALUATION_BUDGET_EXHAUSTED,640.4525481257588
task-v2-4746dcc3bd93,g-a87f1b9ac089cc45,O0,3301,p3->p4,3,4,480,1.4348485998670806,1.2793590550773235,0.15548954478975707,-4.440892098500626e-15,True,False,True,480,405,EVALUATION_BUDGET_EXHAUSTED,640.4525481257588
task-v2-420d9636beee,g-e0c69f84d376b633,O0,2207,p2->p3,2,3,120,1.413188144521911,1.794732028150126,-0.381543883628215,3.9968028886505635e-15,True,True,False,480,399,EVALUATION_BUDGET_EXHAUSTED,436.09697884880006
task-v2-420d9636beee,g-e0c69f84d376b633,O0,2207,p2->p3,2,3,240,1.4095453844576997,1.7913389077991,-0.38179352334140026,-4.440892098500626e-16,True,True,False,480,399,EVALUATION_BUDGET_EXHAUSTED,436.09697884880006
task-v2-420d9636beee,g-e0c69f84d376b633,O0,2207,p2->p3,2,3,480,1.4036644313014288,1.7887229902430835,-0.38505855894165464,4.884981308350689e-15,True,True,False,480,399,EVALUATION_BUDGET_EXHAUSTED,436.09697884880006
task-v2-e243a3cd3e64,g-bd62d2d752385cc7,O3,1103,p2->p3,2,3,120,0.8647909665969825,0.9177999698287349,-0.053009003231752394,0.0,True,True,False,480,402,EVALUATION_BUDGET_EXHAUSTED,22.475395750254393
task-v2-e243a3cd3e64,g-bd62d2d752385cc7,O3,1103,p2->p3,2,3,240,0.8567893262441241,0.9079365077967152,-0.051147181552591126,0.0,True,True,False,480,402,EVALUATION_BUDGET_EXHAUSTED,22.475395750254393
task-v2-e243a3cd3e64,g-bd62d2d752385cc7,O3,1103,p2->p3,2,3,480,0.8130786263554965,0.9007094607234223,-0.08763083436792574,0.0,True,True,False,480,402,EVALUATION_BUDGET_EXHAUSTED,22.475395750254393
task-v2-e243a3cd3e64,g-bd62d2d752385cc7,O3,2207,p3->p4,3,4,120,0.9557355840866122,0.8807937308603708,0.07494185322624136,0.0,True,False,True,480,379,EVALUATION_BUDGET_EXHAUSTED,31.113756713457406
task-v2-e243a3cd3e64,g-bd62d2d752385cc7,O3,2207,p3->p4,3,4,240,0.9437927460216047,0.8792031861125839,0.06458955990902082,0.0,True,False,True,480,379,EVALUATION_BUDGET_EXHAUSTED,31.113756713457406
task-v2-e243a3cd3e64,g-bd62d2d752385cc7,O3,2207,p3->p4,3,4,480,0.9263657314367821,0.8730926785375157,0.053273052899266427,0.0,True,False,True,480,379,EVALUATION_BUDGET_EXHAUSTED,31.113756713457406
task-v2-e243a3cd3e64,g-bd62d2d752385cc7,O0,3301,p3->p4,3,4,120,1.3976494665432981,1.484182358875415,-0.08653289233211692,6.661338147750939e-16,True,True,False,480,384,EVALUATION_BUDGET_EXHAUSTED,29.03419696725905
task-v2-e243a3cd3e64,g-bd62d2d752385cc7,O0,3301,p3->p4,3,4,240,1.3771173034257578,1.3666323804087397,0.010484923017018088,-8.881784197001252e-16,True,False,True,480,384,EVALUATION_BUDGET_EXHAUSTED,29.03419696725905
task-v2-e243a3cd3e64,g-bd62d2d752385cc7,O0,3301,p3->p4,3,4,480,1.336646471157304,1.334136364751293,0.0025101064060111256,0.0,True,False,True,480,384,EVALUATION_BUDGET_EXHAUSTED,29.03419696725905
task-v2-69173fedcdae,g-8a16a856f5377a40,O3,2207,p3->p4,3,4,120,0.8449606452622123,0.40553229795926266,0.4394283473029496,0.0,True,False,True,480,368,EVALUATION_BUDGET_EXHAUSTED,3.08464587200433
task-v2-69173fedcdae,g-8a16a856f5377a40,O3,2207,p3->p4,3,4,240,0.8303423769369953,0.4048502786796266,0.4254920982573687,0.0,True,False,True,480,368,EVALUATION_BUDGET_EXHAUSTED,3.08464587200433
task-v2-69173fedcdae,g-8a16a856f5377a40,O3,2207,p3->p4,3,4,480,0.6946850258161719,0.40363117328927545,0.2910538525268964,0.0,True,False,True,480,368,EVALUATION_BUDGET_EXHAUSTED,3.08464587200433
task-v2-3cd2eda112d3,g-6aa6775bed3bc2cc,O0,2207,p3->p4,3,4,120,1.7004888028740597,1.3764520163578597,0.32403678651619994,0.0,True,False,True,480,395,EVALUATION_BUDGET_EXHAUSTED,1.414671684615314
task-v2-3cd2eda112d3,g-6aa6775bed3bc2cc,O0,2207,p3->p4,3,4,240,1.6620392368963766,1.355677056788548,0.30636218010782845,0.0,True,False,True,480,395,EVALUATION_BUDGET_EXHAUSTED,1.414671684615314
task-v2-3cd2eda112d3,g-6aa6775bed3bc2cc,O0,2207,p3->p4,3,4,480,1.6162263948443005,1.349876863018888,0.26634953182541254,0.0,True,False,True,480,395,EVALUATION_BUDGET_EXHAUSTED,1.414671684615314
task-v2-ce7fc44fc7b5,g-548c8c6335dd2a2e,O0,2207,p3->p4,3,4,120,1.4762391358065643,1.2835095463477546,0.1927295894588097,0.0,True,False,True,480,382,EVALUATION_BUDGET_EXHAUSTED,1.0834995983168483
task-v2-ce7fc44fc7b5,g-548c8c6335dd2a2e,O0,2207,p3->p4,3,4,240,1.2091158840912704,1.2747131345822236,-0.06559725049095322,0.0,True,True,False,480,382,EVALUATION_BUDGET_EXHAUSTED,1.0834995983168483
task-v2-ce7fc44fc7b5,g-548c8c6335dd2a2e,O0,2207,p3->p4,3,4,480,1.1858379323038002,1.2629978567095217,-0.0771599244057215,0.0,True,True,False,480,382,EVALUATION_BUDGET_EXHAUSTED,1.0834995983168483
task-v2-f5c9b9bdeb27,g-a87f1b9ac089cc45,O3,3301,p3->p4,3,4,120,0.8811599438961187,0.9592454451452448,-0.07808550124912605,0.0,True,True,False,480,395,EVALUATION_BUDGET_EXHAUSTED,615.2505433242768
task-v2-f5c9b9bdeb27,g-a87f1b9ac089cc45,O3,3301,p3->p4,3,4,240,0.8801984145747911,0.9135201264941959,-0.033321711919404806,0.0,True,True,False,480,395,EVALUATION_BUDGET_EXHAUSTED,615.2505433242768
task-v2-f5c9b9bdeb27,g-a87f1b9ac089cc45,O3,3301,p3->p4,3,4,480,0.8792961573972363,0.8642156647268296,0.015080492670406676,0.0,True,False,True,480,395,EVALUATION_BUDGET_EXHAUSTED,615.2505433242768
task-v2-69173fedcdae,g-8a16a856f5377a40,O0,1103,p3->p4,3,4,120,1.3680042704306672,1.3593273044086909,0.008676966021976318,0.0,True,False,True,480,393,EVALUATION_BUDGET_EXHAUSTED,3.1536252154037356
task-v2-69173fedcdae,g-8a16a856f5377a40,O0,1103,p3->p4,3,4,240,1.363463582534577,1.3557397645781606,0.007723817956416301,0.0,True,False,True,480,393,EVALUATION_BUDGET_EXHAUSTED,3.1536252154037356
task-v2-69173fedcdae,g-8a16a856f5377a40,O0,1103,p3->p4,3,4,480,1.2901401638982655,1.3465802718574835,-0.056440107959218055,0.0,True,True,False,480,393,EVALUATION_BUDGET_EXHAUSTED,3.1536252154037356
task-v2-4d2b9f5eb099,g-6aa6775bed3bc2cc,O3,1103,p2->p3,2,3,120,1.042510010802376,0.9238232364756377,0.11868677432673824,0.0,True,False,True,480,395,EVALUATION_BUDGET_EXHAUSTED,1.3093410786241293
task-v2-4d2b9f5eb099,g-6aa6775bed3bc2cc,O3,1103,p2->p3,2,3,240,1.0413405541877352,0.9112909060480582,0.130049648139677,0.0,True,False,True,480,395,EVALUATION_BUDGET_EXHAUSTED,1.3093410786241293
task-v2-4d2b9f5eb099,g-6aa6775bed3bc2cc,O3,1103,p2->p3,2,3,480,1.0408038900338539,0.9101583162831206,0.13064557375073327,0.0,True,False,True,480,395,EVALUATION_BUDGET_EXHAUSTED,1.3093410786241293
task-v2-e442db508705,g-548c8c6335dd2a2e,O3,3301,p2->p3,2,3,120,0.023255813953488372,0.036057705840621505,-0.012801891887133134,0.0,True,True,False,48,34,EARLY_CONVERGENCE,0.07985532749444246
task-v2-e442db508705,g-548c8c6335dd2a2e,O3,3301,p2->p3,2,3,240,0.023255813953488372,0.023255813953488372,0.0,0.0,True,True,False,48,34,EARLY_CONVERGENCE,0.07985532749444246
task-v2-e442db508705,g-548c8c6335dd2a2e,O3,3301,p2->p3,2,3,480,0.023255813953488372,0.023255813953488372,0.0,0.0,True,True,False,48,34,EARLY_CONVERGENCE,0.07985532749444246
task-v2-420d9636beee,g-e0c69f84d376b633,O0,1103,p2->p3,2,3,120,1.5729888953861813,1.633029413109351,-0.06004051772316976,2.4424906541753444e-15,True,True,False,480,394,EVALUATION_BUDGET_EXHAUSTED,435.0447695944458
task-v2-420d9636beee,g-e0c69f84d376b633,O0,1103,p2->p3,2,3,240,1.5085072087032678,1.5615632861447657,-0.05305607744149787,-4.440892098500626e-15,True,True,False,480,394,EVALUATION_BUDGET_EXHAUSTED,435.0447695944458
task-v2-420d9636beee,g-e0c69f84d376b633,O0,1103,p2->p3,2,3,480,1.4810531034137833,1.4842841954861214,-0.003231092072338182,-7.327471962526033e-15,True,True,False,480,394,EVALUATION_BUDGET_EXHAUSTED,435.0447695944458
task-v2-4d2b9f5eb099,g-6aa6775bed3bc2cc,O0,1103,p2->p3,2,3,120,1.6199367612639999,1.8053147988745515,-0.1853780376105516,0.0,True,True,False,480,406,EVALUATION_BUDGET_EXHAUSTED,1.2328000292181969
task-v2-4d2b9f5eb099,g-6aa6775bed3bc2cc,O0,1103,p2->p3,2,3,240,1.5773204707448598,1.8052799513848645,-0.2279594806400047,0.0,True,True,False,480,406,EVALUATION_BUDGET_EXHAUSTED,1.2328000292181969
task-v2-4d2b9f5eb099,g-6aa6775bed3bc2cc,O0,1103,p2->p3,2,3,480,1.5352826511798754,1.8052797895412458,-0.2699971383613704,0.0,True,True,False,480,406,EVALUATION_BUDGET_EXHAUSTED,1.2328000292181969
task-v2-4746dcc3bd93,g-a87f1b9ac089cc45,O3,2207,p2->p3,2,3,120,1.001580454131378,1.0627800595740606,-0.06119960544268266,0.0,True,True,False,285,221,EARLY_CONVERGENCE,260.9589959960431
task-v2-4746dcc3bd93,g-a87f1b9ac089cc45,O3,2207,p2->p3,2,3,240,0.999089422131497,1.0302851569918898,-0.031195734860392843,0.0,True,True,False,285,221,EARLY_CONVERGENCE,260.9589959960431
task-v2-4746dcc3bd93,g-a87f1b9ac089cc45,O3,2207,p2->p3,2,3,480,0.9990367424079342,0.9596396918263579,0.039397050581576276,0.0,True,False,True,285,221,EARLY_CONVERGENCE,260.9589959960431
task-v2-4746dcc3bd93,g-a87f1b9ac089cc45,O0,1103,p3->p4,3,4,120,1.7021434069772887,1.3444411306866755,0.35770227629061324,-1.9984014443252818e-15,True,False,True,480,379,EVALUATION_BUDGET_EXHAUSTED,577.6292868927121
task-v2-4746dcc3bd93,g-a87f1b9ac089cc45,O0,1103,p3->p4,3,4,240,1.6205710324942955,1.3224904858834101,0.29808054661088534,1.9984014443252818e-15,True,False,True,480,379,EVALUATION_BUDGET_EXHAUSTED,577.6292868927121
task-v2-4746dcc3bd93,g-a87f1b9ac089cc45,O0,1103,p3->p4,3,4,480,1.47806241057217,1.2535262602098711,0.2245361503622989,-2.6645352591003757e-15,True,False,True,480,379,EVALUATION_BUDGET_EXHAUSTED,577.6292868927121
task-v2-b9b3757d64c0,g-a87f1b9ac089cc45,O3,3301,p2->p3,2,3,120,0.9070667147467123,0.9867177754394885,-0.07965106069277617,0.0,True,True,False,480,387,EVALUATION_BUDGET_EXHAUSTED,430.37113848049194
task-v2-b9b3757d64c0,g-a87f1b9ac089cc45,O3,3301,p2->p3,2,3,240,0.8729887069312751,0.9557598014588171,-0.08277109452754206,0.0,True,True,False,480,387,EVALUATION_BUDGET_EXHAUSTED,430.37113848049194
task-v2-b9b3757d64c0,g-a87f1b9ac089cc45,O3,3301,p2->p3,2,3,480,0.8397318028164799,0.9072584005868719,-0.06752659777039205,0.0,True,True,False,480,387,EVALUATION_BUDGET_EXHAUSTED,430.37113848049194
task-v2-420d9636beee,g-e0c69f84d376b633,O3,2207,p3->p4,3,4,120,0.9846064578034811,1.0151530054596039,-0.030546547656122747,0.0,True,True,False,480,405,EVALUATION_BUDGET_EXHAUSTED,601.3391079353169
task-v2-420d9636beee,g-e0c69f84d376b633,O3,2207,p3->p4,3,4,240,0.9812278572661943,1.011974273965967,-0.030746416699772627,0.0,True,True,False,480,405,EVALUATION_BUDGET_EXHAUSTED,601.3391079353169
task-v2-420d9636beee,g-e0c69f84d376b633,O3,2207,p3->p4,3,4,480,0.9211234646325611,1.0089840207865697,-0.08786055615400856,0.0,True,True,False,480,405,EVALUATION_BUDGET_EXHAUSTED,601.3391079353169
task-v2-3f363bac5736,g-60667963f6db3f1b,O3,2207,p3->p4,3,4,120,0.7843877844802106,0.9106530603208459,-0.1262652758406353,0.0,True,True,False,480,387,EVALUATION_BUDGET_EXHAUSTED,1.4475224884226918
task-v2-3f363bac5736,g-60667963f6db3f1b,O3,2207,p3->p4,3,4,240,0.6744131730858601,0.8991662060885115,-0.22475303300265137,0.0,True,True,False,480,387,EVALUATION_BUDGET_EXHAUSTED,1.4475224884226918
task-v2-3f363bac5736,g-60667963f6db3f1b,O3,2207,p3->p4,3,4,480,0.5882679362190706,0.8869891253443831,-0.29872118912531254,0.0,True,True,False,480,387,EVALUATION_BUDGET_EXHAUSTED,1.4475224884226918
task-v2-59a464f36e13,g-bd62d2d752385cc7,O0,1103,p2->p3,2,3,120,1.5398282466392437,1.6990090558108404,-0.15918080917159672,-2.4424906541753444e-15,True,True,False,480,385,EVALUATION_BUDGET_EXHAUSTED,19.70216028392315
task-v2-59a464f36e13,g-bd62d2d752385cc7,O0,1103,p2->p3,2,3,240,1.5121055630370592,1.624659235879446,-0.11255367284238682,1.3322676295501878e-15,True,True,False,480,385,EVALUATION_BUDGET_EXHAUSTED,19.70216028392315
task-v2-59a464f36e13,g-bd62d2d752385cc7,O0,1103,p2->p3,2,3,480,1.4781089557931815,1.5226033637311644,-0.04449440793798298,6.661338147750939e-16,True,True,False,480,385,EVALUATION_BUDGET_EXHAUSTED,19.70216028392315
task-v2-4746dcc3bd93,g-a87f1b9ac089cc45,O0,1103,p2->p3,2,3,120,1.3444411306866775,1.5411848239056138,-0.19674369321893637,-8.881784197001252e-16,True,True,False,480,388,EVALUATION_BUDGET_EXHAUSTED,469.2845323719084
task-v2-4746dcc3bd93,g-a87f1b9ac089cc45,O0,1103,p2->p3,2,3,240,1.3224904858834081,1.3635380188605641,-0.04104753297715602,-6.661338147750939e-16,True,True,False,480,388,EVALUATION_BUDGET_EXHAUSTED,469.2845323719084
task-v2-4746dcc3bd93,g-a87f1b9ac089cc45,O0,1103,p2->p3,2,3,480,1.2535262602098738,1.2523169975001165,0.0012092627097572972,1.9984014443252818e-15,True,False,True,480,388,EVALUATION_BUDGET_EXHAUSTED,469.2845323719084
task-v2-6996479d6302,g-60667963f6db3f1b,O3,1103,p3->p4,3,4,120,0.75524115687243,0.49459224010991654,0.26064891676251345,0.0,True,False,True,480,398,EVALUATION_BUDGET_EXHAUSTED,1.4719945322722197
task-v2-6996479d6302,g-60667963f6db3f1b,O3,1103,p3->p4,3,4,240,0.07063264496469158,0.48774465104768305,-0.4171120060829915,0.0,True,True,False,480,398,EVALUATION_BUDGET_EXHAUSTED,1.4719945322722197
task-v2-6996479d6302,g-60667963f6db3f1b,O3,1103,p3->p4,3,4,480,0.05736476760319232,0.4860364582332549,-0.4286716906300626,0.0,True,True,False,480,398,EVALUATION_BUDGET_EXHAUSTED,1.4719945322722197
task-v2-59a464f36e13,g-bd62d2d752385cc7,O3,2207,p2->p3,2,3,120,1.0127030410724192,1.0298513788725139,-0.017148337800094726,0.0,True,True,False,317,248,EARLY_CONVERGENCE,13.17708825878799
task-v2-59a464f36e13,g-bd62d2d752385cc7,O3,2207,p2->p3,2,3,240,1.0122538866042894,1.00430562399499,0.007948262609299483,0.0,True,False,True,317,248,EARLY_CONVERGENCE,13.17708825878799
task-v2-59a464f36e13,g-bd62d2d752385cc7,O3,2207,p2->p3,2,3,480,1.0120029711920255,0.9720281889352889,0.039974782256736674,0.0,True,False,True,317,248,EARLY_CONVERGENCE,13.17708825878799
task-v2-8792ce3c54d5,g-a712031e7959d564,O0,3301,p3->p4,3,4,120,1.3487827613592127,1.4291305822329932,-0.08034782087378045,0.0,True,True,False,480,386,EVALUATION_BUDGET_EXHAUSTED,3.1093434961512685
task-v2-8792ce3c54d5,g-a712031e7959d564,O0,3301,p3->p4,3,4,240,1.293799842908491,1.3807914245373565,-0.08699158162886556,0.0,True,True,False,480,386,EVALUATION_BUDGET_EXHAUSTED,3.1093434961512685
task-v2-8792ce3c54d5,g-a712031e7959d564,O0,3301,p3->p4,3,4,480,1.2804512286161749,1.3577185140830126,-0.0772672854668377,0.0,True,True,False,480,386,EVALUATION_BUDGET_EXHAUSTED,3.1093434961512685
task-v2-420d9636beee,g-e0c69f84d376b633,O0,2207,p3->p4,3,4,120,1.438448353967783,1.4131881445219139,0.025260209445869153,2.886579864025407e-15,True,False,True,480,388,EVALUATION_BUDGET_EXHAUSTED,583.8249731035903
task-v2-420d9636beee,g-e0c69f84d376b633,O0,2207,p3->p4,3,4,240,1.4303845831371218,1.4095453844577022,0.020839198679419635,2.4424906541753444e-15,True,False,True,480,388,EVALUATION_BUDGET_EXHAUSTED,583.8249731035903
task-v2-420d9636beee,g-e0c69f84d376b633,O0,2207,p3->p4,3,4,480,1.417712150087191,1.4036644313014293,0.01404771878576172,4.440892098500626e-16,True,False,True,480,388,EVALUATION_BUDGET_EXHAUSTED,583.8249731035903
task-v2-4746dcc3bd93,g-a87f1b9ac089cc45,O0,2207,p2->p3,2,3,120,1.3363257892925902,1.5497048583896798,-0.2133790690970896,2.220446049250313e-16,True,True,False,480,379,EVALUATION_BUDGET_EXHAUSTED,441.66534114908427
task-v2-4746dcc3bd93,g-a87f1b9ac089cc45,O0,2207,p2->p3,2,3,240,1.2840834462132904,1.4420488181659026,-0.15796537195261218,-1.7763568394002505e-15,True,True,False,480,379,EVALUATION_BUDGET_EXHAUSTED,441.66534114908427
task-v2-4746dcc3bd93,g-a87f1b9ac089cc45,O0,2207,p2->p3,2,3,480,1.2393203107484743,1.3477925909026227,-0.10847228015414845,2.4424906541753444e-15,True,True,False,480,379,EVALUATION_BUDGET_EXHAUSTED,441.66534114908427
task-v2-69173fedcdae,g-8a16a856f5377a40,O3,3301,p2->p3,2,3,120,0.29883204584760625,0.9046229604385353,-0.605790914590929,0.0,True,True,False,480,395,EVALUATION_BUDGET_EXHAUSTED,2.5933887157589197
task-v2-69173fedcdae,g-8a16a856f5377a40,O3,3301,p2->p3,2,3,240,0.29156330025423294,0.8809244723100209,-0.589361172055788,0.0,True,True,False,480,395,EVALUATION_BUDGET_EXHAUSTED,2.5933887157589197
task-v2-69173fedcdae,g-8a16a856f5377a40,O3,3301,p2->p3,2,3,480,0.28459951662647764,0.8731955437776808,-0.5885960271512032,0.0,True,True,False,480,395,EVALUATION_BUDGET_EXHAUSTED,2.5933887157589197
task-v2-3f363bac5736,g-60667963f6db3f1b,O3,3301,p2->p3,2,3,120,0.7914829717788924,1.1450652192199697,-0.35358224744107736,0.0,True,True,False,480,397,EVALUATION_BUDGET_EXHAUSTED,1.2512251352891326
task-v2-3f363bac5736,g-60667963f6db3f1b,O3,3301,p2->p3,2,3,240,0.7715769540260325,1.1443202079804669,-0.3727432539544343,0.0,True,True,False,480,397,EVALUATION_BUDGET_EXHAUSTED,1.2512251352891326
task-v2-3f363bac5736,g-60667963f6db3f1b,O3,3301,p2->p3,2,3,480,0.7692601213942829,1.1443152171401665,-0.3750550957458836,0.0,True,True,False,480,397,EVALUATION_BUDGET_EXHAUSTED,1.2512251352891326
task-v2-59a464f36e13,g-bd62d2d752385cc7,O0,2207,p3->p4,3,4,120,1.4454595403678865,1.6802087631370897,-0.23474922276920318,-1.3322676295501878e-15,True,True,False,480,403,EVALUATION_BUDGET_EXHAUSTED,24.649487460032105
task-v2-59a464f36e13,g-bd62d2d752385cc7,O0,2207,p3->p4,3,4,240,1.4363362822657804,1.6641674029856048,-0.22783112071982448,1.1102230246251565e-15,True,True,False,480,403,EVALUATION_BUDGET_EXHAUSTED,24.649487460032105
task-v2-59a464f36e13,g-bd62d2d752385cc7,O0,2207,p3->p4,3,4,480,1.4241496073667363,1.5449998695044687,-0.12085026213773231,-1.3322676295501878e-15,True,True,False,480,403,EVALUATION_BUDGET_EXHAUSTED,24.649487460032105
task-v2-4d2b9f5eb099,g-6aa6775bed3bc2cc,O0,3301,p3->p4,3,4,120,1.5227664358543662,1.7079828469948795,-0.18521641114051324,0.0,True,True,False,480,392,EVALUATION_BUDGET_EXHAUSTED,1.4260371886193752
task-v2-4d2b9f5eb099,g-6aa6775bed3bc2cc,O0,3301,p3->p4,3,4,240,1.5091157547040492,1.6994898170878687,-0.1903740623838195,0.0,True,True,False,480,392,EVALUATION_BUDGET_EXHAUSTED,1.4260371886193752
task-v2-4d2b9f5eb099,g-6aa6775bed3bc2cc,O0,3301,p3->p4,3,4,480,1.5017013857580759,1.6940355661274802,-0.1923341803694043,0.0,True,True,False,480,392,EVALUATION_BUDGET_EXHAUSTED,1.4260371886193752
task-v2-6996479d6302,g-60667963f6db3f1b,O0,1103,p3->p4,3,4,120,1.381196290247216,1.5713013192751282,-0.19010502902791226,0.0,True,True,False,480,395,EVALUATION_BUDGET_EXHAUSTED,1.3976832069456577
task-v2-6996479d6302,g-60667963f6db3f1b,O0,1103,p3->p4,3,4,240,1.243944390401075,1.5710123402207128,-0.3270679498196378,0.0,True,True,False,480,395,EVALUATION_BUDGET_EXHAUSTED,1.3976832069456577
task-v2-6996479d6302,g-60667963f6db3f1b,O0,1103,p3->p4,3,4,480,1.1301133646859416,1.5709198465517038,-0.4408064818657622,0.0,True,True,False,480,395,EVALUATION_BUDGET_EXHAUSTED,1.3976832069456577
task-v2-6996479d6302,g-60667963f6db3f1b,O3,1103,p2->p3,2,3,120,0.49459224010991654,0.5002742810046329,-0.005682040894716356,0.0,True,True,False,480,390,EVALUATION_BUDGET_EXHAUSTED,1.2239217730239034
task-v2-6996479d6302,g-60667963f6db3f1b,O3,1103,p2->p3,2,3,240,0.48774465104768305,0.4886375682855463,-0.0008929172378632222,0.0,True,True,False,480,390,EVALUATION_BUDGET_EXHAUSTED,1.2239217730239034
task-v2-6996479d6302,g-60667963f6db3f1b,O3,1103,p2->p3,2,3,480,0.4860364582332549,0.48637153380223075,-0.0003350755689758289,0.0,True,True,False,480,390,EVALUATION_BUDGET_EXHAUSTED,1.2239217730239034
task-v2-e442db508705,g-548c8c6335dd2a2e,O0,2207,p2->p3,2,3,120,1.9079903580115012,1.618668695808151,0.2893216622033501,0.0,True,False,True,480,399,EVALUATION_BUDGET_EXHAUSTED,0.9554545972496271
task-v2-e442db508705,g-548c8c6335dd2a2e,O0,2207,p2->p3,2,3,240,1.6016020963081838,1.526086741034661,0.07551535527352282,0.0,True,False,True,480,399,EVALUATION_BUDGET_EXHAUSTED,0.9554545972496271
task-v2-e442db508705,g-548c8c6335dd2a2e,O0,2207,p2->p3,2,3,480,1.5868978227223915,1.4947754930941315,0.09212232962826006,0.0,True,False,True,480,399,EVALUATION_BUDGET_EXHAUSTED,0.9554545972496271
task-v2-3cd2eda112d3,g-6aa6775bed3bc2cc,O3,2207,p3->p4,3,4,120,0.21427875118059145,0.39677042575573285,-0.1824916745751414,0.0,True,True,False,480,394,EVALUATION_BUDGET_EXHAUSTED,1.467143727466464
task-v2-3cd2eda112d3,g-6aa6775bed3bc2cc,O3,2207,p3->p4,3,4,240,0.08503123522286267,0.3412083234947967,-0.25617708827193403,0.0,True,True,False,480,394,EVALUATION_BUDGET_EXHAUSTED,1.467143727466464
task-v2-3cd2eda112d3,g-6aa6775bed3bc2cc,O3,2207,p3->p4,3,4,480,0.08353304065358053,0.2726890769510859,-0.18915603629750538,0.0,True,True,False,480,394,EVALUATION_BUDGET_EXHAUSTED,1.467143727466464
task-v2-4e78b3f98433,g-553bb3c5ba0f2136,O0,3301,p2->p3,2,3,120,1.7408072552870344,1.4023324828122825,0.3384747724747519,0.0,True,False,True,480,398,EVALUATION_BUDGET_EXHAUSTED,0.9963272269815207
task-v2-4e78b3f98433,g-553bb3c5ba0f2136,O0,3301,p2->p3,2,3,240,1.6702115261673516,1.4013001159313914,0.2689114102359602,0.0,True,False,True,480,398,EVALUATION_BUDGET_EXHAUSTED,0.9963272269815207
task-v2-4e78b3f98433,g-553bb3c5ba0f2136,O0,3301,p2->p3,2,3,480,1.5470094754154102,1.4013001159313914,0.14570935948401886,0.0,True,False,True,480,398,EVALUATION_BUDGET_EXHAUSTED,0.9963272269815207
task-v2-4d2b9f5eb099,g-6aa6775bed3bc2cc,O0,2207,p2->p3,2,3,120,1.7489341353968695,1.6468810380322245,0.10205309736464496,0.0,True,False,True,480,399,EVALUATION_BUDGET_EXHAUSTED,1.2249116720631719
task-v2-4d2b9f5eb099,g-6aa6775bed3bc2cc,O0,2207,p2->p3,2,3,240,1.7067119594514222,1.5170630262314109,0.1896489332200113,0.0,True,False,True,480,399,EVALUATION_BUDGET_EXHAUSTED,1.2249116720631719
task-v2-4d2b9f5eb099,g-6aa6775bed3bc2cc,O0,2207,p2->p3,2,3,480,1.6972484403337527,1.510302821280827,0.18694561905292573,0.0,True,False,True,480,399,EVALUATION_BUDGET_EXHAUSTED,1.2249116720631719
task-v2-3f363bac5736,g-60667963f6db3f1b,O3,3301,p3->p4,3,4,120,0.6195453227983316,0.7914829717788924,-0.17193764898056074,0.0,True,True,False,480,382,EVALUATION_BUDGET_EXHAUSTED,1.4167168224230409
task-v2-3f363bac5736,g-60667963f6db3f1b,O3,3301,p3->p4,3,4,240,0.5746471964332128,0.7715769540260325,-0.19692975759281972,0.0,True,True,False,480,382,EVALUATION_BUDGET_EXHAUSTED,1.4167168224230409
task-v2-3f363bac5736,g-60667963f6db3f1b,O3,3301,p3->p4,3,4,480,0.5469469905331645,0.7692601213942829,-0.22231313086111837,0.0,True,True,False,480,382,EVALUATION_BUDGET_EXHAUSTED,1.4167168224230409
task-v2-e243a3cd3e64,g-bd62d2d752385cc7,O3,3301,p2->p3,2,3,120,0.9251845195166317,1.058976184176215,-0.13379166465958336,0.0,True,True,False,480,385,EVALUATION_BUDGET_EXHAUSTED,22.355843203142285
task-v2-e243a3cd3e64,g-bd62d2d752385cc7,O3,3301,p2->p3,2,3,240,0.7487007824737203,1.0576426085068673,-0.308941826033147,0.0,True,True,False,480,385,EVALUATION_BUDGET_EXHAUSTED,22.355843203142285
task-v2-e243a3cd3e64,g-bd62d2d752385cc7,O3,3301,p2->p3,2,3,480,0.7469515735743566,1.0559095046333542,-0.3089579310589976,0.0,True,True,False,480,385,EVALUATION_BUDGET_EXHAUSTED,22.355843203142285
task-v2-b9b3757d64c0,g-a87f1b9ac089cc45,O0,3301,p3->p4,3,4,120,1.4359877901983775,1.4979976387052214,-0.06200984850684388,0.0,True,True,False,480,388,EVALUATION_BUDGET_EXHAUSTED,641.4868791364133
task-v2-b9b3757d64c0,g-a87f1b9ac089cc45,O0,3301,p3->p4,3,4,240,1.4263681020138794,1.3514611497296873,0.07490695228419209,6.661338147750939e-15,True,False,True,480,388,EVALUATION_BUDGET_EXHAUSTED,641.4868791364133
task-v2-b9b3757d64c0,g-a87f1b9ac089cc45,O0,3301,p3->p4,3,4,480,1.416512861894705,1.2636400528608314,0.15287280903387357,8.881784197001252e-16,True,False,True,480,388,EVALUATION_BUDGET_EXHAUSTED,641.4868791364133
task-v2-b9b3757d64c0,g-a87f1b9ac089cc45,O3,2207,p2->p3,2,3,120,0.9480063702902772,1.0313159603620123,-0.0833095900717351,0.0,True,True,False,480,391,EVALUATION_BUDGET_EXHAUSTED,439.4072437863797
task-v2-b9b3757d64c0,g-a87f1b9ac089cc45,O3,2207,p2->p3,2,3,240,0.9345654721218158,0.9801683699172181,-0.045602897795402275,0.0,True,True,False,480,391,EVALUATION_BUDGET_EXHAUSTED,439.4072437863797
task-v2-b9b3757d64c0,g-a87f1b9ac089cc45,O3,2207,p2->p3,2,3,480,0.9126320756909724,0.9154683086171358,-0.002836232926163418,0.0,True,True,False,480,391,EVALUATION_BUDGET_EXHAUSTED,439.4072437863797
task-v2-4746dcc3bd93,g-a87f1b9ac089cc45,O3,3301,p2->p3,2,3,120,0.9874623234381034,1.018582032333188,-0.03111970889508464,0.0,True,True,False,480,393,EVALUATION_BUDGET_EXHAUSTED,430.19847318250686
task-v2-4746dcc3bd93,g-a87f1b9ac089cc45,O3,3301,p2->p3,2,3,240,0.9646840060609236,0.9939453082494163,-0.029261302188492655,0.0,True,True,False,480,393,EVALUATION_BUDGET_EXHAUSTED,430.19847318250686
task-v2-4746dcc3bd93,g-a87f1b9ac089cc45,O3,3301,p2->p3,2,3,480,0.9387713461150322,0.9799499593143364,-0.04117861319930416,0.0,True,True,False,480,393,EVALUATION_BUDGET_EXHAUSTED,430.19847318250686
task-v2-59a464f36e13,g-bd62d2d752385cc7,O3,1103,p2->p3,2,3,120,1.0278532895661707,1.0224504103141332,0.005402879252037529,0.0,True,False,True,225,176,EARLY_CONVERGENCE,9.236951438710093
task-v2-59a464f36e13,g-bd62d2d752385cc7,O3,1103,p2->p3,2,3,240,1.0130571493812737,1.0152066744587724,-0.0021495250774987706,0.0,True,True,False,225,176,EARLY_CONVERGENCE,9.236951438710093
task-v2-59a464f36e13,g-bd62d2d752385cc7,O3,1103,p2->p3,2,3,480,1.0130571493812737,1.0043037205842704,0.008753428797003249,0.0,True,False,True,225,176,EARLY_CONVERGENCE,9.236951438710093
task-v2-6996479d6302,g-60667963f6db3f1b,O3,3301,p2->p3,2,3,120,0.19073126072295501,1.0523490560119726,-0.8616177952890176,0.0,True,True,False,284,226,EARLY_CONVERGENCE,0.735234709456563
task-v2-6996479d6302,g-60667963f6db3f1b,O3,3301,p2->p3,2,3,240,0.18971936605319048,1.0484405680560516,-0.8587212020028611,0.0,True,True,False,284,226,EARLY_CONVERGENCE,0.735234709456563
task-v2-6996479d6302,g-60667963f6db3f1b,O3,3301,p2->p3,2,3,480,0.18969335991201772,1.0197662168566441,-0.8300728569446264,0.0,True,True,False,284,226,EARLY_CONVERGENCE,0.735234709456563
task-v2-4968f3a685c2,g-8a16a856f5377a40,O0,3301,p3->p4,3,4,120,1.3263124498082195,1.5029776328868496,-0.1766651830786301,0.0,True,True,False,480,399,EVALUATION_BUDGET_EXHAUSTED,3.147250368259847
task-v2-4968f3a685c2,g-8a16a856f5377a40,O0,3301,p3->p4,3,4,240,1.2806464223939122,1.4900819996089516,-0.20943557721503936,0.0,True,True,False,480,399,EVALUATION_BUDGET_EXHAUSTED,3.147250368259847
task-v2-4968f3a685c2,g-8a16a856f5377a40,O0,3301,p3->p4,3,4,480,1.2657001779325308,1.4623678648105876,-0.1966676868780568,0.0,True,True,False,480,399,EVALUATION_BUDGET_EXHAUSTED,3.147250368259847
task-v2-420d9636beee,g-e0c69f84d376b633,O3,3301,p2->p3,2,3,120,1.0202937309871842,1.0228544323751443,-0.0025607013879600515,0.0,True,True,False,208,157,EARLY_CONVERGENCE,193.29745295550674
task-v2-420d9636beee,g-e0c69f84d376b633,O3,3301,p2->p3,2,3,240,1.0201006469147322,1.0179602015542282,0.002140445360504062,0.0,True,False,True,208,157,EARLY_CONVERGENCE,193.29745295550674
task-v2-420d9636beee,g-e0c69f84d376b633,O3,3301,p2->p3,2,3,480,1.0201006469147322,1.0179599828316481,0.0021406640830841095,0.0,True,False,True,208,157,EARLY_CONVERGENCE,193.29745295550674
task-v2-f4789f22d2c1,g-6aa6775bed3bc2cc,O3,3301,p2->p3,2,3,120,0.08325704568875739,0.7419752742957277,-0.6587182286069704,0.0,True,True,False,480,387,EVALUATION_BUDGET_EXHAUSTED,1.2490589544177055
task-v2-f4789f22d2c1,g-6aa6775bed3bc2cc,O3,3301,p2->p3,2,3,240,0.08104236577982771,0.6789381367718633,-0.5978957709920356,0.0,True,True,False,480,387,EVALUATION_BUDGET_EXHAUSTED,1.2490589544177055
task-v2-f4789f22d2c1,g-6aa6775bed3bc2cc,O3,3301,p2->p3,2,3,480,0.08049085674885285,0.6763810600468126,-0.5958902032979598,0.0,True,True,False,480,387,EVALUATION_BUDGET_EXHAUSTED,1.2490589544177055
task-v2-73f419868dc6,g-553bb3c5ba0f2136,O3,2207,p3->p4,3,4,120,0.046511627906976744,0.05092146670286049,-0.004409838795883747,0.0,True,True,False,76,50,EARLY_CONVERGENCE,0.1405808888375759
task-v2-73f419868dc6,g-553bb3c5ba0f2136,O3,2207,p3->p4,3,4,240,0.046511627906976744,0.05056321586627541,-0.004051587959298664,0.0,True,True,False,76,50,EARLY_CONVERGENCE,0.1405808888375759
task-v2-73f419868dc6,g-553bb3c5ba0f2136,O3,2207,p3->p4,3,4,480,0.046511627906976744,0.0504640901554407,-0.003952462248463955,0.0,True,True,False,76,50,EARLY_CONVERGENCE,0.1405808888375759
task-v2-69173fedcdae,g-8a16a856f5377a40,O3,1103,p3->p4,3,4,120,0.07235010577235747,0.31003722284267704,-0.2376871170703196,0.0,True,True,False,480,377,EVALUATION_BUDGET_EXHAUSTED,3.1819616006687284
task-v2-69173fedcdae,g-8a16a856f5377a40,O3,1103,p3->p4,3,4,240,0.0701407356898665,0.2948488626210876,-0.2247081269312211,0.0,True,True,False,480,377,EVALUATION_BUDGET_EXHAUSTED,3.1819616006687284
task-v2-69173fedcdae,g-8a16a856f5377a40,O3,1103,p3->p4,3,4,480,0.06900134180908139,0.2872519730391676,-0.2182506312300862,0.0,True,True,False,480,377,EVALUATION_BUDGET_EXHAUSTED,3.1819616006687284
task-v2-606c43f06406,g-3ff7063ef9ea5cfb,O0,2207,p2->p3,2,3,120,1.4189007020840427,1.7781356444019862,-0.3592349423179435,-2.220446049250313e-16,True,True,False,480,397,EVALUATION_BUDGET_EXHAUSTED,19.602074255235493
task-v2-606c43f06406,g-3ff7063ef9ea5cfb,O0,2207,p2->p3,2,3,240,1.4069245192793347,1.5534513000267844,-0.14652678074744974,6.661338147750939e-16,True,True,False,480,397,EVALUATION_BUDGET_EXHAUSTED,19.602074255235493
task-v2-606c43f06406,g-3ff7063ef9ea5cfb,O0,2207,p2->p3,2,3,480,1.3891590639010394,1.5009896327648955,-0.11183056886385612,-2.220446049250313e-16,True,True,False,480,397,EVALUATION_BUDGET_EXHAUSTED,19.602074255235493
task-v2-4746dcc3bd93,g-a87f1b9ac089cc45,O0,2207,p3->p4,3,4,120,1.4267980336133992,1.33632578929259,0.09047224432080925,-2.220446049250313e-16,True,False,True,480,395,EVALUATION_BUDGET_EXHAUSTED,577.654665405862
task-v2-4746dcc3bd93,g-a87f1b9ac089cc45,O0,2207,p3->p4,3,4,240,1.3950667722789123,1.2840834462132944,0.1109833260656179,3.9968028886505635e-15,True,False,True,480,395,EVALUATION_BUDGET_EXHAUSTED,577.654665405862
task-v2-4746dcc3bd93,g-a87f1b9ac089cc45,O0,2207,p3->p4,3,4,480,1.3503455261400632,1.2393203107484785,0.11102521539158472,4.218847493575595e-15,True,False,True,480,395,EVALUATION_BUDGET_EXHAUSTED,577.654665405862
task-v2-b5e00db3fe1a,g-3ff7063ef9ea5cfb,O0,2207,p3->p4,3,4,120,1.414433533756896,1.2283019311885084,0.18613160256838768,2.220446049250313e-16,True,False,True,480,393,EVALUATION_BUDGET_EXHAUSTED,28.661399356089532
task-v2-b5e00db3fe1a,g-3ff7063ef9ea5cfb,O0,2207,p3->p4,3,4,240,1.3562917943346877,1.2094389493905733,0.14685284494411444,1.3322676295501878e-15,True,False,True,480,393,EVALUATION_BUDGET_EXHAUSTED,28.661399356089532
task-v2-b5e00db3fe1a,g-3ff7063ef9ea5cfb,O0,2207,p3->p4,3,4,480,1.2699753856863736,1.2046404277718463,0.06533495791452726,1.1102230246251565e-15,True,False,True,480,393,EVALUATION_BUDGET_EXHAUSTED,28.661399356089532
task-v2-59a464f36e13,g-bd62d2d752385cc7,O3,1103,p3->p4,3,4,120,0.9771650106312552,1.0278532895661707,-0.050688278934915565,0.0,True,True,False,480,394,EVALUATION_BUDGET_EXHAUSTED,26.010066404938698
task-v2-59a464f36e13,g-bd62d2d752385cc7,O3,1103,p3->p4,3,4,240,0.9652792994188999,1.0130571493812737,-0.047777849962373775,0.0,True,True,False,480,394,EVALUATION_BUDGET_EXHAUSTED,26.010066404938698
task-v2-59a464f36e13,g-bd62d2d752385cc7,O3,1103,p3->p4,3,4,480,0.9512115843204006,1.0130571493812737,-0.06184556506087302,0.0,True,True,False,480,394,EVALUATION_BUDGET_EXHAUSTED,26.010066404938698
task-v2-4746dcc3bd93,g-a87f1b9ac089cc45,O3,2207,p3->p4,3,4,120,0.9659365407073048,1.001580454131378,-0.03564391342407314,0.0,True,True,False,480,393,EVALUATION_BUDGET_EXHAUSTED,596.8859485099092
task-v2-4746dcc3bd93,g-a87f1b9ac089cc45,O3,2207,p3->p4,3,4,240,0.9433820720129827,0.999089422131497,-0.05570735011851424,0.0,True,True,False,480,393,EVALUATION_BUDGET_EXHAUSTED,596.8859485099092
task-v2-4746dcc3bd93,g-a87f1b9ac089cc45,O3,2207,p3->p4,3,4,480,0.9355280285609644,0.9990367424079342,-0.06350871384696977,0.0,True,True,False,480,393,EVALUATION_BUDGET_EXHAUSTED,596.8859485099092
task-v2-f5c9b9bdeb27,g-a87f1b9ac089cc45,O3,1103,p2->p3,2,3,120,0.9208487364484247,1.1115237919635221,-0.19067505551509745,0.0,True,True,False,480,407,EVALUATION_BUDGET_EXHAUSTED,452.04240235779434
task-v2-f5c9b9bdeb27,g-a87f1b9ac089cc45,O3,1103,p2->p3,2,3,240,0.9062673834689656,1.0981393143340719,-0.19187193086510623,0.0,True,True,False,480,407,EVALUATION_BUDGET_EXHAUSTED,452.04240235779434
task-v2-f5c9b9bdeb27,g-a87f1b9ac089cc45,O3,1103,p2->p3,2,3,480,0.8808160191242093,1.0950761397179205,-0.21426012059371125,0.0,True,True,False,480,407,EVALUATION_BUDGET_EXHAUSTED,452.04240235779434
task-v2-b5e00db3fe1a,g-3ff7063ef9ea5cfb,O0,2207,p2->p3,2,3,120,1.2283019311885082,1.5434762665913933,-0.3151743354028851,4.440892098500626e-16,True,True,False,480,390,EVALUATION_BUDGET_EXHAUSTED,19.647103991359472
task-v2-b5e00db3fe1a,g-3ff7063ef9ea5cfb,O0,2207,p2->p3,2,3,240,1.209438949390572,1.3381011882822975,-0.12866223889172557,4.440892098500626e-16,True,True,False,480,390,EVALUATION_BUDGET_EXHAUSTED,19.647103991359472
task-v2-b5e00db3fe1a,g-3ff7063ef9ea5cfb,O0,2207,p2->p3,2,3,480,1.2046404277718452,1.3007852200046448,-0.09614479223279959,-2.220446049250313e-16,True,True,False,480,390,EVALUATION_BUDGET_EXHAUSTED,19.647103991359472
task-v2-606c43f06406,g-3ff7063ef9ea5cfb,O3,3301,p2->p3,2,3,120,0.9337990950139063,1.0587065472577661,-0.1249074522438598,0.0,True,True,False,480,384,EVALUATION_BUDGET_EXHAUSTED,22.487031931988895
task-v2-606c43f06406,g-3ff7063ef9ea5cfb,O3,3301,p2->p3,2,3,240,0.9294147744488555,1.0040297198893389,-0.07461494544048342,0.0,True,True,False,480,384,EVALUATION_BUDGET_EXHAUSTED,22.487031931988895
task-v2-606c43f06406,g-3ff7063ef9ea5cfb,O3,3301,p2->p3,2,3,480,0.9282831399946068,0.9054290451891358,0.02285409480547096,0.0,True,False,True,480,384,EVALUATION_BUDGET_EXHAUSTED,22.487031931988895
task-v2-e442db508705,g-548c8c6335dd2a2e,O0,1103,p2->p3,2,3,120,1.6109554713578298,1.6118102659427511,-0.0008547945849213257,0.0,True,True,False,480,404,EVALUATION_BUDGET_EXHAUSTED,0.984830086119473
task-v2-e442db508705,g-548c8c6335dd2a2e,O0,1103,p2->p3,2,3,240,1.6102873768544677,1.6116952599039296,-0.0014078830494619332,0.0,True,True,False,480,404,EVALUATION_BUDGET_EXHAUSTED,0.984830086119473
task-v2-e442db508705,g-548c8c6335dd2a2e,O0,1103,p2->p3,2,3,480,1.6087043765895468,1.6116937160815992,-0.0029893394920523786,0.0,True,True,False,480,404,EVALUATION_BUDGET_EXHAUSTED,0.984830086119473
task-v2-420d9636beee,g-e0c69f84d376b633,O3,1103,p3->p4,3,4,120,1.0047717703556232,1.0184924635535857,-0.013720693197962541,0.0,True,True,False,480,402,EVALUATION_BUDGET_EXHAUSTED,604.8295867899433
task-v2-420d9636beee,g-e0c69f84d376b633,O3,1103,p3->p4,3,4,240,0.9830562170463725,1.0171233066560919,-0.03406708960971938,0.0,True,True,False,480,402,EVALUATION_BUDGET_EXHAUSTED,604.8295867899433
task-v2-420d9636beee,g-e0c69f84d376b633,O3,1103,p3->p4,3,4,480,0.9536187267235459,1.0081795380863727,-0.054560811362826866,0.0,True,True,False,480,402,EVALUATION_BUDGET_EXHAUSTED,604.8295867899433
task-v2-59a464f36e13,g-bd62d2d752385cc7,O0,3301,p3->p4,3,4,120,1.4734284281374777,1.5541186313604864,-0.0806902032230088,-2.220446049250313e-15,True,True,False,480,398,EVALUATION_BUDGET_EXHAUSTED,24.597735099494457
task-v2-59a464f36e13,g-bd62d2d752385cc7,O0,3301,p3->p4,3,4,240,1.4481632000387812,1.4715957315266006,-0.02343253148781943,-6.661338147750939e-16,True,True,False,480,398,EVALUATION_BUDGET_EXHAUSTED,24.597735099494457
task-v2-59a464f36e13,g-bd62d2d752385cc7,O0,3301,p3->p4,3,4,480,1.4349909129080893,1.4201124692985618,0.014878443609527503,-4.440892098500626e-16,True,False,True,480,398,EVALUATION_BUDGET_EXHAUSTED,24.597735099494457
task-v2-780e1209d403,g-e0c69f84d376b633,O3,2207,p2->p3,2,3,120,0.8615732162652024,0.9927356873275051,-0.1311624710623026,0.0,True,True,False,480,390,EVALUATION_BUDGET_EXHAUSTED,431.6538602942601
task-v2-780e1209d403,g-e0c69f84d376b633,O3,2207,p2->p3,2,3,240,0.8611830967150763,0.9168889139385974,-0.05570581722352108,0.0,True,True,False,480,390,EVALUATION_BUDGET_EXHAUSTED,431.6538602942601
task-v2-780e1209d403,g-e0c69f84d376b633,O3,2207,p2->p3,2,3,480,0.8604650567137639,0.6917799198609893,0.16868513685277464,0.0,True,False,True,480,390,EVALUATION_BUDGET_EXHAUSTED,431.6538602942601
task-v2-e442db508705,g-548c8c6335dd2a2e,O0,3301,p3->p4,3,4,120,1.5269182485883315,1.5901899916310487,-0.06327174304271721,0.0,True,True,False,480,379,EVALUATION_BUDGET_EXHAUSTED,1.1053723590448499
task-v2-e442db508705,g-548c8c6335dd2a2e,O0,3301,p3->p4,3,4,240,1.5208684270382347,1.5650867498499965,-0.044218322811761857,0.0,True,True,False,480,379,EVALUATION_BUDGET_EXHAUSTED,1.1053723590448499
task-v2-e442db508705,g-548c8c6335dd2a2e,O0,3301,p3->p4,3,4,480,1.5183527647759842,1.5137418284647162,0.004610936311268077,0.0,True,False,True,480,379,EVALUATION_BUDGET_EXHAUSTED,1.1053723590448499
task-v2-3cd2eda112d3,g-6aa6775bed3bc2cc,O3,2207,p2->p3,2,3,120,0.39677042575573285,0.31104722467893314,0.0857232010767997,0.0,True,False,True,480,392,EVALUATION_BUDGET_EXHAUSTED,1.2419093316420913
task-v2-3cd2eda112d3,g-6aa6775bed3bc2cc,O3,2207,p2->p3,2,3,240,0.3412083234947967,0.09473480841029544,0.24647351508450124,0.0,True,False,True,480,392,EVALUATION_BUDGET_EXHAUSTED,1.2419093316420913
task-v2-3cd2eda112d3,g-6aa6775bed3bc2cc,O3,2207,p2->p3,2,3,480,0.2726890769510859,0.09396662937570743,0.17872244757537847,0.0,True,False,True,480,392,EVALUATION_BUDGET_EXHAUSTED,1.2419093316420913
task-v2-5d31ef4af595,g-bd62d2d752385cc7,O3,3301,p2->p3,2,3,120,0.9660149261131016,1.0657635917020651,-0.09974866558896356,0.0,True,True,False,480,392,EVALUATION_BUDGET_EXHAUSTED,20.39924415294081
task-v2-5d31ef4af595,g-bd62d2d752385cc7,O3,3301,p2->p3,2,3,240,0.9366840921604086,1.0629223573326785,-0.12623826517226988,0.0,True,True,False,480,392,EVALUATION_BUDGET_EXHAUSTED,20.39924415294081
task-v2-5d31ef4af595,g-bd62d2d752385cc7,O3,3301,p2->p3,2,3,480,0.8779243550752961,1.060624605038153,-0.18270024996285683,0.0,True,True,False,480,392,EVALUATION_BUDGET_EXHAUSTED,20.39924415294081
task-v2-420d9636beee,g-e0c69f84d376b633,O0,3301,p3->p4,3,4,120,1.5757444469159618,1.5777204451468816,-0.001975998230919762,-2.220446049250313e-16,True,True,False,480,393,EVALUATION_BUDGET_EXHAUSTED,585.1115087987855
task-v2-420d9636beee,g-e0c69f84d376b633,O0,3301,p3->p4,3,4,240,1.5432380787422084,1.5166483979968863,0.026589680745322086,5.551115123125783e-15,True,False,True,480,393,EVALUATION_BUDGET_EXHAUSTED,585.1115087987855
task-v2-420d9636beee,g-e0c69f84d376b633,O0,3301,p3->p4,3,4,480,1.4990198891463398,1.4622786468161542,0.03674124233018561,3.9968028886505635e-15,True,False,True,480,393,EVALUATION_BUDGET_EXHAUSTED,585.1115087987855
task-v2-780e1209d403,g-e0c69f84d376b633,O0,2207,p3->p4,3,4,120,1.259882983924641,1.1645295030177412,0.09535348090689988,5.329070518200751e-15,True,False,True,480,399,EVALUATION_BUDGET_EXHAUSTED,630.3936504218727
task-v2-780e1209d403,g-e0c69f84d376b633,O0,2207,p3->p4,3,4,240,1.2419265167853877,1.145723069985984,0.09620344679940374,6.661338147750939e-16,True,False,True,480,399,EVALUATION_BUDGET_EXHAUSTED,630.3936504218727
task-v2-780e1209d403,g-e0c69f84d376b633,O0,2207,p3->p4,3,4,480,1.210271417563532,1.140948351768372,0.06932306579516001,-4.440892098500626e-15,True,False,True,480,399,EVALUATION_BUDGET_EXHAUSTED,630.3936504218727
task-v2-b5e00db3fe1a,g-3ff7063ef9ea5cfb,O0,3301,p3->p4,3,4,120,1.4143623068928144,1.531831475072175,-0.1174691681793607,6.661338147750939e-16,True,True,False,480,376,EVALUATION_BUDGET_EXHAUSTED,28.745883324183524
task-v2-b5e00db3fe1a,g-3ff7063ef9ea5cfb,O0,3301,p3->p4,3,4,240,1.3909384431953127,1.4994756326210121,-0.10853718942569945,-2.220446049250313e-16,True,True,False,480,376,EVALUATION_BUDGET_EXHAUSTED,28.745883324183524
task-v2-b5e00db3fe1a,g-3ff7063ef9ea5cfb,O0,3301,p3->p4,3,4,480,1.3602584787199001,1.3355405512055005,0.024717927514399607,-4.440892098500626e-16,True,False,True,480,376,EVALUATION_BUDGET_EXHAUSTED,28.745883324183524
task-v2-3cd2eda112d3,g-6aa6775bed3bc2cc,O0,3301,p2->p3,2,3,120,1.439017327653732,1.7908061726500937,-0.35178884499636176,0.0,True,True,False,480,386,EVALUATION_BUDGET_EXHAUSTED,1.1840188708156347
task-v2-3cd2eda112d3,g-6aa6775bed3bc2cc,O0,3301,p2->p3,2,3,240,1.4342701491355365,1.782542317299241,-0.34827216816370443,0.0,True,True,False,480,386,EVALUATION_BUDGET_EXHAUSTED,1.1840188708156347
task-v2-3cd2eda112d3,g-6aa6775bed3bc2cc,O0,3301,p2->p3,2,3,480,1.4329554258407013,1.6194335155714557,-0.1864780897307543,0.0,True,True,False,480,386,EVALUATION_BUDGET_EXHAUSTED,1.1840188708156347
task-v2-59a464f36e13,g-bd62d2d752385cc7,O3,3301,p2->p3,2,3,120,1.000841845888385,1.0345220792814704,-0.03368023339308546,0.0,True,True,False,480,394,EVALUATION_BUDGET_EXHAUSTED,20.529811232350767
task-v2-59a464f36e13,g-bd62d2d752385cc7,O3,3301,p2->p3,2,3,240,0.9961277864717122,1.0109584470180044,-0.01483066054629223,0.0,True,True,False,480,394,EVALUATION_BUDGET_EXHAUSTED,20.529811232350767
task-v2-59a464f36e13,g-bd62d2d752385cc7,O3,3301,p2->p3,2,3,480,0.9914943956824096,0.9960958417408956,-0.004601446058486003,0.0,True,True,False,480,394,EVALUATION_BUDGET_EXHAUSTED,20.529811232350767
task-v2-5d31ef4af595,g-bd62d2d752385cc7,O0,1103,p3->p4,3,4,120,1.4129931596302017,1.4190728570865012,-0.006079697456299549,6.661338147750939e-16,True,True,False,480,392,EVALUATION_BUDGET_EXHAUSTED,25.608632519841194
task-v2-5d31ef4af595,g-bd62d2d752385cc7,O0,1103,p3->p4,3,4,240,1.3950619282056107,1.3950096807592551,5.224744635556888e-05,0.0,True,False,True,480,392,EVALUATION_BUDGET_EXHAUSTED,25.608632519841194
task-v2-5d31ef4af595,g-bd62d2d752385cc7,O0,1103,p3->p4,3,4,480,1.3816250458523385,1.385122246477682,-0.003497200625343533,6.661338147750939e-16,True,True,False,480,392,EVALUATION_BUDGET_EXHAUSTED,25.608632519841194
task-v2-f4789f22d2c1,g-6aa6775bed3bc2cc,O0,1103,p3->p4,3,4,120,1.2249951744879344,1.446183572354734,-0.22118839786679967,0.0,True,True,False,480,383,EVALUATION_BUDGET_EXHAUSTED,1.4010156113654375
task-v2-f4789f22d2c1,g-6aa6775bed3bc2cc,O0,1103,p3->p4,3,4,240,1.1950817166998076,1.436225479570441,-0.24114376287063344,0.0,True,True,False,480,383,EVALUATION_BUDGET_EXHAUSTED,1.4010156113654375
task-v2-f4789f22d2c1,g-6aa6775bed3bc2cc,O0,1103,p3->p4,3,4,480,1.1579180731575238,1.4143645935611882,-0.25644652040366434,0.0,True,True,False,480,383,EVALUATION_BUDGET_EXHAUSTED,1.4010156113654375
task-v2-8792ce3c54d5,g-a712031e7959d564,O0,1103,p3->p4,3,4,120,1.5068037101584646,1.3360128356233758,0.1707908745350888,0.0,True,False,True,480,387,EVALUATION_BUDGET_EXHAUSTED,3.320190845988691
task-v2-8792ce3c54d5,g-a712031e7959d564,O0,1103,p3->p4,3,4,240,1.489705081604938,1.3071379845694047,0.1825670970355333,0.0,True,False,True,480,387,EVALUATION_BUDGET_EXHAUSTED,3.320190845988691
task-v2-8792ce3c54d5,g-a712031e7959d564,O0,1103,p3->p4,3,4,480,1.4837381587278822,1.2736949509768372,0.210043207751045,0.0,True,False,True,480,387,EVALUATION_BUDGET_EXHAUSTED,3.320190845988691
task-v2-73f419868dc6,g-553bb3c5ba0f2136,O0,2207,p2->p3,2,3,120,1.4488393896342606,1.6918604719972916,-0.243021082363031,0.0,True,True,False,480,395,EVALUATION_BUDGET_EXHAUSTED,0.9714849693700671
task-v2-73f419868dc6,g-553bb3c5ba0f2136,O0,2207,p2->p3,2,3,240,1.4267012835279065,1.6886248121310958,-0.26192352860318935,0.0,True,True,False,480,395,EVALUATION_BUDGET_EXHAUSTED,0.9714849693700671
task-v2-73f419868dc6,g-553bb3c5ba0f2136,O0,2207,p2->p3,2,3,480,1.4259346094167573,1.677364413838042,-0.2514298044212846,0.0,True,True,False,480,395,EVALUATION_BUDGET_EXHAUSTED,0.9714849693700671
task-v2-8792ce3c54d5,g-a712031e7959d564,O0,2207,p3->p4,3,4,120,1.384270447633181,1.341629938025168,0.04264050960801313,0.0,True,False,True,480,392,EVALUATION_BUDGET_EXHAUSTED,3.1738005243241787
task-v2-8792ce3c54d5,g-a712031e7959d564,O0,2207,p3->p4,3,4,240,1.375541689871473,1.3325960030820951,0.042945686789377824,0.0,True,False,True,480,392,EVALUATION_BUDGET_EXHAUSTED,3.1738005243241787
task-v2-8792ce3c54d5,g-a712031e7959d564,O0,2207,p3->p4,3,4,480,1.3660364664068623,1.3228552745618232,0.0431811918450391,0.0,True,False,True,480,392,EVALUATION_BUDGET_EXHAUSTED,3.1738005243241787
task-v2-e243a3cd3e64,g-bd62d2d752385cc7,O0,3301,p2->p3,2,3,120,1.4841823588754144,1.3732582138689857,0.11092414500642866,-6.661338147750939e-16,True,False,True,480,398,EVALUATION_BUDGET_EXHAUSTED,21.803486566990614
task-v2-e243a3cd3e64,g-bd62d2d752385cc7,O0,3301,p2->p3,2,3,240,1.3666323804087406,1.373256504669634,-0.006624124260893316,2.220446049250313e-16,True,True,False,480,398,EVALUATION_BUDGET_EXHAUSTED,21.803486566990614
task-v2-e243a3cd3e64,g-bd62d2d752385cc7,O0,3301,p2->p3,2,3,480,1.334136364751293,1.373256504669634,-0.03912013991834096,2.220446049250313e-16,True,True,False,480,398,EVALUATION_BUDGET_EXHAUSTED,21.803486566990614
task-v2-4968f3a685c2,g-8a16a856f5377a40,O0,2207,p2->p3,2,3,120,1.3634444461392046,1.7232437036626118,-0.35979925752340725,0.0,True,True,False,480,387,EVALUATION_BUDGET_EXHAUSTED,2.51840150821954
task-v2-4968f3a685c2,g-8a16a856f5377a40,O0,2207,p2->p3,2,3,240,1.3605256741730827,1.6063708403518977,-0.24584516617881502,0.0,True,True,False,480,387,EVALUATION_BUDGET_EXHAUSTED,2.51840150821954
task-v2-4968f3a685c2,g-8a16a856f5377a40,O0,2207,p2->p3,2,3,480,1.3547223039472136,1.53780121608756,-0.18307891214034644,0.0,True,True,False,480,387,EVALUATION_BUDGET_EXHAUSTED,2.51840150821954
task-v2-e243a3cd3e64,g-bd62d2d752385cc7,O3,1103,p3->p4,3,4,120,0.7047315558918147,0.8647909665969825,-0.16005941070516783,0.0,True,True,False,480,393,EVALUATION_BUDGET_EXHAUSTED,29.242529567331076
task-v2-e243a3cd3e64,g-bd62d2d752385cc7,O3,1103,p3->p4,3,4,240,0.6575480154749741,0.8567893262441241,-0.19924131076914997,0.0,True,True,False,480,393,EVALUATION_BUDGET_EXHAUSTED,29.242529567331076
task-v2-e243a3cd3e64,g-bd62d2d752385cc7,O3,1103,p3->p4,3,4,480,0.6372335358180615,0.8130786263554965,-0.17584509053743502,0.0,True,True,False,480,393,EVALUATION_BUDGET_EXHAUSTED,29.242529567331076
task-v2-3f11ce371857,g-3ff7063ef9ea5cfb,O0,2207,p3->p4,3,4,120,1.6237650025818775,1.7116157342042602,-0.08785073162238266,-1.3322676295501878e-15,True,True,False,480,395,EVALUATION_BUDGET_EXHAUSTED,28.679059795103967
task-v2-3f11ce371857,g-3ff7063ef9ea5cfb,O0,2207,p3->p4,3,4,240,1.5923876604655054,1.7070780036544997,-0.11469034318899429,6.661338147750939e-16,True,True,False,480,395,EVALUATION_BUDGET_EXHAUSTED,28.679059795103967
task-v2-3f11ce371857,g-3ff7063ef9ea5cfb,O0,2207,p3->p4,3,4,480,1.5830110810769331,1.6994409568226372,-0.11642987574570407,-1.3322676295501878e-15,True,True,False,480,395,EVALUATION_BUDGET_EXHAUSTED,28.679059795103967
task-v2-420d9636beee,g-e0c69f84d376b633,O0,3301,p2->p3,2,3,120,1.5777204451468818,1.751853741381365,-0.17413329623448326,8.881784197001252e-16,True,True,False,480,399,EVALUATION_BUDGET_EXHAUSTED,431.5934544922784
task-v2-420d9636beee,g-e0c69f84d376b633,O0,3301,p2->p3,2,3,240,1.5166483979968808,1.6696199670568066,-0.15297156905992582,-1.1102230246251565e-15,True,True,False,480,399,EVALUATION_BUDGET_EXHAUSTED,431.5934544922784
task-v2-420d9636beee,g-e0c69f84d376b633,O0,3301,p2->p3,2,3,480,1.4622786468161502,1.5764043658019835,-0.11412571898583335,-1.7763568394002505e-15,True,True,False,480,399,EVALUATION_BUDGET_EXHAUSTED,431.5934544922784
task-v2-3f11ce371857,g-3ff7063ef9ea5cfb,O0,1103,p2->p3,2,3,120,1.7520555886550215,1.8561699173567565,-0.10411432870173498,-4.440892098500626e-16,True,True,False,480,398,EVALUATION_BUDGET_EXHAUSTED,19.139589566737413
task-v2-3f11ce371857,g-3ff7063ef9ea5cfb,O0,1103,p2->p3,2,3,240,1.737276840548002,1.8047629692134581,-0.06748612866545622,-6.661338147750939e-16,True,True,False,480,398,EVALUATION_BUDGET_EXHAUSTED,19.139589566737413
task-v2-3f11ce371857,g-3ff7063ef9ea5cfb,O0,1103,p2->p3,2,3,480,1.7072715936197858,1.7458010856834647,-0.03852949206367895,-6.661338147750939e-16,True,True,False,480,398,EVALUATION_BUDGET_EXHAUSTED,19.139589566737413
task-v2-3cd2eda112d3,g-6aa6775bed3bc2cc,O3,1103,p2->p3,2,3,120,0.8567903288228279,0.8657228948670554,-0.008932566044227541,0.0,True,True,False,480,396,EVALUATION_BUDGET_EXHAUSTED,1.231831707060337
task-v2-3cd2eda112d3,g-6aa6775bed3bc2cc,O3,1103,p2->p3,2,3,240,0.8567280775068196,0.863892441973292,-0.007164364466472395,0.0,True,True,False,480,396,EVALUATION_BUDGET_EXHAUSTED,1.231831707060337
task-v2-3cd2eda112d3,g-6aa6775bed3bc2cc,O3,1103,p2->p3,2,3,480,0.8566507332611141,0.862337978465187,-0.005687245204072933,0.0,True,True,False,480,396,EVALUATION_BUDGET_EXHAUSTED,1.231831707060337
task-v2-8792ce3c54d5,g-a712031e7959d564,O3,3301,p2->p3,2,3,120,0.7773506636719485,0.8540819483863418,-0.07673128471439328,0.0,True,True,False,480,407,EVALUATION_BUDGET_EXHAUSTED,2.7800358748063445
task-v2-8792ce3c54d5,g-a712031e7959d564,O3,3301,p2->p3,2,3,240,0.7415683215933833,0.8311427246196768,-0.08957440302629349,0.0,True,True,False,480,407,EVALUATION_BUDGET_EXHAUSTED,2.7800358748063445
task-v2-8792ce3c54d5,g-a712031e7959d564,O3,3301,p2->p3,2,3,480,0.7197646980280279,0.8123614245464774,-0.09259672651844952,0.0,True,True,False,480,407,EVALUATION_BUDGET_EXHAUSTED,2.7800358748063445
task-v2-420d9636beee,g-e0c69f84d376b633,O3,3301,p3->p4,3,4,120,0.9662765199864957,1.0202937309871842,-0.05401721100068857,0.0,True,True,False,480,389,EVALUATION_BUDGET_EXHAUSTED,599.9742873609066
task-v2-420d9636beee,g-e0c69f84d376b633,O3,3301,p3->p4,3,4,240,0.9564980144315057,1.0201006469147322,-0.0636026324832265,0.0,True,True,False,480,389,EVALUATION_BUDGET_EXHAUSTED,599.9742873609066
task-v2-420d9636beee,g-e0c69f84d376b633,O3,3301,p3->p4,3,4,480,0.9424580913914871,1.0201006469147322,-0.07764255552324517,0.0,True,True,False,480,389,EVALUATION_BUDGET_EXHAUSTED,599.9742873609066
task-v2-b9b3757d64c0,g-a87f1b9ac089cc45,O0,2207,p2->p3,2,3,120,1.4721627571824896,1.576956580765351,-0.10479382358286138,6.661338147750939e-16,True,True,False,480,394,EVALUATION_BUDGET_EXHAUSTED,453.33770863711834
task-v2-b9b3757d64c0,g-a87f1b9ac089cc45,O0,2207,p2->p3,2,3,240,1.4597211876893499,1.435328018944755,0.02439316874459485,1.5543122344752192e-15,True,False,True,480,394,EVALUATION_BUDGET_EXHAUSTED,453.33770863711834
task-v2-b9b3757d64c0,g-a87f1b9ac089cc45,O0,2207,p2->p3,2,3,480,1.4480467044033216,1.333777250222015,0.11426945418130652,1.3322676295501878e-15,True,False,True,480,394,EVALUATION_BUDGET_EXHAUSTED,453.33770863711834
task-v2-4d2b9f5eb099,g-6aa6775bed3bc2cc,O0,1103,p3->p4,3,4,120,1.7383282082519265,1.6199367612639999,0.11839144698792659,0.0,True,False,True,480,401,EVALUATION_BUDGET_EXHAUSTED,1.5918454267084599
task-v2-4d2b9f5eb099,g-6aa6775bed3bc2cc,O0,1103,p3->p4,3,4,240,1.6855058491213113,1.5773204707448598,0.10818537837645148,0.0,True,False,True,480,401,EVALUATION_BUDGET_EXHAUSTED,1.5918454267084599
task-v2-4d2b9f5eb099,g-6aa6775bed3bc2cc,O0,1103,p3->p4,3,4,480,1.5654843033240633,1.5352826511798754,0.030201652144187907,0.0,True,False,True,480,401,EVALUATION_BUDGET_EXHAUSTED,1.5918454267084599
task-v2-4e78b3f98433,g-553bb3c5ba0f2136,O0,3301,p3->p4,3,4,120,1.6036532991979542,1.7408072552870344,-0.1371539560890802,0.0,True,True,False,480,401,EVALUATION_BUDGET_EXHAUSTED,1.109334371984005
task-v2-4e78b3f98433,g-553bb3c5ba0f2136,O0,3301,p3->p4,3,4,240,1.5949994791035533,1.6702115261673516,-0.07521204706379825,0.0,True,True,False,480,401,EVALUATION_BUDGET_EXHAUSTED,1.109334371984005
task-v2-4e78b3f98433,g-553bb3c5ba0f2136,O0,3301,p3->p4,3,4,480,1.5906034180398998,1.5470094754154102,0.04359394262448957,0.0,True,False,True,480,401,EVALUATION_BUDGET_EXHAUSTED,1.109334371984005
task-v2-8c0a098a6f8b,g-a712031e7959d564,O0,3301,p2->p3,2,3,120,1.546679894519812,1.6912612272916383,-0.1445813327718264,0.0,True,True,False,480,392,EVALUATION_BUDGET_EXHAUSTED,2.7215207358822227
task-v2-8c0a098a6f8b,g-a712031e7959d564,O0,3301,p2->p3,2,3,240,1.5364726533433029,1.6771351038755902,-0.14066245053228732,0.0,True,True,False,480,392,EVALUATION_BUDGET_EXHAUSTED,2.7215207358822227
task-v2-8c0a098a6f8b,g-a712031e7959d564,O0,3301,p2->p3,2,3,480,1.5189708859924038,1.6759303909323706,-0.1569595049399668,0.0,True,True,False,480,392,EVALUATION_BUDGET_EXHAUSTED,2.7215207358822227
task-v2-4968f3a685c2,g-8a16a856f5377a40,O0,1103,p2->p3,2,3,120,1.4040450075189717,1.5662325896426237,-0.16218758212365203,0.0,True,True,False,480,377,EVALUATION_BUDGET_EXHAUSTED,2.4462391790002584
task-v2-4968f3a685c2,g-8a16a856f5377a40,O0,1103,p2->p3,2,3,240,1.371948301986846,1.4670273687387665,-0.09507906675192057,0.0,True,True,False,480,377,EVALUATION_BUDGET_EXHAUSTED,2.4462391790002584
task-v2-4968f3a685c2,g-8a16a856f5377a40,O0,1103,p2->p3,2,3,480,1.341953405992758,1.3804136960916673,-0.03846029009890928,0.0,True,True,False,480,377,EVALUATION_BUDGET_EXHAUSTED,2.4462391790002584
task-v2-69173fedcdae,g-8a16a856f5377a40,O3,3301,p3->p4,3,4,120,0.0599463557130783,0.29883204584760625,-0.23888569013452796,0.0,True,True,False,480,390,EVALUATION_BUDGET_EXHAUSTED,3.09061358589679
task-v2-69173fedcdae,g-8a16a856f5377a40,O3,3301,p3->p4,3,4,240,0.05760268619188165,0.29156330025423294,-0.2339606140623513,0.0,True,True,False,480,390,EVALUATION_BUDGET_EXHAUSTED,3.09061358589679
task-v2-69173fedcdae,g-8a16a856f5377a40,O3,3301,p3->p4,3,4,480,0.055517884120869096,0.28459951662647764,-0.22908163250560853,0.0,True,True,False,480,390,EVALUATION_BUDGET_EXHAUSTED,3.09061358589679
task-v2-b9b3757d64c0,g-a87f1b9ac089cc45,O3,1103,p2->p3,2,3,120,0.9159925961920369,0.9930381415449505,-0.07704554535291364,0.0,True,True,False,480,387,EVALUATION_BUDGET_EXHAUSTED,451.22370577417314
task-v2-b9b3757d64c0,g-a87f1b9ac089cc45,O3,1103,p2->p3,2,3,240,0.8997126175898305,0.956309451284978,-0.056596833695147564,0.0,True,True,False,480,387,EVALUATION_BUDGET_EXHAUSTED,451.22370577417314
task-v2-b9b3757d64c0,g-a87f1b9ac089cc45,O3,1103,p2->p3,2,3,480,0.8846296035138397,0.908967130321918,-0.024337526808078325,0.0,True,True,False,480,387,EVALUATION_BUDGET_EXHAUSTED,451.22370577417314
task-v2-3cd2eda112d3,g-6aa6775bed3bc2cc,O0,1103,p3->p4,3,4,120,1.4188626798998163,1.4815563408147296,-0.06269366091491335,0.0,True,True,False,480,398,EVALUATION_BUDGET_EXHAUSTED,1.4277241779491305
task-v2-3cd2eda112d3,g-6aa6775bed3bc2cc,O0,1103,p3->p4,3,4,240,1.4007245735498335,1.4609165377425868,-0.0601919641927533,0.0,True,True,False,480,398,EVALUATION_BUDGET_EXHAUSTED,1.4277241779491305
task-v2-3cd2eda112d3,g-6aa6775bed3bc2cc,O0,1103,p3->p4,3,4,480,1.3806251757844183,1.4325762530622967,-0.0519510772778784,0.0,True,True,False,480,398,EVALUATION_BUDGET_EXHAUSTED,1.4277241779491305
task-v2-3f11ce371857,g-3ff7063ef9ea5cfb,O3,1103,p2->p3,2,3,120,1.0401786389733414,1.0140269167185865,0.026151722254754928,0.0,True,False,True,116,79,EARLY_CONVERGENCE,5.21763704996556
task-v2-3f11ce371857,g-3ff7063ef9ea5cfb,O3,1103,p2->p3,2,3,240,1.0401786389733414,1.0111192940599871,0.029059344913354268,0.0,True,False,True,116,79,EARLY_CONVERGENCE,5.21763704996556
task-v2-3f11ce371857,g-3ff7063ef9ea5cfb,O3,1103,p2->p3,2,3,480,1.0401786389733414,1.0111192940599871,0.029059344913354268,0.0,True,False,True,116,79,EARLY_CONVERGENCE,5.21763704996556
task-v2-6996479d6302,g-60667963f6db3f1b,O3,2207,p2->p3,2,3,120,0.6451179745992698,1.048179699541037,-0.4030617249417673,0.0,True,True,False,480,396,EVALUATION_BUDGET_EXHAUSTED,1.228980585001409
task-v2-6996479d6302,g-60667963f6db3f1b,O3,2207,p2->p3,2,3,240,0.11234464074759314,1.0468726312189756,-0.9345279904713825,0.0,True,True,False,480,396,EVALUATION_BUDGET_EXHAUSTED,1.228980585001409
task-v2-6996479d6302,g-60667963f6db3f1b,O3,2207,p2->p3,2,3,480,0.06823477788329149,1.0468226235025613,-0.9785878456192698,0.0,True,True,False,480,396,EVALUATION_BUDGET_EXHAUSTED,1.228980585001409
task-v2-f4789f22d2c1,g-6aa6775bed3bc2cc,O3,3301,p3->p4,3,4,120,0.08402575461948188,0.08325704568875739,0.0007687089307244904,0.0,True,False,True,385,308,EARLY_CONVERGENCE,1.1690970556810498
task-v2-f4789f22d2c1,g-6aa6775bed3bc2cc,O3,3301,p3->p4,3,4,240,0.07910003469690977,0.08104236577982771,-0.0019423310829179419,0.0,True,True,False,385,308,EARLY_CONVERGENCE,1.1690970556810498
task-v2-f4789f22d2c1,g-6aa6775bed3bc2cc,O3,3301,p3->p4,3,4,480,0.0755813953488372,0.08049085674885285,-0.0049094614000156495,0.0,True,True,False,385,308,EARLY_CONVERGENCE,1.1690970556810498
task-v2-606c43f06406,g-3ff7063ef9ea5cfb,O0,3301,p3->p4,3,4,120,1.3997318418734026,1.5460784196781072,-0.14634657780470461,2.220446049250313e-16,True,True,False,480,396,EVALUATION_BUDGET_EXHAUSTED,28.608524651266634
task-v2-606c43f06406,g-3ff7063ef9ea5cfb,O0,3301,p3->p4,3,4,240,1.3682101185999178,1.5077276771407826,-0.13951755854086478,6.661338147750939e-16,True,True,False,480,396,EVALUATION_BUDGET_EXHAUSTED,28.608524651266634
task-v2-606c43f06406,g-3ff7063ef9ea5cfb,O0,3301,p3->p4,3,4,480,1.3542842051864072,1.453711869822974,-0.09942766463656683,6.661338147750939e-16,True,True,False,480,396,EVALUATION_BUDGET_EXHAUSTED,28.608524651266634
task-v2-4e78b3f98433,g-553bb3c5ba0f2136,O3,3301,p3->p4,3,4,120,0.06976744186046512,0.06976744186046512,0.0,0.0,True,True,False,92,68,EARLY_CONVERGENCE,0.19357076194137335
task-v2-4e78b3f98433,g-553bb3c5ba0f2136,O3,3301,p3->p4,3,4,240,0.06976744186046512,0.06976744186046512,0.0,0.0,True,True,False,92,68,EARLY_CONVERGENCE,0.19357076194137335
task-v2-4e78b3f98433,g-553bb3c5ba0f2136,O3,3301,p3->p4,3,4,480,0.06976744186046512,0.06976744186046512,0.0,0.0,True,True,False,92,68,EARLY_CONVERGENCE,0.19357076194137335
task-v2-3f11ce371857,g-3ff7063ef9ea5cfb,O0,3301,p2->p3,2,3,120,1.687708994698113,1.8761645090792167,-0.18845551438110375,0.0,True,True,False,480,402,EVALUATION_BUDGET_EXHAUSTED,19.397183584049344
task-v2-3f11ce371857,g-3ff7063ef9ea5cfb,O0,3301,p2->p3,2,3,240,1.6410331179573068,1.8712757719142001,-0.23024265395689336,-6.661338147750939e-16,True,True,False,480,402,EVALUATION_BUDGET_EXHAUSTED,19.397183584049344
task-v2-3f11ce371857,g-3ff7063ef9ea5cfb,O0,3301,p2->p3,2,3,480,1.6087158345994688,1.868732776027639,-0.26001694142817033,-1.7763568394002505e-15,True,True,False,480,402,EVALUATION_BUDGET_EXHAUSTED,19.397183584049344
task-v2-3f11ce371857,g-3ff7063ef9ea5cfb,O3,2207,p2->p3,2,3,120,1.007175945918868,1.0249008980262106,-0.017724952107342595,0.0,True,True,False,136,97,EARLY_CONVERGENCE,6.381983160041273
task-v2-3f11ce371857,g-3ff7063ef9ea5cfb,O3,2207,p2->p3,2,3,240,1.0071691919937726,0.9975608561085315,0.009608335885241126,0.0,True,False,True,136,97,EARLY_CONVERGENCE,6.381983160041273
task-v2-3f11ce371857,g-3ff7063ef9ea5cfb,O3,2207,p2->p3,2,3,480,1.0071691919937726,0.9725440176787714,0.03462517431500123,0.0,True,False,True,136,97,EARLY_CONVERGENCE,6.381983160041273
task-v2-b5e00db3fe1a,g-3ff7063ef9ea5cfb,O0,1103,p3->p4,3,4,120,1.4361613430789761,1.392378109865518,0.04378323321345823,-4.440892098500626e-16,True,False,True,480,377,EVALUATION_BUDGET_EXHAUSTED,29.176873916760087
task-v2-b5e00db3fe1a,g-3ff7063ef9ea5cfb,O0,1103,p3->p4,3,4,240,1.4082510822902647,1.3745045021425664,0.03374658014769838,-2.220446049250313e-16,True,False,True,480,377,EVALUATION_BUDGET_EXHAUSTED,29.176873916760087
task-v2-b5e00db3fe1a,g-3ff7063ef9ea5cfb,O0,1103,p3->p4,3,4,480,1.3798177386982178,1.3638125511386816,0.01600518755953617,4.440892098500626e-16,True,False,True,480,377,EVALUATION_BUDGET_EXHAUSTED,29.176873916760087
task-v2-b5e00db3fe1a,g-3ff7063ef9ea5cfb,O3,3301,p3->p4,3,4,120,0.6610423807207116,0.6993144615126723,-0.03827208079196065,0.0,True,True,False,480,403,EVALUATION_BUDGET_EXHAUSTED,30.81870193593204
task-v2-b5e00db3fe1a,g-3ff7063ef9ea5cfb,O3,3301,p3->p4,3,4,240,0.6361434857659237,0.6912420128333224,-0.055098527067398706,0.0,True,True,False,480,403,EVALUATION_BUDGET_EXHAUSTED,30.81870193593204
task-v2-b5e00db3fe1a,g-3ff7063ef9ea5cfb,O3,3301,p3->p4,3,4,480,0.6149129205242675,0.6882163463502925,-0.073303425826025,0.0,True,True,False,480,403,EVALUATION_BUDGET_EXHAUSTED,30.81870193593204
task-v2-8c0a098a6f8b,g-a712031e7959d564,O3,3301,p3->p4,3,4,120,0.03601740091616199,0.08443275122827223,-0.04841535031211024,0.0,True,True,False,480,392,EVALUATION_BUDGET_EXHAUSTED,3.505614628084004
task-v2-8c0a098a6f8b,g-a712031e7959d564,O3,3301,p3->p4,3,4,240,0.032358850827895094,0.0776960028108948,-0.0453371519829997,0.0,True,True,False,480,392,EVALUATION_BUDGET_EXHAUSTED,3.505614628084004
task-v2-8c0a098a6f8b,g-a712031e7959d564,O3,3301,p3->p4,3,4,480,0.029045303799424157,0.06803029274619958,-0.03898498894677542,0.0,True,True,False,480,392,EVALUATION_BUDGET_EXHAUSTED,3.505614628084004
task-v2-e442db508705,g-548c8c6335dd2a2e,O3,2207,p2->p3,2,3,120,0.47285056089923483,0.8294708900428373,-0.3566203291436024,0.0,True,True,False,342,279,EARLY_CONVERGENCE,0.7097573895007372
task-v2-e442db508705,g-548c8c6335dd2a2e,O3,2207,p2->p3,2,3,240,0.4000816062233131,0.8294401519320335,-0.42935854570872034,0.0,True,True,False,342,279,EARLY_CONVERGENCE,0.7097573895007372
task-v2-e442db508705,g-548c8c6335dd2a2e,O3,2207,p2->p3,2,3,480,0.023255813953488372,0.8294376751395768,-0.8061818611860884,0.0,True,True,False,342,279,EARLY_CONVERGENCE,0.7097573895007372
task-v2-f5c9b9bdeb27,g-a87f1b9ac089cc45,O3,1103,p3->p4,3,4,120,0.9520383601556478,0.9208487364484247,0.031189623707223113,0.0,True,False,True,480,385,EVALUATION_BUDGET_EXHAUSTED,617.7787283761427
task-v2-f5c9b9bdeb27,g-a87f1b9ac089cc45,O3,1103,p3->p4,3,4,240,0.8775888458618282,0.9062673834689656,-0.028678537607137455,0.0,True,True,False,480,385,EVALUATION_BUDGET_EXHAUSTED,617.7787283761427
task-v2-f5c9b9bdeb27,g-a87f1b9ac089cc45,O3,1103,p3->p4,3,4,480,0.8317183918164595,0.8808160191242093,-0.0490976273077498,0.0,True,True,False,480,385,EVALUATION_BUDGET_EXHAUSTED,617.7787283761427
task-v2-f5c9b9bdeb27,g-a87f1b9ac089cc45,O0,1103,p2->p3,2,3,120,1.3126185126914587,1.839792233056084,-0.5271737203646254,-6.661338147750939e-16,True,True,False,480,399,EVALUATION_BUDGET_EXHAUSTED,498.26977078057826
task-v2-f5c9b9bdeb27,g-a87f1b9ac089cc45,O0,1103,p2->p3,2,3,240,1.311833025985342,1.8394525500948975,-0.5276195241095556,-1.9984014443252818e-15,True,True,False,480,399,EVALUATION_BUDGET_EXHAUSTED,498.26977078057826
task-v2-f5c9b9bdeb27,g-a87f1b9ac089cc45,O0,1103,p2->p3,2,3,480,1.3111956979094304,1.8394136961461722,-0.5282179982367419,2.4424906541753444e-15,True,True,False,480,399,EVALUATION_BUDGET_EXHAUSTED,498.26977078057826
task-v2-ce7fc44fc7b5,g-548c8c6335dd2a2e,O3,2207,p3->p4,3,4,120,0.02875408144407475,0.023255813953488372,0.005498267490586378,0.0,True,False,True,159,124,EARLY_CONVERGENCE,0.3684945050626993
task-v2-ce7fc44fc7b5,g-548c8c6335dd2a2e,O3,2207,p3->p4,3,4,240,0.023255813953488372,0.023255813953488372,0.0,0.0,True,True,False,159,124,EARLY_CONVERGENCE,0.3684945050626993
task-v2-ce7fc44fc7b5,g-548c8c6335dd2a2e,O3,2207,p3->p4,3,4,480,0.023255813953488372,0.023255813953488372,0.0,0.0,True,True,False,159,124,EARLY_CONVERGENCE,0.3684945050626993
task-v2-4e78b3f98433,g-553bb3c5ba0f2136,O3,2207,p2->p3,2,3,120,0.5758430827714295,0.24435978191028232,0.3314833008611472,0.0,True,False,True,480,392,EVALUATION_BUDGET_EXHAUSTED,0.9828602531924844
task-v2-4e78b3f98433,g-553bb3c5ba0f2136,O3,2207,p2->p3,2,3,240,0.5549556071439685,0.24284761659089785,0.3121079905530707,0.0,True,False,True,480,392,EVALUATION_BUDGET_EXHAUSTED,0.9828602531924844
task-v2-4e78b3f98433,g-553bb3c5ba0f2136,O3,2207,p2->p3,2,3,480,0.5231610383718529,0.2427516206430979,0.280409417728755,0.0,True,False,True,480,392,EVALUATION_BUDGET_EXHAUSTED,0.9828602531924844
task-v2-ce7fc44fc7b5,g-548c8c6335dd2a2e,O3,3301,p3->p4,3,4,120,0.023255813953488372,0.023255813953488372,0.0,0.0,True,True,False,36,25,EARLY_CONVERGENCE,0.05517930630594492
task-v2-ce7fc44fc7b5,g-548c8c6335dd2a2e,O3,3301,p3->p4,3,4,240,0.023255813953488372,0.023255813953488372,0.0,0.0,True,True,False,36,25,EARLY_CONVERGENCE,0.05517930630594492
task-v2-ce7fc44fc7b5,g-548c8c6335dd2a2e,O3,3301,p3->p4,3,4,480,0.023255813953488372,0.023255813953488372,0.0,0.0,True,True,False,36,25,EARLY_CONVERGENCE,0.05517930630594492
task-v2-5d31ef4af595,g-bd62d2d752385cc7,O0,2207,p2->p3,2,3,120,1.260112642277813,1.7128325192685028,-0.4527198769906897,8.881784197001252e-16,True,True,False,480,389,EVALUATION_BUDGET_EXHAUSTED,19.38561059627682
task-v2-5d31ef4af595,g-bd62d2d752385cc7,O0,2207,p2->p3,2,3,240,1.2346608998637154,1.5455344618027236,-0.31087356193900817,-2.220446049250313e-16,True,True,False,480,389,EVALUATION_BUDGET_EXHAUSTED,19.38561059627682
task-v2-5d31ef4af595,g-bd62d2d752385cc7,O0,2207,p2->p3,2,3,480,1.2122371157793115,1.369247529267455,-0.1570104134881436,6.661338147750939e-16,True,True,False,480,389,EVALUATION_BUDGET_EXHAUSTED,19.38561059627682
task-v2-f4789f22d2c1,g-6aa6775bed3bc2cc,O3,1103,p3->p4,3,4,120,0.4365707356471655,0.8376283297148094,-0.4010575940676439,0.0,True,True,False,480,378,EVALUATION_BUDGET_EXHAUSTED,1.4432056369259953
task-v2-f4789f22d2c1,g-6aa6775bed3bc2cc,O3,1103,p3->p4,3,4,240,0.3660837447834965,0.8282308477019452,-0.46214710291844874,0.0,True,True,False,480,378,EVALUATION_BUDGET_EXHAUSTED,1.4432056369259953
task-v2-f4789f22d2c1,g-6aa6775bed3bc2cc,O3,1103,p3->p4,3,4,480,0.3345222008044482,0.8170188334427071,-0.48249663263825887,0.0,True,True,False,480,378,EVALUATION_BUDGET_EXHAUSTED,1.4432056369259953
task-v2-f5c9b9bdeb27,g-a87f1b9ac089cc45,O0,2207,p3->p4,3,4,120,1.7408967177708676,1.7058474229257679,0.03504929484509978,-2.220446049250313e-16,True,False,True,480,376,EVALUATION_BUDGET_EXHAUSTED,575.7044659946114
task-v2-f5c9b9bdeb27,g-a87f1b9ac089cc45,O0,2207,p3->p4,3,4,240,1.6840641376544156,1.6019511553508694,0.08211298230354624,-1.3322676295501878e-15,True,False,True,480,376,EVALUATION_BUDGET_EXHAUSTED,575.7044659946114
task-v2-f5c9b9bdeb27,g-a87f1b9ac089cc45,O0,2207,p3->p4,3,4,480,1.3011810144925486,1.4756459943534932,-0.17446497986094456,-8.881784197001252e-16,True,True,False,480,376,EVALUATION_BUDGET_EXHAUSTED,575.7044659946114
task-v2-5d31ef4af595,g-bd62d2d752385cc7,O3,2207,p2->p3,2,3,120,0.9373731284063075,0.9977645024904254,-0.06039137408411788,0.0,True,True,False,480,402,EVALUATION_BUDGET_EXHAUSTED,20.59983790293336
task-v2-5d31ef4af595,g-bd62d2d752385cc7,O3,2207,p2->p3,2,3,240,0.93615448502508,0.9205734058432714,0.015581079181808621,0.0,True,False,True,480,402,EVALUATION_BUDGET_EXHAUSTED,20.59983790293336
task-v2-5d31ef4af595,g-bd62d2d752385cc7,O3,2207,p2->p3,2,3,480,0.9319810238088702,0.8320656331747794,0.09991539063409072,0.0,True,False,True,480,402,EVALUATION_BUDGET_EXHAUSTED,20.59983790293336
task-v2-59a464f36e13,g-bd62d2d752385cc7,O0,1103,p3->p4,3,4,120,1.6781624639724833,1.5398282466392452,0.13833421733323803,1.5543122344752192e-15,True,False,True,480,401,EVALUATION_BUDGET_EXHAUSTED,24.672053431160748
task-v2-59a464f36e13,g-bd62d2d752385cc7,O0,1103,p3->p4,3,4,240,1.6558901781360866,1.512105563037056,0.14378461509903073,-3.3306690738754696e-15,True,False,True,480,401,EVALUATION_BUDGET_EXHAUSTED,24.672053431160748
task-v2-59a464f36e13,g-bd62d2d752385cc7,O0,1103,p3->p4,3,4,480,1.5864532309144246,1.4781089557931801,0.10834427512124445,-1.3322676295501878e-15,True,False,True,480,401,EVALUATION_BUDGET_EXHAUSTED,24.672053431160748
task-v2-e442db508705,g-548c8c6335dd2a2e,O0,3301,p2->p3,2,3,120,1.5901899916310487,1.5859046375107642,0.0042853541202845236,0.0,True,False,True,480,404,EVALUATION_BUDGET_EXHAUSTED,0.9724652552977204
task-v2-e442db508705,g-548c8c6335dd2a2e,O0,3301,p2->p3,2,3,240,1.5650867498499965,1.5854946608161637,-0.02040791096616723,0.0,True,True,False,480,404,EVALUATION_BUDGET_EXHAUSTED,0.9724652552977204
task-v2-e442db508705,g-548c8c6335dd2a2e,O0,3301,p2->p3,2,3,480,1.5137418284647162,1.585098042877524,-0.07135621441280793,0.0,True,True,False,480,404,EVALUATION_BUDGET_EXHAUSTED,0.9724652552977204
task-v2-3f11ce371857,g-3ff7063ef9ea5cfb,O3,3301,p3->p4,3,4,120,0.9397373935914234,0.9945408199320058,-0.05480342634058244,0.0,True,True,False,480,387,EVALUATION_BUDGET_EXHAUSTED,28.53822537884116
task-v2-3f11ce371857,g-3ff7063ef9ea5cfb,O3,3301,p3->p4,3,4,240,0.9179265348652857,0.9829030560683882,-0.06497652120310249,0.0,True,True,False,480,387,EVALUATION_BUDGET_EXHAUSTED,28.53822537884116
task-v2-3f11ce371857,g-3ff7063ef9ea5cfb,O3,3301,p3->p4,3,4,480,0.9087593315718386,0.9811323526166555,-0.07237302104481691,0.0,True,True,False,480,387,EVALUATION_BUDGET_EXHAUSTED,28.53822537884116
task-v2-780e1209d403,g-e0c69f84d376b633,O3,1103,p2->p3,2,3,120,0.9098192097899734,1.0689598109758627,-0.15914060118588924,0.0,True,True,False,480,392,EVALUATION_BUDGET_EXHAUSTED,441.2938754213974
task-v2-780e1209d403,g-e0c69f84d376b633,O3,1103,p2->p3,2,3,240,0.8903110667883742,1.0421849393344087,-0.15187387254603446,0.0,True,True,False,480,392,EVALUATION_BUDGET_EXHAUSTED,441.2938754213974
task-v2-780e1209d403,g-e0c69f84d376b633,O3,1103,p2->p3,2,3,480,0.7158698662071274,0.8264216137158027,-0.11055174750867525,0.0,True,True,False,480,392,EVALUATION_BUDGET_EXHAUSTED,441.2938754213974
task-v2-8792ce3c54d5,g-a712031e7959d564,O0,3301,p2->p3,2,3,120,1.4291305822329932,1.7379229998042407,-0.30879241757124753,0.0,True,True,False,480,396,EVALUATION_BUDGET_EXHAUSTED,2.595607778057456
task-v2-8792ce3c54d5,g-a712031e7959d564,O0,3301,p2->p3,2,3,240,1.3807914245373565,1.6404485832492743,-0.25965715871191786,0.0,True,True,False,480,396,EVALUATION_BUDGET_EXHAUSTED,2.595607778057456
task-v2-8792ce3c54d5,g-a712031e7959d564,O0,3301,p2->p3,2,3,480,1.3577185140830126,1.5829163560886748,-0.22519784200566217,0.0,True,True,False,480,396,EVALUATION_BUDGET_EXHAUSTED,2.595607778057456
task-v2-e442db508705,g-548c8c6335dd2a2e,O0,2207,p3->p4,3,4,120,1.8060432631666155,1.9079903580115012,-0.10194709484488573,0.0,True,True,False,480,381,EVALUATION_BUDGET_EXHAUSTED,1.083268136717379
task-v2-e442db508705,g-548c8c6335dd2a2e,O0,2207,p3->p4,3,4,240,1.799977484823824,1.6016020963081838,0.19837538851564007,0.0,True,False,True,480,381,EVALUATION_BUDGET_EXHAUSTED,1.083268136717379
task-v2-e442db508705,g-548c8c6335dd2a2e,O0,2207,p3->p4,3,4,480,1.7926539772959305,1.5868978227223915,0.2057561545735389,0.0,True,False,True,480,381,EVALUATION_BUDGET_EXHAUSTED,1.083268136717379
task-v2-3f11ce371857,g-3ff7063ef9ea5cfb,O0,3301,p3->p4,3,4,120,1.5712199238017415,1.6877089946981132,-0.11648907089637173,2.220446049250313e-16,True,True,False,480,393,EVALUATION_BUDGET_EXHAUSTED,28.831860193051398
task-v2-3f11ce371857,g-3ff7063ef9ea5cfb,O0,3301,p3->p4,3,4,240,1.5322294735008628,1.641033117957306,-0.1088036444564433,-6.661338147750939e-16,True,True,False,480,393,EVALUATION_BUDGET_EXHAUSTED,28.831860193051398
task-v2-3f11ce371857,g-3ff7063ef9ea5cfb,O0,3301,p3->p4,3,4,480,1.491863393559867,1.6087158345994705,-0.11685244103960346,1.7763568394002505e-15,True,True,False,480,393,EVALUATION_BUDGET_EXHAUSTED,28.831860193051398
task-v2-73f419868dc6,g-553bb3c5ba0f2136,O0,1103,p3->p4,3,4,120,1.1094713637283071,1.317743284504712,-0.20827192077640477,0.0,True,True,False,480,366,EVALUATION_BUDGET_EXHAUSTED,1.0427950900048018
task-v2-73f419868dc6,g-553bb3c5ba0f2136,O0,1103,p3->p4,3,4,240,1.0976529828633879,1.3164770199767721,-0.21882403711338427,0.0,True,True,False,480,366,EVALUATION_BUDGET_EXHAUSTED,1.0427950900048018
task-v2-73f419868dc6,g-553bb3c5ba0f2136,O0,1103,p3->p4,3,4,480,1.0930578206060868,1.316353586165572,-0.22329576555948516,0.0,True,True,False,480,366,EVALUATION_BUDGET_EXHAUSTED,1.0427950900048018
task-v2-8c0a098a6f8b,g-a712031e7959d564,O3,1103,p3->p4,3,4,120,0.051872083929542616,0.39293199506951987,-0.34105991113997725,0.0,True,True,False,480,395,EVALUATION_BUDGET_EXHAUSTED,3.310238093137741
task-v2-8c0a098a6f8b,g-a712031e7959d564,O3,1103,p3->p4,3,4,240,0.045158731335012,0.24042225741849527,-0.19526352608348327,0.0,True,True,False,480,395,EVALUATION_BUDGET_EXHAUSTED,3.310238093137741
task-v2-8c0a098a6f8b,g-a712031e7959d564,O3,1103,p3->p4,3,4,480,0.04172229485878492,0.11281734285946088,-0.07109504800067595,0.0,True,True,False,480,395,EVALUATION_BUDGET_EXHAUSTED,3.310238093137741
task-v2-606c43f06406,g-3ff7063ef9ea5cfb,O0,1103,p3->p4,3,4,120,1.524026868165532,1.5024436086007953,0.021583259564736723,-1.5543122344752192e-15,True,False,True,480,404,EVALUATION_BUDGET_EXHAUSTED,29.07534862868488
task-v2-606c43f06406,g-3ff7063ef9ea5cfb,O0,1103,p3->p4,3,4,240,1.5145283313227345,1.4709263716539838,0.04360195966875069,0.0,True,False,True,480,404,EVALUATION_BUDGET_EXHAUSTED,29.07534862868488
task-v2-606c43f06406,g-3ff7063ef9ea5cfb,O0,1103,p3->p4,3,4,480,1.4981938880222683,1.4314838544648607,0.06671003355740757,-2.220446049250313e-16,True,False,True,480,404,EVALUATION_BUDGET_EXHAUSTED,29.07534862868488
task-v2-4e78b3f98433,g-553bb3c5ba0f2136,O3,1103,p2->p3,2,3,120,0.06976744186046512,0.19423106703420545,-0.12446362517374034,0.0,True,True,False,83,60,EARLY_CONVERGENCE,0.15073113981634378
task-v2-4e78b3f98433,g-553bb3c5ba0f2136,O3,1103,p2->p3,2,3,240,0.06976744186046512,0.19420719102936596,-0.12443974916890084,0.0,True,True,False,83,60,EARLY_CONVERGENCE,0.15073113981634378
task-v2-4e78b3f98433,g-553bb3c5ba0f2136,O3,1103,p2->p3,2,3,480,0.06976744186046512,0.19420719102936596,-0.12443974916890084,0.0,True,True,False,83,60,EARLY_CONVERGENCE,0.15073113981634378
task-v2-420d9636beee,g-e0c69f84d376b633,O0,1103,p3->p4,3,4,120,1.7127795552816676,1.572988895386182,0.13979065989548567,6.661338147750939e-16,True,False,True,480,377,EVALUATION_BUDGET_EXHAUSTED,584.1926492322236
task-v2-420d9636beee,g-e0c69f84d376b633,O0,1103,p3->p4,3,4,240,1.6687015396113587,1.508507208703262,0.16019433090809665,-5.773159728050814e-15,True,False,True,480,377,EVALUATION_BUDGET_EXHAUSTED,584.1926492322236
task-v2-420d9636beee,g-e0c69f84d376b633,O0,1103,p3->p4,3,4,480,1.5329060161954624,1.4810531034137802,0.05185291278168225,-3.1086244689504383e-15,True,False,True,480,377,EVALUATION_BUDGET_EXHAUSTED,584.1926492322236
task-v2-8792ce3c54d5,g-a712031e7959d564,O3,2207,p2->p3,2,3,120,0.8091045463868336,0.8046700323525847,0.004434514034248882,0.0,True,False,True,388,302,EARLY_CONVERGENCE,2.1065372368320823
task-v2-8792ce3c54d5,g-a712031e7959d564,O3,2207,p2->p3,2,3,240,0.8022010122066595,0.8031093694594758,-0.0009083572528162387,0.0,True,True,False,388,302,EARLY_CONVERGENCE,2.1065372368320823
task-v2-8792ce3c54d5,g-a712031e7959d564,O3,2207,p2->p3,2,3,480,0.8003337571202355,0.8031071943656857,-0.0027734372454502054,0.0,True,True,False,388,302,EARLY_CONVERGENCE,2.1065372368320823
task-v2-4746dcc3bd93,g-a87f1b9ac089cc45,O3,3301,p3->p4,3,4,120,0.9519209401920747,0.9874623234381034,-0.035541383246028624,0.0,True,True,False,480,410,EVALUATION_BUDGET_EXHAUSTED,613.2128655044362
task-v2-4746dcc3bd93,g-a87f1b9ac089cc45,O3,3301,p3->p4,3,4,240,0.9495393236114361,0.9646840060609236,-0.015144682449487523,0.0,True,True,False,480,410,EVALUATION_BUDGET_EXHAUSTED,613.2128655044362
task-v2-4746dcc3bd93,g-a87f1b9ac089cc45,O3,3301,p3->p4,3,4,480,0.9452523153332272,0.9387713461150322,0.006480969218194965,0.0,True,False,True,480,410,EVALUATION_BUDGET_EXHAUSTED,613.2128655044362
task-v2-f5c9b9bdeb27,g-a87f1b9ac089cc45,O3,3301,p2->p3,2,3,120,0.9592454451452448,1.0974337827088159,-0.13818833756357107,0.0,True,True,False,480,386,EVALUATION_BUDGET_EXHAUSTED,439.2837537880987
task-v2-f5c9b9bdeb27,g-a87f1b9ac089cc45,O3,3301,p2->p3,2,3,240,0.9135201264941959,1.0960235703042098,-0.18250344381001393,0.0,True,True,False,480,386,EVALUATION_BUDGET_EXHAUSTED,439.2837537880987
task-v2-f5c9b9bdeb27,g-a87f1b9ac089cc45,O3,3301,p2->p3,2,3,480,0.8642156647268296,1.09496695033734,-0.2307512856105104,0.0,True,True,False,480,386,EVALUATION_BUDGET_EXHAUSTED,439.2837537880987
task-v2-69173fedcdae,g-8a16a856f5377a40,O0,2207,p2->p3,2,3,120,1.2979051459555473,1.2526343034313916,0.0452708425241557,0.0,True,False,True,480,390,EVALUATION_BUDGET_EXHAUSTED,2.5467480728402734
task-v2-69173fedcdae,g-8a16a856f5377a40,O0,2207,p2->p3,2,3,240,1.274711230739232,1.2403161997235665,0.034395031015665545,0.0,True,False,True,480,390,EVALUATION_BUDGET_EXHAUSTED,2.5467480728402734
task-v2-69173fedcdae,g-8a16a856f5377a40,O0,2207,p2->p3,2,3,480,1.268423421914426,1.2402758116077939,0.028147610306632043,0.0,True,False,True,480,390,EVALUATION_BUDGET_EXHAUSTED,2.5467480728402734
task-v2-e243a3cd3e64,g-bd62d2d752385cc7,O3,2207,p2->p3,2,3,120,0.8807937308603708,0.9058702136586355,-0.025076482798264688,0.0,True,True,False,480,397,EVALUATION_BUDGET_EXHAUSTED,22.840952527709305
task-v2-e243a3cd3e64,g-bd62d2d752385cc7,O3,2207,p2->p3,2,3,240,0.8792031861125839,0.9055999202145737,-0.02639673410198984,0.0,True,True,False,480,397,EVALUATION_BUDGET_EXHAUSTED,22.840952527709305
task-v2-e243a3cd3e64,g-bd62d2d752385cc7,O3,2207,p2->p3,2,3,480,0.8730926785375157,0.9050288535617257,-0.03193617502420998,0.0,True,True,False,480,397,EVALUATION_BUDGET_EXHAUSTED,22.840952527709305
task-v2-3cd2eda112d3,g-6aa6775bed3bc2cc,O3,3301,p2->p3,2,3,120,0.6403386201636824,0.8134327529818054,-0.17309413281812303,0.0,True,True,False,480,397,EVALUATION_BUDGET_EXHAUSTED,1.2438726527616382
task-v2-3cd2eda112d3,g-6aa6775bed3bc2cc,O3,3301,p2->p3,2,3,240,0.6388354633364275,0.8130026750198013,-0.1741672116833738,0.0,True,True,False,480,397,EVALUATION_BUDGET_EXHAUSTED,1.2438726527616382
task-v2-3cd2eda112d3,g-6aa6775bed3bc2cc,O3,3301,p2->p3,2,3,480,0.6379730615927682,0.8125962847851476,-0.17462322319237933,0.0,True,True,False,480,397,EVALUATION_BUDGET_EXHAUSTED,1.2438726527616382
task-v2-3f363bac5736,g-60667963f6db3f1b,O3,1103,p2->p3,2,3,120,1.025046505332027,0.9543127500983506,0.07073375523367642,0.0,True,False,True,480,398,EVALUATION_BUDGET_EXHAUSTED,1.2422337057068944
task-v2-3f363bac5736,g-60667963f6db3f1b,O3,1103,p2->p3,2,3,240,1.0239963361130473,0.8716626052452301,0.1523337308678172,0.0,True,False,True,480,398,EVALUATION_BUDGET_EXHAUSTED,1.2422337057068944
task-v2-3f363bac5736,g-60667963f6db3f1b,O3,1103,p2->p3,2,3,480,1.0232329617584206,0.7824587660490903,0.24077419570933034,0.0,True,False,True,480,398,EVALUATION_BUDGET_EXHAUSTED,1.2422337057068944
task-v2-73f419868dc6,g-553bb3c5ba0f2136,O3,3301,p2->p3,2,3,120,0.046511627906976744,0.05865231871948392,-0.012140690812507175,0.0,True,True,False,35,25,EARLY_CONVERGENCE,0.054470838978886604
task-v2-73f419868dc6,g-553bb3c5ba0f2136,O3,3301,p2->p3,2,3,240,0.046511627906976744,0.058603101960347445,-0.012091474053370702,0.0,True,True,False,35,25,EARLY_CONVERGENCE,0.054470838978886604
task-v2-73f419868dc6,g-553bb3c5ba0f2136,O3,3301,p2->p3,2,3,480,0.046511627906976744,0.058489330262585314,-0.01197770235560857,0.0,True,True,False,35,25,EARLY_CONVERGENCE,0.054470838978886604
task-v2-8c0a098a6f8b,g-a712031e7959d564,O0,3301,p3->p4,3,4,120,1.4177234542300665,1.546679894519812,-0.1289564402897454,0.0,True,True,False,480,385,EVALUATION_BUDGET_EXHAUSTED,3.2221680004149675
task-v2-8c0a098a6f8b,g-a712031e7959d564,O0,3301,p3->p4,3,4,240,1.3882982384756746,1.5364726533433029,-0.14817441486762828,0.0,True,True,False,480,385,EVALUATION_BUDGET_EXHAUSTED,3.2221680004149675
task-v2-8c0a098a6f8b,g-a712031e7959d564,O0,3301,p3->p4,3,4,480,1.2595517805871124,1.5189708859924038,-0.25941910540529145,0.0,True,True,False,480,385,EVALUATION_BUDGET_EXHAUSTED,3.2221680004149675
task-v2-3f363bac5736,g-60667963f6db3f1b,O0,2207,p2->p3,2,3,120,1.761133895802486,1.9030316131014482,-0.14189771729896217,0.0,True,True,False,480,390,EVALUATION_BUDGET_EXHAUSTED,1.1794416224583983
task-v2-3f363bac5736,g-60667963f6db3f1b,O0,2207,p2->p3,2,3,240,1.7344736617572085,1.746014186090127,-0.011540524332918523,0.0,True,True,False,480,390,EVALUATION_BUDGET_EXHAUSTED,1.1794416224583983
task-v2-3f363bac5736,g-60667963f6db3f1b,O0,2207,p2->p3,2,3,480,1.722456176749335,1.7311466759881327,-0.008690499238797722,0.0,True,True,False,480,390,EVALUATION_BUDGET_EXHAUSTED,1.1794416224583983
task-v2-e243a3cd3e64,g-bd62d2d752385cc7,O3,3301,p3->p4,3,4,120,0.7126658473281159,0.9251845195166317,-0.21251867218851583,0.0,True,True,False,480,397,EVALUATION_BUDGET_EXHAUSTED,29.414301165379584
task-v2-e243a3cd3e64,g-bd62d2d752385cc7,O3,3301,p3->p4,3,4,240,0.6908955584821086,0.7487007824737203,-0.0578052239916117,0.0,True,True,False,480,397,EVALUATION_BUDGET_EXHAUSTED,29.414301165379584
task-v2-e243a3cd3e64,g-bd62d2d752385cc7,O3,3301,p3->p4,3,4,480,0.674673687591852,0.7469515735743566,-0.07227788598250462,0.0,True,True,False,480,397,EVALUATION_BUDGET_EXHAUSTED,29.414301165379584
task-v2-f5c9b9bdeb27,g-a87f1b9ac089cc45,O0,1103,p3->p4,3,4,120,1.4474887651229205,1.3126185126914598,0.13487025243146067,1.1102230246251565e-15,True,False,True,480,373,EVALUATION_BUDGET_EXHAUSTED,563.2015485521406
task-v2-f5c9b9bdeb27,g-a87f1b9ac089cc45,O0,1103,p3->p4,3,4,240,1.4202448832195174,1.3118330259853423,0.10841185723417501,4.440892098500626e-16,True,False,True,480,373,EVALUATION_BUDGET_EXHAUSTED,563.2015485521406
task-v2-f5c9b9bdeb27,g-a87f1b9ac089cc45,O0,1103,p3->p4,3,4,480,1.3888278298213035,1.3111956979094312,0.07763213191187224,8.881784197001252e-16,True,False,True,480,373,EVALUATION_BUDGET_EXHAUSTED,563.2015485521406
task-v2-f5c9b9bdeb27,g-a87f1b9ac089cc45,O0,3301,p2->p3,2,3,120,1.483329853566654,1.84046942102953,-0.3571395674628761,-4.440892098500626e-16,True,True,False,480,394,EVALUATION_BUDGET_EXHAUSTED,441.70237758755684
task-v2-f5c9b9bdeb27,g-a87f1b9ac089cc45,O0,3301,p2->p3,2,3,240,1.360203198051054,1.839463158145626,-0.47925996009457195,2.220446049250313e-16,True,True,False,480,394,EVALUATION_BUDGET_EXHAUSTED,441.70237758755684
task-v2-f5c9b9bdeb27,g-a87f1b9ac089cc45,O0,3301,p2->p3,2,3,480,1.3163765802535505,1.8394134308358985,-0.523036850582348,6.661338147750939e-16,True,True,False,480,394,EVALUATION_BUDGET_EXHAUSTED,441.70237758755684
task-v2-3f363bac5736,g-60667963f6db3f1b,O0,1103,p3->p4,3,4,120,1.5100091991432476,1.7348423196764922,-0.22483312053324456,0.0,True,True,False,480,375,EVALUATION_BUDGET_EXHAUSTED,1.3710102019831538
task-v2-3f363bac5736,g-60667963f6db3f1b,O0,1103,p3->p4,3,4,240,1.4843895855386624,1.7124630274188644,-0.22807344188020195,0.0,True,True,False,480,375,EVALUATION_BUDGET_EXHAUSTED,1.3710102019831538
task-v2-3f363bac5736,g-60667963f6db3f1b,O0,1103,p3->p4,3,4,480,1.4723011733437217,1.6527615272740146,-0.18046035393029292,0.0,True,True,False,480,375,EVALUATION_BUDGET_EXHAUSTED,1.3710102019831538
task-v2-420d9636beee,g-e0c69f84d376b633,O3,2207,p2->p3,2,3,120,1.0151530054596039,1.0486279304828043,-0.033474925023200486,0.0,True,True,False,480,406,EVALUATION_BUDGET_EXHAUSTED,445.96448438055813
task-v2-420d9636beee,g-e0c69f84d376b633,O3,2207,p2->p3,2,3,240,1.011974273965967,1.0225385939698057,-0.010564320003838779,0.0,True,True,False,480,406,EVALUATION_BUDGET_EXHAUSTED,445.96448438055813
task-v2-420d9636beee,g-e0c69f84d376b633,O3,2207,p2->p3,2,3,480,1.0089840207865697,0.997353454362583,0.011630566423986632,0.0,True,False,True,480,406,EVALUATION_BUDGET_EXHAUSTED,445.96448438055813
task-v2-3f363bac5736,g-60667963f6db3f1b,O3,1103,p3->p4,3,4,120,0.7831658454036374,1.025046505332027,-0.24188065992838959,0.0,True,True,False,480,383,EVALUATION_BUDGET_EXHAUSTED,1.4323889603838325
task-v2-3f363bac5736,g-60667963f6db3f1b,O3,1103,p3->p4,3,4,240,0.7007516642516879,1.0239963361130473,-0.3232446718613594,0.0,True,True,False,480,383,EVALUATION_BUDGET_EXHAUSTED,1.4323889603838325
task-v2-3f363bac5736,g-60667963f6db3f1b,O3,1103,p3->p4,3,4,480,0.6576044783641662,1.0232329617584206,-0.36562848339425436,0.0,True,True,False,480,383,EVALUATION_BUDGET_EXHAUSTED,1.4323889603838325
task-v2-59a464f36e13,g-bd62d2d752385cc7,O0,3301,p2->p3,2,3,120,1.5541186313604887,1.9172856314078714,-0.3631670000473828,8.881784197001252e-16,True,True,False,480,392,EVALUATION_BUDGET_EXHAUSTED,19.48828695807606
task-v2-59a464f36e13,g-bd62d2d752385cc7,O0,3301,p2->p3,2,3,240,1.4715957315266013,1.7886858890074304,-0.31709015748082914,6.661338147750939e-16,True,True,False,480,392,EVALUATION_BUDGET_EXHAUSTED,19.48828695807606
task-v2-59a464f36e13,g-bd62d2d752385cc7,O0,3301,p2->p3,2,3,480,1.4201124692985623,1.6506592391410906,-0.2305467698425283,0.0,True,True,False,480,392,EVALUATION_BUDGET_EXHAUSTED,19.48828695807606
task-v2-69173fedcdae,g-8a16a856f5377a40,O3,1103,p2->p3,2,3,120,0.31003722284267704,1.0602515998569535,-0.7502143770142764,0.0,True,True,False,480,398,EVALUATION_BUDGET_EXHAUSTED,2.661376480013132
task-v2-69173fedcdae,g-8a16a856f5377a40,O3,1103,p2->p3,2,3,240,0.2948488626210876,1.04517528207855,-0.7503264194574624,0.0,True,True,False,480,398,EVALUATION_BUDGET_EXHAUSTED,2.661376480013132
task-v2-69173fedcdae,g-8a16a856f5377a40,O3,1103,p2->p3,2,3,480,0.2872519730391676,1.0394526010857155,-0.7522006280465479,0.0,True,True,False,480,398,EVALUATION_BUDGET_EXHAUSTED,2.661376480013132
task-v2-8c0a098a6f8b,g-a712031e7959d564,O0,2207,p3->p4,3,4,120,1.4982411015288406,1.288536032813746,0.20970506871509453,0.0,True,False,True,480,399,EVALUATION_BUDGET_EXHAUSTED,3.2703025862574577
task-v2-8c0a098a6f8b,g-a712031e7959d564,O0,2207,p3->p4,3,4,240,1.4513350212830196,1.2690570532884355,0.18227796799458407,0.0,True,False,True,480,399,EVALUATION_BUDGET_EXHAUSTED,3.2703025862574577
task-v2-8c0a098a6f8b,g-a712031e7959d564,O0,2207,p3->p4,3,4,480,1.4209650991274256,1.2581537241920056,0.16281137493542008,0.0,True,False,True,480,399,EVALUATION_BUDGET_EXHAUSTED,3.2703025862574577
task-v2-4d2b9f5eb099,g-6aa6775bed3bc2cc,O3,2207,p2->p3,2,3,120,1.0117471438377712,0.8090271085126012,0.20272003532517002,0.0,True,False,True,480,394,EVALUATION_BUDGET_EXHAUSTED,1.286247592419386
task-v2-4d2b9f5eb099,g-6aa6775bed3bc2cc,O3,2207,p2->p3,2,3,240,0.6932241391092314,0.7843594884313394,-0.09113534932210798,0.0,True,True,False,480,394,EVALUATION_BUDGET_EXHAUSTED,1.286247592419386
task-v2-4d2b9f5eb099,g-6aa6775bed3bc2cc,O3,2207,p2->p3,2,3,480,0.6898285424440609,0.6979530632937005,-0.00812452084963966,0.0,True,True,False,480,394,EVALUATION_BUDGET_EXHAUSTED,1.286247592419386
task-v2-ce7fc44fc7b5,g-548c8c6335dd2a2e,O3,3301,p2->p3,2,3,120,0.023255813953488372,0.023255813953488372,0.0,0.0,True,True,False,38,27,EARLY_CONVERGENCE,0.05775068141520023
task-v2-ce7fc44fc7b5,g-548c8c6335dd2a2e,O3,3301,p2->p3,2,3,240,0.023255813953488372,0.023255813953488372,0.0,0.0,True,True,False,38,27,EARLY_CONVERGENCE,0.05775068141520023
task-v2-ce7fc44fc7b5,g-548c8c6335dd2a2e,O3,3301,p2->p3,2,3,480,0.023255813953488372,0.023255813953488372,0.0,0.0,True,True,False,38,27,EARLY_CONVERGENCE,0.05775068141520023
task-v2-f5c9b9bdeb27,g-a87f1b9ac089cc45,O0,2207,p2->p3,2,3,120,1.705847422925768,1.4260892254335373,0.27975819749223074,-2.220446049250313e-16,True,False,True,480,388,EVALUATION_BUDGET_EXHAUSTED,469.87087620422244
task-v2-f5c9b9bdeb27,g-a87f1b9ac089cc45,O0,2207,p2->p3,2,3,240,1.6019511553508707,1.3372966400053417,0.2646545153455291,1.5543122344752192e-15,True,False,True,480,388,EVALUATION_BUDGET_EXHAUSTED,469.87087620422244
task-v2-f5c9b9bdeb27,g-a87f1b9ac089cc45,O0,2207,p2->p3,2,3,480,1.475645994353494,1.3247507441018602,0.15089525025163386,6.661338147750939e-16,True,False,True,480,388,EVALUATION_BUDGET_EXHAUSTED,469.87087620422244
task-v2-b5e00db3fe1a,g-3ff7063ef9ea5cfb,O0,3301,p2->p3,2,3,120,1.5318314750721744,1.8542611656505144,-0.3224296905783399,0.0,True,True,False,480,388,EVALUATION_BUDGET_EXHAUSTED,20.426495600491762
task-v2-b5e00db3fe1a,g-3ff7063ef9ea5cfb,O0,3301,p2->p3,2,3,240,1.4994756326210124,1.8381185854033428,-0.3386429527823305,-4.440892098500626e-16,True,True,False,480,388,EVALUATION_BUDGET_EXHAUSTED,20.426495600491762
task-v2-b5e00db3fe1a,g-3ff7063ef9ea5cfb,O0,3301,p2->p3,2,3,480,1.335540551205501,1.8335420744358386,-0.49800152323033764,-4.440892098500626e-16,True,True,False,480,388,EVALUATION_BUDGET_EXHAUSTED,20.426495600491762
task-v2-4d2b9f5eb099,g-6aa6775bed3bc2cc,O3,3301,p2->p3,2,3,120,0.839573038404286,1.1078439227709835,-0.26827088436669755,0.0,True,True,False,480,400,EVALUATION_BUDGET_EXHAUSTED,1.23185399081558
task-v2-4d2b9f5eb099,g-6aa6775bed3bc2cc,O3,3301,p2->p3,2,3,240,0.7819657012446213,1.1073787811234252,-0.32541307987880397,0.0,True,True,False,480,400,EVALUATION_BUDGET_EXHAUSTED,1.23185399081558
task-v2-4d2b9f5eb099,g-6aa6775bed3bc2cc,O3,3301,p2->p3,2,3,480,0.75680334019543,1.1070700797555226,-0.3502667395600926,0.0,True,True,False,480,400,EVALUATION_BUDGET_EXHAUSTED,1.23185399081558
task-v2-f4789f22d2c1,g-6aa6775bed3bc2cc,O3,2207,p2->p3,2,3,120,0.4404465775057704,0.47897646352136364,-0.03852988601559326,0.0,True,True,False,468,390,EARLY_CONVERGENCE,1.2322887070477009
task-v2-f4789f22d2c1,g-6aa6775bed3bc2cc,O3,2207,p2->p3,2,3,240,0.23368140210482885,0.17477764686797892,0.05890375523684993,0.0,True,False,True,468,390,EARLY_CONVERGENCE,1.2322887070477009
task-v2-f4789f22d2c1,g-6aa6775bed3bc2cc,O3,2207,p2->p3,2,3,480,0.0755813953488372,0.09510995264805813,-0.019528557299220928,0.0,True,True,False,468,390,EARLY_CONVERGENCE,1.2322887070477009
task-v2-e442db508705,g-548c8c6335dd2a2e,O3,1103,p3->p4,3,4,120,0.16086545542612202,0.45965581560461466,-0.29879036017849264,0.0,True,True,False,230,192,EARLY_CONVERGENCE,0.5406568758189678
task-v2-e442db508705,g-548c8c6335dd2a2e,O3,1103,p3->p4,3,4,240,0.023255813953488372,0.44649050760836845,-0.4232346936548801,0.0,True,True,False,230,192,EARLY_CONVERGENCE,0.5406568758189678
task-v2-e442db508705,g-548c8c6335dd2a2e,O3,1103,p3->p4,3,4,480,0.023255813953488372,0.4374416738255767,-0.41418585987208834,0.0,True,True,False,230,192,EARLY_CONVERGENCE,0.5406568758189678
task-v2-3cd2eda112d3,g-6aa6775bed3bc2cc,O0,1103,p2->p3,2,3,120,1.4815563408147296,1.4826812389545612,-0.0011248981398315205,0.0,True,True,False,480,385,EVALUATION_BUDGET_EXHAUSTED,1.1870563896372914
task-v2-3cd2eda112d3,g-6aa6775bed3bc2cc,O0,1103,p2->p3,2,3,240,1.4609165377425868,1.4826736068406765,-0.02175706909808972,0.0,True,True,False,480,385,EVALUATION_BUDGET_EXHAUSTED,1.1870563896372914
task-v2-3cd2eda112d3,g-6aa6775bed3bc2cc,O0,1103,p2->p3,2,3,480,1.4325762530622967,1.4826736068406765,-0.05009735377837976,0.0,True,True,False,480,385,EVALUATION_BUDGET_EXHAUSTED,1.1870563896372914
task-v2-4e78b3f98433,g-553bb3c5ba0f2136,O0,2207,p3->p4,3,4,120,1.910289228556673,1.6268266183446116,0.2834626102120614,0.0,True,False,True,480,411,EVALUATION_BUDGET_EXHAUSTED,1.1801087511703372
task-v2-4e78b3f98433,g-553bb3c5ba0f2136,O0,2207,p3->p4,3,4,240,1.9089304651844912,1.6199873152304538,0.28894314995403736,0.0,True,False,True,480,411,EVALUATION_BUDGET_EXHAUSTED,1.1801087511703372
task-v2-4e78b3f98433,g-553bb3c5ba0f2136,O0,2207,p3->p4,3,4,480,1.8552859770124313,1.6198826043073131,0.23540337270511813,0.0,True,False,True,480,411,EVALUATION_BUDGET_EXHAUSTED,1.1801087511703372
task-v2-606c43f06406,g-3ff7063ef9ea5cfb,O3,3301,p3->p4,3,4,120,0.8565259993088126,0.9337990950139063,-0.07727309570509378,0.0,True,True,False,480,391,EVALUATION_BUDGET_EXHAUSTED,30.090403797104955
task-v2-606c43f06406,g-3ff7063ef9ea5cfb,O3,3301,p3->p4,3,4,240,0.8510782587963547,0.9294147744488555,-0.07833651565250077,0.0,True,True,False,480,391,EVALUATION_BUDGET_EXHAUSTED,30.090403797104955
task-v2-606c43f06406,g-3ff7063ef9ea5cfb,O3,3301,p3->p4,3,4,480,0.8405519233808082,0.9282831399946068,-0.08773121661379857,0.0,True,True,False,480,391,EVALUATION_BUDGET_EXHAUSTED,30.090403797104955
task-v2-4968f3a685c2,g-8a16a856f5377a40,O0,1103,p3->p4,3,4,120,1.49636125554013,1.4040450075189717,0.09231624802115834,0.0,True,False,True,480,395,EVALUATION_BUDGET_EXHAUSTED,3.2840593410655856
task-v2-4968f3a685c2,g-8a16a856f5377a40,O0,1103,p3->p4,3,4,240,1.4869153842093108,1.371948301986846,0.11496708222246488,0.0,True,False,True,480,395,EVALUATION_BUDGET_EXHAUSTED,3.2840593410655856
task-v2-4968f3a685c2,g-8a16a856f5377a40,O0,1103,p3->p4,3,4,480,1.4760301565375338,1.341953405992758,0.13407675054477575,0.0,True,False,True,480,395,EVALUATION_BUDGET_EXHAUSTED,3.2840593410655856
task-v2-f4789f22d2c1,g-6aa6775bed3bc2cc,O3,1103,p2->p3,2,3,120,0.8376283297148094,0.8410541842936522,-0.003425854578842813,0.0,True,True,False,480,400,EVALUATION_BUDGET_EXHAUSTED,1.267162287607789
task-v2-f4789f22d2c1,g-6aa6775bed3bc2cc,O3,1103,p2->p3,2,3,240,0.8282308477019452,0.8270476768976087,0.0011831708043364975,0.0,True,False,True,480,400,EVALUATION_BUDGET_EXHAUSTED,1.267162287607789
task-v2-f4789f22d2c1,g-6aa6775bed3bc2cc,O3,1103,p2->p3,2,3,480,0.8170188334427071,0.8167971105409312,0.00022172290177591147,0.0,True,False,True,480,400,EVALUATION_BUDGET_EXHAUSTED,1.267162287607789
task-v2-e243a3cd3e64,g-bd62d2d752385cc7,O0,2207,p3->p4,3,4,120,1.3581478220369612,1.2146434975756453,0.1435043244613159,-8.881784197001252e-16,True,False,True,480,387,EVALUATION_BUDGET_EXHAUSTED,28.785313374362886
task-v2-e243a3cd3e64,g-bd62d2d752385cc7,O0,2207,p3->p4,3,4,240,1.2945236668786118,1.1928137130218355,0.10170995385677628,2.220446049250313e-16,True,False,True,480,387,EVALUATION_BUDGET_EXHAUSTED,28.785313374362886
task-v2-e243a3cd3e64,g-bd62d2d752385cc7,O0,2207,p3->p4,3,4,480,1.2236127867397255,1.1852488053861234,0.038363981353602084,6.661338147750939e-16,True,False,True,480,387,EVALUATION_BUDGET_EXHAUSTED,28.785313374362886
task-v2-b5e00db3fe1a,g-3ff7063ef9ea5cfb,O3,2207,p2->p3,2,3,120,0.8541546677009894,0.8826089315631142,-0.028454263862124796,0.0,True,True,False,480,394,EVALUATION_BUDGET_EXHAUSTED,23.29316809773445
task-v2-b5e00db3fe1a,g-3ff7063ef9ea5cfb,O3,2207,p2->p3,2,3,240,0.8540223004233758,0.8812959032189929,-0.02727360279561708,0.0,True,True,False,480,394,EVALUATION_BUDGET_EXHAUSTED,23.29316809773445
task-v2-b5e00db3fe1a,g-3ff7063ef9ea5cfb,O3,2207,p2->p3,2,3,480,0.8538441638091123,0.8805278382613819,-0.0266836744522696,0.0,True,True,False,480,394,EVALUATION_BUDGET_EXHAUSTED,23.29316809773445
task-v2-e243a3cd3e64,g-bd62d2d752385cc7,O0,2207,p2->p3,2,3,120,1.2146434975756462,1.5625791316690603,-0.3479356340934141,0.0,True,True,False,480,393,EVALUATION_BUDGET_EXHAUSTED,20.20741538144648
task-v2-e243a3cd3e64,g-bd62d2d752385cc7,O0,2207,p2->p3,2,3,240,1.1928137130218353,1.3325862553747303,-0.13977254235289505,1.3322676295501878e-15,True,True,False,480,393,EVALUATION_BUDGET_EXHAUSTED,20.20741538144648
task-v2-e243a3cd3e64,g-bd62d2d752385cc7,O0,2207,p2->p3,2,3,480,1.1852488053861228,1.305720328310838,-0.1204715229247153,1.3322676295501878e-15,True,True,False,480,393,EVALUATION_BUDGET_EXHAUSTED,20.20741538144648
task-v2-8c0a098a6f8b,g-a712031e7959d564,O0,2207,p2->p3,2,3,120,1.288536032813746,1.285037471286362,0.0034985615273841475,0.0,True,False,True,480,394,EVALUATION_BUDGET_EXHAUSTED,2.6892075585201383
task-v2-8c0a098a6f8b,g-a712031e7959d564,O0,2207,p2->p3,2,3,240,1.2690570532884355,1.2407192677339827,0.028337785554452877,0.0,True,False,True,480,394,EVALUATION_BUDGET_EXHAUSTED,2.6892075585201383
task-v2-8c0a098a6f8b,g-a712031e7959d564,O0,2207,p2->p3,2,3,480,1.2581537241920056,1.2402838607347155,0.017869863457290025,0.0,True,False,True,480,394,EVALUATION_BUDGET_EXHAUSTED,2.6892075585201383
task-v2-606c43f06406,g-3ff7063ef9ea5cfb,O0,3301,p2->p3,2,3,120,1.546078419678107,1.7534503633445615,-0.2073719436664545,0.0,True,True,False,480,381,EVALUATION_BUDGET_EXHAUSTED,20.726353275589645
task-v2-606c43f06406,g-3ff7063ef9ea5cfb,O0,3301,p2->p3,2,3,240,1.507727677140782,1.5821709730285347,-0.07444329588775278,0.0,True,True,False,480,381,EVALUATION_BUDGET_EXHAUSTED,20.726353275589645
task-v2-606c43f06406,g-3ff7063ef9ea5cfb,O0,3301,p2->p3,2,3,480,1.4537118698229734,1.5054919246080565,-0.051780054785083074,-4.440892098500626e-16,True,True,False,480,381,EVALUATION_BUDGET_EXHAUSTED,20.726353275589645
task-v2-3f363bac5736,g-60667963f6db3f1b,O0,1103,p2->p3,2,3,120,1.7348423196764922,1.9381026073324488,-0.2032602876559566,0.0,True,True,False,480,402,EVALUATION_BUDGET_EXHAUSTED,1.2294178837910295
task-v2-3f363bac5736,g-60667963f6db3f1b,O0,1103,p2->p3,2,3,240,1.7124630274188644,1.9369493283941788,-0.2244863009753144,0.0,True,True,False,480,402,EVALUATION_BUDGET_EXHAUSTED,1.2294178837910295
task-v2-3f363bac5736,g-60667963f6db3f1b,O0,1103,p2->p3,2,3,480,1.6527615272740146,1.9367512911606781,-0.2839897638866635,0.0,True,True,False,480,402,EVALUATION_BUDGET_EXHAUSTED,1.2294178837910295
task-v2-73f419868dc6,g-553bb3c5ba0f2136,O0,1103,p2->p3,2,3,120,1.317743284504712,1.1641645089124721,0.15357877559223976,0.0,True,False,True,480,394,EVALUATION_BUDGET_EXHAUSTED,0.9793297164142132
task-v2-73f419868dc6,g-553bb3c5ba0f2136,O0,1103,p2->p3,2,3,240,1.3164770199767721,1.1638823180940956,0.15259470188267654,0.0,True,False,True,480,394,EVALUATION_BUDGET_EXHAUSTED,0.9793297164142132
task-v2-73f419868dc6,g-553bb3c5ba0f2136,O0,1103,p2->p3,2,3,480,1.316353586165572,1.162473474399186,0.15388011176638594,0.0,True,False,True,480,394,EVALUATION_BUDGET_EXHAUSTED,0.9793297164142132
task-v2-4968f3a685c2,g-8a16a856f5377a40,O3,1103,p2->p3,2,3,120,0.9665633186388631,1.0471450228167263,-0.08058170417786314,0.0,True,True,False,480,384,EVALUATION_BUDGET_EXHAUSTED,2.739497813396156
task-v2-4968f3a685c2,g-8a16a856f5377a40,O3,1103,p2->p3,2,3,240,0.9662890089595351,1.0232543923034276,-0.05696538334389256,0.0,True,True,False,480,384,EVALUATION_BUDGET_EXHAUSTED,2.739497813396156
task-v2-4968f3a685c2,g-8a16a856f5377a40,O3,1103,p2->p3,2,3,480,0.9661598465926398,0.9321274956684895,0.034032350924150245,0.0,True,False,True,480,384,EVALUATION_BUDGET_EXHAUSTED,2.739497813396156
task-v2-ce7fc44fc7b5,g-548c8c6335dd2a2e,O0,1103,p3->p4,3,4,120,1.2315703883398148,1.4671321646578535,-0.23556177631803865,0.0,True,True,False,480,390,EVALUATION_BUDGET_EXHAUSTED,1.115552457049489
task-v2-ce7fc44fc7b5,g-548c8c6335dd2a2e,O0,1103,p3->p4,3,4,240,1.1972469682564504,1.4658606234371794,-0.268613655180729,0.0,True,True,False,480,390,EVALUATION_BUDGET_EXHAUSTED,1.115552457049489
task-v2-ce7fc44fc7b5,g-548c8c6335dd2a2e,O0,1103,p3->p4,3,4,480,1.1811494131742741,1.4596568954652251,-0.278507482290951,0.0,True,True,False,480,390,EVALUATION_BUDGET_EXHAUSTED,1.115552457049489
task-v2-3f363bac5736,g-60667963f6db3f1b,O3,2207,p2->p3,2,3,120,0.9106530603208459,0.7884814071536567,0.12217165316718925,0.0,True,False,True,480,404,EVALUATION_BUDGET_EXHAUSTED,1.2642791029065847
task-v2-3f363bac5736,g-60667963f6db3f1b,O3,2207,p2->p3,2,3,240,0.8991662060885115,0.7850203086009586,0.11414589748755288,0.0,True,False,True,480,404,EVALUATION_BUDGET_EXHAUSTED,1.2642791029065847
task-v2-3f363bac5736,g-60667963f6db3f1b,O3,2207,p2->p3,2,3,480,0.8869891253443831,0.7844708318186697,0.1025182935257134,0.0,True,False,True,480,404,EVALUATION_BUDGET_EXHAUSTED,1.2642791029065847
task-v2-4d2b9f5eb099,g-6aa6775bed3bc2cc,O0,2207,p3->p4,3,4,120,1.6040948572565359,1.7489341353968695,-0.1448392781403336,0.0,True,True,False,480,390,EVALUATION_BUDGET_EXHAUSTED,1.4986567506566644
task-v2-4d2b9f5eb099,g-6aa6775bed3bc2cc,O0,2207,p3->p4,3,4,240,1.5920748332806103,1.7067119594514222,-0.1146371261708119,0.0,True,True,False,480,390,EVALUATION_BUDGET_EXHAUSTED,1.4986567506566644
task-v2-4d2b9f5eb099,g-6aa6775bed3bc2cc,O0,2207,p3->p4,3,4,480,1.5842515435057574,1.6972484403337527,-0.1129968968279953,0.0,True,True,False,480,390,EVALUATION_BUDGET_EXHAUSTED,1.4986567506566644
task-v2-3cd2eda112d3,g-6aa6775bed3bc2cc,O3,3301,p3->p4,3,4,120,0.0913746573710816,0.6403386201636824,-0.5489639627926007,0.0,True,True,False,480,386,EVALUATION_BUDGET_EXHAUSTED,1.4439636953175068
task-v2-3cd2eda112d3,g-6aa6775bed3bc2cc,O3,3301,p3->p4,3,4,240,0.09022179316507083,0.6388354633364275,-0.5486136701713566,0.0,True,True,False,480,386,EVALUATION_BUDGET_EXHAUSTED,1.4439636953175068
task-v2-3cd2eda112d3,g-6aa6775bed3bc2cc,O3,3301,p3->p4,3,4,480,0.08980660749441874,0.6379730615927682,-0.5481664540983495,0.0,True,True,False,480,386,EVALUATION_BUDGET_EXHAUSTED,1.4439636953175068
task-v2-420d9636beee,g-e0c69f84d376b633,O3,1103,p2->p3,2,3,120,1.0184924635535857,1.0294787432531454,-0.010986279699559676,0.0,True,True,False,382,301,EARLY_CONVERGENCE,359.95247594174
task-v2-420d9636beee,g-e0c69f84d376b633,O3,1103,p2->p3,2,3,240,1.0171233066560919,1.0229778058998151,-0.005854499243723277,0.0,True,True,False,382,301,EARLY_CONVERGENCE,359.95247594174
task-v2-420d9636beee,g-e0c69f84d376b633,O3,1103,p2->p3,2,3,480,1.0081795380863727,1.0170706695265517,-0.008891131440178945,0.0,True,True,False,382,301,EARLY_CONVERGENCE,359.95247594174
task-v2-73f419868dc6,g-553bb3c5ba0f2136,O0,3301,p2->p3,2,3,120,1.3251717992922463,1.6864717669736153,-0.36129996768136907,0.0,True,True,False,480,396,EVALUATION_BUDGET_EXHAUSTED,0.9536807527765632
task-v2-73f419868dc6,g-553bb3c5ba0f2136,O0,3301,p2->p3,2,3,240,1.2646859034540303,1.6820149212387276,-0.41732901778469733,0.0,True,True,False,480,396,EVALUATION_BUDGET_EXHAUSTED,0.9536807527765632
task-v2-73f419868dc6,g-553bb3c5ba0f2136,O0,3301,p2->p3,2,3,480,1.2435509068194623,1.391527696723585,-0.14797678990412266,0.0,True,True,False,480,396,EVALUATION_BUDGET_EXHAUSTED,0.9536807527765632
task-v2-8c0a098a6f8b,g-a712031e7959d564,O3,3301,p2->p3,2,3,120,0.08443275122827223,0.8139936201707471,-0.7295608689424748,0.0,True,True,False,480,392,EVALUATION_BUDGET_EXHAUSTED,2.7173045724630356
task-v2-8c0a098a6f8b,g-a712031e7959d564,O3,3301,p2->p3,2,3,240,0.0776960028108948,0.7863626910730409,-0.7086666882621461,0.0,True,True,False,480,392,EVALUATION_BUDGET_EXHAUSTED,2.7173045724630356
task-v2-8c0a098a6f8b,g-a712031e7959d564,O3,3301,p2->p3,2,3,480,0.06803029274619958,0.7819667990571982,-0.7139365063109987,0.0,True,True,False,480,392,EVALUATION_BUDGET_EXHAUSTED,2.7173045724630356
task-v2-e442db508705,g-548c8c6335dd2a2e,O3,2207,p3->p4,3,4,120,0.023255813953488372,0.47285056089923483,-0.44959474694574647,0.0,True,True,False,42,29,EARLY_CONVERGENCE,0.07377978786826134
task-v2-e442db508705,g-548c8c6335dd2a2e,O3,2207,p3->p4,3,4,240,0.023255813953488372,0.4000816062233131,-0.37682579226982477,0.0,True,True,False,42,29,EARLY_CONVERGENCE,0.07377978786826134
task-v2-e442db508705,g-548c8c6335dd2a2e,O3,2207,p3->p4,3,4,480,0.023255813953488372,0.023255813953488372,0.0,0.0,True,True,False,42,29,EARLY_CONVERGENCE,0.07377978786826134
task-v2-f4789f22d2c1,g-6aa6775bed3bc2cc,O0,3301,p3->p4,3,4,120,1.42694192875478,1.5557881264784499,-0.1288461977236699,0.0,True,True,False,480,380,EVALUATION_BUDGET_EXHAUSTED,1.4016974261030555
task-v2-f4789f22d2c1,g-6aa6775bed3bc2cc,O0,3301,p3->p4,3,4,240,1.405438853013827,1.5365820676749613,-0.1311432146611342,0.0,True,True,False,480,380,EVALUATION_BUDGET_EXHAUSTED,1.4016974261030555
task-v2-f4789f22d2c1,g-6aa6775bed3bc2cc,O0,3301,p3->p4,3,4,480,1.3811171367766777,1.4014494058857117,-0.020332269109033962,0.0,True,True,False,480,380,EVALUATION_BUDGET_EXHAUSTED,1.4016974261030555
task-v2-780e1209d403,g-e0c69f84d376b633,O0,1103,p2->p3,2,3,120,1.281812634839387,1.9654821428911542,-0.6836695080517672,8.881784197001252e-16,True,True,False,480,398,EVALUATION_BUDGET_EXHAUSTED,475.2994231162593
task-v2-780e1209d403,g-e0c69f84d376b633,O0,1103,p2->p3,2,3,240,1.2566929933573734,1.89416865403943,-0.6374756606820566,1.9984014443252818e-15,True,True,False,480,398,EVALUATION_BUDGET_EXHAUSTED,475.2994231162593
task-v2-780e1209d403,g-e0c69f84d376b633,O0,1103,p2->p3,2,3,480,1.2277807094559612,1.406149900460208,-0.17836919100424686,1.1102230246251565e-15,True,True,False,480,398,EVALUATION_BUDGET_EXHAUSTED,475.2994231162593
task-v2-780e1209d403,g-e0c69f84d376b633,O0,3301,p2->p3,2,3,120,1.3826299160133737,1.7050402252697565,-0.3224103092563828,-4.440892098500626e-16,True,True,False,480,395,EVALUATION_BUDGET_EXHAUSTED,447.8864280851558
task-v2-780e1209d403,g-e0c69f84d376b633,O0,3301,p2->p3,2,3,240,1.3764360214234452,1.4324885868301918,-0.056052565406746524,-3.1086244689504383e-15,True,True,False,480,395,EVALUATION_BUDGET_EXHAUSTED,447.8864280851558
task-v2-780e1209d403,g-e0c69f84d376b633,O0,3301,p2->p3,2,3,480,1.2946722845222483,1.3129967545404555,-0.01832447001820725,-6.661338147750939e-16,True,True,False,480,395,EVALUATION_BUDGET_EXHAUSTED,447.8864280851558
task-v2-59a464f36e13,g-bd62d2d752385cc7,O0,2207,p2->p3,2,3,120,1.680208763137091,1.7205532053177879,-0.04034444218069688,0.0,True,True,False,480,406,EVALUATION_BUDGET_EXHAUSTED,19.5770229017362
task-v2-59a464f36e13,g-bd62d2d752385cc7,O0,2207,p2->p3,2,3,240,1.6641674029856037,1.7205532053177879,-0.056385802332184154,0.0,True,True,False,480,406,EVALUATION_BUDGET_EXHAUSTED,19.5770229017362
task-v2-59a464f36e13,g-bd62d2d752385cc7,O0,2207,p2->p3,2,3,480,1.54499986950447,1.7205532053177879,-0.1755533358133179,0.0,True,True,False,480,406,EVALUATION_BUDGET_EXHAUSTED,19.5770229017362
task-v2-606c43f06406,g-3ff7063ef9ea5cfb,O3,1103,p2->p3,2,3,120,0.9337654604053921,1.0839509085385408,-0.1501854481331487,0.0,True,True,False,480,411,EVALUATION_BUDGET_EXHAUSTED,22.64971965830773
task-v2-606c43f06406,g-3ff7063ef9ea5cfb,O3,1103,p2->p3,2,3,240,0.8816835393164083,1.032078424057488,-0.15039488474107976,0.0,True,True,False,480,411,EVALUATION_BUDGET_EXHAUSTED,22.64971965830773
task-v2-606c43f06406,g-3ff7063ef9ea5cfb,O3,1103,p2->p3,2,3,480,0.8598462504235497,0.939023015533825,-0.07917676511027527,0.0,True,True,False,480,411,EVALUATION_BUDGET_EXHAUSTED,22.64971965830773
task-v2-59a464f36e13,g-bd62d2d752385cc7,O3,2207,p3->p4,3,4,120,1.0002381875012138,1.0127030410724192,-0.012464853571205303,0.0,True,True,False,201,148,EARLY_CONVERGENCE,11.080814161337912
task-v2-59a464f36e13,g-bd62d2d752385cc7,O3,2207,p3->p4,3,4,240,1.0000185674892055,1.0122538866042894,-0.012235319115083909,0.0,True,True,False,201,148,EARLY_CONVERGENCE,11.080814161337912
task-v2-59a464f36e13,g-bd62d2d752385cc7,O3,2207,p3->p4,3,4,480,1.0000185674892055,1.0120029711920255,-0.011984403702820057,0.0,True,True,False,201,148,EARLY_CONVERGENCE,11.080814161337912
task-v2-4746dcc3bd93,g-a87f1b9ac089cc45,O0,3301,p2->p3,2,3,120,1.5119233825126068,1.5996370159022681,-0.08771363338966132,1.9984014443252818e-15,True,True,False,480,398,EVALUATION_BUDGET_EXHAUSTED,446.1591447060928
task-v2-4746dcc3bd93,g-a87f1b9ac089cc45,O0,3301,p2->p3,2,3,240,1.3816233785988317,1.468780091920161,-0.08715671332132935,4.884981308350689e-15,True,True,False,480,398,EVALUATION_BUDGET_EXHAUSTED,446.1591447060928
task-v2-4746dcc3bd93,g-a87f1b9ac089cc45,O0,3301,p2->p3,2,3,480,1.279359055077328,1.3637119266976978,-0.08435287162036986,1.1102230246251565e-15,True,True,False,480,398,EVALUATION_BUDGET_EXHAUSTED,446.1591447060928
task-v2-6996479d6302,g-60667963f6db3f1b,O0,3301,p3->p4,3,4,120,1.5115026695566207,1.3623349023642226,0.1491677671923981,0.0,True,False,True,480,387,EVALUATION_BUDGET_EXHAUSTED,1.4291545422747731
task-v2-6996479d6302,g-60667963f6db3f1b,O0,3301,p3->p4,3,4,240,1.489840938196286,1.349486682446118,0.14035425575016802,0.0,True,False,True,480,387,EVALUATION_BUDGET_EXHAUSTED,1.4291545422747731
task-v2-6996479d6302,g-60667963f6db3f1b,O0,3301,p3->p4,3,4,480,1.458320239230726,1.3442730312039064,0.11404720802681956,0.0,True,False,True,480,387,EVALUATION_BUDGET_EXHAUSTED,1.4291545422747731
task-v2-5d31ef4af595,g-bd62d2d752385cc7,O0,3301,p3->p4,3,4,120,1.3874318775955028,1.4924642007109372,-0.10503232311543442,-1.7763568394002505e-15,True,True,False,480,383,EVALUATION_BUDGET_EXHAUSTED,25.07722580432892
task-v2-5d31ef4af595,g-bd62d2d752385cc7,O0,3301,p3->p4,3,4,240,1.3826395125406472,1.4801500243627614,-0.09751051182211423,-6.661338147750939e-16,True,True,False,480,383,EVALUATION_BUDGET_EXHAUSTED,25.07722580432892
task-v2-5d31ef4af595,g-bd62d2d752385cc7,O0,3301,p3->p4,3,4,480,1.3797964700230514,1.4672690742050611,-0.08747260418200975,0.0,True,True,False,480,383,EVALUATION_BUDGET_EXHAUSTED,25.07722580432892
task-v2-5d31ef4af595,g-bd62d2d752385cc7,O3,3301,p3->p4,3,4,120,0.8800354685122914,0.9660149261131016,-0.08597945760081016,0.0,True,True,False,480,396,EVALUATION_BUDGET_EXHAUSTED,25.894658473320305
task-v2-5d31ef4af595,g-bd62d2d752385cc7,O3,3301,p3->p4,3,4,240,0.8719702841652527,0.9366840921604086,-0.06471380799515591,0.0,True,True,False,480,396,EVALUATION_BUDGET_EXHAUSTED,25.894658473320305
task-v2-5d31ef4af595,g-bd62d2d752385cc7,O3,3301,p3->p4,3,4,480,0.8672196169516925,0.8779243550752961,-0.010704738123603619,0.0,True,True,False,480,396,EVALUATION_BUDGET_EXHAUSTED,25.894658473320305
task-v2-b5e00db3fe1a,g-3ff7063ef9ea5cfb,O0,1103,p2->p3,2,3,120,1.3923781098655184,1.8352987326485606,-0.44292062278304223,0.0,True,True,False,480,398,EVALUATION_BUDGET_EXHAUSTED,18.81626828107983
task-v2-b5e00db3fe1a,g-3ff7063ef9ea5cfb,O0,1103,p2->p3,2,3,240,1.3745045021425666,1.8335323885534707,-0.4590278864109041,-4.440892098500626e-16,True,True,False,480,398,EVALUATION_BUDGET_EXHAUSTED,18.81626828107983
task-v2-b5e00db3fe1a,g-3ff7063ef9ea5cfb,O0,1103,p2->p3,2,3,480,1.3638125511386812,1.8333681644336948,-0.4695556132950136,0.0,True,True,False,480,398,EVALUATION_BUDGET_EXHAUSTED,18.81626828107983
task-v2-8792ce3c54d5,g-a712031e7959d564,O0,1103,p2->p3,2,3,120,1.3360128356233758,1.861474300785369,-0.5254614651619931,0.0,True,True,False,480,387,EVALUATION_BUDGET_EXHAUSTED,2.6057233829051256
task-v2-8792ce3c54d5,g-a712031e7959d564,O0,1103,p2->p3,2,3,240,1.3071379845694047,1.6992625210530419,-0.3921245364836372,0.0,True,True,False,480,387,EVALUATION_BUDGET_EXHAUSTED,2.6057233829051256
task-v2-8792ce3c54d5,g-a712031e7959d564,O0,1103,p2->p3,2,3,480,1.2736949509768372,1.5929015691224087,-0.3192066181455715,0.0,True,True,False,480,387,EVALUATION_BUDGET_EXHAUSTED,2.6057233829051256
task-v2-3f11ce371857,g-3ff7063ef9ea5cfb,O3,1103,p3->p4,3,4,120,0.9743936951440919,1.0401786389733414,-0.06578494382924949,0.0,True,True,False,480,400,EVALUATION_BUDGET_EXHAUSTED,28.865836502984166
task-v2-3f11ce371857,g-3ff7063ef9ea5cfb,O3,1103,p3->p4,3,4,240,0.964643544796059,1.0401786389733414,-0.07553509417728244,0.0,True,True,False,480,400,EVALUATION_BUDGET_EXHAUSTED,28.865836502984166
task-v2-3f11ce371857,g-3ff7063ef9ea5cfb,O3,1103,p3->p4,3,4,480,0.9564595520697118,1.0401786389733414,-0.08371908690362961,0.0,True,True,False,480,400,EVALUATION_BUDGET_EXHAUSTED,28.865836502984166
task-v2-606c43f06406,g-3ff7063ef9ea5cfb,O3,1103,p3->p4,3,4,120,0.8626420555831754,0.9337654604053921,-0.07112340482221668,0.0,True,True,False,480,384,EVALUATION_BUDGET_EXHAUSTED,29.841916327364743
task-v2-606c43f06406,g-3ff7063ef9ea5cfb,O3,1103,p3->p4,3,4,240,0.8496067870882381,0.8816835393164083,-0.03207675222817019,0.0,True,True,False,480,384,EVALUATION_BUDGET_EXHAUSTED,29.841916327364743
task-v2-606c43f06406,g-3ff7063ef9ea5cfb,O3,1103,p3->p4,3,4,480,0.8256584527695382,0.8598462504235497,-0.034187797654011476,0.0,True,True,False,480,384,EVALUATION_BUDGET_EXHAUSTED,29.841916327364743
task-v2-8792ce3c54d5,g-a712031e7959d564,O3,2207,p3->p4,3,4,120,0.8814187570780677,0.8091045463868336,0.07231421069123412,0.0,True,False,True,480,392,EVALUATION_BUDGET_EXHAUSTED,3.3403974380344152
task-v2-8792ce3c54d5,g-a712031e7959d564,O3,2207,p3->p4,3,4,240,0.8325207002565275,0.8022010122066595,0.030319688049867954,0.0,True,False,True,480,392,EVALUATION_BUDGET_EXHAUSTED,3.3403974380344152
task-v2-8792ce3c54d5,g-a712031e7959d564,O3,2207,p3->p4,3,4,480,0.6842056786988787,0.8003337571202355,-0.11612807842135675,0.0,True,True,False,480,392,EVALUATION_BUDGET_EXHAUSTED,3.3403974380344152
task-v2-e243a3cd3e64,g-bd62d2d752385cc7,O0,1103,p2->p3,2,3,120,1.353888292760634,1.8942554210128897,-0.5403671282522557,-4.440892098500626e-16,True,True,False,480,396,EVALUATION_BUDGET_EXHAUSTED,19.29143519513309
task-v2-e243a3cd3e64,g-bd62d2d752385cc7,O0,1103,p2->p3,2,3,240,1.337942512260303,1.8903925006303457,-0.5524499883700427,6.661338147750939e-16,True,True,False,480,396,EVALUATION_BUDGET_EXHAUSTED,19.29143519513309
task-v2-e243a3cd3e64,g-bd62d2d752385cc7,O0,1103,p2->p3,2,3,480,1.3325833637336473,1.8899725524516942,-0.5573891887180469,2.220446049250313e-16,True,True,False,480,396,EVALUATION_BUDGET_EXHAUSTED,19.29143519513309
task-v2-4746dcc3bd93,g-a87f1b9ac089cc45,O3,1103,p3->p4,3,4,120,1.016472450507049,0.9767409788063212,0.03973147170072788,0.0,True,False,True,480,387,EVALUATION_BUDGET_EXHAUSTED,576.8736845366657
task-v2-4746dcc3bd93,g-a87f1b9ac089cc45,O3,1103,p3->p4,3,4,240,1.0052447260898068,0.9742123796975988,0.031032346392207977,0.0,True,False,True,480,387,EVALUATION_BUDGET_EXHAUSTED,576.8736845366657
task-v2-4746dcc3bd93,g-a87f1b9ac089cc45,O3,1103,p3->p4,3,4,480,0.9674807881785439,0.9703445237084404,-0.002863735529896494,0.0,True,True,False,480,387,EVALUATION_BUDGET_EXHAUSTED,576.8736845366657
task-v2-606c43f06406,g-3ff7063ef9ea5cfb,O3,2207,p2->p3,2,3,120,0.9334440884713833,0.9375253447012671,-0.004081256229883867,0.0,True,True,False,480,396,EVALUATION_BUDGET_EXHAUSTED,22.214424072764814
task-v2-606c43f06406,g-3ff7063ef9ea5cfb,O3,2207,p2->p3,2,3,240,0.917930397131545,0.9256663904331566,-0.007735993301611566,0.0,True,True,False,480,396,EVALUATION_BUDGET_EXHAUSTED,22.214424072764814
task-v2-606c43f06406,g-3ff7063ef9ea5cfb,O3,2207,p2->p3,2,3,480,0.869510225317341,0.9122845624435872,-0.04277433712624623,0.0,True,True,False,480,396,EVALUATION_BUDGET_EXHAUSTED,22.214424072764814
task-v2-3f363bac5736,g-60667963f6db3f1b,O0,2207,p3->p4,3,4,120,1.6690198837237027,1.761133895802486,-0.09211401207878334,0.0,True,True,False,480,385,EVALUATION_BUDGET_EXHAUSTED,1.4136910904198885
task-v2-3f363bac5736,g-60667963f6db3f1b,O0,2207,p3->p4,3,4,240,1.6103306579192787,1.7344736617572085,-0.12414300383792987,0.0,True,True,False,480,385,EVALUATION_BUDGET_EXHAUSTED,1.4136910904198885
task-v2-3f363bac5736,g-60667963f6db3f1b,O0,2207,p3->p4,3,4,480,1.6007347787110302,1.722456176749335,-0.12172139803830473,0.0,True,True,False,480,385,EVALUATION_BUDGET_EXHAUSTED,1.4136910904198885
task-v2-ce7fc44fc7b5,g-548c8c6335dd2a2e,O3,1103,p2->p3,2,3,120,0.056398625908764356,0.436672485123233,-0.3802738592144686,0.0,True,True,False,480,391,EVALUATION_BUDGET_EXHAUSTED,0.9663178436458111
task-v2-ce7fc44fc7b5,g-548c8c6335dd2a2e,O3,1103,p2->p3,2,3,240,0.05625366002203872,0.4359724843770638,-0.3797188243550251,0.0,True,True,False,480,391,EVALUATION_BUDGET_EXHAUSTED,0.9663178436458111
task-v2-ce7fc44fc7b5,g-548c8c6335dd2a2e,O3,1103,p2->p3,2,3,480,0.056077314273028936,0.4359717885491077,-0.37989447427607875,0.0,True,True,False,480,391,EVALUATION_BUDGET_EXHAUSTED,0.9663178436458111
task-v2-606c43f06406,g-3ff7063ef9ea5cfb,O0,1103,p2->p3,2,3,120,1.5024436086007968,1.619660653829481,-0.11721704522868426,2.220446049250313e-16,True,True,False,480,399,EVALUATION_BUDGET_EXHAUSTED,19.0352065237239
task-v2-606c43f06406,g-3ff7063ef9ea5cfb,O0,1103,p2->p3,2,3,240,1.4709263716539838,1.6112951943252847,-0.1403688226713009,0.0,True,True,False,480,399,EVALUATION_BUDGET_EXHAUSTED,19.0352065237239
task-v2-606c43f06406,g-3ff7063ef9ea5cfb,O0,1103,p2->p3,2,3,480,1.431483854464861,1.6095269320202232,-0.1780430775553623,4.440892098500626e-16,True,True,False,480,399,EVALUATION_BUDGET_EXHAUSTED,19.0352065237239
task-v2-4e78b3f98433,g-553bb3c5ba0f2136,O3,1103,p3->p4,3,4,120,0.2867740169673875,0.06976744186046512,0.2170065751069224,0.0,True,False,True,480,397,EVALUATION_BUDGET_EXHAUSTED,1.1579271890223026
task-v2-4e78b3f98433,g-553bb3c5ba0f2136,O3,1103,p3->p4,3,4,240,0.19482184719130594,0.06976744186046512,0.12505440533084083,0.0,True,False,True,480,397,EVALUATION_BUDGET_EXHAUSTED,1.1579271890223026
task-v2-4e78b3f98433,g-553bb3c5ba0f2136,O3,1103,p3->p4,3,4,480,0.1644785022138426,0.06976744186046512,0.0947110603533775,0.0,True,False,True,480,397,EVALUATION_BUDGET_EXHAUSTED,1.1579271890223026
task-v2-b5e00db3fe1a,g-3ff7063ef9ea5cfb,O3,1103,p3->p4,3,4,120,0.6450050316893676,0.922600459565483,-0.27759542787611535,0.0,True,True,False,480,381,EVALUATION_BUDGET_EXHAUSTED,29.45186264719814
task-v2-b5e00db3fe1a,g-3ff7063ef9ea5cfb,O3,1103,p3->p4,3,4,240,0.6230548294718153,0.9037711997191006,-0.28071637024728524,0.0,True,True,False,480,381,EVALUATION_BUDGET_EXHAUSTED,29.45186264719814
task-v2-b5e00db3fe1a,g-3ff7063ef9ea5cfb,O3,1103,p3->p4,3,4,480,0.6062414956189336,0.8855867124899021,-0.27934521687096847,0.0,True,True,False,480,381,EVALUATION_BUDGET_EXHAUSTED,29.45186264719814
task-v2-6996479d6302,g-60667963f6db3f1b,O3,3301,p3->p4,3,4,120,0.06350755081513856,0.19073126072295501,-0.12722370990781645,0.0,True,True,False,388,317,EARLY_CONVERGENCE,1.1862511904910207
task-v2-6996479d6302,g-60667963f6db3f1b,O3,3301,p3->p4,3,4,240,0.055210976765850316,0.18971936605319048,-0.13450838928734016,0.0,True,True,False,388,317,EARLY_CONVERGENCE,1.1862511904910207
task-v2-6996479d6302,g-60667963f6db3f1b,O3,3301,p3->p4,3,4,480,0.05232558139534884,0.18969335991201772,-0.13736777851666887,0.0,True,True,False,388,317,EARLY_CONVERGENCE,1.1862511904910207
task-v2-4746dcc3bd93,g-a87f1b9ac089cc45,O3,1103,p2->p3,2,3,120,0.9767409788063212,0.9984053353279058,-0.021664356521584605,0.0,True,True,False,433,350,EARLY_CONVERGENCE,398.66320021636784
task-v2-4746dcc3bd93,g-a87f1b9ac089cc45,O3,1103,p2->p3,2,3,240,0.9742123796975988,0.9865112588437797,-0.012298879146180886,0.0,True,True,False,433,350,EARLY_CONVERGENCE,398.66320021636784
task-v2-4746dcc3bd93,g-a87f1b9ac089cc45,O3,1103,p2->p3,2,3,480,0.9703445237084404,0.9768755272240223,-0.00653100351558189,0.0,True,True,False,433,350,EARLY_CONVERGENCE,398.66320021636784
task-v2-8792ce3c54d5,g-a712031e7959d564,O3,1103,p2->p3,2,3,120,0.9130081910637835,0.9164706367732431,-0.0034624457094596384,0.0,True,True,False,480,398,EVALUATION_BUDGET_EXHAUSTED,2.597598258405924
task-v2-8792ce3c54d5,g-a712031e7959d564,O3,1103,p2->p3,2,3,240,0.9129843087301328,0.9146520914256769,-0.0016677826955441288,0.0,True,True,False,480,398,EVALUATION_BUDGET_EXHAUSTED,2.597598258405924
task-v2-8792ce3c54d5,g-a712031e7959d564,O3,1103,p2->p3,2,3,480,0.9129590579107547,0.9130627799658451,-0.00010372205509034949,0.0,True,True,False,480,398,EVALUATION_BUDGET_EXHAUSTED,2.597598258405924
task-v2-3f363bac5736,g-60667963f6db3f1b,O0,3301,p2->p3,2,3,120,1.7995165167065108,1.9508995396433215,-0.15138302293681072,0.0,True,True,False,480,395,EVALUATION_BUDGET_EXHAUSTED,1.2107348190620542
task-v2-3f363bac5736,g-60667963f6db3f1b,O0,3301,p2->p3,2,3,240,1.7913340921231657,1.9374759133358974,-0.14614182121273167,0.0,True,True,False,480,395,EVALUATION_BUDGET_EXHAUSTED,1.2107348190620542
task-v2-3f363bac5736,g-60667963f6db3f1b,O0,3301,p2->p3,2,3,480,1.7589188574374839,1.9367556847681087,-0.17783682733062478,0.0,True,True,False,480,395,EVALUATION_BUDGET_EXHAUSTED,1.2107348190620542
task-v2-b9b3757d64c0,g-a87f1b9ac089cc45,O3,3301,p3->p4,3,4,120,0.8725491667312142,0.9070667147467123,-0.03451754801549811,0.0,True,True,False,480,394,EVALUATION_BUDGET_EXHAUSTED,621.1300127105787
task-v2-b9b3757d64c0,g-a87f1b9ac089cc45,O3,3301,p3->p4,3,4,240,0.8693591171752115,0.8729887069312751,-0.0036295897560635337,0.0,True,True,False,480,394,EVALUATION_BUDGET_EXHAUSTED,621.1300127105787
task-v2-b9b3757d64c0,g-a87f1b9ac089cc45,O3,3301,p3->p4,3,4,480,0.8650828561067814,0.8397318028164799,0.025351053290301517,0.0,True,False,True,480,394,EVALUATION_BUDGET_EXHAUSTED,621.1300127105787
task-v2-e442db508705,g-548c8c6335dd2a2e,O3,3301,p3->p4,3,4,120,0.023255813953488372,0.023255813953488372,0.0,0.0,True,True,False,36,26,EARLY_CONVERGENCE,0.06070500612258911
task-v2-e442db508705,g-548c8c6335dd2a2e,O3,3301,p3->p4,3,4,240,0.023255813953488372,0.023255813953488372,0.0,0.0,True,True,False,36,26,EARLY_CONVERGENCE,0.06070500612258911
task-v2-e442db508705,g-548c8c6335dd2a2e,O3,3301,p3->p4,3,4,480,0.023255813953488372,0.023255813953488372,0.0,0.0,True,True,False,36,26,EARLY_CONVERGENCE,0.06070500612258911
task-v2-73f419868dc6,g-553bb3c5ba0f2136,O3,1103,p3->p4,3,4,120,0.046511627906976744,0.046511627906976744,0.0,0.0,True,True,False,78,55,EARLY_CONVERGENCE,0.15431650169193745
task-v2-73f419868dc6,g-553bb3c5ba0f2136,O3,1103,p3->p4,3,4,240,0.046511627906976744,0.046511627906976744,0.0,0.0,True,True,False,78,55,EARLY_CONVERGENCE,0.15431650169193745
task-v2-73f419868dc6,g-553bb3c5ba0f2136,O3,1103,p3->p4,3,4,480,0.046511627906976744,0.046511627906976744,0.0,0.0,True,True,False,78,55,EARLY_CONVERGENCE,0.15431650169193745
task-v2-f4789f22d2c1,g-6aa6775bed3bc2cc,O0,1103,p2->p3,2,3,120,1.446183572354734,1.447532887381344,-0.001349315026609954,0.0,True,True,False,480,388,EVALUATION_BUDGET_EXHAUSTED,1.1624501664191484
task-v2-f4789f22d2c1,g-6aa6775bed3bc2cc,O0,1103,p2->p3,2,3,240,1.436225479570441,1.4472351020958008,-0.011009622525359752,0.0,True,True,False,480,388,EVALUATION_BUDGET_EXHAUSTED,1.1624501664191484
task-v2-f4789f22d2c1,g-6aa6775bed3bc2cc,O0,1103,p2->p3,2,3,480,1.4143645935611882,1.4470791790888848,-0.03271458552769668,0.0,True,True,False,480,388,EVALUATION_BUDGET_EXHAUSTED,1.1624501664191484
task-v2-8c0a098a6f8b,g-a712031e7959d564,O3,1103,p2->p3,2,3,120,0.39293199506951987,1.0766986883362561,-0.6837666932667363,0.0,True,True,False,480,393,EVALUATION_BUDGET_EXHAUSTED,2.7714666854590178
task-v2-8c0a098a6f8b,g-a712031e7959d564,O3,1103,p2->p3,2,3,240,0.24042225741849527,1.064294870614148,-0.8238726131956526,0.0,True,True,False,480,393,EVALUATION_BUDGET_EXHAUSTED,2.7714666854590178
task-v2-8c0a098a6f8b,g-a712031e7959d564,O3,1103,p2->p3,2,3,480,0.11281734285946088,1.0459064383942203,-0.9330890955347594,0.0,True,True,False,480,393,EVALUATION_BUDGET_EXHAUSTED,2.7714666854590178
task-v2-780e1209d403,g-e0c69f84d376b633,O3,3301,p2->p3,2,3,120,0.7309734213794917,1.0475953428320317,-0.31662192145254,0.0,True,True,False,480,385,EVALUATION_BUDGET_EXHAUSTED,441.4027092689648
task-v2-780e1209d403,g-e0c69f84d376b633,O3,3301,p2->p3,2,3,240,0.6962764561260806,1.0252120825957676,-0.328935626469687,0.0,True,True,False,480,385,EVALUATION_BUDGET_EXHAUSTED,441.4027092689648
task-v2-780e1209d403,g-e0c69f84d376b633,O3,3301,p2->p3,2,3,480,0.6681704376357676,0.8776419185949842,-0.20947148095921664,0.0,True,True,False,480,385,EVALUATION_BUDGET_EXHAUSTED,441.4027092689648
task-v2-6996479d6302,g-60667963f6db3f1b,O0,1103,p2->p3,2,3,120,1.5713013192751282,1.5711852676653715,0.00011605160975669548,0.0,True,False,True,480,393,EVALUATION_BUDGET_EXHAUSTED,1.2083204733207822
task-v2-6996479d6302,g-60667963f6db3f1b,O0,1103,p2->p3,2,3,240,1.5710123402207128,1.5711406828818903,-0.00012834266117756066,0.0,True,True,False,480,393,EVALUATION_BUDGET_EXHAUSTED,1.2083204733207822
task-v2-6996479d6302,g-60667963f6db3f1b,O0,1103,p2->p3,2,3,480,1.5709198465517038,1.5711383914383097,-0.000218544886605887,0.0,True,True,False,480,393,EVALUATION_BUDGET_EXHAUSTED,1.2083204733207822
task-v2-3f11ce371857,g-3ff7063ef9ea5cfb,O0,2207,p2->p3,2,3,120,1.7116157342042615,1.8685352843439802,-0.1569195501397187,-6.661338147750939e-16,True,True,False,480,399,EVALUATION_BUDGET_EXHAUSTED,19.11017714161426
task-v2-3f11ce371857,g-3ff7063ef9ea5cfb,O0,2207,p2->p3,2,3,240,1.707078003654499,1.8684748581229784,-0.1613968544684794,1.9984014443252818e-15,True,True,False,480,399,EVALUATION_BUDGET_EXHAUSTED,19.11017714161426
task-v2-3f11ce371857,g-3ff7063ef9ea5cfb,O0,2207,p2->p3,2,3,480,1.6994409568226385,1.8683267934285879,-0.16888583660594936,-2.220446049250313e-16,True,True,False,480,399,EVALUATION_BUDGET_EXHAUSTED,19.11017714161426
task-v2-4968f3a685c2,g-8a16a856f5377a40,O0,2207,p3->p4,3,4,120,1.3777041634163636,1.3634444461392046,0.014259717277159023,0.0,True,False,True,480,401,EVALUATION_BUDGET_EXHAUSTED,3.1439773878082633
task-v2-4968f3a685c2,g-8a16a856f5377a40,O0,2207,p3->p4,3,4,240,1.3680413398885236,1.3605256741730827,0.007515665715440933,0.0,True,False,True,480,401,EVALUATION_BUDGET_EXHAUSTED,3.1439773878082633
task-v2-4968f3a685c2,g-8a16a856f5377a40,O0,2207,p3->p4,3,4,480,1.3599223126220785,1.3547223039472136,0.00520000867486492,0.0,True,False,True,480,401,EVALUATION_BUDGET_EXHAUSTED,3.1439773878082633
task-v2-f5c9b9bdeb27,g-a87f1b9ac089cc45,O0,3301,p3->p4,3,4,120,1.4561741637914558,1.4833298535666544,-0.027155689775198555,4.440892098500626e-16,True,True,False,480,391,EVALUATION_BUDGET_EXHAUSTED,600.6359878703952
task-v2-f5c9b9bdeb27,g-a87f1b9ac089cc45,O0,3301,p3->p4,3,4,240,1.4157504334044375,1.3602031980510554,0.05554723535338213,1.3322676295501878e-15,True,False,True,480,391,EVALUATION_BUDGET_EXHAUSTED,600.6359878703952
task-v2-f5c9b9bdeb27,g-a87f1b9ac089cc45,O0,3301,p3->p4,3,4,480,1.3806167715989879,1.3163765802535512,0.06424019134543668,6.661338147750939e-16,True,False,True,480,391,EVALUATION_BUDGET_EXHAUSTED,600.6359878703952
task-v2-8c0a098a6f8b,g-a712031e7959d564,O3,2207,p3->p4,3,4,120,0.8237213860409076,0.5452445662160843,0.2784768198248233,0.0,True,False,True,480,388,EVALUATION_BUDGET_EXHAUSTED,3.326759465970099
task-v2-8c0a098a6f8b,g-a712031e7959d564,O3,2207,p3->p4,3,4,240,0.7720988142067129,0.49797590234292005,0.27412291186379284,0.0,True,False,True,480,388,EVALUATION_BUDGET_EXHAUSTED,3.326759465970099
task-v2-8c0a098a6f8b,g-a712031e7959d564,O3,2207,p3->p4,3,4,480,0.2720979879300539,0.4653858028108811,-0.1932878148808272,0.0,True,True,False,480,388,EVALUATION_BUDGET_EXHAUSTED,3.326759465970099
task-v2-8c0a098a6f8b,g-a712031e7959d564,O0,1103,p3->p4,3,4,120,1.299147468892747,1.3319466578987553,-0.03279918900600842,0.0,True,True,False,480,393,EVALUATION_BUDGET_EXHAUSTED,3.3011389719322324
task-v2-8c0a098a6f8b,g-a712031e7959d564,O0,1103,p3->p4,3,4,240,1.244654071699816,1.3224542736903608,-0.07780020199054483,0.0,True,True,False,480,393,EVALUATION_BUDGET_EXHAUSTED,3.3011389719322324
task-v2-8c0a098a6f8b,g-a712031e7959d564,O0,1103,p3->p4,3,4,480,1.1835101064631388,1.2813590106926775,-0.09784890422953874,0.0,True,True,False,480,393,EVALUATION_BUDGET_EXHAUSTED,3.3011389719322324
task-v2-ce7fc44fc7b5,g-548c8c6335dd2a2e,O0,3301,p3->p4,3,4,120,1.2947211061228765,1.5277552278892617,-0.23303412176638516,0.0,True,True,False,480,390,EVALUATION_BUDGET_EXHAUSTED,1.101290239021182
task-v2-ce7fc44fc7b5,g-548c8c6335dd2a2e,O0,3301,p3->p4,3,4,240,1.2793683544214383,1.4460866927125464,-0.16671833829110816,0.0,True,True,False,480,390,EVALUATION_BUDGET_EXHAUSTED,1.101290239021182
task-v2-ce7fc44fc7b5,g-548c8c6335dd2a2e,O0,3301,p3->p4,3,4,480,1.266327158149442,1.2911896607888347,-0.024862502639392714,0.0,True,True,False,480,390,EVALUATION_BUDGET_EXHAUSTED,1.101290239021182
task-v2-8792ce3c54d5,g-a712031e7959d564,O0,2207,p2->p3,2,3,120,1.341629938025168,1.6244470643147417,-0.2828171262895738,0.0,True,True,False,480,403,EVALUATION_BUDGET_EXHAUSTED,2.564286950044334
task-v2-8792ce3c54d5,g-a712031e7959d564,O0,2207,p2->p3,2,3,240,1.3325960030820951,1.595255817212379,-0.26265981413028383,0.0,True,True,False,480,403,EVALUATION_BUDGET_EXHAUSTED,2.564286950044334
task-v2-8792ce3c54d5,g-a712031e7959d564,O0,2207,p2->p3,2,3,480,1.3228552745618232,1.5788880345512366,-0.25603275998941344,0.0,True,True,False,480,403,EVALUATION_BUDGET_EXHAUSTED,2.564286950044334
task-v2-f4789f22d2c1,g-6aa6775bed3bc2cc,O3,2207,p3->p4,3,4,120,0.1002794498197426,0.4404465775057704,-0.34016712768602775,0.0,True,True,False,480,395,EVALUATION_BUDGET_EXHAUSTED,1.4656671406701207
task-v2-f4789f22d2c1,g-6aa6775bed3bc2cc,O3,2207,p3->p4,3,4,240,0.08972438737865729,0.23368140210482885,-0.14395701472617156,0.0,True,True,False,480,395,EVALUATION_BUDGET_EXHAUSTED,1.4656671406701207
task-v2-f4789f22d2c1,g-6aa6775bed3bc2cc,O3,2207,p3->p4,3,4,480,0.08033325459067042,0.0755813953488372,0.004751859241833217,0.0,True,False,True,480,395,EVALUATION_BUDGET_EXHAUSTED,1.4656671406701207
task-v2-4d2b9f5eb099,g-6aa6775bed3bc2cc,O3,1103,p3->p4,3,4,120,0.6858931843818202,1.042510010802376,-0.3566168264205557,0.0,True,True,False,480,396,EVALUATION_BUDGET_EXHAUSTED,1.5530991330742836
task-v2-4d2b9f5eb099,g-6aa6775bed3bc2cc,O3,1103,p3->p4,3,4,240,0.6308726994913257,1.0413405541877352,-0.41046785469640945,0.0,True,True,False,480,396,EVALUATION_BUDGET_EXHAUSTED,1.5530991330742836
task-v2-4d2b9f5eb099,g-6aa6775bed3bc2cc,O3,1103,p3->p4,3,4,480,0.5602985229664816,1.0408038900338539,-0.48050536706737224,0.0,True,True,False,480,396,EVALUATION_BUDGET_EXHAUSTED,1.5530991330742836
task-v2-b9b3757d64c0,g-a87f1b9ac089cc45,O3,1103,p3->p4,3,4,120,0.9774136794906518,0.9159925961920369,0.061421083298614954,0.0,True,False,True,480,389,EVALUATION_BUDGET_EXHAUSTED,581.2396366996691
task-v2-b9b3757d64c0,g-a87f1b9ac089cc45,O3,1103,p3->p4,3,4,240,0.9483815281201804,0.8997126175898305,0.04866891053034994,0.0,True,False,True,480,389,EVALUATION_BUDGET_EXHAUSTED,581.2396366996691
task-v2-b9b3757d64c0,g-a87f1b9ac089cc45,O3,1103,p3->p4,3,4,480,0.8863328104225099,0.8846296035138397,0.0017032069086702073,0.0,True,False,True,480,389,EVALUATION_BUDGET_EXHAUSTED,581.2396366996691
task-v2-f4789f22d2c1,g-6aa6775bed3bc2cc,O0,2207,p2->p3,2,3,120,1.2978309162462505,1.6557756900896652,-0.3579447738434147,0.0,True,True,False,377,296,EARLY_CONVERGENCE,0.9190415684133768
task-v2-f4789f22d2c1,g-6aa6775bed3bc2cc,O0,2207,p2->p3,2,3,240,1.2942236415960788,1.3651906468918238,-0.07096700529574496,0.0,True,True,False,377,296,EARLY_CONVERGENCE,0.9190415684133768
task-v2-f4789f22d2c1,g-6aa6775bed3bc2cc,O0,2207,p2->p3,2,3,480,1.2941969545980339,1.3393922234683542,-0.045195268870320326,0.0,True,True,False,377,296,EARLY_CONVERGENCE,0.9190415684133768
task-v2-69173fedcdae,g-8a16a856f5377a40,O3,2207,p2->p3,2,3,120,0.40553229795926266,0.12750395969452924,0.2780283382647334,0.0,True,False,True,480,393,EVALUATION_BUDGET_EXHAUSTED,2.6364837866276503
task-v2-69173fedcdae,g-8a16a856f5377a40,O3,2207,p2->p3,2,3,240,0.4048502786796266,0.07266518938400889,0.3321850892956177,0.0,True,False,True,480,393,EVALUATION_BUDGET_EXHAUSTED,2.6364837866276503
task-v2-69173fedcdae,g-8a16a856f5377a40,O3,2207,p2->p3,2,3,480,0.40363117328927545,0.07206224761052382,0.3315689256787516,0.0,True,False,True,480,393,EVALUATION_BUDGET_EXHAUSTED,2.6364837866276503
task-v2-5d31ef4af595,g-bd62d2d752385cc7,O0,3301,p2->p3,2,3,120,1.492464200710939,1.4441119969680343,0.04835220374290472,0.0,True,False,True,480,397,EVALUATION_BUDGET_EXHAUSTED,19.592104324139655
task-v2-5d31ef4af595,g-bd62d2d752385cc7,O0,3301,p2->p3,2,3,240,1.480150024362762,1.344083849977303,0.1360661743854592,-2.220446049250313e-16,True,False,True,480,397,EVALUATION_BUDGET_EXHAUSTED,19.592104324139655
task-v2-5d31ef4af595,g-bd62d2d752385cc7,O0,3301,p2->p3,2,3,480,1.4672690742050611,1.3305906176786626,0.13667845652639854,-6.661338147750939e-16,True,False,True,480,397,EVALUATION_BUDGET_EXHAUSTED,19.592104324139655
task-v2-4e78b3f98433,g-553bb3c5ba0f2136,O0,1103,p2->p3,2,3,120,1.623126188299544,1.7075527106223447,-0.08442652232280068,0.0,True,True,False,480,398,EVALUATION_BUDGET_EXHAUSTED,0.9749912340193987
task-v2-4e78b3f98433,g-553bb3c5ba0f2136,O0,1103,p2->p3,2,3,240,1.6099386739628891,1.707552216909269,-0.0976135429463798,0.0,True,True,False,480,398,EVALUATION_BUDGET_EXHAUSTED,0.9749912340193987
task-v2-4e78b3f98433,g-553bb3c5ba0f2136,O0,1103,p2->p3,2,3,480,1.6000080231923315,1.707552216909269,-0.10754419371693746,0.0,True,True,False,480,398,EVALUATION_BUDGET_EXHAUSTED,0.9749912340193987
task-v2-e243a3cd3e64,g-bd62d2d752385cc7,O0,1103,p3->p4,3,4,120,1.3832907501505782,1.3538882927606353,0.02940245738994296,1.3322676295501878e-15,True,False,True,480,384,EVALUATION_BUDGET_EXHAUSTED,28.64190874993801
task-v2-e243a3cd3e64,g-bd62d2d752385cc7,O0,1103,p3->p4,3,4,240,1.3748891583395064,1.3379425122603048,0.03694664607920162,1.7763568394002505e-15,True,False,True,480,384,EVALUATION_BUDGET_EXHAUSTED,28.64190874993801
task-v2-e243a3cd3e64,g-bd62d2d752385cc7,O0,1103,p3->p4,3,4,480,1.3510721672510997,1.332583363733649,0.018488803517450636,1.7763568394002505e-15,True,False,True,480,384,EVALUATION_BUDGET_EXHAUSTED,28.64190874993801
task-v2-69173fedcdae,g-8a16a856f5377a40,O0,2207,p3->p4,3,4,120,1.5856867024428238,1.2979051459555473,0.28778155648727655,0.0,True,False,True,480,378,EVALUATION_BUDGET_EXHAUSTED,3.098555493168533
task-v2-69173fedcdae,g-8a16a856f5377a40,O0,2207,p3->p4,3,4,240,1.5661122116096151,1.274711230739232,0.291400980870383,0.0,True,False,True,480,378,EVALUATION_BUDGET_EXHAUSTED,3.098555493168533
task-v2-69173fedcdae,g-8a16a856f5377a40,O0,2207,p3->p4,3,4,480,1.5142197311330134,1.268423421914426,0.24579630921858753,0.0,True,False,True,480,378,EVALUATION_BUDGET_EXHAUSTED,3.098555493168533
task-v2-8c0a098a6f8b,g-a712031e7959d564,O0,1103,p2->p3,2,3,120,1.3319466578987553,1.6778686850078992,-0.3459220271091439,0.0,True,True,False,480,399,EVALUATION_BUDGET_EXHAUSTED,2.627169935964048
task-v2-8c0a098a6f8b,g-a712031e7959d564,O0,1103,p2->p3,2,3,240,1.3224542736903608,1.6760116724247822,-0.3535573987344214,0.0,True,True,False,480,399,EVALUATION_BUDGET_EXHAUSTED,2.627169935964048
task-v2-8c0a098a6f8b,g-a712031e7959d564,O0,1103,p2->p3,2,3,480,1.2813590106926775,1.6759262591273871,-0.3945672484347096,0.0,True,True,False,480,399,EVALUATION_BUDGET_EXHAUSTED,2.627169935964048
task-v2-b9b3757d64c0,g-a87f1b9ac089cc45,O0,2207,p3->p4,3,4,120,1.4142912540502919,1.4721627571824882,-0.057871503132196356,-1.3322676295501878e-15,True,True,False,480,403,EVALUATION_BUDGET_EXHAUSTED,570.1514201527461
task-v2-b9b3757d64c0,g-a87f1b9ac089cc45,O0,2207,p3->p4,3,4,240,1.3728785560709742,1.459721187689349,-0.0868426316183748,-8.881784197001252e-16,True,True,False,480,403,EVALUATION_BUDGET_EXHAUSTED,570.1514201527461
task-v2-b9b3757d64c0,g-a87f1b9ac089cc45,O0,2207,p3->p4,3,4,480,1.3480305841347358,1.448046704403321,-0.1000161202685852,-6.661338147750939e-16,True,True,False,480,403,EVALUATION_BUDGET_EXHAUSTED,570.1514201527461
task-v2-b5e00db3fe1a,g-3ff7063ef9ea5cfb,O3,2207,p3->p4,3,4,120,0.8578208282652527,0.8541546677009894,0.0036661605642633877,0.0,True,False,True,480,390,EVALUATION_BUDGET_EXHAUSTED,29.124406141228974
task-v2-b5e00db3fe1a,g-3ff7063ef9ea5cfb,O3,2207,p3->p4,3,4,240,0.7707319217870325,0.8540223004233758,-0.08329037863634325,0.0,True,True,False,480,390,EVALUATION_BUDGET_EXHAUSTED,29.124406141228974
task-v2-b5e00db3fe1a,g-3ff7063ef9ea5cfb,O3,2207,p3->p4,3,4,480,0.7430093434993393,0.8538441638091123,-0.11083482030977299,0.0,True,True,False,480,390,EVALUATION_BUDGET_EXHAUSTED,29.124406141228974
task-v2-606c43f06406,g-3ff7063ef9ea5cfb,O3,2207,p3->p4,3,4,120,0.892078381519978,0.9334440884713833,-0.04136570695140529,0.0,True,True,False,480,395,EVALUATION_BUDGET_EXHAUSTED,29.17785068694502
task-v2-606c43f06406,g-3ff7063ef9ea5cfb,O3,2207,p3->p4,3,4,240,0.8310030389861722,0.917930397131545,-0.08692735814537278,0.0,True,True,False,480,395,EVALUATION_BUDGET_EXHAUSTED,29.17785068694502
task-v2-606c43f06406,g-3ff7063ef9ea5cfb,O3,2207,p3->p4,3,4,480,0.8265528067805872,0.869510225317341,-0.04295741853675383,0.0,True,True,False,480,395,EVALUATION_BUDGET_EXHAUSTED,29.17785068694502
task-v2-4968f3a685c2,g-8a16a856f5377a40,O3,2207,p2->p3,2,3,120,0.9701415569823335,0.9695454246088864,0.0005961323734471335,0.0,True,False,True,480,401,EVALUATION_BUDGET_EXHAUSTED,2.7622486809268594
task-v2-4968f3a685c2,g-8a16a856f5377a40,O3,2207,p2->p3,2,3,240,0.9597836005199775,0.9661906468873821,-0.006407046367404634,0.0,True,True,False,480,401,EVALUATION_BUDGET_EXHAUSTED,2.7622486809268594
task-v2-4968f3a685c2,g-8a16a856f5377a40,O3,2207,p2->p3,2,3,480,0.9556447992748814,0.9661906468873821,-0.010545847612500658,0.0,True,True,False,480,401,EVALUATION_BUDGET_EXHAUSTED,2.7622486809268594
task-v2-4e78b3f98433,g-553bb3c5ba0f2136,O0,1103,p3->p4,3,4,120,1.4859121047028503,1.623126188299544,-0.13721408359669374,0.0,True,True,False,480,389,EVALUATION_BUDGET_EXHAUSTED,1.1048678001388907
task-v2-4e78b3f98433,g-553bb3c5ba0f2136,O0,1103,p3->p4,3,4,240,1.4679824647135082,1.6099386739628891,-0.1419562092493809,0.0,True,True,False,480,389,EVALUATION_BUDGET_EXHAUSTED,1.1048678001388907
task-v2-4e78b3f98433,g-553bb3c5ba0f2136,O0,1103,p3->p4,3,4,480,1.4586143620617893,1.6000080231923315,-0.1413936611305422,0.0,True,True,False,480,389,EVALUATION_BUDGET_EXHAUSTED,1.1048678001388907
task-v2-f5c9b9bdeb27,g-a87f1b9ac089cc45,O3,2207,p2->p3,2,3,120,0.9838396359750402,0.9025287989011294,0.08131083707391085,0.0,True,False,True,230,173,EARLY_CONVERGENCE,211.93680339306593
task-v2-f5c9b9bdeb27,g-a87f1b9ac089cc45,O3,2207,p2->p3,2,3,240,0.9837739059106174,0.8618796655410164,0.12189424036960106,0.0,True,False,True,230,173,EARLY_CONVERGENCE,211.93680339306593
task-v2-f5c9b9bdeb27,g-a87f1b9ac089cc45,O3,2207,p2->p3,2,3,480,0.9837739059106174,0.8483454229856988,0.1354284829249186,0.0,True,False,True,230,173,EARLY_CONVERGENCE,211.93680339306593
task-v2-6996479d6302,g-60667963f6db3f1b,O3,2207,p3->p4,3,4,120,0.07090175414673401,0.6451179745992698,-0.5742162204525357,0.0,True,True,False,480,404,EVALUATION_BUDGET_EXHAUSTED,1.4923214698210359
task-v2-6996479d6302,g-60667963f6db3f1b,O3,2207,p3->p4,3,4,240,0.0643103323639815,0.11234464074759314,-0.04803430838361164,0.0,True,True,False,480,404,EVALUATION_BUDGET_EXHAUSTED,1.4923214698210359
task-v2-6996479d6302,g-60667963f6db3f1b,O3,2207,p3->p4,3,4,480,0.06310872273294389,0.06823477788329149,-0.0051260551503476,0.0,True,True,False,480,404,EVALUATION_BUDGET_EXHAUSTED,1.4923214698210359
task-v2-4968f3a685c2,g-8a16a856f5377a40,O3,3301,p2->p3,2,3,120,1.022600759029512,1.034297015413787,-0.01169625638427485,0.0,True,True,False,90,58,EARLY_CONVERGENCE,0.48965548910200596
task-v2-4968f3a685c2,g-8a16a856f5377a40,O3,3301,p2->p3,2,3,240,1.022600759029512,1.0144541773087556,0.00814658172075644,0.0,True,False,True,90,58,EARLY_CONVERGENCE,0.48965548910200596
task-v2-4968f3a685c2,g-8a16a856f5377a40,O3,3301,p2->p3,2,3,480,1.022600759029512,0.9870272667912506,0.03557349223826145,0.0,True,False,True,90,58,EARLY_CONVERGENCE,0.48965548910200596
task-v2-780e1209d403,g-e0c69f84d376b633,O3,2207,p3->p4,3,4,120,0.75974827161458,0.8615732162652024,-0.10182494465062242,0.0,True,True,False,480,391,EVALUATION_BUDGET_EXHAUSTED,624.7634930266067
task-v2-780e1209d403,g-e0c69f84d376b633,O3,2207,p3->p4,3,4,240,0.7445959717124845,0.8611830967150763,-0.11658712500259183,0.0,True,True,False,480,391,EVALUATION_BUDGET_EXHAUSTED,624.7634930266067
task-v2-780e1209d403,g-e0c69f84d376b633,O3,2207,p3->p4,3,4,480,0.7163149441758071,0.8604650567137639,-0.14415011253795684,0.0,True,True,False,480,391,EVALUATION_BUDGET_EXHAUSTED,624.7634930266067
task-v2-5d31ef4af595,g-bd62d2d752385cc7,O0,2207,p3->p4,3,4,120,1.4397864242140668,1.2601126422778144,0.17967378193625239,1.3322676295501878e-15,True,False,True,480,404,EVALUATION_BUDGET_EXHAUSTED,24.913057386875153
task-v2-5d31ef4af595,g-bd62d2d752385cc7,O0,2207,p3->p4,3,4,240,1.3414021445031712,1.2346608998637139,0.10674124463945733,-1.5543122344752192e-15,True,False,True,480,404,EVALUATION_BUDGET_EXHAUSTED,24.913057386875153
task-v2-5d31ef4af595,g-bd62d2d752385cc7,O0,2207,p3->p4,3,4,480,1.2856398194475718,1.2122371157793141,0.07340270366825763,2.6645352591003757e-15,True,False,True,480,404,EVALUATION_BUDGET_EXHAUSTED,24.913057386875153
task-v2-5d31ef4af595,g-bd62d2d752385cc7,O3,1103,p2->p3,2,3,120,0.9206371256238954,1.0727521896359948,-0.1521150640120994,0.0,True,True,False,480,403,EVALUATION_BUDGET_EXHAUSTED,20.72406255453825
task-v2-5d31ef4af595,g-bd62d2d752385cc7,O3,1103,p2->p3,2,3,240,0.9191816905248474,1.0585206752885095,-0.13933898476366202,0.0,True,True,False,480,403,EVALUATION_BUDGET_EXHAUSTED,20.72406255453825
task-v2-5d31ef4af595,g-bd62d2d752385cc7,O3,1103,p2->p3,2,3,480,0.9131417170673573,1.0397871460521158,-0.1266454289847585,0.0,True,True,False,480,403,EVALUATION_BUDGET_EXHAUSTED,20.72406255453825
task-v2-f4789f22d2c1,g-6aa6775bed3bc2cc,O0,2207,p3->p4,3,4,120,1.5155315062958632,1.2978309162462505,0.21770059004961273,0.0,True,False,True,480,399,EVALUATION_BUDGET_EXHAUSTED,1.4572447901591659
task-v2-f4789f22d2c1,g-6aa6775bed3bc2cc,O0,2207,p3->p4,3,4,240,1.3887446523316425,1.2942236415960788,0.09452101073556363,0.0,True,False,True,480,399,EVALUATION_BUDGET_EXHAUSTED,1.4572447901591659
task-v2-f4789f22d2c1,g-6aa6775bed3bc2cc,O0,2207,p3->p4,3,4,480,1.2632023311638463,1.2941969545980339,-0.030994623434187574,0.0,True,True,False,480,399,EVALUATION_BUDGET_EXHAUSTED,1.4572447901591659
task-v2-4968f3a685c2,g-8a16a856f5377a40,O3,1103,p3->p4,3,4,120,0.8888377600243564,0.9665633186388631,-0.0777255586145067,0.0,True,True,False,480,386,EVALUATION_BUDGET_EXHAUSTED,3.2099218955263495
task-v2-4968f3a685c2,g-8a16a856f5377a40,O3,1103,p3->p4,3,4,240,0.8848876015323176,0.9662890089595351,-0.08140140742721746,0.0,True,True,False,480,386,EVALUATION_BUDGET_EXHAUSTED,3.2099218955263495
task-v2-4968f3a685c2,g-8a16a856f5377a40,O3,1103,p3->p4,3,4,480,0.8807412666155643,0.9661598465926398,-0.08541857997707547,0.0,True,True,False,480,386,EVALUATION_BUDGET_EXHAUSTED,3.2099218955263495
task-v2-6996479d6302,g-60667963f6db3f1b,O0,3301,p2->p3,2,3,120,1.3623349023642226,1.7368270168438522,-0.3744921144796296,0.0,True,True,False,480,398,EVALUATION_BUDGET_EXHAUSTED,1.1891911160200834
task-v2-6996479d6302,g-60667963f6db3f1b,O0,3301,p2->p3,2,3,240,1.349486682446118,1.7110483040561015,-0.3615616216099835,0.0,True,True,False,480,398,EVALUATION_BUDGET_EXHAUSTED,1.1891911160200834
task-v2-6996479d6302,g-60667963f6db3f1b,O0,3301,p2->p3,2,3,480,1.3442730312039064,1.652895158718369,-0.3086221275144625,0.0,True,True,False,480,398,EVALUATION_BUDGET_EXHAUSTED,1.1891911160200834
task-v2-3f363bac5736,g-60667963f6db3f1b,O0,3301,p3->p4,3,4,120,1.5695152526672718,1.7995165167065108,-0.23000126403923904,0.0,True,True,False,480,388,EVALUATION_BUDGET_EXHAUSTED,1.3949296046048403
task-v2-3f363bac5736,g-60667963f6db3f1b,O0,3301,p3->p4,3,4,240,1.5453562261441607,1.7913340921231657,-0.24597786597900506,0.0,True,True,False,480,388,EVALUATION_BUDGET_EXHAUSTED,1.3949296046048403
task-v2-3f363bac5736,g-60667963f6db3f1b,O0,3301,p3->p4,3,4,480,1.5086313096579254,1.7589188574374839,-0.25028754777955853,0.0,True,True,False,480,388,EVALUATION_BUDGET_EXHAUSTED,1.3949296046048403
task-v2-ce7fc44fc7b5,g-548c8c6335dd2a2e,O0,3301,p2->p3,2,3,120,1.5277552278892617,1.5752417671876016,-0.0474865392983399,0.0,True,True,False,480,399,EVALUATION_BUDGET_EXHAUSTED,0.9867921397089958
task-v2-ce7fc44fc7b5,g-548c8c6335dd2a2e,O0,3301,p2->p3,2,3,240,1.4460866927125464,1.498431948359468,-0.052345255646921496,0.0,True,True,False,480,399,EVALUATION_BUDGET_EXHAUSTED,0.9867921397089958
task-v2-ce7fc44fc7b5,g-548c8c6335dd2a2e,O0,3301,p2->p3,2,3,480,1.2911896607888347,1.4515765718336764,-0.1603869110448417,0.0,True,True,False,480,399,EVALUATION_BUDGET_EXHAUSTED,0.9867921397089958
task-v2-f5c9b9bdeb27,g-a87f1b9ac089cc45,O3,2207,p3->p4,3,4,120,1.027796726343086,0.9838396359750402,0.04395709036804585,0.0,True,False,True,480,387,EVALUATION_BUDGET_EXHAUSTED,579.0700373463333
task-v2-f5c9b9bdeb27,g-a87f1b9ac089cc45,O3,2207,p3->p4,3,4,240,0.8795835777027226,0.9837739059106174,-0.10419032820789487,0.0,True,True,False,480,387,EVALUATION_BUDGET_EXHAUSTED,579.0700373463333
task-v2-f5c9b9bdeb27,g-a87f1b9ac089cc45,O3,2207,p3->p4,3,4,480,0.8398903862236912,0.9837739059106174,-0.14388351968692625,0.0,True,True,False,480,387,EVALUATION_BUDGET_EXHAUSTED,579.0700373463333
task-v2-3f11ce371857,g-3ff7063ef9ea5cfb,O3,3301,p2->p3,2,3,120,0.9945408199320058,1.0216816260679624,-0.027140806135956597,0.0,True,True,False,480,401,EVALUATION_BUDGET_EXHAUSTED,22.44748635124415
task-v2-3f11ce371857,g-3ff7063ef9ea5cfb,O3,3301,p2->p3,2,3,240,0.9829030560683882,1.0167342992899724,-0.03383124322158415,0.0,True,True,False,480,401,EVALUATION_BUDGET_EXHAUSTED,22.44748635124415
task-v2-3f11ce371857,g-3ff7063ef9ea5cfb,O3,3301,p2->p3,2,3,480,0.9811323526166555,1.0167342992899724,-0.03560194667331684,0.0,True,True,False,480,401,EVALUATION_BUDGET_EXHAUSTED,22.44748635124415
task-v2-b9b3757d64c0,g-a87f1b9ac089cc45,O0,1103,p2->p3,2,3,120,1.3630556625073933,1.5307227802314722,-0.16766711772407894,-3.774758283725532e-15,True,True,False,480,393,EVALUATION_BUDGET_EXHAUSTED,490.4072064887732
task-v2-b9b3757d64c0,g-a87f1b9ac089cc45,O0,1103,p2->p3,2,3,240,1.320454477274239,1.3694731408146166,-0.04901866354037754,-4.440892098500626e-15,True,True,False,480,393,EVALUATION_BUDGET_EXHAUSTED,490.4072064887732
task-v2-b9b3757d64c0,g-a87f1b9ac089cc45,O0,1103,p2->p3,2,3,480,1.2746970075265718,1.261791279125682,0.012905728400889771,1.1102230246251565e-15,True,False,True,480,393,EVALUATION_BUDGET_EXHAUSTED,490.4072064887732
task-v2-b9b3757d64c0,g-a87f1b9ac089cc45,O3,2207,p3->p4,3,4,120,0.858139025741384,0.9480063702902772,-0.08986734454889322,0.0,True,True,False,480,395,EVALUATION_BUDGET_EXHAUSTED,592.7339056683704
task-v2-b9b3757d64c0,g-a87f1b9ac089cc45,O3,2207,p3->p4,3,4,240,0.8344715152197024,0.9345654721218158,-0.10009395690211342,0.0,True,True,False,480,395,EVALUATION_BUDGET_EXHAUSTED,592.7339056683704
task-v2-b9b3757d64c0,g-a87f1b9ac089cc45,O3,2207,p3->p4,3,4,480,0.8252051465876721,0.9126320756909724,-0.0874269291033003,0.0,True,True,False,480,395,EVALUATION_BUDGET_EXHAUSTED,592.7339056683704
task-v2-ce7fc44fc7b5,g-548c8c6335dd2a2e,O3,1103,p3->p4,3,4,120,0.024096057086184935,0.056398625908764356,-0.032302568822579425,0.0,True,True,False,377,308,EARLY_CONVERGENCE,0.8687918148934841
task-v2-ce7fc44fc7b5,g-548c8c6335dd2a2e,O3,1103,p3->p4,3,4,240,0.02352214913898837,0.05625366002203872,-0.03273151088305035,0.0,True,True,False,377,308,EARLY_CONVERGENCE,0.8687918148934841
task-v2-ce7fc44fc7b5,g-548c8c6335dd2a2e,O3,1103,p3->p4,3,4,480,0.023255813953488372,0.056077314273028936,-0.032821500319540564,0.0,True,True,False,377,308,EARLY_CONVERGENCE,0.8687918148934841
task-v2-73f419868dc6,g-553bb3c5ba0f2136,O3,2207,p2->p3,2,3,120,0.05092146670286049,0.046511627906976744,0.004409838795883747,0.0,True,False,True,480,388,EVALUATION_BUDGET_EXHAUSTED,0.9965193448588252
task-v2-73f419868dc6,g-553bb3c5ba0f2136,O3,2207,p2->p3,2,3,240,0.05056321586627541,0.046511627906976744,0.004051587959298664,0.0,True,False,True,480,388,EVALUATION_BUDGET_EXHAUSTED,0.9965193448588252
task-v2-73f419868dc6,g-553bb3c5ba0f2136,O3,2207,p2->p3,2,3,480,0.0504640901554407,0.046511627906976744,0.003952462248463955,0.0,True,False,True,480,388,EVALUATION_BUDGET_EXHAUSTED,0.9965193448588252
task-v2-8792ce3c54d5,g-a712031e7959d564,O3,1103,p3->p4,3,4,120,0.7952361847761985,0.9130081910637835,-0.117772006287585,0.0,True,True,False,480,399,EVALUATION_BUDGET_EXHAUSTED,3.2561882687732577
task-v2-8792ce3c54d5,g-a712031e7959d564,O3,1103,p3->p4,3,4,240,0.7912108731711931,0.9129843087301328,-0.12177343555893971,0.0,True,True,False,480,399,EVALUATION_BUDGET_EXHAUSTED,3.2561882687732577
task-v2-8792ce3c54d5,g-a712031e7959d564,O3,1103,p3->p4,3,4,480,0.7793857031384854,0.9129590579107547,-0.13357335477226928,0.0,True,True,False,480,399,EVALUATION_BUDGET_EXHAUSTED,3.2561882687732577
task-v2-8c0a098a6f8b,g-a712031e7959d564,O3,2207,p2->p3,2,3,120,0.5452445662160843,0.35053393233522584,0.19471063388085846,0.0,True,False,True,480,393,EVALUATION_BUDGET_EXHAUSTED,2.7772093638777733
task-v2-8c0a098a6f8b,g-a712031e7959d564,O3,2207,p2->p3,2,3,240,0.49797590234292005,0.31116328286377615,0.1868126194791439,0.0,True,False,True,480,393,EVALUATION_BUDGET_EXHAUSTED,2.7772093638777733
task-v2-8c0a098a6f8b,g-a712031e7959d564,O3,2207,p2->p3,2,3,480,0.4653858028108811,0.20545263348231285,0.25993316932856825,0.0,True,False,True,480,393,EVALUATION_BUDGET_EXHAUSTED,2.7772093638777733
task-v2-73f419868dc6,g-553bb3c5ba0f2136,O3,1103,p2->p3,2,3,120,0.046511627906976744,0.05748894929284621,-0.010977321385869467,0.0,True,True,False,123,93,EARLY_CONVERGENCE,0.22724172472953796
task-v2-73f419868dc6,g-553bb3c5ba0f2136,O3,1103,p2->p3,2,3,240,0.046511627906976744,0.05703566685024462,-0.01052403894326788,0.0,True,True,False,123,93,EARLY_CONVERGENCE,0.22724172472953796
task-v2-73f419868dc6,g-553bb3c5ba0f2136,O3,1103,p2->p3,2,3,480,0.046511627906976744,0.05690614153886903,-0.01039451363189229,0.0,True,True,False,123,93,EARLY_CONVERGENCE,0.22724172472953796
task-v2-4e78b3f98433,g-553bb3c5ba0f2136,O3,3301,p2->p3,2,3,120,0.06976744186046512,0.5312695675484741,-0.46150212568800897,0.0,True,True,False,60,43,EARLY_CONVERGENCE,0.10928244888782501
task-v2-4e78b3f98433,g-553bb3c5ba0f2136,O3,3301,p2->p3,2,3,240,0.06976744186046512,0.5283843570275739,-0.4586169151671088,0.0,True,True,False,60,43,EARLY_CONVERGENCE,0.10928244888782501
task-v2-4e78b3f98433,g-553bb3c5ba0f2136,O3,3301,p2->p3,2,3,480,0.06976744186046512,0.5282225976299612,-0.458455155769496,0.0,True,True,False,60,43,EARLY_CONVERGENCE,0.10928244888782501
task-v2-780e1209d403,g-e0c69f84d376b633,O0,1103,p3->p4,3,4,120,1.3237683319038953,1.2818126348393803,0.04195569706451496,-6.661338147750939e-15,True,False,True,480,407,EVALUATION_BUDGET_EXHAUSTED,575.0839020116255
task-v2-780e1209d403,g-e0c69f84d376b633,O0,1103,p3->p4,3,4,240,1.2877321368330654,1.2566929933573705,0.03103914347569492,-2.886579864025407e-15,True,False,True,480,407,EVALUATION_BUDGET_EXHAUSTED,575.0839020116255
task-v2-780e1209d403,g-e0c69f84d376b633,O0,1103,p3->p4,3,4,480,1.274713322630628,1.227780709455958,0.0469326131746699,-3.1086244689504383e-15,True,False,True,480,407,EVALUATION_BUDGET_EXHAUSTED,575.0839020116255
task-v2-5d31ef4af595,g-bd62d2d752385cc7,O0,1103,p2->p3,2,3,120,1.4190728570865005,1.9667001892137328,-0.5476273321272322,2.220446049250313e-16,True,True,False,480,397,EVALUATION_BUDGET_EXHAUSTED,19.63273007981479
task-v2-5d31ef4af595,g-bd62d2d752385cc7,O0,1103,p2->p3,2,3,240,1.3950096807592551,1.9306123150965715,-0.5356026343373164,2.220446049250313e-16,True,True,False,480,397,EVALUATION_BUDGET_EXHAUSTED,19.63273007981479
task-v2-5d31ef4af595,g-bd62d2d752385cc7,O0,1103,p2->p3,2,3,480,1.3851222464776813,1.8548302671750836,-0.46970802069740225,-8.881784197001252e-16,True,True,False,480,397,EVALUATION_BUDGET_EXHAUSTED,19.63273007981479
task-v2-4968f3a685c2,g-8a16a856f5377a40,O3,2207,p3->p4,3,4,120,0.8475236613126249,0.9701415569823335,-0.1226178956697086,0.0,True,True,False,480,376,EVALUATION_BUDGET_EXHAUSTED,3.1237207874655724
task-v2-4968f3a685c2,g-8a16a856f5377a40,O3,2207,p3->p4,3,4,240,0.8047546959621615,0.9597836005199775,-0.15502890455781593,0.0,True,True,False,480,376,EVALUATION_BUDGET_EXHAUSTED,3.1237207874655724
task-v2-4968f3a685c2,g-8a16a856f5377a40,O3,2207,p3->p4,3,4,480,0.7860930186997956,0.9556447992748814,-0.1695517805750858,0.0,True,True,False,480,376,EVALUATION_BUDGET_EXHAUSTED,3.1237207874655724
