task_id,base_graph_id,base_instance_id,size_stratum,stress_level,n_edges,feasible_state_fraction,dilution_score,arm,source_p2_seed,depth,eval_budget,state_variant,parameters,objective,p_feas,p_opt,p_opt_given_feasible,G_feas,state_norm,expected_routing_component,expected_flow_penalty,expected_resource_penalty,expected_total_penalty,component_sum,component_sum_error,mass_valid_flow_resource_feasible,mass_flow_invalid_resource_feasible,mass_flow_valid_resource_violating,mass_both_flow_and_resource_violating,mass_flow_invalid,mass_resource_violating,mass_category_sum
task-v2-e442db508705,g-548c8c6335dd2a2e,v2-S1-b000-g-548c8c6335dd2a2e,S1,D1,7,0.0078125,2.1072099696478683,P2_RANDOM_ORIGINAL,1103,2,120,terminal,"[1.477800657813748, 4.34993797619227, 2.440640577618369, 0.14039436331164015]",1.6117171955819425,0.03092824302363936,0.03092824302363936,1.0,0.597565218884431,0.9999999999999998,0.06290191775707235,1.2698547164377183,0.27896056138715164,1.54881527782487,1.6117171955819423,-2.220446049250313e-16,0.03092824302363936,0.7223125113323735,0.03405673394994498,0.212702511694042,0.9350150230264155,0.246759245643987,0.9999999999999999
task-v2-e442db508705,g-548c8c6335dd2a2e,v2-S1-b000-g-548c8c6335dd2a2e,S1,D1,7,0.0078125,2.1072099696478683,P2_RANDOM_ORIGINAL,2207,2,120,terminal,"[3.879273207878719, 6.298057187376657, 2.550077674081783, -0.3874335713792828]",1.6710622921516056,0.07358051621199466,0.07358051621199466,1.0,0.973972799993131,0.9999999999999997,0.065370437903121,1.1165541023648347,0.48913775188364994,1.6056918542484846,1.6710622921516056,0.0,0.07358051621199466,0.46413109905820243,0.057049217283631166,0.4052391674461713,0.8693702665043739,0.46228838472980244,0.9999999999999996
task-v2-e442db508705,g-548c8c6335dd2a2e,v2-S1-b000-g-548c8c6335dd2a2e,S1,D1,7,0.0078125,2.1072099696478683,P2_RANDOM_ORIGINAL,3301,2,120,terminal,"[2.7723638353221602, 3.568660695598161, 3.0688492111878953, -0.4992284504091515]",1.5859170053675018,0.09553165645776852,0.09553165645776852,1.0,1.087357277847213,1.0,0.06610396022941985,1.0167552362267427,0.5030578089113391,1.5198130451380818,1.5859170053675016,-2.220446049250313e-16,0.09553165645776852,0.42076296516674244,0.11948460389280777,0.36422077448268125,0.7849837396494237,0.48370537837548916,1.0
task-v2-e442db508705,g-548c8c6335dd2a2e,v2-S1-b000-g-548c8c6335dd2a2e,S1,D1,7,0.0078125,2.1072099696478683,P3_CONTINUATION_B1,1103,3,120,terminal,"[1.481008805893397, 4.329444237852024, -0.00026446230901212424, 2.4410662664973093, 0.1407904296964016, -0.000880761713396926]",1.61169639078071,0.030480658223724817,0.030480658223724817,1.0,0.5912343109192681,0.9999999999999998,0.06287254633348974,1.2694348815210958,0.2793889629261243,1.5488238444472202,1.61169639078071,0.0,0.030480658223724817,0.7223868815665919,0.034358072218046,0.21277438799163714,0.935161269558229,0.24713246020968319,0.9999999999999999
task-v2-e442db508705,g-548c8c6335dd2a2e,v2-S1-b000-g-548c8c6335dd2a2e,S1,D1,7,0.0078125,2.1072099696478683,P3_CONTINUATION_B1,2207,3,120,terminal,"[4.825705627687259, 6.524096310251698, -0.04687518099554512, 2.561766993276884, -0.35549925316791986, 0.07533360324009399]",1.563286069125227,0.09203103145390436,0.09203103145390436,1.0,1.0711442591331763,0.9999999999999998,0.06581145261104443,1.0398693188219739,0.4576052976922089,1.4974746165141828,1.5632860691252273,2.220446049250313e-16,0.09203103145390436,0.47032103257306057,0.10383133205014146,0.33381660392289325,0.8041376364959538,0.43764793597303475,0.9999999999999997
task-v2-e442db508705,g-548c8c6335dd2a2e,v2-S1-b000-g-548c8c6335dd2a2e,S1,D1,7,0.0078125,2.1072099696478683,P3_CONTINUATION_B1,3301,3,120,terminal,"[2.680905561166849, 3.5056763867596046, 0.5259695758720643, 3.0544283694540417, -0.4101686224880786, -0.11569698587035417]",1.5648622119105828,0.09948489000829024,0.09948489000829024,1.0,1.1049670937671032,1.0000000000000004,0.06580210750845698,1.0072352906796747,0.4918248137224512,1.499060104402126,1.5648622119105828,0.0,0.09948489000829024,0.4280664692158118,0.1227006400265539,0.34974800074934426,0.7778144699651561,0.47244864077589815,1.0000000000000002
task-v2-e442db508705,g-548c8c6335dd2a2e,v2-S1-b000-g-548c8c6335dd2a2e,S1,D1,7,0.0078125,2.1072099696478683,P3_CONTINUATION_B2,3301,3,240,terminal,"[2.660851691179496, 3.4913362719296943, 0.5237116484485305, 3.0571436018557976, -0.40379786288929637, -0.12345250117005166]",1.5646028647599681,0.09972304599357135,0.09972304599357135,1.0,1.1060055050030368,1.0,0.06589869488446828,1.0062696697227642,0.4924345001527356,1.4987041698755,1.564602864759968,-2.220446049250313e-16,0.09972304599357135,0.4272393573076174,0.12332118110834653,0.3497164155904646,0.7769557728980824,0.4730375966988112,1.0
task-v2-e442db508705,g-548c8c6335dd2a2e,v2-S1-b000-g-548c8c6335dd2a2e,S1,D1,7,0.0078125,2.1072099696478683,P3_CONTINUATION_B4,3301,3,480,terminal,"[2.6539600730348463, 3.4890182067641926, 0.5043527735992739, 3.057639105422904, -0.39660051546770897, -0.1299528944021622]",1.5645354958323137,0.09980263353054344,0.09980263353054344,1.0,1.1063519709822618,1.0,0.06595300031046136,1.005578110979371,0.49300438454248097,1.498582495521852,1.5645354958323134,-2.220446049250313e-16,0.09980263353054344,0.4266103986126583,0.12367189774992608,0.34991507010687223,0.7765254687195307,0.4735869678567983,1.0
task-v2-e442db508705,g-548c8c6335dd2a2e,v2-S1-b000-g-548c8c6335dd2a2e,S1,D1,7,0.0078125,2.1072099696478683,P3_NELDER_MEAD_B1,3301,3,120,terminal,"[2.6050507142231183, 3.774025847744505, -5.365784041156032e-06, 3.055860464142247, -0.49506278208006077, 0.0009653086017559344]",1.5848599878719805,0.09300208548169979,0.09300208548169979,1.0,1.0757026569441623,1.0000000000000002,0.06579927274953665,1.0160751027755277,0.5029856123469163,1.519060715122444,1.5848599878719807,2.220446049250313e-16,0.09300208548169979,0.4230220680823199,0.12140990987087825,0.3625659365651023,0.7855880046474223,0.4839758464359806,1.0000000000000002
task-v2-e442db508705,g-548c8c6335dd2a2e,v2-S1-b000-g-548c8c6335dd2a2e,S1,D1,7,0.0078125,2.1072099696478683,P3_RANDOM_ORIGINAL,1103,3,120,terminal,"[1.4301522428476536, 5.4665092560399104, 3.5140789898446387, 0.7873635908747999, 3.4359087218109883, 1.6873507252307582]",1.6109772782424756,0.015591067525095923,0.015591067525095923,1.0,0.3000858221289474,1.0,0.042365338480600964,1.3111402214869663,0.2574717182749082,1.5686119397618745,1.6109772782424754,-2.220446049250313e-16,0.015591067525095923,0.7452822380143245,0.008683771128182905,0.2304429233323967,0.9757251613467214,0.23912669446057958,0.9999999999999999
task-v2-e442db508705,g-548c8c6335dd2a2e,v2-S1-b000-g-548c8c6335dd2a2e,S1,D1,7,0.0078125,2.1072099696478683,P3_RANDOM_ORIGINAL,2207,3,120,terminal,"[5.069818734753354, 5.2042880037268615, 2.942267069497085, 0.7312740400591933, 0.8686944031520314, 1.3919830340066335]",1.9079903579954587,0.04746087636503124,0.04746087636503124,1.0,0.7835457228503703,0.9999999999999994,0.07294870343491441,1.240231368403033,0.5948102861575113,1.8350416545605444,1.9079903579954587,0.0,0.04746087636503124,0.39586030049084425,0.015659188122599962,0.5410196350215238,0.9368799355123681,0.556678823144124,0.9999999999999993
task-v2-e442db508705,g-548c8c6335dd2a2e,v2-S1-b000-g-548c8c6335dd2a2e,S1,D1,7,0.0078125,2.1072099696478683,P3_RANDOM_ORIGINAL,3301,3,120,terminal,"[1.3548263689342672, 3.6133128942461954, 2.346828868940657, 0.8271851659346426, 3.2594200420267914, 1.9654861064107754]",1.5936407386978046,0.03205566207054036,0.03205566207054036,1.0,0.6131147207822333,0.9999999999999998,0.03833385846298144,1.2911651952496515,0.2641416849851717,1.555306880234823,1.5936407386978046,0.0,0.03205566207054036,0.7182435563327558,0.004276486413701638,0.24542429518300177,0.9636678515157576,0.24970078159670336,0.9999999999999996
task-v2-d7382a83ef13,g-548c8c6335dd2a2e,v2-S1-b000-g-548c8c6335dd2a2e,S1,D2,7,0.015625,1.806179973983887,P2_RANDOM_ORIGINAL,1103,2,120,terminal,"[1.3782086668752445, 4.601681502666781, 2.554680337050873, 0.14831440667307677]",1.5767358274755168,0.09988833319552405,0.04492980700607253,0.44980034773556327,0.8056947402409731,1.0000000000000004,0.06905302886359148,1.2120593046066337,0.2956234940052916,1.5076827986119252,1.5767358274755168,0.0,0.09988833319552405,0.6358696022021314,0.02042466977567356,0.2438173948266713,0.8796869970288027,0.2642420646023449,1.0000000000000004
task-v2-d7382a83ef13,g-548c8c6335dd2a2e,v2-S1-b000-g-548c8c6335dd2a2e,S1,D2,7,0.015625,1.806179973983887,P2_RANDOM_ORIGINAL,2207,2,120,terminal,"[4.8842099188213615, 6.738175990251219, 2.4882356625947186, -0.32227751464685306]",1.4805575381283131,0.150843954523465,0.09357045734344246,0.6203129428623327,0.9847078833261091,1.0000000000000009,0.06316264800971737,1.0420323307045358,0.3753625594140596,1.4173948901185955,1.4805575381283127,-4.440892098500626e-16,0.150843954523465,0.49141057056179493,0.04524506508634467,0.31250040982839633,0.8039109803901912,0.357745474914741,1.0000000000000009
task-v2-d7382a83ef13,g-548c8c6335dd2a2e,v2-S1-b000-g-548c8c6335dd2a2e,S1,D2,7,0.015625,1.806179973983887,P2_RANDOM_ORIGINAL,3301,2,120,terminal,"[3.032761243412031, 3.331088620118533, 3.069783442292192, -0.4785774234800611]",1.5136882839514054,0.1643406008826411,0.10020753855826221,0.6097552158143952,1.0219248445461497,1.0000000000000004,0.06730423402433686,0.9979956812840964,0.44838836864297216,1.4463840499270686,1.5136882839514054,0.0,0.1643406008826411,0.4039272121715204,0.06509476906451829,0.36663741788132054,0.7705646300528409,0.4317321869458388,1.0000000000000004
task-v2-d7382a83ef13,g-548c8c6335dd2a2e,v2-S1-b000-g-548c8c6335dd2a2e,S1,D2,7,0.015625,1.806179973983887,P3_CONTINUATION_B1,1103,3,120,terminal,"[1.3749997365313709, 4.637543622402393, -0.009803079957066868, 2.556798513484951, 0.1454636940034902, 0.0009081655717915359]",1.5762993418256328,0.10099610029419105,0.045470197161697874,0.45021735521716144,0.8104845789208777,1.0000000000000002,0.06911091247575563,1.2110816075730473,0.29610682177682973,1.507188429349877,1.5762993418256326,-2.220446049250313e-16,0.10099610029419105,0.6342626845303175,0.02018288615795936,0.2445583290175325,0.8788210135478499,0.2647412151754919,1.0000000000000004
task-v2-d7382a83ef13,g-548c8c6335dd2a2e,v2-S1-b000-g-548c8c6335dd2a2e,S1,D2,7,0.015625,1.806179973983887,P3_CONTINUATION_B1,2207,3,120,terminal,"[5.713097476069165, 6.838705741886849, -0.26189851981221557, 2.5066611881809764, -0.4725378580412556, 0.2052356132359491]",1.3651376944024782,0.196569425804615,0.11297730925597364,0.5747450743854245,1.099695943039874,1.0000000000000009,0.05694089704869584,0.9832610226816282,0.32493577467215407,1.3081967973537822,1.365137694402478,-2.220446049250313e-16,0.196569425804615,0.4901909232824035,0.056314617207902,0.25692503370508046,0.7471159569874839,0.3132396509129825,1.0000000000000009
task-v2-d7382a83ef13,g-548c8c6335dd2a2e,v2-S1-b000-g-548c8c6335dd2a2e,S1,D2,7,0.015625,1.806179973983887,P3_CONTINUATION_B1,3301,3,120,terminal,"[3.0196062126783967, 3.3421832736198254, -0.0027404542223078577, 3.0695497487419634, -0.47983293794475884, 0.0013029040316764422]",1.5135918259351904,0.1643950641131905,0.10021411497326697,0.6095932108050812,1.022068747889956,1.0000000000000009,0.06729523122377201,0.9977337248440478,0.44856286986737065,1.4462965947114184,1.5135918259351906,2.220446049250313e-16,0.1643950641131905,0.4036869706726547,0.06516912309191857,0.3667488421222369,0.7704358127948916,0.43191796521415554,1.0000000000000007
task-v2-d7382a83ef13,g-548c8c6335dd2a2e,v2-S1-b000-g-548c8c6335dd2a2e,S1,D2,7,0.015625,1.806179973983887,P3_CONTINUATION_B2,2207,3,240,terminal,"[5.863041846165946, 6.769714497826122, -0.34948122400143655, 2.5101701878653713, -0.49746904074694986, 0.2541214451313107]",1.3511155951615004,0.20528116705646274,0.11820814608879295,0.5758353178900221,1.118529082055763,1.0000000000000004,0.05635727132134686,0.9723613267154821,0.3223969971246715,1.2947583238401537,1.3511155951615006,2.220446049250313e-16,0.20528116705646274,0.4834980231499706,0.057378265102142924,0.25384254469142403,0.7373405678413946,0.311220809793567,1.0000000000000002
task-v2-d7382a83ef13,g-548c8c6335dd2a2e,v2-S1-b000-g-548c8c6335dd2a2e,S1,D2,7,0.015625,1.806179973983887,P3_CONTINUATION_B4,2207,3,480,terminal,"[5.8981578156210475, 6.76081672281824, -0.3593735646168864, 2.512724821362827, -0.48887276508853983, 0.25035197237408247]",1.3508235151087655,0.20639921897833402,0.11854601003676837,0.574352997184608,1.1208880235570766,1.0000000000000009,0.05645049378223948,0.9698864003035194,0.32448662102300646,1.2943730213265259,1.3508235151087653,-2.220446049250313e-16,0.20639921897833402,0.4802694179691622,0.058424253959997494,0.2549071090925069,0.7351765270616692,0.3133313630525044,1.0000000000000007
task-v2-d7382a83ef13,g-548c8c6335dd2a2e,v2-S1-b000-g-548c8c6335dd2a2e,S1,D2,7,0.015625,1.806179973983887,P3_NELDER_MEAD_B1,2207,3,120,terminal,"[6.105020075669154, 7.116102809071516, -0.0005356514427627267, 2.5339889096682082, -0.23322882984062487, 0.00033308197655157847]",1.3773227972257975,0.1994484644752041,0.10966944211684111,0.5498635570116183,1.1060106710723991,1.0,0.05795830939348226,0.9700307149341477,0.3493337728981676,1.3193644878323152,1.3773227972257975,0.0,0.1994484644752041,0.46283151773349335,0.06699176897935241,0.27072824881195,0.7335597665454432,0.33772001779130245,0.9999999999999999
task-v2-d7382a83ef13,g-548c8c6335dd2a2e,v2-S1-b000-g-548c8c6335dd2a2e,S1,D2,7,0.015625,1.806179973983887,P3_RANDOM_ORIGINAL,1103,3,120,terminal,"[1.4056588241736698, 5.526459798398741, 3.6352104571955746, 0.9950104640599253, 3.2065394310809996, 1.777551034170013]",1.6156165692792386,0.0421490590487546,0.01684029957462469,0.39954153081199756,0.4309678577015876,0.9999999999999996,0.058607183932865986,1.244317888027608,0.3126914973187648,1.557009385346373,1.6156165692792386,0.0,0.0421490590487546,0.6638150922290338,0.012167039635500764,0.2818688090867104,0.9456839013157442,0.2940358487222111,0.9999999999999996
task-v2-d7382a83ef13,g-548c8c6335dd2a2e,v2-S1-b000-g-548c8c6335dd2a2e,S1,D2,7,0.015625,1.806179973983887,P3_RANDOM_ORIGINAL,2207,3,120,terminal,"[5.044663890708744, 5.37391526890806, 3.435522602811747, 0.7516038539289883, 0.9446121059635761, 1.2893847024657568]",1.8041013009278049,0.11191293873467306,0.08230145526019576,0.7354060771768205,0.8550602740620825,0.9999999999999999,0.0782212530713539,1.1600323337569003,0.5658477140995507,1.7258800478564509,1.804101300927805,2.220446049250313e-16,0.11191293873467306,0.35983438984253624,0.005951056638320572,0.52230161478447,0.8821360046270063,0.5282526714227905,0.9999999999999999
task-v2-d7382a83ef13,g-548c8c6335dd2a2e,v2-S1-b000-g-548c8c6335dd2a2e,S1,D2,7,0.015625,1.806179973983887,P3_RANDOM_ORIGINAL,3301,3,120,terminal,"[2.8657907601425494, 3.5119020132451206, 2.0921502511760246, -0.042249918172701906, 2.6199404398565123, 3.0278944565584114]",1.481547803454795,0.18257297607136114,0.10857328206254671,0.5946842977468328,1.0676164689147287,1.0000000000000004,0.06400048795133842,0.9916564132927278,0.425890902210729,1.4175473155034568,1.481547803454795,0.0,0.18257297607136114,0.4064283907343413,0.0630583000987428,0.3479403330955552,0.7543687238298965,0.410998633194298,1.0000000000000004
task-v2-ce7fc44fc7b5,g-548c8c6335dd2a2e,v2-S1-b000-g-548c8c6335dd2a2e,S1,D3,7,0.0234375,1.630088714928206,P2_RANDOM_ORIGINAL,1103,2,120,terminal,"[1.2230132147294046, 4.782995288064548, 2.701315695909157, 0.11815955664767501]",1.4606063228435135,0.13545437082420464,0.050656774255849905,0.37397666791862527,0.7618817382819428,0.9999999999999996,0.07634654222973342,1.1835405838993718,0.20071919671440852,1.3842597806137804,1.4606063228435135,0.0,0.1354543708242046,0.680631280534994,0.0,0.18391434864080097,0.8645456291757949,0.18391434864080097,0.9999999999999996
task-v2-ce7fc44fc7b5,g-548c8c6335dd2a2e,v2-S1-b000-g-548c8c6335dd2a2e,S1,D3,7,0.0234375,1.630088714928206,P2_RANDOM_ORIGINAL,2207,2,120,terminal,"[6.057428853187273, 4.377771129103387, 2.7001753060835285, 0.12927775915703282]",1.261482475324296,0.297342946902572,0.1153029515555255,0.3877776579422477,1.1033463562413153,1.0,0.07635692676444233,0.9211320982764402,0.26399345028341353,1.1851255485598537,1.2614824753242961,2.220446049250313e-16,0.297342946902572,0.4489693439694174,0.0,0.25368770912801064,0.7026570530974281,0.25368770912801064,1.0
task-v2-ce7fc44fc7b5,g-548c8c6335dd2a2e,v2-S1-b000-g-548c8c6335dd2a2e,S1,D3,7,0.0234375,1.630088714928206,P2_RANDOM_ORIGINAL,3301,2,120,terminal,"[1.9479617096463702, 0.6266568289030283, 1.576806729659442, 1.1946472781263702]",1.5752417685566071,0.10538072110989258,0.04117066564232041,0.3906849868619425,0.6528498810094969,0.9999999999999993,0.08137121206662751,1.180301161528254,0.31356939496172553,1.4938705564899795,1.575241768556607,-2.220446049250313e-16,0.10538072110989258,0.5995826820310811,0.0,0.2950365968590257,0.8946192788901071,0.2950365968590257,0.9999999999999994
task-v2-ce7fc44fc7b5,g-548c8c6335dd2a2e,v2-S1-b000-g-548c8c6335dd2a2e,S1,D3,7,0.0234375,1.630088714928206,P3_CONTINUATION_B1,1103,3,120,terminal,"[1.222382655752871, 4.804024094073824, -0.0030879796521699142, 2.6985770583842705, 0.12229434007616986, -0.0026221530556022983]",1.4604830995534934,0.13553264545647722,0.05050690008506228,0.37265486787300445,0.7621326303156719,1.0000000000000009,0.07627735384570236,1.1840873311324274,0.20011841457536367,1.384205745707791,1.4604830995534934,0.0,0.13553264545647722,0.6811188283033921,0.0,0.18334852624013143,0.8644673545435235,0.18334852624013143,1.0000000000000009
task-v2-ce7fc44fc7b5,g-548c8c6335dd2a2e,v2-S1-b000-g-548c8c6335dd2a2e,S1,D3,7,0.0234375,1.630088714928206,P3_CONTINUATION_B1,2207,3,120,terminal,"[6.105255901979322, 4.373888994771447, 0.0017303756358086244, 2.6998740366129894, 0.12657818951640518, -0.0032653094013129175]",1.2602882371218822,0.29706896390766346,0.11589937876522534,0.3901430066630919,1.1029459964602044,0.9999999999999996,0.07596936118811504,0.9210101173787983,0.2633087585549687,1.184318875933767,1.2602882371218822,0.0,0.29706896390766346,0.4497627513453514,0.0,0.2531682847469846,0.7029310360923361,0.2531682847469846,0.9999999999999994
task-v2-ce7fc44fc7b5,g-548c8c6335dd2a2e,v2-S1-b000-g-548c8c6335dd2a2e,S1,D3,7,0.0234375,1.630088714928206,P3_CONTINUATION_B1,3301,3,120,terminal,"[1.1540017419480708, 0.3537023611411845, 1.0496244305440023, 1.5308248640302606, 1.2212628288122238, -0.2797627609407787]",1.1558830707093692,0.22042122327183586,0.08801585722296795,0.3993075436044643,0.9733421231936842,0.999999999999999,0.06134426353879103,1.0013984861509568,0.09314032101962116,1.094538807170578,1.155883070709369,-2.220446049250313e-16,0.22042122327183586,0.6940043784763106,0.0,0.08557439825185251,0.779578776728163,0.08557439825185251,0.999999999999999
task-v2-ce7fc44fc7b5,g-548c8c6335dd2a2e,v2-S1-b000-g-548c8c6335dd2a2e,S1,D3,7,0.0234375,1.630088714928206,P3_CONTINUATION_B2,2207,3,240,terminal,"[6.122137130927386, 4.357334398315218, 0.019913452078069774, 2.701885104928857, 0.13702846227192517, -0.014850469041828527]",1.2599712440211555,0.29760109076287694,0.1162579880527167,0.39065040976395116,1.1037232335743266,0.9999999999999994,0.07593987442958143,0.9203609606896126,0.2636704089019616,1.1840313695915743,1.2599712440211555,0.0,0.29760109076287694,0.44885343781167497,0.0,0.25354547142544764,0.7023989092371226,0.25354547142544764,0.9999999999999996
task-v2-ce7fc44fc7b5,g-548c8c6335dd2a2e,v2-S1-b000-g-548c8c6335dd2a2e,S1,D3,7,0.0234375,1.630088714928206,P3_CONTINUATION_B4,2207,3,480,terminal,"[6.128318730274686, 4.445584294667101, 0.18697563041665186, 2.708244171432363, 0.3488690403497976, -0.2277450940041486]",1.2389880148915422,0.3111233660562703,0.11973433058742587,0.38484518892023856,1.1230213437425771,0.9999999999999992,0.07594926779828848,0.9037056186079617,0.259333128485292,1.1630387470932537,1.2389880148915422,0.0,0.3111233660562702,0.43926300774305976,0.0,0.24961362620066938,0.688876633943729,0.24961362620066938,0.9999999999999993
task-v2-ce7fc44fc7b5,g-548c8c6335dd2a2e,v2-S1-b000-g-548c8c6335dd2a2e,S1,D3,7,0.0234375,1.630088714928206,P3_NELDER_MEAD_B1,2207,3,120,terminal,"[6.126227839424024, 4.340748757845818, 0.00016730012987580626, 2.7030064715800046, 0.12290070870679096, 5.014796492568737e-05]",1.2601116033699384,0.2980016843545126,0.11644684839669295,0.39075902758376346,1.1043074337152097,1.0000000000000009,0.07599346850289421,0.9200215695306045,0.26409656533643977,1.1841181348670444,1.2601116033699387,2.220446049250313e-16,0.2980016843545126,0.4480542678763213,0.0,0.2539440477691669,0.7019983156454884,0.2539440477691669,1.0000000000000009
task-v2-ce7fc44fc7b5,g-548c8c6335dd2a2e,v2-S1-b000-g-548c8c6335dd2a2e,S1,D3,7,0.0234375,1.630088714928206,P3_RANDOM_ORIGINAL,1103,3,120,terminal,"[1.3076161240492674, 4.711818765467614, 4.21174420477971, 1.2056767314413064, 3.0263696347879674, 1.6093734181316979]",1.4671321646577957,0.1269645324561242,0.04387755161574235,0.345589045751067,0.7337711326569516,0.9999999999999989,0.07728748593529813,1.1477644705397663,0.24208020818273135,1.3898446787224976,1.4671321646577957,0.0,0.1269645324561242,0.6483496917038074,0.0,0.2246857758400674,0.8730354675438746,0.2246857758400674,0.999999999999999
task-v2-ce7fc44fc7b5,g-548c8c6335dd2a2e,v2-S1-b000-g-548c8c6335dd2a2e,S1,D3,7,0.0234375,1.630088714928206,P3_RANDOM_ORIGINAL,2207,3,120,terminal,"[3.295205758279169, 3.1042334806963554, 3.2947130935971813, -0.0018675455983230105, 1.1399620996048148, 1.4585158210986797]",1.2835095463474888,0.2934359991382947,0.1198432230583082,0.40841349871944915,1.0976021075576956,1.0,0.07456874986988377,0.9243203723830843,0.28462042409452076,1.208940796477605,1.2835095463474888,0.0,0.2934359991382947,0.43093054552648985,0.0,0.27563345533521555,0.7065640008617052,0.27563345533521555,1.0
task-v2-ce7fc44fc7b5,g-548c8c6335dd2a2e,v2-S1-b000-g-548c8c6335dd2a2e,S1,D3,7,0.0234375,1.630088714928206,P3_RANDOM_ORIGINAL,3301,3,120,terminal,"[2.1999030780050894, 2.814321829246446, 1.5400655014375486, 0.5423846840435429, 2.2404918842455346, 2.930676634463587]",1.5277552278697757,0.11646174611645368,0.034175242895928534,0.29344608024128077,0.696272012146681,0.9999999999999996,0.05799571603989109,1.1903333748065839,0.27942613702330077,1.4697595118298845,1.527755227869776,2.220446049250313e-16,0.11646174611645368,0.6249090349784674,0.0,0.2586292189050787,0.883538253883546,0.2586292189050787,0.9999999999999998
task-v2-4e78b3f98433,g-553bb3c5ba0f2136,v2-S1-b001-g-553bb3c5ba0f2136,S1,D1,7,0.0078125,2.1072099696478683,P2_RANDOM_ORIGINAL,1103,2,120,terminal,"[1.6943290289611375, 4.238012900972635, 2.425342072178163, 0.1685275075675178]",1.7075527106223567,0.05445195323979102,0.05445195323979102,1.0,0.8432234325467988,0.9999999999999998,0.067229889801558,1.214284934762658,0.4260378860581406,1.6403228208207987,1.7075527106223567,0.0,0.05445195323979102,0.5909662515068752,0.04782293440483547,0.3067588608484981,0.8977251123553733,0.35458179525333355,0.9999999999999998
task-v2-4e78b3f98433,g-553bb3c5ba0f2136,v2-S1-b001-g-553bb3c5ba0f2136,S1,D1,7,0.0078125,2.1072099696478683,P2_RANDOM_ORIGINAL,2207,2,120,terminal,"[3.2617673516882473, 5.94505017619575, 2.3753965412699434, -0.40746338949101585]",1.6874314518651659,0.01592701380852194,0.01592701380852194,1.0,0.3093443262367397,0.9999999999999998,0.057909412815668186,1.1698241889529037,0.459697850096594,1.6295220390494978,1.6874314518651659,0.0,0.01592701380852194,0.5764789802002158,0.05727174058947261,0.3503222654017893,0.926801245602005,0.40759400599126194,0.9999999999999996
task-v2-4e78b3f98433,g-553bb3c5ba0f2136,v2-S1-b001-g-553bb3c5ba0f2136,S1,D1,7,0.0078125,2.1072099696478683,P2_RANDOM_ORIGINAL,3301,2,120,terminal,"[1.307318752691071, 1.2991391804027617, 2.67102286333235, -0.3163059091851462]",1.4079863839740818,0.10029468560201471,0.10029468560201471,1.0,1.1084878909547582,1.0000000000000002,0.05311596044138274,1.0278502676180672,0.32702015591463185,1.3548704235326992,1.4079863839740816,-2.220446049250313e-16,0.10029468560201471,0.6117873024554458,0.08857006241275456,0.19934794952978518,0.8111352519852308,0.28791801194253985,1.0000000000000002
task-v2-4e78b3f98433,g-553bb3c5ba0f2136,v2-S1-b001-g-553bb3c5ba0f2136,S1,D1,7,0.0078125,2.1072099696478683,P3_CONTINUATION_B1,1103,3,120,terminal,"[1.6940759091301048, 4.237260355347124, -0.00016307840191711283, 2.4254343208967497, 0.16854473116246974, -0.00010933819734880424]",1.707552271199142,0.054420388105240095,0.054420388105240095,1.0,0.8429716043235651,1.0000000000000007,0.06722770270747855,1.2142583261089754,0.42606624238268803,1.6403245684916634,1.707552271199142,0.0,0.054420388105240095,0.5909598916998657,0.04783726895450249,0.30678245124039233,0.8977423429402581,0.3546197201948948,1.0000000000000007
task-v2-4e78b3f98433,g-553bb3c5ba0f2136,v2-S1-b001-g-553bb3c5ba0f2136,S1,D1,7,0.0078125,2.1072099696478683,P3_CONTINUATION_B1,2207,3,120,terminal,"[3.3146909765764327, 5.711794846944455, 0.6801956364282501, 2.321119796845838, -0.32536254030451095, -0.13756896433670238]",1.6713865897185811,0.01633149313630767,0.01633149313630767,1.0,0.32023586235850426,1.0,0.05891245234768431,1.1762431989231028,0.4362309384477941,1.6124741373708968,1.6713865897185811,0.0,0.01633149313630767,0.6004113604923301,0.05412431121642888,0.3291328351549333,0.9295441956472634,0.38325714637136216,1.0
task-v2-4e78b3f98433,g-553bb3c5ba0f2136,v2-S1-b001-g-553bb3c5ba0f2136,S1,D1,7,0.0078125,2.1072099696478683,P3_CONTINUATION_B1,3301,3,120,terminal,"[0.9519604968838986, 0.9936566016347889, 0.9787610956601508, 2.7086269823648403, -0.3786333011627684, -0.23563701507750037]",1.240018148374048,0.1385015721301386,0.1385015721301386,1.0,1.2486646727491948,1.0000000000000004,0.04377345944347642,1.0179267927088622,0.1783178962217093,1.1962446889305716,1.240018148374048,0.0,0.1385015721301386,0.7027996822130533,0.05258298874499731,0.10611575691181106,0.8089154391248644,0.15869874565680836,1.0000000000000002
task-v2-4e78b3f98433,g-553bb3c5ba0f2136,v2-S1-b001-g-553bb3c5ba0f2136,S1,D1,7,0.0078125,2.1072099696478683,P3_CONTINUATION_B2,3301,3,240,terminal,"[0.8857074124052404, 0.9975555086785161, 1.3457064817763664, 2.6904069741261436, -0.4224409250635784, -0.25142837109357735]",1.1859892931420446,0.14968592956730722,0.14968592956730722,1.0,1.2823909483578546,0.9999999999999996,0.04170324987450734,0.9982780670872675,0.14600797618026956,1.144286043267537,1.1859892931420444,-2.220446049250313e-16,0.14968592956730722,0.7200987881577963,0.05533320615114748,0.07488207612374852,0.7949808642815447,0.130215282274896,0.9999999999999994
task-v2-4e78b3f98433,g-553bb3c5ba0f2136,v2-S1-b001-g-553bb3c5ba0f2136,S1,D1,7,0.0078125,2.1072099696478683,P3_CONTINUATION_B4,3301,3,480,terminal,"[0.8961536628191163, 0.9903405700395019, 1.3799034735731133, 2.686002318460375, -0.42082023731458157, -0.25083829527555734]",1.1855243787175922,0.1501294936789284,0.1501294936789284,1.0,1.2836759895642722,0.9999999999999987,0.04172360605807467,0.9969073745749749,0.14689339808454274,1.1438007726595176,1.1855243787175924,2.220446049250313e-16,0.1501294936789284,0.7188744351162645,0.05594147029479061,0.0750546009100153,0.7939290360262797,0.13099607120480591,0.9999999999999987
task-v2-4e78b3f98433,g-553bb3c5ba0f2136,v2-S1-b001-g-553bb3c5ba0f2136,S1,D1,7,0.0078125,2.1072099696478683,P3_NELDER_MEAD_B1,3301,3,120,terminal,"[1.2034602858391805, 1.249076989892957, 0.00044874341012575685, 2.682554817546627, -0.3384543590164656, -5.607307949002686e-05]",1.4013000083866376,0.10275354307149935,0.10275354307149935,1.0,1.1190067754745354,1.0000000000000002,0.05244852870688682,1.0323831398462402,0.3164683398335105,1.3488514796797508,1.4013000083866376,0.0,0.10275354307149935,0.6173010329494643,0.08236291733985013,0.19758250663918656,0.8148835395886508,0.27994542397903666,1.0000000000000002
task-v2-4e78b3f98433,g-553bb3c5ba0f2136,v2-S1-b001-g-553bb3c5ba0f2136,S1,D1,7,0.0078125,2.1072099696478683,P3_RANDOM_ORIGINAL,1103,3,120,terminal,"[1.3406610191446862, 5.180127805241215, 4.6028713901509875, 0.7040616124472738, 3.6473397560284373, 1.6715741601291572]",1.6231261882965546,0.002835945218821013,0.002835945218821013,1.0,-0.4400921929079322,0.9999999999999982,0.03884011957540455,1.285303932245145,0.29898213647600536,1.5842860687211502,1.6231261882965549,2.220446049250313e-16,0.002835945218821013,0.7271825251663043,0.008320098534357476,0.2616614310805156,0.9888439562468199,0.269981529614873,0.9999999999999984
task-v2-4e78b3f98433,g-553bb3c5ba0f2136,v2-S1-b001-g-553bb3c5ba0f2136,S1,D1,7,0.0078125,2.1072099696478683,P3_RANDOM_ORIGINAL,2207,3,120,terminal,"[5.909422531322108, 5.013044420645715, 3.0245757669928857, 0.9464390506053153, 0.0032439425489707453, 1.72818998795335]",1.626826618338895,0.05230152115876262,0.05230152115876262,1.0,0.8257242898965877,0.9999999999999997,0.05241188787520954,1.1092086966327463,0.46520603383093906,1.5744147304636855,1.626826618338895,0.0,0.05230152115876262,0.5093019868059555,0.10008422839570495,0.33831226363957667,0.8476142504455322,0.43839649203528147,0.9999999999999998
task-v2-4e78b3f98433,g-553bb3c5ba0f2136,v2-S1-b001-g-553bb3c5ba0f2136,S1,D1,7,0.0078125,2.1072099696478683,P3_RANDOM_ORIGINAL,3301,3,120,terminal,"[2.8538355486990654, 4.2273244533826055, 1.9281134397576187, 0.7549090756794706, 2.4496591718989453, 2.683534828839026]",1.7408072552882101,0.007104629721833418,0.007104629721833418,1.0,-0.04124858200208068,1.0000000000000016,0.05823646823339166,1.1782182123430025,0.504352574711816,1.6825707870548186,1.7408072552882101,0.0,0.007104629721833418,0.5378180828856134,0.07431924613342311,0.38075804125913143,0.918576124144745,0.45507728739255454,1.0000000000000013
task-v2-f83834022ee2,g-553bb3c5ba0f2136,v2-S1-b001-g-553bb3c5ba0f2136,S1,D2,7,0.015625,1.806179973983887,P2_RANDOM_ORIGINAL,1103,2,120,terminal,"[1.413635163902173, 4.73105758961043, 2.584346588403444, 0.1602227979409323]",1.5389477825874605,0.1165600690762756,0.05036556219485154,0.4320996254891792,0.8727297701191603,0.9999999999999989,0.07446493809132816,1.175286899763638,0.28919594473249444,1.4644828444961324,1.538947782587461,4.440892098500626e-16,0.1165600690762756,0.6306198406034172,0.020312470615771606,0.23250761970453465,0.863127460307952,0.2528200903203062,0.9999999999999991
task-v2-f83834022ee2,g-553bb3c5ba0f2136,v2-S1-b001-g-553bb3c5ba0f2136,S1,D2,7,0.015625,1.806179973983887,P2_RANDOM_ORIGINAL,2207,2,120,terminal,"[3.446785770283552, 4.257463579873268, 1.2003831452582399, 1.1523700333710754]",1.827662903124119,0.04495293386614056,0.03925373236100662,0.8732184750809625,0.4589380153322296,1.0000000000000004,0.07938179701902953,1.2436912536958689,0.5045898524092206,1.7482811061050896,1.8276629031241192,2.220446049250313e-16,0.04495293386614056,0.484204778894984,0.011091208244867612,0.45975107899400813,0.9439558578889922,0.47084228723887583,1.0000000000000004
task-v2-f83834022ee2,g-553bb3c5ba0f2136,v2-S1-b001-g-553bb3c5ba0f2136,S1,D2,7,0.015625,1.806179973983887,P2_RANDOM_ORIGINAL,3301,2,120,terminal,"[3.6693799678389927, 4.195975796142059, 1.1770428549108263, 1.1657648504052525]",1.8248685186398348,0.05610791469346783,0.04736077570664287,0.8441015134030045,0.5552041020003146,0.9999999999999997,0.08053877529924192,1.2198780144634354,0.5244517288771577,1.744329743340593,1.824868518639835,2.220446049250313e-16,0.05610791469346783,0.45239731221340135,0.014894595339175745,0.4766001777539547,0.9289974899673561,0.49149477309313055,0.9999999999999996
task-v2-f83834022ee2,g-553bb3c5ba0f2136,v2-S1-b001-g-553bb3c5ba0f2136,S1,D2,7,0.015625,1.806179973983887,P3_CONTINUATION_B1,1103,3,120,terminal,"[1.412396668108301, 4.734880973376411, -0.0007108946666977598, 2.5840854239505577, 0.16154826542242945, -0.0015616167266850258]",1.5389364989001957,0.1165549475247032,0.05040014962507859,0.4324153602694261,0.8727106871650077,0.999999999999999,0.07444106505140402,1.1754216853670272,0.2890737484817645,1.4644954338487917,1.5389364989001957,0.0,0.1165549475247032,0.6307207676801586,0.020252975442127275,0.2324713093530098,0.8631920770331687,0.2527242847951371,0.9999999999999989
task-v2-f83834022ee2,g-553bb3c5ba0f2136,v2-S1-b001-g-553bb3c5ba0f2136,S1,D2,7,0.015625,1.806179973983887,P3_CONTINUATION_B1,2207,3,120,terminal,"[3.887258763464037, 4.366601001296419, -0.6759563051287164, 1.0924551637366233, 1.0390872832754583, 0.30485719360176133]",1.701986188806698,0.15145398870616078,0.10620701822773655,0.7012493968302883,0.9864606894227499,0.9999999999999992,0.08453872855821284,1.0624744045313388,0.5549730557171464,1.6174474602484852,1.701986188806698,0.0,0.15145398870616078,0.3330308568566638,0.02710266131685026,0.4884124931203243,0.821443349976988,0.5155151544371745,0.9999999999999991
task-v2-f83834022ee2,g-553bb3c5ba0f2136,v2-S1-b001-g-553bb3c5ba0f2136,S1,D2,7,0.015625,1.806179973983887,P3_CONTINUATION_B1,3301,3,120,terminal,"[3.9044202650652604, 4.345815655609408, -0.6578430748435581, 1.1031393673161973, 1.0667169409754877, 0.2877649037619789]",1.7020559260147752,0.15394088155657518,0.10801844373030035,0.7016878339143604,0.9935339432416462,1.0000000000000004,0.08466576071432139,1.0568586870761285,0.5605314782243254,1.6173901653004539,1.7020559260147752,0.0,0.15394088155657518,0.32358680692059977,0.027191472303763196,0.4952808392190623,0.8188676461396622,0.5224723115228255,1.0000000000000004
task-v2-f83834022ee2,g-553bb3c5ba0f2136,v2-S1-b001-g-553bb3c5ba0f2136,S1,D2,7,0.015625,1.806179973983887,P3_CONTINUATION_B2,1103,3,240,terminal,"[1.412396668108301, 4.734880973376411, -0.0007108946666977598, 2.5840854239505577, 0.16154826542242945, -0.0015616167266850258]",1.5389364989001957,0.1165549475247032,0.05040014962507859,0.4324153602694261,0.8727106871650077,0.999999999999999,0.07444106505140402,1.1754216853670272,0.2890737484817645,1.4644954338487917,1.5389364989001957,0.0,0.1165549475247032,0.6307207676801586,0.020252975442127275,0.2324713093530098,0.8631920770331687,0.2527242847951371,0.9999999999999989
task-v2-f83834022ee2,g-553bb3c5ba0f2136,v2-S1-b001-g-553bb3c5ba0f2136,S1,D2,7,0.015625,1.806179973983887,P3_CONTINUATION_B4,1103,3,480,terminal,"[1.412396668108301, 4.734880973376411, -0.0007108946666977598, 2.5840854239505577, 0.16154826542242945, -0.0015616167266850258]",1.5389364989001957,0.1165549475247032,0.05040014962507859,0.4324153602694261,0.8727106871650077,0.999999999999999,0.07444106505140402,1.1754216853670272,0.2890737484817645,1.4644954338487917,1.5389364989001957,0.0,0.1165549475247032,0.6307207676801586,0.020252975442127275,0.2324713093530098,0.8631920770331687,0.2527242847951371,0.9999999999999989
task-v2-f83834022ee2,g-553bb3c5ba0f2136,v2-S1-b001-g-553bb3c5ba0f2136,S1,D2,7,0.015625,1.806179973983887,P3_NELDER_MEAD_B1,1103,3,120,terminal,"[1.411425897100402, 4.7382138714870905, 0.0001393654186311244, 2.584468613559262, 0.15986775711353857, 5.919106705452117e-06]",1.5389340943685625,0.11664192572073437,0.05048019415909447,0.43277915592678756,0.8730346550793986,1.0000000000000004,0.07445700624645714,1.1753886765724615,0.28908841154964393,1.4644770881221054,1.5389340943685625,0.0,0.11664192572073437,0.6306249895218483,0.020238612585750684,0.23249447217166713,0.8631194616935154,0.2527330847574178,1.0000000000000004
task-v2-f83834022ee2,g-553bb3c5ba0f2136,v2-S1-b001-g-553bb3c5ba0f2136,S1,D2,7,0.015625,1.806179973983887,P3_RANDOM_ORIGINAL,1103,3,120,terminal,"[1.6692102389139774, 4.334041083925588, 3.725645590974897, 0.926945328336782, 3.616380123857673, 1.445841886950276]",1.5653773961432011,0.01965352909564104,0.014685227405685567,0.7472056206405499,0.09962052000056136,1.0,0.053272314533715684,1.2994967900125858,0.21260829159689956,1.5121050816094854,1.5653773961432011,0.0,0.01965352909564104,0.7870614861782794,0.00041504496989900474,0.19286993975618055,0.97993142593446,0.19328498472607955,1.0
task-v2-f83834022ee2,g-553bb3c5ba0f2136,v2-S1-b001-g-553bb3c5ba0f2136,S1,D2,7,0.015625,1.806179973983887,P3_RANDOM_ORIGINAL,2207,3,120,terminal,"[5.668447925746891, 5.304617194680147, 4.664428021073446, 0.7494145252052196, 0.8309961458749251, 1.1514761441434587]",1.5638388531155987,0.1631932816201947,0.1472291357609023,0.9021764517460572,1.0188822496312921,0.9999999999999999,0.07232938941306156,1.0729713467338176,0.4185381169687195,1.491509463702537,1.5638388531155987,0.0,0.1631932816201947,0.4396925392012583,0.02033116712789651,0.37678301205065035,0.8164755512519086,0.3971141791785468,0.9999999999999998
task-v2-f83834022ee2,g-553bb3c5ba0f2136,v2-S1-b001-g-553bb3c5ba0f2136,S1,D2,7,0.015625,1.806179973983887,P3_RANDOM_ORIGINAL,3301,3,120,terminal,"[3.025491980457933, 3.4523369581391137, 2.2835693155827164, -0.00357802866188822, 2.6009510869866648, 2.9854334292073066]",1.3190617115071412,0.2568082858807293,0.13681634144725263,0.5327567254227727,1.2157890060529188,0.9999999999999997,0.06468494141980204,0.9190217561123256,0.3353550139750135,1.2543767700873392,1.3190617115071412,0.0,0.2568082858807293,0.42116176881521317,0.040319799553021715,0.2817101457510356,0.7028719145662486,0.3220299453040573,0.9999999999999997
task-v2-73f419868dc6,g-553bb3c5ba0f2136,v2-S1-b001-g-553bb3c5ba0f2136,S1,D3,7,0.0234375,1.630088714928206,P2_RANDOM_ORIGINAL,1103,2,120,terminal,"[1.7438488525076061, 4.877360859857171, 3.125380496550806, -0.4764872455989399]",1.1641840173498599,0.2692989412267526,0.10848461923009349,0.4028408679807927,1.060323360874871,0.9999999999999991,0.07448185684169352,0.9388822312347274,0.15081992927343874,1.089702160508166,1.1641840173498597,-2.220446049250313e-16,0.2692989412267526,0.583748260726376,0.0,0.14695279804687064,0.7307010587732468,0.14695279804687064,0.9999999999999992
task-v2-73f419868dc6,g-553bb3c5ba0f2136,v2-S1-b001-g-553bb3c5ba0f2136,S1,D3,7,0.0234375,1.630088714928206,P2_RANDOM_ORIGINAL,2207,2,120,terminal,"[3.5453770475857507, 3.4895461137174135, 1.9042726016470402, 0.5662903258296381]",1.6916894781543335,0.0148914964532499,0.0049619827868113585,0.3332091440500234,-0.19697294267668167,1.0,0.0785570364495769,1.3618954337134925,0.25123700799126414,1.6131324417047566,1.6916894781543337,2.220446049250313e-16,0.0148914964532499,0.7487510070497667,0.0,0.23635749649698323,0.9851085035467501,0.23635749649698323,0.9999999999999999
task-v2-73f419868dc6,g-553bb3c5ba0f2136,v2-S1-b001-g-553bb3c5ba0f2136,S1,D3,7,0.0234375,1.630088714928206,P2_RANDOM_ORIGINAL,3301,2,120,terminal,"[3.2011129338142457, 3.180561205852778, 1.8769222911534662, 0.5378481181089453]",1.6858682581219162,0.015853135879067122,0.0059285552609935205,0.37396735297158046,-0.16979610304364273,1.0000000000000004,0.07999471875216886,1.3608749365655077,0.24499860280423982,1.6058735393697476,1.6858682581219164,2.220446049250313e-16,0.015853135879067122,0.7550781357888507,0.0,0.22906872833208258,0.9841468641209332,0.22906872833208258,1.0000000000000004
task-v2-73f419868dc6,g-553bb3c5ba0f2136,v2-S1-b001-g-553bb3c5ba0f2136,S1,D3,7,0.0234375,1.630088714928206,P3_CONTINUATION_B1,1103,3,120,terminal,"[1.7272974498069331, 4.894940496695847, -0.0036631354262039117, 3.124670070452152, -0.47674312995644363, 0.0020442547312915947]",1.1640335944273337,0.2693789267546866,0.10843779401774122,0.4025474276111119,1.0604523332189524,0.9999999999999999,0.07449240276289182,0.938690725962126,0.15085046570231597,1.089541191664442,1.164033594427334,2.220446049250313e-16,0.2693789267546866,0.5836353016447029,0.0,0.14698577160061047,0.7306210732453131,0.14698577160061047,1.0
task-v2-73f419868dc6,g-553bb3c5ba0f2136,v2-S1-b001-g-553bb3c5ba0f2136,S1,D3,7,0.0234375,1.630088714928206,P3_CONTINUATION_B1,2207,3,120,terminal,"[3.3474388305074165, 3.2989488352071814, 0.22761034734683588, 1.8828950148782884, 0.7254592920298178, -0.15375878844112376]",1.678406837975018,0.017762208737765746,0.007886064974514793,0.4439799740528642,-0.1204143155785328,0.9999999999999993,0.07899718048616439,1.356455061680646,0.2429545958082078,1.5994096574888537,1.678406837975018,0.0,0.017762208737765746,0.7542131170023421,0.0,0.22802467425989148,0.9822377912622337,0.22802467425989148,0.9999999999999993
task-v2-73f419868dc6,g-553bb3c5ba0f2136,v2-S1-b001-g-553bb3c5ba0f2136,S1,D3,7,0.0234375,1.630088714928206,P3_CONTINUATION_B1,3301,3,120,terminal,"[2.9211964325359006, 3.025199556554887, 0.24724588468135505, 1.8684301039657636, 0.6831459343245954, -0.18198476492672194]",1.6695619378862376,0.014518312859267378,0.005275302306930631,0.36335505082901437,-0.20799513416793697,1.0,0.07957629018593966,1.3592472411707528,0.23073840652954497,1.5899856477002978,1.6695619378862374,-2.220446049250313e-16,0.014518312859267378,0.7707205283531562,0.0,0.21476115878757643,0.9854816871407328,0.21476115878757643,1.0
task-v2-73f419868dc6,g-553bb3c5ba0f2136,v2-S1-b001-g-553bb3c5ba0f2136,S1,D3,7,0.0234375,1.630088714928206,P3_CONTINUATION_B2,1103,3,240,terminal,"[1.623620953397948, 4.827779252802025, -0.40633849999842075, 3.116886733950527, -0.669223061703947, 0.22458204931691111]",1.1065341418751495,0.30297500585586845,0.12056375333228785,0.39793300107944396,1.111495517468128,1.0000000000000018,0.07424154834286678,0.8992258099488643,0.13306678358341842,1.0322925935322826,1.1065341418751495,0.0,0.30297500585586845,0.5675325623499526,0.0,0.12949243179418055,0.6970249941441333,0.12949243179418055,1.0000000000000016
task-v2-73f419868dc6,g-553bb3c5ba0f2136,v2-S1-b001-g-553bb3c5ba0f2136,S1,D3,7,0.0234375,1.630088714928206,P3_CONTINUATION_B4,1103,3,480,terminal,"[1.3262368179899946, 4.920812084821406, -1.0526376169978995, 3.052320074980001, -0.47823305053782617, 0.21760959040311864]",1.0489845584814803,0.3392149162480248,0.1289739315966239,0.3802130313819149,1.1605636561006674,0.9999999999999996,0.07575783855623237,0.8636959548243619,0.10953076510088594,0.9732267199252478,1.0489845584814803,0.0,0.3392149162480248,0.5547651817628739,0.0,0.10601990198910087,0.6607850837519746,0.10601990198910087,0.9999999999999996
task-v2-73f419868dc6,g-553bb3c5ba0f2136,v2-S1-b001-g-553bb3c5ba0f2136,S1,D3,7,0.0234375,1.630088714928206,P3_NELDER_MEAD_B1,1103,3,120,terminal,"[0.4799108691559306, 6.153993365943382, -0.0030625642381112445, 3.054265819511331, -0.4892338946409629, 0.00825102605680995]",1.1352362433159642,0.28244338953558124,0.11455957893586745,0.40560191238405896,1.0810201296464519,1.0000000000000002,0.07356062874084647,0.9208972523625112,0.14077836221260664,1.0616756145751178,1.1352362433159642,0.0,0.28244338953558124,0.580084387867626,0.0,0.1374722225967931,0.7175566104644189,0.1374722225967931,1.0000000000000002
task-v2-73f419868dc6,g-553bb3c5ba0f2136,v2-S1-b001-g-553bb3c5ba0f2136,S1,D3,7,0.0234375,1.630088714928206,P3_RANDOM_ORIGINAL,1103,3,120,terminal,"[1.3529974522367179, 4.839539736801578, 4.217914991227771, 1.1718523322500811, 3.0639175913984578, 1.6798513338663095]",1.3177432845047,0.14880990956934245,0.044603519226547476,0.299734872197897,0.8027205676971045,0.999999999999999,0.07223019416490759,1.1269151782980908,0.11859791204170149,1.2455130903397924,1.3177432845047,0.0,0.14880990956934248,0.7389552822456583,0.0,0.11223480818499841,0.8511900904306565,0.11223480818499841,0.9999999999999992
task-v2-73f419868dc6,g-553bb3c5ba0f2136,v2-S1-b001-g-553bb3c5ba0f2136,S1,D3,7,0.0234375,1.630088714928206,P3_RANDOM_ORIGINAL,2207,3,120,terminal,"[4.032149256668306, 3.777779635191655, 4.261114592948453, 0.7246411216774202, 1.1997627162167959, 1.0877862545618788]",1.4488393896334535,0.16834377617209767,0.06359156676069339,0.3777482494849337,0.8562857796732255,0.9999999999999996,0.09034144094997952,1.1403631193319135,0.21813482935156026,1.3584979486834738,1.448839389633453,-4.440892098500626e-16,0.16834377617209767,0.6209711181777093,0.0,0.21068510565019255,0.8316562238279018,0.21068510565019255,0.9999999999999996
task-v2-73f419868dc6,g-553bb3c5ba0f2136,v2-S1-b001-g-553bb3c5ba0f2136,S1,D3,7,0.0234375,1.630088714928206,P3_RANDOM_ORIGINAL,3301,3,120,terminal,"[3.4615849791867594, 3.685893751960206, 2.6796025312206764, 0.66149508449842, 2.3738289660736887, 2.735619382151903]",1.3251717992960712,0.18392359352397397,0.0840942694206591,0.45722393636082165,0.894726158576479,0.9999999999999991,0.07810599158561612,1.0707768102849595,0.17628899742549567,1.2470658077104553,1.3251717992960714,2.220446049250313e-16,0.18392359352397397,0.6436738894495464,0.0,0.17240251702647877,0.8160764064760252,0.17240251702647877,0.9999999999999992
task-v2-3f363bac5736,g-60667963f6db3f1b,v2-S2-b000-g-60667963f6db3f1b,S2,D1,10,0.0009765625,3.010299956639812,P2_RANDOM_ORIGINAL,1103,2,120,terminal,"[2.0768976884211376, 4.188858657666209, 2.386172634502439, 0.10584506695084335]",1.93726317638217,0.0064054210845946955,0.0064054210845946955,1.0,0.8168476416502248,0.9999999999999982,0.11406882349826165,1.3738130189361129,0.4493813339477959,1.8231943528839087,1.9372631763821704,4.440892098500626e-16,0.0064054210845946955,0.5975424452139573,0.012198556615586505,0.38385357708585977,0.9813960222998169,0.3960521337014463,0.9999999999999983
task-v2-3f363bac5736,g-60667963f6db3f1b,v2-S2-b000-g-60667963f6db3f1b,S2,D1,10,0.0009765625,3.010299956639812,P2_RANDOM_ORIGINAL,2207,2,120,terminal,"[4.784719897843099, 3.929300037215576, 2.515327043692428, 0.14820513845737432]",1.8763979305029186,0.015539977146529252,0.015539977146529252,1.0,1.201750332421082,0.9999999999999989,0.11562999892982612,1.2049290254538234,0.555838906119269,1.7607679315730924,1.8763979305029186,0.0,0.015539977146529252,0.45911906387358353,0.08358831274263126,0.4417526462372549,0.9008717101108384,0.5253409589798861,0.9999999999999989
task-v2-3f363bac5736,g-60667963f6db3f1b,v2-S2-b000-g-60667963f6db3f1b,S2,D1,10,0.0009765625,3.010299956639812,P2_RANDOM_ORIGINAL,3301,2,120,terminal,"[2.160715597332026, 3.7799114624427643, 2.376668882563157, 0.09990672968278555]",1.9474382224519058,0.00424034998058322,0.00424034998058322,1.0,0.6377016595446661,1.0000000000000009,0.11344910031471973,1.3699094690338178,0.4640796531033685,1.8339891221371865,1.9474382224519062,4.440892098500626e-16,0.00424034998058322,0.585062303481481,0.011804152659473295,0.3988931938784632,0.9839554973599444,0.41069734653793655,1.0000000000000009
task-v2-3f363bac5736,g-60667963f6db3f1b,v2-S2-b000-g-60667963f6db3f1b,S2,D1,10,0.0009765625,3.010299956639812,P3_CONTINUATION_B1,1103,3,120,terminal,"[2.0828458935026313, 4.1466809553517106, -0.028474701841916306, 2.3828378291532326, 0.0996870986664349, 0.007329731372361594]",1.9368052276356675,0.006151306449955371,0.006151306449955371,1.0,0.799267320179471,0.9999999999999996,0.11397690855595215,1.3745545074122938,0.44827381166742175,1.8228283190797154,1.9368052276356678,2.220446049250313e-16,0.006151306449955371,0.5990224715880251,0.012045264377221207,0.3827809575847979,0.9818034291728228,0.3948262219620191,0.9999999999999996
task-v2-3f363bac5736,g-60667963f6db3f1b,v2-S2-b000-g-60667963f6db3f1b,S2,D1,10,0.0009765625,3.010299956639812,P3_CONTINUATION_B1,2207,3,120,terminal,"[5.5893484284335315, 4.0190426224411135, -0.020185405678734097, 2.5436737613734035, 0.1275010650187834, 0.008396546564441248]",1.7528666243413893,0.02541811091183923,0.02541811091183923,1.0,1.4154432270493689,0.9999999999999994,0.10600850360969377,1.1594590439244732,0.4873990768072223,1.6468581207316955,1.7528666243413893,0.0,0.02541811091183923,0.5089462132853433,0.09569223647520735,0.36994343932760965,0.8788896526129529,0.46563567580281706,0.9999999999999994
task-v2-3f363bac5736,g-60667963f6db3f1b,v2-S2-b000-g-60667963f6db3f1b,S2,D1,10,0.0009765625,3.010299956639812,P3_CONTINUATION_B1,3301,3,120,terminal,"[2.08262433220259, 4.203404594182482, 0.0405928566895433, 2.384366218318168, 0.12239427305854494, -0.016895203270094177]",1.937259285159501,0.0063837539188774,0.0063837539188774,1.0,0.8153760941094484,1.0000000000000013,0.1140250767217032,1.3743338834693808,0.44890032496841686,1.8232342084377977,1.937259285159501,0.0,0.0063837539188774,0.5980800691230292,0.012119905860317356,0.3834162710977773,0.9814963402208066,0.3955361769580946,1.0000000000000013
task-v2-3f363bac5736,g-60667963f6db3f1b,v2-S2-b000-g-60667963f6db3f1b,S2,D1,10,0.0009765625,3.010299956639812,P3_CONTINUATION_B2,2207,3,240,terminal,"[5.827407855015489, 4.160929214113354, -0.038109257719680614, 2.546616406030604, 0.113931983767239, 0.012413002886728572]",1.73431049241351,0.028562606769553647,0.028562606769553647,1.0,1.4660977974880067,0.999999999999998,0.10362565071098233,1.1549655306325803,0.47571931106994725,1.6306848417025277,1.7343104924135098,-2.220446049250313e-16,0.028562606769553647,0.516041278748649,0.09457522679454637,0.36082088768724885,0.876862166435898,0.4553961144817952,0.9999999999999979
task-v2-3f363bac5736,g-60667963f6db3f1b,v2-S2-b000-g-60667963f6db3f1b,S2,D1,10,0.0009765625,3.010299956639812,P3_CONTINUATION_B4,2207,3,480,terminal,"[5.955065704157801, 4.221612218690481, -0.053267589432662445, 2.543715199774392, 0.09870449840523444, 0.023227055713349976]",1.7309714994763414,0.028779043484790517,0.028779043484790517,1.0,1.4693763120437118,1.0000000000000004,0.10238531485828399,1.157153559233458,0.4714326253845991,1.6285861846180572,1.7309714994763412,-2.220446049250313e-16,0.028779043484790517,0.5195583004568042,0.09267481786678536,0.3589878381916205,0.8785461386484247,0.4516626560584059,1.0000000000000004
task-v2-3f363bac5736,g-60667963f6db3f1b,v2-S2-b000-g-60667963f6db3f1b,S2,D1,10,0.0009765625,3.010299956639812,P3_NELDER_MEAD_B1,2207,3,120,terminal,"[5.989012240170732, 4.2341801818458915, -0.000263074728941891, 2.542144140605541, 0.1206595573625972, -0.00011539613483016846]",1.7310546867528727,0.028718300843303627,0.028718300843303627,1.0,1.4684586973560658,1.0000000000000009,0.10205142110767916,1.1584494326435406,0.47055383300165315,1.6290032656451938,1.7310546867528729,2.220446049250313e-16,0.028718300843303627,0.5203622393148315,0.09189127954252015,0.3590281802993456,0.8793904196141771,0.45091945984186577,1.0000000000000009
task-v2-3f363bac5736,g-60667963f6db3f1b,v2-S2-b000-g-60667963f6db3f1b,S2,D1,10,0.0009765625,3.010299956639812,P3_RANDOM_ORIGINAL,1103,3,120,terminal,"[1.5694845200448708, 5.401471883476209, 3.8763954380906993, 0.7107427896443206, 3.6723946242838554, 1.7393286241522357]",1.7348423196756952,0.0004633833497598856,0.0004633833497598856,1.0,-0.32375961864795805,1.0000000000000018,0.07266025749846176,1.3425845709871727,0.3195974911900606,1.6621820621772332,1.734842319675695,-2.220446049250313e-16,0.0004633833497598856,0.690169703717286,0.00345798638122629,0.3059089265517295,0.9960786302690157,0.3093669129329558,1.0000000000000018
task-v2-3f363bac5736,g-60667963f6db3f1b,v2-S2-b000-g-60667963f6db3f1b,S2,D1,10,0.0009765625,3.010299956639812,P3_RANDOM_ORIGINAL,2207,3,120,terminal,"[4.0299333815179095, 5.618193355121383, 2.8726703717326756, 0.7747282542339821, 0.45956930727161394, 1.6929150490959939]",1.7611338958773326,0.00016841576550812747,0.00016841576550812747,1.0,-0.7633172997078159,1.0000000000000007,0.07919647488921153,1.345601220305992,0.3363362006821291,1.681937420988121,1.7611338958773326,0.0,0.00016841576550812747,0.6744652759285746,0.003975832071576667,0.32139047623434136,0.9958557521629159,0.325366308305918,1.0000000000000009
task-v2-3f363bac5736,g-60667963f6db3f1b,v2-S2-b000-g-60667963f6db3f1b,S2,D1,10,0.0009765625,3.010299956639812,P3_RANDOM_ORIGINAL,3301,3,120,terminal,"[2.6299498371766914, 3.7131202002584103, 2.262376257756017, 0.894537788178278, 2.7397007043719257, 2.248920888308654]",1.7995165167090499,0.00015132565659893744,0.00015132565659893744,1.0,-0.8097874763766114,0.9999999999999979,0.08309182951417515,1.32372059671808,0.3927040904767949,1.716424687194875,1.79951651670905,2.220446049250313e-16,0.00015132565659893744,0.6394839959729895,0.008695137144849444,0.35166954122555993,0.9911535371985495,0.3603646783704094,0.9999999999999979
task-v2-f1a738d52e35,g-60667963f6db3f1b,v2-S2-b000-g-60667963f6db3f1b,S2,D2,10,0.001953125,2.709269960975831,P2_RANDOM_ORIGINAL,1103,2,120,terminal,"[1.955596815775932, 4.284139006759231, 2.4393506953469357, 0.0866672880719361]",1.8938721248452108,0.011488275309870136,0.00473931040422689,0.4125345429487678,0.7695247956147193,1.0000000000000002,0.11449372682932873,1.3622367150763963,0.4171416829394856,1.779378398015882,1.8938721248452106,-2.220446049250313e-16,0.011488275309870136,0.6173285347415579,0.005715123590212716,0.36546806635835943,0.9827966010999174,0.37118318994857213,1.0000000000000002
task-v2-f1a738d52e35,g-60667963f6db3f1b,v2-S2-b000-g-60667963f6db3f1b,S2,D2,10,0.001953125,2.709269960975831,P2_RANDOM_ORIGINAL,2207,2,120,terminal,"[1.7807333527346352, 6.511052433574562, 2.4245827064658805, -0.4038890372916536]",1.5242604748595225,0.02824407872502935,0.012070107887586695,0.42735002989813936,1.160197374314016,1.0000000000000009,0.07291845445614761,1.1932812400924375,0.2580607803109375,1.451342020403375,1.5242604748595228,2.220446049250313e-16,0.02824407872502935,0.7307092466215472,0.01591199670055146,0.22513467795287256,0.9558439245744198,0.24104667465342405,1.0000000000000004
task-v2-f1a738d52e35,g-60667963f6db3f1b,v2-S2-b000-g-60667963f6db3f1b,S2,D2,10,0.001953125,2.709269960975831,P2_RANDOM_ORIGINAL,3301,2,120,terminal,"[1.4095912197959284, 1.9465685943560067, 2.062214668905843, -0.5496863513999996]",1.7899727667227279,0.019727808798549153,0.012955390609439605,0.6567070241674476,1.0043488110761574,0.9999999999999998,0.09809047656884745,1.3008131084886214,0.39106918166525895,1.6918822901538804,1.7899727667227279,0.0,0.019727808798549153,0.6219134945621119,0.003780738238413467,0.35457795840092526,0.9764914529630373,0.3583586966393388,0.9999999999999998
task-v2-f1a738d52e35,g-60667963f6db3f1b,v2-S2-b000-g-60667963f6db3f1b,S2,D2,10,0.001953125,2.709269960975831,P3_CONTINUATION_B1,1103,3,120,terminal,"[1.9188548725527823, 4.291045301206458, 2.164473563493792e-05, 2.4384241799506885, 0.09144866831571688, -0.002883540731333506]",1.893528083838059,0.011295039888371907,0.004580403914437339,0.4055234828477944,0.7621577299435205,1.0000000000000004,0.11452254085269166,1.3644909787475394,0.414514564237828,1.7790055429853675,1.8935280838380593,2.220446049250313e-16,0.011295039888371907,0.619842519223007,0.005603645350905365,0.36325879553771634,0.9831013147607233,0.3688624408886217,1.0000000000000007
task-v2-f1a738d52e35,g-60667963f6db3f1b,v2-S2-b000-g-60667963f6db3f1b,S2,D2,10,0.001953125,2.709269960975831,P3_CONTINUATION_B1,2207,3,120,terminal,"[1.3304849682902533, 6.407306644671434, 0.6355870931576176, 2.385261937724801, -0.3403718184934731, -0.10995518482364867]",1.4719813714922196,0.05478962979963385,0.028648685181793067,0.5228851752888558,1.4479683269969728,0.9999999999999996,0.07537241999270872,1.1508220100500521,0.24578694144945862,1.3966089514995108,1.4719813714922196,0.0,0.05478962979963385,0.7118206668040188,0.027546955455666336,0.20584274794068064,0.9176634147446994,0.23338970339634696,0.9999999999999996
task-v2-f1a738d52e35,g-60667963f6db3f1b,v2-S2-b000-g-60667963f6db3f1b,S2,D2,10,0.001953125,2.709269960975831,P3_CONTINUATION_B1,3301,3,120,terminal,"[1.2586754377023266, 1.5532745089377527, 0.47109208122249563, 2.4872130437960935, -0.3081930278606591, -0.19126379253353598]",1.6042373327536907,0.016150830224175135,0.00844491853508042,0.5228782928099738,0.9174648128758075,0.9999999999999974,0.08025770305719528,1.292096855170282,0.23188277452621306,1.5239796296964951,1.6042373327536905,-2.220446049250313e-16,0.016150830224175135,0.775193611458124,0.0030863460024813235,0.20556921231521696,0.9807628237733409,0.20865555831769828,0.9999999999999976
task-v2-f1a738d52e35,g-60667963f6db3f1b,v2-S2-b000-g-60667963f6db3f1b,S2,D2,10,0.001953125,2.709269960975831,P3_CONTINUATION_B2,2207,3,240,terminal,"[1.1996868837660748, 6.271259053141975, 0.8658576909068391, 2.3229241439476938, -0.3554548925885653, -0.12332415258717856]",1.4584474215765026,0.07096774049453727,0.039942848390110273,0.5628310569248695,1.5603309391457416,0.999999999999998,0.07910811891203019,1.1271244449909485,0.25221485767352336,1.379339302664472,1.4584474215765022,-4.440892098500626e-16,0.07096774049453727,0.6882802130202405,0.03502212986085924,0.2057299166243612,0.8940101296446017,0.2407520464852204,0.9999999999999982
task-v2-f1a738d52e35,g-60667963f6db3f1b,v2-S2-b000-g-60667963f6db3f1b,S2,D2,10,0.001953125,2.709269960975831,P3_CONTINUATION_B4,2207,3,480,terminal,"[1.188788584720707, 6.276027942364403, 1.1242278218521602, 2.3242549375769133, -0.3899418408487202, -0.11758148642088784]",1.4525186034537243,0.07305763457019802,0.04094362878040582,0.5604291600909251,1.572935567672687,1.0000000000000004,0.07846307227840692,1.1267242530995478,0.24733127807576966,1.3740555311753175,1.4525186034537245,2.220446049250313e-16,0.07305763457019802,0.690675309430508,0.03479860909854013,0.20146844690075438,0.8921437563312624,0.2362670559992945,1.0000000000000004
task-v2-f1a738d52e35,g-60667963f6db3f1b,v2-S2-b000-g-60667963f6db3f1b,S2,D2,10,0.001953125,2.709269960975831,P3_NELDER_MEAD_B1,2207,3,120,terminal,"[1.368976057627337, 6.608671860001816, 0.0004837349644489029, 2.4389393279328733, -0.42177181607503944, 0.00012519363655511814]",1.5014188663438437,0.04177681506423232,0.021159245759768595,0.5064829793088826,1.3302052886078364,1.0000000000000002,0.07328299000983066,1.1670065081947836,0.2611293681392294,1.428135876334013,1.5014188663438435,-2.220446049250313e-16,0.04177681506423232,0.7098768277445485,0.023938778059946514,0.22440757913127285,0.9342844068758214,0.2483463571912194,1.0000000000000002
task-v2-f1a738d52e35,g-60667963f6db3f1b,v2-S2-b000-g-60667963f6db3f1b,S2,D2,10,0.001953125,2.709269960975831,P3_RANDOM_ORIGINAL,1103,3,120,terminal,"[1.4034409030429669, 5.423054193557046, 3.5692167345951047, 0.7465890323329254, 3.7222422604809284, 1.731597811164901]",1.730182208754327,0.007928386110438605,0.006952215806406535,0.8768765432921042,0.6084547530017002,1.0000000000000016,0.07908266191879065,1.3354713379521876,0.3156282088833485,1.6510995468355363,1.7301822087543268,-2.220446049250313e-16,0.007928386110438605,0.6856855332665786,0.002288465228687877,0.3040976153942967,0.9897831486608752,0.3063860806229846,1.0000000000000018
task-v2-f1a738d52e35,g-60667963f6db3f1b,v2-S2-b000-g-60667963f6db3f1b,S2,D2,10,0.001953125,2.709269960975831,P3_RANDOM_ORIGINAL,2207,3,120,terminal,"[4.940965680093127, 5.224607150411203, 2.9883495945793186, 0.7889803517817513, 0.35974312981813505, 1.7346456523893232]",1.7310942254080857,0.0036703094195684777,0.003658567668850345,0.9968008826025592,0.2739726392733455,0.9999999999999991,0.07913568739507515,1.3473956473663469,0.3045628906466632,1.6519585380130102,1.7310942254080852,-4.440892098500626e-16,0.0036703094195684777,0.7022116679349021,0.001200736623331143,0.2929172860221974,0.9951289539570994,0.29411802264552855,0.9999999999999991
task-v2-f1a738d52e35,g-60667963f6db3f1b,v2-S2-b000-g-60667963f6db3f1b,S2,D2,10,0.001953125,2.709269960975831,P3_RANDOM_ORIGINAL,3301,3,120,terminal,"[2.6600134750029643, 3.9120434933375607, 2.3911932370227014, 0.6062814733009071, 2.668952099021739, 2.573678715339666]",1.8771922605396312,0.030094277168812432,0.026529123012142285,0.8815338166565164,1.1877538774897345,1.0000000000000018,0.09733545064739899,1.3001604975761252,0.47969631231610677,1.779856809892232,1.8771922605396307,-4.440892098500626e-16,0.030094277168812432,0.5138607686135637,0.00867621532119989,0.4473687388964257,0.9612295075099894,0.45604495421762564,1.0000000000000018
task-v2-a0f813383468,g-60667963f6db3f1b,v2-S2-b000-g-60667963f6db3f1b,S2,D3,10,0.0029296875,2.533178701920149,P2_RANDOM_ORIGINAL,1103,2,120,terminal,"[1.810195493725013, 4.304895532019816, 2.4328348053488718, 0.09093273598858453]",1.8736319855723043,0.014046935173913751,0.0039304144048983095,0.279805833531388,0.6807602800934447,1.0000000000000004,0.11459821176402049,1.3716206550462389,0.387413118762045,1.7590337738082837,1.8736319855723043,0.0,0.01404693517391375,0.6408438224904562,0.001969715385772688,0.34313952694985805,0.9839833494403141,0.3451092423356307,1.0000000000000009
task-v2-a0f813383468,g-60667963f6db3f1b,v2-S2-b000-g-60667963f6db3f1b,S2,D3,10,0.0029296875,2.533178701920149,P2_RANDOM_ORIGINAL,2207,2,120,terminal,"[1.448251790673219, 6.460818290119395, 2.427962575891561, -0.4227616333666228]",1.4862253921164332,0.05656170813315576,0.017469245277021105,0.308852859179846,1.285701218366742,0.9999999999999991,0.07507278278080357,1.1760326705142279,0.2351199388214018,1.4111526093356297,1.4862253921164332,0.0,0.05656170813315575,0.7215352773528734,0.004264688162373762,0.2176383263515962,0.9391736037044696,0.22190301451396993,0.9999999999999991
task-v2-a0f813383468,g-60667963f6db3f1b,v2-S2-b000-g-60667963f6db3f1b,S2,D3,10,0.0029296875,2.533178701920149,P2_RANDOM_ORIGINAL,3301,2,120,terminal,"[1.6551175236196038, 6.25512558171863, 2.4422554668440046, -0.41919510185957665]",1.519600850974557,0.04539939387475257,0.012891869331508161,0.28396567071080575,1.1902287565700393,1.0000000000000016,0.07692062234869426,1.1940636416630332,0.2486165869628299,1.442680228625863,1.5196008509745573,2.220446049250313e-16,0.04539939387475257,0.7215659504919605,0.0031415535020282224,0.22989310213126016,0.9514590526232207,0.2330346556332884,1.0000000000000016
task-v2-a0f813383468,g-60667963f6db3f1b,v2-S2-b000-g-60667963f6db3f1b,S2,D3,10,0.0029296875,2.533178701920149,P3_CONTINUATION_B1,1103,3,120,terminal,"[1.8320176383563656, 4.33477060122683, 0.0010067230254257218, 2.437162866634806, 0.08911337323865111, 0.0015569457866806639]",1.8731062030658907,0.014976297287352683,0.004359670957046496,0.29110472858522846,0.7085831543728967,1.000000000000001,0.11474866107778287,1.3693926023357021,0.38896493965240553,1.7583575419881077,1.8731062030658905,-2.220446049250313e-16,0.014976297287352681,0.6386594873714759,0.002034100841802212,0.34433011449937034,0.9829896018708462,0.3463642153411725,1.0000000000000013
task-v2-a0f813383468,g-60667963f6db3f1b,v2-S2-b000-g-60667963f6db3f1b,S2,D3,10,0.0029296875,2.533178701920149,P3_CONTINUATION_B1,2207,3,120,terminal,"[1.2601109026522779, 6.512209359815549, 0.2396081067714385, 2.41831690880465, -0.27438788131256353, -0.13302428711913097]",1.4569166913173148,0.07617414188904109,0.024764336886664427,0.32510161942798577,1.414986272462338,1.0000000000000022,0.07641030258756495,1.1474079871228304,0.2330984016069197,1.3805063887297502,1.456916691317315,2.220446049250313e-16,0.07617414188904108,0.7026715221961615,0.0073197117457120256,0.2138346241690876,0.9165061463652491,0.22115433591479966,1.0000000000000022
task-v2-a0f813383468,g-60667963f6db3f1b,v2-S2-b000-g-60667963f6db3f1b,S2,D3,10,0.0029296875,2.533178701920149,P3_CONTINUATION_B1,3301,3,120,terminal,"[1.2785725005154134, 6.604964614455575, -0.181586649841843, 2.445449006318661, -0.4936326161843189, 0.06876294064169466]",1.467968714280397,0.06779239666159648,0.021676450299365477,0.31974751398109086,1.3643596896945787,0.9999999999999989,0.07454508936129103,1.1594126425903117,0.2340109823287943,1.393423624919106,1.4679687142803972,2.220446049250313e-16,0.06779239666159648,0.7098171474869943,0.006123414374170217,0.21626704147723802,0.9260841889642324,0.2223904558514082,0.9999999999999991
task-v2-a0f813383468,g-60667963f6db3f1b,v2-S2-b000-g-60667963f6db3f1b,S2,D3,10,0.0029296875,2.533178701920149,P3_CONTINUATION_B2,2207,3,240,terminal,"[1.1371345052715154, 6.367408969720445, 0.4780525977232157, 2.3692584504712584, -0.30826055761149646, -0.13727155509804548]",1.438025353047643,0.09516048074381984,0.034566341175944204,0.3632426077060261,1.5116353293150206,0.9999999999999993,0.07933933254866532,1.1267556821459557,0.2319303383530218,1.3586860204989775,1.4380253530476428,-2.220446049250313e-16,0.09516048074381984,0.6836282317386648,0.009519635534994283,0.21169165198252013,0.8953198837211851,0.22121128751751443,0.9999999999999991
task-v2-a0f813383468,g-60667963f6db3f1b,v2-S2-b000-g-60667963f6db3f1b,S2,D3,10,0.0029296875,2.533178701920149,P3_CONTINUATION_B4,2207,3,480,terminal,"[1.0427899979799848, 6.275814195300052, 0.8971666640010093, 2.2964201885046687, -0.3755237370102599, -0.1258017322951911]",1.4167136051152,0.11999621323989418,0.04694594755570763,0.3912285753705758,1.6123462430097153,1.0000000000000009,0.08246901344259569,1.1007618422049028,0.2334827494677013,1.3342445916726042,1.4167136051151998,-2.220446049250313e-16,0.11999621323989418,0.6565066309187124,0.012457335313215063,0.2110398205281791,0.8675464514468916,0.22349715584139418,1.0000000000000007
task-v2-a0f813383468,g-60667963f6db3f1b,v2-S2-b000-g-60667963f6db3f1b,S2,D3,10,0.0029296875,2.533178701920149,P3_NELDER_MEAD_B1,2207,3,120,terminal,"[1.2539794476740842, 6.596405053017471, 0.0003202327151453639, 2.437922121214187, -0.41927025492983616, 0.00041983851424684266]",1.4758040747252517,0.06695069600482795,0.0218503566282369,0.3263648913621634,1.3589337981223217,0.9999999999999993,0.07531920829462815,1.16021400611859,0.2402708603120336,1.4004848664306235,1.4758040747252517,0.0,0.06695069600482795,0.7043319737362732,0.006145204937018486,0.22257212532187942,0.9269040990581527,0.2287173302588979,0.9999999999999991
task-v2-a0f813383468,g-60667963f6db3f1b,v2-S2-b000-g-60667963f6db3f1b,S2,D3,10,0.0029296875,2.533178701920149,P3_RANDOM_ORIGINAL,1103,3,120,terminal,"[1.445449553853864, 5.465601940923468, 3.604016239941293, 0.744032361541414, 3.7209733541840024, 1.7144409122360937]",1.7168371425882276,0.011049062058729128,0.007483641160298648,0.6773100848308043,0.5765041147822554,1.0000000000000022,0.08044652093068523,1.335703381016455,0.3006872406410872,1.6363906216575421,1.7168371425882274,-2.220446049250313e-16,0.011049062058729128,0.6971620315866551,0.0011958222909862998,0.2905930840636317,0.9877551156502868,0.291788906354618,1.0000000000000022
task-v2-a0f813383468,g-60667963f6db3f1b,v2-S2-b000-g-60667963f6db3f1b,S2,D3,10,0.0029296875,2.533178701920149,P3_RANDOM_ORIGINAL,2207,3,120,terminal,"[5.167079874179521, 5.004756903469873, 2.692979361519298, 0.7926646372795739, 0.2891408149175828, 1.759994949547217]",1.725537173604421,0.005551227793741024,0.004294437115550635,0.7736013139998663,0.2775677508219852,0.9999999999999996,0.08103851689820744,1.3448787955713988,0.29961986113481454,1.6444986567062134,1.7255371736044207,-2.220446049250313e-16,0.005551227793741024,0.7060180523890225,0.0007242103875356895,0.28770650942970033,0.9937245618187229,0.28843071981723606,0.9999999999999996
task-v2-a0f813383468,g-60667963f6db3f1b,v2-S2-b000-g-60667963f6db3f1b,S2,D3,10,0.0029296875,2.533178701920149,P3_RANDOM_ORIGINAL,3301,3,120,terminal,"[2.6154293647322624, 3.7964185136360338, 2.468555410729188, 0.020757033806823474, 2.5800021380712908, 3.065577288037185]",1.6957575501871576,0.09892222876685088,0.04078492612647079,0.41229283483489343,1.5284725945896014,0.9999999999999996,0.09638229552011743,1.147200762648327,0.4521744920187134,1.5993752546670403,1.6957575501871578,2.220446049250313e-16,0.09892222876685088,0.46024598620620205,0.019649911203444777,0.42118187382350186,0.8814278600297039,0.44083178502694664,0.9999999999999996
task-v2-6996479d6302,g-60667963f6db3f1b,v2-S2-b000-g-60667963f6db3f1b,S2,D4,10,0.00390625,2.4082399653118496,P2_RANDOM_ORIGINAL,1103,2,120,terminal,"[1.3117964969211644, 4.575373130391077, 1.000298449563627, 1.4488474187930573]",1.5711715778007558,0.020894408669184565,0.005086189909558524,0.2434234914271455,0.7282700500356153,1.0000000000000004,0.11462513165426737,1.3113554719416154,0.1451909742048728,1.456546446146488,1.5711715778007558,0.0,0.020894408669184565,0.8458971478626742,0.0,0.13320844346814154,0.9791055913308158,0.13320844346814154,1.0000000000000004
task-v2-6996479d6302,g-60667963f6db3f1b,v2-S2-b000-g-60667963f6db3f1b,S2,D4,10,0.00390625,2.4082399653118496,P2_RANDOM_ORIGINAL,2207,2,120,terminal,"[6.357931285509614, 3.8449562185494717, 2.6155911839506403, 0.12235468941507413]",1.359232437207909,0.16600762298161104,0.05542355519864982,0.3338615070995215,1.6283679963810447,1.0000000000000007,0.11580423509233909,1.08912820235598,0.15429999975958958,1.2434282021155696,1.3592324372079088,-2.220446049250313e-16,0.16600762298161104,0.6832026324188656,0.0,0.1507897445995241,0.8339923770183897,0.1507897445995241,1.0000000000000007
task-v2-6996479d6302,g-60667963f6db3f1b,v2-S2-b000-g-60667963f6db3f1b,S2,D4,10,0.00390625,2.4082399653118496,P2_RANDOM_ORIGINAL,3301,2,120,terminal,"[3.4410415080893064, 2.0624397849985283, 1.575700986275079, 1.0528469041010955]",1.7364900131746082,0.05752299199216517,0.01637879063906008,0.2847346786358214,1.168081432601368,1.0000000000000007,0.13336960616515076,1.2778205927222754,0.325299814287182,1.6031204070094573,1.7364900131746084,2.220446049250313e-16,0.057522991992165165,0.6304855477683171,0.0,0.31199146023951835,0.9424770080078354,0.31199146023951835,1.0000000000000007
task-v2-6996479d6302,g-60667963f6db3f1b,v2-S2-b000-g-60667963f6db3f1b,S2,D4,10,0.00390625,2.4082399653118496,P3_CONTINUATION_B1,1103,3,120,terminal,"[1.2880099380817494, 4.553177189855283, 0.10269993612067449, 1.004998340357199, 1.5262141902123236, -0.07863982689903108]",1.566300093658842,0.022579999095469018,0.00550778458020743,0.24392315327030464,0.7619638855034194,1.0000000000000009,0.11479954688443042,1.3087102314552128,0.14279031531919884,1.4515005467744118,1.566300093658842,0.0,0.022579999095469018,0.8462378047027325,0.0,0.1311821962017994,0.9774200009045318,0.1311821962017994,1.0000000000000009
task-v2-6996479d6302,g-60667963f6db3f1b,v2-S2-b000-g-60667963f6db3f1b,S2,D4,10,0.00390625,2.4082399653118496,P3_CONTINUATION_B1,2207,3,120,terminal,"[6.3179899099790955, 4.292951304256797, 0.05840189714651484, 2.605611926985269, 0.1529248261423991, -0.03254468530049579]",1.3489138730961896,0.16710554955432227,0.05288342435608259,0.31646719392099765,1.6312308383099596,0.9999999999999991,0.1163539015820679,1.0909813999949196,0.141578571519202,1.2325599715141216,1.3489138730961894,-2.220446049250313e-16,0.16710554955432227,0.694659342158549,0.0,0.1382351082871279,0.8328944504456768,0.1382351082871279,0.9999999999999992
task-v2-6996479d6302,g-60667963f6db3f1b,v2-S2-b000-g-60667963f6db3f1b,S2,D4,10,0.00390625,2.4082399653118496,P3_CONTINUATION_B1,3301,3,120,terminal,"[3.3203247495226713, 1.9193035802386054, -0.06197653357217131, 1.5795890206009358, 1.0267209995485167, 0.02940698451592915]",1.7230637787493945,0.058718561396484306,0.016729665804617277,0.28491273298836206,1.1770153721445578,1.0000000000000004,0.132337972366999,1.273460939122541,0.3172648672598544,1.5907258063823955,1.7230637787493945,0.0,0.058718561396484306,0.6375884865781655,0.0,0.3036929520253506,0.941281438603516,0.3036929520253506,1.0000000000000004
task-v2-6996479d6302,g-60667963f6db3f1b,v2-S2-b000-g-60667963f6db3f1b,S2,D4,10,0.00390625,2.4082399653118496,P3_CONTINUATION_B2,2207,3,240,terminal,"[6.272122026788139, 4.273180307988336, 0.23020801924745307, 2.6057991417339332, 0.31631264571581535, -0.19291157302192585]",1.33086581115654,0.18089887618199735,0.05854447452119512,0.3236309465090051,1.665675834164625,0.9999999999999999,0.11594562344359,1.073287917589652,0.14163227012329777,1.2149201877129496,1.3308658111565397,-2.220446049250313e-16,0.18089887618199735,0.6807917649605105,0.0,0.1383093588574921,0.8191011238180026,0.1383093588574921,0.9999999999999999
task-v2-6996479d6302,g-60667963f6db3f1b,v2-S2-b000-g-60667963f6db3f1b,S2,D4,10,0.00390625,2.4082399653118496,P3_CONTINUATION_B4,2207,3,480,terminal,"[6.225614378150051, 4.337566571473012, 0.30548777467919963, 2.601170519971883, 0.40290352032768745, -0.2794436410238962]",1.3254204032651615,0.18455134217662686,0.060358128411508914,0.3270533158937555,1.6743571733251466,1.000000000000001,0.11519274681266689,1.070580373026619,0.13964728342587568,1.2102276564524947,1.3254204032651615,0.0,0.18455134217662686,0.6790882449891239,0.0,0.13636041283425043,0.8154486578233743,0.13636041283425043,1.000000000000001
task-v2-6996479d6302,g-60667963f6db3f1b,v2-S2-b000-g-60667963f6db3f1b,S2,D4,10,0.00390625,2.4082399653118496,P3_NELDER_MEAD_B1,2207,3,120,terminal,"[6.314902475752508, 4.193555510432391, -9.134022334556671e-05, 2.607906789553251, 0.12258303552411151, 6.029600883775677e-05]",1.3490456764132186,0.16820897986031164,0.053765032654810876,0.31963235672352214,1.6340891422653083,0.9999999999999993,0.11643849825368101,1.0892544827637738,0.14335269539576356,1.2326071781595374,1.3490456764132184,-2.220446049250313e-16,0.1682089798603116,0.6918315610123018,0.0,0.139959459127386,0.8317910201396879,0.139959459127386,0.9999999999999993
task-v2-6996479d6302,g-60667963f6db3f1b,v2-S2-b000-g-60667963f6db3f1b,S2,D4,10,0.00390625,2.4082399653118496,P3_RANDOM_ORIGINAL,1103,3,120,terminal,"[1.3164754852189828, 4.638652547043085, 4.093644075292885, 1.004014534558702, 3.0152520895161, 1.556686565348153]",1.571181160049544,0.02216812326915716,0.005423931097524361,0.24467254316790799,0.7539688930520073,1.0000000000000013,0.11610055561805449,1.3085187349425,0.14656186948898933,1.4550806044314895,1.571181160049544,0.0,0.022168123269157163,0.8434049506683674,0.0,0.13442692606247686,0.9778318767308443,0.13442692606247686,1.0000000000000013
task-v2-6996479d6302,g-60667963f6db3f1b,v2-S2-b000-g-60667963f6db3f1b,S2,D4,10,0.00390625,2.4082399653118496,P3_RANDOM_ORIGINAL,2207,3,120,terminal,"[4.18735533542547, 4.914178524188872, 3.6231936163569376, 0.29932552940177864, 1.1530260338429676, 1.3081723598250539]",1.8923871728250523,0.038951834568718535,0.004953181671165085,0.1271617043460872,0.9987678823732744,0.9999999999999996,0.14938486839224727,1.3466038043504727,0.3963985000823324,1.7430023044328051,1.8923871728250523,0.0,0.03895183456871854,0.5767231268482136,0.0,0.3843250385830673,0.961048165431281,0.3843250385830673,0.9999999999999994
task-v2-6996479d6302,g-60667963f6db3f1b,v2-S2-b000-g-60667963f6db3f1b,S2,D4,10,0.00390625,2.4082399653118496,P3_RANDOM_ORIGINAL,3301,3,120,terminal,"[2.4410046093388944, 3.9678445524626236, 3.7709361554720497, 0.014847941649035726, 2.623779992657374, 3.259304617496453]",1.3623349023653857,0.16835275050441376,0.056445505740436865,0.33528116155700716,1.6344601814866926,0.9999999999999989,0.1162575745206737,1.0865494434419654,0.15952788440274668,1.246077327844712,1.3623349023653857,0.0,0.16835275050441378,0.6756613949437238,0.0,0.15598585455186129,0.8316472494955852,0.15598585455186129,0.9999999999999989
task-v2-4d2b9f5eb099,g-6aa6775bed3bc2cc,v2-S2-b001-g-6aa6775bed3bc2cc,S2,D1,10,0.0009765625,3.010299956639812,P2_RANDOM_ORIGINAL,1103,2,120,terminal,"[2.1450982007237074, 4.482779151310205, 2.279926225258401, 0.12233595615805042]",1.805285959498969,0.005136852164885442,0.005136852164885442,1.0,0.7209970238439334,1.0000000000000018,0.10198856641151603,1.2715796084681998,0.43171778461925336,1.7032973930874533,1.8052859594989692,2.220446049250313e-16,0.005136852164885442,0.6232852187361515,0.0044243753401829785,0.3671535537587819,0.9904387724949332,0.37157792909896487,1.0000000000000018
task-v2-4d2b9f5eb099,g-6aa6775bed3bc2cc,v2-S2-b001-g-6aa6775bed3bc2cc,S2,D1,10,0.0009765625,3.010299956639812,P2_RANDOM_ORIGINAL,2207,2,120,terminal,"[3.3845201324537864, 6.764256654954441, 2.4656432901734386, -0.3924608655984018]",1.6436858706178625,0.006696391865197934,0.006696391865197934,1.0,0.8361408167853355,1.0,0.06749885233719394,1.1474164254501102,0.42877059283055824,1.5761870182806685,1.6436858706178625,0.0,0.006696391865197934,0.5902548566767566,0.02766905317106709,0.37537969828697815,0.965634554963735,0.40304875145804525,0.9999999999999997
task-v2-4d2b9f5eb099,g-6aa6775bed3bc2cc,v2-S2-b001-g-6aa6775bed3bc2cc,S2,D1,10,0.0009765625,3.010299956639812,P2_RANDOM_ORIGINAL,3301,2,120,terminal,"[1.989718223424795, 1.8239627287977078, 2.2752762050858175, -0.21611021563015606]",1.6566276406834683,0.005477042890237298,0.005477042890237298,1.0,0.7488460985034981,0.999999999999999,0.08656954561196226,1.2369681663245964,0.3330899287469098,1.5700580950715062,1.6566276406834683,0.0,0.005477042890237298,0.7019118878482304,0.006312837562139829,0.28629823169939156,0.988210119547622,0.2926110692615314,0.9999999999999991
task-v2-4d2b9f5eb099,g-6aa6775bed3bc2cc,v2-S2-b001-g-6aa6775bed3bc2cc,S2,D1,10,0.0009765625,3.010299956639812,P3_CONTINUATION_B1,1103,3,120,terminal,"[2.1461629588715097, 4.4810107959583485, -0.0002464781553330344, 2.2802400935360354, 0.12201156082461315, 0.00027186679532457974]",1.8052828010116038,0.005135075318448759,0.005135075318448759,1.0,0.7208467746114325,1.0000000000000013,0.10198254674029394,1.2714942666297808,0.4318059876415291,1.7033002542713098,1.8052828010116038,0.0,0.005135075318448759,0.6232079231642619,0.0044326747569375475,0.3672243267603533,0.9904322499246152,0.37165700151729086,1.0000000000000016
task-v2-4d2b9f5eb099,g-6aa6775bed3bc2cc,v2-S2-b001-g-6aa6775bed3bc2cc,S2,D1,10,0.0009765625,3.010299956639812,P3_CONTINUATION_B1,2207,3,120,terminal,"[2.541435396200047, 6.545458456934564, -0.6605062863060563, 2.4058286861193503, -0.5782086075262346, 0.19618264266057686]",1.518138438970197,0.00870721466761465,0.00870721466761465,1.0,0.9501792083246856,0.9999999999999991,0.06384672680601214,1.155949188351781,0.2983425238124039,1.454291712164185,1.518138438970197,0.0,0.00870721466761465,0.7159746667596161,0.01703794736609243,0.2582801712066759,0.9742548379662921,0.2753181185727684,0.9999999999999991
task-v2-4d2b9f5eb099,g-6aa6775bed3bc2cc,v2-S2-b001-g-6aa6775bed3bc2cc,S2,D1,10,0.0009765625,3.010299956639812,P3_CONTINUATION_B1,3301,3,120,terminal,"[1.9098391921769913, 1.769748339637357, 0.0011722131361171521, 2.2896339026446, -0.21154093870600868, -0.0033489162464523025]",1.6519263986442865,0.005960918718698001,0.005960918718698001,1.0,0.7856131566002056,0.9999999999999993,0.086497421814775,1.2346448396458092,0.3307841371837024,1.5654289768295115,1.6519263986442865,0.0,0.005960918718698001,0.7023332682117959,0.006974674152629414,0.2847311389168758,0.9870644071286719,0.29170581306950527,0.9999999999999991
task-v2-4d2b9f5eb099,g-6aa6775bed3bc2cc,v2-S2-b001-g-6aa6775bed3bc2cc,S2,D1,10,0.0009765625,3.010299956639812,P3_CONTINUATION_B2,2207,3,240,terminal,"[1.8951674116960657, 6.509008837907127, -0.9007925086624573, 2.3762565533265114, -0.4883214084648264, 0.17456054406803043]",1.4561097503402116,0.020127814137278946,0.020127814137278946,1.0,1.3140965700946317,0.9999999999999983,0.06517430168123628,1.1487564912667554,0.24217895739221992,1.3909354486589753,1.4561097503402116,0.0,0.020127814137278946,0.7583913837423473,0.011727085652041147,0.2097537164683309,0.9681451002106781,0.22148080212037202,0.9999999999999982
task-v2-4d2b9f5eb099,g-6aa6775bed3bc2cc,v2-S2-b001-g-6aa6775bed3bc2cc,S2,D1,10,0.0009765625,3.010299956639812,P3_CONTINUATION_B4,2207,3,480,terminal,"[1.5226354248907827, 6.57050925128453, -1.0984335263969023, 2.360201777240196, -0.4723180672557394, 0.16010785512924633]",1.4386943046044207,0.025905100810618604,0.025905100810618604,1.0,1.4236852433386202,1.0000000000000009,0.06579092792846064,1.1385761973374429,0.23432717933851765,1.3729033766759606,1.4386943046044212,4.440892098500626e-16,0.025905100810618604,0.757492221322789,0.01502119194333779,0.2015814859232555,0.9590737072460445,0.21660267786659332,1.0000000000000009
task-v2-4d2b9f5eb099,g-6aa6775bed3bc2cc,v2-S2-b001-g-6aa6775bed3bc2cc,S2,D1,10,0.0009765625,3.010299956639812,P3_NELDER_MEAD_B1,2207,3,120,terminal,"[1.7191295439150673, 7.102062845086804, 0.001999601549334063, 2.352865047287313, -0.36207476568198604, 0.0001328245514078132]",1.5103289160643711,0.014632268327251032,0.014632268327251032,1.0,1.1756116132946108,1.000000000000001,0.06407697841364313,1.1532551332875878,0.29299680436314013,1.446251937650728,1.510328916064371,-2.220446049250313e-16,0.014632268327251032,0.71148794336023,0.011663832428437208,0.262215955884083,0.973703899244313,0.27387978831252013,1.0000000000000013
task-v2-4d2b9f5eb099,g-6aa6775bed3bc2cc,v2-S2-b001-g-6aa6775bed3bc2cc,S2,D1,10,0.0009765625,3.010299956639812,P3_RANDOM_ORIGINAL,1103,3,120,terminal,"[1.3817649227666247, 4.695940501159985, 4.838990277284546, 0.6659688321086848, 3.678826520271189, 1.7189157001943614]",1.6199367613052313,0.0007063208723795068,0.0007063208723795068,1.0,-0.1406980031499282,1.0000000000000013,0.05363792412494625,1.2575730045983633,0.30872583258192177,1.566298837180285,1.6199367613052313,0.0,0.0007063208723795068,0.7057039986244938,0.0011727923094698035,0.2924168881936583,0.998120886818152,0.29358968050312806,1.0000000000000013
task-v2-4d2b9f5eb099,g-6aa6775bed3bc2cc,v2-S2-b001-g-6aa6775bed3bc2cc,S2,D1,10,0.0009765625,3.010299956639812,P3_RANDOM_ORIGINAL,2207,3,120,terminal,"[3.6934617523747595, 3.450923857110106, 2.8279818286282703, 0.0010701813512009886, 0.9427262503208131, 1.517173759850207]",1.748934135420376,0.008326139664127232,0.008326139664127232,1.0,0.9307436481834905,1.0000000000000007,0.07363225564189838,1.185625829898182,0.48967604988029545,1.6753018797784776,1.748934135420376,0.0,0.008326139664127232,0.5202301144671388,0.017933228919153398,0.4535105169495811,0.9737406314167198,0.4714437458687345,1.0000000000000004
task-v2-4d2b9f5eb099,g-6aa6775bed3bc2cc,v2-S2-b001-g-6aa6775bed3bc2cc,S2,D1,10,0.0009765625,3.010299956639812,P3_RANDOM_ORIGINAL,3301,3,120,terminal,"[2.689659690595289, 3.737211944712005, 2.1508456785241625, 1.0435086852711433, 2.635809861370914, 2.3437568623161127]",1.7079828469880063,0.0002388086654200298,0.0002388086654200298,1.0,-0.6116499617913697,1.0000000000000013,0.06992260288781862,1.2421918196130768,0.39586842448711074,1.6380602441001875,1.707982846988006,-2.220446049250313e-16,0.0002388086654200298,0.6372140367903142,0.0012728426709872735,0.36127431187327985,0.998488348663594,0.3625471545442671,1.0000000000000013
task-v2-2d64318cb7be,g-6aa6775bed3bc2cc,v2-S2-b001-g-6aa6775bed3bc2cc,S2,D2,10,0.001953125,2.709269960975831,P2_RANDOM_ORIGINAL,1103,2,120,terminal,"[1.8872525720181654, 4.423457762907781, 2.278458800349386, 0.12049562539199202]",1.7297229423839835,0.008673660545237986,0.004957855194538024,0.571598942416531,0.6474723824530009,0.9999999999999996,0.10212266450663032,1.2704732291432217,0.3571270487341313,1.627600277877353,1.7297229423839833,-2.220446049250313e-16,0.008673660545237986,0.6822398489075465,0.002755444896024114,0.30633104565119096,0.9885708945587376,0.30908649054721504,0.9999999999999996
task-v2-2d64318cb7be,g-6aa6775bed3bc2cc,v2-S2-b001-g-6aa6775bed3bc2cc,S2,D2,10,0.001953125,2.709269960975831,P2_RANDOM_ORIGINAL,2207,2,120,terminal,"[2.135855943816076, 6.043253439112003, 2.5173232462610784, -0.42044304575646113]",1.564057493309508,0.013428410574730994,0.008505523714043006,0.6333976509512105,0.8372945723434444,1.0000000000000004,0.07173662868117214,1.1737042050499131,0.31861665957842283,1.492320864628336,1.5640574933095082,2.220446049250313e-16,0.013428410574730994,0.6884382071174898,0.005446296204673091,0.2926870861031067,0.9811252932205963,0.2981333823077798,1.0000000000000004
task-v2-2d64318cb7be,g-6aa6775bed3bc2cc,v2-S2-b001-g-6aa6775bed3bc2cc,S2,D2,10,0.001953125,2.709269960975831,P2_RANDOM_ORIGINAL,3301,2,120,terminal,"[1.7321811018954694, 1.8208516674860495, 2.2035211534336727, -0.206424357239407]",1.6086164208591873,0.012722108644870556,0.007700085411230409,0.6052522915951529,0.8138290610409236,0.9999999999999996,0.09110841406066936,1.242815345966467,0.2746926608320508,1.5175080067985178,1.608616420859187,-2.220446049250313e-16,0.012722108644870556,0.7436323165176127,0.0028522947826628638,0.24079328005485334,0.9844255965724662,0.2436455748375162,0.9999999999999996
task-v2-2d64318cb7be,g-6aa6775bed3bc2cc,v2-S2-b001-g-6aa6775bed3bc2cc,S2,D2,10,0.001953125,2.709269960975831,P3_CONTINUATION_B1,1103,3,120,terminal,"[1.8554550272605468, 4.4003953478102416, 0.004218068847611933, 2.2817492793683467, 0.1245155528463832, -0.005752549618037694]",1.7293961354657394,0.008707010352856735,0.004973662678397555,0.5712250791990522,0.6491390218228309,0.9999999999999984,0.102125988814977,1.269959904963167,0.35731024168759534,1.6272701466507622,1.7293961354657392,-2.220446049250313e-16,0.008707010352856735,0.6813015314963142,0.0028118929538902488,0.30717956519693734,0.9884810966932515,0.3099914581508275,0.9999999999999986
task-v2-2d64318cb7be,g-6aa6775bed3bc2cc,v2-S2-b001-g-6aa6775bed3bc2cc,S2,D2,10,0.001953125,2.709269960975831,P3_CONTINUATION_B1,2207,3,120,terminal,"[1.4582299004410693, 6.673536245952339, 0.5200739739336435, 2.3602112308474363, -0.23479651934645762, -0.15451144333576897]",1.4122457098897476,0.0453660624894026,0.029156400903867372,0.6426919001550605,1.3660010476402722,0.999999999999999,0.06722906124991546,1.1253370826175553,0.21967956602227706,1.3450166486398323,1.4122457098897476,0.0,0.0453660624894026,0.749920270708236,0.0056473534373110935,0.1990663133650492,0.9489865840732854,0.20471366680236033,0.9999999999999988
task-v2-2d64318cb7be,g-6aa6775bed3bc2cc,v2-S2-b001-g-6aa6775bed3bc2cc,S2,D2,10,0.001953125,2.709269960975831,P3_CONTINUATION_B1,3301,3,120,terminal,"[1.548896588210829, 1.4757400767333477, 0.7043268967125544, 2.2509789079941194, -0.1848847412995622, -0.10049434710159343]",1.5619253874660934,0.022534529206150254,0.013641043190830471,0.6053396130906289,1.062118450149773,0.9999999999999986,0.08698505506435499,1.2187695469437667,0.2561707854579718,1.4749403324017385,1.5619253874660934,0.0,0.022534529206150254,0.7476330118443826,0.0032905443906388193,0.22654191455882683,0.9741749264032095,0.2298324589494657,0.9999999999999984
task-v2-2d64318cb7be,g-6aa6775bed3bc2cc,v2-S2-b001-g-6aa6775bed3bc2cc,S2,D2,10,0.001953125,2.709269960975831,P3_CONTINUATION_B2,2207,3,240,terminal,"[1.24092199866209, 6.584753197451973, 1.0048282907134949, 2.328280244965471, -0.3177461924670838, -0.16418464955499315]",1.363327692999374,0.06095912091777783,0.03879471433031918,0.6364054098261328,1.4943086564577848,0.9999999999999996,0.06510383795315061,1.1034789114160652,0.19474494363015848,1.2982238550462237,1.3633276929993743,2.220446049250313e-16,0.06095912091777783,0.7559756683536276,0.007978564878666109,0.1750866458499279,0.9310623142035555,0.18306521072859402,0.9999999999999993
task-v2-2d64318cb7be,g-6aa6775bed3bc2cc,v2-S2-b001-g-6aa6775bed3bc2cc,S2,D2,10,0.001953125,2.709269960975831,P3_CONTINUATION_B4,2207,3,480,terminal,"[1.2156383938252535, 6.64407918443198, 1.2538318241064845, 2.322902817939545, -0.3501691983962463, -0.15856423816149745]",1.35542916938307,0.06450636427423756,0.041411512877311464,0.6419756150146307,1.5188725257324935,1.0000000000000009,0.06406353326037145,1.0988663646555783,0.1924992714671207,1.291365636122699,1.3554291693830705,4.440892098500626e-16,0.06450636427423756,0.7542523632297193,0.008593288691482999,0.17264798380456087,0.9269003470342803,0.18124127249604385,1.0000000000000009
task-v2-2d64318cb7be,g-6aa6775bed3bc2cc,v2-S2-b001-g-6aa6775bed3bc2cc,S2,D2,10,0.001953125,2.709269960975831,P3_NELDER_MEAD_B1,2207,3,120,terminal,"[1.4109375958392496, 6.884420607670156, 0.00015778469680361202, 2.4029097322893005, -0.3648293033675807, 0.0013581895642626293]",1.4619286961896933,0.03306588319715005,0.02081300653123373,0.6294405144764923,1.2286500882736888,0.9999999999999991,0.0676562730777801,1.139661406180518,0.25461101693139526,1.3942724231119132,1.4619286961896933,0.0,0.03306588319715005,0.7274299572224756,0.0053908555812544725,0.234113303999119,0.9615432612215945,0.23950415958037347,0.9999999999999992
task-v2-2d64318cb7be,g-6aa6775bed3bc2cc,v2-S2-b001-g-6aa6775bed3bc2cc,S2,D2,10,0.001953125,2.709269960975831,P3_RANDOM_ORIGINAL,1103,3,120,terminal,"[1.3878033631818032, 5.1056285807164645, 3.575515413197615, 0.6587696905785938, 3.6158579220540314, 1.642461999826547]",1.622348278007437,0.0003720006508744733,0.00023097034713341847,0.6208869435859035,-0.7201863392741403,0.9999999999999996,0.06154469401967128,1.2585074569715884,0.30229612701617664,1.560803583987765,1.6223482780074363,-6.661338147750939e-16,0.0003720006508744733,0.7139923165856076,0.0013413782292287708,0.2842943045342889,0.9982866211198964,0.2856356827635177,0.9999999999999998
task-v2-2d64318cb7be,g-6aa6775bed3bc2cc,v2-S2-b001-g-6aa6775bed3bc2cc,S2,D2,10,0.001953125,2.709269960975831,P3_RANDOM_ORIGINAL,2207,3,120,terminal,"[3.638600515113056, 3.5776014641764675, 2.992000188794977, -0.0014346818223828265, 0.9669343137903548, 1.4936136557315454]",1.677869052046442,0.01731471439607027,0.009101001244403115,0.5256223715979208,0.9476852932902063,1.0,0.07641113383240897,1.1766651940930686,0.4247927241209649,1.6014579182140336,1.6778690520464425,4.440892098500626e-16,0.01731471439607027,0.5722720417166891,0.014030271678038593,0.39638297220920204,0.968655013925891,0.41041324388724065,1.0
task-v2-2d64318cb7be,g-6aa6775bed3bc2cc,v2-S2-b001-g-6aa6775bed3bc2cc,S2,D2,10,0.001953125,2.709269960975831,P3_RANDOM_ORIGINAL,3301,3,120,terminal,"[2.4236103193022664, 3.8971238048555894, 1.7584526460576937, 0.010434087729225695, 2.526197037605736, 2.9902326598406925]",1.5497861594203717,0.0396688631600812,0.023600453544076704,0.5949364731940656,1.3077197155115368,1.0000000000000004,0.06942706870595333,1.1463603553234263,0.3339987353909918,1.4803590907144182,1.5497861594203712,-4.440892098500626e-16,0.0396688631600812,0.6369018829187522,0.024523736577504597,0.29890551734366266,0.9358074002624148,0.3234292539211672,1.0000000000000007
task-v2-3cd2eda112d3,g-6aa6775bed3bc2cc,v2-S2-b001-g-6aa6775bed3bc2cc,S2,D3,10,0.0029296875,2.533178701920149,P2_RANDOM_ORIGINAL,1103,2,120,terminal,"[1.3024465937729401, 4.403992215368902, 2.4101933504152044, 0.08757065220475269]",1.4826819988714406,0.014971390648167162,0.010255496341736208,0.6850062617925018,0.708440844465927,0.9999999999999998,0.10246774390036936,1.2583609823349273,0.12185327263614393,1.3802142549710712,1.4826819988714406,0.0,0.014971390648167162,0.8749284015863006,0.00020637159707302598,0.10989383616845882,0.9848222377547595,0.11010020776553185,0.9999999999999997
task-v2-3cd2eda112d3,g-6aa6775bed3bc2cc,v2-S2-b001-g-6aa6775bed3bc2cc,S2,D3,10,0.0029296875,2.533178701920149,P2_RANDOM_ORIGINAL,2207,2,120,terminal,"[6.289045021028471, 4.266169369375171, 2.5852374279898886, 0.1238655085588723]",1.3145104902933211,0.08198410596382215,0.0556558061479468,0.6788609266838445,1.446908366971341,1.000000000000001,0.09549049107270483,1.0915876479881113,0.12743235123250513,1.2190199992206163,1.3145104902933211,0.0,0.08198410596382215,0.7937305166635519,0.01460790738334903,0.10967746998927791,0.9034079866528298,0.12428537737262695,1.0000000000000009
task-v2-3cd2eda112d3,g-6aa6775bed3bc2cc,v2-S2-b001-g-6aa6775bed3bc2cc,S2,D3,10,0.0029296875,2.533178701920149,P2_RANDOM_ORIGINAL,3301,2,120,terminal,"[3.707449088578744, 2.3916690587128415, 1.5878295487815681, 0.9990471066789114]",1.79086577526221,0.027560314094976238,0.016935087894596083,0.6144736898221002,0.9734628646817778,1.0000000000000002,0.13566521207999394,1.2476820640635933,0.40751849911862265,1.655200563182216,1.79086577526221,0.0,0.027560314094976238,0.5901171708469909,0.0020696094812484786,0.3802529055767845,0.9703700764237754,0.382322515058033,1.0
task-v2-3cd2eda112d3,g-6aa6775bed3bc2cc,v2-S2-b001-g-6aa6775bed3bc2cc,S2,D3,10,0.0029296875,2.533178701920149,P3_CONTINUATION_B1,1103,3,120,terminal,"[1.3026134826924465, 4.38179257882014, 8.067405243947042e-05, 2.4125159661139004, 0.08727438933118678, 1.9902065554090446e-05]",1.4826735436600798,0.015028732947772277,0.01028549451872965,0.6843886676590576,0.7101010692677661,0.9999999999999998,0.10247275921166071,1.2579000285733861,0.122300755875033,1.3802007844484192,1.48267354366008,2.220446049250313e-16,0.015028732947772277,0.8744352803527404,0.00020918032738356448,0.1103268063721036,0.9847620867248439,0.11053598669948715,0.9999999999999999
task-v2-3cd2eda112d3,g-6aa6775bed3bc2cc,v2-S2-b001-g-6aa6775bed3bc2cc,S2,D3,10,0.0029296875,2.533178701920149,P3_CONTINUATION_B1,2207,3,120,terminal,"[6.3817346642216215, 4.3664650856253555, -0.020328013324839123, 2.585595975579392, 0.10954990940193374, 0.013371452862212576]",1.3100103531321745,0.08238242885437924,0.05572217962992394,0.6763842776281764,1.4490132938923859,0.9999999999999996,0.09442419311349287,1.0921272672291127,0.12345889278956912,1.215586160018682,1.3100103531321747,2.220446049250313e-16,0.08238242885437924,0.7971139361866031,0.014081809845204832,0.10642182511381246,0.9035357613004154,0.12050363495901727,0.9999999999999997
task-v2-3cd2eda112d3,g-6aa6775bed3bc2cc,v2-S2-b001-g-6aa6775bed3bc2cc,S2,D3,10,0.0029296875,2.533178701920149,P3_CONTINUATION_B1,3301,3,120,terminal,"[3.563306877007855, 2.2442441493879803, -0.29065376406819454, 1.590369366822715, 0.8513076955925836, 0.16560164706353397]",1.748926887483193,0.037782282035412576,0.023286580532916726,0.6163359987385273,1.1104668875191008,0.999999999999999,0.13372864299002352,1.2287054184582331,0.3864928260349363,1.6151982444931694,1.748926887483193,0.0,0.037782282035412576,0.6002647866730662,0.0028495405178066116,0.35910339077371367,0.9593681774467797,0.3619529312915203,0.999999999999999
task-v2-3cd2eda112d3,g-6aa6775bed3bc2cc,v2-S2-b001-g-6aa6775bed3bc2cc,S2,D3,10,0.0029296875,2.533178701920149,P3_CONTINUATION_B2,2207,3,240,terminal,"[6.392535551029454, 4.440527583080991, -0.024107873523361068, 2.581342781250216, 0.11005945719527377, 0.013886922221094028]",1.3089646458281547,0.08223136911868392,0.055764587103190114,0.6781425105874803,1.448216223065113,1.0,0.09421133186024779,1.0931887486571261,0.12156456531078114,1.2147533139679072,1.308964645828155,2.220446049250313e-16,0.08223136911868392,0.7991175681001159,0.01379821771997969,0.10485284506122035,0.9039704131613364,0.11865106278120005,0.9999999999999999
task-v2-3cd2eda112d3,g-6aa6775bed3bc2cc,v2-S2-b001-g-6aa6775bed3bc2cc,S2,D3,10,0.0029296875,2.533178701920149,P3_CONTINUATION_B4,2207,3,480,terminal,"[6.397170850801772, 4.4962453474447335, -0.071198915548268, 2.579136090868406, 0.0866513670276862, 0.03872556262065297]",1.3083472002100138,0.08248946886691952,0.05600541820057761,0.6789402207320707,1.4495772091983055,0.9999999999999997,0.09419693283916923,1.0934396081991709,0.12071065917167402,1.2141502673708449,1.308347200210014,2.220446049250313e-16,0.08248946886691952,0.7996961234689047,0.013667642406293118,0.10414676525788227,0.9038428887267871,0.11781440766417539,0.9999999999999997
task-v2-3cd2eda112d3,g-6aa6775bed3bc2cc,v2-S2-b001-g-6aa6775bed3bc2cc,S2,D3,10,0.0029296875,2.533178701920149,P3_NELDER_MEAD_B1,2207,3,120,terminal,"[6.398715948991471, 4.501969080057711, 8.83317351982652e-05, 2.578472750956424, 0.1238575083901369, 0.00017078139658927222]",1.308759434266542,0.08187172193639577,0.055710143304239776,0.6804564749171843,1.4463126265421578,0.9999999999999997,0.09406054212827894,1.0941750849631315,0.12052380717513173,1.2146988921382633,1.3087594342665423,2.220446049250313e-16,0.08187172193639577,0.800487366562035,0.013573483642203916,0.10406742785936486,0.9045547944213999,0.11764091150156877,0.9999999999999996
task-v2-3cd2eda112d3,g-6aa6775bed3bc2cc,v2-S2-b001-g-6aa6775bed3bc2cc,S2,D3,10,0.0029296875,2.533178701920149,P3_RANDOM_ORIGINAL,1103,3,120,terminal,"[1.3464497186162774, 4.006767671192272, 4.336102826611792, 0.8639818366418487, 3.071162974549357, 1.7172021589749258]",1.481556340808822,0.005974626108089024,0.005150305091559406,0.8620296899560672,0.30948943425588943,0.9999999999999984,0.08949834958454436,1.2417882996642082,0.15026969156006953,1.3920579912242776,1.481556340808822,0.0,0.005974626108089024,0.8553700166138722,7.877953759954231e-06,0.1386474793242772,0.9940174959381494,0.13865535727803716,0.9999999999999986
task-v2-3cd2eda112d3,g-6aa6775bed3bc2cc,v2-S2-b001-g-6aa6775bed3bc2cc,S2,D3,10,0.0029296875,2.533178701920149,P3_RANDOM_ORIGINAL,2207,3,120,terminal,"[3.0338346801292397, 3.947569401566516, 4.112784617772813, -0.008576017545590064, 1.0278593169907853, 1.4812995629993873]",1.3763874155761244,0.04973236413922797,0.03435689507201251,0.6908357498515223,1.2298178068032242,0.9999999999999998,0.08465067571791673,1.137549099793146,0.15418764006506186,1.2917367398582078,1.3763874155761247,2.220446049250313e-16,0.04973236413922797,0.799445693165437,0.005375081010834672,0.14544686168450013,0.944892554849937,0.1508219426953348,0.9999999999999999
task-v2-3cd2eda112d3,g-6aa6775bed3bc2cc,v2-S2-b001-g-6aa6775bed3bc2cc,S2,D3,10,0.0029296875,2.533178701920149,P3_RANDOM_ORIGINAL,3301,3,120,terminal,"[1.163624893555763, 3.4232437194150904, 3.186043971115453, 0.7134156534942054, 3.1663739665912605, 1.8867343231873557]",1.4390173276530493,0.0012562541913762675,0.0011942579686250374,0.950649937586826,-0.36774377432937755,0.9999999999999999,0.06924274835239756,1.2628570798607108,0.10691749943994125,1.3697745793006522,1.4390173276530498,4.440892098500626e-16,0.0012562541913762675,0.8991804050129866,2.6138653841896596e-05,0.09953720214179511,0.9987176071547818,0.099563340795637,0.9999999999999999
task-v2-f4789f22d2c1,g-6aa6775bed3bc2cc,v2-S2-b001-g-6aa6775bed3bc2cc,S2,D4,10,0.00390625,2.4082399653118496,P2_RANDOM_ORIGINAL,1103,2,120,terminal,"[1.251038109130302, 4.461620234289888, 2.493187229475474, 0.05415861378670805]",1.4475328873882962,0.013242948810660574,0.007264567677466241,0.5485611838670148,0.5302246656425632,1.0000000000000002,0.1064641028145806,1.2581653811072133,0.08290340346650248,1.3410687845737157,1.4475328873882962,0.0,0.013242948810660574,0.9102617473832757,0.0,0.07649530380606387,0.9867570511893397,0.07649530380606387,1.0000000000000002
task-v2-f4789f22d2c1,g-6aa6775bed3bc2cc,v2-S2-b001-g-6aa6775bed3bc2cc,S2,D4,10,0.00390625,2.4082399653118496,P2_RANDOM_ORIGINAL,2207,2,120,terminal,"[3.63284506636174, 4.04031944683832, 1.169727701730444, -1.0409076136041355]",1.6068369693945606,0.005490430072498375,0.0029494702702015886,0.537202046334315,0.14784632994361463,1.0000000000000018,0.12022734099867438,1.3435869454118932,0.143022682983993,1.486609628395886,1.6068369693945606,0.0,0.005490430072498375,0.8559712609742676,0.0,0.13853830895323588,0.9945095699275034,0.13853830895323588,1.0000000000000018
task-v2-f4789f22d2c1,g-6aa6775bed3bc2cc,v2-S2-b001-g-6aa6775bed3bc2cc,S2,D4,10,0.00390625,2.4082399653118496,P2_RANDOM_ORIGINAL,3301,2,120,terminal,"[3.132259562599636, 3.2757675391423544, 1.6595877722546832, 1.2674228986354614]",1.7251436737011883,0.0031960433456359664,0.0014108225185536299,0.44142784248531414,-0.0871473739827233,1.0000000000000009,0.14403061948703358,1.3342226006160216,0.24689045359813316,1.5811130542141547,1.7251436737011883,0.0,0.003196043345635966,0.7589185160460635,0.0,0.2378854406083015,0.9968039566543649,0.2378854406083015,1.0000000000000009
task-v2-f4789f22d2c1,g-6aa6775bed3bc2cc,v2-S2-b001-g-6aa6775bed3bc2cc,S2,D4,10,0.00390625,2.4082399653118496,P3_CONTINUATION_B1,1103,3,120,terminal,"[1.2461465019706865, 4.411210155626915, 0.0020657839226955227, 2.4954291785474267, 0.05678897541984876, -0.0018531278548972515]",1.4472692712522233,0.013457115170445927,0.007410872497020056,0.5507029109251863,0.5371919345730127,1.0000000000000013,0.10663060822251302,1.2581398367349907,0.08249882629471957,1.3406386630297102,1.4472692712522233,0.0,0.013457115170445925,0.9103792818713936,0.0,0.07616360295816177,0.9865428848295554,0.07616360295816177,1.0000000000000013
task-v2-f4789f22d2c1,g-6aa6775bed3bc2cc,v2-S2-b001-g-6aa6775bed3bc2cc,S2,D4,10,0.00390625,2.4082399653118496,P3_CONTINUATION_B1,2207,3,120,terminal,"[3.4675572932788143, 3.7562976762439666, 0.04878721812124402, 1.159262829447361, -1.0594967067611605, 0.010919935893076438]",1.5876882908801853,0.0050191384394118535,0.0026568364669723927,0.5293411407244871,0.10886914000236761,0.9999999999999988,0.1210920278717057,1.3434065780757232,0.12318968493275674,1.46659626300848,1.5876882908801857,4.440892098500626e-16,0.0050191384394118535,0.8757503730953279,0.0,0.11923048846525913,0.994980861560587,0.11923048846525913,0.9999999999999989
task-v2-f4789f22d2c1,g-6aa6775bed3bc2cc,v2-S2-b001-g-6aa6775bed3bc2cc,S2,D4,10,0.00390625,2.4082399653118496,P3_CONTINUATION_B1,3301,3,120,terminal,"[2.964249458544831, 3.1521998277865566, -0.03746311254564984, 1.644702265025029, 1.254296473881765, 0.03913931385472431]",1.7185890276642284,0.003237189306144794,0.0015816517830848044,0.48858797972751605,-0.08159193763030029,0.9999999999999978,0.1452727208659179,1.3351517199582492,0.23816458684006137,1.5733163067983105,1.7185890276642284,0.0,0.003237189306144794,0.7675527404541503,0.0,0.22921007023970263,0.996762810693853,0.22921007023970263,0.9999999999999978
task-v2-f4789f22d2c1,g-6aa6775bed3bc2cc,v2-S2-b001-g-6aa6775bed3bc2cc,S2,D4,10,0.00390625,2.4082399653118496,P3_CONTINUATION_B2,1103,3,240,terminal,"[1.2444911052271919, 4.385219766558689, 0.0037302331627562914, 2.4962511379321453, 0.05694786697961945, -0.0022053964209141743]",1.4471761864150197,0.013482064721717594,0.0074390003505226485,0.5517701111862732,0.5379963729846222,1.0000000000000004,0.1066437767803313,1.2579851705586527,0.08254723907603614,1.340532409634689,1.44717618641502,4.440892098500626e-16,0.013482064721717594,0.9102839111356528,0.0,0.0762340241426302,0.9865179352782829,0.0762340241426302,1.0000000000000007
task-v2-f4789f22d2c1,g-6aa6775bed3bc2cc,v2-S2-b001-g-6aa6775bed3bc2cc,S2,D4,10,0.00390625,2.4082399653118496,P3_CONTINUATION_B4,1103,3,480,terminal,"[1.2445198716984487, 4.346971823004108, 0.006755920291129545, 2.498260383079851, 0.06024353175723608, -0.005238254952357339]",1.4470886242708754,0.013594406852501385,0.007522725276134944,0.5533691434835022,0.5416002286288732,1.0,0.10669808289330276,1.2577479203825523,0.08264262099502022,1.3403905413775725,1.4470886242708754,0.0,0.013594406852501385,0.9100658582269338,0.0,0.07633973492056487,0.9864055931474985,0.07633973492056487,1.0
task-v2-f4789f22d2c1,g-6aa6775bed3bc2cc,v2-S2-b001-g-6aa6775bed3bc2cc,S2,D4,10,0.00390625,2.4082399653118496,P3_NELDER_MEAD_B1,1103,3,120,terminal,"[1.2445387576266005, 4.311162048996126, 0.00021624934917618846, 2.500081818227234, 0.055090210208822876, -8.511724279817025e-05]",1.4470643369865983,0.013653914659559611,0.00757463228466655,0.5547590177270714,0.5434971493849879,0.9999999999999979,0.10672838756633443,1.2575023019986935,0.0828336474215704,1.3403359494202638,1.4470643369865983,0.0,0.013653914659559611,0.9098075035110816,0.0,0.0765385818293566,0.9863460853404382,0.0765385818293566,0.9999999999999978
task-v2-f4789f22d2c1,g-6aa6775bed3bc2cc,v2-S2-b001-g-6aa6775bed3bc2cc,S2,D4,10,0.00390625,2.4082399653118496,P3_RANDOM_ORIGINAL,1103,3,120,terminal,"[1.3209693790895995, 4.470368368453626, 4.3029276769676965, 0.9175744409122578, 3.116171075086248, 1.6794040822200884]",1.4461835723589087,0.004958986757174301,0.0036984600202052713,0.7458096182359448,0.10363291383409375,1.0000000000000024,0.09446910098078541,1.2437760186967703,0.10793845268135292,1.3517144713781233,1.4461835723589087,0.0,0.004958986757174301,0.8942165190461405,0.0,0.10082449419668768,0.9950410132428281,0.10082449419668768,1.0000000000000024
task-v2-f4789f22d2c1,g-6aa6775bed3bc2cc,v2-S2-b001-g-6aa6775bed3bc2cc,S2,D4,10,0.00390625,2.4082399653118496,P3_RANDOM_ORIGINAL,2207,3,120,terminal,"[2.9525431635482686, 3.840944445270985, 3.460751929653348, 0.008443032614892109, 1.0717221915346968, 1.5446072077130681]",1.2968862023668164,0.06904176363992087,0.04141799452202144,0.5998976900131358,1.247351842012381,1.0,0.08986084671305761,1.1140685607933052,0.09295679486045343,1.2070253556537587,1.2968862023668164,0.0,0.06904176363992087,0.8392973576400422,0.0,0.09166087872003696,0.9309582363600791,0.09166087872003696,1.0
task-v2-f4789f22d2c1,g-6aa6775bed3bc2cc,v2-S2-b001-g-6aa6775bed3bc2cc,S2,D4,10,0.00390625,2.4082399653118496,P3_RANDOM_ORIGINAL,3301,3,120,terminal,"[3.232777407041004, 4.192570262847165, 3.4843484201944643, 1.130159056153899, 2.4355631193420875, 2.737835736320152]",1.5557881264804205,0.010400738711248726,0.005828964701690685,0.5604375673226437,0.42530415142079664,1.0,0.11113655786485216,1.2754493065025956,0.16920226211297273,1.4446515686155683,1.5557881264804205,0.0,0.010400738711248726,0.8244599561694185,0.0,0.1651393051193329,0.9895992612887514,0.1651393051193329,1.0
task-v2-4968f3a685c2,g-8a16a856f5377a40,v2-S3-b000-g-8a16a856f5377a40,S3,D1,13,0.0001220703125,3.9133899436317554,P2_RANDOM_ORIGINAL,1103,2,120,terminal,"[2.3572979579313866, 5.058713558072617, 3.71953118117793, -0.9818183631331936]",1.5661662043649591,0.0007571627437660875,0.0007571627437660875,1.0,0.7925791799656814,0.9999999999999996,0.05452748422205639,1.1168362664410938,0.39480245370180944,1.5116387201429031,1.5661662043649596,4.440892098500626e-16,0.0007571627437660875,0.6167479980207587,0.010583358092474623,0.37191148114300027,0.988659479163759,0.3824948392354749,0.9999999999999998
task-v2-4968f3a685c2,g-8a16a856f5377a40,v2-S3-b000-g-8a16a856f5377a40,S3,D1,13,0.0001220703125,3.9133899436317554,P2_RANDOM_ORIGINAL,2207,2,120,terminal,"[4.95466250134755, 3.9014339141787193, 2.39102458528959, 0.1400986467793451]",1.723243703630919,0.00365168135991514,0.00365168135991514,1.0,1.4758828182804453,1.0000000000000004,0.08957009734794315,1.124096144360732,0.5095774619222441,1.6336736062829762,1.7232437036309194,4.440892098500626e-16,0.00365168135991514,0.5183582423119569,0.03776680841551598,0.44022326791261246,0.9585815102245694,0.47799007632812845,1.0000000000000004
task-v2-4968f3a685c2,g-8a16a856f5377a40,v2-S3-b000-g-8a16a856f5377a40,S3,D1,13,0.0001220703125,3.9133899436317554,P2_RANDOM_ORIGINAL,3301,2,120,terminal,"[4.873460008371536, 4.005431361233183, 2.365097705196825, 0.14007590962037544]",1.7325285318060049,0.0038786435284181263,0.0038786435284181263,1.0,1.5020698106886525,1.0,0.09012460814405229,1.1365901162810341,0.5058138073809189,1.642403923661953,1.7325285318060053,4.440892098500626e-16,0.0038786435284181263,0.5242549902286087,0.03255442897714051,0.43931193726583273,0.9635669274944414,0.47186636624297323,1.0
task-v2-4968f3a685c2,g-8a16a856f5377a40,v2-S3-b000-g-8a16a856f5377a40,S3,D1,13,0.0001220703125,3.9133899436317554,P3_CONTINUATION_B1,1103,3,120,terminal,"[3.2754066719459916, 5.696030862403348, 0.7964327068323276, 3.9456665639908413, -0.8764869420615133, -0.2006026959629187]",1.35518580831047,0.0016950581864339845,0.0016950581864339845,1.0,1.1425745544973889,0.9999999999999983,0.04058708364056238,1.0930799394367503,0.22151878523315635,1.3145987246699067,1.355185808310469,-8.881784197001252e-16,0.0016950581864339845,0.7812812416117566,0.011328115635554586,0.20569558456625314,0.9869768261780096,0.21702370020180772,0.9999999999999983
task-v2-4968f3a685c2,g-8a16a856f5377a40,v2-S3-b000-g-8a16a856f5377a40,S3,D1,13,0.0001220703125,3.9133899436317554,P3_CONTINUATION_B1,2207,3,120,terminal,"[5.842891553649822, 4.040641706878781, 0.015564904750892814, 2.416101594623518, 0.08642792287431601, 0.056236966294789664]",1.5958108737473833,0.006229840982409249,0.006229840982409249,1.0,1.7078669050030326,0.9999999999999994,0.07902121333017442,1.084602154128682,0.43218750628852676,1.5167896604172089,1.5958108737473833,0.0,0.006229840982409249,0.5827928882514699,0.051784009014423066,0.3591932617516973,0.9419861500031671,0.41097727076612034,0.9999999999999994
task-v2-4968f3a685c2,g-8a16a856f5377a40,v2-S3-b000-g-8a16a856f5377a40,S3,D1,13,0.0001220703125,3.9133899436317554,P3_CONTINUATION_B1,3301,3,120,terminal,"[5.578427026273613, 4.061797538042384, 0.04762642295855751, 2.4103297501255434, 0.14712594359386694, -0.011783992561498537]",1.626937085848066,0.005766607514976767,0.005766607514976767,1.0,1.674310337234367,0.9999999999999998,0.08141996686042341,1.0935328288620279,0.4519842901256137,1.5455171189876415,1.626937085848065,-1.1102230246251565e-15,0.005766607514976767,0.565466747533104,0.04851237989495751,0.3802542650569615,0.9457210125900655,0.4287666449519191,0.9999999999999998
task-v2-4968f3a685c2,g-8a16a856f5377a40,v2-S3-b000-g-8a16a856f5377a40,S3,D1,13,0.0001220703125,3.9133899436317554,P3_CONTINUATION_B2,1103,3,240,terminal,"[3.570723009419962, 5.630118521362268, 0.9783720463944693, 3.966878744970165, -0.9377982046808627, -0.17921872210071113]",1.3355793197767845,0.0017120381948210652,0.0017120381948210652,1.0,1.146903393000338,0.9999999999999989,0.04039434215016936,1.0949148373329196,0.200270140293695,1.2951849776266147,1.335579319776784,-4.440892098500626e-16,0.0017120381948210652,0.802431441190202,0.009053297898951406,0.18680322271602462,0.9892346639062265,0.19585652061497605,0.9999999999999991
task-v2-4968f3a685c2,g-8a16a856f5377a40,v2-S3-b000-g-8a16a856f5377a40,S3,D1,13,0.0001220703125,3.9133899436317554,P3_CONTINUATION_B4,1103,3,480,terminal,"[3.9100428969666146, 5.46325593592314, 1.0601043823801442, 3.97704838531426, -0.9777316081916758, -0.17800515923348426]",1.3233003735019344,0.0018995575910778488,0.0018995575910778488,1.0,1.1920424087286867,1.0000000000000009,0.040643800332286366,1.0968685316647233,0.1857880415049243,1.2826565731696475,1.323300373501934,-4.440892098500626e-16,0.0018995575910778488,0.8168704065726892,0.006761791216554629,0.17446824461967927,0.9913386511923685,0.1812300358362339,1.0000000000000009
task-v2-4968f3a685c2,g-8a16a856f5377a40,v2-S3-b000-g-8a16a856f5377a40,S3,D1,13,0.0001220703125,3.9133899436317554,P3_NELDER_MEAD_B1,1103,3,120,terminal,"[5.222154847079129, 6.886533624018863, -0.002796546869978647, 3.983091316052996, -1.1900469763180577, -0.003277722654540311]",1.3710894561164255,3.474218576539608e-05,3.474218576539608e-05,1.0,-0.5457529182505834,1.0000000000000007,0.03472849146809196,1.0900024211684016,0.24635854347993216,1.3363609646483339,1.3710894561164257,2.220446049250313e-16,3.474218576539608e-05,0.7591302242169861,0.011349934385403082,0.22948509921184618,0.9886153234288322,0.24083503359724925,1.0000000000000007
task-v2-4968f3a685c2,g-8a16a856f5377a40,v2-S3-b000-g-8a16a856f5377a40,S3,D1,13,0.0001220703125,3.9133899436317554,P3_RANDOM_ORIGINAL,1103,3,120,terminal,"[2.4352127234203738, 4.496836661465224, 4.441928469146954, 0.74358280485217, 3.607637678577531, 1.86912287058791]",1.4040450075077988,0.0002844438852502285,0.0002844438852502285,1.0,0.3673865457164641,0.999999999999999,0.03851985008743203,1.1045436971493112,0.26098146027105573,1.3655251574203668,1.4040450075077988,0.0,0.0002844438852502285,0.7452466900881229,0.004789232620450725,0.24967963340617522,0.9949263234942982,0.25446886602662594,0.9999999999999991
task-v2-4968f3a685c2,g-8a16a856f5377a40,v2-S3-b000-g-8a16a856f5377a40,S3,D1,13,0.0001220703125,3.9133899436317554,P3_RANDOM_ORIGINAL,2207,3,120,terminal,"[4.56019619766878, 4.696518070532821, 3.488068378136385, 0.7886272243783133, 0.2629141070937702, 1.7957974268132788]",1.3634444461393376,1.117364248697446e-06,1.117364248697446e-06,1.0,-2.038415284853149,0.9999999999999993,0.03437818891236463,1.0945597357480352,0.23450652147893689,1.329066257226972,1.3634444461393367,-8.881784197001252e-16,1.117364248697446e-06,0.7713375556284912,0.007844370244448782,0.2208169567628108,0.9921545123913019,0.22866132700725955,0.9999999999999993
task-v2-4968f3a685c2,g-8a16a856f5377a40,v2-S3-b000-g-8a16a856f5377a40,S3,D1,13,0.0001220703125,3.9133899436317554,P3_RANDOM_ORIGINAL,3301,3,120,terminal,"[2.960483255144429, 3.8535847468031124, 2.3191161933828925, 0.8085136548382672, 2.774623257066077, 2.372599384820302]",1.4957194048050328,0.00039413973802561545,0.00039413973802561545,1.0,0.5090401672190599,0.999999999999999,0.04943985647811265,1.113779890868592,0.33249965745832766,1.4462795483269197,1.4957194048050324,-4.440892098500626e-16,0.00039413973802561545,0.6839067565013741,0.0062008705323150035,0.30949823322828424,0.9934049897296584,0.3156991037605993,0.9999999999999989
task-v2-8f4071cbe937,g-8a16a856f5377a40,v2-S3-b000-g-8a16a856f5377a40,S3,D2,13,0.000244140625,3.612359947967774,P2_RANDOM_ORIGINAL,1103,2,120,terminal,"[2.1168240366329436, 4.723762899386075, 3.256906727770692, -0.7870703560194641]",1.553451696088962,0.0063045427600074925,0.0030173718268976155,0.47860280146534045,1.4120135426030578,1.0000000000000002,0.06284535678757766,1.1085288064067205,0.3820775328946643,1.4906063393013849,1.5534516960889624,4.440892098500626e-16,0.0063045427600074925,0.6242738119019742,0.018327093754083715,0.35109455158393466,0.975368363485909,0.3694216453380184,1.0
task-v2-8f4071cbe937,g-8a16a856f5377a40,v2-S3-b000-g-8a16a856f5377a40,S3,D2,13,0.000244140625,3.612359947967774,P2_RANDOM_ORIGINAL,2207,2,120,terminal,"[5.343318955948739, 4.032572872322911, 2.395916115792995, 0.1357736133742755]",1.6202989530598306,0.010250487198277692,0.004321012036736742,0.4215421133800126,1.6231044555542025,1.0000000000000018,0.08775853512293766,1.1154205525101855,0.417119865426707,1.5325404179368924,1.6202989530598302,-4.440892098500626e-16,0.010250487198277692,0.5963446705637363,0.03523225000078519,0.35817259223720244,0.9545172628009387,0.39340484223798766,1.0000000000000018
task-v2-8f4071cbe937,g-8a16a856f5377a40,v2-S3-b000-g-8a16a856f5377a40,S3,D2,13,0.000244140625,3.612359947967774,P2_RANDOM_ORIGINAL,3301,2,120,terminal,"[4.336174421362953, 4.000800523865128, 2.3361730754122445, 0.13262829830803868]",1.7841999004970264,0.006077382019728727,0.0024545190596027707,0.40387769793552186,1.396076484602337,0.9999999999999996,0.10134399181868799,1.1768776379805141,0.505978270697824,1.6828559086783381,1.7841999004970261,-2.220446049250313e-16,0.006077382019728727,0.5308124090281094,0.017044505370755855,0.44606570358140546,0.9768781126095148,0.4631102089521614,0.9999999999999996
task-v2-8f4071cbe937,g-8a16a856f5377a40,v2-S3-b000-g-8a16a856f5377a40,S3,D2,13,0.000244140625,3.612359947967774,P3_CONTINUATION_B1,1103,3,120,terminal,"[2.235672699881083, 4.676766730269493, -0.19848829136225402, 3.221897206118447, -0.8523766080846071, 0.09775903021243706]",1.532127414646346,0.008784188721760063,0.004241104378033252,0.48281116359980414,1.5560616056678906,1.0000000000000004,0.06248576294013587,1.096824766402258,0.3728168853039526,1.4696416517062105,1.5321274146463464,4.440892098500626e-16,0.008784188721760063,0.6297127308603089,0.022643124229873166,0.33885995618805825,0.9685726870483673,0.3615030804179314,1.0000000000000002
task-v2-8f4071cbe937,g-8a16a856f5377a40,v2-S3-b000-g-8a16a856f5377a40,S3,D2,13,0.000244140625,3.612359947967774,P3_CONTINUATION_B1,2207,3,120,terminal,"[6.137661026005555, 4.134547283086639, 0.05409141306886722, 2.436801272989834, 0.18118593372689018, -0.055098026851336]",1.5072976508032223,0.01425430623023674,0.0063351729226922655,0.44443923263370555,1.7663060326288929,1.0000000000000004,0.07849186902410311,1.0768090377431694,0.3519967440359506,1.42880578177912,1.5072976508032232,8.881784197001252e-16,0.01425430623023674,0.6488746839056864,0.04664485253828489,0.2902261573257925,0.9391008412314789,0.33687100986407736,1.0000000000000004
task-v2-8f4071cbe937,g-8a16a856f5377a40,v2-S3-b000-g-8a16a856f5377a40,S3,D2,13,0.000244140625,3.612359947967774,P3_CONTINUATION_B1,3301,3,120,terminal,"[5.3945455496408545, 4.166040443725356, 0.09498334180533416, 2.442522861310673, 0.19694472496516868, -0.05424291854696985]",1.6111663095593993,0.015041496301863945,0.0067233620204302375,0.4469875792607865,1.7896509892313395,1.0000000000000016,0.08937847014277928,1.0934100253724297,0.42837781404418995,1.5217878394166195,1.6111663095593989,-4.440892098500626e-16,0.015041496301863945,0.5787228411116214,0.04375863024339797,0.36247703234311834,0.9411998734547398,0.40623566258651633,1.0000000000000018
task-v2-8f4071cbe937,g-8a16a856f5377a40,v2-S3-b000-g-8a16a856f5377a40,S3,D2,13,0.000244140625,3.612359947967774,P3_CONTINUATION_B2,1103,3,240,terminal,"[2.1161073558906165, 4.513419541413337, -0.7514781211896742, 3.2252803739217315, -0.924283551129821, 0.19822120486329645]",1.4624365623603526,0.012640989361091641,0.0060470783117035,0.4783706511387563,1.7141410137850117,0.9999999999999986,0.06023798681254255,1.080890546164176,0.32130802938363334,1.4021985755478092,1.462436562360352,-6.661338147750939e-16,0.012640989361091641,0.6762036880066835,0.027593676487116848,0.2835616461451064,0.9597653341517899,0.31115532263222323,0.9999999999999984
task-v2-8f4071cbe937,g-8a16a856f5377a40,v2-S3-b000-g-8a16a856f5377a40,S3,D2,13,0.000244140625,3.612359947967774,P3_CONTINUATION_B4,1103,3,480,terminal,"[1.9611845918514819, 4.221696817539652, -1.2109939531094833, 3.241082678190162, -0.8198796274781441, 0.15351706277365576]",1.4280381845886838,0.019341985275211422,0.009153106280310215,0.4732247569250704,1.898860996299026,0.9999999999999998,0.06380839799543488,1.0552985310944274,0.30893125549882183,1.3642297865932491,1.4280381845886843,4.440892098500626e-16,0.019341985275211422,0.6811668386107095,0.04072280261231607,0.25876837350176296,0.9399352121124723,0.29949117611407905,1.0
task-v2-8f4071cbe937,g-8a16a856f5377a40,v2-S3-b000-g-8a16a856f5377a40,S3,D2,13,0.000244140625,3.612359947967774,P3_NELDER_MEAD_B1,1103,3,120,terminal,"[2.3958626961504743, 4.403661002537563, 0.0004346918850157448, 3.2468680825090157, -0.7846746220344447, -0.0006997181219948595]",1.551883229557495,0.006492041383432113,0.003099858083897254,0.47748587860332903,1.4247412275352351,1.0000000000000004,0.06308137581381534,1.108229353744826,0.3805724999988536,1.4888018537436796,1.551883229557495,0.0,0.006492041383432113,0.625645991446722,0.018278995835260797,0.3495829713345856,0.9752289627813074,0.36786196716984637,1.0000000000000004
task-v2-8f4071cbe937,g-8a16a856f5377a40,v2-S3-b000-g-8a16a856f5377a40,S3,D2,13,0.000244140625,3.612359947967774,P3_RANDOM_ORIGINAL,1103,3,120,terminal,"[2.486706957193567, 4.742694864062141, 4.331581170277785, 0.7544069643502462, 3.5961245048843717, 1.868774833439993]",1.3700371591508504,0.00018080444173001616,6.649516902297725e-05,0.3677739793708734,-0.13043095667196677,0.9999999999999991,0.042662564427315135,1.1110973036219554,0.21627729110157976,1.3273745947235351,1.3700371591508502,-2.220446049250313e-16,0.00018080444173001616,0.7912684503443732,0.0049799014155284165,0.20357084379836765,0.9948392941427409,0.20855074521389605,0.9999999999999992
task-v2-8f4071cbe937,g-8a16a856f5377a40,v2-S3-b000-g-8a16a856f5377a40,S3,D2,13,0.000244140625,3.612359947967774,P3_RANDOM_ORIGINAL,2207,3,120,terminal,"[4.764178635420448, 4.753531626360545, 3.019167481317565, 0.8103904294787485, 0.17410231013868657, 1.876642782637327]",1.3120680130486255,5.788802992208579e-05,2.9719877789439017e-05,0.5134028197097119,-0.6250512823674074,0.9999999999999982,0.03687168016986811,1.0928464814045946,0.18234985147416327,1.2751963328787579,1.312068013048626,4.440892098500626e-16,5.788802992208579e-05,0.823475808689009,0.011448989148136,0.1650173141329314,0.9884931228219401,0.17646630328106738,0.9999999999999986
task-v2-8f4071cbe937,g-8a16a856f5377a40,v2-S3-b000-g-8a16a856f5377a40,S3,D2,13,0.000244140625,3.612359947967774,P3_RANDOM_ORIGINAL,3301,3,120,terminal,"[2.913968334219507, 3.793386978701997, 2.286797586495579, 0.8126297043954979, 2.7635741507100695, 2.383092231310009]",1.459896567386291,0.0011598825838910326,0.000516902898373788,0.44565105602305466,0.6767739753419605,0.9999999999999984,0.05413528150294885,1.1220579295302402,0.2837033563531026,1.4057612858833428,1.4598965673862916,6.661338147750939e-16,0.0011598825838910326,0.7341908220719855,0.00431300160706893,0.26033629373705297,0.9945271158090387,0.2646492953441219,0.9999999999999984
task-v2-5de325b6f026,g-8a16a856f5377a40,v2-S3-b000-g-8a16a856f5377a40,S3,D3,13,0.0003662109375,3.436268688912093,P2_RANDOM_ORIGINAL,1103,2,120,terminal,"[2.0522876013912557, 4.8079350627351785, 3.254631144510704, -0.7771932871610482]",1.5459860591715722,0.009742829274044096,0.006325260977323388,0.6492221919740025,1.4249537812812472,0.9999999999999999,0.06305526386531822,1.1055106751511559,0.3774201201550975,1.4829307953062534,1.5459860591715715,-6.661338147750939e-16,0.009742829274044096,0.6252659031772612,0.016431423175838043,0.3485598443728568,0.9738257475501177,0.3649912675486948,1.0
task-v2-5de325b6f026,g-8a16a856f5377a40,v2-S3-b000-g-8a16a856f5377a40,S3,D3,13,0.0003662109375,3.436268688912093,P2_RANDOM_ORIGINAL,2207,2,120,terminal,"[5.401688835417383, 4.219518712455906, 2.3999252208882966, 0.12171550989365058]",1.6044433005653302,0.017229915019693755,0.010659726785909122,0.6186755287954164,1.672551824365398,0.9999999999999996,0.08661044664399095,1.1124371948912684,0.40539565903007085,1.5178328539213393,1.6044433005653302,0.0,0.017229915019693755,0.5998533300250732,0.028948617579880792,0.353968137375352,0.9538214674004252,0.3829167549552327,0.9999999999999998
task-v2-5de325b6f026,g-8a16a856f5377a40,v2-S3-b000-g-8a16a856f5377a40,S3,D3,13,0.0003662109375,3.436268688912093,P2_RANDOM_ORIGINAL,3301,2,120,terminal,"[4.267269136216224, 4.093449287093491, 2.351608707020882, 0.11452906070144965]",1.784244648455573,0.0088456744928828,0.005128257552321947,0.5797474863503201,1.382999642875611,0.9999999999999988,0.10164393203615858,1.174671875183114,0.5079288412363004,1.6826007164194143,1.784244648455573,0.0,0.0088456744928828,0.5254219226573803,0.014087920397079377,0.4516444824526563,0.9770664051100366,0.4657324028497357,0.9999999999999988
task-v2-5de325b6f026,g-8a16a856f5377a40,v2-S3-b000-g-8a16a856f5377a40,S3,D3,13,0.0003662109375,3.436268688912093,P3_CONTINUATION_B1,1103,3,120,terminal,"[2.067910367267188, 4.7801884633270975, -0.22666575496348434, 3.230033372377574, -0.8830160068498246, 0.13995414928879046]",1.51398918308655,0.014326077052915392,0.009338567492650031,0.6518579690837004,1.5923959715971823,0.9999999999999973,0.06267623911174328,1.0907183750377587,0.3605945689370483,1.451312943974807,1.5139891830865502,2.220446049250313e-16,0.014326077052915392,0.6362003827539539,0.020437700262837432,0.32903583993029056,0.9652362226842444,0.349473540193128,0.9999999999999973
task-v2-5de325b6f026,g-8a16a856f5377a40,v2-S3-b000-g-8a16a856f5377a40,S3,D3,13,0.0003662109375,3.436268688912093,P3_CONTINUATION_B1,2207,3,120,terminal,"[6.317090943935659, 4.298119397556833, 0.11682511644401354, 2.436237196078235, 0.17543143717490225, -0.043512678253776416]",1.4793001448973027,0.02566646815537017,0.016244688792588384,0.6329148480520302,1.8456348004287804,0.9999999999999988,0.0774683026195276,1.0720453567324322,0.329786485545343,1.4018318422777751,1.4793001448973027,0.0,0.02566646815537017,0.6590909699122549,0.038231131204023584,0.2770114307283502,0.9361024006406051,0.31524256193237377,0.9999999999999989
task-v2-5de325b6f026,g-8a16a856f5377a40,v2-S3-b000-g-8a16a856f5377a40,S3,D3,13,0.0003662109375,3.436268688912093,P3_CONTINUATION_B1,3301,3,120,terminal,"[5.2313533298306165, 4.203541489341565, 0.4289325889536686, 2.3950673426395293, 0.32575823082395916, -0.18785700614823136]",1.596326846748857,0.01967373165369924,0.01144485314188591,0.581732705484673,1.7301554323038,0.9999999999999984,0.08747185837196038,1.1089310650346433,0.39992392334225335,1.5088549883768967,1.5963268467488572,2.220446049250313e-16,0.01967373165369924,0.6044095478637044,0.030267708575448398,0.3456490119071465,0.9500585597708509,0.37591672048259483,0.9999999999999984
task-v2-5de325b6f026,g-8a16a856f5377a40,v2-S3-b000-g-8a16a856f5377a40,S3,D3,13,0.0003662109375,3.436268688912093,P3_CONTINUATION_B2,1103,3,240,terminal,"[1.9840895988470826, 4.642986050458588, -0.8095241233480166, 3.214795051440177, -0.8659046048542873, 0.1686109294501774]",1.4468135280779397,0.022869967554426635,0.014838399061916363,0.6488159209934817,1.7955342373866392,1.0000000000000004,0.06192013265201432,1.0679558191571366,0.3169375762687892,1.3848933954259257,1.44681352807794,2.220446049250313e-16,0.022869967554426635,0.6699970711520642,0.027472162014340887,0.27966079927916865,0.949657870431233,0.30713296129350953,1.0000000000000004
task-v2-5de325b6f026,g-8a16a856f5377a40,v2-S3-b000-g-8a16a856f5377a40,S3,D3,13,0.0003662109375,3.436268688912093,P3_CONTINUATION_B4,1103,3,480,terminal,"[1.833218527372026, 4.421602963909733, -1.2852614857894713, 3.2258437260053032, -0.7784885439255702, 0.15374101067919035]",1.4146388749795242,0.03294102460194013,0.021139655671197657,0.6417425057857064,1.9540057923083158,1.0000000000000022,0.06568056066495101,1.0394173288889652,0.30954098542560793,1.3489583143145731,1.4146388749795242,0.0,0.03294102460194013,0.6669615274801008,0.039633051041993925,0.26046439687596723,0.927425924356068,0.3000974479179611,1.0000000000000022
task-v2-5de325b6f026,g-8a16a856f5377a40,v2-S3-b000-g-8a16a856f5377a40,S3,D3,13,0.0003662109375,3.436268688912093,P3_NELDER_MEAD_B1,1103,3,120,terminal,"[2.450966566069233, 4.376754182923227, 0.0006754104654431918, 3.2387753180416885, -0.7728859750732102, -0.0014250821157397024]",1.5431112675569207,0.01007792337204182,0.006510267344838205,0.645992939666419,1.4396397407661439,0.9999999999999979,0.06323980544323993,1.1050566405305213,0.37481482158315926,1.4798714621136806,1.5431112675569205,-2.220446049250313e-16,0.01007792337204182,0.6274988660506888,0.016305715549154106,0.3461174950281134,0.9736163610788021,0.36242321057726745,0.9999999999999981
task-v2-5de325b6f026,g-8a16a856f5377a40,v2-S3-b000-g-8a16a856f5377a40,S3,D3,13,0.0003662109375,3.436268688912093,P3_RANDOM_ORIGINAL,1103,3,120,terminal,"[2.437358608773884, 4.722605402128072, 4.43633262550594, 0.745789599964885, 3.6247754435674353, 1.8720498593998647]",1.3688782634668861,0.00028704348070393934,0.00016446160768574956,0.5729501582214214,-0.1057836234148621,0.9999999999999989,0.04338530140628051,1.1123518530750407,0.21314110898556451,1.3254929620606053,1.368878263466886,-2.220446049250313e-16,0.00028704348070393934,0.794250611181617,0.004000840858609049,0.2014615044790691,0.9957121156606861,0.20546234533767815,0.9999999999999991
task-v2-5de325b6f026,g-8a16a856f5377a40,v2-S3-b000-g-8a16a856f5377a40,S3,D3,13,0.0003662109375,3.436268688912093,P3_RANDOM_ORIGINAL,2207,3,120,terminal,"[4.5538971343993895, 4.643602231386923, 2.8402475435887524, 0.8148554956555321, 0.14207357431450718, 1.9208213848278128]",1.3213400887533846,5.485345535543948e-05,3.5160951432990195e-05,0.6409979317648127,-0.8245273210270436,1.0000000000000004,0.038373989637568946,1.094722824687741,0.1882432744280746,1.2829660991158156,1.3213400887533846,0.0,5.485345535543948e-05,0.8178946618049132,0.010853644693744696,0.17119684004598704,0.9890915018509003,0.18205048473973173,1.0000000000000004
task-v2-5de325b6f026,g-8a16a856f5377a40,v2-S3-b000-g-8a16a856f5377a40,S3,D3,13,0.0003662109375,3.436268688912093,P3_RANDOM_ORIGINAL,3301,3,120,terminal,"[2.8939359979169588, 4.016799972780923, 2.3757115193502774, 0.814078530054709, 2.769853252013618, 2.3913283060390813]",1.4610271831979866,0.0014370096251193412,0.0008432544769369552,0.5868119894234698,0.5937283659692263,1.0000000000000016,0.05339981007590699,1.1200817144250186,0.2875456586970607,1.4076273731220792,1.4610271831979862,-4.440892098500626e-16,0.0014370096251193412,0.7308420387365686,0.005707115516751058,0.2620138361215628,0.9928558748581312,0.2677209516383139,1.0000000000000018
task-v2-eb1005d46905,g-8a16a856f5377a40,v2-S3-b000-g-8a16a856f5377a40,S3,D4,13,0.00048828125,3.311329952303793,P2_RANDOM_ORIGINAL,1103,2,120,terminal,"[2.8426933144772715, 4.26334162639579, 2.323998914921688, 0.11077766136798751]",1.8712655877875395,0.009157051512847543,0.001833023527953416,0.2001761730161334,1.2730856096141434,0.9999999999999987,0.12359036041570472,1.2352542836355562,0.5124209437362782,1.7476752273718343,1.8712655877875393,-2.220446049250313e-16,0.009157051512847543,0.5392227367829528,0.004424527818081296,0.44719568388611686,0.9864184206690697,0.45162021170419814,0.9999999999999986
task-v2-eb1005d46905,g-8a16a856f5377a40,v2-S3-b000-g-8a16a856f5377a40,S3,D4,13,0.00048828125,3.311329952303793,P2_RANDOM_ORIGINAL,2207,2,120,terminal,"[5.646268770461309, 4.087709939516235, 2.451268107417907, 0.13357294455980182]",1.515837039047168,0.02759973422225965,0.0077774862786999565,0.28179569470010635,1.7522348522544526,0.9999999999999993,0.09224745913105514,1.1022014214214308,0.3213881584946823,1.4235895799161131,1.5158370390471683,2.220446049250313e-16,0.02759973422225965,0.6667914080061177,0.02289695805851916,0.28271189971310295,0.9495033077192205,0.3056088577716221,0.9999999999999996
task-v2-eb1005d46905,g-8a16a856f5377a40,v2-S3-b000-g-8a16a856f5377a40,S3,D4,13,0.00048828125,3.311329952303793,P2_RANDOM_ORIGINAL,3301,2,120,terminal,"[4.509241470476661, 3.6659926750969, 2.3993750512580925, 0.13074545995770717]",1.762903332195945,0.008770626715635112,0.0007495579806446247,0.08546230559652163,1.2543605798109256,0.9999999999999996,0.10844307872531017,1.1734828460028675,0.48097740746776807,1.6544602534706354,1.7629033321959455,4.440892098500626e-16,0.008770626715635114,0.5459476649118751,0.01196779591620176,0.43331391245628764,0.9792615773681627,0.4452817083724894,0.9999999999999996
task-v2-eb1005d46905,g-8a16a856f5377a40,v2-S3-b000-g-8a16a856f5377a40,S3,D4,13,0.00048828125,3.311329952303793,P3_CONTINUATION_B1,1103,3,120,terminal,"[3.478582620518987, 4.293646951017124, -0.032913060833893705, 2.307612776917407, 0.09505296288031419, 0.003625730201528973]",1.8390298408911083,0.008908607163500674,0.0017643800745884247,0.19805341533267298,1.2611397608871644,1.0000000000000013,0.11758832848684644,1.224315120765461,0.497126391638801,1.7214415124042621,1.8390298408911083,0.0,0.008908607163500674,0.5510305979165675,0.0047279123567659405,0.4353328825631672,0.9863634804797348,0.44006079491993316,1.0000000000000013
task-v2-eb1005d46905,g-8a16a856f5377a40,v2-S3-b000-g-8a16a856f5377a40,S3,D4,13,0.00048828125,3.311329952303793,P3_CONTINUATION_B1,2207,3,120,terminal,"[6.375009547100259, 4.534787505172351, 0.017418613187467954, 2.4688427188500985, 0.14121061099605303, -0.024762632562151544]",1.3922084283682281,0.04848038146002852,0.017685633952071848,0.3647998101387349,1.9968959806512492,0.9999999999999992,0.08246542812338527,1.0613143260267837,0.24842867421805875,1.3097430002448425,1.3922084283682277,-4.440892098500626e-16,0.048480381460028525,0.7127236598252025,0.023973772145322633,0.21482218656944554,0.927545846394648,0.23879595871476822,0.9999999999999991
task-v2-eb1005d46905,g-8a16a856f5377a40,v2-S3-b000-g-8a16a856f5377a40,S3,D4,13,0.00048828125,3.311329952303793,P3_CONTINUATION_B1,3301,3,120,terminal,"[5.580444782709805, 4.241223408592196, 0.13972422709787477, 2.4306648262940906, 0.19388988379736602, -0.07284139607604936]",1.5185177445552809,0.02873126326958619,0.008653042453514444,0.30117166698598397,1.7696846739779206,0.9999999999999992,0.09141170536142815,1.107107034823367,0.31999900437048573,1.4271060391938526,1.5185177445552807,-2.220446049250313e-16,0.02873126326958619,0.6679621752813657,0.020358042190300348,0.282948519258747,0.9509106945401127,0.30330656144904733,0.9999999999999992
task-v2-eb1005d46905,g-8a16a856f5377a40,v2-S3-b000-g-8a16a856f5377a40,S3,D4,13,0.00048828125,3.311329952303793,P3_CONTINUATION_B2,2207,3,240,terminal,"[6.5765565531666, 4.580733636567525, 0.17184974006172918, 2.465056498558118, 0.2649851148089734, -0.14302498797221685]",1.3588743799262764,0.05535719832519653,0.019536186011167998,0.35291139368004926,2.05450405429626,0.9999999999999991,0.08013759611030183,1.050653993663245,0.22808279015272892,1.278736783815974,1.358874379926276,-4.440892098500626e-16,0.055357198325196526,0.7256437995632092,0.024384643896100497,0.19461435821549278,0.920258157778702,0.2189990021115933,0.999999999999999
task-v2-eb1005d46905,g-8a16a856f5377a40,v2-S3-b000-g-8a16a856f5377a40,S3,D4,13,0.00048828125,3.311329952303793,P3_CONTINUATION_B4,2207,3,480,terminal,"[6.69324622694027, 4.68913869273064, 0.31790147408064284, 2.4615545370979013, 0.36219571063661216, -0.24322419842311307]",1.3420580449965134,0.05988395766295258,0.020853645035510893,0.3482342491937882,2.0886404469538293,1.0000000000000007,0.07752699320267648,1.0437877046471253,0.2207433471467116,1.2645310517938368,1.3420580449965134,0.0,0.059883957662952576,0.7282145763150526,0.023208569683709407,0.18869289633828606,0.9169074726533386,0.21190146602199542,1.0000000000000007
task-v2-eb1005d46905,g-8a16a856f5377a40,v2-S3-b000-g-8a16a856f5377a40,S3,D4,13,0.00048828125,3.311329952303793,P3_NELDER_MEAD_B1,2207,3,120,terminal,"[6.875351615668166, 4.557036762632578, 0.0001771696578286729, 2.4675867098445448, 0.11163983724984267, -0.00042863724904393743]",1.3694392513820186,0.05049858015399725,0.01855439573673358,0.36742410737393566,2.014609119730319,0.9999999999999991,0.07784258975434616,1.0545159286458663,0.23708073298180588,1.2915966616276722,1.3694392513820184,-2.220446049250313e-16,0.05049858015399724,0.7213885751476061,0.023090060202631855,0.20502278449576383,0.9264113596433701,0.2281128446983957,0.999999999999999
task-v2-eb1005d46905,g-8a16a856f5377a40,v2-S3-b000-g-8a16a856f5377a40,S3,D4,13,0.00048828125,3.311329952303793,P3_RANDOM_ORIGINAL,1103,3,120,terminal,"[1.7020792372236242, 3.8592693435873935, 4.639847274704282, 0.4753373899289281, 3.6651614046861316, 1.9035879120177006]",1.379885248250827,0.0046015382583044565,0.004040626128347202,0.8781033431711734,0.9742329895109733,1.0000000000000022,0.04999778992765017,1.121047078412526,0.20884037991065157,1.3298874583231775,1.3798852482508277,6.661338147750939e-16,0.0046015382583044565,0.8006045173727412,0.0005004588296661166,0.19429348553929043,0.9948980029120316,0.19479394436895653,1.0000000000000022
task-v2-eb1005d46905,g-8a16a856f5377a40,v2-S3-b000-g-8a16a856f5377a40,S3,D4,13,0.00048828125,3.311329952303793,P3_RANDOM_ORIGINAL,2207,3,120,terminal,"[5.132349181384989, 4.699003358486359, 3.303642813179597, 0.8512848771365323, 0.013836262340946029, 2.0251017946304675]",1.2863456020319182,0.015626820987117405,0.015367060746192766,0.9833772818451826,1.5052005894288027,1.000000000000001,0.03988740287562342,1.0879654731811668,0.15849272597512837,1.246458199156295,1.2863456020319184,2.220446049250313e-16,0.015626820987117405,0.8314301341692869,0.0011550849478612524,0.15178795989573568,0.9832180940650226,0.15294304484359691,1.0000000000000013
task-v2-eb1005d46905,g-8a16a856f5377a40,v2-S3-b000-g-8a16a856f5377a40,S3,D4,13,0.00048828125,3.311329952303793,P3_RANDOM_ORIGINAL,3301,3,120,terminal,"[2.6008749588987605, 3.8076804701091937, 3.1478252756992395, 0.5593925813245777, 2.7820589840019148, 2.5638135046523627]",1.5241612544202598,0.032155043543247115,0.025849089009016817,0.8038890998312888,1.8185790543295348,0.9999999999999989,0.06697073587653224,1.0887049582175592,0.36848556032616864,1.4571905185437277,1.5241612544202603,4.440892098500626e-16,0.032155043543247115,0.6165748430343934,0.00951673632210573,0.34175337710025255,0.9583282201346459,0.35127011342235825,0.9999999999999988
task-v2-0c6c4504c3d3,g-8a16a856f5377a40,v2-S3-b000-g-8a16a856f5377a40,S3,D5,13,0.0006103515625,3.2144199392957367,P2_RANDOM_ORIGINAL,1103,2,120,terminal,"[2.853339307711231, 4.364054076487135, 2.312596769104051, 0.10473061984598919]",1.860672100206132,0.01109304391620305,0.0018950926824330013,0.17083612908670948,1.2594706716146264,0.9999999999999988,0.12334647933557721,1.2372340726363964,0.500091548234158,1.7373256208705543,1.8606721002061315,-4.440892098500626e-16,0.011093043916203048,0.549496893598272,0.0026687825871839982,0.4367412798983398,0.9862381734966117,0.4394100624855238,0.9999999999999988
task-v2-0c6c4504c3d3,g-8a16a856f5377a40,v2-S3-b000-g-8a16a856f5377a40,S3,D5,13,0.0006103515625,3.2144199392957367,P2_RANDOM_ORIGINAL,2207,2,120,terminal,"[5.633014571174835, 4.166480396683977, 2.4485288277994526, 0.12896163233685734]",1.5069255612077626,0.03570960891095743,0.008700542826461181,0.2436471048494579,1.767205033152949,0.9999999999999996,0.09253729767175703,1.1037583311870522,0.3106299323489536,1.4143882635360059,1.506925561207763,4.440892098500626e-16,0.03570960891095743,0.6694798881812284,0.014752387679167239,0.28005811522864643,0.9495380034098748,0.2948105029078137,0.9999999999999994
task-v2-0c6c4504c3d3,g-8a16a856f5377a40,v2-S3-b000-g-8a16a856f5377a40,S3,D5,13,0.0006103515625,3.2144199392957367,P2_RANDOM_ORIGINAL,3301,2,120,terminal,"[4.682520769585472, 3.772770230251288, 2.3939969807495394, 0.13513522349157267]",1.7271813585777376,0.013589359766591666,0.0012769129042623148,0.09396416948217834,1.3476189356613344,1.000000000000001,0.10672802653245526,1.1699584637927865,0.4504948682524961,1.6204533320452825,1.7271813585777378,2.220446049250313e-16,0.013589359766591664,0.5693412920877949,0.008777559275995833,0.4082917888696186,0.9776330809574135,0.4170693481456144,1.000000000000001
task-v2-0c6c4504c3d3,g-8a16a856f5377a40,v2-S3-b000-g-8a16a856f5377a40,S3,D5,13,0.0006103515625,3.2144199392957367,P3_CONTINUATION_B1,1103,3,120,terminal,"[3.5679314433886473, 4.362943707236035, 0.029275541705931295, 2.2998712426692483, 0.11726014220835043, -0.021077874680564542]",1.8322400735562732,0.010741078371735761,0.0017337601745906486,0.16141397675236144,1.2454678246987514,1.0000000000000002,0.11722722427492258,1.2257839255231602,0.4892289237581904,1.7150128492813506,1.8322400735562732,0.0,0.010741078371735761,0.5570445114046483,0.003023941389897345,0.4291904688337188,0.9862349802383671,0.4322144102236162,1.0000000000000002
task-v2-0c6c4504c3d3,g-8a16a856f5377a40,v2-S3-b000-g-8a16a856f5377a40,S3,D5,13,0.0006103515625,3.2144199392957367,P3_CONTINUATION_B1,2207,3,120,terminal,"[6.323973188684103, 4.632034433132568, 0.06267440667000913, 2.458500500391587, 0.15754605997894983, -0.04137969260524426]",1.3818848379630095,0.05943159541729926,0.018221719642884,0.30659987360157676,1.9884373281712988,1.0000000000000022,0.08290854610749779,1.0627426163063167,0.23623367554919464,1.2989762918555114,1.3818848379630093,-2.220446049250313e-16,0.05943159541729926,0.7140088614808027,0.014352154819566539,0.21220738828233365,0.9262162497631363,0.22655954310190018,1.0000000000000022
task-v2-0c6c4504c3d3,g-8a16a856f5377a40,v2-S3-b000-g-8a16a856f5377a40,S3,D5,13,0.0006103515625,3.2144199392957367,P3_CONTINUATION_B1,3301,3,120,terminal,"[5.635738059230124, 4.291567705397881, 0.04462227201128249, 2.454991416956498, 0.13703895973359087, 0.0025471556509141253]",1.5012079817543331,0.042913182180971954,0.011140564538116546,0.25960704780957405,1.8470106596637563,1.0000000000000024,0.09376430839113853,1.0959414551143982,0.3115022182487963,1.4074436733631945,1.5012079817543331,0.0,0.04291318218097197,0.661560565605265,0.015501995690704751,0.2800242565230607,0.9415848221283256,0.2955262522137654,1.0000000000000024
task-v2-0c6c4504c3d3,g-8a16a856f5377a40,v2-S3-b000-g-8a16a856f5377a40,S3,D5,13,0.0006103515625,3.2144199392957367,P3_CONTINUATION_B2,2207,3,240,terminal,"[6.556739347628954, 4.622062658932104, 0.21875248344455056, 2.467389871644448, 0.2733151072382381, -0.15418448201262805]",1.3385118277668702,0.06874994779024517,0.01998254418195981,0.2906554088291992,2.051692311988335,0.9999999999999989,0.0802423292237654,1.0457263625160484,0.21254313602705588,1.2582694985431044,1.3385118277668697,-4.440892098500626e-16,0.06874994779024517,0.7274449208425937,0.01544358592472109,0.18836154544243877,0.9158064662850325,0.20380513136715986,0.9999999999999987
task-v2-0c6c4504c3d3,g-8a16a856f5377a40,v2-S3-b000-g-8a16a856f5377a40,S3,D5,13,0.0006103515625,3.2144199392957367,P3_CONTINUATION_B4,2207,3,480,terminal,"[6.691636209233443, 4.717214902273099, 0.3194317548587821, 2.464509586257978, 0.3549596703692915, -0.23574515570396393]",1.3243448958021868,0.07317758144294496,0.021192413168760138,0.28960253606199626,2.078797991025438,0.9999999999999997,0.0780623674744026,1.0385957965612622,0.20768673176652175,1.246282528327784,1.3243448958021866,-2.220446049250313e-16,0.07317758144294496,0.7277382647798247,0.015092177149069772,0.18399197662816025,0.9117302414079851,0.19908415377723004,0.9999999999999997
task-v2-0c6c4504c3d3,g-8a16a856f5377a40,v2-S3-b000-g-8a16a856f5377a40,S3,D5,13,0.0006103515625,3.2144199392957367,P3_NELDER_MEAD_B1,2207,3,120,terminal,"[6.8873724015186735, 4.582072726757943, -0.00057994401310687, 2.471722936987086, 0.11086205170640245, -0.00013571272405575913]",1.352848330330936,0.06249295455019579,0.01902483962485873,0.30443175173575027,2.010250997080663,1.0000000000000004,0.07819157323145512,1.0510489640069818,0.22360779309249945,1.2746567570994811,1.3528483303309362,2.220446049250313e-16,0.06249295455019578,0.7226242487810692,0.014396700318925544,0.20048609634980996,0.9231103451308792,0.2148827966687355,1.0000000000000004
task-v2-0c6c4504c3d3,g-8a16a856f5377a40,v2-S3-b000-g-8a16a856f5377a40,S3,D5,13,0.0006103515625,3.2144199392957367,P3_RANDOM_ORIGINAL,1103,3,120,terminal,"[2.086760823437375, 3.531112616819913, 4.555502473650288, 0.4787869259359141, 3.607752008202678, 1.8696213213524362]",1.3855528032441755,0.0034412948326484833,0.0028169805097968286,0.8185815650177317,0.7511418216542655,0.9999999999999993,0.05213136044398455,1.1288943143999628,0.20452712840022835,1.3334214428001911,1.3855528032441757,2.220446049250313e-16,0.003441294832648483,0.8096233951483138,0.00043900373563140126,0.18649630628340547,0.9961197014317194,0.18693531001903688,0.9999999999999991
task-v2-0c6c4504c3d3,g-8a16a856f5377a40,v2-S3-b000-g-8a16a856f5377a40,S3,D5,13,0.0006103515625,3.2144199392957367,P3_RANDOM_ORIGINAL,2207,3,120,terminal,"[5.168120590942857, 4.711443301544924, 2.8234326105124867, 0.8621422340275982, -0.013398064548484273, 2.043741588560384]",1.2719140178881192,0.010939625286873533,0.010685509700554192,0.9767710886199864,1.253422385732804,1.0000000000000004,0.041195348367433944,1.0948505126725805,0.13586815684810405,1.2307186695206846,1.2719140178881183,-8.881784197001252e-16,0.010939625286873533,0.8578923892884924,0.0011281218864166438,0.13003986353821764,0.98793225282671,0.13116798542463431,1.0000000000000002
task-v2-0c6c4504c3d3,g-8a16a856f5377a40,v2-S3-b000-g-8a16a856f5377a40,S3,D5,13,0.0006103515625,3.2144199392957367,P3_RANDOM_ORIGINAL,3301,3,120,terminal,"[2.526362141548664, 3.7932959688560226, 3.1613883694648925, 0.5672434555419202, 2.7994702409666377, 2.5429423677183234]",1.518761906560829,0.034124513194927965,0.025822763390169833,0.756721809998097,1.74748640393753,1.0000000000000002,0.06671464123656337,1.090971838702333,0.3610754266219323,1.4520472653242653,1.5187619065608287,-4.440892098500626e-16,0.034124513194927965,0.6220067914091121,0.005901410505228768,0.33796728489073136,0.9599740762998434,0.3438686953959602,1.0
task-v2-f0ef0f25a74e,g-8a16a856f5377a40,v2-S3-b000-g-8a16a856f5377a40,S3,D6,13,0.000732421875,3.135238693248112,P2_RANDOM_ORIGINAL,1103,2,120,terminal,"[2.403160274171025, 4.486461953335328, 2.285528945747223, 0.10596286308144709]",1.8119808439914964,0.013040008167317388,0.0032866343105570394,0.252042350617114,1.2505165566547314,0.9999999999999993,0.12781718228384922,1.2525733358328237,0.4315903258748231,1.6841636617076468,1.811980843991496,-4.440892098500626e-16,0.013040008167317388,0.6118521517608322,0.0007991865918759053,0.3743086534799738,0.986160805240806,0.37510784007184966,0.9999999999999993
task-v2-f0ef0f25a74e,g-8a16a856f5377a40,v2-S3-b000-g-8a16a856f5377a40,S3,D6,13,0.000732421875,3.135238693248112,P2_RANDOM_ORIGINAL,2207,2,120,terminal,"[5.411947977517282, 4.118635098447074, 2.457470432297963, 0.14401380171856928]",1.5372532578913214,0.04401266490019086,0.014629322478959162,0.3323889274174744,1.778816358480202,0.999999999999998,0.10381660351544875,1.118723814666604,0.3147128397092684,1.4334366543758725,1.5372532578913214,0.0,0.04401266490019086,0.6590567085536795,0.006317960383989356,0.29061266616213843,0.949669374715818,0.29693062654612773,0.9999999999999981
task-v2-f0ef0f25a74e,g-8a16a856f5377a40,v2-S3-b000-g-8a16a856f5377a40,S3,D6,13,0.000732421875,3.135238693248112,P2_RANDOM_ORIGINAL,3301,2,120,terminal,"[2.1661095265763564, 1.8648525946711887, 2.2889542059110757, -0.1880815918125395]",1.6852294122733902,0.01822968468925347,0.004167070289092292,0.228587074330957,1.3960178501695955,1.0000000000000009,0.11332179858057721,1.2086977336999785,0.3632098799928345,1.571907613692813,1.6852294122733902,0.0,0.018229684689253466,0.657271034853316,0.0003937087686897239,0.32410557168874166,0.9813766065420575,0.32449928045743137,1.0000000000000009
task-v2-f0ef0f25a74e,g-8a16a856f5377a40,v2-S3-b000-g-8a16a856f5377a40,S3,D6,13,0.000732421875,3.135238693248112,P3_CONTINUATION_B1,1103,3,120,terminal,"[2.430041262300027, 4.502461534687394, 0.5096338125823261, 2.3029550108919365, 0.17007913837043265, -0.06685948930972019]",1.8037083148294126,0.015920199292030514,0.003636288628854153,0.22840723047194775,1.3371871932632926,0.9999999999999984,0.1269667110910287,1.2441669220200344,0.43257468171834906,1.6767416037383835,1.8037083148294122,-4.440892098500626e-16,0.01592019929203051,0.6068815931127365,0.0008351838900656063,0.37636302370516583,0.9832446168179022,0.3771982075952314,0.9999999999999984
task-v2-f0ef0f25a74e,g-8a16a856f5377a40,v2-S3-b000-g-8a16a856f5377a40,S3,D6,13,0.000732421875,3.135238693248112,P3_CONTINUATION_B1,2207,3,120,terminal,"[6.3915694427524254, 4.541600251419476, 0.12266899828650332, 2.4847652250765826, 0.2626375465444069, -0.1416009420177953]",1.3064991606534662,0.08086054836774234,0.030506391538992567,0.3772716380830589,2.0429753754878774,1.0000000000000009,0.08661995632283925,1.0462958579426878,0.17358334638793949,1.2198792043306272,1.3064991606534666,4.440892098500626e-16,0.08086054836774234,0.7523309769797759,0.006576064208103359,0.16023241044437947,0.9125633874241552,0.1668084746524828,1.000000000000001
task-v2-f0ef0f25a74e,g-8a16a856f5377a40,v2-S3-b000-g-8a16a856f5377a40,S3,D6,13,0.000732421875,3.135238693248112,P3_CONTINUATION_B1,3301,3,120,terminal,"[2.164307860989338, 1.6780951751392765, 0.10659683258985284, 2.3230490041781358, -0.14179463815019105, -0.0512039147710943]",1.6743117492258428,0.02009550834358897,0.004735601614606509,0.23565473107911192,1.438337689992798,1.0000000000000004,0.1126992893813151,1.2045834223290348,0.3570290375154931,1.561612459844528,1.674311749225843,2.220446049250313e-16,0.02009550834358897,0.6617463830161336,0.0005272615824794929,0.3176308470577981,0.9793772300739317,0.3181581086402776,1.0000000000000002
task-v2-f0ef0f25a74e,g-8a16a856f5377a40,v2-S3-b000-g-8a16a856f5377a40,S3,D6,13,0.000732421875,3.135238693248112,P3_CONTINUATION_B2,2207,3,240,terminal,"[6.525286278887406, 4.620709949757027, 0.2616097873408746, 2.483737379397155, 0.3312579052055303, -0.20818724609406936]",1.2773972585547844,0.09049424507620649,0.03318114983107738,0.3666658559683554,2.091859654650914,0.9999999999999999,0.08415184179052285,1.03231348877613,0.16093192798813158,1.1932454167642617,1.2773972585547846,2.220446049250313e-16,0.09049424507620647,0.7548927964924088,0.006615796279108283,0.14799716215227654,0.9028899586446851,0.15461295843138484,1.0
task-v2-f0ef0f25a74e,g-8a16a856f5377a40,v2-S3-b000-g-8a16a856f5377a40,S3,D6,13,0.000732421875,3.135238693248112,P3_CONTINUATION_B4,2207,3,480,terminal,"[6.742353142724865, 4.752206715617571, 0.3351070398178108, 2.476758087368083, 0.3526065632098343, -0.23364934778544008]",1.2638383373921174,0.09361292079357908,0.03445522981352026,0.3680606215620136,2.106574489016992,0.9999999999999998,0.08089826175628033,1.0259275273914241,0.15701254824441332,1.1829400756358375,1.2638383373921178,4.440892098500626e-16,0.09361292079357911,0.7554639253235544,0.006252743508694238,0.144670410374172,0.9001343356977264,0.15092315388286626,0.9999999999999998
task-v2-f0ef0f25a74e,g-8a16a856f5377a40,v2-S3-b000-g-8a16a856f5377a40,S3,D6,13,0.000732421875,3.135238693248112,P3_NELDER_MEAD_B1,2207,3,120,terminal,"[6.884958322757491, 4.549225547531881, -0.00035648937775130597, 2.4847279863069276, 0.11515459498964256, -0.0004311868014034232]",1.2950700883360553,0.0795966494196583,0.030003809430659566,0.3769481460516026,2.036133479965934,1.0,0.0817388708768033,1.042022639761252,0.17130857769799962,1.2133312174592517,1.2950700883360549,-4.440892098500626e-16,0.0795966494196583,0.75540578978856,0.006134731124966693,0.15886282966681517,0.9142686194553752,0.16499756079178185,1.0
task-v2-f0ef0f25a74e,g-8a16a856f5377a40,v2-S3-b000-g-8a16a856f5377a40,S3,D6,13,0.000732421875,3.135238693248112,P3_RANDOM_ORIGINAL,1103,3,120,terminal,"[1.3978441464146487, 4.043078746164997, 4.913877687175665, 0.48476524736562765, 3.6645088511431605, 1.8953483550556127]",1.3607286723749445,0.0038824157746185518,0.0033265860819369697,0.8568340628751457,0.7243407361380407,1.0000000000000007,0.05196249050749767,1.128301696782306,0.18046448508514115,1.3087661818674472,1.3607286723749448,2.220446049250313e-16,0.0038824157746185518,0.8283560628330742,9.332111760621023e-06,0.16775218928054764,0.9961082521136218,0.16776152139230827,1.0000000000000009
task-v2-f0ef0f25a74e,g-8a16a856f5377a40,v2-S3-b000-g-8a16a856f5377a40,S3,D6,13,0.000732421875,3.135238693248112,P3_RANDOM_ORIGINAL,2207,3,120,terminal,"[3.7101961314166654, 3.7518350724260405, 2.9958963791743045, -0.0035106579521057397, 0.8082069356826403, 1.6763813126207943]",1.3769420469493512,0.026447246611343574,0.01166619782240956,0.44111199906177656,1.5576191581356305,0.9999999999999992,0.06271535419761541,1.0965127085182647,0.2177139842334709,1.3142266927517356,1.376942046949351,-2.220446049250313e-16,0.02644724661134357,0.7630715244254492,0.0017730329167934967,0.20870819604641289,0.9717797204718621,0.21048122896320637,0.9999999999999992
task-v2-f0ef0f25a74e,g-8a16a856f5377a40,v2-S3-b000-g-8a16a856f5377a40,S3,D6,13,0.000732421875,3.135238693248112,P3_RANDOM_ORIGINAL,3301,3,120,terminal,"[2.678754230751988, 3.869055524765437, 3.3562313605583913, 0.5440591985523444, 2.7658210875308056, 2.5991498099286634]",1.536779615676418,0.04727658395743135,0.03625360430924163,0.7668406063747117,1.8098847816366455,1.0000000000000004,0.0749711345005579,1.0899451983877384,0.37186328278812153,1.46180848117586,1.536779615676418,0.0,0.047276583957431347,0.5962614932115026,0.0023750990584777277,0.3540868237725887,0.9503483169840913,0.35646192283106637,1.0000000000000004
task-v2-69173fedcdae,g-8a16a856f5377a40,v2-S3-b000-g-8a16a856f5377a40,S3,D7,13,0.0008544921875,3.0682919036174985,P2_RANDOM_ORIGINAL,1103,2,120,terminal,"[1.8934236172164045, 4.496711874635474, 2.266711729638974, 0.11075925032389869]",1.6812927526463834,0.014924688681546198,0.004058837584756773,0.27195458956375884,1.2421971844375506,0.9999999999999999,0.12854431907051223,1.2566560354016856,0.2960923981741864,1.552748433575872,1.6812927526463843,8.881784197001252e-16,0.0149246886815462,0.7267845589465259,0.0,0.2582907523719277,0.9850753113184536,0.2582907523719277,0.9999999999999998
task-v2-69173fedcdae,g-8a16a856f5377a40,v2-S3-b000-g-8a16a856f5377a40,S3,D7,13,0.0008544921875,3.0682919036174985,P2_RANDOM_ORIGINAL,2207,2,120,terminal,"[1.0066855960067225, 6.737128967179567, 2.8781035626707694, -0.5777751815110356]",1.252634297757721,0.04526099539121532,0.014108682627872099,0.3117183461371785,1.724016004454913,0.999999999999999,0.06849424374095757,1.0684867629059904,0.11565329111077347,1.184140054016764,1.2526342977577214,4.440892098500626e-16,0.04526099539121533,0.8424518511839314,0.0,0.11228715342485235,0.9547390046087836,0.11228715342485235,0.9999999999999991
task-v2-69173fedcdae,g-8a16a856f5377a40,v2-S3-b000-g-8a16a856f5377a40,S3,D7,13,0.0008544921875,3.0682919036174985,P2_RANDOM_ORIGINAL,3301,2,120,terminal,"[1.8998040538300824, 4.277136001694996, 2.2755545795975127, 0.1088488178213923]",1.6804249421250606,0.01544267859227611,0.0041899926547951825,0.271325510646247,1.2570145362072223,0.9999999999999998,0.12804343534426404,1.2526654515833548,0.2997160551974418,1.5523815067807967,1.6804249421250608,2.220446049250313e-16,0.015442678592276111,0.7226334579633328,0.0,0.26192386344439084,0.9845573214077237,0.26192386344439084,0.9999999999999998
task-v2-69173fedcdae,g-8a16a856f5377a40,v2-S3-b000-g-8a16a856f5377a40,S3,D7,13,0.0008544921875,3.0682919036174985,P3_CONTINUATION_B1,1103,3,120,terminal,"[1.8628028985969973, 4.43678022999607, -0.015808494390240492, 2.2694724964831825, 0.10660232187105087, 0.004991873100178446]",1.6798101135502872,0.015170425555789513,0.004142378055485398,0.27305615391287,1.249289667261111,0.9999999999999994,0.12856668228670748,1.2559013020532206,0.2953421292103596,1.5512434312635803,1.6798101135502876,4.440892098500626e-16,0.015170425555789513,0.7266621529047235,0.0,0.25816742153948646,0.9848295744442099,0.25816742153948646,0.9999999999999994
task-v2-69173fedcdae,g-8a16a856f5377a40,v2-S3-b000-g-8a16a856f5377a40,S3,D7,13,0.0008544921875,3.0682919036174985,P3_CONTINUATION_B1,2207,3,120,terminal,"[0.7422897833213317, 6.903344047427995, 0.26516713339264747, 2.899043118920492, -0.4217741995845111, -0.17812667132818852]",1.2105800681757297,0.06422465208059504,0.020852348212550845,0.32467825884651563,1.875993663891235,0.9999999999999993,0.06633247738332546,1.0455827180979607,0.09866487269444438,1.144247590792405,1.2105800681757304,6.661338147750939e-16,0.06422465208059504,0.8392627977427299,0.0,0.09651255017667444,0.9357753479194043,0.09651255017667444,0.9999999999999994
task-v2-69173fedcdae,g-8a16a856f5377a40,v2-S3-b000-g-8a16a856f5377a40,S3,D7,13,0.0008544921875,3.0682919036174985,P3_CONTINUATION_B1,3301,3,120,terminal,"[1.8632728555752338, 4.3334406471025, 0.0006319753787624313, 2.272859609338344, 0.11102725009562908, 0.0008494248634698264]",1.6793981932960067,0.015483317308131144,0.004227213470666231,0.2730172989767696,1.2581559177338166,0.9999999999999994,0.12838873867398987,1.2542578753355524,0.29675157928646456,1.551009454622017,1.679398193296007,2.220446049250313e-16,0.015483317308131144,0.7249388471163166,0.0,0.2595778355755515,0.9845166826918682,0.2595778355755515,0.9999999999999992
task-v2-69173fedcdae,g-8a16a856f5377a40,v2-S3-b000-g-8a16a856f5377a40,S3,D7,13,0.0008544921875,3.0682919036174985,P3_CONTINUATION_B2,2207,3,240,terminal,"[0.5433659361022616, 6.753468337468632, 0.6469661454593065, 2.878167970483688, -0.41149118871028073, -0.18370596772520292]",1.1779410590331572,0.09047289229952903,0.02962228153769109,0.32741609983707015,2.0248103779802573,0.9999999999999989,0.06920753536148425,1.0162965000895063,0.09243702358216661,1.1087335236716729,1.1779410590331572,0.0,0.09047289229952903,0.8187204868864926,0.0,0.09080662081397725,0.9095271077004701,0.09080662081397725,0.9999999999999989
task-v2-69173fedcdae,g-8a16a856f5377a40,v2-S3-b000-g-8a16a856f5377a40,S3,D7,13,0.0008544921875,3.0682919036174985,P3_CONTINUATION_B4,2207,3,480,terminal,"[0.4691863397056387, 6.673283336181647, 0.7678035038490272, 2.8662420176470804, -0.42659572498053744, -0.17787755688198542]",1.174900024167663,0.09509313356984928,0.03151929501097092,0.3314571076556109,2.046441062401543,1.0000000000000004,0.07038550656107592,1.012767478546828,0.09174703905975852,1.1045145176065865,1.1749000241676624,-6.661338147750939e-16,0.09509313356984928,0.8146846053779084,0.0,0.09022226105224274,0.9049068664301512,0.09022226105224274,1.0000000000000004
task-v2-69173fedcdae,g-8a16a856f5377a40,v2-S3-b000-g-8a16a856f5377a40,S3,D7,13,0.0008544921875,3.0682919036174985,P3_NELDER_MEAD_B1,2207,3,120,terminal,"[0.7063212164387969, 6.964982721584876, 0.00011557527665317176, 2.887287137280473, -0.5960423739919993, 0.0009382672681860595]",1.2402761638523123,0.04584428743032908,0.01503840563407204,0.3280322691660624,1.729577130383591,1.000000000000003,0.06708646912899165,1.066110859745973,0.10707883497734741,1.1731896947233205,1.240276163852312,-2.220446049250313e-16,0.045844287430329075,0.8491601812214826,0.0,0.10499553134819131,0.9541557125696738,0.10499553134819131,1.000000000000003
task-v2-69173fedcdae,g-8a16a856f5377a40,v2-S3-b000-g-8a16a856f5377a40,S3,D7,13,0.0008544921875,3.0682919036174985,P3_RANDOM_ORIGINAL,1103,3,120,terminal,"[1.455586315966013, 4.338809404270273, 4.590319339239332, 0.5053276579359145, 3.57730967259213, 1.8981925302447036]",1.359327304408583,0.006099934235851649,0.005527395883962224,0.9061402418858225,0.8536170564707748,1.0,0.05676281188675521,1.1369900329398825,0.1655744595819445,1.3025644925218272,1.3593273044085823,-6.661338147750939e-16,0.006099934235851649,0.8390753580612832,0.0,0.15482470770286513,0.9939000657641481,0.15482470770286513,1.0
task-v2-69173fedcdae,g-8a16a856f5377a40,v2-S3-b000-g-8a16a856f5377a40,S3,D7,13,0.0008544921875,3.0682919036174985,P3_RANDOM_ORIGINAL,2207,3,120,terminal,"[3.75027031040415, 3.6341049116368227, 3.0639876046484398, -0.0024680213686027585, 0.8855705617725332, 1.617151305234216]",1.2979051459430204,0.0376391866945274,0.014364917920472908,0.3816479361537723,1.643932134262863,0.9999999999999968,0.06949768923375517,1.0850026050370278,0.14340485167223752,1.2284074567092653,1.2979051459430204,0.0,0.0376391866945274,0.823742466772748,0.0,0.13861834653272154,0.9623608133054695,0.13861834653272154,0.9999999999999969
task-v2-69173fedcdae,g-8a16a856f5377a40,v2-S3-b000-g-8a16a856f5377a40,S3,D7,13,0.0008544921875,3.0682919036174985,P3_RANDOM_ORIGINAL,3301,3,120,terminal,"[3.355128171954876, 3.972738605526626, 3.277757921848069, 0.4813426360096234, 2.698064857033618, 2.6659513313939978]",1.5249098080859995,0.06014333600236746,0.045999017943402054,0.7648231874199889,1.8474794172928417,1.0000000000000009,0.0894054907057821,1.09470326406587,0.34080105331434773,1.4355043173802178,1.524909808086,4.440892098500626e-16,0.06014333600236745,0.6125141834045136,0.0,0.32734248059312,0.9398566639976336,0.32734248059312,1.0000000000000009
task-v2-8792ce3c54d5,g-a712031e7959d564,v2-S3-b001-g-a712031e7959d564,S3,D1,13,0.0001220703125,3.9133899436317554,P2_RANDOM_ORIGINAL,1103,2,120,terminal,"[3.7891991776554947, 4.454716512640481, 2.327954576639622, 0.13488641688017622]",1.8614742912093265,0.006675113950212599,0.006675113950212599,1.0,1.7378486275299623,0.999999999999998,0.07573180753813544,1.1929276272328382,0.5928148564383523,1.7857424836711906,1.8614742912093258,-6.661338147750939e-16,0.006675113950212599,0.4520512838668559,0.02106269238389337,0.5202109097990362,0.9722621936658921,0.5412736021829295,0.999999999999998
task-v2-8792ce3c54d5,g-a712031e7959d564,v2-S3-b001-g-a712031e7959d564,S3,D1,13,0.0001220703125,3.9133899436317554,P2_RANDOM_ORIGINAL,2207,2,120,terminal,"[5.0029460925648035, 3.979640214938352, 2.389496325220441, 0.14849377373478165]",1.6704437635456042,0.006365722324175162,0.006365722324175162,1.0,1.7172376341987676,1.0000000000000016,0.060751077897754316,1.1155767164046948,0.4941159692431554,1.6096926856478502,1.6704437635456044,2.220446049250313e-16,0.006365722324175162,0.5278854557575745,0.04606485539391724,0.4196839665243347,0.9475694222819091,0.4657488219182519,1.0000000000000018
task-v2-8792ce3c54d5,g-a712031e7959d564,v2-S3-b001-g-a712031e7959d564,S3,D1,13,0.0001220703125,3.9133899436317554,P2_RANDOM_ORIGINAL,3301,2,120,terminal,"[4.493028886125917, 4.1137511090690095, 2.3681191939829174, 0.13012519523742738]",1.7372070895330716,0.005940516635781989,0.005940516635781989,1.0,1.687214160046009,0.9999999999999991,0.06553810201747637,1.1439051303348413,0.527763857180754,1.6716689875155955,1.7372070895330718,2.220446049250313e-16,0.005940516635781989,0.5016454464696457,0.034636082020812906,0.4577779548737586,0.9594234013434043,0.49241403689457147,0.9999999999999992
task-v2-8792ce3c54d5,g-a712031e7959d564,v2-S3-b001-g-a712031e7959d564,S3,D1,13,0.0001220703125,3.9133899436317554,P3_CONTINUATION_B1,1103,3,120,terminal,"[5.133492773667142, 4.310150215913373, -0.003810371671277586, 2.3724582380626593, 0.15033782704517468, -0.006648350383315014]",1.652321553669363,0.01002416890501414,0.01002416890501414,1.0,1.9144383194448245,1.0000000000000009,0.05893924946337857,1.115051892452637,0.4783304117533475,1.5933823042059845,1.652321553669363,0.0,0.01002416890501414,0.5391871775569683,0.04421285336700433,0.40657580017101413,0.9457629777279823,0.45078865353801845,1.0000000000000009
task-v2-8792ce3c54d5,g-a712031e7959d564,v2-S3-b001-g-a712031e7959d564,S3,D1,13,0.0001220703125,3.9133899436317554,P3_CONTINUATION_B1,2207,3,120,terminal,"[5.672486710036282, 4.04254644782914, 0.007944094497754607, 2.4073699456484428, 0.154105699324919, -0.01105918807093277]",1.6037100698716134,0.008392192935591673,0.008392192935591673,1.0,1.8372654033143552,0.9999999999999997,0.05432055555454907,1.0902917939299166,0.45909772038714763,1.5493895143170642,1.6037100698716134,0.0,0.008392192935591673,0.5541893640741361,0.053271229797370076,0.3841472131929018,0.9383365772670379,0.43741844299027194,0.9999999999999997
task-v2-8792ce3c54d5,g-a712031e7959d564,v2-S3-b001-g-a712031e7959d564,S3,D1,13,0.0001220703125,3.9133899436317554,P3_CONTINUATION_B1,3301,3,120,terminal,"[5.355307308024706, 4.156201531399548, 0.028851012995885314, 2.3949755171664426, 0.1567740572630655, -0.01607130293751715]",1.626760469090449,0.00913751532056071,0.00913751532056071,1.0,1.8742180617650483,1.0,0.05680164733192357,1.099825969360007,0.47013285239851793,1.569958821758525,1.6267604690904485,-4.440892098500626e-16,0.00913751532056071,0.5449834612895764,0.05026327358998383,0.3956157497998792,0.9405992110894554,0.445879023389863,1.0000000000000002
task-v2-8792ce3c54d5,g-a712031e7959d564,v2-S3-b001-g-a712031e7959d564,S3,D1,13,0.0001220703125,3.9133899436317554,P3_CONTINUATION_B2,2207,3,240,terminal,"[5.845024069001269, 4.146941001601841, -0.0022122641029575256, 2.411320702927396, 0.15943793962764585, -0.015301996128484865]",1.590720778349683,0.010437131268912325,0.010437131268912325,1.0,1.9319710893013409,0.9999999999999993,0.05325553672468397,1.0839599259085233,0.4535053157164759,1.5374652416249992,1.590720778349683,0.0,0.010437131268912325,0.5569449719403639,0.05485277901414096,0.37776511777658206,0.934710089716946,0.432617896790723,0.9999999999999992
task-v2-8792ce3c54d5,g-a712031e7959d564,v2-S3-b001-g-a712031e7959d564,S3,D1,13,0.0001220703125,3.9133899436317554,P3_CONTINUATION_B4,2207,3,480,terminal,"[6.123590228174915, 4.232922970852432, -0.027283813341192665, 2.4155680992966184, 0.12833090175963088, 0.013520844200052394]",1.5796104235271096,0.012081234404282205,0.012081234404282205,1.0,1.9955012543721187,1.0,0.05150215749565598,1.0785271679926627,0.4495810980387904,1.528108266031453,1.5796104235271091,-4.440892098500626e-16,0.012081234404282205,0.5582366719293905,0.05513630472897809,0.37454578893734924,0.9327824608667397,0.4296820936663273,1.0
task-v2-8792ce3c54d5,g-a712031e7959d564,v2-S3-b001-g-a712031e7959d564,S3,D1,13,0.0001220703125,3.9133899436317554,P3_NELDER_MEAD_B1,2207,3,120,terminal,"[6.3025445885991696, 4.290731447920855, 9.909574550860296e-05, 2.419084698364473, 0.13883571943276762, -0.0009295317051586773]",1.5775238977371593,0.013060890649359147,0.013060890649359147,1.0,2.0293627370266454,1.000000000000001,0.05051659793957843,1.0757588836076546,0.4512484161899267,1.5270072997975812,1.57752389773716,6.661338147750939e-16,0.013060890649359147,0.5551884789215992,0.05487329786081158,0.3768773325682312,0.9320658114898304,0.4317506304290428,1.000000000000001
task-v2-8792ce3c54d5,g-a712031e7959d564,v2-S3-b001-g-a712031e7959d564,S3,D1,13,0.0001220703125,3.9133899436317554,P3_RANDOM_ORIGINAL,1103,3,120,terminal,"[2.5247248285400223, 4.302797606035119, 4.341902733385151, 0.7671920989484184, 3.6114800154374107, 1.8215922400919575]",1.3360128356209424,6.75373281040229e-05,6.75373281040229e-05,1.0,-0.2570661811857055,0.9999999999999983,0.01690359915932367,1.1013464211704538,0.21776281529116526,1.319109236461619,1.3360128356209426,2.220446049250313e-16,6.75373281040229e-05,0.7875955810134216,0.005589126064185409,0.20674775559428737,0.9943433366077089,0.21233688165847275,0.9999999999999984
task-v2-8792ce3c54d5,g-a712031e7959d564,v2-S3-b001-g-a712031e7959d564,S3,D1,13,0.0001220703125,3.9133899436317554,P3_RANDOM_ORIGINAL,2207,3,120,terminal,"[3.7565495748698035, 4.613787258624805, 3.190863586908802, 0.8055001592683007, 0.3180019279950471, 1.7709002815069255]",1.3416299380188574,0.0004633303505832181,0.0004633303505832181,1.0,0.5792806933472985,0.9999999999999991,0.017122192528219494,1.0946147515003888,0.22989299399024798,1.3245077454906369,1.341629938018856,-1.3322676295501878e-15,0.0004633303505832181,0.7754114760917813,0.010382357896799853,0.2137428356608348,0.989154311752616,0.22412519355763466,0.9999999999999991
task-v2-8792ce3c54d5,g-a712031e7959d564,v2-S3-b001-g-a712031e7959d564,S3,D1,13,0.0001220703125,3.9133899436317554,P3_RANDOM_ORIGINAL,3301,3,120,terminal,"[3.3354997118242316, 3.278820525003105, 2.5398586645890506, 0.8557625738168813, 3.0033387970554153, 2.1515862201273]",1.4294043273795747,9.089776884822254e-05,9.089776884822254e-05,1.0,-0.12805683308904123,1.000000000000001,0.022287353997709855,1.1013758741333743,0.3057410992484906,1.407116973381865,1.4294043273795747,0.0,9.089776884822254e-05,0.7018383815915225,0.010084110844347417,0.2879866097952826,0.9898249913868054,0.2980707206396301,1.0000000000000007
task-v2-5acbf653f95a,g-a712031e7959d564,v2-S3-b001-g-a712031e7959d564,S3,D2,13,0.000244140625,3.612359947967774,P2_RANDOM_ORIGINAL,1103,2,120,terminal,"[1.8096526448457124, 4.427765583131744, 3.298075240497105, -0.7925145293331105]",1.5454985842359963,0.011267871512759731,0.00760711634922776,0.6751156454538434,1.6642018340612763,0.9999999999999987,0.04240761409790694,1.1085787255731205,0.3945122445649695,1.5030909701380901,1.545498584235997,6.661338147750939e-16,0.011267871512759731,0.6068006651964639,0.019427305637286597,0.36250415765348826,0.9693048228499521,0.3819314632907749,0.9999999999999984
task-v2-5acbf653f95a,g-a712031e7959d564,v2-S3-b001-g-a712031e7959d564,S3,D2,13,0.000244140625,3.612359947967774,P2_RANDOM_ORIGINAL,2207,2,120,terminal,"[5.199240217596663, 4.116129482099739, 2.423293068603699, 0.13635530308038885]",1.5795989005784794,0.018074521164158794,0.011066591198859436,0.6122757609094585,1.8694267486221345,1.0000000000000009,0.06290619755399926,1.0997662232441656,0.4169264797803146,1.5166927030244803,1.5795989005784796,2.220446049250313e-16,0.018074521164158794,0.587234689141136,0.04462197705904038,0.3500688126356659,0.9373035017768019,0.3946907896947063,1.0000000000000009
task-v2-5acbf653f95a,g-a712031e7959d564,v2-S3-b001-g-a712031e7959d564,S3,D2,13,0.000244140625,3.612359947967774,P2_RANDOM_ORIGINAL,3301,2,120,terminal,"[4.126723889992096, 3.952591857521462, 2.3780168945115645, 0.12538119979410842]",1.7413387916410565,0.00857036150461034,0.0052746550763997264,0.6154530440241381,1.5453590891612439,0.9999999999999989,0.0743209329190028,1.1701605567599556,0.4968573019620992,1.6670178587220548,1.7413387916410576,1.1102230246251565e-15,0.00857036150461034,0.5343980806894104,0.02274318130963993,0.4342883764963381,0.9686864571857485,0.45703155780597804,0.9999999999999988
task-v2-5acbf653f95a,g-a712031e7959d564,v2-S3-b001-g-a712031e7959d564,S3,D2,13,0.000244140625,3.612359947967774,P3_CONTINUATION_B1,1103,3,120,terminal,"[1.7636829708276016, 4.2849396241740285, 0.21621080583948607, 3.333641381232542, -0.7384519718091709, -0.08973146321057981]",1.5212758110814675,0.012337266172106662,0.008194061844805207,0.6641716025654996,1.7035788825511513,1.0000000000000004,0.04220488944632908,1.111048671413182,0.36802225022195667,1.4790709216351385,1.521275811081468,4.440892098500626e-16,0.012337266172106662,0.633747780988247,0.019408101250320435,0.33450685158932625,0.9682546325775732,0.3539149528396467,1.0000000000000004
task-v2-5acbf653f95a,g-a712031e7959d564,v2-S3-b001-g-a712031e7959d564,S3,D2,13,0.000244140625,3.612359947967774,P3_CONTINUATION_B1,2207,3,120,terminal,"[5.868740248413588, 4.162209047721508, 0.0007409521429930403, 2.4496401876144627, 0.13975458285895592, -0.005524767110011973]",1.5063772094490169,0.022737735058612853,0.014071180418243389,0.6188470567526184,1.9691071497207138,0.9999999999999994,0.057051598832045164,1.0717409146016574,0.37758469601531447,1.4493256106169718,1.506377209449017,2.220446049250313e-16,0.022737735058612853,0.615771622485938,0.050961179938997556,0.310529462516451,0.9263010850023891,0.3614906424554486,0.9999999999999993
task-v2-5acbf653f95a,g-a712031e7959d564,v2-S3-b001-g-a712031e7959d564,S3,D2,13,0.000244140625,3.612359947967774,P3_CONTINUATION_B1,3301,3,120,terminal,"[5.066089745930028, 4.03596528697844, 0.014878517973976393, 2.412511597147188, 0.13912805420608557, -0.0029528287090819574]",1.5997400237539798,0.015417810269086795,0.009555911782848205,0.619796950154985,1.8003826449264346,0.9999999999999996,0.06401422500751096,1.1108681614131464,0.4248576373333225,1.5357257987464688,1.5997400237539798,0.0,0.015417810269086795,0.5838282854869943,0.04131579352520025,0.3594381107187184,0.9432663962057126,0.40075390424391866,0.9999999999999998
task-v2-5acbf653f95a,g-a712031e7959d564,v2-S3-b001-g-a712031e7959d564,S3,D2,13,0.000244140625,3.612359947967774,P3_CONTINUATION_B2,1103,3,240,terminal,"[1.729271669745737, 4.199332428539378, 0.6765035684526678, 3.2649904267930268, -0.5667305535000463, -0.20678189813645426]",1.4393707285695,0.025485355871365394,0.016107128243172397,0.6320150412837632,2.018650650318288,1.0000000000000022,0.040695293422913684,1.0618475955148945,0.3368278396316924,1.3986754351465869,1.4393707285695005,4.440892098500626e-16,0.025485355871365394,0.6476411521100606,0.03887240416237276,0.28800108785620354,0.9356422399662642,0.3268734920185763,1.0000000000000022
task-v2-5acbf653f95a,g-a712031e7959d564,v2-S3-b001-g-a712031e7959d564,S3,D2,13,0.000244140625,3.612359947967774,P3_CONTINUATION_B4,1103,3,480,terminal,"[1.6320297873242737, 3.93651372690635, 0.8812357830113076, 3.2911740707664445, -0.6102099221084063, -0.19543749758422854]",1.4230071949633851,0.025136775076984606,0.015700349502135086,0.6245968090198821,2.012669507073117,1.0000000000000004,0.04123990180607096,1.0650511667677929,0.3167161263895209,1.3817672931573137,1.4230071949633847,-4.440892098500626e-16,0.025136775076984606,0.6685324450151234,0.0385833273213037,0.2677474525865887,0.9362798976017123,0.30633077990789237,1.0000000000000004
task-v2-5acbf653f95a,g-a712031e7959d564,v2-S3-b001-g-a712031e7959d564,S3,D2,13,0.000244140625,3.612359947967774,P3_NELDER_MEAD_B1,1103,3,120,terminal,"[1.9888202260228325, 4.127418470816769, 4.167889472510349e-06, 3.296237789307092, -0.7945638206587666, 8.592686953947553e-05]",1.543267028849185,0.011310074421405966,0.007543719196737608,0.6669911192149204,1.6658254106031862,1.0000000000000018,0.04286728477089122,1.1091965091219733,0.39120323495632103,1.5003997440782944,1.5432670288491857,6.661338147750939e-16,0.011310074421405966,0.6102665385457284,0.01887038160778872,0.3595530054250786,0.9698195439708068,0.3784233870328674,1.0000000000000018
task-v2-5acbf653f95a,g-a712031e7959d564,v2-S3-b001-g-a712031e7959d564,S3,D2,13,0.000244140625,3.612359947967774,P3_RANDOM_ORIGINAL,1103,3,120,terminal,"[2.654325896629371, 4.457898124578486, 4.45057917696795, 0.7845616503779584, 3.6379308497554463, 1.8277564655296998]",1.317649718412082,6.20052530240203e-05,3.164715937668992e-05,0.51039481065306,-0.5952115679742083,0.9999999999999987,0.020967568856233805,1.1087862975062757,0.18789585204957163,1.2966821495558474,1.3176497184120812,-6.661338147750939e-16,6.20052530240203e-05,0.8192848468459228,0.005346361025065296,0.17530678687598666,0.9945916337219092,0.18065314790105197,0.9999999999999988
task-v2-5acbf653f95a,g-a712031e7959d564,v2-S3-b001-g-a712031e7959d564,S3,D2,13,0.000244140625,3.612359947967774,P3_RANDOM_ORIGINAL,2207,3,120,terminal,"[3.5601245303941145, 4.414815887459691, 3.003652061413925, -0.12221348942051635, 0.9172465914589815, 1.6887046655338467]",1.6256222603928714,0.017050357594484786,0.010117417264337666,0.5933844617786965,1.8440934397820936,1.0000000000000013,0.04575011048142193,1.0981132411959236,0.48175890871552696,1.5798721499114505,1.6256222603928725,1.1102230246251565e-15,0.017050357594484786,0.518161631089361,0.022265564143731684,0.44252244717242395,0.9606840782617849,0.46478801131615566,1.0000000000000013
task-v2-5acbf653f95a,g-a712031e7959d564,v2-S3-b001-g-a712031e7959d564,S3,D2,13,0.000244140625,3.612359947967774,P3_RANDOM_ORIGINAL,3301,3,120,terminal,"[2.8825783958782534, 3.7148630720919376, 2.1436280979089757, 0.8421051085689573, 2.75739556654152, 2.3784533832430133]",1.4549157630954046,0.0013909516661811483,0.0009462003912587606,0.6802539687497191,0.7556719870356513,1.0,0.03260918374787234,1.121008517543733,0.30129806180379953,1.4223065793475325,1.4549157630954048,2.220446049250313e-16,0.0013909516661811483,0.7162489611427411,0.005936243298009764,0.2764238438930683,0.9926728050358093,0.2823600871910781,1.0000000000000004
task-v2-ef23e17da545,g-a712031e7959d564,v2-S3-b001-g-a712031e7959d564,S3,D3,13,0.0003662109375,3.436268688912093,P2_RANDOM_ORIGINAL,1103,2,120,terminal,"[2.2714872943911133, 4.250133703158532, 3.2430257322725558, -0.7625701804350202]",1.493807417621046,0.015982112721630984,0.008404104377182751,0.5258443938896902,1.6399028783266807,0.9999999999999981,0.042820352978890905,1.1019734417819245,0.3490136228602312,1.4509870646421557,1.4938074176210465,4.440892098500626e-16,0.015982112721630984,0.6452392929366843,0.019109760359748172,0.3196688339819348,0.964908126918619,0.33877859434168295,0.9999999999999982
task-v2-ef23e17da545,g-a712031e7959d564,v2-S3-b001-g-a712031e7959d564,S3,D3,13,0.0003662109375,3.436268688912093,P2_RANDOM_ORIGINAL,2207,2,120,terminal,"[5.2616132205943265, 4.092351903530169, 2.4287248207611687, 0.1427300393204812]",1.5402577376571767,0.027461506214849232,0.013415050930005576,0.4885038287794887,1.8749930427472075,0.9999999999999991,0.06478955862899763,1.1009771284189331,0.3744910506092463,1.4754681790281794,1.540257737657177,4.440892098500626e-16,0.027461506214849232,0.618423986052643,0.03625888624130479,0.31785562149120206,0.936279607543845,0.35411450773250686,0.9999999999999991
task-v2-ef23e17da545,g-a712031e7959d564,v2-S3-b001-g-a712031e7959d564,S3,D3,13,0.0003662109375,3.436268688912093,P2_RANDOM_ORIGINAL,3301,2,120,terminal,"[4.57371302373506, 3.652751477909695, 2.4176599920853015, 0.12555934794714407]",1.677877050265888,0.011499434633958095,0.006397143668736817,0.5563007115015814,1.4969451778406622,0.9999999999999992,0.0720528740031593,1.1451792904941844,0.4606448857685436,1.605824176262728,1.6778770502658875,-4.440892098500626e-16,0.011499434633958095,0.5575985044061609,0.027130522601194355,0.40377153835868573,0.9613700427648466,0.43090206095988015,0.999999999999999
task-v2-ef23e17da545,g-a712031e7959d564,v2-S3-b001-g-a712031e7959d564,S3,D3,13,0.0003662109375,3.436268688912093,P3_CONTINUATION_B1,1103,3,120,terminal,"[2.0999222535639226, 4.049236899777224, 0.3806077611206724, 3.2471670823195127, -0.5648861467401389, -0.20282806818642463]",1.4165767151067548,0.028384876065673373,0.013763507467403626,0.48488876384590673,1.889355691256802,1.000000000000002,0.041473009607024394,1.0773077685779266,0.2977959369218047,1.3751037054997313,1.4165767151067556,8.881784197001252e-16,0.028384876065673373,0.6823143841164746,0.025047145404189605,0.2642535944136644,0.946567978530139,0.289300739817854,1.000000000000002
task-v2-ef23e17da545,g-a712031e7959d564,v2-S3-b001-g-a712031e7959d564,S3,D3,13,0.0003662109375,3.436268688912093,P3_CONTINUATION_B1,2207,3,120,terminal,"[5.939665753458643, 4.2019766242613334, 0.03544016427917983, 2.4562715494185188, 0.15861996325546107, -0.0284401200374801]",1.4519085011629334,0.03500975703846528,0.016972939788189617,0.4848059862152547,1.9804577857605312,1.0000000000000018,0.05785918499925176,1.0699402198341563,0.324109096329525,1.3940493161636813,1.4519085011629331,-2.220446049250313e-16,0.03500975703846528,0.6544257014649718,0.04044979064927318,0.2701147508472915,0.9245404523122632,0.31056454149656465,1.0000000000000018
task-v2-ef23e17da545,g-a712031e7959d564,v2-S3-b001-g-a712031e7959d564,S3,D3,13,0.0003662109375,3.436268688912093,P3_CONTINUATION_B1,3301,3,120,terminal,"[5.48922981840413, 4.187462773114746, 0.04701000585952475, 2.448641269660999, 0.16707070871104943, -0.03329866751386054]",1.502008830442005,0.032007637828622225,0.015295416732768559,0.4778677144081817,1.941522313201531,0.9999999999999993,0.0623456960158844,1.0833270093010725,0.35633612512504786,1.4396631344261204,1.5020088304420047,-2.220446049250313e-16,0.032007637828622225,0.6287641278119113,0.03955626714616005,0.2996719672133057,0.9284360950252171,0.33922823435946575,0.9999999999999992
task-v2-ef23e17da545,g-a712031e7959d564,v2-S3-b001-g-a712031e7959d564,S3,D3,13,0.0003662109375,3.436268688912093,P3_CONTINUATION_B2,1103,3,240,terminal,"[1.9331814312646707, 3.915724313218439, 0.7156609152111437, 3.2551403097300358, -0.5455999969103367, -0.22178586476205173]",1.3756491467116407,0.03626705757290086,0.017298256752484278,0.4769688502496471,1.9957810106438982,1.0000000000000007,0.041075576399521696,1.057213162794524,0.2773604075175955,1.3345735703121195,1.3756491467116412,4.440892098500626e-16,0.03626705757290086,0.6942765060695468,0.031053142201144333,0.23840329415640854,0.9326798002259553,0.26945643635755284,1.0000000000000004
task-v2-ef23e17da545,g-a712031e7959d564,v2-S3-b001-g-a712031e7959d564,S3,D3,13,0.0003662109375,3.436268688912093,P3_CONTINUATION_B4,1103,3,480,terminal,"[1.832141113149444, 3.7265637172741766, 0.8593581239908843, 3.274953076834036, -0.569676204665709, -0.2169266569338944]",1.367970243824971,0.036640627874060146,0.017252264979746947,0.4708506917252023,2.0002315960450043,0.9999999999999991,0.04161137084310206,1.0578085032419342,0.26855036973993385,1.326358872981868,1.3679702438249701,-8.881784197001252e-16,0.036640627874060146,0.7030611705747125,0.031134555594311258,0.22916364595691519,0.9322248165316278,0.2602982015512264,0.9999999999999991
task-v2-ef23e17da545,g-a712031e7959d564,v2-S3-b001-g-a712031e7959d564,S3,D3,13,0.0003662109375,3.436268688912093,P3_NELDER_MEAD_B1,1103,3,120,terminal,"[2.0865217960797438, 4.1064200488842735, 0.00012428914089384263, 3.2740366135605123, -0.7809423502318066, 0.00029070783347734527]",1.4898048500363004,0.014819358597853605,0.007655922234855869,0.5166163018664472,1.6070980961018972,0.9999999999999997,0.04327513516038007,1.106289827433838,0.34023988744208156,1.4465297148759195,1.4898048500362997,-6.661338147750939e-16,0.014819358597853605,0.6554362175651063,0.01741376639570319,0.3123306574413365,0.9677668750064429,0.32974442383703967,0.9999999999999996
task-v2-ef23e17da545,g-a712031e7959d564,v2-S3-b001-g-a712031e7959d564,S3,D3,13,0.0003662109375,3.436268688912093,P3_RANDOM_ORIGINAL,1103,3,120,terminal,"[2.6631531909329578, 4.538159640740756, 4.424092444690179, 0.8016923504071578, 3.6042715616060104, 1.861325007688389]",1.3147084168547702,0.0004395778371526816,0.00034517881757466657,0.7852507301335423,0.07930447674695464,0.9999999999999996,0.023156628379017278,1.1122870750629452,0.17926471341280864,1.291551788475754,1.3147084168547711,8.881784197001252e-16,0.0004395778371526816,0.8289926396878107,0.005533829384462262,0.165033953090574,0.9940265927783847,0.17056778247503626,0.9999999999999996
task-v2-ef23e17da545,g-a712031e7959d564,v2-S3-b001-g-a712031e7959d564,S3,D3,13,0.0003662109375,3.436268688912093,P3_RANDOM_ORIGINAL,2207,3,120,terminal,"[4.010414992213385, 5.310573261408663, 2.6884589050420047, 0.8343168460485033, 0.2984175211909096, 1.7812318182080509]",1.305341458090839,0.0010543416536876635,0.0008869811436563819,0.8412653911130972,0.45925005336365315,0.9999999999999992,0.021547650573041838,1.0955619177677363,0.18823188975006072,1.283793807517797,1.305341458090839,0.0,0.0010543416536876635,0.8173059322384535,0.014640378718981469,0.16699934738887673,0.9843052796273302,0.1816397261078582,0.9999999999999993
task-v2-ef23e17da545,g-a712031e7959d564,v2-S3-b001-g-a712031e7959d564,S3,D3,13,0.0003662109375,3.436268688912093,P3_RANDOM_ORIGINAL,3301,3,120,terminal,"[2.8362314300277345, 3.6616412727093546, 2.3301162106066244, 0.8365071235752292, 2.7564009042529767, 2.3742107411819595]",1.4412407998978038,0.0014615086358821677,0.0007495550062939622,0.5128638913868135,0.6010700748080056,0.9999999999999994,0.0352990762542449,1.126441161418729,0.2795005622248314,1.4059417236435605,1.4412407998978054,1.5543122344752192e-15,0.0014615086358821677,0.7415634606427277,0.0068801485058211905,0.2500948822155683,0.9916583428582959,0.2569750307213895,0.9999999999999993
task-v2-ac528a9510be,g-a712031e7959d564,v2-S3-b001-g-a712031e7959d564,S3,D4,13,0.00048828125,3.311329952303793,P2_RANDOM_ORIGINAL,1103,2,120,terminal,"[2.211330322619683, 4.142834361128571, 3.250568861354951, -0.7625095119854509]",1.4686282741603391,0.01980778342329848,0.0037751730709685368,0.19059038511740142,1.6081658311290459,1.0000000000000002,0.043912820284243634,1.1022577963784035,0.32245765749769223,1.4247154538760958,1.4686282741603394,2.220446049250313e-16,0.01980778342329848,0.6664458736467721,0.01507568140874085,0.29867066152118843,0.9651165351679607,0.3137463429299293,0.9999999999999998
task-v2-ac528a9510be,g-a712031e7959d564,v2-S3-b001-g-a712031e7959d564,S3,D4,13,0.00048828125,3.311329952303793,P2_RANDOM_ORIGINAL,2207,2,120,terminal,"[5.440467180769739, 4.113856819790943, 2.4486484340005896, 0.1454917203504002]",1.495901513162344,0.04038442538388196,0.008321825837552083,0.20606522832620147,1.9175438601380856,1.0000000000000002,0.0655194738226577,1.0887351546412796,0.341646884698407,1.4303820393396864,1.495901513162344,0.0,0.04038442538388196,0.6348510672857246,0.03044477854024249,0.29431972879015117,0.9291707960758757,0.32476450733039364,1.0000000000000002
task-v2-ac528a9510be,g-a712031e7959d564,v2-S3-b001-g-a712031e7959d564,S3,D4,13,0.00048828125,3.311329952303793,P2_RANDOM_ORIGINAL,3301,2,120,terminal,"[5.044852182629291, 3.8905706916132896, 2.479627921793169, 0.16726928274639694]",1.5914371774609704,0.033599101177943944,0.00617495940680856,0.18378347010253054,1.8376576118757695,0.9999999999999997,0.07342377474986425,1.1049684588556308,0.4130449438554756,1.5180134027111063,1.5914371774609706,2.220446049250313e-16,0.033599101177943944,0.5751550167099468,0.03134812501762533,0.3598977570944836,0.9350527738044304,0.391245882112109,0.9999999999999997
task-v2-ac528a9510be,g-a712031e7959d564,v2-S3-b001-g-a712031e7959d564,S3,D4,13,0.00048828125,3.311329952303793,P3_CONTINUATION_B1,1103,3,120,terminal,"[2.099421837959501, 4.18258753756746, 0.46370501675338077, 3.2198667241618457, -0.5095495126285406, -0.2279095811006685]",1.3784627899220803,0.04275535765553986,0.008919047167194799,0.20860653860158151,1.9423204960333798,1.000000000000002,0.04225351422223458,1.0598541095749523,0.27635516612489364,1.3362092756998458,1.3784627899220805,2.220446049250313e-16,0.04275535765553986,0.6875872392498317,0.02316100683786148,0.24649639625676906,0.9340836355066007,0.26965740309463054,1.000000000000002
task-v2-ac528a9510be,g-a712031e7959d564,v2-S3-b001-g-a712031e7959d564,S3,D4,13,0.00048828125,3.311329952303793,P3_CONTINUATION_B1,2207,3,120,terminal,"[6.271071399539648, 4.455155421739815, 0.21789350860515685, 2.5147800335834543, 0.35564324594823105, -0.23654470403962788]",1.3888616762845944,0.06572761502570702,0.014616804776360163,0.22238453001289213,2.1290778261790684,0.9999999999999979,0.058473010338350444,1.0303625407621442,0.30002612518410054,1.3303886659462447,1.3888616762845951,6.661338147750939e-16,0.06572761502570702,0.6450121020321233,0.03621629085587545,0.253043992086292,0.8980560941184155,0.28926028294216743,0.9999999999999978
task-v2-ac528a9510be,g-a712031e7959d564,v2-S3-b001-g-a712031e7959d564,S3,D4,13,0.00048828125,3.311329952303793,P3_CONTINUATION_B1,3301,3,120,terminal,"[5.809764597896357, 4.358716013748208, 0.07999732734849112, 2.442356965226146, 0.19151094257164594, -0.04997848134769625]",1.4353598852487943,0.050401442800144615,0.011220921015400441,0.2226309484808686,2.013772921113855,1.0000000000000009,0.06099312969537497,1.071466440058902,0.3029003154945172,1.3743667555534191,1.435359885248794,-2.220446049250313e-16,0.050401442800144615,0.6602420064093687,0.029940069686233164,0.2594164811042546,0.9196584875136231,0.2893565507904877,1.000000000000001
task-v2-ac528a9510be,g-a712031e7959d564,v2-S3-b001-g-a712031e7959d564,S3,D4,13,0.00048828125,3.311329952303793,P3_CONTINUATION_B2,1103,3,240,terminal,"[2.016678223676149, 4.079046199197037, 0.6735035090037633, 3.221839797883613, -0.5210425792474391, -0.2221471324736706]",1.3541339161068207,0.04910039279186953,0.010319977942493752,0.21018116873807627,2.002414918696805,1.0000000000000022,0.042128855282203864,1.0488185150542924,0.2631865457703244,1.3120050608246168,1.3541339161068207,0.0,0.04910039279186953,0.6940687925692905,0.02555957729444043,0.2312712373444016,0.9253400299136921,0.25683081463884205,1.0000000000000022
task-v2-ac528a9510be,g-a712031e7959d564,v2-S3-b001-g-a712031e7959d564,S3,D4,13,0.00048828125,3.311329952303793,P3_CONTINUATION_B4,1103,3,480,terminal,"[1.8544145487993908, 3.8577191371353448, 0.8313774678624326, 3.257809752232004, -0.5493094146146023, -0.222015403895507]",1.3406096913670558,0.04888792418900411,0.010139963422817574,0.20741243550484514,2.000531549551263,1.0000000000000004,0.04208599111810275,1.0490580241834369,0.24946567606551537,1.2985237002489523,1.340609691367055,-6.661338147750939e-16,0.04888792418900411,0.7082836480199382,0.025835194048809285,0.21699323374224885,0.9252768817621868,0.24282842779105815,1.0000000000000004
task-v2-ac528a9510be,g-a712031e7959d564,v2-S3-b001-g-a712031e7959d564,S3,D4,13,0.00048828125,3.311329952303793,P3_NELDER_MEAD_B1,1103,3,120,terminal,"[2.1450631938233986, 4.115317464556384, 0.0001772951427506377, 3.2602381766544584, -0.769202628234998, -0.0001229112960630005]",1.4683250792540405,0.019195415438460532,0.0036662169191020114,0.1909944033696851,1.594527468115308,1.0000000000000022,0.04400098777767854,1.1040257128114368,0.3202983786649254,1.4243240914763622,1.4683250792540408,2.220446049250313e-16,0.019195415438460532,0.6693128369120949,0.014599908986737879,0.29689183866270874,0.9662046755748037,0.3114917476494466,1.000000000000002
task-v2-ac528a9510be,g-a712031e7959d564,v2-S3-b001-g-a712031e7959d564,S3,D4,13,0.00048828125,3.311329952303793,P3_RANDOM_ORIGINAL,1103,3,120,terminal,"[2.751224504645806, 4.60389941206395, 4.35786606677062, 0.8138530197330496, 3.605528350140194, 1.845735280899212]",1.333461140761226,0.0003729218415256543,1.201680639010443e-05,0.03222339120965046,-0.11705222755216527,0.9999999999999989,0.025955452645379212,1.1186247688357849,0.18888091928006148,1.3075056881158464,1.3334611407612256,-4.440892098500626e-16,0.0003729218415256543,0.8198322115324967,0.004810643410542747,0.17498422321543358,0.9948164347479302,0.17979486662597632,0.9999999999999988
task-v2-ac528a9510be,g-a712031e7959d564,v2-S3-b001-g-a712031e7959d564,S3,D4,13,0.00048828125,3.311329952303793,P3_RANDOM_ORIGINAL,2207,3,120,terminal,"[3.900773893848891, 3.7351137913449257, 2.8375289161429187, -0.02251253849435921, 0.8724708227909981, 1.6025015366368307]",1.5206913604906729,0.023507686737443204,0.004445099951536724,0.1890913385559345,1.6825398469926454,0.9999999999999999,0.04508468172422718,1.0960999984335573,0.3795066803328887,1.4756066787664461,1.520691360490673,2.220446049250313e-16,0.023507686737443204,0.608563784213529,0.01844900737062047,0.34947952167840746,0.9580433058919363,0.3679285290490279,1.0
task-v2-ac528a9510be,g-a712031e7959d564,v2-S3-b001-g-a712031e7959d564,S3,D4,13,0.00048828125,3.311329952303793,P3_RANDOM_ORIGINAL,3301,3,120,terminal,"[2.7596773819669487, 3.7512810229437834, 2.3910692216485185, 0.8535510312205115, 2.7482247754032194, 2.3788634959176482]",1.4598028559635194,0.0014094201629560907,0.00032407176103552404,0.22993268405911135,0.4603704324620151,0.9999999999999993,0.03795670357597017,1.1322971032046893,0.2895490491828602,1.4218461523875496,1.4598028559635199,4.440892098500626e-16,0.0014094201629560907,0.733453822978722,0.006483731077753528,0.2586530257805677,0.9921068487592896,0.2651367568583213,0.9999999999999993
task-v2-5b0627539151,g-a712031e7959d564,v2-S3-b001-g-a712031e7959d564,S3,D5,13,0.0006103515625,3.2144199392957367,P2_RANDOM_ORIGINAL,1103,2,120,terminal,"[2.4330112841393183, 4.389605378769126, 2.3029537218791774, 0.10464907407348244]",1.7830465414097272,0.01387502183546111,0.0009948898812567625,0.07170366238372837,1.356653614550833,0.9999999999999998,0.0973116100966461,1.2719129282731454,0.4138220030399358,1.6857349313130812,1.7830465414097272,0.0,0.013875021835461108,0.6274158559111928,0.0011402207039179382,0.35756890154942794,0.9849847574606208,0.3587091222533459,0.9999999999999998
task-v2-5b0627539151,g-a712031e7959d564,v2-S3-b001-g-a712031e7959d564,S3,D5,13,0.0006103515625,3.2144199392957367,P2_RANDOM_ORIGINAL,2207,2,120,terminal,"[5.2009922809922795, 4.161063086824106, 2.485157653110636, 0.143541581977541]",1.5066793519298336,0.0507838893067955,0.01047060742443446,0.20617970713466732,1.9201458977435948,0.9999999999999987,0.07898142208119821,1.1140038769470926,0.31369405290154284,1.4276979298486354,1.5066793519298336,0.0,0.0507838893067955,0.6526739597705481,0.013957472440124952,0.28258467848253,0.9352586382530781,0.296542150922655,0.9999999999999984
task-v2-5b0627539151,g-a712031e7959d564,v2-S3-b001-g-a712031e7959d564,S3,D5,13,0.0006103515625,3.2144199392957367,P2_RANDOM_ORIGINAL,3301,2,120,terminal,"[5.977239576058943, 1.2087261362850337, 2.5991040921869644, -0.1643585769637043]",1.3261650789954538,0.06969739860538474,0.012689522370747587,0.18206593968583512,2.057636508033484,0.999999999999999,0.05306467566915129,1.0518321251581169,0.22126827816818626,1.2731004033263031,1.3261650789954544,6.661338147750939e-16,0.06969739860538474,0.7153381298151666,0.011989524049913994,0.20297494752953368,0.9183130773447004,0.21496447157944765,0.9999999999999991
task-v2-5b0627539151,g-a712031e7959d564,v2-S3-b001-g-a712031e7959d564,S3,D5,13,0.0006103515625,3.2144199392957367,P3_CONTINUATION_B1,1103,3,120,terminal,"[2.4537287806516876, 4.353828022462326, -0.002561203479732386, 2.3030008629926257, 0.10472659799122311, -0.00020618565263432327]",1.782717170043938,0.013853817591174081,0.000962437713087838,0.06947093873251102,1.355989404416387,1.0000000000000007,0.0971552432694846,1.2711967642947704,0.41436516247968325,1.6855619267744535,1.7827171700439384,4.440892098500626e-16,0.01385381759117408,0.6269994651727938,0.0011652763009060755,0.35798144093512685,0.9849809061079207,0.359146717236033,1.0000000000000009
task-v2-5b0627539151,g-a712031e7959d564,v2-S3-b001-g-a712031e7959d564,S3,D5,13,0.0006103515625,3.2144199392957367,P3_CONTINUATION_B1,2207,3,120,terminal,"[5.977112114126929, 4.623168607726498, 0.05084954830854476, 2.4789559336208566, 0.16987655099214274, -0.04023347313900839]",1.331781631488741,0.07846329031646322,0.020559977124802023,0.2620330735797364,2.1090864553798707,0.9999999999999982,0.06663729553072337,1.0587446966101226,0.2063996393478949,1.2651443359580175,1.3317816314887407,-2.220446049250313e-16,0.07846329031646322,0.7232317910763288,0.014128782727699934,0.18417613587950626,0.9074079269558352,0.19830491860720617,0.9999999999999982
task-v2-5b0627539151,g-a712031e7959d564,v2-S3-b001-g-a712031e7959d564,S3,D5,13,0.0006103515625,3.2144199392957367,P3_CONTINUATION_B1,3301,3,120,terminal,"[6.478089696358356, 0.9805916760578591, -0.008413430964126474, 2.600605088770717, -0.19275336252719052, 0.035764518208263596]",1.2863288492755003,0.07562267111956351,0.014831883390055752,0.1961301177342142,2.093071952602592,0.9999999999999998,0.04853094861443656,1.0410523565750176,0.19674554408604633,1.237797900661064,1.2863288492755005,2.220446049250313e-16,0.07562267111956351,0.7315327454176869,0.011127304479135743,0.1817172789836137,0.9132500244013005,0.19284458346274946,0.9999999999999999
task-v2-5b0627539151,g-a712031e7959d564,v2-S3-b001-g-a712031e7959d564,S3,D5,13,0.0006103515625,3.2144199392957367,P3_CONTINUATION_B2,3301,3,240,terminal,"[6.490208525121449, 0.8313149451703913, -0.014201682056683526, 2.6430392353310093, -0.21084512110379913, 0.031061392997751954]",1.279511971028392,0.078445727603518,0.017195278284513116,0.2191996786800403,2.1089892348446546,1.0000000000000018,0.04880268128908226,1.0346647286856265,0.19604456105368293,1.2307092897393095,1.2795119710283918,-2.220446049250313e-16,0.078445727603518,0.7294096232751274,0.011660204825153373,0.18048444429620328,0.9098940675713306,0.19214464912135668,1.000000000000002
task-v2-5b0627539151,g-a712031e7959d564,v2-S3-b001-g-a712031e7959d564,S3,D5,13,0.0006103515625,3.2144199392957367,P3_CONTINUATION_B4,3301,3,480,terminal,"[6.433475138600181, 0.6289582920812978, -0.2806197848699931, 2.700536618291245, -0.3810495548838899, 0.16756450117818483]",1.2613652536111795,0.08283324024294227,0.01812891701489794,0.21886041113117746,2.132624589573,0.9999999999999978,0.04899608691436763,1.0254673234021305,0.18690184329468149,1.212369166696812,1.2613652536111797,2.220446049250313e-16,0.08283324024294227,0.7341568093603414,0.01247869213030133,0.17053125826641283,0.9046880676267541,0.18300995039671414,0.9999999999999978
task-v2-5b0627539151,g-a712031e7959d564,v2-S3-b001-g-a712031e7959d564,S3,D5,13,0.0006103515625,3.2144199392957367,P3_NELDER_MEAD_B1,3301,3,120,terminal,"[6.5108907812422965, 0.7229904719961955, -0.0023002910713174193, 2.6781673002424933, -0.20017900166479358, 0.0013649555215719327]",1.2776279327715643,0.07890975887636766,0.018662045565928896,0.23649857548250489,2.111550655611262,1.0000000000000004,0.04906649955409572,1.0319038316462996,0.19665760157116832,1.228561433217468,1.2776279327715636,-6.661338147750939e-16,0.07890975887636766,0.7283573759449827,0.01186015019457368,0.18087271498407637,0.9092300909290589,0.19273286517865004,1.0000000000000004
task-v2-5b0627539151,g-a712031e7959d564,v2-S3-b001-g-a712031e7959d564,S3,D5,13,0.0006103515625,3.2144199392957367,P3_RANDOM_ORIGINAL,1103,3,120,terminal,"[1.2929797000789207, 3.523933394326446, 5.491656410796576, 0.5243570116597887, 3.7414105033888156, 2.0126038849278762]",1.28128683834156,0.009632638665084818,0.008132048997275166,0.8442182126846717,1.1981652088414254,1.0000000000000022,0.027475994795104507,1.1129371400601478,0.14087370348630746,1.2538108435464552,1.2812868383415597,-4.440892098500626e-16,0.009632638665084816,0.8559626848906678,8.00216592158509e-05,0.13432465478503364,0.9902873396757015,0.1344046764442495,1.0000000000000022
task-v2-5b0627539151,g-a712031e7959d564,v2-S3-b001-g-a712031e7959d564,S3,D5,13,0.0006103515625,3.2144199392957367,P3_RANDOM_ORIGINAL,2207,3,120,terminal,"[3.5661465878717755, 3.801666270180654, 3.0298325720731096, -0.004631784640678333, 0.8655244175420735, 1.626284173724055]",1.377748357705175,0.036847785180058046,0.01193079414120881,0.3237859231676626,1.7808313280176256,1.0000000000000004,0.04515148115479027,1.0900045325337029,0.2425923440166814,1.3325968765503844,1.3777483577051743,-6.661338147750939e-16,0.036847785180058046,0.7272795773378828,0.0064474816094615695,0.2294251558725981,0.956704733210481,0.23587263748205967,1.0000000000000007
task-v2-5b0627539151,g-a712031e7959d564,v2-S3-b001-g-a712031e7959d564,S3,D5,13,0.0006103515625,3.2144199392957367,P3_RANDOM_ORIGINAL,3301,3,120,terminal,"[2.595036328314588, 3.697583099865928, 3.121853809922851, 0.5694979882189442, 2.7602347265814813, 2.5929689191369905]",1.552872593235889,0.03610985088444556,0.024394544238549844,0.6755648013228954,1.7720456343081028,1.0000000000000002,0.054787789805829545,1.1152456462388503,0.3828391571912093,1.4980848034300596,1.552872593235889,0.0,0.03610985088444556,0.5983072227161093,0.005209205924239471,0.3603737204752059,0.958680943191315,0.36558292639944534,1.0
task-v2-c5ed7c8b71f4,g-a712031e7959d564,v2-S3-b001-g-a712031e7959d564,S3,D6,13,0.000732421875,3.135238693248112,P2_RANDOM_ORIGINAL,1103,2,120,terminal,"[1.974012705848051, 4.4953847125085336, 2.271417731883845, 0.10536584587393963]",1.7097135041663634,0.014208837437074642,0.001248396305237063,0.0878605523334136,1.2877972387816372,1.0000000000000009,0.09962911343502434,1.2845093937090866,0.32557499702225245,1.610084390731339,1.7097135041663631,-2.220446049250313e-16,0.014208837437074642,0.7029216309789206,0.0003910401147216905,0.28247849146928417,0.9854001224482047,0.28286953158400585,1.000000000000001
task-v2-c5ed7c8b71f4,g-a712031e7959d564,v2-S3-b001-g-a712031e7959d564,S3,D6,13,0.000732421875,3.135238693248112,P2_RANDOM_ORIGINAL,2207,2,120,terminal,"[1.968627019042767, 6.201683206494898, 2.5794908705155093, -0.46207662941925265]",1.3571879478504913,0.03616191392486047,0.004930907327970346,0.13635637035739037,1.6934901013625228,1.0000000000000004,0.05888902198907564,1.1008667308530191,0.19743219500839715,1.2982989258614164,1.357187947850492,6.661338147750939e-16,0.03616191392486047,0.7785741509728803,0.0015316254398870367,0.18373230966237278,0.962306460635253,0.1852639351022598,1.0000000000000007
task-v2-c5ed7c8b71f4,g-a712031e7959d564,v2-S3-b001-g-a712031e7959d564,S3,D6,13,0.000732421875,3.135238693248112,P2_RANDOM_ORIGINAL,3301,2,120,terminal,"[1.7688578361939598, 1.8020761521506146, 2.213576427452788, -0.17154000546986406]",1.5965563426216787,0.020220653100147937,0.0019065422944088426,0.09428688010056877,1.4410338718626277,0.999999999999998,0.0917640996713662,1.238659214826615,0.2661330281236977,1.5047922429503127,1.596556342621679,2.220446049250313e-16,0.020220653100147937,0.741226727943217,0.00016941249492584466,0.23838320646170724,0.9796099344049243,0.2385526189566331,0.999999999999998
task-v2-c5ed7c8b71f4,g-a712031e7959d564,v2-S3-b001-g-a712031e7959d564,S3,D6,13,0.000732421875,3.135238693248112,P3_CONTINUATION_B1,1103,3,120,terminal,"[1.969958360973733, 4.416587068362051, -0.0004014245672957796, 2.27643805904212, 0.09898090884370628, 0.006924547619347869]",1.7077714370530659,0.01447720328798235,0.0012173586078924378,0.084087968074813,1.2959233660272431,1.0000000000000007,0.09952814898395716,1.282834825154891,0.32540846291421804,1.6082432880691089,1.707771437053066,2.220446049250313e-16,0.014477203287982352,0.7027165452493429,0.0004103595878450853,0.2823958918748303,0.9851124371241731,0.28280625146267535,1.0000000000000004
task-v2-c5ed7c8b71f4,g-a712031e7959d564,v2-S3-b001-g-a712031e7959d564,S3,D6,13,0.000732421875,3.135238693248112,P3_CONTINUATION_B1,2207,3,120,terminal,"[1.3758997818133445, 6.360625250027989, 0.2984041423042966, 2.5958178803541023, -0.2803588180874316, -0.17521200036702728]",1.2566182888792197,0.06830098341501556,0.010525005577334472,0.15409742365467338,1.9696656500576089,0.999999999999999,0.05716500765250032,1.0520660847828902,0.14738719644382933,1.1994532812267196,1.25661828887922,2.220446049250313e-16,0.06830098341501556,0.7917350660298296,0.002768516922384317,0.13719543363276954,0.9289304996625991,0.13996395055515387,0.999999999999999
task-v2-c5ed7c8b71f4,g-a712031e7959d564,v2-S3-b001-g-a712031e7959d564,S3,D6,13,0.000732421875,3.135238693248112,P3_CONTINUATION_B1,3301,3,120,terminal,"[1.6818314494999669, 1.492423392957644, 0.1631595445085397, 2.423602654303626, -0.1569932959436055, -0.06894125867638738]",1.5687574487496203,0.025524823803585586,0.001392332228104109,0.05454816216629561,1.5422014461071725,1.0000000000000022,0.08625447099104064,1.2078993237487183,0.2746036540098612,1.4825029777585796,1.5687574487496203,0.0,0.025524823803585582,0.7264140920408639,0.0002947397341869789,0.24776634442136578,0.9741804364622296,0.24806108415555278,1.0000000000000022
task-v2-c5ed7c8b71f4,g-a712031e7959d564,v2-S3-b001-g-a712031e7959d564,S3,D6,13,0.000732421875,3.135238693248112,P3_CONTINUATION_B2,2207,3,240,terminal,"[0.952887437529151, 6.518842841037327, 0.6525528381884325, 2.4797049825289403, -0.318722814138696, -0.1679310964297781]",1.1904499174265197,0.09727046007922477,0.01599787376061422,0.16446795612547,2.123219663296474,1.0000000000000013,0.056352739174484565,1.0148117822967666,0.11928539595526853,1.134097178252035,1.1904499174265195,-2.220446049250313e-16,0.09727046007922478,0.7882494881929669,0.0039212447690594185,0.11055880695875017,0.8988082951517171,0.11448005172780959,1.0000000000000013
task-v2-c5ed7c8b71f4,g-a712031e7959d564,v2-S3-b001-g-a712031e7959d564,S3,D6,13,0.000732421875,3.135238693248112,P3_CONTINUATION_B4,2207,3,480,terminal,"[0.7339330959414172, 6.63973129982454, 0.8662492818402723, 2.3475313401379445, -0.34609810934530066, -0.17531860741397032]",1.1737331468263918,0.1103091982099142,0.01841087381600634,0.1669024352889516,2.177850421148436,0.9999999999999958,0.05556049103332762,0.9978624347260413,0.12031022106702213,1.1181726557930634,1.1737331468263912,-6.661338147750939e-16,0.1103091982099142,0.773223963887476,0.005243751007648534,0.11122308689495708,0.8844470507824331,0.11646683790260562,0.9999999999999959
task-v2-c5ed7c8b71f4,g-a712031e7959d564,v2-S3-b001-g-a712031e7959d564,S3,D6,13,0.000732421875,3.135238693248112,P3_NELDER_MEAD_B1,2207,3,120,terminal,"[0.8155234755301167, 6.82465858387018, 0.0008851578399655293, 2.551140009888092, -0.5135053160818248, 0.0007538539494135481]",1.2589907864150016,0.05525428371467602,0.00925772952355463,0.16754772483089297,1.8776046465831489,0.9999999999999988,0.05371354899571998,1.061407696891791,0.14386954052749049,1.2052772374192815,1.2589907864150014,-2.220446049250313e-16,0.05525428371467603,0.805230949177984,0.003066078818770521,0.13644868828856827,0.9416796374665524,0.1395147671073388,0.9999999999999988
task-v2-c5ed7c8b71f4,g-a712031e7959d564,v2-S3-b001-g-a712031e7959d564,S3,D6,13,0.000732421875,3.135238693248112,P3_RANDOM_ORIGINAL,1103,3,120,terminal,"[1.1987794693890683, 3.6863318678768255, 4.007695933327985, 0.80097836291958, 3.1780142398854254, 2.161463638429271]",1.3563268630348726,0.01896042126596191,0.014142668158491757,0.7459047433656408,1.4130866755882505,0.9999999999999984,0.038094495443735055,1.1341535765035753,0.18407879108756275,1.318232367591138,1.356326863034873,4.440892098500626e-16,0.018960421265961907,0.8043615123475005,0.00040030140375625113,0.17627776498277992,0.9806392773302803,0.17667806638653616,0.9999999999999986
task-v2-c5ed7c8b71f4,g-a712031e7959d564,v2-S3-b001-g-a712031e7959d564,S3,D6,13,0.000732421875,3.135238693248112,P3_RANDOM_ORIGINAL,2207,3,120,terminal,"[3.6999500064083968, 3.646255032929466, 3.1278893888798365, -0.006239554680935752, 0.9131225472404904, 1.5842581667183173]",1.3181397342723313,0.04764248421873233,0.012931949281095671,0.27143734196822206,1.8132330920361557,1.0000000000000009,0.04939485748874872,1.0814107323883146,0.18733414439526783,1.2687448767835825,1.318139734272331,-2.220446049250313e-16,0.04764248421873233,0.7702516844929158,0.003338634710730506,0.17876719657762216,0.949018881070538,0.18210583128835267,1.0000000000000007
task-v2-c5ed7c8b71f4,g-a712031e7959d564,v2-S3-b001-g-a712031e7959d564,S3,D6,13,0.000732421875,3.135238693248112,P3_RANDOM_ORIGINAL,3301,3,120,terminal,"[3.3661576499504355, 3.8856067431299985, 2.5691760921058773, 0.5127219217610843, 2.7018501409350133, 2.5986555207959223]",1.562012100608622,0.03210721589021916,0.024217877440590584,0.7542814525991988,1.6418413415135673,0.9999999999999992,0.05995113085371506,1.1336940082972267,0.36836696145768016,1.5020609697549068,1.5620121006086218,-2.220446049250313e-16,0.032107215890219164,0.6172598653707149,0.0027732801375770803,0.3478596386014883,0.9651195039722029,0.3506329187390653,0.9999999999999993
task-v2-8c0a098a6f8b,g-a712031e7959d564,v2-S3-b001-g-a712031e7959d564,S3,D7,13,0.0008544921875,3.0682919036174985,P2_RANDOM_ORIGINAL,1103,2,120,terminal,"[1.8422025864405218, 4.409652894068981, 2.2728148668200467, 0.10972787732837062]",1.677140736173965,0.01505029052986073,0.0015701644934274415,0.10432785269574268,1.245836787221613,0.9999999999999993,0.0997344938774026,1.2853077079960462,0.2920985343005166,1.5774062422965627,1.6771407361739654,4.440892098500626e-16,0.015050290529860729,0.7305107350746665,0.0,0.25443897439547214,0.9849497094701387,0.25443897439547214,0.9999999999999993
task-v2-8c0a098a6f8b,g-a712031e7959d564,v2-S3-b001-g-a712031e7959d564,S3,D7,13,0.0008544921875,3.0682919036174985,P2_RANDOM_ORIGINAL,2207,2,120,terminal,"[1.3488180561191172, 6.360526345375118, 2.7133820627201475, -0.48986656290072805]",1.2850374712580763,0.051644417232350595,0.007742839323689026,0.1499259695167754,1.7813152847252764,0.9999999999999998,0.056008826307781784,1.0755009596891925,0.15352768526110233,1.2290286449502947,1.2850374712580765,2.220446049250313e-16,0.05164441723235059,0.8017552202731497,0.0,0.14660036249449956,0.9483555827676491,0.14660036249449956,0.9999999999999999
task-v2-8c0a098a6f8b,g-a712031e7959d564,v2-S3-b001-g-a712031e7959d564,S3,D7,13,0.0008544921875,3.0682919036174985,P2_RANDOM_ORIGINAL,3301,2,120,terminal,"[2.056419542957042, 3.9788901984071177, 2.2782207863196877, 0.09393773585511214]",1.6912612291709046,0.013749254280588645,0.0010956221253779512,0.0796859308162453,1.206571047557751,1.0000000000000013,0.09792240237806951,1.276816212314841,0.31652261447799407,1.593338826792835,1.6912612291709046,0.0,0.013749254280588645,0.7110526226167398,0.0,0.275198123102673,0.9862507457194128,0.275198123102673,1.0000000000000013
task-v2-8c0a098a6f8b,g-a712031e7959d564,v2-S3-b001-g-a712031e7959d564,S3,D7,13,0.0008544921875,3.0682919036174985,P3_CONTINUATION_B1,1103,3,120,terminal,"[1.8514838112752698, 4.333733709395664, 0.04355853915964971, 2.2790817593046873, 0.13547832318078634, -0.027090265301050458]",1.6756581634688148,0.015267211081584658,0.0015278098213323428,0.10007131054703175,1.252051613725667,1.0000000000000009,0.09949473679124032,1.2828922213937717,0.2932712052838027,1.5761634266775744,1.6756581634688148,0.0,0.015267211081584658,0.7292409392525295,0.0,0.25549184966588656,0.9847327889184161,0.25549184966588656,1.0000000000000009
task-v2-8c0a098a6f8b,g-a712031e7959d564,v2-S3-b001-g-a712031e7959d564,S3,D7,13,0.0008544921875,3.0682919036174985,P3_CONTINUATION_B1,2207,3,120,terminal,"[0.8141747012819418, 6.545663455564605, -0.4821962483276972, 2.8427331959509066, -0.7205870517363296, 0.18500604706478374]",1.2001219614274192,0.08579882058310767,0.014337602678146818,0.16710722339427644,2.0017732215621398,0.9999999999999987,0.05181475925837396,1.0306979621547876,0.1176092400142574,1.148307202169045,1.200121961427419,-2.220446049250313e-16,0.08579882058310769,0.7997588728600162,0.0,0.11444230655687479,0.9142011794168909,0.11444230655687479,0.9999999999999988
task-v2-8c0a098a6f8b,g-a712031e7959d564,v2-S3-b001-g-a712031e7959d564,S3,D7,13,0.0008544921875,3.0682919036174985,P3_CONTINUATION_B1,3301,3,120,terminal,"[1.863400053688624, 4.377204603923362, 0.12671118610801607, 2.2805548338897683, 0.17946296230508296, -0.07205104566231552]",1.6729585921858954,0.016043310917527753,0.0015601717372926115,0.09724749120133809,1.2735859037768897,0.9999999999999993,0.09930048139080984,1.2811679612880926,0.29249014950699326,1.573658110795086,1.6729585921858958,4.440892098500626e-16,0.016043310917527757,0.7293728998010149,0.0,0.2545837892814567,0.9839566890824715,0.2545837892814567,0.9999999999999993
task-v2-8c0a098a6f8b,g-a712031e7959d564,v2-S3-b001-g-a712031e7959d564,S3,D7,13,0.0008544921875,3.0682919036174985,P3_CONTINUATION_B2,2207,3,240,terminal,"[0.49296984538216737, 6.545229813379338, -0.9605166336930971, 2.848488979646786, -0.6643759525338686, 0.15336177010731392]",1.157452449258194,0.11977171677944506,0.02201477722491801,0.18380614235877876,2.146646178291801,0.9999999999999996,0.05517451907940052,0.9938859062713525,0.10839202390744049,1.102277930178793,1.1574524492581937,-2.220446049250313e-16,0.11977171677944506,0.7742246344507238,0.0,0.10600364876983075,0.8802282832205546,0.10600364876983075,0.9999999999999996
task-v2-8c0a098a6f8b,g-a712031e7959d564,v2-S3-b001-g-a712031e7959d564,S3,D7,13,0.0008544921875,3.0682919036174985,P3_CONTINUATION_B4,2207,3,480,terminal,"[0.387367880678393, 6.483505423514087, -1.2854483085628343, 2.8275320502657437, -0.6323738783781525, 0.15124322729460685]",1.1468871628366495,0.13635149416254377,0.02581828302031208,0.18935093582131388,2.2029518049930013,1.0,0.058459243715479725,0.9784262354305112,0.11000168369065838,1.0884279191211697,1.1468871628366493,-2.220446049250313e-16,0.1363514941625438,0.7561341611538848,0.0,0.10751434468357166,0.8636485058374563,0.10751434468357166,1.0000000000000002
task-v2-8c0a098a6f8b,g-a712031e7959d564,v2-S3-b001-g-a712031e7959d564,S3,D7,13,0.0008544921875,3.0682919036174985,P3_NELDER_MEAD_B1,2207,3,120,terminal,"[0.743456444772725, 6.838466348565373, -9.628173499017854e-05, 2.5335697843064304, -0.5115584248096616, 0.001241578298551886]",1.2402991526547207,0.05926446696416553,0.010036049325093145,0.1693434504550843,1.8410862862454114,1.0000000000000024,0.0545494110193437,1.0603487779644705,0.12540096367090553,1.185749741635376,1.2402991526547196,-1.1102230246251565e-15,0.059264466964165534,0.8191066359560397,0.0,0.12162889707979724,0.940735533035837,0.12162889707979724,1.0000000000000024
task-v2-8c0a098a6f8b,g-a712031e7959d564,v2-S3-b001-g-a712031e7959d564,S3,D7,13,0.0008544921875,3.0682919036174985,P3_RANDOM_ORIGINAL,1103,3,120,terminal,"[1.3193332423446134, 4.281104047765638, 4.548349965798378, 0.5239180451901145, 3.5984889076427535, 1.9172469961858802]",1.3330938557471852,0.006828330320652419,0.0058669177628871685,0.8592023946384902,0.902606425574942,0.9999999999999998,0.03430206204270844,1.1364157441947174,0.16237604950975967,1.298791793704477,1.3330938557471854,2.220446049250313e-16,0.00682833032065242,0.8408652433398421,0.0,0.1523064263395053,0.9931716696793473,0.1523064263395053,0.9999999999999999
task-v2-8c0a098a6f8b,g-a712031e7959d564,v2-S3-b001-g-a712031e7959d564,S3,D7,13,0.0008544921875,3.0682919036174985,P3_RANDOM_ORIGINAL,2207,3,120,terminal,"[3.7377266824538085, 3.763804594555021, 3.1384887327667563, -0.010510615878188606, 0.9323817359614412, 1.5470139667148939]",1.3137926631224042,0.054114992249466316,0.014400135491305558,0.2661025141595132,1.801609504199234,1.0000000000000004,0.05192584576534013,1.0824086267645745,0.17945819059248969,1.2618668173570642,1.3137926631224044,2.220446049250313e-16,0.05411499224946631,0.7723854808823354,0.0,0.17349952686819875,0.9458850077505341,0.17349952686819875,1.0000000000000004
task-v2-8c0a098a6f8b,g-a712031e7959d564,v2-S3-b001-g-a712031e7959d564,S3,D7,13,0.0008544921875,3.0682919036174985,P3_RANDOM_ORIGINAL,3301,3,120,terminal,"[3.3975815454572764, 3.861729273924981, 2.648123426853058, 0.4891713733109889, 2.70893453833779, 2.6344597433232146]",1.5466798945205247,0.04178278316539756,0.028446120041783235,0.6808096035436172,1.6892892687284493,0.9999999999999993,0.06423138645514061,1.1318845395058088,0.3505639685595753,1.4824485080653842,1.546679894520525,2.220446049250313e-16,0.04178278316539756,0.6231135161649735,0.0,0.33510370066962825,0.9582172168346017,0.33510370066962825,0.9999999999999992
task-v2-3f11ce371857,g-3ff7063ef9ea5cfb,v2-S4-b000-g-3ff7063ef9ea5cfb,S4,D1,16,1.52587890625e-05,4.816479930623699,P2_RANDOM_ORIGINAL,1103,2,120,terminal,"[4.206576848588073, 3.6833823222925894, 0.4480349083452544, -1.0714407406078148]",1.8543460248744967,0.001141539246198171,0.001141539246198171,1.0,1.8739707777809247,1.0000000000000007,0.07325337278735038,1.1053579773411386,0.6757346747460067,1.7810926520871453,1.8543460248744956,-1.1102230246251565e-15,0.001141539246198171,0.335297940035973,0.0023606963607835795,0.6611998243570459,0.9964977643930188,0.6635605207178296,1.0000000000000007
task-v2-3f11ce371857,g-3ff7063ef9ea5cfb,v2-S4-b000-g-3ff7063ef9ea5cfb,S4,D1,16,1.52587890625e-05,4.816479930623699,P2_RANDOM_ORIGINAL,2207,2,120,terminal,"[5.29061800547773, 3.974895940860116, 3.0219833054095835, -0.6702008582181382]",1.8685121910361802,0.001892923160318665,0.001892923160318665,1.0,2.0936129155716987,1.0000000000000013,0.07571539384774112,1.1037420693403412,0.6890547278480998,1.792796797188441,1.8685121910361822,1.9984014443252818e-15,0.001892923160318665,0.32596004819328533,0.006005659430707091,0.6661413692156903,0.9921014174089755,0.6721470286463974,1.0000000000000013
task-v2-3f11ce371857,g-3ff7063ef9ea5cfb,v2-S4-b000-g-3ff7063ef9ea5cfb,S4,D1,16,1.52587890625e-05,4.816479930623699,P2_RANDOM_ORIGINAL,3301,2,120,terminal,"[4.770822663705205, 3.4355952085205335, 3.1488250012875327, -0.7680397685009225]",1.8764257500994233,0.0017590831238279067,0.0017590831238279067,1.0,2.06176629274564,1.0000000000000009,0.07604821674282136,1.1047136209948625,0.6956639123617404,1.800377533356603,1.8764257500994241,8.881784197001252e-16,0.0017590831238279067,0.31766052304994713,0.00516538672607615,0.6754150071001496,0.9930755301500968,0.6805803938262257,1.0000000000000007
task-v2-3f11ce371857,g-3ff7063ef9ea5cfb,v2-S4-b000-g-3ff7063ef9ea5cfb,S4,D1,16,1.52587890625e-05,4.816479930623699,P3_CONTINUATION_B1,1103,3,120,terminal,"[4.834726745602966, 4.545189823598627, 1.0842579019745875, 0.7071644086105813, -1.0665198444210418, -0.1898052863597936]",1.6019447424714541,0.004385021711290473,0.004385021711290473,1.0,2.458451678626854,0.9999999999999966,0.061197245793335034,1.086543349694024,0.4542041469840956,1.5407474966781196,1.6019447424714546,4.440892098500626e-16,0.004385021711290473,0.5486528249828628,0.0035043696123824705,0.44345778369346056,0.9921106086763234,0.4469621533058431,0.9999999999999963
task-v2-3f11ce371857,g-3ff7063ef9ea5cfb,v2-S4-b000-g-3ff7063ef9ea5cfb,S4,D1,16,1.52587890625e-05,4.816479930623699,P3_CONTINUATION_B1,2207,3,120,terminal,"[5.334440580932284, 3.898929470289732, -0.11582146118114316, 3.0069407298351245, -0.7410088819394277, 0.08489955846613832]",1.8559656277038754,0.0021547384071332536,0.0021547384071332536,1.0,2.149874483433915,1.0000000000000002,0.07552306254906396,1.1021897263711065,0.6782528387837053,1.7804425651548117,1.8559656277038759,4.440892098500626e-16,0.0021547384071332536,0.33645857756469066,0.0064557756056051515,0.6549309084225714,0.9913894859872618,0.6613866840281766,1.0000000000000004
task-v2-3f11ce371857,g-3ff7063ef9ea5cfb,v2-S4-b000-g-3ff7063ef9ea5cfb,S4,D1,16,1.52587890625e-05,4.816479930623699,P3_CONTINUATION_B1,3301,3,120,terminal,"[5.22701184053425, 3.4187134168724334, 0.4733535316886951, 3.072514960284024, -0.5051736723703449, -0.22066744229234245]",1.7906806808271287,0.0040751305012246344,0.0040751305012246344,1.0,2.426621451688465,0.9999999999999962,0.07338130996151196,1.0928160446915083,0.62448332617411,1.7172993708656183,1.7906806808271303,1.5543122344752192e-15,0.0040751305012246344,0.38732750521466514,0.012111488225863179,0.5964858760582432,0.9838133812729084,0.6085973642841063,0.9999999999999962
task-v2-3f11ce371857,g-3ff7063ef9ea5cfb,v2-S4-b000-g-3ff7063ef9ea5cfb,S4,D1,16,1.52587890625e-05,4.816479930623699,P3_CONTINUATION_B2,1103,3,240,terminal,"[4.885528202364654, 4.73724581391759, 1.3529636168879062, 0.7470633228893985, -1.1115823429545684, -0.18452922203622002]",1.5812563544968534,0.004576240168728374,0.004576240168728374,1.0,2.4769887395066537,0.9999999999999999,0.061331260483387336,1.0860196163027864,0.43390547771067955,1.519925094013466,1.5812563544968534,0.0,0.004576240168728374,0.5688523444587654,0.003266554479139141,0.42330486089336683,0.9921572053521321,0.426571415372506,0.9999999999999998
task-v2-3f11ce371857,g-3ff7063ef9ea5cfb,v2-S4-b000-g-3ff7063ef9ea5cfb,S4,D1,16,1.52587890625e-05,4.816479930623699,P3_CONTINUATION_B4,1103,3,480,terminal,"[4.99481657374803, 5.058054208173836, 1.4357818358359813, 0.7708783405853897, -1.129404116156773, -0.17916259505927493]",1.5710167166577753,0.00412863885994516,0.00412863885994516,1.0,2.4322868265784665,0.9999999999999991,0.060208645871801934,1.0863573658532661,0.42445070493270703,1.5108080707859732,1.571016716657775,-2.220446049250313e-16,0.00412863885994516,0.5783785141262802,0.002514819068529007,0.41497802794524496,0.9933565420715249,0.41749284701377404,0.9999999999999993
task-v2-3f11ce371857,g-3ff7063ef9ea5cfb,v2-S4-b000-g-3ff7063ef9ea5cfb,S4,D1,16,1.52587890625e-05,4.816479930623699,P3_NELDER_MEAD_B1,1103,3,120,terminal,"[8.046416194123982, 9.783788276393315, -0.007040699578910173, 0.85018281951683, -1.302294250120438, -0.0071388094852829955]",1.6737438685866262,0.00014685815004605957,0.00014685815004605957,1.0,0.9833779837761133,0.9999999999999969,0.05048996808044852,1.0932682250011114,0.5299856755050664,1.6232539005061777,1.6737438685866262,0.0,0.00014685815004605957,0.4782845834160787,0.00450685394894078,0.5170617044849315,0.9953462879010101,0.5215685584338724,0.9999999999999971
task-v2-3f11ce371857,g-3ff7063ef9ea5cfb,v2-S4-b000-g-3ff7063ef9ea5cfb,S4,D1,16,1.52587890625e-05,4.816479930623699,P3_RANDOM_ORIGINAL,1103,3,120,terminal,"[2.841718811994101, 4.399375850119499, 4.110006571482022, 0.9443159757485642, 2.7639903897648512, 2.4095287042056115]",1.7520555883616231,0.0005210703941788663,0.0005210703941788663,1.0,1.5333763290447069,1.0,0.06053552946657986,1.0944027948842678,0.5971172640107774,1.6915200588950452,1.7520555883616251,1.9984014443252818e-15,0.0005210703941788663,0.41099829425084733,0.0020656374287906266,0.5864149979261833,0.9974132921770305,0.5884806353549739,1.0000000000000002
task-v2-3f11ce371857,g-3ff7063ef9ea5cfb,v2-S4-b000-g-3ff7063ef9ea5cfb,S4,D1,16,1.52587890625e-05,4.816479930623699,P3_RANDOM_ORIGINAL,2207,3,120,terminal,"[4.783602789825091, 4.58300984175273, 3.038700544483814, 0.7704234477688242, 0.15251938692672984, 1.8423936590033811]",1.7116157342010991,0.00023943874184829603,0.00023943874184829603,1.0,1.1956743524236841,1.0000000000000004,0.05487533068688903,1.0901466361844083,0.5665937673298,1.6567404035142084,1.7116157342010974,-1.7763568394002505e-15,0.00023943874184829603,0.4380587999403494,0.0017300852450540742,0.5599716760727486,0.998030476013098,0.5617017613178027,1.0000000000000004
task-v2-3f11ce371857,g-3ff7063ef9ea5cfb,v2-S4-b000-g-3ff7063ef9ea5cfb,S4,D1,16,1.52587890625e-05,4.816479930623699,P3_RANDOM_ORIGINAL,3301,3,120,terminal,"[2.971204845084266, 4.0842953679772265, 1.737993359795752, 0.5602681806727182, 2.188676790494921, 2.948701197531059]",1.68770899430782,0.003659013544839679,0.003659013544839679,1.0,2.3798439477731224,0.9999999999999978,0.07364124266556878,1.0929194305725258,0.5211483210697256,1.6140677516422515,1.6877089943078203,2.220446049250313e-16,0.003659013544839679,0.48900281307119897,0.01073541819021952,0.49660275519373953,0.9856055682649386,0.507338173383959,0.9999999999999977
task-v2-095187356858,g-3ff7063ef9ea5cfb,v2-S4-b000-g-3ff7063ef9ea5cfb,S4,D2,16,3.0517578125e-05,4.515449934959718,P2_RANDOM_ORIGINAL,1103,2,120,terminal,"[2.2653518965550097, 5.2307998085259095, 3.252486969482005, -0.8185802628619073]",1.6678211694716716,0.001884664389846031,0.0014234701970546285,0.7552910771402223,1.7906839597324833,1.0000000000000022,0.08260618349161042,1.1114414147131761,0.47377357126688446,1.5852149859800606,1.667821169471671,-6.661338147750939e-16,0.001884664389846031,0.5357285644300134,0.004624100390113545,0.4577626707900293,0.9934912352200428,0.4623867711801429,1.0000000000000022
task-v2-095187356858,g-3ff7063ef9ea5cfb,v2-S4-b000-g-3ff7063ef9ea5cfb,S4,D2,16,3.0517578125e-05,4.515449934959718,P2_RANDOM_ORIGINAL,2207,2,120,terminal,"[5.170122267360293, 4.126450622870586, 2.351694951548885, 0.11373798526713204]",1.7895243331246615,0.0034144730520170993,0.002500273589226853,0.7322575258720572,2.0487736244533115,1.0000000000000022,0.11816036488909457,1.1328507912264028,0.5385131770091638,1.6713639682355665,1.789524333124661,-4.440892098500626e-16,0.0034144730520170993,0.4818103909096883,0.008698653024551502,0.5060764830137454,0.9878868739234336,0.5147751360382968,1.0000000000000022
task-v2-095187356858,g-3ff7063ef9ea5cfb,v2-S4-b000-g-3ff7063ef9ea5cfb,S4,D2,16,3.0517578125e-05,4.515449934959718,P2_RANDOM_ORIGINAL,3301,2,120,terminal,"[4.898797722882811, 3.9192555035661614, 2.3624842653067186, 0.11951964745550542]",1.8419544507962824,0.0028751605127881334,0.0022014683444749952,0.765685371193472,1.9741120302018074,1.000000000000001,0.12440733953875764,1.1379295197176176,0.579617591539908,1.7175471112575256,1.8419544507962833,8.881784197001252e-16,0.0028751605127881334,0.44486408900013696,0.008374781028963578,0.5438859694581124,0.9887500584582494,0.552260750487076,1.000000000000001
task-v2-095187356858,g-3ff7063ef9ea5cfb,v2-S4-b000-g-3ff7063ef9ea5cfb,S4,D2,16,3.0517578125e-05,4.515449934959718,P3_CONTINUATION_B1,1103,3,120,terminal,"[2.7003696657005056, 5.234205748305231, -0.5095159176420869, 3.1613517509894407, -0.9411607555686312, 0.181312875590286]",1.5760613067653573,0.003374782140062719,0.0025510940878667988,0.7559285257505208,2.0436956770386185,1.0000000000000013,0.07763945888392651,1.1010200082669697,0.3974018396144605,1.4984218478814302,1.5760613067653566,-6.661338147750939e-16,0.003374782140062719,0.6088123209394878,0.006137291628588438,0.3816756052918625,0.9904879262313502,0.38781289692045096,1.0000000000000013
task-v2-095187356858,g-3ff7063ef9ea5cfb,v2-S4-b000-g-3ff7063ef9ea5cfb,S4,D2,16,3.0517578125e-05,4.515449934959718,P3_CONTINUATION_B1,2207,3,120,terminal,"[5.943074123289479, 4.172146981430146, -0.010692454732863763, 2.3581745104975385, 0.1273062232603154, -0.0033596671314210344]",1.6686685073806111,0.00452421787559986,0.003303983735416271,0.7302883782930548,2.1709934463087004,0.9999999999999982,0.10494498272426095,1.1150156886130838,0.44870783604326686,1.5637235246563506,1.6686685073806116,4.440892098500626e-16,0.00452421787559986,0.5629314376786035,0.010796876492388833,0.4217474679534059,0.9846789056320094,0.4325443444457947,0.9999999999999981
task-v2-095187356858,g-3ff7063ef9ea5cfb,v2-S4-b000-g-3ff7063ef9ea5cfb,S4,D2,16,3.0517578125e-05,4.515449934959718,P3_CONTINUATION_B1,3301,3,120,terminal,"[5.877367209553035, 4.419951150818674, 0.5395701840529021, 2.334433655271741, 0.3354572690226118, -0.20777700452327366]",1.6266153595564268,0.007114954610631556,0.0052045982364065805,0.7315012563298132,2.3676220688367846,0.9999999999999989,0.10157606254218779,1.1117235540797852,0.41331574293445433,1.5250392970142395,1.6266153595564272,4.440892098500626e-16,0.007114954610631556,0.5955924294267749,0.010434149572913769,0.3868584663896786,0.9824508958164534,0.39729261596259224,0.9999999999999989
task-v2-095187356858,g-3ff7063ef9ea5cfb,v2-S4-b000-g-3ff7063ef9ea5cfb,S4,D2,16,3.0517578125e-05,4.515449934959718,P3_CONTINUATION_B2,1103,3,240,terminal,"[2.663672184914427, 5.053913707512904, -0.9419788564772744, 3.1469398053191573, -0.8966389670271981, 0.1722721960428174]",1.5282871092675427,0.005055554804571455,0.003793711934900898,0.7504046700216674,2.21921875766466,1.0000000000000022,0.07669664001919801,1.093939207639571,0.3576512616087728,1.451590469248344,1.5282871092675419,-8.881784197001252e-16,0.005055554804571455,0.6459101032448943,0.007557110477066259,0.3414772314734704,0.9873873347183646,0.3490343419505366,1.0000000000000024
task-v2-095187356858,g-3ff7063ef9ea5cfb,v2-S4-b000-g-3ff7063ef9ea5cfb,S4,D2,16,3.0517578125e-05,4.515449934959718,P3_CONTINUATION_B4,1103,3,480,terminal,"[2.547384788714573, 4.857145731492278, -1.2750860903651327, 3.1584243516038675, -0.8503461495351865, 0.16011303875653224]",1.505845150316924,0.0067657749039660205,0.00501791321426601,0.7416612709542799,2.3457674797578765,0.9999999999999994,0.07786739263663474,1.0861321132923343,0.34184564438795595,1.4279777576802903,1.505845150316925,1.1102230246251565e-15,0.0067657749039660205,0.6595664236114029,0.010523732620887025,0.32314406886374347,0.9827104924751464,0.33366780148463054,0.9999999999999994
task-v2-095187356858,g-3ff7063ef9ea5cfb,v2-S4-b000-g-3ff7063ef9ea5cfb,S4,D2,16,3.0517578125e-05,4.515449934959718,P3_NELDER_MEAD_B1,1103,3,120,terminal,"[3.1091307890671853, 4.965549575037947, -0.0010970201067053277, 3.1791928466825468, -0.7915895656657035, 0.0005149193063037922]",1.6598231371380665,0.00197323005661772,0.0014926175961914195,0.7564336409662692,1.8106276570568374,0.9999999999999984,0.08087652227099765,1.109783967174483,0.4691626476925853,1.578946614867068,1.659823137138066,-4.440892098500626e-16,0.00197323005661772,0.539969301017924,0.005046825669402972,0.4530106432560537,0.9929799442739776,0.45805746892545673,0.9999999999999984
task-v2-095187356858,g-3ff7063ef9ea5cfb,v2-S4-b000-g-3ff7063ef9ea5cfb,S4,D2,16,3.0517578125e-05,4.515449934959718,P3_RANDOM_ORIGINAL,1103,3,120,terminal,"[2.6327023978701787, 4.1838863618862, 3.848304927794709, 0.8845619663885724, 3.1512911447951852, 2.1517893294270487]",1.5748019597965617,0.00024334711735366865,0.00020785297418900544,0.8541419206002848,0.9016761409951299,1.0000000000000009,0.06959274193494291,1.1070118731317355,0.39819734472988466,1.50520921786162,1.574801959796563,1.3322676295501878e-15,0.00024334711735366865,0.6066301517583521,0.0028410844283194864,0.39028541669597583,0.9969155684543279,0.3931265011242953,1.000000000000001
task-v2-095187356858,g-3ff7063ef9ea5cfb,v2-S4-b000-g-3ff7063ef9ea5cfb,S4,D2,16,3.0517578125e-05,4.515449934959718,P3_RANDOM_ORIGINAL,2207,3,120,terminal,"[4.848777602862137, 4.497803890932492, 2.953864072144015, 0.7731649846951076, 0.1524290210884935, 1.8637328522863381]",1.460399502953621,0.0003306209036606882,0.00029445516646881513,0.8906126721225422,1.0347802435342004,1.0000000000000027,0.060389396778148974,1.09500685063092,0.30500325554455077,1.4000101061754708,1.4603995029536199,-1.1102230246251565e-15,0.0003306209036606882,0.6974131979593557,0.0016883966487198558,0.30056778448826643,0.9979809824476222,0.30225618113698627,1.0000000000000027
task-v2-095187356858,g-3ff7063ef9ea5cfb,v2-S4-b000-g-3ff7063ef9ea5cfb,S4,D2,16,3.0517578125e-05,4.515449934959718,P3_RANDOM_ORIGINAL,3301,3,120,terminal,"[3.030675496288968, 4.1141587920427565, 1.581584158514645, 0.5811002296019901, 2.1869289013831614, 2.9708692558231853]",1.5070381139334819,0.004385725514534716,0.003242159114512526,0.7392526285030148,2.1574913823529265,0.9999999999999971,0.07999427342343593,1.1013589381464297,0.3256849023636161,1.4270438405100458,1.5070381139334819,0.0,0.004385725514534716,0.6828175222306643,0.006888464550078311,0.30590828770471984,0.9887258099353842,0.3127967522547982,0.9999999999999971
task-v2-0b71cbcaebc2,g-3ff7063ef9ea5cfb,v2-S4-b000-g-3ff7063ef9ea5cfb,S4,D3,16,4.57763671875e-05,4.339358675904037,P2_RANDOM_ORIGINAL,1103,2,120,terminal,"[3.176230981602957, 5.674042409120552, 3.7979473976669467, -1.0383617347001624]",1.5682571975225854,0.001239127754552361,0.0004425233321090405,0.3571248650377487,1.432474760518087,0.9999999999999981,0.07496762329204235,1.1093796486511913,0.38390992557935233,1.4932895742305436,1.568257197522586,6.661338147750939e-16,0.001239127754552361,0.6198379546782122,0.0006372998600784564,0.3782856177071552,0.9981235723853674,0.3789229175672336,0.9999999999999982
task-v2-0b71cbcaebc2,g-3ff7063ef9ea5cfb,v2-S4-b000-g-3ff7063ef9ea5cfb,S4,D3,16,4.57763671875e-05,4.339358675904037,P2_RANDOM_ORIGINAL,2207,2,120,terminal,"[5.382693999144022, 4.06232536533594, 2.3582558890585053, 0.11763937384472527]",1.729332625088736,0.005057074949331419,0.0013469669025307006,0.2663529641198573,2.0432580661274153,1.0000000000000022,0.1160514261317046,1.1284703336015371,0.48481086535549445,1.6132811989570315,1.7293326250887362,2.220446049250313e-16,0.005057074949331419,0.5301681371536844,0.007674293630963334,0.457100494266023,0.9872686314197073,0.46477478789698634,1.000000000000002
task-v2-0b71cbcaebc2,g-3ff7063ef9ea5cfb,v2-S4-b000-g-3ff7063ef9ea5cfb,S4,D3,16,4.57763671875e-05,4.339358675904037,P2_RANDOM_ORIGINAL,3301,2,120,terminal,"[4.590970157217498, 3.6209572379158437, 2.3568347942876007, 0.10931802244243921]",1.8884274615100032,0.0022787042065133926,0.00032237484822632387,0.14147288064192598,1.6970466299495706,0.9999999999999973,0.13161946212315123,1.1505458422187695,0.6062621571680831,1.7568079993868526,1.8884274615100038,6.661338147750939e-16,0.0022787042065133926,0.4212746425369504,0.005250709240727661,0.5711959440158059,0.9924705865527563,0.5764466532565335,0.9999999999999973
task-v2-0b71cbcaebc2,g-3ff7063ef9ea5cfb,v2-S4-b000-g-3ff7063ef9ea5cfb,S4,D3,16,4.57763671875e-05,4.339358675904037,P3_CONTINUATION_B1,1103,3,120,terminal,"[4.037882079316276, 6.347932818379035, -0.6893145564743652, 3.9489351784141595, -1.2562159757354234, 0.18779426254589665]",1.3727250642647302,0.0017012864497189272,0.00025000874471519513,0.14695276316137096,1.5701361188867544,0.999999999999998,0.06366922467514177,1.0958386571232677,0.21321718246632068,1.3090558395895884,1.3727250642647302,0.0,0.001701286449718927,0.7875823224174364,0.0011833672243045789,0.209533023908538,0.9971153463259745,0.21071639113284257,0.9999999999999979
task-v2-0b71cbcaebc2,g-3ff7063ef9ea5cfb,v2-S4-b000-g-3ff7063ef9ea5cfb,S4,D3,16,4.57763671875e-05,4.339358675904037,P3_CONTINUATION_B1,2207,3,120,terminal,"[6.299781464867221, 4.141607349152906, -0.03667997025847209, 2.384036006920689, 0.15073574673171636, -0.024536086613245134]",1.589264520522549,0.007775947936791311,0.0023541462495544887,0.3027471722664221,2.230112020049629,0.9999999999999964,0.10193589083590013,1.1049266406225615,0.38240198906408734,1.4873286296866488,1.5892645205225489,-2.220446049250313e-16,0.007775947936791311,0.6222903431115359,0.01018553434555138,0.3597481746061177,0.9820385177176536,0.3699337089516691,0.9999999999999962
task-v2-0b71cbcaebc2,g-3ff7063ef9ea5cfb,v2-S4-b000-g-3ff7063ef9ea5cfb,S4,D3,16,4.57763671875e-05,4.339358675904037,P3_CONTINUATION_B1,3301,3,120,terminal,"[5.556415093742382, 4.206539100939814, 0.02639790985673549, 2.346272679685175, 0.14599656546148657, -0.025237714078970443]",1.6964000431199326,0.005861919722737108,0.0017195785995548244,0.29334734709602966,2.1073985425122497,1.0000000000000018,0.11271574140653365,1.126510520414211,0.4571737812991875,1.5836843017133986,1.6964000431199322,-4.440892098500626e-16,0.005861919722737108,0.5554358602325693,0.007485277701964798,0.43121694234273045,0.9866528025752999,0.4387022200446953,1.0000000000000018
task-v2-0b71cbcaebc2,g-3ff7063ef9ea5cfb,v2-S4-b000-g-3ff7063ef9ea5cfb,S4,D3,16,4.57763671875e-05,4.339358675904037,P3_CONTINUATION_B2,1103,3,240,terminal,"[4.141253313851755, 6.360117209816176, -0.9076552787163484, 3.9573368588262365, -1.2446013579071928, 0.1716099293076467]",1.3525606042493827,0.001974162944758877,0.00023033785401250538,0.1166762118719834,1.6347416718005163,1.0000000000000009,0.06287759235268063,1.0943419548725326,0.19534105702416957,1.2896830118967022,1.3525606042493827,0.0,0.001974162944758877,0.8051349718651832,0.0012955231305801943,0.1915953420594786,0.9967303139246616,0.19289086519005877,1.0000000000000009
task-v2-0b71cbcaebc2,g-3ff7063ef9ea5cfb,v2-S4-b000-g-3ff7063ef9ea5cfb,S4,D3,16,4.57763671875e-05,4.339358675904037,P3_CONTINUATION_B4,1103,3,480,terminal,"[4.408368805782152, 6.344316941642929, -1.116548757506366, 3.965900369897939, -1.2263531606316846, 0.15315232011178673]",1.3393289428797663,0.0022767009580603285,0.0002636735873200841,0.1158138869255473,1.696664666205975,0.9999999999999996,0.062295393097630186,1.0926061784467933,0.1844273713353447,1.277033549782138,1.3393289428797681,1.7763568394002505e-15,0.0022767009580603285,0.815603908007827,0.0014269540431915233,0.18069243699092058,0.9962963449987479,0.18211939103411212,0.9999999999999993
task-v2-0b71cbcaebc2,g-3ff7063ef9ea5cfb,v2-S4-b000-g-3ff7063ef9ea5cfb,S4,D3,16,4.57763671875e-05,4.339358675904037,P3_NELDER_MEAD_B1,1103,3,120,terminal,"[6.880386010424827, 8.520757539550779, -0.0022463021790024573, 3.9900875788489527, -1.2793085188900308, -0.0039652736009866355]",1.3781473191235487,0.0020982510402910667,0.0018099205439457843,0.8625853194833705,1.6612161230079254,0.9999999999999982,0.05486713259704087,1.0896398398227758,0.23364034670373443,1.3232801865265102,1.3781473191235512,2.4424906541753444e-15,0.0020982510402910667,0.7666828805549502,0.0016562376710694679,0.2295626307336876,0.9962455112886375,0.23121886840475708,0.9999999999999982
task-v2-0b71cbcaebc2,g-3ff7063ef9ea5cfb,v2-S4-b000-g-3ff7063ef9ea5cfb,S4,D3,16,4.57763671875e-05,4.339358675904037,P3_RANDOM_ORIGINAL,1103,3,120,terminal,"[2.6956719339449227, 4.695568146021179, 4.047644385874358, 0.7024589561373761, 3.503759786852387, 1.872447179823655]",1.491398971055638,0.0008641086649319788,0.0005895051951491362,0.6822118780576527,1.2759270359904389,0.9999999999999993,0.06718474429966115,1.106822231568866,0.3173919951871098,1.4242142267559759,1.491398971055637,-8.881784197001252e-16,0.0008641086649319787,0.686324110190781,0.0006085387079462388,0.3122032424363401,0.998527352627121,0.3128117811442864,0.9999999999999993
task-v2-0b71cbcaebc2,g-3ff7063ef9ea5cfb,v2-S4-b000-g-3ff7063ef9ea5cfb,S4,D3,16,4.57763671875e-05,4.339358675904037,P3_RANDOM_ORIGINAL,2207,3,120,terminal,"[4.667531447584924, 4.400058388854375, 3.267210197540893, 0.784944708740295, 0.13381726139422867, 1.9118019140770701]",1.4308215752966447,0.001222553778879378,0.0009922011497298885,0.8115807802249515,1.426626648286074,0.9999999999999991,0.06164873184111286,1.0959151408821082,0.2732577025734209,1.369172843455529,1.4308215752966418,-2.886579864025407e-15,0.0012225537788793782,0.7284650779750879,0.0014135674449722408,0.26889880080105966,0.9973638787761476,0.27031236824603183,0.9999999999999991
task-v2-0b71cbcaebc2,g-3ff7063ef9ea5cfb,v2-S4-b000-g-3ff7063ef9ea5cfb,S4,D3,16,4.57763671875e-05,4.339358675904037,P3_RANDOM_ORIGINAL,3301,3,120,terminal,"[3.0253726517954727, 4.177902160881826, 3.9408762351431457, 0.4234695288230427, 2.14081796315589, 3.256929973117483]",1.541138042332002,0.004348374285302988,0.0009786523556285936,0.22506166475510803,1.977685594723495,0.9999999999999984,0.0920787610049264,1.1144007864906458,0.3346584948364295,1.4490592813270753,1.5411380423320018,-2.220446049250313e-16,0.004348374285302988,0.6755171512520652,0.004164473839131434,0.3159700006234988,0.9914871518755641,0.3201344744626302,0.9999999999999984
task-v2-606c43f06406,g-3ff7063ef9ea5cfb,v2-S4-b000-g-3ff7063ef9ea5cfb,S4,D4,16,6.103515625e-05,4.214419939295737,P2_RANDOM_ORIGINAL,1103,2,120,terminal,"[2.4084554011520796, 4.963910099709779, 3.2261732434850257, -0.8010686431749112]",1.6183519207853319,0.003903697459718786,0.0013724131225755695,0.3515674912661995,1.8058960913574915,0.9999999999999968,0.08426177287566804,1.1108100080150742,0.42328013989458935,1.5340901479096636,1.6183519207853316,-2.220446049250313e-16,0.003903697459718786,0.583117838802989,0.0032990504835246647,0.4096794132537644,0.9927972520567532,0.4129784637372891,0.9999999999999967
task-v2-606c43f06406,g-3ff7063ef9ea5cfb,v2-S4-b000-g-3ff7063ef9ea5cfb,S4,D4,16,6.103515625e-05,4.214419939295737,P2_RANDOM_ORIGINAL,2207,2,120,terminal,"[5.756985282058634, 4.1886011140729815, 2.3570011008835774, 0.12089434373995776]",1.6556790539460058,0.007489853626867533,0.002060217112751848,0.27506774035762943,2.0888932697235227,1.0000000000000004,0.10975573148905468,1.1206265377158968,0.425296784741055,1.5459233224569517,1.6556790539460065,6.661338147750939e-16,0.007489853626867533,0.583153675377982,0.007257506284276492,0.4020989647108745,0.9852526400888565,0.40935647099515093,1.0000000000000004
task-v2-606c43f06406,g-3ff7063ef9ea5cfb,v2-S4-b000-g-3ff7063ef9ea5cfb,S4,D4,16,6.103515625e-05,4.214419939295737,P2_RANDOM_ORIGINAL,3301,2,120,terminal,"[5.054698119540659, 3.85340009793263, 2.3556056408497468, 0.11676885962759215]",1.7873643084968989,0.004322901102910418,0.0009240164953928533,0.2137491636740785,1.8501952393791046,0.9999999999999962,0.12300809270666796,1.138758949676312,0.5255972661139185,1.6643562157902305,1.7873643084968984,-4.440892098500626e-16,0.004322901102910417,0.4936873824261534,0.005985956928795407,0.496003759542137,0.9896911419682903,0.5019897164709324,0.9999999999999962
task-v2-606c43f06406,g-3ff7063ef9ea5cfb,v2-S4-b000-g-3ff7063ef9ea5cfb,S4,D4,16,6.103515625e-05,4.214419939295737,P3_CONTINUATION_B1,1103,3,120,terminal,"[3.04949027575544, 4.871394863693739, -0.5539171439258082, 3.1562660264139075, -0.9375333222744737, 0.1803809028135727]",1.5228660704232224,0.005853567386901979,0.001697228519953759,0.2899477203852646,1.981840561660016,1.000000000000004,0.07870277236470202,1.1014574440752496,0.3427058539832725,1.4441632980585222,1.5228660704232242,1.7763568394002505e-15,0.005853567386901978,0.6603331187283785,0.0040496780957761215,0.3297636357889474,0.990096754517326,0.3338133138847236,1.000000000000004
task-v2-606c43f06406,g-3ff7063ef9ea5cfb,v2-S4-b000-g-3ff7063ef9ea5cfb,S4,D4,16,6.103515625e-05,4.214419939295737,P3_CONTINUATION_B1,2207,3,120,terminal,"[6.5209086236176095, 4.2445121601678, -0.039572527689082995, 2.381459415569272, 0.12369969719494704, -0.003754692581716672]",1.549349452661028,0.009920140835983582,0.0029049365492956774,0.29283218830508195,2.2109377771612406,1.0000000000000036,0.09871093396517971,1.102546092636038,0.34809242605981167,1.4506385186958497,1.5493494526610294,1.3322676295501878e-15,0.009920140835983582,0.6528014435419465,0.008740106785561015,0.32853830883651247,0.9813397523784589,0.3372784156220735,1.0000000000000036
task-v2-606c43f06406,g-3ff7063ef9ea5cfb,v2-S4-b000-g-3ff7063ef9ea5cfb,S4,D4,16,6.103515625e-05,4.214419939295737,P3_CONTINUATION_B1,3301,3,120,terminal,"[5.975922251458712, 4.349422834418489, 0.0897184563858562, 2.366153445379158, 0.24894365632561485, -0.12968383982776582]",1.6080752651233052,0.0099285297831718,0.002929913333234101,0.29510042244120677,2.211304882219273,1.0000000000000018,0.1057165177727818,1.1117060270493222,0.3906527203012017,1.5023587473505238,1.608075265123306,6.661338147750939e-16,0.0099285297831718,0.6132303968581292,0.008135787643463158,0.36870528571523753,0.9819356825733668,0.37684107335870065,1.0000000000000018
task-v2-606c43f06406,g-3ff7063ef9ea5cfb,v2-S4-b000-g-3ff7063ef9ea5cfb,S4,D4,16,6.103515625e-05,4.214419939295737,P3_CONTINUATION_B2,1103,3,240,terminal,"[2.9199017769343505, 4.765421567637133, -0.8970291994160338, 3.1511295152905365, -0.8844778632237956, 0.16638225382551958]",1.4850651944399527,0.008984879934161222,0.0024996722928351534,0.2782087586202685,2.167932217259411,0.9999999999999983,0.07857321725275623,1.0922789304404803,0.3142130467467166,1.4064919771871969,1.485065194439953,4.440892098500626e-16,0.008984879934161222,0.6846593765395786,0.005435315080028707,0.30092042844622957,0.9855798049858082,0.3063557435262583,0.9999999999999981
task-v2-606c43f06406,g-3ff7063ef9ea5cfb,v2-S4-b000-g-3ff7063ef9ea5cfb,S4,D4,16,6.103515625e-05,4.214419939295737,P3_CONTINUATION_B4,1103,3,480,terminal,"[2.74802151146092, 4.647079008746398, -1.2278517825033193, 3.156616690930603, -0.8375229897380577, 0.15277869626679966]",1.46193114334223,0.012157451287339163,0.0035123730929926935,0.28890702582131655,2.2992624774016983,0.9999999999999998,0.0797806678626224,1.0841976934011106,0.29795278207849696,1.3821504754796075,1.46193114334223,0.0,0.012157451287339163,0.6971573338859698,0.00737315294476548,0.28331206188192537,0.9804693957678952,0.29068521482669085,0.9999999999999998
task-v2-606c43f06406,g-3ff7063ef9ea5cfb,v2-S4-b000-g-3ff7063ef9ea5cfb,S4,D4,16,6.103515625e-05,4.214419939295737,P3_NELDER_MEAD_B1,1103,3,120,terminal,"[3.211787176394563, 4.723865274733594, -0.0005870255516068378, 3.173177059793694, -0.7808494506722559, -0.00010137267230757892]",1.6088892306463602,0.0041263299778128495,0.001512403811427471,0.3665251735948458,1.8299838943465994,1.0000000000000004,0.08238001660725676,1.1092614802586103,0.4172477337804919,1.5265092140391021,1.608889230646359,-1.3322676295501878e-15,0.0041263299778128495,0.5887222610281873,0.0035263498710435045,0.4036250591229569,0.9923473201511442,0.4071514089940004,1.0000000000000004
task-v2-606c43f06406,g-3ff7063ef9ea5cfb,v2-S4-b000-g-3ff7063ef9ea5cfb,S4,D4,16,6.103515625e-05,4.214419939295737,P3_RANDOM_ORIGINAL,1103,3,120,terminal,"[2.776893754702418, 4.6404754997724975, 4.257414854147666, 0.7123458018170953, 3.5276024995403588, 1.8650607920910445]",1.4750087926710318,0.0008307313280443056,0.000517346849648214,0.6227607316388846,1.133880527924239,1.0000000000000013,0.06729412362115902,1.1068768002140104,0.3008378688358619,1.4077146690498723,1.4750087926710314,-4.440892098500626e-16,0.0008307313280443056,0.7026706310860078,0.0006457193591446786,0.29585291822680465,0.9985235493128126,0.2964986375859493,1.0000000000000016
task-v2-606c43f06406,g-3ff7063ef9ea5cfb,v2-S4-b000-g-3ff7063ef9ea5cfb,S4,D4,16,6.103515625e-05,4.214419939295737,P3_RANDOM_ORIGINAL,2207,3,120,terminal,"[4.797831493690285, 4.610692642498879, 2.991793576784186, 0.7865521755383588, 0.12592176870256797, 1.8922506623765711]",1.4189007021446225,0.001160402952343459,0.0008740298279769564,0.753212344222181,1.2790287643771059,1.0000000000000004,0.061707597584263155,1.0960791614146583,0.26111394314570147,1.3571931045603598,1.418900702144623,4.440892098500626e-16,0.001160402952343459,0.7404615139113028,0.0013179669253311648,0.2570601162110231,0.9975216301223258,0.25837808313635424,1.0000000000000004
task-v2-606c43f06406,g-3ff7063ef9ea5cfb,v2-S4-b000-g-3ff7063ef9ea5cfb,S4,D4,16,6.103515625e-05,4.214419939295737,P3_RANDOM_ORIGINAL,3301,3,120,terminal,"[3.012106754209713, 4.138529820971093, 3.858653376282586, 0.4284559819468621, 2.1523928053208286, 3.2605167129529904]",1.5460784196777138,0.005021519772183421,0.0011781854842804198,0.2346272717687876,1.9152551163577853,0.9999999999999969,0.09409923959284539,1.1143844376489944,0.33759474243587334,1.4519791800848678,1.546078419677713,-6.661338147750939e-16,0.005021519772183421,0.6719771629686175,0.004077561429131574,0.31892375583006455,0.9909009187986819,0.3230013172591961,0.9999999999999971
task-v2-9f1427c2fbd8,g-3ff7063ef9ea5cfb,v2-S4-b000-g-3ff7063ef9ea5cfb,S4,D5,16,9.1552734375e-05,4.038328680240055,P2_RANDOM_ORIGINAL,1103,2,120,terminal,"[2.512655054356327, 4.4678502950217425, 2.2830617712591095, 0.09193215380077013]",1.9368107640822307,0.0036972676243617075,0.00136493827826579,0.3691748655877816,1.6062095680803719,1.0000000000000013,0.17470205094308638,1.227920021554803,0.5341886915843413,1.7621087131391442,1.9368107640822307,0.0,0.003697267624361707,0.511592209907463,0.0004140193045826133,0.4842965031635939,0.995888713071057,0.4847105224681766,1.0000000000000013
task-v2-9f1427c2fbd8,g-3ff7063ef9ea5cfb,v2-S4-b000-g-3ff7063ef9ea5cfb,S4,D5,16,9.1552734375e-05,4.038328680240055,P2_RANDOM_ORIGINAL,2207,2,120,terminal,"[5.303644729290461, 4.027358540448379, 2.4010940755396004, 0.10583187323471438]",1.642801402145231,0.010037631733430983,0.004613017364527839,0.4595722862758439,2.039959938225596,1.0000000000000018,0.13199655132119004,1.1379257450405602,0.37287910578348116,1.5108048508240413,1.6428014021452313,2.220446049250313e-16,0.010037631733430983,0.632530010530554,0.002890943125445024,0.35454141461057165,0.9870714251411257,0.3574323577360166,1.0000000000000018
task-v2-9f1427c2fbd8,g-3ff7063ef9ea5cfb,v2-S4-b000-g-3ff7063ef9ea5cfb,S4,D5,16,9.1552734375e-05,4.038328680240055,P2_RANDOM_ORIGINAL,3301,2,120,terminal,"[4.070078101141399, 2.0380828836674536, 2.1500803485901265, -0.12542276076495393]",1.8349028693625493,0.0034449325598519334,0.0012270256164095246,0.3561827684842293,1.5755094045473137,0.9999999999999981,0.153814606875253,1.2119580425456242,0.4691302199416727,1.681088262487297,1.83490286936255,6.661338147750939e-16,0.003444932559851933,0.5700072721252597,0.00015704214478526167,0.4263907531701012,0.9963980252953609,0.42654779531488646,0.9999999999999981
task-v2-9f1427c2fbd8,g-3ff7063ef9ea5cfb,v2-S4-b000-g-3ff7063ef9ea5cfb,S4,D5,16,9.1552734375e-05,4.038328680240055,P3_CONTINUATION_B1,1103,3,120,terminal,"[3.181010380361618, 4.380843117388649, 0.03928435740035463, 2.260741599403458, 0.1350601824935504, -0.04560220782776067]",1.8952928895063708,0.004208014512090609,0.0015154522289507442,0.3601347439740276,1.662405909130511,0.9999999999999973,0.16748791951473652,1.2181883655630301,0.5096166044286041,1.7278049699916342,1.8952928895063708,0.0,0.004208014512090609,0.5355602213191297,0.0005698052146436115,0.4596619589541333,0.995222180273263,0.46023176416877687,0.9999999999999972
task-v2-9f1427c2fbd8,g-3ff7063ef9ea5cfb,v2-S4-b000-g-3ff7063ef9ea5cfb,S4,D5,16,9.1552734375e-05,4.038328680240055,P3_CONTINUATION_B1,2207,3,120,terminal,"[6.104575648753448, 4.53224060109211, 0.0819165245856447, 2.4131483904186726, 0.1743132611649207, -0.0650123331697672]",1.4484159448785463,0.017711793441168397,0.008357126195219838,0.4718396374132817,2.2865912189664463,0.9999999999999987,0.11429102291874584,1.1075942601873443,0.22653066177245568,1.3341249219598,1.4484159448785459,-4.440892098500626e-16,0.017711793441168397,0.7626191097934782,0.003997074299947095,0.21567202246540498,0.9782911322588832,0.21966909676535207,0.9999999999999987
task-v2-9f1427c2fbd8,g-3ff7063ef9ea5cfb,v2-S4-b000-g-3ff7063ef9ea5cfb,S4,D5,16,9.1552734375e-05,4.038328680240055,P3_CONTINUATION_B1,3301,3,120,terminal,"[5.625054204904939, 1.2463942368635414, -0.4416395923657574, 2.473595767150478, -0.3651999376589801, 0.1582919800969685]",1.4832645107835838,0.012152086841257794,0.004692395421607036,0.38613906260740255,2.1229795446616304,0.9999999999999971,0.10107918317672185,1.1241150151038584,0.2580703125030036,1.3821853276068619,1.483264510783584,2.220446049250313e-16,0.012152086841257794,0.7406760616950248,0.0011778252296252402,0.2459940262340894,0.986670087929114,0.24717185146371462,0.9999999999999972
task-v2-9f1427c2fbd8,g-3ff7063ef9ea5cfb,v2-S4-b000-g-3ff7063ef9ea5cfb,S4,D5,16,9.1552734375e-05,4.038328680240055,P3_CONTINUATION_B2,2207,3,240,terminal,"[6.4132403174922805, 4.511842124535527, 0.24173768116417657, 2.419632140955466, 0.26926783812574767, -0.15840405395099025]",1.375942054771314,0.023564847567295932,0.010729908438462069,0.45533536373701766,2.4105933150466647,0.9999999999999979,0.1071430143773773,1.0927910661858027,0.17600797420813463,1.2687990403939373,1.3759420547713146,6.661338147750939e-16,0.023564847567295932,0.8055730701411294,0.004454842777924568,0.16640723951364797,0.9719803096547774,0.17086208229157254,0.9999999999999979
task-v2-9f1427c2fbd8,g-3ff7063ef9ea5cfb,v2-S4-b000-g-3ff7063ef9ea5cfb,S4,D5,16,9.1552734375e-05,4.038328680240055,P3_CONTINUATION_B4,2207,3,480,terminal,"[6.746750964828491, 4.613690198439389, 0.41417374639024346, 2.4200094492930866, 0.3169715608800809, -0.20475701608536084]",1.3360482329207728,0.02803670667091955,0.012205181047642663,0.43532862796264926,2.4860556781706618,0.9999999999999971,0.1009428881162178,1.0823767172760805,0.15272862752847532,1.235105344804556,1.3360482329207737,8.881784197001252e-16,0.028036706670919554,0.8237561794444106,0.004463049234087394,0.14374406465057957,0.9675002440949902,0.14820711388466695,0.999999999999997
task-v2-9f1427c2fbd8,g-3ff7063ef9ea5cfb,v2-S4-b000-g-3ff7063ef9ea5cfb,S4,D5,16,9.1552734375e-05,4.038328680240055,P3_NELDER_MEAD_B1,2207,3,120,terminal,"[7.193957705050597, 4.491934672129393, -0.00019873182983811853, 2.4111249689626844, 0.09992477854522175, -0.0006015812648554812]",1.3520620013610367,0.019649828109725574,0.00873338406831965,0.4444509142549247,2.331687435901924,1.0000000000000007,0.09838357989245289,1.0924001225708182,0.16127829889776585,1.253678421468584,1.352062001361037,2.220446049250313e-16,0.019649828109725574,0.8242365357126094,0.004094366001855589,0.15201927017581007,0.9762558058884194,0.15611363617766566,1.0000000000000007
task-v2-9f1427c2fbd8,g-3ff7063ef9ea5cfb,v2-S4-b000-g-3ff7063ef9ea5cfb,S4,D5,16,9.1552734375e-05,4.038328680240055,P3_RANDOM_ORIGINAL,1103,3,120,terminal,"[2.3788328839740047, 4.1890041667476625, 4.0182016173579695, 0.7937441505092054, 3.137825542023383, 2.160157132849756]",1.465189009143439,0.0021048803321331603,0.0011425727844835633,0.5428207803745496,1.3615560903540007,1.000000000000004,0.08619583593067376,1.1303940237646009,0.2485991494481638,1.3789931732127647,1.4651890091434385,-4.440892098500626e-16,0.0021048803321331603,0.7578763445387389,0.0008135466255942885,0.23920522850353745,0.9970815730422763,0.24001877512913172,1.0000000000000038
task-v2-9f1427c2fbd8,g-3ff7063ef9ea5cfb,v2-S4-b000-g-3ff7063ef9ea5cfb,S4,D5,16,9.1552734375e-05,4.038328680240055,P3_RANDOM_ORIGINAL,2207,3,120,terminal,"[5.447360224932832, 4.743764009413735, 3.0533077037522633, 0.8414928754585841, -0.02612517264046138, 2.03271771779816]",1.2828260233031794,0.0032872178480296,0.0016066476894754426,0.48875607390562437,1.5551571665127695,1.0000000000000022,0.0660599135964946,1.0964571136116963,0.12030899609498961,1.216766109706686,1.2828260233031805,1.1102230246251565e-15,0.0032872178480296004,0.8781981986125154,0.0012049186017420634,0.11730966493771498,0.9955078635502304,0.11851458353945704,1.000000000000002
task-v2-9f1427c2fbd8,g-3ff7063ef9ea5cfb,v2-S4-b000-g-3ff7063ef9ea5cfb,S4,D5,16,9.1552734375e-05,4.038328680240055,P3_RANDOM_ORIGINAL,3301,3,120,terminal,"[2.6531425440825, 3.880399119923212, 3.136087856735759, 0.38362186979174673, 2.891406160022687, 2.467035275311777]",1.5503462003284736,0.006094605619050913,0.003275922900103743,0.5375118760537435,1.8232742879776382,0.9999999999999984,0.09392309412048838,1.122273314667197,0.3341497915407875,1.4564231062079847,1.5503462003284731,-4.440892098500626e-16,0.006094605619050913,0.6720299813094057,0.001211549816958125,0.32066386325458374,0.9926938445639895,0.3218754130715419,0.9999999999999986
task-v2-07b8f456a957,g-3ff7063ef9ea5cfb,v2-S4-b000-g-3ff7063ef9ea5cfb,S4,D6,16,0.0001220703125,3.9133899436317554,P2_RANDOM_ORIGINAL,1103,2,120,terminal,"[2.3413935938301136, 4.482997935421066, 2.2498782787312113, 0.09524867206701002]",1.8670900523509801,0.004304501550406184,0.0014478666802359263,0.33636105441739284,1.5473128122109383,0.9999999999999998,0.17668732973733986,1.235472930936319,0.4549297916773215,1.6904027226136407,1.8670900523509806,4.440892098500626e-16,0.004304501550406184,0.5872605414567783,9.164087526508224e-05,0.4083433161175501,0.9956038575743285,0.4084349569928152,0.9999999999999996
task-v2-07b8f456a957,g-3ff7063ef9ea5cfb,v2-S4-b000-g-3ff7063ef9ea5cfb,S4,D6,16,0.0001220703125,3.9133899436317554,P2_RANDOM_ORIGINAL,2207,2,120,terminal,"[5.437078136252932, 4.171705917822636, 2.4287773603919556, 0.11332324323113886]",1.579760419530829,0.014847563608249497,0.00624921554916382,0.420891650242985,2.0850451381400057,1.0000000000000022,0.1365304457622402,1.1342395416854556,0.3089904320831334,1.443229973768589,1.5797604195308292,2.220446049250313e-16,0.014847563608249495,0.688554610238168,0.0011950254940121935,0.2954028006595726,0.9839574108977406,0.29659782615358476,1.0000000000000022
task-v2-07b8f456a957,g-3ff7063ef9ea5cfb,v2-S4-b000-g-3ff7063ef9ea5cfb,S4,D6,16,0.0001220703125,3.9133899436317554,P2_RANDOM_ORIGINAL,3301,2,120,terminal,"[2.751854310985398, 3.9822176540998773, 2.2493765706924034, 0.08596923530720434]",1.8703129311423388,0.004213041213112258,0.0014543375598621068,0.34519898721516623,1.5379856511658405,0.9999999999999974,0.1731760757650519,1.2283754389003714,0.46876141647691566,1.697136855377287,1.8703129311423388,0.0,0.004213041213112258,0.5756901098265694,0.00011616451048403934,0.4199806844498316,0.995670794276401,0.4200968489603156,0.9999999999999973
task-v2-07b8f456a957,g-3ff7063ef9ea5cfb,v2-S4-b000-g-3ff7063ef9ea5cfb,S4,D6,16,0.0001220703125,3.9133899436317554,P3_CONTINUATION_B1,1103,3,120,terminal,"[2.7545577204112894, 4.4194492767033315, 0.018888714495850088, 2.2316326108605216, 0.08912349155167579, -0.0008168198975975181]",1.8598748484463499,0.00434826268069743,0.0014658574292917995,0.3371133569733387,1.5517057157827854,1.0000000000000024,0.17406974902646782,1.2325990684857528,0.45320603093412887,1.6858050994198817,1.8598748484463494,-4.440892098500626e-16,0.00434826268069743,0.5921737353455667,0.00010975103637458442,0.4033682509373636,0.9955419862829303,0.4034780019737383,1.0000000000000022
task-v2-07b8f456a957,g-3ff7063ef9ea5cfb,v2-S4-b000-g-3ff7063ef9ea5cfb,S4,D6,16,0.0001220703125,3.9133899436317554,P3_CONTINUATION_B1,2207,3,120,terminal,"[6.321788126875408, 4.241860050347122, 0.0708692000962805, 2.4707723041137646, 0.1219430572671619, -0.02617791623030647]",1.3786348177288885,0.02281669899173949,0.009331110155683742,0.4089596904031542,2.2716427566600044,1.0000000000000002,0.1155503019133427,1.096470357745206,0.16661415807033914,1.263084515815545,1.3786348177288876,-8.881784197001252e-16,0.022816698991739492,0.8146718246528253,0.0020002873217209627,0.1605111890337143,0.9751830136865397,0.16251147635543525,1.0
task-v2-07b8f456a957,g-3ff7063ef9ea5cfb,v2-S4-b000-g-3ff7063ef9ea5cfb,S4,D6,16,0.0001220703125,3.9133899436317554,P3_CONTINUATION_B1,3301,3,120,terminal,"[2.6700271662682646, 4.450590174456873, 0.031970512691751364, 2.233440565736603, 0.10410659426585696, -0.014680394391469431]",1.8590139078493326,0.004358814464758364,0.0014696952310258376,0.3371777447534262,1.552758327068683,0.9999999999999982,0.17449471185828436,1.2331750101130199,0.4513441858780288,1.6845191959910486,1.859013907849333,4.440892098500626e-16,0.004358814464758364,0.593442552639895,0.00010029700887807036,0.4020983358864668,0.9955408885263618,0.40219863289534485,0.9999999999999982
task-v2-07b8f456a957,g-3ff7063ef9ea5cfb,v2-S4-b000-g-3ff7063ef9ea5cfb,S4,D6,16,0.0001220703125,3.9133899436317554,P3_CONTINUATION_B2,2207,3,240,terminal,"[6.534919006598717, 4.322560275078763, 0.12925772923604392, 2.449390550830835, 0.19246436151938454, -0.08860851237204695]",1.3413205483545072,0.026213158761996282,0.010527245333117967,0.4016015554897687,2.3319093014820713,1.0000000000000018,0.11064723427998699,1.0912293310763812,0.13944398299813732,1.2306733140745185,1.3413205483545054,-1.7763568394002505e-15,0.026213158761996286,0.837899015316373,0.0019240971348238162,0.1339637287868086,0.9718627441031816,0.1358878259216324,1.0000000000000016
task-v2-07b8f456a957,g-3ff7063ef9ea5cfb,v2-S4-b000-g-3ff7063ef9ea5cfb,S4,D6,16,0.0001220703125,3.9133899436317554,P3_CONTINUATION_B4,2207,3,480,terminal,"[6.824178993426679, 4.452721747833489, 0.2733870376535773, 2.4467973871736475, 0.31736157832679174, -0.21360795417311904]",1.301755984043548,0.03268188479442689,0.01281235297383361,0.3920322543949011,2.4276970383775445,1.000000000000001,0.10417737705803164,1.0794067547540176,0.11817185223149913,1.1975786069855168,1.3017559840435484,4.440892098500626e-16,0.03268188479442689,0.8524961254739436,0.0018402731572574125,0.1129817165743733,0.9654778420483169,0.11482198973163071,1.0000000000000013
task-v2-07b8f456a957,g-3ff7063ef9ea5cfb,v2-S4-b000-g-3ff7063ef9ea5cfb,S4,D6,16,0.0001220703125,3.9133899436317554,P3_NELDER_MEAD_B1,2207,3,120,terminal,"[7.091371635628222, 4.494271128681374, -0.00035358353191427606, 2.4257518034182217, 0.09474530735449532, -0.0005291786669083794]",1.3158137547357454,0.023757835384212368,0.009193817956162097,0.3869804553941645,2.289196812452828,0.9999999999999986,0.10178161228002205,1.0908538125114347,0.12317832994428966,1.2140321424557243,1.3158137547357465,1.1102230246251565e-15,0.023757835384212368,0.8569990754901411,0.0017920224486536684,0.11745106667699146,0.9744501421671325,0.11924308912564513,0.9999999999999986
task-v2-07b8f456a957,g-3ff7063ef9ea5cfb,v2-S4-b000-g-3ff7063ef9ea5cfb,S4,D6,16,0.0001220703125,3.9133899436317554,P3_RANDOM_ORIGINAL,1103,3,120,terminal,"[1.4861990667676594, 4.040273992937629, 4.188945439274403, 0.7810643478366023, 3.1414734143302447, 2.214403646622431]",1.4097168265151274,0.0024811563027167622,0.0013060832335365835,0.5264010300787891,1.3080440675449263,0.9999999999999993,0.08692726423962213,1.130645262849118,0.1921442994263869,1.3227895622755048,1.409716826515127,-4.440892098500626e-16,0.0024811563027167622,0.8123966941279919,0.0004053730662017493,0.18471677650308904,0.9971134706310809,0.1851221495692908,0.9999999999999993
task-v2-07b8f456a957,g-3ff7063ef9ea5cfb,v2-S4-b000-g-3ff7063ef9ea5cfb,S4,D6,16,0.0001220703125,3.9133899436317554,P3_RANDOM_ORIGINAL,2207,3,120,terminal,"[5.534726892279264, 3.8094581256187854, 2.854939893289556, 0.7520589280344411, 0.008712859888947095, 1.9927745237930987]",1.2859528882613627,0.0013857991656339701,0.00024986902921876977,0.18030681170489854,1.055090239147928,0.9999999999999972,0.0717472246546103,1.104493318877604,0.1097123447291484,1.2142056636067524,1.2859528882613627,0.0,0.0013857991656339701,0.8901196658300842,0.0005779749017217049,0.10791656010255748,0.9980362259326419,0.1084945350042792,0.9999999999999973
task-v2-07b8f456a957,g-3ff7063ef9ea5cfb,v2-S4-b000-g-3ff7063ef9ea5cfb,S4,D6,16,0.0001220703125,3.9133899436317554,P3_RANDOM_ORIGINAL,3301,3,120,terminal,"[2.58352459827236, 3.870309469255933, 3.170801939035946, 0.3792502914837336, 2.9105164325466757, 2.481807122841323]",1.5400514118247657,0.007383599491839095,0.003594079550046729,0.4867652361181256,1.7816580748779942,0.9999999999999994,0.10124151054573273,1.1285859309330561,0.3102239703459767,1.4388099012790327,1.5400514118247655,-2.220446049250313e-16,0.007383599491839095,0.6943333505685086,0.0009132968832702394,0.29736975305638147,0.9917031036248901,0.2982830499396517,0.9999999999999994
task-v2-b5e00db3fe1a,g-3ff7063ef9ea5cfb,v2-S4-b000-g-3ff7063ef9ea5cfb,S4,D7,16,0.0001373291015625,3.8622374211843744,P2_RANDOM_ORIGINAL,1103,2,120,terminal,"[2.300300982539269, 4.442745398995102, 2.2343038136424895, 0.09165869751592806]",1.8352987326486065,0.004249688497405303,0.0014565190277447482,0.34273548017320393,1.4905945185720941,0.9999999999999997,0.1765909484252725,1.2369752620212195,0.4217325222021143,1.658707784223334,1.8352987326486065,0.0,0.004249688497405303,0.6187625056019109,0.0,0.37698780590068326,0.9957503115025941,0.37698780590068326,0.9999999999999994
task-v2-b5e00db3fe1a,g-3ff7063ef9ea5cfb,v2-S4-b000-g-3ff7063ef9ea5cfb,S4,D7,16,0.0001373291015625,3.8622374211843744,P2_RANDOM_ORIGINAL,2207,2,120,terminal,"[5.535584271122773, 4.160638289638407, 2.4431431169128643, 0.10750746679110089]",1.5434762687969839,0.015945350334882483,0.006684415179863665,0.4192077965976486,2.0648714867410782,0.9999999999999993,0.1365933356610033,1.1317313023297957,0.27515163080618527,1.406882933135981,1.5434762687969843,4.440892098500626e-16,0.015945350334882483,0.7193020157773454,0.0,0.26475263388777137,0.9840546496651168,0.26475263388777137,0.9999999999999993
task-v2-b5e00db3fe1a,g-3ff7063ef9ea5cfb,v2-S4-b000-g-3ff7063ef9ea5cfb,S4,D7,16,0.0001373291015625,3.8622374211843744,P2_RANDOM_ORIGINAL,3301,2,120,terminal,"[2.5836030223586706, 3.977940502714396, 2.2406329922659984, 0.08611558495832809]",1.8478810619972132,0.004230488898700701,0.001511004008089803,0.3571700681105377,1.488627980932624,0.9999999999999981,0.1746183187768929,1.232048356496982,0.44121438672333874,1.6732627432203206,1.8478810619972135,2.220446049250313e-16,0.004230488898700702,0.6017826020389329,0.0,0.39398690906236455,0.9957695111012974,0.39398690906236455,0.9999999999999981
task-v2-b5e00db3fe1a,g-3ff7063ef9ea5cfb,v2-S4-b000-g-3ff7063ef9ea5cfb,S4,D7,16,0.0001373291015625,3.8622374211843744,P3_CONTINUATION_B1,1103,3,120,terminal,"[2.3251903096142215, 4.408931616952198, 0.0008340618776189873, 2.2365116538404495, 0.09408250466691931, 0.00010541399529685627]",1.8343944141673583,0.004383040950666555,0.0015049385597339232,0.34335489370799926,1.504012949462206,0.9999999999999999,0.17650277561908673,1.2365940689651822,0.42129756958308784,1.65789163854827,1.8343944141673567,-1.5543122344752192e-15,0.004383040950666555,0.6195036023384457,0.0,0.3761133567108875,0.9956169590493333,0.3761133567108875,0.9999999999999998
task-v2-b5e00db3fe1a,g-3ff7063ef9ea5cfb,v2-S4-b000-g-3ff7063ef9ea5cfb,S4,D7,16,0.0001373291015625,3.8622374211843744,P3_CONTINUATION_B1,2207,3,120,terminal,"[6.447059213417792, 4.650496506521095, 0.48425410853453615, 2.444916999219464, 0.29235519608515576, -0.18165913128368877]",1.3012890180956682,0.03672262975599877,0.014153294508105915,0.3854107018518717,2.427171195228416,0.9999999999999997,0.11099503330068233,1.082049926055054,0.10824405873993279,1.1902939847949867,1.301289018095669,8.881784197001252e-16,0.03672262975599877,0.8581196954533699,0.0,0.10515767479063104,0.9632773702440008,0.10515767479063104,0.9999999999999998
task-v2-b5e00db3fe1a,g-3ff7063ef9ea5cfb,v2-S4-b000-g-3ff7063ef9ea5cfb,S4,D7,16,0.0001373291015625,3.8622374211843744,P3_CONTINUATION_B1,3301,3,120,terminal,"[2.4870040076418207, 4.4499038730329294, 0.03337645651858129, 2.2267305876228027, 0.10155545817286273, -0.011656057538242736]",1.8339670039748381,0.004328528534186072,0.0014790087621997172,0.34168857858247365,1.4985777059691163,0.9999999999999984,0.1758154961313357,1.2364133261455008,0.4217381816980008,1.6581515078435016,1.8339670039748373,-8.881784197001252e-16,0.004328528534186072,0.6209214332528454,0.0,0.37475003821296704,0.9956714714658124,0.37475003821296704,0.9999999999999986
task-v2-b5e00db3fe1a,g-3ff7063ef9ea5cfb,v2-S4-b000-g-3ff7063ef9ea5cfb,S4,D7,16,0.0001373291015625,3.8622374211843744,P3_CONTINUATION_B2,2207,3,240,terminal,"[6.635447689036535, 4.721119896673996, 0.47074554828923376, 2.43745639071352, 0.31864066232693117, -0.21021808897072367]",1.2851597321490258,0.03693507634500699,0.01402124075470619,0.3796185670156772,2.4296764222314025,1.0000000000000016,0.10663947044455876,1.0792083602665317,0.0993119014379352,1.1785202617044668,1.2851597321490256,-2.220446049250313e-16,0.036935076345006985,0.8666041166561644,0.0,0.09646080699883015,0.9630649236549945,0.09646080699883015,1.0000000000000016
task-v2-b5e00db3fe1a,g-3ff7063ef9ea5cfb,v2-S4-b000-g-3ff7063ef9ea5cfb,S4,D7,16,0.0001373291015625,3.8622374211843744,P3_CONTINUATION_B4,2207,3,480,terminal,"[6.79492403850831, 4.769881408591267, 0.4703193069264626, 2.4301395558699985, 0.3024910183265985, -0.19677539866557414]",1.2782616052309717,0.0372411426335431,0.013855374207436079,0.3720448199931584,2.4332604187307822,1.0000000000000002,0.10430770716728782,1.077862926980372,0.09609097108331141,1.1739538980636832,1.278261605230971,-6.661338147750939e-16,0.0372411426335431,0.8695659161675979,0.0,0.09319294119885912,0.962758857366457,0.09319294119885912,1.0
task-v2-b5e00db3fe1a,g-3ff7063ef9ea5cfb,v2-S4-b000-g-3ff7063ef9ea5cfb,S4,D7,16,0.0001373291015625,3.8622374211843744,P3_NELDER_MEAD_B1,2207,3,120,terminal,"[7.0549739279760875, 4.50719880795174, -1.885370562878366e-05, 2.4355093176134495, 0.09344543345704842, -0.0006781589058589572]",1.3005324352395244,0.02655988677208822,0.009628651031152756,0.3625260571995925,2.286463640435998,0.9999999999999973,0.10357749250762577,1.0895782665753828,0.10737667615651579,1.1969549427318986,1.3005324352395244,0.0,0.02655988677208822,0.8695503811414321,0.0,0.103889732086477,0.973440113227909,0.103889732086477,0.9999999999999973
task-v2-b5e00db3fe1a,g-3ff7063ef9ea5cfb,v2-S4-b000-g-3ff7063ef9ea5cfb,S4,D7,16,0.0001373291015625,3.8622374211843744,P3_RANDOM_ORIGINAL,1103,3,120,terminal,"[1.3522774760514291, 3.992539387221478, 4.1985445260167555, 0.7653233984187949, 3.136429980125834, 2.243269124423795]",1.3923781098684005,0.00339688202558977,0.0015078188749534692,0.44388320335961046,1.3933178851797863,1.0000000000000027,0.08761003263371173,1.1288453090125192,0.17592276822217032,1.3047680772346895,1.3923781098684012,6.661338147750939e-16,0.00339688202558977,0.826940408044389,0.0,0.16966270993002414,0.9966031179744129,0.16966270993002414,1.0000000000000029
task-v2-b5e00db3fe1a,g-3ff7063ef9ea5cfb,v2-S4-b000-g-3ff7063ef9ea5cfb,S4,D7,16,0.0001373291015625,3.8622374211843744,P3_RANDOM_ORIGINAL,2207,3,120,terminal,"[6.037886904229461, 4.499669512934953, 2.85554256783166, 0.7961210204081434, -0.026118528707803366, 2.0120192117507965]",1.2283019311873167,0.003110431311200712,0.0011153932319734553,0.35859760926303264,1.3550580362840936,1.0000000000000024,0.06593681796909948,1.0962373184691496,0.06612779474906683,1.1623651132182165,1.228301931187316,-6.661338147750939e-16,0.0031104313112007118,0.9314530006730494,0.0,0.06543656801575261,0.9968895686888019,0.06543656801575261,1.0000000000000027
task-v2-b5e00db3fe1a,g-3ff7063ef9ea5cfb,v2-S4-b000-g-3ff7063ef9ea5cfb,S4,D7,16,0.0001373291015625,3.8622374211843744,P3_RANDOM_ORIGINAL,3301,3,120,terminal,"[2.4977068813092096, 3.7845921812664125, 3.2122993831419118, 0.35385904974651183, 2.9574699370439825, 2.4395275913622223]",1.5278685996489543,0.00729445233563727,0.0032917231816713146,0.45126392362446466,1.7252301119938043,0.9999999999999993,0.10202818706991953,1.1332901537585025,0.2925502588205322,1.4258404125790347,1.5278685996489543,0.0,0.00729445233563727,0.7117381388076904,0.0,0.28096740885667176,0.9927055476643621,0.28096740885667176,0.9999999999999996
task-v2-59a464f36e13,g-bd62d2d752385cc7,v2-S4-b001-g-bd62d2d752385cc7,S4,D1,16,1.52587890625e-05,4.816479930623699,P2_RANDOM_ORIGINAL,1103,2,120,terminal,"[4.512211673038156, 3.9304391078697862, 0.42840996606582415, -1.0352903038052013]",1.698750440470401,0.0014027996531793565,0.0014027996531793565,1.0,1.9634755804605448,1.0000000000000007,0.06858268834888624,1.0930619370986308,0.5371058150228816,1.6301677521215123,1.6987504404703986,-2.4424906541753444e-15,0.0014027996531793565,0.46924277573838197,0.003341508739797363,0.526012915868642,0.9952556916070242,0.5293544246084394,1.0000000000000007
task-v2-59a464f36e13,g-bd62d2d752385cc7,v2-S4-b001-g-bd62d2d752385cc7,S4,D1,16,1.52587890625e-05,4.816479930623699,P2_RANDOM_ORIGINAL,2207,2,120,terminal,"[5.291018513749455, 4.0288023231111945, 3.1521187102059898, -0.7736586421575486]",1.7205705641949707,0.0016900544212418627,0.0016900544212418627,1.0,2.0443806201276113,0.9999999999999987,0.07396344892309017,1.0987755214128674,0.5478315938590134,1.6466071152718809,1.7205705641949711,4.440892098500626e-16,0.0016900544212418627,0.4605988553121757,0.006050800832237014,0.5316602894343442,0.9922591447465199,0.5377110902665811,0.9999999999999988
task-v2-59a464f36e13,g-bd62d2d752385cc7,v2-S4-b001-g-bd62d2d752385cc7,S4,D1,16,1.52587890625e-05,4.816479930623699,P2_RANDOM_ORIGINAL,3301,2,120,terminal,"[5.3690328735065425, 3.8945786734393733, 2.3283792101969993, 0.12479535038857366]",1.9172856306326176,0.0014433649974096843,0.0014433649974096843,1.0,1.9758560997743497,1.0000000000000007,0.1195616247965602,1.1259793168498917,0.6717446889861647,1.7977240058360564,1.9172856306326167,-8.881784197001252e-16,0.0014433649974096843,0.35597181873429096,0.009458969360016297,0.6331258469082839,0.9890976656425747,0.6425848162683001,1.0000000000000009
task-v2-59a464f36e13,g-bd62d2d752385cc7,v2-S4-b001-g-bd62d2d752385cc7,S4,D1,16,1.52587890625e-05,4.816479930623699,P3_CONTINUATION_B1,1103,3,120,terminal,"[5.2447289424005, 4.600263663349119, 0.4533297187476489, 0.6171159717936815, -0.9825378965148791, -0.1765861188288323]",1.51181256356806,0.0024640367152609435,0.0024640367152609435,1.0,2.2081271053484057,1.0000000000000013,0.05530649992788653,1.0830865143979467,0.3734195492422262,1.4565060636401728,1.5118125635680593,-6.661338147750939e-16,0.0024640367152609435,0.6286209108154585,0.003003206220030607,0.3659118462492513,0.9945327570647098,0.3689150524692819,1.0000000000000013
task-v2-59a464f36e13,g-bd62d2d752385cc7,v2-S4-b001-g-bd62d2d752385cc7,S4,D1,16,1.52587890625e-05,4.816479930623699,P3_CONTINUATION_B1,2207,3,120,terminal,"[5.3047634346511385, 3.862306539431566, 0.47636302441870115, 3.392722456805539, -0.7270218228406777, -0.23653890422245588]",1.6243421411655998,0.0028412930676539674,0.0028412930676539674,1.0,2.269995962340522,1.0000000000000007,0.06699468662119448,1.0909385762728392,0.46640887827156685,1.5573474545444062,1.6243421411656005,6.661338147750939e-16,0.0028412930676539674,0.539398377111886,0.008335016363715256,0.4494253134567455,0.9888236905686314,0.4577603298204608,1.0000000000000009
task-v2-59a464f36e13,g-bd62d2d752385cc7,v2-S4-b001-g-bd62d2d752385cc7,S4,D1,16,1.52587890625e-05,4.816479930623699,P3_CONTINUATION_B1,3301,3,120,terminal,"[6.249594261950171, 4.384863089961471, 0.4870940964055756, 2.330456637702271, 0.31009927517240904, -0.18988671810292654]",1.7250204685672972,0.003952874497561219,0.003952874497561219,1.0,2.4133929564814998,1.0000000000000004,0.09706729840658496,1.098893691563157,0.5290594785975552,1.6279531701607124,1.7250204685672972,0.0,0.003952874497561219,0.48606492803439205,0.014681540751419081,0.4953006567166281,0.9813655847510201,0.5099821974680472,1.0000000000000004
task-v2-59a464f36e13,g-bd62d2d752385cc7,v2-S4-b001-g-bd62d2d752385cc7,S4,D1,16,1.52587890625e-05,4.816479930623699,P3_CONTINUATION_B2,1103,3,240,terminal,"[5.322110699431517, 4.878527651619785, 1.1613568080336272, 0.7034754977235903, -1.0780377673868822, -0.1697111915512956]",1.4136582561021873,0.003685171123071012,0.003685171123071012,1.0,2.382937590004643,1.000000000000003,0.051633631953880876,1.078853249305387,0.2831713748429195,1.3620246241483065,1.4136582561021873,0.0,0.003685171123071012,0.7172654159002818,0.0030847597320471155,0.275964653244603,0.9932300691448848,0.2790494129766501,1.0000000000000029
task-v2-59a464f36e13,g-bd62d2d752385cc7,v2-S4-b001-g-bd62d2d752385cc7,S4,D1,16,1.52587890625e-05,4.816479930623699,P3_CONTINUATION_B4,1103,3,480,terminal,"[5.352225722906233, 5.298991010020529, 1.3000940397135476, 0.738190601447093, -1.1115029109103984, -0.15712082309768063]",1.3951436068701004,0.003206891150697769,0.003206891150697769,1.0,2.3225641498431964,0.9999999999999969,0.050337951645997386,1.0798202796340135,0.26498537559009006,1.3448056552241034,1.3951436068701009,4.440892098500626e-16,0.003206891150697769,0.7356041122673525,0.00194197231934629,0.25924702426260005,0.9948511365299527,0.26118899658194633,0.9999999999999966
task-v2-59a464f36e13,g-bd62d2d752385cc7,v2-S4-b001-g-bd62d2d752385cc7,S4,D1,16,1.52587890625e-05,4.816479930623699,P3_NELDER_MEAD_B1,1103,3,120,terminal,"[6.033667017322152, 8.391203107311297, -0.0015174436887030879, 0.8376092219795479, -1.1790712349116732, -0.0047056683471943745]",1.4603594335263455,2.5120299615473314e-05,2.5120299615473314e-05,1.0,0.21650474564788458,0.9999999999999987,0.044837023376726355,1.0805177792539808,0.3350046308956358,1.4155224101496167,1.460359433526343,-2.4424906541753444e-15,2.5120299615473314e-05,0.6673606927140304,0.0034537658252492033,0.3291604211611039,0.9965211138751342,0.33261418698635314,0.999999999999999
task-v2-59a464f36e13,g-bd62d2d752385cc7,v2-S4-b001-g-bd62d2d752385cc7,S4,D1,16,1.52587890625e-05,4.816479930623699,P3_RANDOM_ORIGINAL,1103,3,120,terminal,"[2.9896297108825127, 4.4418517219352625, 4.96077510239648, 0.9512658840059832, 2.7997296153959623, 2.387481385791759]",1.5398282466424114,0.00030407551405947555,0.00030407551405947555,1.0,1.2994613802416792,1.0000000000000022,0.05253642351934387,1.0830747614177976,0.4042170617052678,1.4872918231230654,1.5398282466424094,-1.9984014443252818e-15,0.00030407551405947555,0.5997856846639038,0.003619801139186701,0.3962904386828524,0.9960761233467562,0.39991023982203916,1.0000000000000022
task-v2-59a464f36e13,g-bd62d2d752385cc7,v2-S4-b001-g-bd62d2d752385cc7,S4,D1,16,1.52587890625e-05,4.816479930623699,P3_RANDOM_ORIGINAL,2207,3,120,terminal,"[4.74341190894741, 4.525535790212197, 3.0819160992838275, -0.15577988008986232, 0.7701822292844511, 1.7644908203591696]",1.680208763142972,0.001488565172982313,0.001488565172982313,1.0,1.9892477844851555,0.9999999999999987,0.06875674508852739,1.098767761591365,0.5126842564630804,1.6114520180544454,1.6802087631429727,6.661338147750939e-16,0.001488565172982313,0.4941330908600179,0.0035858153588021503,0.5007925286081962,0.9949256194682142,0.5043783439669984,0.9999999999999986
task-v2-59a464f36e13,g-bd62d2d752385cc7,v2-S4-b001-g-bd62d2d752385cc7,S4,D1,16,1.52587890625e-05,4.816479930623699,P3_RANDOM_ORIGINAL,3301,3,120,terminal,"[3.2302634968642687, 4.276462688466486, 1.6181041188613607, 0.5076719241929333, 2.239536632207701, 2.9459012331126964]",1.554118631450407,0.0041731467141265695,0.0041731467141265695,1.0,2.4369435839708093,0.9999999999999977,0.06726823607564911,1.080479499864691,0.40637089551006533,1.4868503953747563,1.5541186314504054,-1.5543122344752192e-15,0.0041731467141265695,0.5995813827066915,0.011731279250057175,0.38451419132912246,0.984095574035814,0.3962454705791797,0.9999999999999977
task-v2-a2561503b5d0,g-bd62d2d752385cc7,v2-S4-b001-g-bd62d2d752385cc7,S4,D2,16,3.0517578125e-05,4.515449934959718,P2_RANDOM_ORIGINAL,1103,2,120,terminal,"[2.68412702054293, 5.249363752773528, 3.188827735811626, -0.7909104594807059]",1.5606313946049768,0.00393899117854681,0.0022961116992394172,0.5829187208503749,2.1108349431583666,1.0,0.08531854557041157,1.103916425082858,0.37139642395170586,1.4753128490345637,1.5606313946049752,-1.5543122344752192e-15,0.00393899117854681,0.6327391149361532,0.003515430057925936,0.35980646382737413,0.9925455787635273,0.36332189388530006,1.0
task-v2-a2561503b5d0,g-bd62d2d752385cc7,v2-S4-b001-g-bd62d2d752385cc7,S4,D2,16,3.0517578125e-05,4.515449934959718,P2_RANDOM_ORIGINAL,2207,2,120,terminal,"[5.34222760112521, 4.212479534895196, 2.3365333010306846, 0.10393585706282553]",1.7453037910749445,0.004375681002862103,0.001372534330098227,0.3136733068979347,2.156495588379584,1.0000000000000018,0.12785782394990475,1.133602688823676,0.4838432783013625,1.6174459671250385,1.7453037910749434,-1.1102230246251565e-15,0.004375681002862103,0.5305164981322879,0.006045135438031738,0.45906268542682016,0.989579183559108,0.46510782086485186,1.0000000000000018
task-v2-a2561503b5d0,g-bd62d2d752385cc7,v2-S4-b001-g-bd62d2d752385cc7,S4,D2,16,3.0517578125e-05,4.515449934959718,P2_RANDOM_ORIGINAL,3301,2,120,terminal,"[5.034280354286156, 3.7126374294697504, 2.359884500089478, 0.10421524253570232]",1.824764564124827,0.0028432608202754142,0.00038675768761070264,0.1360261024429124,1.969266635526279,0.9999999999999998,0.1360841025151801,1.1383877546044459,0.5502927070051997,1.6886804616096456,1.8247645641248258,-1.1102230246251565e-15,0.0028432608202754142,0.4687075607248782,0.005870022257262632,0.5225791561975835,0.9912867169224617,0.5284491784548462,0.9999999999999998
task-v2-a2561503b5d0,g-bd62d2d752385cc7,v2-S4-b001-g-bd62d2d752385cc7,S4,D2,16,3.0517578125e-05,4.515449934959718,P3_CONTINUATION_B1,1103,3,120,terminal,"[3.2570923252803157, 5.163948488496895, -0.4805207681101778, 3.1418062427045297, -0.9697845029915197, 0.2133267983964785]",1.471458518066532,0.005237882603771489,0.002884864710960356,0.5507692571962449,2.2346056953517968,1.000000000000001,0.0788749295343095,1.0961726261455567,0.296410962386665,1.3925835885322218,1.4714585180665312,-8.881784197001252e-16,0.005237882603771489,0.7055360239396211,0.004464994339447553,0.28476109911716097,0.990297123056782,0.2892260934566085,1.000000000000001
task-v2-a2561503b5d0,g-bd62d2d752385cc7,v2-S4-b001-g-bd62d2d752385cc7,S4,D2,16,3.0517578125e-05,4.515449934959718,P3_CONTINUATION_B1,2207,3,120,terminal,"[6.164576918276806, 4.251766013458689, -0.024245460179007562, 2.3765730465327026, 0.0926242314441339, 0.013683572797962496]",1.5953504737257624,0.006703176683200918,0.002419299067611171,0.36091829023010347,2.3417306016946244,0.9999999999999987,0.11101806726501848,1.1071929114040888,0.37713949505665517,1.484332406460744,1.5953504737257624,0.0,0.006703176683200918,0.6274640954147765,0.008726763731943485,0.35710596417007767,0.9845700595848542,0.36583272790202115,0.9999999999999986
task-v2-a2561503b5d0,g-bd62d2d752385cc7,v2-S4-b001-g-bd62d2d752385cc7,S4,D2,16,3.0517578125e-05,4.515449934959718,P3_CONTINUATION_B1,3301,3,120,terminal,"[5.882556052796986, 4.268905758500504, -0.012180316915360995, 2.365435629035558, 0.054936178852820934, 0.04484800464967788]",1.6451873496599547,0.005692458579978952,0.0020392513761172096,0.35823736746886436,2.270749814202625,0.9999999999999988,0.11597641954188646,1.1153366388927024,0.41387429122536634,1.5292109301180687,1.6451873496599552,4.440892098500626e-16,0.005692458579978952,0.5935311499802782,0.007773817467066406,0.3930025739726752,0.9865337239529535,0.40077639143974153,0.9999999999999987
task-v2-a2561503b5d0,g-bd62d2d752385cc7,v2-S4-b001-g-bd62d2d752385cc7,S4,D2,16,3.0517578125e-05,4.515449934959718,P3_CONTINUATION_B2,1103,3,240,terminal,"[3.1848726626137216, 5.041631488386955, -1.0222904989889308, 3.133483910209076, -0.8810562758011778, 0.16740793035299995]",1.4253032090366624,0.0071666276919944965,0.003169173750046691,0.4422126956011439,2.3707647783141144,0.9999999999999998,0.07848024159289038,1.0885998866427224,0.2582230808010464,1.3468229674437688,1.4253032090366593,-3.1086244689504383e-15,0.0071666276919944965,0.740910094613499,0.0062863335244488,0.2456369441700576,0.9865470387835564,0.2519232776945064,1.0
task-v2-a2561503b5d0,g-bd62d2d752385cc7,v2-S4-b001-g-bd62d2d752385cc7,S4,D2,16,3.0517578125e-05,4.515449934959718,P3_CONTINUATION_B4,1103,3,480,terminal,"[3.0600307893428096, 4.8794838252591655, -1.3241351789499916, 3.1451759540923545, -0.8172331718305061, 0.1425035568432989]",1.4136567870718206,0.009753057774818247,0.0040957340717485136,0.41994358757142086,2.5045907318413985,1.0000000000000027,0.08103913480479728,1.079836216355882,0.2527814359111402,1.3326176522670221,1.4136567870718193,-1.3322676295501878e-15,0.009753057774818247,0.7433621869665794,0.00917234517562919,0.23771241008297567,0.9810745970495551,0.24688475525860487,1.0000000000000024
task-v2-a2561503b5d0,g-bd62d2d752385cc7,v2-S4-b001-g-bd62d2d752385cc7,S4,D2,16,3.0517578125e-05,4.515449934959718,P3_NELDER_MEAD_B1,1103,3,120,terminal,"[2.8713286122776336, 5.784065556384872, -0.000105463981963057, 3.139612202700322, -0.7674606665598223, 8.349247395737754e-05]",1.5505716312130047,0.004445254646387621,0.0027408533153344596,0.6165795963031676,2.163346579535535,1.0000000000000009,0.08371577654541458,1.102397311528836,0.3644585431387557,1.4668558546675916,1.5505716312130062,1.5543122344752192e-15,0.004445254646387621,0.6391336400988921,0.003898211117525981,0.3525228941371952,0.9916565342360872,0.35642110525472115,1.0000000000000009
task-v2-a2561503b5d0,g-bd62d2d752385cc7,v2-S4-b001-g-bd62d2d752385cc7,S4,D2,16,3.0517578125e-05,4.515449934959718,P3_RANDOM_ORIGINAL,1103,3,120,terminal,"[2.677291768285392, 4.507729359329801, 4.8798690742711806, 0.6497978958628776, 3.521883955702916, 1.9315019073031219]",1.3944291448611557,0.001751580276414492,0.0015620175483147037,0.8917761688389038,1.7588799811552016,1.000000000000001,0.0615275185925669,1.093863044283717,0.2390385819848707,1.3329016262685878,1.3944291448611548,-8.881784197001252e-16,0.001751580276414492,0.762390856655214,0.00046969549390801183,0.2353878675744645,0.9977787242296787,0.2358575630683725,1.0000000000000009
task-v2-a2561503b5d0,g-bd62d2d752385cc7,v2-S4-b001-g-bd62d2d752385cc7,S4,D2,16,3.0517578125e-05,4.515449934959718,P3_RANDOM_ORIGINAL,2207,3,120,terminal,"[4.7845835029230965, 4.85113606842255, 2.7390128968739273, 0.7489124496113305, 0.10912701663523804, 1.9469119978279221]",1.3430545443533883,0.0017413254344057244,0.0016303151946381476,0.9362495731273447,1.7563298784830756,0.999999999999998,0.05628924770214526,1.0872877175213342,0.19947757912991126,1.2867652966512455,1.3430545443533908,2.4424906541753444e-15,0.0017413254344057244,0.8006817568355562,0.0005688111944133592,0.1970081065356225,0.9976898633711786,0.19757691773003586,0.9999999999999978
task-v2-a2561503b5d0,g-bd62d2d752385cc7,v2-S4-b001-g-bd62d2d752385cc7,S4,D2,16,3.0517578125e-05,4.515449934959718,P3_RANDOM_ORIGINAL,3301,3,120,terminal,"[2.973010596895403, 3.8228173837277657, 3.113168827098673, 0.667546752985599, 2.856005767417153, 2.3397479233365543]",1.4795527341462424,0.0017960396412754864,0.001180859934466952,0.6574798837003093,1.7697658529241922,0.9999999999999984,0.07463995056021291,1.1022177016846673,0.30269508190136274,1.40491278358603,1.4795527341462429,4.440892098500626e-16,0.0017960396412754864,0.7056402401206995,0.0012799313739700713,0.29128378886405365,0.9969240289847531,0.2925637202380237,0.9999999999999987
task-v2-f6d986d24578,g-bd62d2d752385cc7,v2-S4-b001-g-bd62d2d752385cc7,S4,D3,16,4.57763671875e-05,4.339358675904037,P2_RANDOM_ORIGINAL,1103,2,120,terminal,"[2.647501350374748, 5.319563819718795, 3.1790621588205346, -0.78739489745014]",1.5510844743229253,0.005213609781040244,0.002300817215122592,0.4413098240473844,2.056497198654473,1.0000000000000004,0.08555322450094957,1.1042721085763516,0.36125914124562375,1.4655312498219755,1.5510844743229248,-4.440892098500626e-16,0.005213609781040244,0.6413089734376187,0.0022701899683151227,0.3512072268130263,0.9925162002506449,0.35347741678134137,1.0000000000000004
task-v2-f6d986d24578,g-bd62d2d752385cc7,v2-S4-b001-g-bd62d2d752385cc7,S4,D3,16,4.57763671875e-05,4.339358675904037,P2_RANDOM_ORIGINAL,2207,2,120,terminal,"[5.236161746479105, 4.1991827760952205, 2.354446167321232, 0.11018317647910121]",1.758745927609906,0.0056632093637948005,0.001486436205066765,0.26247240912010616,2.092421293306666,0.9999999999999989,0.1320526354986562,1.13372106643894,0.49297222567231064,1.6266932921112507,1.758745927609907,8.881784197001252e-16,0.0056632093637948005,0.5210158206985487,0.005363008123468118,0.46795796181418736,0.988973782512736,0.4733209699376555,0.999999999999999
task-v2-f6d986d24578,g-bd62d2d752385cc7,v2-S4-b001-g-bd62d2d752385cc7,S4,D3,16,4.57763671875e-05,4.339358675904037,P2_RANDOM_ORIGINAL,3301,2,120,terminal,"[5.708367919029502, 3.9937589813505925, 2.3854070761958712, 0.10852645605789317]",1.678917019365078,0.005973464595736156,0.0013850207731905828,0.23186222183005942,2.1155849699107403,1.0000000000000004,0.12186810162251921,1.117453867884261,0.43959504985829895,1.55704891774256,1.678917019365079,1.1102230246251565e-15,0.005973464595736156,0.568903007760614,0.006688991886641054,0.41843453575700934,0.9873375435176233,0.42512352764365036,1.0000000000000004
task-v2-f6d986d24578,g-bd62d2d752385cc7,v2-S4-b001-g-bd62d2d752385cc7,S4,D3,16,4.57763671875e-05,4.339358675904037,P3_CONTINUATION_B1,1103,3,120,terminal,"[3.1872217162409546, 5.31287139666951, 0.6248564507208789, 3.107353976876036, -0.5267090036225937, -0.217991205386327]",1.448191028335852,0.013043933202134836,0.005007518131600838,0.38389633356764524,2.4547672420254965,1.0000000000000007,0.07938867750968001,1.0832771842916538,0.28552516653451765,1.3688023508261713,1.4481910283358514,-4.440892098500626e-16,0.013043933202134836,0.7084530901397519,0.007509174579568815,0.27099380207854507,0.9794468922182968,0.27850297665811385,1.0000000000000004
task-v2-f6d986d24578,g-bd62d2d752385cc7,v2-S4-b001-g-bd62d2d752385cc7,S4,D3,16,4.57763671875e-05,4.339358675904037,P3_CONTINUATION_B1,2207,3,120,terminal,"[6.168044577193489, 4.410642820791682, 0.6095995958621512, 2.363564699901547, 0.3024535990262183, -0.1857172090013106]",1.5311388513405348,0.013004221193314475,0.0029494392258354665,0.2268062948169311,2.4534430238566185,1.0000000000000007,0.10531999812186597,1.097745094134282,0.3280737590843873,1.425818853218669,1.5311388513405353,4.440892098500626e-16,0.013004221193314475,0.6694569550900803,0.008088431384046257,0.30945039233255967,0.9789073474226402,0.3175388237166059,1.0000000000000007
task-v2-f6d986d24578,g-bd62d2d752385cc7,v2-S4-b001-g-bd62d2d752385cc7,S4,D3,16,4.57763671875e-05,4.339358675904037,P3_CONTINUATION_B1,3301,3,120,terminal,"[6.594646689023504, 4.502678533086699, 0.13427367505380783, 2.36694949576074, 0.21143205409032573, -0.11051204192918346]",1.507359507096223,0.010592454063067091,0.003380141007948112,0.31910839431758437,2.364355265150136,1.000000000000003,0.10239048501879713,1.10006343128028,0.3049055907971465,1.4049690220774265,1.5073595070962236,6.661338147750939e-16,0.010592454063067091,0.6931225786998232,0.006669141987144163,0.28961582524996876,0.982738403949792,0.2962849672371129,1.000000000000003
task-v2-f6d986d24578,g-bd62d2d752385cc7,v2-S4-b001-g-bd62d2d752385cc7,S4,D3,16,4.57763671875e-05,4.339358675904037,P3_CONTINUATION_B2,1103,3,240,terminal,"[3.1521943751662636, 5.166094748967427, 0.888944899993916, 3.124368751531464, -0.6100722765558201, -0.16626073598578736]",1.4268846120948129,0.012837222945257453,0.004466825900390238,0.34795889418127224,2.447829759606214,1.0000000000000013,0.07912019358221467,1.0852561025275715,0.26250831598502666,1.347764418512598,1.4268846120948129,0.0,0.012837222945257453,0.731670216789422,0.0076330443375844555,0.24785951592773767,0.9795297327171597,0.2554925602653221,1.0000000000000016
task-v2-f6d986d24578,g-bd62d2d752385cc7,v2-S4-b001-g-bd62d2d752385cc7,S4,D3,16,4.57763671875e-05,4.339358675904037,P3_CONTINUATION_B4,1103,3,480,terminal,"[2.9946292099135943, 5.054404373602434, 1.0384746713186943, 3.1380697673461344, -0.6340554078386264, -0.15600321367899267]",1.4195587310854534,0.01249973519883655,0.00415607935295577,0.33249339180742077,2.4362594886799163,1.0,0.07915274600779985,1.0853846269237457,0.2550213581539069,1.3404059850776526,1.4195587310854525,-8.881784197001252e-16,0.01249973519883655,0.7392841165835002,0.007827641009246553,0.2403885072084167,0.9796726237919169,0.24821614821766325,1.0
task-v2-f6d986d24578,g-bd62d2d752385cc7,v2-S4-b001-g-bd62d2d752385cc7,S4,D3,16,4.57763671875e-05,4.339358675904037,P3_NELDER_MEAD_B1,1103,3,120,terminal,"[2.7712239450252856, 5.830638497626138, -0.0003314740837927078, 3.139750344207971, -0.7660377972713173, 0.00013550418444909258]",1.5430876080258853,0.006029582816186727,0.002756282039914978,0.45712649182221965,2.119645940466112,1.000000000000001,0.08431298498045398,1.1023982230940472,0.35637639995138515,1.4587746230454324,1.5430876080258864,1.1102230246251565e-15,0.006029582816186727,0.6455598351318635,0.0024329017073155567,0.3459776803446354,0.9915375154764989,0.3484105820519509,1.0000000000000013
task-v2-f6d986d24578,g-bd62d2d752385cc7,v2-S4-b001-g-bd62d2d752385cc7,S4,D3,16,4.57763671875e-05,4.339358675904037,P3_RANDOM_ORIGINAL,1103,3,120,terminal,"[2.901109736355001, 4.4735615542631715, 5.035873096236088, 0.6796605816538906, 3.529392344716637, 1.9319734951287673]",1.3796136841591307,0.002057315543373169,0.0015836834177314085,0.7697814867693098,1.6526595831728907,1.000000000000002,0.06165106459486755,1.09339036645896,0.22457225310530027,1.3179626195642602,1.3796136841591278,-2.886579864025407e-15,0.002057315543373169,0.7763298693978924,0.00022176933917990204,0.22139104571955662,0.9977209151174491,0.2216128150587365,1.0000000000000022
task-v2-f6d986d24578,g-bd62d2d752385cc7,v2-S4-b001-g-bd62d2d752385cc7,S4,D3,16,4.57763671875e-05,4.339358675904037,P3_RANDOM_ORIGINAL,2207,3,120,terminal,"[4.905790817702062, 4.935428664332113, 2.7794180478599873, 0.7648379622727102, 0.08573574270431998, 1.9608653196010366]",1.3272841379727334,0.0024571602725289837,0.001932212330664657,0.7863599099606009,1.7297921609168079,0.9999999999999969,0.05574975353142453,1.0862735483517632,0.18526083608954536,1.2715343844413085,1.3272841379727331,-2.220446049250313e-16,0.0024571602725289837,0.8139391234522128,0.0002542397767001127,0.18334947649855526,0.9972885999507679,0.1836037162752554,0.9999999999999971
task-v2-f6d986d24578,g-bd62d2d752385cc7,v2-S4-b001-g-bd62d2d752385cc7,S4,D3,16,4.57763671875e-05,4.339358675904037,P3_RANDOM_ORIGINAL,3301,3,120,terminal,"[2.9331675405070308, 3.93470241822476, 2.967583594127794, 0.6620833745846428, 2.8592634495446285, 2.335581372647975]",1.4732202070132483,0.0021036840447622228,0.0010801685232888025,0.5134651878822862,1.6623391889901906,1.0000000000000002,0.07538823678746598,1.1038610916851215,0.29397087854066256,1.397831970225784,1.4732202070132498,1.5543122344752192e-15,0.0021036840447622228,0.7142629770794986,0.0006886576210407844,0.28294468125469874,0.9972076583341973,0.2836333388757395,1.0000000000000004
task-v2-5d31ef4af595,g-bd62d2d752385cc7,v2-S4-b001-g-bd62d2d752385cc7,S4,D4,16,6.103515625e-05,4.214419939295737,P2_RANDOM_ORIGINAL,1103,2,120,terminal,"[2.710358359514951, 4.45024395215792, 2.2948412335999326, 0.09071943097895667]",1.9925596946169544,0.002930980904927381,0.00087902226183035,0.29990719501194735,1.6814329283545462,1.0000000000000004,0.193107192963486,1.2242164449562458,0.5752360566972228,1.7994525016534686,1.9925596946169546,2.220446049250313e-16,0.002930980904927381,0.4686581610007676,0.0009380634912888835,0.5274727946030165,0.9961309556037842,0.5284108580943054,1.0000000000000004
task-v2-5d31ef4af595,g-bd62d2d752385cc7,v2-S4-b001-g-bd62d2d752385cc7,S4,D4,16,6.103515625e-05,4.214419939295737,P2_RANDOM_ORIGINAL,2207,2,120,terminal,"[5.500610459534838, 4.202293684052995, 2.40403986351072, 0.09293122088557976]",1.6256199212116393,0.008264208041351794,0.0030535211092855958,0.36948744441168796,2.131621180778482,0.9999999999999991,0.13842311131162294,1.1273608665047434,0.35983594339527336,1.4871968099000168,1.6256199212116398,4.440892098500626e-16,0.008264208041351794,0.6436318968706519,0.004867817927568353,0.34323607716042703,0.986867974031079,0.34810389508799544,0.9999999999999991
task-v2-5d31ef4af595,g-bd62d2d752385cc7,v2-S4-b001-g-bd62d2d752385cc7,S4,D4,16,6.103515625e-05,4.214419939295737,P2_RANDOM_ORIGINAL,3301,2,120,terminal,"[6.089635855056756, 1.270232980290997, 2.5952946372317545, -0.34509165296780636]",1.4537201462314218,0.005297231566489149,0.0016164887921359772,0.30515728297816114,1.9384688976665339,0.9999999999999978,0.09419384833480703,1.1169875557269702,0.24253874216964477,1.359526297896615,1.453720146231422,2.220446049250313e-16,0.005297231566489149,0.7599461857658133,0.0013989865711945006,0.2333575960965009,0.9933037818623139,0.2347565826676954,0.9999999999999979
task-v2-5d31ef4af595,g-bd62d2d752385cc7,v2-S4-b001-g-bd62d2d752385cc7,S4,D4,16,6.103515625e-05,4.214419939295737,P3_CONTINUATION_B1,1103,3,120,terminal,"[3.2928612480327657, 4.412157239617572, -0.007541760393926469, 2.266714738021599, 0.08435331980769017, 0.0034969843357788998]",1.9412624060325996,0.003138521524104546,0.0009127623584850036,0.2908255850644276,1.7111450507013857,0.9999999999999988,0.18493348119160125,1.2135738370806572,0.54275508776034,1.7563289248409972,1.9412624060325985,-1.1102230246251565e-15,0.003138521524104546,0.498645514305822,0.00098738345725083,0.4972285807128214,0.9958740950186433,0.4982159641700722,0.9999999999999988
task-v2-5d31ef4af595,g-bd62d2d752385cc7,v2-S4-b001-g-bd62d2d752385cc7,S4,D4,16,6.103515625e-05,4.214419939295737,P3_CONTINUATION_B1,2207,3,120,terminal,"[6.25457257053079, 4.257766984692937, 0.026774427997574807, 2.410577989678082, 0.0841514884312584, 0.016417162081717136]",1.4611777554097987,0.011909030242690667,0.0044484019948722,0.3735318413186891,2.2902963374371716,0.9999999999999982,0.1197250488936088,1.1047144523109418,0.2367382542052479,1.3414527065161896,1.4611777554097984,-2.220446049250313e-16,0.011909030242690667,0.757382038513246,0.0061574990735738236,0.22455143217048767,0.9819334706837337,0.2307089312440615,0.9999999999999981
task-v2-5d31ef4af595,g-bd62d2d752385cc7,v2-S4-b001-g-bd62d2d752385cc7,S4,D4,16,6.103515625e-05,4.214419939295737,P3_CONTINUATION_B1,3301,3,120,terminal,"[6.883763029695233, 1.220313720760483, 0.15792658552527872, 2.505223724246676, -0.0839744486846133, -0.06324195186480645]",1.3393885841037412,0.01632076105338967,0.005248967818220852,0.32161293220641146,2.427160345771249,0.9999999999999997,0.09088051869310323,1.0893357158208898,0.1591723495897494,1.2485080654106393,1.3393885841037425,1.3322676295501878e-15,0.01632076105338967,0.8279293756523883,0.0038511536362195076,0.15189870965800212,0.9798280853103906,0.15574986329422164,0.9999999999999996
task-v2-5d31ef4af595,g-bd62d2d752385cc7,v2-S4-b001-g-bd62d2d752385cc7,S4,D4,16,6.103515625e-05,4.214419939295737,P3_CONTINUATION_B2,3301,3,240,terminal,"[7.058761641754777, 1.1872557879432992, 0.2294040205522125, 2.50262178528841, -0.0940773561456924, -0.05080692604188033]",1.3304213340466757,0.01641169582735623,0.005270110271290444,0.3211191778552119,2.429573398496967,1.0000000000000013,0.08932990401837188,1.0889162169686841,0.15217521305962023,1.2410914300283045,1.3304213340466764,6.661338147750939e-16,0.01641169582735623,0.8350678969079356,0.0037223697179003838,0.14479803754680914,0.9798659344547447,0.14852040726470953,1.0000000000000013
task-v2-5d31ef4af595,g-bd62d2d752385cc7,v2-S4-b001-g-bd62d2d752385cc7,S4,D4,16,6.103515625e-05,4.214419939295737,P3_CONTINUATION_B4,3301,3,480,terminal,"[7.199381622984244, 1.0642978085378598, 0.4093616975959642, 2.5181340073809206, -0.10629205744194625, -0.07050987238694245]",1.3229650304136311,0.01696988779093632,0.005284914525396128,0.31142896114014496,2.444098909961186,1.0000000000000013,0.08675126536687386,1.0890594564357545,0.1471543086110052,1.2362137650467597,1.3229650304136336,2.4424906541753444e-15,0.01696988779093632,0.8399327432247709,0.0033866849072869587,0.13971068407700718,0.9796434273017781,0.14309736898429412,1.0000000000000013
task-v2-5d31ef4af595,g-bd62d2d752385cc7,v2-S4-b001-g-bd62d2d752385cc7,S4,D4,16,6.103515625e-05,4.214419939295737,P3_NELDER_MEAD_B1,3301,3,120,terminal,"[7.393232168304989, 1.037524815487465, 0.0035351654332593197, 2.517008189153965, -0.14123133779917435, -0.002179124266014711]",1.3321768843031936,0.016019108125500482,0.005226754510374009,0.326282491473645,2.4190582720829013,1.0000000000000022,0.08812117265191083,1.0881330684853638,0.1559226431659201,1.244055711651284,1.332176884303195,1.3322676295501878e-15,0.016019108125500482,0.8325995024435765,0.003770388243908332,0.14761100118701675,0.9802105036305933,0.1513813894309251,1.000000000000002
task-v2-5d31ef4af595,g-bd62d2d752385cc7,v2-S4-b001-g-bd62d2d752385cc7,S4,D4,16,6.103515625e-05,4.214419939295737,P3_RANDOM_ORIGINAL,1103,3,120,terminal,"[2.410829971802342, 4.368948708462397, 4.394024725734581, 0.768957587667812, 3.13513885327456, 2.174982950722845]",1.4190728579974936,0.003423970287886508,0.0026857543316070524,0.7843976745676933,1.7489499266492978,0.9999999999999976,0.08479157821097719,1.1148516399919066,0.21942963979460822,1.334281279786515,1.419072857997492,-1.5543122344752192e-15,0.003423970287886508,0.7844124145479341,0.0006935162437511607,0.21147009892042584,0.9958825134683599,0.21216361516417703,0.9999999999999976
task-v2-5d31ef4af595,g-bd62d2d752385cc7,v2-S4-b001-g-bd62d2d752385cc7,S4,D4,16,6.103515625e-05,4.214419939295737,P3_RANDOM_ORIGINAL,2207,3,120,terminal,"[5.290106009834853, 4.740459440503703, 2.9308807223379696, 0.779073351522207, 0.01832044553600222, 2.03732459855248]",1.259948731612452,0.002985869179716482,0.002397116148801878,0.8028202190122381,1.6894907152996643,0.9999999999999991,0.06419112750768134,1.0903365429925618,0.1054210611122108,1.1957576041047726,1.259948731612454,1.9984014443252818e-15,0.002985869179716482,0.8928443021256851,0.0003434573657618051,0.10382637132883588,0.9966706734545209,0.1041698286945977,0.9999999999999992
task-v2-5d31ef4af595,g-bd62d2d752385cc7,v2-S4-b001-g-bd62d2d752385cc7,S4,D4,16,6.103515625e-05,4.214419939295737,P3_RANDOM_ORIGINAL,3301,3,120,terminal,"[2.7350162338317534, 3.8725444056211185, 3.2808769687150865, 0.3238029919640797, 2.9442238987768854, 2.4376488223901633]",1.49246420070966,0.006315462205353804,0.0030353778706151604,0.4806264010323711,2.014825079759378,0.9999999999999971,0.09519166709939661,1.110399518892208,0.28687301471805526,1.3972725336102632,1.49246420070966,0.0,0.006315462205353804,0.7176991553928505,0.0022993614780521575,0.2736860209237407,0.9913851763165911,0.2759853824017929,0.9999999999999972
task-v2-5b5a3995de2b,g-bd62d2d752385cc7,v2-S4-b001-g-bd62d2d752385cc7,S4,D5,16,7.62939453125e-05,4.11750992628768,P2_RANDOM_ORIGINAL,1103,2,120,terminal,"[2.773650382576821, 4.397274207763687, 2.2840309570386834, 0.09031578044979562]",1.9634324701349057,0.003279202311175685,0.0009142033755373273,0.2787883420372316,1.633278137686176,1.0000000000000022,0.19248482996901464,1.2241325194494057,0.5468151207164849,1.7709476401658906,1.9634324701349053,-4.440892098500626e-16,0.003279202311175685,0.496203092618273,0.0006442375078592235,0.49987346756269424,0.9960765601809674,0.5005177050705536,1.0000000000000022
task-v2-5b5a3995de2b,g-bd62d2d752385cc7,v2-S4-b001-g-bd62d2d752385cc7,S4,D5,16,7.62939453125e-05,4.11750992628768,P2_RANDOM_ORIGINAL,2207,2,120,terminal,"[5.698741696704778, 4.093949542587866, 2.421309056216148, 0.10642663591831496]",1.5700904745513848,0.01127217491144787,0.003900338335749927,0.3460147102391745,2.1695176454314984,0.9999999999999991,0.13638903997269253,1.119690305528077,0.31401112905061457,1.4337014345786914,1.570090474551384,-8.881784197001252e-16,0.011272174911447868,0.6843076177489165,0.004099897575835667,0.30032030976379903,0.9846279275127154,0.3044202073396347,0.9999999999999989
task-v2-5b5a3995de2b,g-bd62d2d752385cc7,v2-S4-b001-g-bd62d2d752385cc7,S4,D5,16,7.62939453125e-05,4.11750992628768,P2_RANDOM_ORIGINAL,3301,2,120,terminal,"[4.408227601389611, 2.0263073719290916, 2.1634192573821203, -0.10604399414763346]",1.8574530493091654,0.0022342016990503748,0.0005201283167842044,0.232802757694294,1.4666323040334464,1.0000000000000002,0.16755625163916035,1.2046858457843626,0.4852109518856418,1.6898967976700043,1.8574530493091648,-6.661338147750939e-16,0.0022342016990503748,0.5472275476339146,8.192131502826484e-05,0.45045632935200713,0.9976838769859218,0.45053825066703546,1.0000000000000004
task-v2-5b5a3995de2b,g-bd62d2d752385cc7,v2-S4-b001-g-bd62d2d752385cc7,S4,D5,16,7.62939453125e-05,4.11750992628768,P3_CONTINUATION_B1,1103,3,120,terminal,"[3.3916042980702445, 4.3568410401069215, 0.026959737799255704, 2.2536828765162755, 0.10378147044307481, -0.0201456941561681]",1.9242486263990353,0.0032460970487338996,0.0008719394452446633,0.26861163796219606,1.6288714260969186,0.9999999999999999,0.1849426997424847,1.214481119544958,0.5248248071115926,1.7393059266565507,1.9242486263990355,2.220446049250313e-16,0.0032460970487338996,0.5161638407224183,0.0006578993042201248,0.47993216292462765,0.996096003647046,0.48059006222884776,1.0
task-v2-5b5a3995de2b,g-bd62d2d752385cc7,v2-S4-b001-g-bd62d2d752385cc7,S4,D5,16,7.62939453125e-05,4.11750992628768,P3_CONTINUATION_B1,2207,3,120,terminal,"[6.518589063020158, 4.544945610018975, 0.08148698741862156, 2.4175980917879856, 0.17307902595094032, -0.07235122204827295]",1.3952958462295526,0.016795825192112184,0.005440721512824977,0.32393296849624875,2.34271127221928,0.9999999999999987,0.1158783555669016,1.096497573221689,0.18291991744096292,1.2794174906626519,1.3952958462295535,8.881784197001252e-16,0.016795825192112184,0.8048490871422247,0.004710180741475531,0.17364490692418616,0.978493994066411,0.17835508766566166,0.9999999999999987
task-v2-5b5a3995de2b,g-bd62d2d752385cc7,v2-S4-b001-g-bd62d2d752385cc7,S4,D5,16,7.62939453125e-05,4.11750992628768,P3_CONTINUATION_B1,3301,3,120,terminal,"[5.561299996521168, 1.5415282841913904, 0.1603340903228739, 2.5541607277127305, -0.10598680776703563, -0.07222018129015641]",1.5328503479227038,0.014183220089078467,0.003998054552868149,0.28188623794583706,2.2692847684291886,1.000000000000003,0.11691393259591742,1.1051351176393167,0.31080129768747083,1.4159364153267875,1.532850347922705,1.1102230246251565e-15,0.014183220089078467,0.6840948609088751,0.003075375456127563,0.2986465435459219,0.9827414044547971,0.3017219190020495,1.000000000000003
task-v2-5b5a3995de2b,g-bd62d2d752385cc7,v2-S4-b001-g-bd62d2d752385cc7,S4,D5,16,7.62939453125e-05,4.11750992628768,P3_CONTINUATION_B2,2207,3,240,terminal,"[6.7431996559192, 4.578172181744551, 0.2690574917269055, 2.4101514107445956, 0.26154360916999403, -0.16494291379112339]",1.344318460157743,0.0204862817280642,0.006589754135662643,0.32166667544336874,2.4289730671427114,1.0000000000000004,0.10810527585608998,1.0880297373632009,0.14818344693845248,1.2362131843016533,1.3443184601577434,4.440892098500626e-16,0.0204862817280642,0.8353505897967051,0.004621442893416715,0.1395416855818145,0.9748922753785195,0.14416312847523122,1.0000000000000004
task-v2-5b5a3995de2b,g-bd62d2d752385cc7,v2-S4-b001-g-bd62d2d752385cc7,S4,D5,16,7.62939453125e-05,4.11750992628768,P3_CONTINUATION_B4,2207,3,480,terminal,"[7.0195116715775425, 4.664787397942953, 0.45737341336297327, 2.4013236069009203, 0.292924793114246, -0.19073222187924968]",1.315641740253629,0.0241218635088738,0.007698168061632612,0.3191365401267882,2.499920782009476,1.0000000000000013,0.10194367475538282,1.0811107583723545,0.13258730712589106,1.2136980654982454,1.3156417402536285,-4.440892098500626e-16,0.0241218635088738,0.8474354257582979,0.004397970453439686,0.12404474027938991,0.9714801660376877,0.1284427107328296,1.0000000000000013
task-v2-5b5a3995de2b,g-bd62d2d752385cc7,v2-S4-b001-g-bd62d2d752385cc7,S4,D5,16,7.62939453125e-05,4.11750992628768,P3_NELDER_MEAD_B1,2207,3,120,terminal,"[7.41777203058891, 4.521009413753195, -0.0002995478745279859, 2.3907127220809468, 0.09058439710063929, -0.00024178694005567997]",1.3417630143930523,0.014696088028126726,0.004733250001306038,0.32207550691361597,2.2847116709745987,1.0,0.10169310301136164,1.094220105426626,0.1458498059550651,1.240069911381691,1.3417630143930528,4.440892098500626e-16,0.014696088028126726,0.8446222021583671,0.0039050242104089333,0.1367766856030973,0.9813988877614643,0.14068170981350625,1.0
task-v2-5b5a3995de2b,g-bd62d2d752385cc7,v2-S4-b001-g-bd62d2d752385cc7,S4,D5,16,7.62939453125e-05,4.11750992628768,P3_RANDOM_ORIGINAL,1103,3,120,terminal,"[2.1369009457549377, 4.06528865964486, 4.474874805339805, 0.7439868144137703, 3.135199770405332, 2.194890382301708]",1.4016698068432563,0.0030643260796143225,0.0022423826357311485,0.7317702416360911,1.6038449036458258,0.9999999999999991,0.08562923306934977,1.116088920783164,0.1999516529907418,1.3160405737739058,1.4016698068432554,-8.881784197001252e-16,0.0030643260796143225,0.8042534574257649,0.0006202207643316042,0.19206199573028834,0.9963154531560532,0.19268221649461992,0.9999999999999993
task-v2-5b5a3995de2b,g-bd62d2d752385cc7,v2-S4-b001-g-bd62d2d752385cc7,S4,D5,16,7.62939453125e-05,4.11750992628768,P3_RANDOM_ORIGINAL,2207,3,120,terminal,"[5.5083270733421905, 4.900519050526107, 3.1654001682539263, 0.8014881555274833, -0.035083024215725234, 2.051862954882441]",1.2351989414276217,0.003945343285187693,0.003261607606035907,0.8266980514170242,1.7135947235356557,1.0000000000000018,0.06220723493043067,1.0875199883355577,0.08547171816163657,1.1729917064971942,1.2351989414276248,3.1086244689504383e-15,0.003945343285187693,0.9117813042083742,0.00039556956840229834,0.08387778293803759,0.9956590871464119,0.08427335250643989,1.0000000000000018
task-v2-5b5a3995de2b,g-bd62d2d752385cc7,v2-S4-b001-g-bd62d2d752385cc7,S4,D5,16,7.62939453125e-05,4.11750992628768,P3_RANDOM_ORIGINAL,3301,3,120,terminal,"[2.8003271746235754, 3.861512081155271, 3.2777794354179632, 0.32622656245575293, 2.9396503215793084, 2.4546820722838287]",1.492335719343098,0.007291288175917449,0.003139495089392797,0.43058167687875815,1.980314189622119,1.0000000000000009,0.09873039796151663,1.1115775386776847,0.28202778270389595,1.3936053213815807,1.4923357193430973,-6.661338147750939e-16,0.007291288175917447,0.7221071709634141,0.002052621566691538,0.2685489192939776,0.9906560902573918,0.27060154086066923,1.0000000000000007
task-v2-cf1a83d8dbf9,g-bd62d2d752385cc7,v2-S4-b001-g-bd62d2d752385cc7,S4,D6,16,9.1552734375e-05,4.038328680240055,P2_RANDOM_ORIGINAL,1103,2,120,terminal,"[2.621614057247582, 4.461914212542854, 2.2603067047797856, 0.08774937765496452]",1.97074534007116,0.0032263975049916208,0.0008911254446083741,0.2761982809711751,1.5470465533950881,0.9999999999999984,0.19446959917985548,1.2301526683319102,0.5461230725593949,1.776275740891305,1.9707453400711605,4.440892098500626e-16,0.003226397504991621,0.4972001762323368,0.00039235935155471004,0.49918106691111525,0.996381243143452,0.49957342626267004,0.9999999999999984
task-v2-cf1a83d8dbf9,g-bd62d2d752385cc7,v2-S4-b001-g-bd62d2d752385cc7,S4,D6,16,9.1552734375e-05,4.038328680240055,P2_RANDOM_ORIGINAL,2207,2,120,terminal,"[6.201001262929512, 4.0711430130357975, 2.423600647401147, 0.09792080092044632]",1.4597950213728927,0.014106868042303045,0.0047156609372846475,0.334281211332206,2.187759284148428,1.0000000000000004,0.12327574823219645,1.1063918331101503,0.23012744003054592,1.3365192731406963,1.4597950213728927,0.0,0.014106868042303045,0.7614739870684362,0.002886216252602219,0.22153292863665905,0.9830069157050951,0.22441914488926126,1.0000000000000004
task-v2-cf1a83d8dbf9,g-bd62d2d752385cc7,v2-S4-b001-g-bd62d2d752385cc7,S4,D6,16,9.1552734375e-05,4.038328680240055,P2_RANDOM_ORIGINAL,3301,2,120,terminal,"[4.1605605247002835, 2.170285388743379, 2.114669228493137, -0.11540578748458219]",1.8774220106339796,0.0024769107983920926,0.0006490820817053747,0.26205307115893384,1.4322390467517483,1.0000000000000004,0.1750255277503735,1.2138439299217982,0.4885525529618087,1.702396482883607,1.8774220106339805,8.881784197001252e-16,0.0024769107983920926,0.5471993153657243,8.674463318164078e-05,0.4502370292027024,0.9974363445684267,0.45032377383588407,1.0000000000000004
task-v2-cf1a83d8dbf9,g-bd62d2d752385cc7,v2-S4-b001-g-bd62d2d752385cc7,S4,D6,16,9.1552734375e-05,4.038328680240055,P3_CONTINUATION_B1,1103,3,120,terminal,"[3.2569809369699985, 4.402099097069549, 0.01663024730331805, 2.246546436174178, 0.09089403187167347, -0.00630312917180296]",1.9272633109685455,0.003405364707827243,0.0009098217823659442,0.26717308142493973,1.5704923110600535,1.0,0.18728841557890802,1.218927524297071,0.5210473710925648,1.739974895389636,1.9272633109685438,-1.7763568394002505e-15,0.0034053647078272436,0.5209833800440079,0.0004310953522329305,0.47518015989593176,0.9961635399399398,0.4756112552481647,0.9999999999999999
task-v2-cf1a83d8dbf9,g-bd62d2d752385cc7,v2-S4-b001-g-bd62d2d752385cc7,S4,D6,16,9.1552734375e-05,4.038328680240055,P3_CONTINUATION_B1,2207,3,120,terminal,"[6.835127899582646, 4.5797793833651586, 0.5427256403277546, 2.416367475710195, 0.19745775954749137, -0.0980880562647036]",1.3330814828014057,0.025733741556987797,0.007844288442553488,0.30482502613085555,2.4488316152812963,1.0000000000000004,0.10855751098180771,1.0831265109549397,0.1413974608646575,1.2245239718195973,1.333081482801405,-6.661338147750939e-16,0.025733741556987797,0.8367788112570522,0.0030946371005173825,0.1343928100854429,0.971171621342495,0.1374874471859603,1.0000000000000004
task-v2-cf1a83d8dbf9,g-bd62d2d752385cc7,v2-S4-b001-g-bd62d2d752385cc7,S4,D6,16,9.1552734375e-05,4.038328680240055,P3_CONTINUATION_B1,3301,3,120,terminal,"[5.1045089101797165, 1.8761472779813362, -0.17867310599105501, 2.417055607017293, -0.24712752916717073, 0.09300875257505647]",1.662927403132015,0.009375137678440965,0.0026271682211072506,0.28022716158597627,2.010306334511614,0.999999999999998,0.13337416739638783,1.1401903486979275,0.38936288703770117,1.5295532357356287,1.6629274031320165,1.5543122344752192e-15,0.009375137678440965,0.6182695044164757,0.0009435496226313301,0.37141180828245013,0.9896813126989257,0.37235535790508145,0.9999999999999981
task-v2-cf1a83d8dbf9,g-bd62d2d752385cc7,v2-S4-b001-g-bd62d2d752385cc7,S4,D6,16,9.1552734375e-05,4.038328680240055,P3_CONTINUATION_B2,2207,3,240,terminal,"[6.915221090861957, 4.647682487511286, 0.5390209900002295, 2.409585245971171, 0.2843201372342375, -0.1815860196019333]",1.3128000102672874,0.028627590580586768,0.008806147546356674,0.3076105032858891,2.4951134777346144,0.999999999999999,0.10376637754694616,1.0780517382685009,0.13098189445184072,1.2090336327203417,1.3128000102672877,2.220446049250313e-16,0.028627590580586764,0.8443388602873623,0.002829923920243672,0.12420362521180624,0.9685424854991684,0.12703354913204992,0.999999999999999
task-v2-cf1a83d8dbf9,g-bd62d2d752385cc7,v2-S4-b001-g-bd62d2d752385cc7,S4,D6,16,9.1552734375e-05,4.038328680240055,P3_CONTINUATION_B4,2207,3,480,terminal,"[7.06959945236556, 4.752370948999929, 0.5273708775342405, 2.3971538809156625, 0.28640646355614874, -0.18466730242263485]",1.304963493195611,0.027893587587964244,0.00843768535891297,0.30249552275425956,2.4838330557271466,0.9999999999999992,0.10129500156097955,1.0788997448835207,0.12476874675110947,1.20366849163463,1.3049634931956096,-1.3322676295501878e-15,0.027893587587964244,0.851469881774193,0.002608036128989584,0.1180284945088524,0.9694983762830454,0.120636530637842,0.9999999999999993
task-v2-cf1a83d8dbf9,g-bd62d2d752385cc7,v2-S4-b001-g-bd62d2d752385cc7,S4,D6,16,9.1552734375e-05,4.038328680240055,P3_NELDER_MEAD_B1,2207,3,120,terminal,"[7.390417121947555, 4.520732248478815, -0.00015724529023696966, 2.3955214332283385, 0.09057680801700835, -0.000449800240090342]",1.3361075236297006,0.01700406809966624,0.005110216619269307,0.30052906100567844,2.268881515846482,1.0000000000000009,0.10248669587061297,1.0931042296788271,0.14051659808025949,1.2336208277590865,1.3361075236296995,-1.1102230246251565e-15,0.017004068099666238,0.8474977056966455,0.0024523833132086255,0.13304584289048063,0.9805435485871261,0.1354982262036893,1.000000000000001
task-v2-cf1a83d8dbf9,g-bd62d2d752385cc7,v2-S4-b001-g-bd62d2d752385cc7,S4,D6,16,9.1552734375e-05,4.038328680240055,P3_RANDOM_ORIGINAL,1103,3,120,terminal,"[2.053463733961578, 4.321406598227862, 3.9306649637589692, 0.7069800790151692, 3.1348720900957954, 2.220827412001193]",1.386306201082544,0.0034864423074740408,0.0020376734164085255,0.5844563703349615,1.5807111632750481,1.0,0.0854431806852908,1.1144293585296394,0.18643366186761406,1.3008630203972535,1.3863062010825444,4.440892098500626e-16,0.003486442307474041,0.8166529883841844,0.0002790484325951928,0.1795815208757463,0.9962345092599307,0.17986056930834152,1.0
task-v2-cf1a83d8dbf9,g-bd62d2d752385cc7,v2-S4-b001-g-bd62d2d752385cc7,S4,D6,16,9.1552734375e-05,4.038328680240055,P3_RANDOM_ORIGINAL,2207,3,120,terminal,"[5.587765020258427, 4.872950815416026, 2.954475992560068, 0.8051660101230609, -0.01654437013200712, 2.0303531425219]",1.2307022796542304,0.003234222009544067,0.0024423208300743122,0.7551494062148844,1.5480985084915158,0.9999999999999973,0.0624476010269082,1.088877478581471,0.07937720004585042,1.1682546786273214,1.2307022796542295,-8.881784197001252e-16,0.003234222009544067,0.9182838421895556,7.737084700429306e-05,0.07840456495389321,0.996688407143449,0.07848193580089752,0.9999999999999972
task-v2-cf1a83d8dbf9,g-bd62d2d752385cc7,v2-S4-b001-g-bd62d2d752385cc7,S4,D6,16,9.1552734375e-05,4.038328680240055,P3_RANDOM_ORIGINAL,3301,3,120,terminal,"[2.8093357601405344, 3.8549625987899523, 3.264765869163894, 0.3210702145316908, 2.9443719065026874, 2.4650306806922577]",1.4902086776865193,0.008753635409511941,0.0032329119997018723,0.3693222128247312,1.9805171344506085,0.9999999999999971,0.10012772547139957,1.1110462461242006,0.2790347060909206,1.3900809522151212,1.4902086776865207,1.3322676295501878e-15,0.008753635409511941,0.7233915603607206,0.0011494482030527144,0.26670535602671197,0.9900969163874326,0.2678548042297647,0.9999999999999972
task-v2-e243a3cd3e64,g-bd62d2d752385cc7,v2-S4-b001-g-bd62d2d752385cc7,S4,D7,16,0.0001220703125,3.9133899436317554,P2_RANDOM_ORIGINAL,1103,2,120,terminal,"[2.4818672507609434, 4.420440065960103, 2.2247874926464264, 0.0882034950461033]",1.8947006535092092,0.0033667042185197595,0.0008775112735207789,0.26064400569961405,1.4405949067952202,1.0000000000000016,0.19662200793881734,1.2383132939669799,0.45976535160341125,1.6980786455703911,1.8947006535092084,-8.881784197001252e-16,0.0033667042185197595,0.5814535454187214,0.0,0.4151797503627605,0.996633295781482,0.4151797503627605,1.0000000000000018
task-v2-e243a3cd3e64,g-bd62d2d752385cc7,v2-S4-b001-g-bd62d2d752385cc7,S4,D7,16,0.0001220703125,3.9133899436317554,P2_RANDOM_ORIGINAL,2207,2,120,terminal,"[5.5387399529802535, 4.030823317524362, 2.4503859118970626, 0.08671474556053564]",1.5854349278900393,0.011560374052012289,0.003357884617217046,0.2904650491505979,1.9763618301467785,1.0000000000000002,0.14990646647259756,1.130425622715224,0.3051028387022183,1.4355284614174424,1.58543492789004,6.661338147750939e-16,0.011560374052012289,0.6924963342226483,0.0,0.2959432917253397,0.988439625947988,0.2959432917253397,1.0000000000000002
task-v2-e243a3cd3e64,g-bd62d2d752385cc7,v2-S4-b001-g-bd62d2d752385cc7,S4,D7,16,0.0001220703125,3.9133899436317554,P2_RANDOM_ORIGINAL,3301,2,120,terminal,"[5.607334200093741, 2.055472429760336, 3.148106631075005, -0.7441190841142521]",1.3747796770323961,0.008623962956360611,0.0024417702758207107,0.28313784372412926,1.849096825996366,0.9999999999999978,0.09735309951369384,1.1064283326684143,0.17099824485028822,1.2774265775187026,1.3747796770323963,2.220446049250313e-16,0.008623962956360611,0.826310828997308,0.0,0.1650652080463293,0.9913760370436373,0.1650652080463293,0.9999999999999979
task-v2-e243a3cd3e64,g-bd62d2d752385cc7,v2-S4-b001-g-bd62d2d752385cc7,S4,D7,16,0.0001220703125,3.9133899436317554,P3_CONTINUATION_B1,1103,3,120,terminal,"[2.5446227197462723, 4.396977133788762, 0.000435306950340689, 2.2210432869526566, 0.08576231696774382, 0.0007353037650107371]",1.8924799005488064,0.003342903068937463,0.000873467074213547,0.261289979458237,1.4375137275722458,1.0000000000000053,0.19622257111598215,1.23754925706446,0.45870807236836486,1.6962573294328247,1.8924799005488069,4.440892098500626e-16,0.003342903068937462,0.5829406524280565,0.0,0.4137164445030112,0.9966570969310677,0.4137164445030112,1.000000000000005
task-v2-e243a3cd3e64,g-bd62d2d752385cc7,v2-S4-b001-g-bd62d2d752385cc7,S4,D7,16,0.0001220703125,3.9133899436317554,P3_CONTINUATION_B1,2207,3,120,terminal,"[6.399375485873579, 4.520711435753399, 0.012733100082035381, 2.435103339613167, 0.09112353644733251, 0.0034383056576287796]",1.3691432463354896,0.020773830946428925,0.005151659977495825,0.24798796094859954,2.230906536723256,1.0000000000000018,0.12437538492965108,1.1005623807210423,0.1442054806847946,1.2447678614058368,1.369143246335488,-1.5543122344752192e-15,0.020773830946428925,0.8383542600834829,0.0,0.14087190897009005,0.979226169053573,0.14087190897009005,1.0000000000000018
task-v2-e243a3cd3e64,g-bd62d2d752385cc7,v2-S4-b001-g-bd62d2d752385cc7,S4,D7,16,0.0001220703125,3.9133899436317554,P3_CONTINUATION_B1,3301,3,120,terminal,"[5.482589297984025, 2.084831403580622, -0.4044346958062795, 3.1606958596771375, -0.9299875293399263, 0.18375180715901704]",1.3299993463261601,0.011210395224807964,0.002846945487163846,0.2539558534799664,1.963010867638638,1.0000000000000013,0.09473806260932602,1.1006406240877156,0.1346206596291196,1.235261283716835,1.329999346326161,8.881784197001252e-16,0.011210395224807965,0.859721305868223,0.0,0.12906829890697039,0.9887896047751934,0.12906829890697039,1.0000000000000013
task-v2-e243a3cd3e64,g-bd62d2d752385cc7,v2-S4-b001-g-bd62d2d752385cc7,S4,D7,16,0.0001220703125,3.9133899436317554,P3_CONTINUATION_B2,3301,3,240,terminal,"[5.397810023006997, 2.0253843748000286, -0.6538965789039732, 3.148923526569338, -0.9131005497368011, 0.18938023001015522]",1.3033653321352276,0.01340509654957722,0.003205265170791301,0.23910795113910543,2.040659889947492,1.0000000000000004,0.09288277103639964,1.0947881557608934,0.11569440533793514,1.2104825610988286,1.303365332135228,4.440892098500626e-16,0.013405096549577219,0.8751450153073821,0.0,0.11144988814304126,0.9865949034504233,0.11144988814304126,1.0000000000000007
task-v2-e243a3cd3e64,g-bd62d2d752385cc7,v2-S4-b001-g-bd62d2d752385cc7,S4,D7,16,0.0001220703125,3.9133899436317554,P3_CONTINUATION_B4,3301,3,480,terminal,"[5.309209295698161, 1.9588111771611738, -0.9394272270753302, 3.1470212106202107, -0.8239916242418611, 0.14165460519988535]",1.2828106997695565,0.02075270873621199,0.004808240547763296,0.23169219058971616,2.230464734434695,1.0000000000000009,0.09605175604873853,1.0835418927221006,0.10321705099871824,1.1867589437208188,1.2828106997695574,8.881784197001252e-16,0.02075270873621199,0.8793926547268374,0.0,0.09985463653695145,0.9792472912637886,0.09985463653695145,1.0000000000000009
task-v2-e243a3cd3e64,g-bd62d2d752385cc7,v2-S4-b001-g-bd62d2d752385cc7,S4,D7,16,0.0001220703125,3.9133899436317554,P3_NELDER_MEAD_B1,3301,3,120,terminal,"[4.92409583775169, 2.5859186260254408, 0.0005429612284765313, 3.146930603559581, -0.7400790926368734, -0.000225544090574405]",1.3726761766763353,0.008586524626150706,0.0023802242133013876,0.27720461035566024,1.8472073634474013,1.0000000000000009,0.09775418428903357,1.1059952315832486,0.16892676080405322,1.2749219923873019,1.3726761766763353,0.0,0.008586524626150706,0.8276339929666301,0.0,0.16377948240722007,0.9914134753738502,0.16377948240722007,1.0000000000000009
task-v2-e243a3cd3e64,g-bd62d2d752385cc7,v2-S4-b001-g-bd62d2d752385cc7,S4,D7,16,0.0001220703125,3.9133899436317554,P3_RANDOM_ORIGINAL,1103,3,120,terminal,"[1.4161912772002911, 4.2695023053110965, 4.4581259884177715, 0.5628617690559753, 3.136853247478713, 2.2519305470041777]",1.3538882927477247,0.005261037454203657,0.0028706419379524147,0.5456417983982843,1.634461337254817,1.000000000000003,0.086319546460257,1.1144951607629,0.153073585524568,1.2675687462874679,1.353888292747725,2.220446049250313e-16,0.005261037454203657,0.8472629179177485,0.0,0.14747604462805086,0.9947389625457994,0.14747604462805086,1.000000000000003
task-v2-e243a3cd3e64,g-bd62d2d752385cc7,v2-S4-b001-g-bd62d2d752385cc7,S4,D7,16,0.0001220703125,3.9133899436317554,P3_RANDOM_ORIGINAL,2207,3,120,terminal,"[5.750096536176923, 4.644860325966466, 2.9921239488417144, 0.7912957419486303, -0.009230318585985536, 2.0307453795704107]",1.2146434975744642,0.0028136419461616013,0.002109557205381949,0.7497603624582824,1.3626587735108469,0.999999999999999,0.06668860767981785,1.0918882798493525,0.05606661004529261,1.1479548898946452,1.214643497574463,-1.1102230246251565e-15,0.0028136419461616017,0.9418286236146793,0.0,0.05535773443915806,0.9971863580538374,0.05535773443915806,0.999999999999999
task-v2-e243a3cd3e64,g-bd62d2d752385cc7,v2-S4-b001-g-bd62d2d752385cc7,S4,D7,16,0.0001220703125,3.9133899436317554,P3_RANDOM_ORIGINAL,3301,3,120,terminal,"[2.650695729639008, 3.9505881073566984, 3.3118734004093113, 0.3073889685070774, 2.9681019816820644, 2.476696246028797]",1.4817977948940593,0.010287977225081173,0.0031838101415407856,0.30946901143783057,1.9257199377973884,1.0000000000000016,0.1088828908173945,1.1172333089406046,0.2556815951360619,1.3729149040766666,1.481797794894061,1.7763568394002505e-15,0.010287977225081173,0.7448231964421389,0.0,0.24488882633278156,0.9897120227749204,0.24488882633278156,1.0000000000000016
task-v2-4746dcc3bd93,g-a87f1b9ac089cc45,v2-S5-b000-g-a87f1b9ac089cc45,S5,D1,19,1.9073486328125e-06,5.719569917615643,P2_RANDOM_ORIGINAL,1103,2,120,terminal,"[3.8102321809137987, 6.314816841899302, 3.5202669297640834, -0.9771540043965765]",1.5411848323389508,0.0013405078361813899,0.0013405078361813899,1.0,2.846839274689028,1.0000000000000004,0.05652115126272658,1.0818702957995394,0.4027933852766866,1.484663681076226,1.5411848323389528,1.9984014443252818e-15,0.0013405078361813899,0.6016510582160921,0.0015618819494444558,0.39544655199828255,0.9970976102143746,0.397008433947727,1.0000000000000004
task-v2-4746dcc3bd93,g-a87f1b9ac089cc45,v2-S5-b000-g-a87f1b9ac089cc45,S5,D1,19,1.9073486328125e-06,5.719569917615643,P2_RANDOM_ORIGINAL,2207,2,120,terminal,"[5.653657126494847, 4.512969025923965, 3.520385584742521, -1.021562749074859]",1.549704857262723,0.0018766987302200448,0.0018766987302200448,1.0,2.9929644777679374,1.0000000000000004,0.057150263380499125,1.0774423741035442,0.4151122197786781,1.4925545938822222,1.5497048572627214,-1.5543122344752192e-15,0.0018766987302200448,0.5882341771199768,0.002265484028575749,0.4076236401212279,0.9958578172412048,0.4098891241498036,1.0000000000000004
task-v2-4746dcc3bd93,g-a87f1b9ac089cc45,v2-S5-b000-g-a87f1b9ac089cc45,S5,D1,19,1.9073486328125e-06,5.719569917615643,P2_RANDOM_ORIGINAL,3301,2,120,terminal,"[5.416836331103599, 4.215089772190831, 3.448931571555684, -1.0004989938553175]",1.600463758313535,0.0016825356939664034,0.0016825356939664034,1.0,2.945534203901384,0.999999999999997,0.061247074283012126,1.0846393499019094,0.4545773341286169,1.5392166840305261,1.6004637583135382,3.1086244689504383e-15,0.0016825356939664034,0.550676511780279,0.0020664121853125644,0.445574540340439,0.9962510521207181,0.44764095252575153,0.9999999999999969
task-v2-4746dcc3bd93,g-a87f1b9ac089cc45,v2-S5-b000-g-a87f1b9ac089cc45,S5,D1,19,1.9073486328125e-06,5.719569917615643,P3_CONTINUATION_B1,1103,3,120,terminal,"[4.58336850927939, 7.136100009263115, 0.6922111681453553, 3.8026159101309234, -0.8903752760318846, -0.17288586211964152]",1.2776703661110784,0.002049352747341166,0.002049352747341166,1.0,3.0311866359184845,0.999999999999998,0.04217861876113939,1.062274693906312,0.17321705344362875,1.2354917473499407,1.2776703661110802,1.7763568394002505e-15,0.002049352747341166,0.8267421895173438,0.001608925412751824,0.16959953232256134,0.9963417218399051,0.17120845773531318,0.9999999999999981
task-v2-4746dcc3bd93,g-a87f1b9ac089cc45,v2-S5-b000-g-a87f1b9ac089cc45,S5,D1,19,1.9073486328125e-06,5.719569917615643,P3_CONTINUATION_B1,2207,3,120,terminal,"[6.410711030308999, 5.207394789104771, 0.5333007442168413, 3.7044438969711826, -0.9606263806176272, -0.1908344290654604]",1.336360493060378,0.002920329895637407,0.002920329895637407,1.0,3.1850018319963413,0.9999999999999986,0.045512478307220536,1.0647102894660065,0.22613772528715073,1.2908480147531574,1.3363604930603779,-2.220446049250313e-16,0.002920329895637407,0.7736680010226464,0.0024272885532366385,0.2209843805284781,0.9946523815511245,0.22341166908171473,0.9999999999999986
task-v2-4746dcc3bd93,g-a87f1b9ac089cc45,v2-S5-b000-g-a87f1b9ac089cc45,S5,D1,19,1.9073486328125e-06,5.719569917615643,P3_CONTINUATION_B1,3301,3,120,terminal,"[6.339480897995741, 5.175143388601824, -0.7214017214818034, 3.744083235793431, -1.2955582569685307, 0.16577797254821253]",1.3246501405183115,0.0030637004088716374,0.0030637004088716374,1.0,3.205816212148252,0.9999999999999944,0.04662593000299996,1.0633377771358625,0.2146864333794456,1.2780242105153081,1.324650140518308,-3.552713678800501e-15,0.0030637004088716374,0.7848989252566757,0.00213263817915976,0.20990473615528732,0.994803661411963,0.2120373743344471,0.9999999999999944
task-v2-4746dcc3bd93,g-a87f1b9ac089cc45,v2-S5-b000-g-a87f1b9ac089cc45,S5,D1,19,1.9073486328125e-06,5.719569917615643,P3_CONTINUATION_B2,1103,3,240,terminal,"[4.731080090260499, 7.287995404729159, 0.9596931299329416, 3.8277635693345067, -0.9425950211394388, -0.15337509663798687]",1.2460692555575288,0.0019150671869625328,0.0019150671869625328,1.0,3.0017539326906397,0.9999999999999997,0.040602018051458924,1.061635945555955,0.14383129195010885,1.2054672375060638,1.2460692555575228,-5.995204332975845e-15,0.0019150671869625328,0.8560936383972197,0.0013853856646144583,0.1406059087512026,0.9966995471484225,0.14199129441581707,0.9999999999999993
task-v2-4746dcc3bd93,g-a87f1b9ac089cc45,v2-S5-b000-g-a87f1b9ac089cc45,S5,D1,19,1.9073486328125e-06,5.719569917615643,P3_CONTINUATION_B4,1103,3,480,terminal,"[5.013398316077133, 7.528369381103679, 1.1273326081245016, 3.861703553394814, -0.99333748205116, -0.13848569606277444]",1.224726052045468,0.0014948598232751805,0.0014948598232751805,1.0,2.894170387311321,0.9999999999999997,0.03911163010380134,1.0613928589058235,0.12422156303584031,1.1856144219416638,1.224726052045465,-2.886579864025407e-15,0.0014948598232751805,0.8758659478138539,0.0008889936604542638,0.12175019870241652,0.9976161465162705,0.12263919236287077,0.9999999999999998
task-v2-4746dcc3bd93,g-a87f1b9ac089cc45,v2-S5-b000-g-a87f1b9ac089cc45,S5,D1,19,1.9073486328125e-06,5.719569917615643,P3_NELDER_MEAD_B1,1103,3,120,terminal,"[6.724426626391437, 10.545753441779986, -0.0056280506936337744, 3.9507397756828055, -1.1448552506146914, -0.002900872190171675]",1.2187645896817274,0.0004994710160726799,0.0004994710160726799,1.0,2.4180802091267624,0.999999999999995,0.03509493487344226,1.0601693091330444,0.12350034567524429,1.1836696548082888,1.218764589681731,3.552713678800501e-15,0.0004994710160726799,0.8767314778892388,0.0003056657268799854,0.12246338536780367,0.9991948632570424,0.12276905109468365,0.9999999999999951
task-v2-4746dcc3bd93,g-a87f1b9ac089cc45,v2-S5-b000-g-a87f1b9ac089cc45,S5,D1,19,1.9073486328125e-06,5.719569917615643,P3_RANDOM_ORIGINAL,1103,3,120,terminal,"[2.846661078872682, 4.870941792953405, 5.152907977612854, 0.6251318619771347, 3.4029168819488604, 2.0429250558699814]",1.3444411306926336,0.0004563434435189865,0.0004563434435189865,1.0,2.3788617328324566,1.0000000000000007,0.042865029481237736,1.067900891832374,0.23367520937902447,1.3015761012113984,1.3444411306926363,2.6645352591003757e-15,0.0004563434435189865,0.7680026199677821,0.0006175582174550952,0.23092347837124472,0.9989260983390267,0.23154103658869976,1.0000000000000009
task-v2-4746dcc3bd93,g-a87f1b9ac089cc45,v2-S5-b000-g-a87f1b9ac089cc45,S5,D1,19,1.9073486328125e-06,5.719569917615643,P3_RANDOM_ORIGINAL,2207,3,120,terminal,"[4.916351522253017, 4.763755275366058, 3.378116345457624, 0.6591804460160321, 0.05419203815964784, 2.0497288883461997]",1.317309294211496,0.0003028967936232536,0.0003028967936232536,1.0,2.2008645936586397,0.9999999999999987,0.04058079082290742,1.0647903663593081,0.2119381370292826,1.2767285033885907,1.3173092942114981,2.220446049250313e-15,0.0003028967936232536,0.7893163838635856,0.0004230282951685251,0.20995769104762121,0.9992740749112069,0.21038071934278973,0.9999999999999986
task-v2-4746dcc3bd93,g-a87f1b9ac089cc45,v2-S5-b000-g-a87f1b9ac089cc45,S5,D1,19,1.9073486328125e-06,5.719569917615643,P3_RANDOM_ORIGINAL,3301,3,120,terminal,"[3.17828955376715, 4.073059039615883, 3.3331325528392384, 0.5167101298350831, 3.0518683003759315, 2.2771054127382007]",1.5119233825477822,0.0018559118546712075,0.0018559118546712075,1.0,2.988127263453792,0.9999999999999986,0.05386201913749497,1.073173826078179,0.3848875373321138,1.4580613634102928,1.5119233825477876,5.329070518200751e-15,0.0018559118546712075,0.618210634039716,0.0021552937681564273,0.3777781603374548,0.9959887943771708,0.37993345410561125,0.9999999999999983
task-v2-7d4ec5aed494,g-a87f1b9ac089cc45,v2-S5-b000-g-a87f1b9ac089cc45,S5,D2,19,3.814697265625e-06,5.418539921951662,P2_RANDOM_ORIGINAL,1103,2,120,terminal,"[3.1080823017054375, 6.074614465097657, 3.4664588203460105, -0.9297911719790833]",1.6116499675274527,0.0017291184772473553,0.0014666198222582022,0.8481893181738281,2.656364673613052,1.0000000000000022,0.06612749873680435,1.0891203107097378,0.4564021580809075,1.5455224687906453,1.6116499675274496,-3.1086244689504383e-15,0.0017291184772473553,0.5493769859880449,0.0016614749915796912,0.4472324205431305,0.9966094065311752,0.44889389553471015,1.0000000000000022
task-v2-7d4ec5aed494,g-a87f1b9ac089cc45,v2-S5-b000-g-a87f1b9ac089cc45,S5,D2,19,3.814697265625e-06,5.418539921951662,P2_RANDOM_ORIGINAL,2207,2,120,terminal,"[4.926428521645657, 5.463179799577873, 3.566159815773168, -1.0140254178605792]",1.5133563193917063,0.001915237419471327,0.0016403271379984371,0.8564615129811035,2.7007625402432978,1.0000000000000009,0.056715746214378984,1.0776654222008621,0.3789751509764664,1.4566405731773284,1.5133563193917077,1.3322676295501878e-15,0.001915237419471327,0.6234941144358213,0.0016532971044442555,0.3729373510402636,0.9964314654760851,0.3745906481447079,1.0000000000000004
task-v2-7d4ec5aed494,g-a87f1b9ac089cc45,v2-S5-b000-g-a87f1b9ac089cc45,S5,D2,19,3.814697265625e-06,5.418539921951662,P2_RANDOM_ORIGINAL,3301,2,120,terminal,"[5.96948073493069, 4.879706219990906, 3.5865686657715794, -1.0513028615592015]",1.4812518649174267,0.00210031188871031,0.0017897741847382712,0.8521468617869304,2.7408237126324027,0.999999999999998,0.05453891346090889,1.0742387672654339,0.35247418419108345,1.4267129514565173,1.4812518649174262,-4.440892098500626e-16,0.00210031188871031,0.6489915349397333,0.0018243485847310355,0.3470838045868233,0.9960753395265567,0.3489081531715544,0.9999999999999979
task-v2-7d4ec5aed494,g-a87f1b9ac089cc45,v2-S5-b000-g-a87f1b9ac089cc45,S5,D2,19,3.814697265625e-06,5.418539921951662,P3_CONTINUATION_B1,1103,3,120,terminal,"[3.870394106404937, 6.892060721393125, 0.8312268998250604, 3.7181551554159364, -0.8469173646535585, -0.18158314640493253]",1.3144186380095602,0.0039777058628450825,0.003274995720188303,0.82333783168317,3.0181725874001524,1.0,0.047457295611600545,1.0659499665504586,0.20101137584749817,1.2669613423979569,1.3144186380095575,-2.6645352591003757e-15,0.0039777058628450825,0.7979121358168839,0.0019322585658328826,0.1961778997544381,0.9940900355713221,0.198110158320271,1.0
task-v2-7d4ec5aed494,g-a87f1b9ac089cc45,v2-S5-b000-g-a87f1b9ac089cc45,S5,D2,19,3.814697265625e-06,5.418539921951662,P3_CONTINUATION_B1,2207,3,120,terminal,"[5.7971542677846495, 6.326901910680563, 0.5547500850865975, 3.762785109147096, -0.9294389656641068, -0.1861078764326466]",1.2810850492950214,0.0025417765942192124,0.002110292702324043,0.8302431878252016,2.8236772981611598,1.0000000000000024,0.043396315640655894,1.063214227863062,0.1744745057913018,1.2376887336543638,1.2810850492950197,-1.7763568394002505e-15,0.0025417765942192124,0.8246380819496738,0.0011363242597754023,0.1716838171963339,0.9963218991460078,0.17282014145610933,1.0000000000000022
task-v2-7d4ec5aed494,g-a87f1b9ac089cc45,v2-S5-b000-g-a87f1b9ac089cc45,S5,D2,19,3.814697265625e-06,5.418539921951662,P3_CONTINUATION_B1,3301,3,120,terminal,"[6.6138877979973305, 5.626361225612009, 0.42275888659318117, 3.743773827546675, -0.9556214431185892, -0.17889124253313388]",1.3139421696951634,0.002898297410834684,0.002401240007233711,0.8285002078313884,2.880682870808354,1.0000000000000002,0.045800920141896684,1.0640184156292414,0.20412283392402975,1.2681412495532711,1.3139421696951679,4.440892098500626e-15,0.002898297410834684,0.7949349023066798,0.0015529708887080042,0.20061382939377778,0.9955487317004577,0.2021668002824858,1.0000000000000002
task-v2-7d4ec5aed494,g-a87f1b9ac089cc45,v2-S5-b000-g-a87f1b9ac089cc45,S5,D2,19,3.814697265625e-06,5.418539921951662,P3_CONTINUATION_B2,3301,3,240,terminal,"[6.654724109380017, 5.727040831355587, 0.7808459141222962, 3.7914267389764897, -1.0126812260320528, -0.16663680508553075]",1.2671359702299645,0.003678602371962988,0.0030224699555759654,0.8216354065914182,2.9842227684957328,0.9999999999999998,0.04421878894158365,1.0614140382509667,0.16150314303741525,1.222917181288382,1.2671359702299656,1.1102230246251565e-15,0.003678602371962988,0.8366463664272152,0.0015883566570828959,0.15808667454373865,0.994733040970954,0.15967503120082155,0.9999999999999998
task-v2-7d4ec5aed494,g-a87f1b9ac089cc45,v2-S5-b000-g-a87f1b9ac089cc45,S5,D2,19,3.814697265625e-06,5.418539921951662,P3_CONTINUATION_B4,3301,3,480,terminal,"[6.709772395199662, 6.04553677041727, 1.1041016738179468, 3.830085325700973, -1.0697123871857608, -0.15502129252228322]",1.2407886826726415,0.0037672465381792465,0.0031131677495422807,0.8263774929492431,2.9945639644186075,1.0000000000000007,0.04287010579370103,1.060709512759714,0.1372090641192295,1.1979185768789433,1.2407886826726444,2.886579864025407e-15,0.0037672465381792465,0.8607573927413044,0.0013144740989603071,0.13416088662155673,0.994918279362861,0.13547536072051702,1.0000000000000007
task-v2-7d4ec5aed494,g-a87f1b9ac089cc45,v2-S5-b000-g-a87f1b9ac089cc45,S5,D2,19,3.814697265625e-06,5.418539921951662,P3_NELDER_MEAD_B1,3301,3,120,terminal,"[6.898563163430888, 10.66743010925471, -0.004968279223649447, 3.94863643380385, -1.151781830915906, -0.0008502098938092948]",1.2237331463194983,0.0005334747212416651,0.0005257547545621995,0.9855288987986212,2.1456537671079197,0.9999999999999976,0.0358524121536019,1.0610110851290078,0.12686964903688527,1.187880734165893,1.223733146319495,-3.3306690738754696e-15,0.0005334747212416651,0.8732270481133876,0.0003321848757422075,0.12590729228962613,0.9991343404030139,0.12623947716536835,0.9999999999999976
task-v2-7d4ec5aed494,g-a87f1b9ac089cc45,v2-S5-b000-g-a87f1b9ac089cc45,S5,D2,19,3.814697265625e-06,5.418539921951662,P3_RANDOM_ORIGINAL,1103,3,120,terminal,"[2.991118096110228, 4.785396459815817, 5.029506310925399, 0.5712100541182132, 3.419438198763947, 2.041767534606724]",1.3499417307354746,0.0006909497764124412,0.0006029283989017149,0.8726081395267944,2.2579864025825236,0.9999999999999971,0.04506483746820132,1.0690691988666283,0.23580769440064597,1.3048768932672743,1.3499417307354755,8.881784197001252e-16,0.0006909497764124412,0.7656400030145945,0.0006497232194636197,0.2330193239895264,0.998659327004121,0.23366904720899004,0.999999999999997
task-v2-7d4ec5aed494,g-a87f1b9ac089cc45,v2-S5-b000-g-a87f1b9ac089cc45,S5,D2,19,3.814697265625e-06,5.418539921951662,P3_RANDOM_ORIGINAL,2207,3,120,terminal,"[4.937753179975045, 4.593908404922924, 3.1515599585143153, 0.5849734690451978, 0.11492954606828501, 2.0219052843279104]",1.3451439482496226,0.0007084899810283311,0.0006116349003954486,0.8632936481440385,2.268873635088598,1.0000000000000007,0.044305261158886465,1.0675528793237175,0.23328580776701566,1.3008386870907331,1.3451439482496197,-2.886579864025407e-15,0.0007084899810283311,0.7678041766061048,0.0005935707823511181,0.2308937626305163,0.9986979392366211,0.23148733341286742,1.0000000000000004
task-v2-7d4ec5aed494,g-a87f1b9ac089cc45,v2-S5-b000-g-a87f1b9ac089cc45,S5,D2,19,3.814697265625e-06,5.418539921951662,P3_RANDOM_ORIGINAL,3301,3,120,terminal,"[3.429233234984384, 4.491269987350189, 3.3407298138107513, 0.6302801478263528, 2.9680941107380376, 2.3067881843278055]",1.4615152939227067,0.0016620060029199735,0.0014562811450375573,0.8762189441428138,2.6391725100100496,0.999999999999997,0.052898132599073784,1.0736087962509786,0.33500836507265813,1.4086171613236367,1.4615152939227105,3.774758283725532e-15,0.0016620060029199735,0.6686599874379429,0.0014223914119005504,0.3282556151472337,0.9969156025851764,0.32967800655913426,0.9999999999999971
task-v2-7133b996bac7,g-a87f1b9ac089cc45,v2-S5-b000-g-a87f1b9ac089cc45,S5,D3,19,5.7220458984375e-06,5.24244866289598,P2_RANDOM_ORIGINAL,1103,2,120,terminal,"[3.3044483883013265, 5.995854955421595, 3.4313619716123083, -0.92538659008274]",1.6026079483060587,0.00226921185016015,0.0015105729299285265,0.6656817563428102,2.5983237057446313,1.0000000000000022,0.06553089130290049,1.0893633672903218,0.4477136897128348,1.5370770570031567,1.6026079483060571,-1.5543122344752192e-15,0.00226921185016015,0.5576655561224885,0.00122619250694167,0.43883903952041214,0.9965045956429006,0.4400652320273538,1.0000000000000024
task-v2-7133b996bac7,g-a87f1b9ac089cc45,v2-S5-b000-g-a87f1b9ac089cc45,S5,D3,19,5.7220458984375e-06,5.24244866289598,P2_RANDOM_ORIGINAL,2207,2,120,terminal,"[5.5562435213009245, 5.685944369417065, 3.642771129607981, -1.0505536819076824]",1.4448078123453976,0.0022064114852885187,0.0015154869523840795,0.6868559933125569,2.5861351724168613,0.9999999999999993,0.05176139553999769,1.0718791425729512,0.32116727423245184,1.393046416805403,1.4448078123454007,3.1086244689504383e-15,0.0022064114852885187,0.6794792503597349,0.0010195395672266637,0.3172947985877492,0.9967740489474843,0.31831433815497595,0.9999999999999993
task-v2-7133b996bac7,g-a87f1b9ac089cc45,v2-S5-b000-g-a87f1b9ac089cc45,S5,D3,19,5.7220458984375e-06,5.24244866289598,P2_RANDOM_ORIGINAL,3301,2,120,terminal,"[5.856422404041593, 4.495682629008839, 3.4873510162301637, -0.9742909604231572]",1.5262408820915705,0.0036029017007548026,0.002371465135470927,0.6582097799043778,2.7991010761697743,0.9999999999999978,0.058625479659414365,1.075180965586343,0.3924344368458156,1.4676154024321586,1.5262408820915727,2.220446049250313e-15,0.0036029017007548026,0.6084265741661783,0.001827634586787355,0.3861428895462774,0.9945694637124556,0.3879705241330647,0.9999999999999979
task-v2-7133b996bac7,g-a87f1b9ac089cc45,v2-S5-b000-g-a87f1b9ac089cc45,S5,D3,19,5.7220458984375e-06,5.24244866289598,P3_CONTINUATION_B1,1103,3,120,terminal,"[4.2736084701991155, 7.312157572484581, -0.7206059257232897, 3.778532220813761, -1.1604843415465245, 0.1687952199090724]",1.283894998584272,0.002447017480148236,0.0017045994996874934,0.6966029108971595,2.631085734619983,1.0000000000000027,0.04525628852467591,1.0646879063708634,0.17395080368873872,1.2386387100596021,1.283894998584278,5.995204332975845e-15,0.002447017480148236,0.8255746076141441,0.0006561316401681801,0.1713222432655419,0.996896850879686,0.17197837490571005,1.0000000000000024
task-v2-7133b996bac7,g-a87f1b9ac089cc45,v2-S5-b000-g-a87f1b9ac089cc45,S5,D3,19,5.7220458984375e-06,5.24244866289598,P3_CONTINUATION_B1,2207,3,120,terminal,"[6.307743384084228, 6.476522517006378, 0.6285873390362807, 3.803656382926736, -0.9606610115851297, -0.17770235333428203]",1.2538385200034345,0.0027628503772803756,0.0018646251337010966,0.674891825136238,2.683806029144023,1.0000000000000016,0.041947048232616926,1.0614345402146987,0.1504569315561179,1.2118914717708167,1.2538385200034337,-8.881784197001252e-16,0.0027628503772803756,0.8481690566543172,0.0007794664487415335,0.14828862651966263,0.9964576831739796,0.14906809296840412,1.0000000000000018
task-v2-7133b996bac7,g-a87f1b9ac089cc45,v2-S5-b000-g-a87f1b9ac089cc45,S5,D3,19,5.7220458984375e-06,5.24244866289598,P3_CONTINUATION_B1,3301,3,120,terminal,"[6.646942878793445, 5.249792066403244, 0.41837316785273726, 3.715446298866283, -0.9341896821844498, -0.1939806958930978]",1.3314764243189128,0.004117761835166481,0.002704521681985486,0.6567941008361262,2.857109886998259,0.9999999999999986,0.047326053275979524,1.064094632799609,0.22005573824332647,1.2841503710429354,1.331476424318915,2.220446049250313e-15,0.004117761835166481,0.7780635944636476,0.001482907570863355,0.21633573613032112,0.9943993305939686,0.21781864370118448,0.9999999999999984
task-v2-7133b996bac7,g-a87f1b9ac089cc45,v2-S5-b000-g-a87f1b9ac089cc45,S5,D3,19,5.7220458984375e-06,5.24244866289598,P3_CONTINUATION_B2,2207,3,240,terminal,"[6.380053533518654, 6.713603347144765, 1.015035209067364, 3.8536200964929184, -1.0380552086235069, -0.15277513966990602]",1.2220656163828212,0.0029960641981112497,0.002130358693454666,0.7110524183018729,2.7189997778602426,0.9999999999999999,0.04074978177736632,1.0602080497888329,0.12110778481662253,1.1813158346054553,1.2220656163828216,4.440892098500626e-16,0.0029960641981112497,0.8772006969998363,0.0006525091577082193,0.11915072964434417,0.9963514266441803,0.1198032388020524,0.9999999999999999
task-v2-7133b996bac7,g-a87f1b9ac089cc45,v2-S5-b000-g-a87f1b9ac089cc45,S5,D3,19,5.7220458984375e-06,5.24244866289598,P3_CONTINUATION_B4,2207,3,480,terminal,"[6.446409594293738, 6.968352472522596, 1.1054207408360266, 3.8705275283709195, -1.0589829482200424, -0.14713855492725111]",1.213063593703233,0.002635661847034201,0.001927836268215116,0.7314429468197632,2.66333835281357,0.9999999999999956,0.03987488163261489,1.060185566725309,0.11300314534531036,1.1731887120706195,1.2130635937032344,1.3322676295501878e-15,0.002635661847034201,0.8855724172833771,0.0005028889899540878,0.11128903187963027,0.9968614491630072,0.11179192086958434,0.9999999999999957
task-v2-7133b996bac7,g-a87f1b9ac089cc45,v2-S5-b000-g-a87f1b9ac089cc45,S5,D3,19,5.7220458984375e-06,5.24244866289598,P3_NELDER_MEAD_B1,2207,3,120,terminal,"[7.133629069007287, 10.621951793417495, 0.0007696327222309489, 3.95021572522156, -1.160123127274865, -0.0022154126146661244]",1.2242520380808641,0.0007176197311274463,0.0005040162299736722,0.7023444424832307,2.09834303412762,0.9999999999999978,0.03608717038329097,1.0612724403088816,0.12689242738869072,1.1881648676975722,1.2242520380808632,-8.881784197001252e-16,0.0007176197311274463,0.8730561970193611,0.00012338964969431577,0.1261027935998149,0.9991589906191759,0.1262261832495092,0.9999999999999978
task-v2-7133b996bac7,g-a87f1b9ac089cc45,v2-S5-b000-g-a87f1b9ac089cc45,S5,D3,19,5.7220458984375e-06,5.24244866289598,P3_RANDOM_ORIGINAL,1103,3,120,terminal,"[2.645346746556997, 4.666840279331827, 5.068280405736402, 0.5945918140833703, 3.399665021295026, 2.0765038710622057]",1.372919707611956,0.0011716047540416001,0.0007653365057644143,0.6532377946780161,2.3112297881536166,1.0000000000000004,0.04684648302163462,1.0703514044693074,0.2557218201210142,1.3260732245903215,1.3729197076119561,2.220446049250313e-16,0.0011716047540416001,0.745512335749346,0.0005215698251187337,0.25279448967149415,0.99830682542084,0.25331605949661284,1.0000000000000004
task-v2-7133b996bac7,g-a87f1b9ac089cc45,v2-S5-b000-g-a87f1b9ac089cc45,S5,D3,19,5.7220458984375e-06,5.24244866289598,P3_RANDOM_ORIGINAL,2207,3,120,terminal,"[4.70833123424687, 4.547623502438259, 3.0025738534517994, 0.03920143062978074, 0.48573798926117384, 1.918426723527522]",1.4792694609394017,0.0027622534599986734,0.0018786249345011938,0.6801059213813406,2.6837121891402003,0.9999999999999987,0.055426397203146946,1.0784686095785834,0.3453744541576753,1.4238430637362587,1.4792694609394057,3.9968028886505635e-15,0.0027622534599986734,0.6580629879605542,0.0014795485571271981,0.3376952100223186,0.995758197982873,0.33917475857944585,0.9999999999999987
task-v2-7133b996bac7,g-a87f1b9ac089cc45,v2-S5-b000-g-a87f1b9ac089cc45,S5,D3,19,5.7220458984375e-06,5.24244866289598,P3_RANDOM_ORIGINAL,3301,3,120,terminal,"[3.2593910078086727, 4.123963063348084, 3.3809901668826665, 0.4381786250516859, 2.949915098298462, 2.3357901792996985]",1.5144664661513518,0.0023682693308206514,0.0015846264101082575,0.6691073474988394,2.616879753783786,0.9999999999999987,0.05789807762094462,1.0824987514908975,0.37406963703951146,1.456568388530409,1.5144664661513536,1.7763568394002505e-15,0.0023682693308206514,0.6320119778170755,0.0011860801083386056,0.364433672743764,0.9964456505608396,0.3656197528521026,0.9999999999999989
task-v2-b9b3757d64c0,g-a87f1b9ac089cc45,v2-S5-b000-g-a87f1b9ac089cc45,S5,D4,19,7.62939453125e-06,5.11750992628768,P2_RANDOM_ORIGINAL,1103,2,120,terminal,"[3.598029142093777, 6.135909442258457, 3.515109583760944, -0.9515024582442685]",1.5597795772327272,0.003085008479978441,0.001586407014203555,0.514231006008334,2.6067662884341796,1.0000000000000007,0.06171458825735868,1.0836649494164785,0.4144000395588894,1.4980649889753679,1.5597795772327265,-6.661338147750939e-16,0.003085008479978441,0.5883934940899425,0.00047630609636550153,0.4080451913337145,0.9964386854236567,0.4085214974300799,1.0000000000000009
task-v2-b9b3757d64c0,g-a87f1b9ac089cc45,v2-S5-b000-g-a87f1b9ac089cc45,S5,D4,19,7.62939453125e-06,5.11750992628768,P2_RANDOM_ORIGINAL,2207,2,120,terminal,"[5.855801609338279, 4.260759453863629, 3.5442501732782845, -1.0321503420098712]",1.5355529277920832,0.0038895256473578045,0.0020029263401976946,0.5149538843016251,2.707406565840505,1.0000000000000016,0.05989416983104712,1.077635245350853,0.39802351261018526,1.4756587579610383,1.5355529277920854,2.220446049250313e-15,0.0038895256473578045,0.6026357347599649,0.0006598342685779988,0.392814905324101,0.9954506400840659,0.393474739592679,1.0000000000000018
task-v2-b9b3757d64c0,g-a87f1b9ac089cc45,v2-S5-b000-g-a87f1b9ac089cc45,S5,D4,19,7.62939453125e-06,5.11750992628768,P2_RANDOM_ORIGINAL,3301,2,120,terminal,"[5.530560640170587, 4.910928931805477, 3.5357921849832588, -1.0149117847322668]",1.5075165545486606,0.003596119054659991,0.0018674160058223693,0.519286480074262,2.673343987526288,0.9999999999999989,0.05727268556797649,1.077311633591895,0.37293223538878695,1.450243868980682,1.5075165545486586,-1.9984014443252818e-15,0.003596119054659991,0.6277658313698358,0.0005374024940119303,0.36810064708149126,0.9958664784513271,0.36863804957550317,0.9999999999999989
task-v2-b9b3757d64c0,g-a87f1b9ac089cc45,v2-S5-b000-g-a87f1b9ac089cc45,S5,D4,19,7.62939453125e-06,5.11750992628768,P3_CONTINUATION_B1,1103,3,120,terminal,"[4.6101885947872265, 7.027922106289522, 0.7179167770153954, 3.775481843591857, -0.8625061659818185, -0.18028887913831024]",1.2744052973752367,0.004802731227769188,0.002501851008162151,0.5209225520879774,2.798998209457392,1.0000000000000018,0.04461865989677162,1.0617834026392123,0.16800323483925114,1.2297866374784634,1.2744052973752351,-1.5543122344752192e-15,0.004802731227769188,0.8290665587143111,0.0007851910941403493,0.1653455189637813,0.9944120776780925,0.16613071005792163,1.000000000000002
task-v2-b9b3757d64c0,g-a87f1b9ac089cc45,v2-S5-b000-g-a87f1b9ac089cc45,S5,D4,19,7.62939453125e-06,5.11750992628768,P3_CONTINUATION_B1,2207,3,120,terminal,"[6.716471533017356, 5.202572701170464, 0.7289669619877459, 3.738638682031246, -0.970888078284737, -0.18941097957469072]",1.288782617382278,0.006813411092072841,0.0034605195522302724,0.5078982473634187,2.95087451948844,0.9999999999999987,0.046267368525699744,1.0607318194614141,0.18178342939516895,1.2425152488565832,1.288782617382283,4.884981308350689e-15,0.006813411092072841,0.8135846449155064,0.0010517952236439173,0.17855014876877548,0.9921347936842819,0.1796019439924194,0.9999999999999987
task-v2-b9b3757d64c0,g-a87f1b9ac089cc45,v2-S5-b000-g-a87f1b9ac089cc45,S5,D4,19,7.62939453125e-06,5.11750992628768,P3_CONTINUATION_B1,3301,3,120,terminal,"[6.186887864440247, 5.541178697104269, 0.4021249875838579, 3.711865657836354, -0.9200932755439749, -0.20489914529188644]",1.3283033902083514,0.004571645647698772,0.0023759986078605764,0.5197250161014956,2.77758248676571,0.999999999999997,0.046825226791195794,1.0651470970112018,0.21633106640595418,1.281478163417156,1.3283033902083516,2.220446049250313e-16,0.004571645647698772,0.7811985753742019,0.0005909533968967334,0.2136388255811995,0.9948374009554014,0.21422977897809625,0.9999999999999969
task-v2-b9b3757d64c0,g-a87f1b9ac089cc45,v2-S5-b000-g-a87f1b9ac089cc45,S5,D4,19,7.62939453125e-06,5.11750992628768,P3_CONTINUATION_B2,3301,3,240,terminal,"[6.367400206708684, 5.742075143185665, 0.8619378654973646, 3.782295190726341, -1.0062630369289407, -0.16917887987759633]",1.2598381495746183,0.006120962420728954,0.0032313917894731294,0.5279221742204877,2.904329639470882,0.9999999999999962,0.04465594205482483,1.0602179469778426,0.1549642605419525,1.215182207519795,1.25983814957462,1.7763568394002505e-15,0.006120962420728954,0.8407413332001816,0.0008141626532937584,0.15232354172579202,0.9930648749259734,0.15313770437908575,0.9999999999999962
task-v2-b9b3757d64c0,g-a87f1b9ac089cc45,v2-S5-b000-g-a87f1b9ac089cc45,S5,D4,19,7.62939453125e-06,5.11750992628768,P3_CONTINUATION_B4,3301,3,480,terminal,"[6.493734992617767, 6.071767737104991, 1.1326447841406269, 3.827042963835575, -1.0631831455974476, -0.15304406026721368]",1.2367492148889239,0.0057952832972534805,0.003186782362561222,0.5498924209747454,2.880584597204493,0.999999999999998,0.04351093958642615,1.059627545494589,0.13361072980790623,1.193238275302495,1.2367492148889214,-2.4424906541753444e-15,0.0057952832972534805,0.862288246920444,0.0006853599591993116,0.13123110982310132,0.9935193567435453,0.13191646978230062,0.999999999999998
task-v2-b9b3757d64c0,g-a87f1b9ac089cc45,v2-S5-b000-g-a87f1b9ac089cc45,S5,D4,19,7.62939453125e-06,5.11750992628768,P3_NELDER_MEAD_B1,3301,3,120,terminal,"[6.892904315018686, 10.561505057947901, -0.0018609039807114774, 3.9678952337178064, -1.1301891114781673, -0.003645782815190795]",1.2247561788064345,0.0008008038537904512,0.00046811655142812823,0.584558315013581,2.021036080763813,0.9999999999999997,0.03638781776215646,1.0610828590420147,0.12728550200226071,1.1883683610442755,1.2247561788064318,-2.6645352591003757e-15,0.0008008038537904512,0.8725223744400163,6.995337056932e-05,0.12660686833562362,0.99912924277564,0.12667682170619296,0.9999999999999998
task-v2-b9b3757d64c0,g-a87f1b9ac089cc45,v2-S5-b000-g-a87f1b9ac089cc45,S5,D4,19,7.62939453125e-06,5.11750992628768,P3_RANDOM_ORIGINAL,1103,3,120,terminal,"[2.869927654240147, 4.620393462975586, 5.031834678488594, 0.5949859441581755, 3.3553577707780575, 2.0824866191686384]",1.3630556624253143,0.0013706407633693372,0.000686831228806036,0.5011022925639929,2.254433570041574,0.9999999999999976,0.04614658635889042,1.070750605378078,0.24615847068834398,1.316909076066422,1.3630556624253123,-1.9984014443252818e-15,0.0013706407633693372,0.7549609918320368,0.00016671249466331035,0.24350165490992826,0.998462646741965,0.24366836740459155,0.9999999999999977
task-v2-b9b3757d64c0,g-a87f1b9ac089cc45,v2-S5-b000-g-a87f1b9ac089cc45,S5,D4,19,7.62939453125e-06,5.11750992628768,P3_RANDOM_ORIGINAL,2207,3,120,terminal,"[4.740657079672717, 4.79838767248189, 3.156458862152859, 0.013926835902862181, 0.5304977644211166, 1.8918041632063758]",1.4726932394969965,0.0037307851849825253,0.0018918249538936048,0.5070849325521983,2.6893101697904425,1.0000000000000004,0.05516808769783636,1.0784119791355165,0.33911317266364494,1.4175251517991614,1.4726932394969978,1.3322676295501878e-15,0.0037307851849825253,0.6628758882300791,0.0005160854646810808,0.3328772411202577,0.9957531293503368,0.3333933265849387,1.0000000000000004
task-v2-b9b3757d64c0,g-a87f1b9ac089cc45,v2-S5-b000-g-a87f1b9ac089cc45,S5,D4,19,7.62939453125e-06,5.11750992628768,P3_RANDOM_ORIGINAL,3301,3,120,terminal,"[3.0760794870713086, 4.241695280974589, 3.52171660013435, 0.5235971272100832, 3.2154873810113522, 2.1782504803422067]",1.4663588287799918,0.003092894122426363,0.0016335164696191326,0.5281514351799556,2.6078749795488547,1.0000000000000022,0.054728062033654,1.0733353713132554,0.3382953954330832,1.4116307667463386,1.4663588287799927,8.881784197001252e-16,0.003092894122426363,0.663169373905747,0.00042972395113057737,0.33330800802069815,0.9964773819264452,0.3337377319718287,1.0000000000000022
task-v2-11173062a501,g-a87f1b9ac089cc45,v2-S5-b000-g-a87f1b9ac089cc45,S5,D5,19,1.1444091796875e-05,4.941418667231999,P2_RANDOM_ORIGINAL,1103,2,120,terminal,"[3.1749066575287777, 5.437569107023978, 3.4120280287950466, -0.890396999791317]",1.5637343724398405,0.0031708231760073672,0.0013883516769821716,0.43785212858521944,2.44259069108644,0.9999999999999981,0.08947843362179314,1.1056475509943402,0.36860838782370764,1.4742559388180478,1.563734372439841,4.440892098500626e-16,0.003170823176007367,0.6414971442473119,0.00044563885925647266,0.3548863937174225,0.9963835379647341,0.355332032576679,0.9999999999999982
task-v2-11173062a501,g-a87f1b9ac089cc45,v2-S5-b000-g-a87f1b9ac089cc45,S5,D5,19,1.1444091796875e-05,4.941418667231999,P2_RANDOM_ORIGINAL,2207,2,120,terminal,"[5.2286187237450585, 4.146076661945227, 2.3059942489842524, 0.11395062740996487]",1.8520764660525812,0.003764112402109416,0.001354253186432209,0.35978021954745104,2.517081250873247,1.0000000000000024,0.14750661100476195,1.162722818305671,0.5418470367421471,1.704569855047818,1.8520764660525801,-1.1102230246251565e-15,0.0037641124021094157,0.4813060538902306,0.0007040073231502952,0.5142258263845121,0.9955318802747427,0.5149298337076623,1.0000000000000024
task-v2-11173062a501,g-a87f1b9ac089cc45,v2-S5-b000-g-a87f1b9ac089cc45,S5,D5,19,1.1444091796875e-05,4.941418667231999,P2_RANDOM_ORIGINAL,3301,2,120,terminal,"[4.8147342045464265, 3.771374559770481, 2.303021650952555, 0.10275334619635582]",1.9323240481316672,0.002764235227898212,0.0010182110288150792,0.36835180253066835,2.3829936646285836,0.9999999999999997,0.1557974316955598,1.1732085602466593,0.6033180561894473,1.7765266164361067,1.9323240481316664,-8.881784197001252e-16,0.002764235227898212,0.42660622489980904,0.0005320409574506212,0.5700974989148417,0.9967037238146507,0.5706295398722924,0.9999999999999996
task-v2-11173062a501,g-a87f1b9ac089cc45,v2-S5-b000-g-a87f1b9ac089cc45,S5,D5,19,1.1444091796875e-05,4.941418667231999,P3_CONTINUATION_B1,1103,3,120,terminal,"[4.592464442995022, 6.430744806445671, 0.9441405529729892, 3.695938272288876, -0.8522681383271544, -0.12988264038296676]",1.2440000007213836,0.01087707026961587,0.004619170690030409,0.42467048346039027,2.977930601465551,0.9999999999999997,0.06391130696086295,1.0714141869293756,0.10867450683114474,1.1800886937605204,1.2440000007213834,-2.220446049250313e-16,0.010877070269615869,0.8822257410930421,0.0008057866122051855,0.10609140202513671,0.9883171431181786,0.1068971886373419,0.9999999999999998
task-v2-11173062a501,g-a87f1b9ac089cc45,v2-S5-b000-g-a87f1b9ac089cc45,S5,D5,19,1.1444091796875e-05,4.941418667231999,P3_CONTINUATION_B1,2207,3,120,terminal,"[5.985625000782491, 4.214805270557156, -0.026379862462485436, 2.37550878219862, 0.07591663509277097, 0.03305917315609263]",1.6958462568229475,0.00600456851132986,0.0021235542489715735,0.3536564275958707,2.719900471663459,0.9999999999999973,0.13080513128947138,1.1330366124039069,0.43200451312956845,1.5650411255334753,1.6958462568229467,-8.881784197001252e-16,0.006004568511329859,0.577996134571266,0.001231558616115801,0.4147677383012856,0.9927638728725515,0.4159992969174014,0.9999999999999973
task-v2-11173062a501,g-a87f1b9ac089cc45,v2-S5-b000-g-a87f1b9ac089cc45,S5,D5,19,1.1444091796875e-05,4.941418667231999,P3_CONTINUATION_B1,3301,3,120,terminal,"[5.87229061402941, 4.28590310945057, 0.18237790757795017, 2.365698342158588, 0.21524947680451997, -0.1095793786178926]",1.700036063939118,0.006441342076069024,0.0022362162862605917,0.3471662054044013,2.7503950307885177,1.000000000000002,0.13173774821942458,1.1348987794085306,0.43339953631116496,1.5682983157196955,1.70003606393912,1.9984014443252818e-15,0.006441342076069024,0.5769741065932898,0.0012094264038258762,0.4153751249268173,0.992349231520107,0.4165845513306431,1.0000000000000022
task-v2-11173062a501,g-a87f1b9ac089cc45,v2-S5-b000-g-a87f1b9ac089cc45,S5,D5,19,1.1444091796875e-05,4.941418667231999,P3_CONTINUATION_B2,1103,3,240,terminal,"[4.82977518746098, 6.634139885968139, 1.1887198125305156, 3.774648874134752, -0.913126232096376, -0.1256735226018941]",1.2118252848788127,0.009601910407970725,0.004350390384371734,0.45307550263751617,2.923776316635875,1.000000000000001,0.060315690696408984,1.0708131992254204,0.08069639495698042,1.1515095941824007,1.2118252848788098,-2.886579864025407e-15,0.009601910407970723,0.911099525956348,0.0004432185030880582,0.0788553451325944,0.9899548710889422,0.07929856363568244,1.0000000000000013
task-v2-11173062a501,g-a87f1b9ac089cc45,v2-S5-b000-g-a87f1b9ac089cc45,S5,D5,19,1.1444091796875e-05,4.941418667231999,P3_CONTINUATION_B4,1103,3,480,terminal,"[5.3223738011957495, 6.8889736416881275, 1.2466061184685928, 3.8124489013771696, -0.9706766799896307, -0.12365507926244702]",1.1847513916532588,0.0076088492667084045,0.0036638441783337335,0.4815240846423964,2.8227376479306328,1.0000000000000004,0.054912919612011835,1.0693593960920125,0.06047907594923621,1.1298384720412487,1.1847513916532604,1.5543122344752192e-15,0.0076088492667084045,0.9329300805609375,0.00023148197446443911,0.05922958819789008,0.9921596687588277,0.05946107017235451,1.0000000000000004
task-v2-11173062a501,g-a87f1b9ac089cc45,v2-S5-b000-g-a87f1b9ac089cc45,S5,D5,19,1.1444091796875e-05,4.941418667231999,P3_NELDER_MEAD_B1,1103,3,120,terminal,"[6.184755343648693, 11.112396515385356, -0.0035776704872273043, 3.925443381171384, -1.1071550050156074, -0.005066243418569455]",1.1678295609892173,0.001107966578863374,0.00046849644751355876,0.4228434832341005,1.9859453275936108,1.0000000000000004,0.041134609717040346,1.0674114113715132,0.05928353990065939,1.1266949512721727,1.167829560989213,-4.218847493575595e-15,0.001107966578863374,0.9399347895893004,0.00011831940467249856,0.05883892442716403,0.9987737140164648,0.05895724383183654,1.0000000000000004
task-v2-11173062a501,g-a87f1b9ac089cc45,v2-S5-b000-g-a87f1b9ac089cc45,S5,D5,19,1.1444091796875e-05,4.941418667231999,P3_RANDOM_ORIGINAL,1103,3,120,terminal,"[1.8664589108502625, 4.861383561704779, 4.85055738364447, 0.37739114090496856, 3.145543410222644, 2.3055932627122133]",1.3526440048513035,0.004972440297188583,0.002291505522762076,0.46084123404311017,2.6379882445976603,1.0000000000000029,0.0653087266931735,1.0844538102994714,0.20288146785865624,1.2873352781581278,1.3526440048513013,-2.220446049250313e-15,0.0049724402971885835,0.7982322147965156,0.0006548054370890033,0.19614053946920973,0.9943727542657255,0.19679534490629874,1.0000000000000029
task-v2-11173062a501,g-a87f1b9ac089cc45,v2-S5-b000-g-a87f1b9ac089cc45,S5,D5,19,1.1444091796875e-05,4.941418667231999,P3_RANDOM_ORIGINAL,2207,3,120,terminal,"[4.671527547121308, 4.394917814973239, 3.310880167601672, -0.02252602252050549, 0.5316480973090038, 1.9645732508826204]",1.3827212609851782,0.0051886949782224715,0.002262805405309691,0.43610299214097886,2.656476808312661,0.9999999999999994,0.06841404831932958,1.0838890036092925,0.23041820905655575,1.3143072126658484,1.382721260985178,-2.220446049250313e-16,0.005188694978222472,0.7729019786962055,0.0005960063514760062,0.22131331997409548,0.994215298670301,0.22190932632557148,0.9999999999999996
task-v2-11173062a501,g-a87f1b9ac089cc45,v2-S5-b000-g-a87f1b9ac089cc45,S5,D5,19,1.1444091796875e-05,4.941418667231999,P3_RANDOM_ORIGINAL,3301,3,120,terminal,"[3.137711351881143, 4.183737510242496, 3.516675799790598, 0.33014974957527, 2.9263868969547264, 2.4723355352090124]",1.4496953036732858,0.006560855915757199,0.002827859533387907,0.43101991107535836,2.75837916746778,1.0,0.07501009163790186,1.0857494768574347,0.2889357351779476,1.3746852120353823,1.4496953036732843,-1.5543122344752192e-15,0.006560855915757199,0.714573941184675,0.0009059759242833075,0.2779592269752846,0.9925331681599595,0.2788652028995679,1.0
task-v2-c95d7e1ff6e7,g-a87f1b9ac089cc45,v2-S5-b000-g-a87f1b9ac089cc45,S5,D6,19,1.52587890625e-05,4.816479930623699,P2_RANDOM_ORIGINAL,1103,2,120,terminal,"[2.4973023032769386, 4.459010848409388, 2.2396582916962138, 0.09065704775873534]",1.953129236940592,0.001226280558359421,0.0002413920382320095,0.19684894829854904,1.9050697735695132,1.0000000000000018,0.19890613361839715,1.2361369279903291,0.5180861753318663,1.7542231033221953,1.9531292369405926,6.661338147750939e-16,0.001226280558359421,0.5300022766787821,5.057701614050136e-05,0.4687208657467199,0.9987231424255019,0.4687714427628604,1.0000000000000018
task-v2-c95d7e1ff6e7,g-a87f1b9ac089cc45,v2-S5-b000-g-a87f1b9ac089cc45,S5,D6,19,1.52587890625e-05,4.816479930623699,P2_RANDOM_ORIGINAL,2207,2,120,terminal,"[5.081952603947341, 3.127935499730127, 3.1464629182892114, -0.754637417330586]",1.4405345852132978,0.003783959734541896,0.0013719157989419651,0.36256088732087305,2.394426437011143,1.0000000000000013,0.09728392897658963,1.1119231842413038,0.23132747199540468,1.3432506562367084,1.440534585213298,2.220446049250313e-16,0.003783959734541896,0.7761921159003161,0.00022072141882290033,0.21980320294632025,0.9959953188466364,0.22002392436514315,1.000000000000001
task-v2-c95d7e1ff6e7,g-a87f1b9ac089cc45,v2-S5-b000-g-a87f1b9ac089cc45,S5,D6,19,1.52587890625e-05,4.816479930623699,P2_RANDOM_ORIGINAL,3301,2,120,terminal,"[2.1150476099639195, 2.08803740505908, 2.4733721332841783, -0.4153136182378925]",1.8243528272922718,0.0006649557676505575,0.00018170572141628356,0.2732598621684144,1.6392726879505886,0.9999999999999989,0.16857789874914383,1.192075729490654,0.46369919905247603,1.65577492854313,1.824352827292274,2.220446049250313e-15,0.0006649557676505575,0.5720838219909063,1.0696638480069082e-05,0.4272405256029621,0.9993243475938683,0.4272512222414422,0.9999999999999991
task-v2-c95d7e1ff6e7,g-a87f1b9ac089cc45,v2-S5-b000-g-a87f1b9ac089cc45,S5,D6,19,1.52587890625e-05,4.816479930623699,P3_CONTINUATION_B1,1103,3,120,terminal,"[2.978522641875805, 4.427405836047122, -0.0009179089523171544, 2.2132885323837077, 0.0900166755200449, -0.005492175768651814]",1.9470965697673719,0.0013483678704320815,0.00030492563507546606,0.22614424576710904,1.9462883260149804,1.0000000000000027,0.19536987327130867,1.2315311418208088,0.5201955546752557,1.7517266964960645,1.9470965697673732,1.3322676295501878e-15,0.0013483678704320817,0.5312155421490468,5.1800360840029405e-05,0.4673842896196838,0.9985998317687305,0.46743608998052383,1.0000000000000027
task-v2-c95d7e1ff6e7,g-a87f1b9ac089cc45,v2-S5-b000-g-a87f1b9ac089cc45,S5,D6,19,1.52587890625e-05,4.816479930623699,P3_CONTINUATION_B1,2207,3,120,terminal,"[4.95216031708634, 3.0597105961196482, 0.19536945341580902, 3.152360620680431, -0.6665956141488077, -0.09742646961917023]",1.412615898623212,0.004987803532022092,0.001760741926616198,0.3530094790847506,2.5143892690470615,0.9999999999999998,0.09682092106495292,1.110881365788137,0.2049136117701209,1.3157949775582578,1.4126158986232107,-1.3322676295501878e-15,0.004987803532022092,0.8004147208941633,0.0002549333629355401,0.19434254221087896,0.9947572631050422,0.19459747557381452,1.0
task-v2-c95d7e1ff6e7,g-a87f1b9ac089cc45,v2-S5-b000-g-a87f1b9ac089cc45,S5,D6,19,1.52587890625e-05,4.816479930623699,P3_CONTINUATION_B1,3301,3,120,terminal,"[2.044438278727583, 1.8804525216521932, -0.11010783430719855, 2.4669186616394683, -0.48293152729609407, 0.06597768633114343]",1.7986895713050972,0.0006236351010282877,0.00017043815407163603,0.27329788491797075,1.6114104819029798,1.0000000000000004,0.1685326540561385,1.193422134244201,0.43673478300475427,1.6301569172489554,1.7986895713050939,-3.3306690738754696e-15,0.0006236351010282876,0.5971442392914497,1.1145990651002934e-05,0.40222097961687153,0.9993652189083212,0.4022321256075225,1.0000000000000004
task-v2-c95d7e1ff6e7,g-a87f1b9ac089cc45,v2-S5-b000-g-a87f1b9ac089cc45,S5,D6,19,1.52587890625e-05,4.816479930623699,P3_CONTINUATION_B2,2207,3,240,terminal,"[4.896129260627401, 3.0085546209582557, 0.3875385716037642, 3.150458424922407, -0.6058252721467134, -0.1481117618688861]",1.3833785706946666,0.007226822162436386,0.002493432730561271,0.34502478053516367,2.675427298359163,0.9999999999999986,0.09543037813220373,1.105196131086187,0.18275206147627548,1.2879481925624625,1.3833785706946662,-4.440892098500626e-16,0.007226822162436386,0.8192590043479541,0.00030527235457990725,0.17320890113502807,0.9924679054829821,0.17351417348960796,0.9999999999999984
task-v2-c95d7e1ff6e7,g-a87f1b9ac089cc45,v2-S5-b000-g-a87f1b9ac089cc45,S5,D6,19,1.52587890625e-05,4.816479930623699,P3_CONTINUATION_B4,2207,3,480,terminal,"[4.843772877839341, 2.9087736616217725, 0.679834784579102, 3.147755881620619, -0.5983503677768622, -0.15017259335622385]",1.352531063178197,0.01003597058763796,0.003422782540554261,0.3410514718696319,2.8180393104837638,0.999999999999998,0.09425943647614904,1.0995155627821447,0.1587560639199006,1.2582716267020453,1.3525310631781944,-2.6645352591003757e-15,0.01003597058763796,0.839163136775497,0.00037381536572177133,0.15042707727114127,0.9895902140466384,0.15080089263686303,0.999999999999998
task-v2-c95d7e1ff6e7,g-a87f1b9ac089cc45,v2-S5-b000-g-a87f1b9ac089cc45,S5,D6,19,1.52587890625e-05,4.816479930623699,P3_NELDER_MEAD_B1,2207,3,120,terminal,"[4.408410929855858, 3.4509576894563683, 8.695122990420889e-05, 3.1533161230504145, -0.7463542779300338, 0.0004167761715770213]",1.4325716528071581,0.0037269738186963097,0.0013098839309000994,0.3514604595098269,2.3878362725496185,1.000000000000001,0.09863618411840619,1.1111797698374353,0.22275569885131433,1.3339354686887497,1.432571652807156,-2.220446049250313e-15,0.0037269738186963097,0.7829061873765015,0.00023178298840209025,0.21313505581640108,0.9960412431929028,0.2133668388048032,1.000000000000001
task-v2-c95d7e1ff6e7,g-a87f1b9ac089cc45,v2-S5-b000-g-a87f1b9ac089cc45,S5,D6,19,1.52587890625e-05,4.816479930623699,P3_RANDOM_ORIGINAL,1103,3,120,terminal,"[1.7252387073807265, 4.346306898677611, 4.468499419186486, 0.39130313179883874, 3.145452499396715, 2.347846679159065]",1.318465089655528,0.006404711028052675,0.002472081982219945,0.3859786915275662,2.6229794703635334,0.9999999999999987,0.0777806418660511,1.08845553370409,0.15222891408538855,1.2406844477894785,1.3184650896555297,1.5543122344752192e-15,0.006404711028052675,0.8467345952702157,0.00030740659526646565,0.14655328710646381,0.9932878823766795,0.14686069370173027,0.9999999999999987
task-v2-c95d7e1ff6e7,g-a87f1b9ac089cc45,v2-S5-b000-g-a87f1b9ac089cc45,S5,D6,19,1.52587890625e-05,4.816479930623699,P3_RANDOM_ORIGINAL,2207,3,120,terminal,"[5.984829973604437, 5.068573543377935, 3.415595477930136, 0.6893426035456522, 0.006925354619028757, 2.041065635577092]",1.1962786162289976,0.0008227791909541898,0.0002698035314298621,0.32791730077296527,1.7317632299710701,0.9999999999999941,0.05542383861059194,1.082275404204636,0.05857937341376768,1.1408547776184037,1.1962786162289956,-1.9984014443252818e-15,0.0008227791909541898,0.9419865407628514,9.971357439830037e-06,0.05718070868874864,0.9991672494516001,0.05719068004618845,0.999999999999994
task-v2-c95d7e1ff6e7,g-a87f1b9ac089cc45,v2-S5-b000-g-a87f1b9ac089cc45,S5,D6,19,1.52587890625e-05,4.816479930623699,P3_RANDOM_ORIGINAL,3301,3,120,terminal,"[2.7313751867382563, 4.1011755159358785, 3.50865161596211, 0.5813353806351869, 2.89496440289957, 2.4469757568632313]",1.4890539464046113,0.0040838585063571065,0.0014444449139414364,0.35369612137466383,2.427550617277345,1.0000000000000004,0.09772489025388063,1.1083382467061382,0.2829908094445921,1.3913290561507303,1.4890539464046109,-4.440892098500626e-16,0.0040838585063571065,0.7271294514223805,0.0003157987125750121,0.26847089135868757,0.995600342781068,0.26878669007126255,1.0000000000000002
task-v2-f5c9b9bdeb27,g-a87f1b9ac089cc45,v2-S5-b000-g-a87f1b9ac089cc45,S5,D7,19,1.9073486328125e-05,4.719569917615643,P2_RANDOM_ORIGINAL,1103,2,120,terminal,"[2.197957776992403, 4.542662398662879, 2.189133895079163, 0.08969170490899049]",1.8397922328992635,0.0011279486052409781,0.00019354814792740707,0.17159305577230347,1.7718592291701045,1.0000000000000009,0.20006896381645053,1.2435345592201663,0.39618870986264576,1.639723269082812,1.8397922328992626,-8.881784197001252e-16,0.001127948605240978,0.6434761478043634,0.0,0.3553959035903967,0.99887205139476,0.3553959035903967,1.000000000000001
task-v2-f5c9b9bdeb27,g-a87f1b9ac089cc45,v2-S5-b000-g-a87f1b9ac089cc45,S5,D7,19,1.9073486328125e-05,4.719569917615643,P2_RANDOM_ORIGINAL,2207,2,120,terminal,"[6.487422177937001, 4.489335658746522, 2.4302172968027707, 0.09463589246260522]",1.4127457292647132,0.006813227341655313,0.0015204493637917507,0.22316140171866755,2.552922798200298,1.0000000000000029,0.13317225597273125,1.1279781026447993,0.15159537064718295,1.2795734732919821,1.4127457292647134,2.220446049250313e-16,0.006813227341655315,0.8457690879591232,0.0,0.14741768469922423,0.9931867726583474,0.14741768469922423,1.0000000000000027
task-v2-f5c9b9bdeb27,g-a87f1b9ac089cc45,v2-S5-b000-g-a87f1b9ac089cc45,S5,D7,19,1.9073486328125e-05,4.719569917615643,P2_RANDOM_ORIGINAL,3301,2,120,terminal,"[2.200733833414021, 4.372390561604945, 2.197852658414611, 0.09015247066101743]",1.8404694544486124,0.0012099672825750907,0.0002135512976087517,0.1764934479503157,1.8023435448005196,1.0,0.19957464346603035,1.2418520184137072,0.39904279256887487,1.640894810982582,1.8404694544486124,0.0,0.001209967282575091,0.6406048334744567,0.0,0.35818519924296816,0.9987900327174248,0.35818519924296816,1.0
task-v2-f5c9b9bdeb27,g-a87f1b9ac089cc45,v2-S5-b000-g-a87f1b9ac089cc45,S5,D7,19,1.9073486328125e-05,4.719569917615643,P3_CONTINUATION_B1,1103,3,120,terminal,"[2.194296088594535, 4.501257578910358, -0.0018771893628099176, 2.1898234775526233, 0.09013355631040318, 8.538807279551283e-05]",1.839462845016027,0.0011441517423558094,0.00019653840693031484,0.17177652198968127,1.7780535439061942,0.9999999999999986,0.19999455033684502,1.2433102027601617,0.39615809191902096,1.6394682946791828,1.8394628450160275,4.440892098500626e-16,0.0011441517423558096,0.6434384567692307,0.0,0.355417391488412,0.9988558482576427,0.355417391488412,0.9999999999999986
task-v2-f5c9b9bdeb27,g-a87f1b9ac089cc45,v2-S5-b000-g-a87f1b9ac089cc45,S5,D7,19,1.9073486328125e-05,4.719569917615643,P3_CONTINUATION_B1,2207,3,120,terminal,"[7.231260715309553, 4.540096578082909, 0.021274348748935783, 2.387430247613423, 0.10170232843052894, -0.02233652419739887]",1.3260430211283492,0.008446371830496218,0.0025005728602707977,0.29605289826837883,2.6462401138589473,1.0000000000000004,0.11348708370687807,1.1154889978877316,0.09706693953373793,1.2125559374214696,1.3260430211283476,-1.5543122344752192e-15,0.008446371830496218,0.8992183895540761,0.0,0.09233523861542808,0.9915536281695041,0.09233523861542808,1.0000000000000004
task-v2-f5c9b9bdeb27,g-a87f1b9ac089cc45,v2-S5-b000-g-a87f1b9ac089cc45,S5,D7,19,1.9073486328125e-05,4.719569917615643,P3_CONTINUATION_B1,3301,3,120,terminal,"[2.1859366248302243, 4.436749280696731, 0.4771825442453397, 2.1565588238486946, 0.17577070014599902, -0.07705640244306708]",1.8279670656048737,0.001522719406706067,0.00024059530060321056,0.15800370018509463,1.9021898003698217,0.9999999999999992,0.1993456450920389,1.2437247742385726,0.38489664627426357,1.6286214205128362,1.8279670656048752,1.5543122344752192e-15,0.0015227194067060667,0.6538590426731261,0.0,0.34461823792016694,0.9984772805932931,0.34461823792016694,0.9999999999999991
task-v2-f5c9b9bdeb27,g-a87f1b9ac089cc45,v2-S5-b000-g-a87f1b9ac089cc45,S5,D7,19,1.9073486328125e-05,4.719569917615643,P3_CONTINUATION_B2,2207,3,240,terminal,"[7.313731452124091, 4.609986104071727, 0.14495495079035206, 2.400307411754112, 0.20956446768250958, -0.1267784899772107]",1.316762858803158,0.010598155718931065,0.0030791276069221133,0.2905342862081173,2.744800213939043,1.0000000000000013,0.1128747420422246,1.1101733540868728,0.09371476267406112,1.2038881167609339,1.3167628588031586,6.661338147750939e-16,0.010598155718931067,0.9007916065791117,0.0,0.08861023770195844,0.98940184428107,0.08861023770195844,1.0000000000000013
task-v2-f5c9b9bdeb27,g-a87f1b9ac089cc45,v2-S5-b000-g-a87f1b9ac089cc45,S5,D7,19,1.9073486328125e-05,4.719569917615643,P3_CONTINUATION_B4,2207,3,480,terminal,"[7.293565401533964, 4.682684669152869, 0.4011430582374051, 2.3860729962171514, 0.2797050745578238, -0.1873172213403813]",1.3034452051253225,0.012352579880086869,0.0034982120955315186,0.2831968810961389,2.811327588626299,1.0000000000000044,0.11043577742400866,1.1068821734717733,0.08612725422954244,1.1930094277013157,1.3034452051253242,1.7763568394002505e-15,0.012352579880086869,0.9064601304069391,0.0,0.0811872897129785,0.9876474201199177,0.0811872897129785,1.0000000000000044
task-v2-f5c9b9bdeb27,g-a87f1b9ac089cc45,v2-S5-b000-g-a87f1b9ac089cc45,S5,D7,19,1.9073486328125e-05,4.719569917615643,P3_NELDER_MEAD_B1,2207,3,120,terminal,"[7.320648601763043, 4.5527317764434265, -0.0002906451424667385, 2.3949649827787463, 0.08386831650816387, -0.000196369752301924]",1.324775683395781,0.009237860181929786,0.0027563303240504835,0.2983732455100535,2.6851413023852433,1.0000000000000004,0.11332023237212567,1.113031498675304,0.09842395234834891,1.211455451023653,1.3247756833957787,-2.220446049250313e-15,0.009237860181929786,0.8975600723302581,0.0,0.09320206748781247,0.9907621398180706,0.09320206748781247,1.0000000000000004
task-v2-f5c9b9bdeb27,g-a87f1b9ac089cc45,v2-S5-b000-g-a87f1b9ac089cc45,S5,D7,19,1.9073486328125e-05,4.719569917615643,P3_RANDOM_ORIGINAL,1103,3,120,terminal,"[1.5400257932641632, 4.379429317113638, 4.492313774327581, 0.4169302751249719, 3.1260027305901708, 2.3667380570335714]",1.312618512473818,0.006366673880631039,0.0022650485496464997,0.3557663847896034,2.5234825222353012,1.0000000000000013,0.08345770676196212,1.093132878939098,0.13602792677276176,1.2291608057118597,1.3126185124738219,3.774758283725532e-15,0.00636667388063104,0.8625504300059671,0.0,0.131082896113403,0.9936333261193702,0.131082896113403,1.000000000000001
task-v2-f5c9b9bdeb27,g-a87f1b9ac089cc45,v2-S5-b000-g-a87f1b9ac089cc45,S5,D7,19,1.9073486328125e-05,4.719569917615643,P3_RANDOM_ORIGINAL,2207,3,120,terminal,"[3.960348396303368, 3.8370037299662414, 3.0171792611799284, 0.29234817718723566, 0.7226447220257723, 1.5526668161838013]",1.7058474229262064,0.0031161999410096023,0.0008858475717362524,0.28427173753467533,2.213195232627539,0.9999999999999991,0.14043313043367922,1.141697119368549,0.42371717312397733,1.5654142924925263,1.7058474229262055,-8.881784197001252e-16,0.003116199941009602,0.6047622847736315,0.0,0.392121515285358,0.9968838000589895,0.392121515285358,0.9999999999999991
task-v2-f5c9b9bdeb27,g-a87f1b9ac089cc45,v2-S5-b000-g-a87f1b9ac089cc45,S5,D7,19,1.9073486328125e-05,4.719569917615643,P3_RANDOM_ORIGINAL,3301,3,120,terminal,"[2.683205206052142, 3.940874925023286, 3.6705543802813265, 0.37521895762200774, 3.184286956696754, 2.33988670577855]",1.4272475110717067,0.004682152600795027,0.0013127255348363556,0.2803679518291342,2.3900154817398547,0.9999999999999984,0.10219080245989465,1.1115306511201104,0.21352605749170414,1.3250567086118146,1.4272475110717093,2.6645352591003757e-15,0.004682152600795028,0.7892005079912574,0.0,0.20611733940794608,0.9953178473992035,0.20611733940794608,0.9999999999999986
task-v2-420d9636beee,g-e0c69f84d376b633,v2-S5-b001-g-e0c69f84d376b633,S5,D1,19,1.9073486328125e-06,5.719569917615643,P2_RANDOM_ORIGINAL,1103,2,120,terminal,"[4.612840705462802, 4.410757818983318, 0.5539584149385368, -1.1370973824703121]",1.6363143864257585,0.0008834380034333239,0.0008834380034333239,1.0,2.6657459952710743,1.0000000000000009,0.05788444269971591,1.0942963353714785,0.48413360835456104,1.5784299437260396,1.6363143864257554,-3.1086244689504383e-15,0.0008834380034333239,0.5198445668470362,0.0028525424145381586,0.4764194527349933,0.9962640195820295,0.47927199514953156,1.0000000000000009
task-v2-420d9636beee,g-e0c69f84d376b633,v2-S5-b001-g-e0c69f84d376b633,S5,D1,19,1.9073486328125e-06,5.719569917615643,P2_RANDOM_ORIGINAL,2207,2,120,terminal,"[5.392604447868736, 4.151854663178419, 2.929015438523116, -0.6059251944186202]",1.7947162104684629,0.0016326294325412964,0.0016326294325412964,1.0,2.93245753917697,0.9999999999999987,0.07115587247701605,1.0961499404194313,0.6274103975720094,1.7235603379914406,1.7947162104684566,-6.217248937900877e-15,0.0016326294325412964,0.381325350866262,0.009028617644161798,0.6080134020570336,0.9893387529232955,0.6170420197011952,0.9999999999999987
task-v2-420d9636beee,g-e0c69f84d376b633,v2-S5-b001-g-e0c69f84d376b633,S5,D1,19,1.9073486328125e-06,5.719569917615643,P2_RANDOM_ORIGINAL,3301,2,120,terminal,"[5.584981185237419, 3.1662429007720676, 3.6278522782793137, -1.1577251018233496]",1.7096684948536054,0.0010539537281499562,0.0010539537281499562,1.0,2.7423914620308185,0.9999999999999982,0.06390701768684966,1.0978987919591883,0.547862685207566,1.6457614771667544,1.709668494853604,-1.3322676295501878e-15,0.0010539537281499562,0.4578502491411881,0.004476699054574252,0.5366190980760859,0.9944693472172741,0.5410957971306601,0.9999999999999982
task-v2-420d9636beee,g-e0c69f84d376b633,v2-S5-b001-g-e0c69f84d376b633,S5,D1,19,1.9073486328125e-06,5.719569917615643,P3_CONTINUATION_B1,1103,3,120,terminal,"[5.115729234231051, 5.302522268090343, 0.63630629706898, 0.7472997521196892, -1.0654119576346623, -0.1617125902749346]",1.430296780991104,0.0022351139992961796,0.0022351139992961796,1.0,3.0688695963152175,1.0000000000000022,0.04746323817064383,1.081037634566824,0.30179590825363756,1.3828335428204617,1.4302967809911054,1.3322676295501878e-15,0.0022351139992961796,0.6990763496068376,0.003089841014823219,0.2955986953790452,0.9946750449858826,0.2986885363938684,1.0000000000000022
task-v2-420d9636beee,g-e0c69f84d376b633,v2-S5-b001-g-e0c69f84d376b633,S5,D1,19,1.9073486328125e-06,5.719569917615643,P3_CONTINUATION_B1,2207,3,120,terminal,"[5.210322791363064, 4.721160926743077, 0.8077399694295623, 2.820640958777088, -0.4065851938462035, -0.14844274082307754]",1.6878999414455005,0.005018100516264105,0.005018100516264105,1.0,3.4201092739209846,1.0000000000000007,0.06762411164116539,1.0765071250084564,0.5437687047958787,1.620275829804335,1.6878999414455005,0.0,0.005018100516264105,0.46101143174787534,0.01983325011921147,0.5141372176166497,0.975148649364525,0.5339704677358612,1.0000000000000004
task-v2-420d9636beee,g-e0c69f84d376b633,v2-S5-b001-g-e0c69f84d376b633,S5,D1,19,1.9073486328125e-06,5.719569917615643,P3_CONTINUATION_B1,3301,3,120,terminal,"[6.0408289155067445, 3.847556556712147, 0.21974181346280286, 3.781149647752285, -1.1106090043636867, -0.16456296783690982]",1.6035255453214772,0.0017252700426642433,0.0017252700426642433,1.0,2.9564269989728693,0.9999999999999949,0.057380454194723596,1.0901686719750763,0.45597641915167264,1.546145091126749,1.6035255453214725,-4.6629367034256575e-15,0.0017252700426642433,0.5477701536075552,0.004910890016982984,0.4455936863327925,0.9933638399403476,0.4505045763497755,0.9999999999999949
task-v2-420d9636beee,g-e0c69f84d376b633,v2-S5-b001-g-e0c69f84d376b633,S5,D1,19,1.9073486328125e-06,5.719569917615643,P3_CONTINUATION_B2,1103,3,240,terminal,"[5.060991181073298, 5.5521247911459, 0.9945621568471439, 0.7877225702750411, -1.112016211074556, -0.1385417995921721]",1.3891161659128795,0.0027419387060167166,0.0027419387060167166,1.0,3.1576276598502298,0.9999999999999989,0.046925632981679066,1.0791544284482018,0.26303610448299874,1.3421905329312005,1.3891161659128795,0.0,0.0027419387060167166,0.7371854749172593,0.003360278827124635,0.2567123075495985,0.9938977824668576,0.26007258637672315,0.9999999999999991
task-v2-420d9636beee,g-e0c69f84d376b633,v2-S5-b001-g-e0c69f84d376b633,S5,D1,19,1.9073486328125e-06,5.719569917615643,P3_CONTINUATION_B4,1103,3,480,terminal,"[5.043491567809786, 5.740884314590889, 1.2091898172066171, 0.8087991792498053, -1.1364160711225937, -0.1274286535578883]",1.3759652496355215,0.002752409967079201,0.002752409967079201,1.0,3.159283039468264,0.9999999999999966,0.0468613382832002,1.0788069644251457,0.25029694692717275,1.3291039113523184,1.3759652496355186,-2.886579864025407e-15,0.002752409967079201,0.7498790660657976,0.0033939422759362214,0.24397458169118375,0.993853647756981,0.24736852396711997,0.9999999999999967
task-v2-420d9636beee,g-e0c69f84d376b633,v2-S5-b001-g-e0c69f84d376b633,S5,D1,19,1.9073486328125e-06,5.719569917615643,P3_NELDER_MEAD_B1,1103,3,120,terminal,"[5.690763237891996, 7.816684916137857, -0.0036457850568122193, 0.8562080530443503, -1.2183328981533312, -0.0024685252830151704]",1.420515684588674,0.00022975488002991082,0.00022975488002991082,1.0,2.080834662255092,0.9999999999999982,0.0399293559830844,1.0812666530364552,0.2993196755691294,1.3805863286055846,1.420515684588669,-4.884981308350689e-15,0.00022975488002991082,0.7030607805626875,0.0012038693332197142,0.29550559522406084,0.9985663757867487,0.29670946455728053,0.999999999999998
task-v2-420d9636beee,g-e0c69f84d376b633,v2-S5-b001-g-e0c69f84d376b633,S5,D1,19,1.9073486328125e-06,5.719569917615643,P3_RANDOM_ORIGINAL,1103,3,120,terminal,"[2.597188229263622, 4.129806618071402, 3.958578801880873, 0.8719659425436388, 2.8615318052479815, 2.351771020194011]",1.5729888954802083,0.0005028094008096914,0.0005028094008096914,1.0,2.4209733065213843,1.0000000000000038,0.0494735733713167,1.0866290442551194,0.4368862778537683,1.5235153221088877,1.5729888954802045,-3.774758283725532e-15,0.0005028094008096914,0.5663526750335132,0.0023377617340599763,0.4308067538316208,0.997159428865134,0.4331445155656808,1.0000000000000036
task-v2-420d9636beee,g-e0c69f84d376b633,v2-S5-b001-g-e0c69f84d376b633,S5,D1,19,1.9073486328125e-06,5.719569917615643,P3_RANDOM_ORIGINAL,2207,3,120,terminal,"[5.175400095290817, 4.793968340961035, 3.2308505377697907, 0.8012864652039587, 0.14955539870779366, 1.8327964727040633]",1.41318814452266,0.00022441895482164928,0.00022441895482164928,1.0,2.0706294530286184,0.9999999999999987,0.03995870701717266,1.0821409890897322,0.2910884484157634,1.3732294375054956,1.4131881445226684,8.43769498715119e-15,0.00022441895482164928,0.7109393403833004,0.0007073933575809502,0.28812884730429567,0.999068187687596,0.28883624066187663,0.9999999999999987
task-v2-420d9636beee,g-e0c69f84d376b633,v2-S5-b001-g-e0c69f84d376b633,S5,D1,19,1.9073486328125e-06,5.719569917615643,P3_RANDOM_ORIGINAL,3301,3,120,terminal,"[3.271037938406311, 4.20923392411483, 2.726775927832762, 0.7904375432707296, 2.982655587223876, 2.223674120868393]",1.5317005181327583,0.0004468920777324513,0.0004468920777324513,1.0,2.369772573400242,0.999999999999998,0.04740210448241097,1.0855444300004669,0.3987539836498817,1.4842984136503485,1.5317005181327594,1.1102230246251565e-15,0.0004468920777324513,0.6035383911530817,0.0015574114272193745,0.3944573053419644,0.9979956964950463,0.39601471676918376,0.9999999999999978
task-v2-e449b07a1126,g-e0c69f84d376b633,v2-S5-b001-g-e0c69f84d376b633,S5,D2,19,3.814697265625e-06,5.418539921951662,P2_RANDOM_ORIGINAL,1103,2,120,terminal,"[4.690231578889802, 4.3110646063551235, 0.5706562313838119, -1.1416019197896545]",1.5647111707147205,0.0015425371695886162,0.0009785908186547582,0.6344033958778066,2.6067755597154436,1.0000000000000004,0.05941415782450353,1.0932667315558695,0.41203028133435127,1.5052970128902208,1.5647111707147243,3.774758283725532e-15,0.0015425371695886162,0.5904803027258181,0.002666143626196156,0.4053110164783978,0.995791319204216,0.40797716010459395,1.0000000000000007
task-v2-e449b07a1126,g-e0c69f84d376b633,v2-S5-b001-g-e0c69f84d376b633,S5,D2,19,3.814697265625e-06,5.418539921951662,P2_RANDOM_ORIGINAL,2207,2,120,terminal,"[5.288233206159967, 4.011541237048803, 2.977292453010212, -0.6446038881925995]",1.732716071401865,0.002572797099367985,0.0015509166748923066,0.6028134419435149,2.8289454593864725,0.9999999999999991,0.07269897003792875,1.098584487879051,0.5614326134848818,1.6600171013639327,1.7327160714018617,-3.3306690738754696e-15,0.002572797099367985,0.4452501707958617,0.00779377512949696,0.5443832569752725,0.989633427771134,0.5521770321047694,0.9999999999999991
task-v2-e449b07a1126,g-e0c69f84d376b633,v2-S5-b001-g-e0c69f84d376b633,S5,D2,19,3.814697265625e-06,5.418539921951662,P2_RANDOM_ORIGINAL,3301,2,120,terminal,"[5.446338094186081, 3.1887061554063987, 3.6553261453233645, -1.1594341404395945]",1.6394869840368211,0.0019337433956376942,0.0011868966326138981,0.6137818674863492,2.7049387654047847,1.0000000000000016,0.06558201535427122,1.0958187429518762,0.47808622573067505,1.5739049686825513,1.6394869840368225,1.3322676295501878e-15,0.0019337433956376942,0.525520463371163,0.004202013156903212,0.46834378007629784,0.9938642434474606,0.4725457932332011,1.0000000000000018
task-v2-e449b07a1126,g-e0c69f84d376b633,v2-S5-b001-g-e0c69f84d376b633,S5,D2,19,3.814697265625e-06,5.418539921951662,P3_CONTINUATION_B1,1103,3,120,terminal,"[5.172554734877988, 5.0393637484220815, 0.4146814184242169, 0.7129147474244272, -1.054999036707331, -0.16141755407809985]",1.4103711734454836,0.002974887860396922,0.0018910039197715673,0.6356555300606396,2.8920105214183405,0.9999999999999967,0.05034773606937229,1.0835126022821109,0.2765108350940121,1.3600234373761229,1.4103711734454953,1.176836406102666e-14,0.002974887860396922,0.7232962134773544,0.0024109773955820557,0.2713179212666632,0.9946141347440176,0.27372889866224526,0.9999999999999966
task-v2-e449b07a1126,g-e0c69f84d376b633,v2-S5-b001-g-e0c69f84d376b633,S5,D2,19,3.814697265625e-06,5.418539921951662,P3_CONTINUATION_B1,2207,3,120,terminal,"[5.282998596589448, 4.0045648771238165, 0.21689131900927294, 2.954494879312033, -0.4880659726423327, -0.135735223466058]",1.6978771628738838,0.004210988576053586,0.0025533697225379745,0.6063587389094551,3.0429239851806136,0.9999999999999978,0.07174330101638635,1.0918346826818033,0.5342991791756981,1.6261338618575014,1.6978771628738878,3.9968028886505635e-15,0.004210988576053586,0.4706150114719033,0.010406361666545514,0.5147676382854955,0.9853826497573989,0.5251739999520411,0.999999999999998
task-v2-e449b07a1126,g-e0c69f84d376b633,v2-S5-b001-g-e0c69f84d376b633,S5,D2,19,3.814697265625e-06,5.418539921951662,P3_CONTINUATION_B1,3301,3,120,terminal,"[5.865336697057876, 4.0758539366730115, 0.4299236676558952, 3.797808840271815, -1.069220604776729, -0.19313554887748613]",1.4801584418923155,0.0035999324112174933,0.00219065782290308,0.6085274868152877,2.9748342689103833,1.000000000000004,0.055120605596441365,1.085943945675873,0.33909389062000356,1.4250378362958767,1.480158441892318,2.4424906541753444e-15,0.0035999324112174933,0.6613638654612244,0.0043524306257040745,0.33068377150185807,0.9920476369630826,0.33503620212756213,1.000000000000004
task-v2-e449b07a1126,g-e0c69f84d376b633,v2-S5-b001-g-e0c69f84d376b633,S5,D2,19,3.814697265625e-06,5.418539921951662,P3_CONTINUATION_B2,1103,3,240,terminal,"[5.199294935628137, 5.234097379874099, 0.7301259846708804, 0.7604723036553851, -1.0968629099177185, -0.14605431107597416]",1.363695436745111,0.004123880092745565,0.0025883879299907404,0.6276583876781596,3.033845951061683,0.9999999999999973,0.04941760026650105,1.0804120875005403,0.23386574897807635,1.3142778364786167,1.3636954367451177,6.661338147750939e-15,0.004123880092745565,0.764632625672492,0.0027192952139249407,0.22852419902083468,0.9931568246933268,0.23124349423475962,0.9999999999999971
task-v2-e449b07a1126,g-e0c69f84d376b633,v2-S5-b001-g-e0c69f84d376b633,S5,D2,19,3.814697265625e-06,5.418539921951662,P3_CONTINUATION_B4,1103,3,480,terminal,"[5.10250481416103, 5.485812946819493, 1.0549028347159595, 0.7970295924394432, -1.1335843833364614, -0.12604537548224243]",1.3332928329021603,0.004626491367260982,0.002879253563818746,0.6223406325133485,3.0837916780899826,0.9999999999999984,0.04926021324507479,1.0789990356321812,0.2050335840249066,1.284032619657088,1.3332928329021627,2.4424906541753444e-15,0.004626491367260982,0.792817926289682,0.0028749317703911964,0.19968065057266426,0.9924985768623462,0.20255558234305543,0.9999999999999984
task-v2-e449b07a1126,g-e0c69f84d376b633,v2-S5-b001-g-e0c69f84d376b633,S5,D2,19,3.814697265625e-06,5.418539921951662,P3_NELDER_MEAD_B1,1103,3,120,terminal,"[5.45509186772297, 7.645312080980016, -0.004078743504987604, 0.8574420019329825, -1.2093569122408705, -0.0011502862642348457]",1.3588007574957381,0.000322173947408401,0.00026118046043287663,0.810681504615249,1.9266303402377418,1.0000000000000022,0.04069310391433636,1.0814569528318243,0.23665070074957778,1.318107653581402,1.3588007574957384,2.220446049250313e-16,0.000322173947408401,0.7649529839904314,0.001050734938898242,0.23367410712326397,0.9986270911136955,0.2347248420621622,1.0000000000000022
task-v2-e449b07a1126,g-e0c69f84d376b633,v2-S5-b001-g-e0c69f84d376b633,S5,D2,19,3.814697265625e-06,5.418539921951662,P3_RANDOM_ORIGINAL,1103,3,120,terminal,"[2.6206774592406954, 4.210817013040071, 4.012414554552383, 0.8958994203989236, 2.831197089874998, 2.3814050832858213]",1.4933201008390191,0.0008463859709642537,0.0005900447303227082,0.697134345989329,2.346108378174784,0.999999999999999,0.050231546729835964,1.0861858999946032,0.3569026541145877,1.443088554109191,1.4933201008390269,7.771561172376096e-15,0.0008463859709642537,0.6453170588322018,0.0022464592077271217,0.35159009598910607,0.9969071548213078,0.3538365551968332,0.9999999999999992
task-v2-e449b07a1126,g-e0c69f84d376b633,v2-S5-b001-g-e0c69f84d376b633,S5,D2,19,3.814697265625e-06,5.418539921951662,P3_RANDOM_ORIGINAL,2207,3,120,terminal,"[4.536353562327877, 4.690357224736759, 3.065102884698786, 0.7778658592315986, 0.18987401392429298, 1.8420818283912646]",1.3601823746106014,0.0003071851690178638,0.00024864312998723484,0.8094242660939645,1.9059401659635207,0.9999999999999964,0.04175117521767625,1.0832250364395282,0.23520616295340077,1.318431199392929,1.3601823746106052,3.774758283725532e-15,0.0003071851690178638,0.7660775145709676,0.00047571239727682736,0.2331395878627341,0.9992171024337018,0.23361530026001093,0.9999999999999964
task-v2-e449b07a1126,g-e0c69f84d376b633,v2-S5-b001-g-e0c69f84d376b633,S5,D2,19,3.814697265625e-06,5.418539921951662,P3_RANDOM_ORIGINAL,3301,3,120,terminal,"[3.1957563663416253, 4.064879951909272, 2.6238833380737034, 0.7582239620761081, 3.0225767078708663, 2.190458994168165]",1.4668953041696384,0.0006978247879466079,0.00048643354380374507,0.6970711734604692,2.2622863142308884,0.9999999999999961,0.049600942076636484,1.0878448467839832,0.3294495153090229,1.417294362093006,1.4668953041696426,4.218847493575595e-15,0.0006978247879466079,0.672116791504765,0.0013011487088419183,0.32588423499844277,0.9980010265032077,0.32718538370728467,0.9999999999999962
task-v2-6e79cb6720c5,g-e0c69f84d376b633,v2-S5-b001-g-e0c69f84d376b633,S5,D3,19,5.7220458984375e-06,5.24244866289598,P2_RANDOM_ORIGINAL,1103,2,120,terminal,"[4.041301902757362, 3.790747055344355, 0.45082919067880844, -1.0641471062209131]",1.6231563047088224,0.002316617137822981,0.0010357467817765495,0.44709450036698023,2.6073029277304114,1.0000000000000013,0.07074540151459013,1.1019606311234678,0.4504502720707717,1.5524109031942395,1.6231563047088295,7.105427357601002e-15,0.002316617137822981,0.5526053327334248,0.0028916166290605364,0.442186433499693,0.9947917662331178,0.44507805012875357,1.0000000000000013
task-v2-6e79cb6720c5,g-e0c69f84d376b633,v2-S5-b001-g-e0c69f84d376b633,S5,D3,19,5.7220458984375e-06,5.24244866289598,P2_RANDOM_ORIGINAL,2207,2,120,terminal,"[5.244550684509011, 4.05109256276494, 3.0023703267231894, -0.6555387766306715]",1.6911799988878253,0.004349556842192415,0.0016447727487882337,0.3781472017639338,2.8808936736909327,1.0000000000000013,0.07368925843289444,1.097513795207464,0.5199769452474639,1.617490740454928,1.6911799988878224,-2.886579864025407e-15,0.004349556842192415,0.4839852332200629,0.006805895442410493,0.5048593144953353,0.9888445477153982,0.5116652099377459,1.000000000000001
task-v2-6e79cb6720c5,g-e0c69f84d376b633,v2-S5-b001-g-e0c69f84d376b633,S5,D3,19,5.7220458984375e-06,5.24244866289598,P2_RANDOM_ORIGINAL,3301,2,120,terminal,"[4.851866199560048, 3.4288866659457335, 3.589289051834762, -1.1049385472890896]",1.6020673986687362,0.0023315984168096352,0.0010160432393623584,0.4357711139436384,2.6101024146510077,0.9999999999999982,0.06776216517871245,1.101297767329215,0.433007466160803,1.534305233490018,1.6020673986687304,-5.773159728050814e-15,0.0023315984168096352,0.5698979776235376,0.003000427964569062,0.424769995995082,0.9946679736186197,0.42777042395965104,0.9999999999999982
task-v2-6e79cb6720c5,g-e0c69f84d376b633,v2-S5-b001-g-e0c69f84d376b633,S5,D3,19,5.7220458984375e-06,5.24244866289598,P3_CONTINUATION_B1,1103,3,120,terminal,"[4.743585445638853, 4.469063240865178, 0.40553417515453044, 0.636738380020846, -0.9858731800291273, -0.1810887940443849]",1.416946744726821,0.004435808948983458,0.002165571906574198,0.48820224934856044,2.8894214956415794,1.0000000000000018,0.05549330186958642,1.0846606725772754,0.27679277027995064,1.361453442857226,1.4169467447268125,-8.43769498715119e-15,0.004435808948983459,0.7215419242187913,0.002920621538548365,0.27110164529367864,0.9926435695124698,0.27402226683222697,1.0000000000000018
task-v2-6e79cb6720c5,g-e0c69f84d376b633,v2-S5-b001-g-e0c69f84d376b633,S5,D3,19,5.7220458984375e-06,5.24244866289598,P3_CONTINUATION_B1,2207,3,120,terminal,"[5.24746658512982, 4.164201559775821, 0.20081076310456417, 2.998630612116231, -0.5700888498293823, -0.09538718770113383]",1.6690303563154387,0.005401763728597873,0.0020176007541633863,0.37350777552188336,2.974984247262363,0.9999999999999998,0.07244559478389864,1.0965325699944775,0.5000521915370634,1.596584761531541,1.6690303563154396,8.881784197001252e-16,0.005401763728597873,0.5028979485343388,0.007257526761366408,0.4844427609756966,0.9873407095100355,0.491700287737063,0.9999999999999997
task-v2-6e79cb6720c5,g-e0c69f84d376b633,v2-S5-b001-g-e0c69f84d376b633,S5,D3,19,5.7220458984375e-06,5.24244866289598,P3_CONTINUATION_B1,3301,3,120,terminal,"[5.410048398188887, 4.276808493369856, 0.704197739654969, 3.8455087044524072, -1.085108854571993, -0.16679763336872258]",1.382891630179395,0.007060607630020677,0.003447828064030977,0.4883188876508749,3.091290740578039,0.9999999999999976,0.055482163052117436,1.0791447166291528,0.24826475049812607,1.327409467127279,1.3828916301793963,1.3322676295501878e-15,0.007060607630020678,0.7476392194258867,0.004059861402486506,0.24124031154160358,0.9888795309674903,0.24530017294409012,0.9999999999999976
task-v2-6e79cb6720c5,g-e0c69f84d376b633,v2-S5-b001-g-e0c69f84d376b633,S5,D3,19,5.7220458984375e-06,5.24244866289598,P3_CONTINUATION_B2,3301,3,240,terminal,"[5.408665465853876, 4.369222863516737, 0.889954934995809, 3.8695363638024407, -1.1231730478589637, -0.15500775401716166]",1.361528530031022,0.00816700586949315,0.0040289049445759555,0.4933148094854977,3.154511530604915,1.0000000000000022,0.05555011900611634,1.0773780249608529,0.22860038606405386,1.3059784110249066,1.361528530031023,8.881784197001252e-16,0.008167005869493153,0.7661534556115315,0.004395398835460825,0.22128413968351682,0.9874375952950483,0.22567953851897762,1.0000000000000022
task-v2-6e79cb6720c5,g-e0c69f84d376b633,v2-S5-b001-g-e0c69f84d376b633,S5,D3,19,5.7220458984375e-06,5.24244866289598,P3_CONTINUATION_B4,3301,3,480,terminal,"[5.336886305060775, 4.674407163416616, 1.1575765132682563, 3.906390100229559, -1.1629261930645696, -0.13698843874577063]",1.3343462511439825,0.008743230819540987,0.004422833584164198,0.5058580375436541,3.1841206067229804,0.9999999999999976,0.05528557768663934,1.0759570110979686,0.2031036623593695,1.2790606734573382,1.3343462511439776,-4.884981308350689e-15,0.008743230819540987,0.7909223587381065,0.004421633947531868,0.1959127764948184,0.9868351352329248,0.20033441044235023,0.9999999999999978
task-v2-6e79cb6720c5,g-e0c69f84d376b633,v2-S5-b001-g-e0c69f84d376b633,S5,D3,19,5.7220458984375e-06,5.24244866289598,P3_NELDER_MEAD_B1,3301,3,120,terminal,"[5.346948094555383, 7.486845424803401, -0.0035940498072033252, 3.993461446603285, -1.2026270362756475, -0.0001062268383632541]",1.3272600024518135,0.0003919191923554141,0.0002848468630431037,0.7267999847907135,1.8356451943760252,0.9999999999999984,0.04139190834198875,1.0819735858906985,0.20389450821912836,1.2858680941098268,1.3272600024518155,1.9984014443252818e-15,0.00039191919235541416,0.7972261567359218,0.0008628402059304779,0.2015190838657907,0.9987452406017124,0.20238192407172118,0.9999999999999984
task-v2-6e79cb6720c5,g-e0c69f84d376b633,v2-S5-b001-g-e0c69f84d376b633,S5,D3,19,5.7220458984375e-06,5.24244866289598,P3_RANDOM_ORIGINAL,1103,3,120,terminal,"[2.6241628491273734, 4.336909876664884, 4.163271272414536, 0.9458789518269702, 2.8069376528338346, 2.3986767225682795]",1.454780776859595,0.001135533085583372,0.000558628948316968,0.4919530354590913,2.297648455504536,0.9999999999999991,0.0514717388844418,1.0875082923935138,0.31580074558164317,1.403309037975157,1.4547807768595988,3.774758283725532e-15,0.001135533085583372,0.685803663782635,0.0017915267836740726,0.31126927634810675,0.9970729401307418,0.31306080313178086,0.9999999999999992
task-v2-6e79cb6720c5,g-e0c69f84d376b633,v2-S5-b001-g-e0c69f84d376b633,S5,D3,19,5.7220458984375e-06,5.24244866289598,P3_RANDOM_ORIGINAL,2207,3,120,terminal,"[4.727200466156502, 4.535727460626087, 2.82539923434282, 0.7858254422521924, 0.13217318325016686, 1.869424193531926]",1.3319490917505499,0.00040978617445990506,0.000316308261068094,0.7718861220366593,1.8550059647965391,1.0000000000000024,0.04294415805456933,1.0838064105136411,0.20519852318234372,1.2890049336959848,1.331949091750554,4.218847493575595e-15,0.00040978617445990506,0.7957657205575265,0.00047126702737482765,0.20335322624064125,0.9991189467981674,0.20382449326801608,1.0000000000000024
task-v2-6e79cb6720c5,g-e0c69f84d376b633,v2-S5-b001-g-e0c69f84d376b633,S5,D3,19,5.7220458984375e-06,5.24244866289598,P3_RANDOM_ORIGINAL,3301,3,120,terminal,"[3.2528627491809443, 4.011586010427436, 2.4601596385288476, 0.7308974190782741, 3.1184821609744247, 2.1167178727363454]",1.426386895866003,0.0009192104429740192,0.0005051907909514529,0.5495920926626502,2.2058636125407745,1.0000000000000009,0.050958597160945515,1.0886266918894947,0.2868016068155583,1.375428298705053,1.4263868958659984,-4.6629367034256575e-15,0.0009192104429740193,0.7140726122743121,0.001065371722020406,0.283942805560694,0.9980154178350061,0.28500817728271444,1.0000000000000004
task-v2-526a936f38d9,g-e0c69f84d376b633,v2-S5-b001-g-e0c69f84d376b633,S5,D4,19,7.62939453125e-06,5.11750992628768,P2_RANDOM_ORIGINAL,1103,2,120,terminal,"[4.546961637857658, 3.7207730821589418, 0.4932665102013446, -1.1240530393861021]",1.5713309703445288,0.002826904328146979,0.0006836105127935735,0.24182300970959164,2.5688210370549065,0.9999999999999978,0.06782287340796755,1.1015076700900104,0.402000426846552,1.5035080969365624,1.57133097034453,1.1102230246251565e-15,0.0028269043281469795,0.5998836977341889,0.0018565891911838692,0.3954328087464782,0.995316506480667,0.39728939793766205,0.999999999999998
task-v2-526a936f38d9,g-e0c69f84d376b633,v2-S5-b001-g-e0c69f84d376b633,S5,D4,19,7.62939453125e-06,5.11750992628768,P2_RANDOM_ORIGINAL,2207,2,120,terminal,"[5.366710245058421, 4.065930261554098, 2.9894826686925104, -0.6403164127774875]",1.6719383963790266,0.006176282451454324,0.0016212749432969909,0.2625001294937913,2.9082370750633997,1.0000000000000009,0.07402605078630958,1.0963761332008204,0.5015362123918943,1.5979123455927147,1.6719383963790242,-2.4424906541753444e-15,0.006176282451454325,0.5004882554292867,0.005547222146812874,0.4877882399724469,0.9882764954017333,0.49333546211925977,1.0000000000000009
task-v2-526a936f38d9,g-e0c69f84d376b633,v2-S5-b001-g-e0c69f84d376b633,S5,D4,19,7.62939453125e-06,5.11750992628768,P2_RANDOM_ORIGINAL,3301,2,120,terminal,"[4.472775870021817, 3.6533088265524114, 3.561377339268325, -1.0801913238593404]",1.5888321573676105,0.0027866696039408035,0.0006762318329877897,0.24266666993155125,2.5625954067730428,0.9999999999999966,0.06895270228427139,1.104590666067661,0.41528878901568256,1.5198794550833434,1.588832157367615,4.440892098500626e-15,0.0027866696039408035,0.5873645622143419,0.0020436825651847517,0.4078050856165291,0.995169647830871,0.40984876818171384,0.9999999999999964
task-v2-526a936f38d9,g-e0c69f84d376b633,v2-S5-b001-g-e0c69f84d376b633,S5,D4,19,7.62939453125e-06,5.11750992628768,P3_CONTINUATION_B1,1103,3,120,terminal,"[5.17170470254167, 4.586512888520083, 0.4079819483795092, 0.6920132886196129, -1.0373564804978912, -0.16693827871461075]",1.3860756364316091,0.005913824931630756,0.001383649739478185,0.23396866756700546,2.889378390144994,1.0000000000000013,0.054737955285677056,1.082550886291594,0.24878679485433555,1.3313376811459297,1.3860756364316067,-2.4424906541753444e-15,0.005913824931630756,0.7478474733363085,0.0018612770613998099,0.24437742467066215,0.9922248980069708,0.24623870173206197,1.0000000000000013
task-v2-526a936f38d9,g-e0c69f84d376b633,v2-S5-b001-g-e0c69f84d376b633,S5,D4,19,7.62939453125e-06,5.11750992628768,P3_CONTINUATION_B1,2207,3,120,terminal,"[5.334736145502582, 4.068766638179264, 0.003020124885379036, 2.9933810891988317, -0.641201497510685, -0.0029225802745837157]",1.6718564133504767,0.006137524473604911,0.0016101487202905362,0.2623449775581597,2.9055031631874013,0.9999999999999999,0.07401522509682337,1.096569611946057,0.5012715763075959,1.597841188253653,1.6718564133504763,-4.440892098500626e-16,0.0061375244736049115,0.5007592931884559,0.005509693265926443,0.4875934890720127,0.9883527822604686,0.4931031823379391,1.0
task-v2-526a936f38d9,g-e0c69f84d376b633,v2-S5-b001-g-e0c69f84d376b633,S5,D4,19,7.62939453125e-06,5.11750992628768,P3_CONTINUATION_B1,3301,3,120,terminal,"[5.109896888165021, 4.367657392231764, 0.22246838428243892, 3.7886988474752927, -1.071235616329207, -0.11171993026586123]",1.4408396835973083,0.004769087771402846,0.0011763822267753885,0.24666818543986474,2.7959452416519626,1.000000000000003,0.05779535461291817,1.086484699759026,0.2965596292253701,1.383044328984396,1.4408396835973143,5.995204332975845e-15,0.004769087771402846,0.7015851049766022,0.00192602204861795,0.29171978520338016,0.9933048901799826,0.2936458072519981,1.000000000000003
task-v2-526a936f38d9,g-e0c69f84d376b633,v2-S5-b001-g-e0c69f84d376b633,S5,D4,19,7.62939453125e-06,5.11750992628768,P3_CONTINUATION_B2,1103,3,240,terminal,"[5.147528076473478, 4.791024064267474, 0.8072621389515645, 0.7438695977652581, -1.1038273236063905, -0.14792353883883952]",1.330573884077356,0.008591778439441412,0.001940191074554749,0.22581949572257465,3.0515929954149645,1.0000000000000013,0.053861688723948684,1.078505045748023,0.19820714960538713,1.2767121953534102,1.3305738840773589,2.886579864025407e-15,0.008591778439441412,0.7955370161935067,0.0020018406346541734,0.19386936473239913,0.9894063809259059,0.1958712053670533,1.0000000000000013
task-v2-526a936f38d9,g-e0c69f84d376b633,v2-S5-b001-g-e0c69f84d376b633,S5,D4,19,7.62939453125e-06,5.11750992628768,P3_CONTINUATION_B4,1103,3,480,terminal,"[5.07961425623681, 4.984295632784159, 1.0936085075793691, 0.7720231418704758, -1.1390319531986068, -0.13311178730723525]",1.3078320523827598,0.009534303405729737,0.002064620035563352,0.21654650032666228,3.096798894451138,1.0000000000000004,0.05391214313521442,1.0771051046558935,0.1768148045916557,1.2539199092475493,1.3078320523827638,3.9968028886505635e-15,0.009534303405729735,0.8159085844839042,0.002051884897243596,0.17250522721312286,0.9884138116970272,0.17455711211036645,1.0000000000000004
task-v2-526a936f38d9,g-e0c69f84d376b633,v2-S5-b001-g-e0c69f84d376b633,S5,D4,19,7.62939453125e-06,5.11750992628768,P3_NELDER_MEAD_B1,1103,3,120,terminal,"[5.235606752279685, 7.446360064527687, -0.005280575472964857, 0.8522944170557805, -1.1893457748505094, -0.0031349970387112326]",1.315893367958029,0.00042921476043861304,6.462174772815904e-05,0.15055807414945913,1.7501845749655973,0.9999999999999977,0.04165776913866341,1.082154381651209,0.19208121716815987,1.2742355988193688,1.3158933679580322,3.3306690738754696e-15,0.0004292147604386131,0.8088766112764101,0.0007652679628592125,0.18992890600028972,0.9988055172766996,0.19069417396314894,0.9999999999999978
task-v2-526a936f38d9,g-e0c69f84d376b633,v2-S5-b001-g-e0c69f84d376b633,S5,D4,19,7.62939453125e-06,5.11750992628768,P3_RANDOM_ORIGINAL,1103,3,120,terminal,"[2.64161338276118, 4.2812838980625365, 4.18931211288063, 0.9218154494755024, 2.791178933704515, 2.408255920758976]",1.4353009089854787,0.001611817149369444,0.0003280199666953269,0.20350941595555735,2.3248256985433304,1.0000000000000027,0.05150258625051134,1.0868229664265254,0.2969753563084486,1.383798322734974,1.4353009089854853,6.661338147750939e-15,0.0016118171493694439,0.7042367979716152,0.0015275884084026462,0.29262379647061537,0.9968605944422306,0.2941513848790181,1.0000000000000027
task-v2-526a936f38d9,g-e0c69f84d376b633,v2-S5-b001-g-e0c69f84d376b633,S5,D4,19,7.62939453125e-06,5.11750992628768,P3_RANDOM_ORIGINAL,2207,3,120,terminal,"[4.789223875720232, 4.638256814671897, 3.2786422317700117, 0.7886106181361358, 0.18584290226173866, 1.829685022706972]",1.3084464335994175,0.0004046355947508328,5.713643460999544e-05,0.14120466748650476,1.7245740101696354,0.9999999999999973,0.041989743072503825,1.0832443692154647,0.18321232131145881,1.2664566905269234,1.3084464335994275,9.992007221626409e-15,0.00040463559475083287,0.8176633544855021,0.00046434364133606816,0.1814676662784082,0.9991310207639105,0.1819320099197443,0.9999999999999971
task-v2-526a936f38d9,g-e0c69f84d376b633,v2-S5-b001-g-e0c69f84d376b633,S5,D4,19,7.62939453125e-06,5.11750992628768,P3_RANDOM_ORIGINAL,3301,3,120,terminal,"[2.8181545202143625, 3.8279027917444735, 2.510079332460909, 0.6884940190361791, 2.9351723194901918, 2.2990489869340025]",1.4753860319220853,0.002193409597530474,0.0004974841880222012,0.22680861275628178,2.4586296657340276,0.9999999999999997,0.057612421565173155,1.0915877864883163,0.3261858238685944,1.4177736103569107,1.475386031922084,-1.3322676295501878e-15,0.0021934095975304746,0.6747005443517495,0.0014579510836470967,0.32164809496707253,0.996348639318822,0.3231060460507196,0.9999999999999996
task-v2-89b7591232ff,g-e0c69f84d376b633,v2-S5-b001-g-e0c69f84d376b633,S5,D5,19,1.1444091796875e-05,4.941418667231999,P2_RANDOM_ORIGINAL,1103,2,120,terminal,"[4.124730436373567, 5.435781119745411, 0.668255002243609, -1.1079747454416848]",1.3848332393466691,0.0024978461444130646,0.0003709432935997918,0.14850526099434952,2.338984351594283,0.9999999999999989,0.05511185081867254,1.0895715336409924,0.24014985488701218,1.3297213885280046,1.3848332393466771,7.993605777301127e-15,0.0024978461444130646,0.7590960129863933,0.00023948456795915566,0.2381666563012334,0.9972626692876266,0.23840614086919257,0.9999999999999989
task-v2-89b7591232ff,g-e0c69f84d376b633,v2-S5-b001-g-e0c69f84d376b633,S5,D5,19,1.1444091796875e-05,4.941418667231999,P2_RANDOM_ORIGINAL,2207,2,120,terminal,"[5.009460986657945, 4.066039434095129, 3.079019659119416, -0.7038382503700975]",1.6239837047452403,0.0096636577832017,0.0025302365963082475,0.2618301116484638,2.9265602092149066,0.9999999999999996,0.07487804066278338,1.0971578381305727,0.45194782595188,1.5491056640824525,1.623983704745236,-4.440892098500626e-15,0.0096636577832017,0.545305883895861,0.0019696631977047735,0.4430607951232318,0.988366679019093,0.4450304583209366,0.9999999999999992
task-v2-89b7591232ff,g-e0c69f84d376b633,v2-S5-b001-g-e0c69f84d376b633,S5,D5,19,1.1444091796875e-05,4.941418667231999,P2_RANDOM_ORIGINAL,3301,2,120,terminal,"[4.83487535714174, 3.7821311499166557, 3.6419797141764945, -1.1515617871867156]",1.5085125792595853,0.003648910833206881,0.0007591786143564628,0.2080562252844231,2.5035819180673613,1.000000000000002,0.06674213683461684,1.1035011712159013,0.3382692712090678,1.441770442424969,1.508512579259586,6.661338147750939e-16,0.003648910833206881,0.6622212315120919,0.0005015717266481794,0.3336282859280551,0.9958495174401469,0.33412985765470327,1.000000000000002
task-v2-89b7591232ff,g-e0c69f84d376b633,v2-S5-b001-g-e0c69f84d376b633,S5,D5,19,1.1444091796875e-05,4.941418667231999,P3_CONTINUATION_B1,1103,3,120,terminal,"[4.620519304124852, 6.139486318097832, 0.468246082316408, 0.793528149129447, -1.0344795473137012, -0.15229734700377337]",1.2840792248895196,0.0029277855487430697,0.00012380149355142858,0.04228502787869075,2.407957930052655,1.0000000000000013,0.04838647957502086,1.0837509214776455,0.15194182383685806,1.2356927453145037,1.2840792248895245,4.884981308350689e-15,0.0029277855487430697,0.8463721260339139,0.00043499319112483016,0.15026509522621978,0.9966372212601338,0.1507000884173446,1.0000000000000016
task-v2-89b7591232ff,g-e0c69f84d376b633,v2-S5-b001-g-e0c69f84d376b633,S5,D5,19,1.1444091796875e-05,4.941418667231999,P3_CONTINUATION_B1,2207,3,120,terminal,"[4.80117647084238, 3.902681515426353, 0.571391835168891, 3.041324252837201, -0.5148430658373112, -0.1680180501266771]",1.5463659465852284,0.020876189229083488,0.0045490398947382795,0.21790566490941857,3.2610698920304015,0.9999999999999971,0.07336369476323035,1.0790466460406838,0.3939556057813133,1.4730022518219972,1.5463659465852273,-1.1102230246251565e-15,0.02087618922908348,0.5919446991439292,0.00460176832309417,0.3825773433038903,0.9745220424478196,0.3871791116269845,0.9999999999999973
task-v2-89b7591232ff,g-e0c69f84d376b633,v2-S5-b001-g-e0c69f84d376b633,S5,D5,19,1.1444091796875e-05,4.941418667231999,P3_CONTINUATION_B1,3301,3,120,terminal,"[5.322973516169642, 4.561457389508705, 0.2756949107865034, 3.825621804424841, -1.0623741692956752, -0.160352595937826]",1.3690910820253692,0.006699835551259659,0.0010753360072007613,0.16050185097432484,2.7674828102228286,1.0000000000000009,0.056680420640133164,1.0855153284430126,0.22689533294221578,1.3124106613852284,1.3690910820253617,-7.549516567451064e-15,0.006699835551259659,0.7686615167714614,0.0004297342284241328,0.2242089134488559,0.9928704302203173,0.22463864767728003,1.000000000000001
task-v2-89b7591232ff,g-e0c69f84d376b633,v2-S5-b001-g-e0c69f84d376b633,S5,D5,19,1.1444091796875e-05,4.941418667231999,P3_CONTINUATION_B2,1103,3,240,terminal,"[4.668888394011291, 6.194074922208598, 0.7112484860790628, 0.8246212236263963, -1.0714436545743002, -0.11621030040325023]",1.2687733349748973,0.0037997505972950695,0.00017899473467409768,0.04710696928412059,2.5211737591716687,1.0,0.04892560600744427,1.0826328124109894,0.13721491655645515,1.2198477289674445,1.2687733349748889,-8.43769498715119e-15,0.0037997505972950695,0.8602068785112807,0.0004991588256624349,0.13549421206576162,0.9957010905770423,0.13599337089142405,0.9999999999999999
task-v2-89b7591232ff,g-e0c69f84d376b633,v2-S5-b001-g-e0c69f84d376b633,S5,D5,19,1.1444091796875e-05,4.941418667231999,P3_CONTINUATION_B4,1103,3,480,terminal,"[4.676752665960217, 6.202461477003481, 0.902808468629217, 0.8303094269338095, -1.0985013195376663, -0.10392355866307064]",1.2630922561616271,0.004457085668004367,0.0002382935521874492,0.05346398295596228,2.5904696488129066,1.0000000000000036,0.0494352791856833,1.0821842763360223,0.13147270063992378,1.2136569769759462,1.2630922561616296,2.4424906541753444e-15,0.004457085668004367,0.8653065908143803,0.0004982108101431393,0.12973811270747557,0.9950447035218563,0.1302363235176187,1.0000000000000033
task-v2-89b7591232ff,g-e0c69f84d376b633,v2-S5-b001-g-e0c69f84d376b633,S5,D5,19,1.1444091796875e-05,4.941418667231999,P3_NELDER_MEAD_B1,1103,3,120,terminal,"[5.25379869160432, 7.396549459774037, -0.001352504914452758, 0.848209516321309, -1.19836185400802, -0.0020035231639565273]",1.2866141409488263,0.0007470749040510058,0.00019817639118543633,0.2652697743035229,1.8147828149445453,0.9999999999999996,0.04251103397075562,1.0825714958422776,0.16153161113579292,1.2441031069780706,1.2866141409488263,0.0,0.0007470749040510058,0.8388472897719487,0.0004972707002997206,0.15990836462370028,0.9987556543956488,0.16040563532399998,0.9999999999999997
task-v2-89b7591232ff,g-e0c69f84d376b633,v2-S5-b001-g-e0c69f84d376b633,S5,D5,19,1.1444091796875e-05,4.941418667231999,P3_RANDOM_ORIGINAL,1103,3,120,terminal,"[2.7485968647809895, 4.292503535449732, 4.19050141047886, 0.9414963109876385, 2.791042675883782, 2.4007369190622896]",1.394294509319547,0.0021381699134375865,0.0004808275269184548,0.22487807161471884,2.2714608814519255,1.0000000000000016,0.05263579907068015,1.0880393334685068,0.2536193767803643,1.341658710248871,1.3942945093195511,4.218847493575595e-15,0.002138169913437586,0.746891644013879,0.0007988458142855668,0.2501713402583994,0.9970629842722785,0.25097018607268495,1.0000000000000016
task-v2-89b7591232ff,g-e0c69f84d376b633,v2-S5-b001-g-e0c69f84d376b633,S5,D5,19,1.1444091796875e-05,4.941418667231999,P3_RANDOM_ORIGINAL,2207,3,120,terminal,"[4.7862251003827145, 4.59390381250827, 3.1261428054000224, 0.7927677354492622, 0.16080165231268634, 1.8442705291412442]",1.2824229690469875,0.0005752198139565012,9.139490803235832e-05,0.1588869260321928,1.7012525045229698,0.9999999999999992,0.04316646894921311,1.083859111229661,0.15539738886810803,1.2392565000977689,1.282422969046982,-5.551115123125783e-15,0.0005752198139565012,0.8450994676229896,0.00035591045772252695,0.1539694021053305,0.9990688697283203,0.15432531256305304,0.9999999999999991
task-v2-89b7591232ff,g-e0c69f84d376b633,v2-S5-b001-g-e0c69f84d376b633,S5,D5,19,1.1444091796875e-05,4.941418667231999,P3_RANDOM_ORIGINAL,3301,3,120,terminal,"[3.222835538941522, 4.144513280523714, 2.577901584419061, 0.7756813467515227, 3.0838525609324052, 2.1495483918368845]",1.36671462119747,0.0014767160332308051,0.0003283801807367094,0.2223719207668309,2.1107156574270736,0.9999999999999996,0.05172067143483657,1.0891843625826914,0.22580958717994692,1.3149939497626382,1.3667146211974748,4.884981308350689e-15,0.0014767160332308051,0.7740916924485053,0.0004708054109799415,0.2239607861072834,0.9980524785557887,0.22443159151826336,0.9999999999999996
task-v2-5f165c277bb9,g-e0c69f84d376b633,v2-S5-b001-g-e0c69f84d376b633,S5,D6,19,1.52587890625e-05,4.816479930623699,P2_RANDOM_ORIGINAL,1103,2,120,terminal,"[5.4492782392475805, 4.471370721884905, 2.3390483602077117, 0.09279248029164885]",1.6703762751625049,0.010943816899816605,0.0018199616818262954,0.16630045060940246,2.8556487489119755,0.9999999999999973,0.12855910371946083,1.1417625360626622,0.4000546353803851,1.5418171714430473,1.6703762751625082,3.3306690738754696e-15,0.010943816899816605,0.6038505850993778,0.0016730904414980563,0.3835325075593048,0.9873830926586825,0.38520559800080284,0.9999999999999973
task-v2-5f165c277bb9,g-e0c69f84d376b633,v2-S5-b001-g-e0c69f84d376b633,S5,D6,19,1.52587890625e-05,4.816479930623699,P2_RANDOM_ORIGINAL,2207,2,120,terminal,"[5.281851450170591, 3.916807107803078, 2.359946114923027, 0.11712446658849246]",1.708990620847093,0.011393955952861155,0.001770141586626302,0.15535794538347314,2.873154466837364,1.0000000000000009,0.1350715616721772,1.1412717614847525,0.4326472976901619,1.5739190591749144,1.7089906208470915,-1.5543122344752192e-15,0.011393955952861155,0.5727774207782562,0.0019486336707046502,0.41387998959817907,0.9866574103764353,0.4158286232688837,1.000000000000001
task-v2-5f165c277bb9,g-e0c69f84d376b633,v2-S5-b001-g-e0c69f84d376b633,S5,D6,19,1.52587890625e-05,4.816479930623699,P2_RANDOM_ORIGINAL,3301,2,120,terminal,"[4.476824248759472, 3.5317757914776675, 3.1776539669668233, -0.7687144975486355]",1.4855773001892705,0.009098160091822474,0.0020913149578790304,0.22986130566758514,2.7754335050590946,0.9999999999999996,0.08236151242103218,1.102569350839271,0.3006464369289619,1.403215787768233,1.4855773001892651,-5.329070518200751e-15,0.009098160091822474,0.6957977076808133,0.0014789708085309922,0.2936251614188328,0.989422869099646,0.29510413222736376,0.9999999999999996
task-v2-5f165c277bb9,g-e0c69f84d376b633,v2-S5-b001-g-e0c69f84d376b633,S5,D6,19,1.52587890625e-05,4.816479930623699,P3_CONTINUATION_B1,1103,3,120,terminal,"[6.17536486151791, 4.39211576848674, -0.04075661111084732, 2.3663857561185297, 0.06606773812951437, 0.044941225674076594]",1.5277854617909108,0.017434137980208125,0.003021827661635082,0.17332819466414526,3.057880409453905,1.0000000000000004,0.1136756505815528,1.1136865285506001,0.30042328265876106,1.4141098112093613,1.5277854617909141,3.3306690738754696e-15,0.017434137980208125,0.6916357746138169,0.0026945787447906285,0.2882355086611848,0.9798712832750017,0.2909300874059754,1.0000000000000004
task-v2-5f165c277bb9,g-e0c69f84d376b633,v2-S5-b001-g-e0c69f84d376b633,S5,D6,19,1.52587890625e-05,4.816479930623699,P3_CONTINUATION_B1,2207,3,120,terminal,"[5.99329159289332, 4.376601666048969, 0.06815272542893648, 2.367904528030108, 0.14858175496275425, -0.04426974024811175]",1.5553004599196876,0.016125425368006624,0.0027641563908994,0.17141602951966634,3.023991110212648,1.000000000000003,0.11681622972359933,1.1179676222137431,0.32051660798233916,1.4384842301960823,1.5553004599196816,-5.995204332975845e-15,0.016125425368006624,0.6736982785828686,0.0025863918283584413,0.3075899042207696,0.9812881828036382,0.310176296049128,1.000000000000003
task-v2-5f165c277bb9,g-e0c69f84d376b633,v2-S5-b001-g-e0c69f84d376b633,S5,D6,19,1.52587890625e-05,4.816479930623699,P3_CONTINUATION_B1,3301,3,120,terminal,"[4.986497397398519, 3.496248458730934, 0.07037111207738996, 3.1650040056311526, -0.716227791281953, -0.04468266106271795]",1.4748023209062437,0.01007776683218263,0.002409883664772919,0.23912873803322449,2.819844236551775,1.0000000000000024,0.07958899448615714,1.0998465595033173,0.2953667669167665,1.3952133264200839,1.474802320906241,-2.6645352591003757e-15,0.01007776683218263,0.7000611628402073,0.0016801609937761729,0.28818090933383655,0.9882420721740438,0.2898610703276127,1.0000000000000027
task-v2-5f165c277bb9,g-e0c69f84d376b633,v2-S5-b001-g-e0c69f84d376b633,S5,D6,19,1.52587890625e-05,4.816479930623699,P3_CONTINUATION_B2,3301,3,240,terminal,"[4.942783030319368, 3.408516173121372, 0.4854839834605547, 3.129434937029976, -0.5446803509307137, -0.18203513087096082]",1.420560803378169,0.02018877999800503,0.004234131986442389,0.20972698631917275,3.1215900060733786,0.999999999999999,0.07746613689956419,1.0819465048173396,0.26114816166126736,1.343094666478607,1.4205608033781711,2.220446049250313e-15,0.02018877999800503,0.7235447615054875,0.003288754488309097,0.2529777040081973,0.976522465513685,0.25626645849650637,0.999999999999999
task-v2-5f165c277bb9,g-e0c69f84d376b633,v2-S5-b001-g-e0c69f84d376b633,S5,D6,19,1.52587890625e-05,4.816479930623699,P3_CONTINUATION_B4,3301,3,480,terminal,"[4.70980191103045, 3.205848514609459, 0.7666352793045087, 3.13816711206237, -0.5889618923851837, -0.15703012558799506]",1.3994762366449425,0.023285021515071003,0.004518229460672198,0.194040166883583,3.183556574175348,0.9999999999999976,0.07813135498199342,1.0791133422837058,0.24223153937923902,1.3213448816629447,1.3994762366449383,-4.218847493575595e-15,0.023285021515071003,0.7390312390018245,0.0035761829855314787,0.23410755649757048,0.9731387954993951,0.23768373948310195,0.9999999999999976
task-v2-5f165c277bb9,g-e0c69f84d376b633,v2-S5-b001-g-e0c69f84d376b633,S5,D6,19,1.52587890625e-05,4.816479930623699,P3_NELDER_MEAD_B1,3301,3,120,terminal,"[5.148203738292768, 3.3519259552730567, -0.0002553341615369817, 3.160087398204112, -0.7543189177363279, 0.000275166289833678]",1.478696521663939,0.00987047608198144,0.0023688525871167015,0.2399937518151777,2.8108180310938504,0.9999999999999981,0.0797873899157445,1.0995487466183407,0.2993603851298557,1.3989091317481963,1.4786965216639407,1.7763568394002505e-15,0.00987047608198144,0.696159694345712,0.0016724047422544044,0.2922974248300504,0.9884571191757624,0.2939698295723048,0.9999999999999982
task-v2-5f165c277bb9,g-e0c69f84d376b633,v2-S5-b001-g-e0c69f84d376b633,S5,D6,19,1.52587890625e-05,4.816479930623699,P3_RANDOM_ORIGINAL,1103,3,120,terminal,"[2.347170823342772, 4.794549718120566, 4.539832230029781, 0.6997676026843168, 3.6076621525135906, 1.8754925223100216]",1.2421751865209072,0.0011097381122566938,0.00025319456554713526,0.22815704241449783,1.86170043209405,1.0000000000000009,0.05056553005608143,1.089741775740217,0.10186788072461467,1.1916096564648317,1.2421751865209132,5.995204332975845e-15,0.0011097381122566938,0.8981368641445426,0.00033366293674549327,0.10041973480645587,0.9985565989509987,0.10075339774320136,1.0000000000000007
task-v2-5f165c277bb9,g-e0c69f84d376b633,v2-S5-b001-g-e0c69f84d376b633,S5,D6,19,1.52587890625e-05,4.816479930623699,P3_RANDOM_ORIGINAL,2207,3,120,terminal,"[4.728009607068873, 4.692149780743265, 3.085033901533274, 0.7928953807348222, 0.1578842497613157, 1.8827660654058282]",1.2127354854409507,0.0004637948313658552,0.00011607093365854839,0.25026353423716396,1.482805835077035,1.0000000000000007,0.044572397512192774,1.0849253700564474,0.08323771787231363,1.168163087928761,1.2127354854409538,3.1086244689504383e-15,0.0004637948313658552,0.9170737616184086,0.0004933737633324417,0.08196906978689364,0.9990428314053021,0.08246244355022608,1.0000000000000004
task-v2-5f165c277bb9,g-e0c69f84d376b633,v2-S5-b001-g-e0c69f84d376b633,S5,D6,19,1.52587890625e-05,4.816479930623699,P3_RANDOM_ORIGINAL,3301,3,120,terminal,"[3.3784155171393424, 3.9671466886071083, 2.9504211388426222, 0.7577376683488897, 3.1827688698228496, 2.0851833705768867]",1.2624998163689338,0.0015286186201811257,0.0003615112317111781,0.2364953736258575,2.0007790760680377,0.9999999999999997,0.05387195570476487,1.090409478273993,0.11821838239017035,1.2086278606641634,1.2624998163689283,-5.551115123125783e-15,0.0015286186201811257,0.8813427374815717,0.0004928937861331382,0.11663575011211377,0.9979784875936855,0.11712864389824693,0.9999999999999998
task-v2-780e1209d403,g-e0c69f84d376b633,v2-S5-b001-g-e0c69f84d376b633,S5,D7,19,2.288818359375e-05,4.640388671568018,P2_RANDOM_ORIGINAL,1103,2,120,terminal,"[2.826317875976803, 4.41880551242167, 2.294388402124577, 0.08409954002166752]",1.9847857722433062,0.002708879223565697,0.00033664104836754916,0.12427318480608693,2.0731783138443562,1.0000000000000013,0.21453140387675473,1.25910683307493,0.5111475352916177,1.7702543683665477,1.9847857722433024,-3.774758283725532e-15,0.002708879223565697,0.529653510616171,0.0,0.4676376101602647,0.9972911207764358,0.4676376101602647,1.0000000000000013
task-v2-780e1209d403,g-e0c69f84d376b633,v2-S5-b001-g-e0c69f84d376b633,S5,D7,19,2.288818359375e-05,4.640388671568018,P2_RANDOM_ORIGINAL,2207,2,120,terminal,"[5.145699043434732, 3.9675356700938718, 2.414351374012279, 0.0903440502029396]",1.6284727185750805,0.010188677670069438,0.001486061350085453,0.14585419209510878,2.6485064946463996,0.9999999999999991,0.16050851825638973,1.160068159998107,0.30789604032058204,1.467964200318689,1.628472718575079,-1.5543122344752192e-15,0.010188677670069438,0.6942056640289844,0.0,0.29560565830094515,0.9898113223299295,0.29560565830094515,0.9999999999999991
task-v2-780e1209d403,g-e0c69f84d376b633,v2-S5-b001-g-e0c69f84d376b633,S5,D7,19,2.288818359375e-05,4.640388671568018,P2_RANDOM_ORIGINAL,3301,2,120,terminal,"[4.867747314408956, 3.826453622199428, 2.4091042666643605, 0.10477381204094019]",1.705040256324339,0.009763565124409068,0.0014300319211268658,0.14646616301577825,2.629997098983032,1.0,0.17047253502456783,1.1723791211044432,0.3621886001953301,1.5345677212997733,1.7050402563243412,2.220446049250313e-15,0.009763565124409066,0.6442150876491666,0.0,0.3460213472264244,0.990236434875591,0.3460213472264244,1.0
task-v2-780e1209d403,g-e0c69f84d376b633,v2-S5-b001-g-e0c69f84d376b633,S5,D7,19,2.288818359375e-05,4.640388671568018,P3_CONTINUATION_B1,1103,3,120,terminal,"[3.522898663861295, 4.366124012796269, -0.02327235754099701, 2.2867729903710523, 0.0710275832331375, 0.006760147034067737]",1.908388393600132,0.003861511277877041,0.0005232138006845573,0.1354945675497824,2.227145979138786,0.9999999999999978,0.2002043386737174,1.2412046985471807,0.4669793563792349,1.7081840549264156,1.908388393600133,8.881784197001252e-16,0.0038615112778770415,0.5676360202297075,0.0,0.42850246849241325,0.9961384887221207,0.42850246849241325,0.9999999999999978
task-v2-780e1209d403,g-e0c69f84d376b633,v2-S5-b001-g-e0c69f84d376b633,S5,D7,19,2.288818359375e-05,4.640388671568018,P3_CONTINUATION_B1,2207,3,120,terminal,"[6.048287168339986, 4.482449204235787, 0.13647606355504205, 2.4534382144680476, 0.19061958476675628, -0.09937737769907622]",1.3982465400800916,0.018422195045760974,0.0025597972512018414,0.13895180486599298,2.9057300476712786,1.0000000000000018,0.1365416462029575,1.1178358255937588,0.1438690682833726,1.2617048938771314,1.3982465400800888,-2.886579864025407e-15,0.018422195045760977,0.8418298977428091,0.0,0.1397479072114317,0.9815778049542407,0.1397479072114317,1.0000000000000018
task-v2-780e1209d403,g-e0c69f84d376b633,v2-S5-b001-g-e0c69f84d376b633,S5,D7,19,2.288818359375e-05,4.640388671568018,P3_CONTINUATION_B1,3301,3,120,terminal,"[6.067411068326576, 4.370434947553698, 0.062143705034381415, 2.44285409901882, 0.049327884390350525, 0.03862500201939705]",1.4068932246447812,0.016503987236952237,0.0023635978277763716,0.14321374549322866,2.857977550679783,0.9999999999999983,0.13546410915864693,1.1211492523070703,0.15027986317906045,1.2714291154861308,1.4068932246447776,-3.552713678800501e-15,0.016503987236952237,0.8373851620193963,0.0,0.14611085074364977,0.9834960127630461,0.14611085074364977,0.9999999999999982
task-v2-780e1209d403,g-e0c69f84d376b633,v2-S5-b001-g-e0c69f84d376b633,S5,D7,19,2.288818359375e-05,4.640388671568018,P3_CONTINUATION_B2,2207,3,240,terminal,"[6.32541963339676, 4.41653600779842, 0.20545737775705494, 2.443850878001212, 0.2574298522769602, -0.16508970917846622]",1.3417466995437572,0.022896163010250953,0.003345491961483103,0.14611583434243006,3.0001513799736066,1.0000000000000004,0.1270944836347577,1.1057451864368826,0.10890702947211572,1.2146522159089983,1.341746699543756,-1.3322676295501878e-15,0.022896163010250957,0.87126267898001,0.0,0.10584115800973933,0.9771038369897495,0.10584115800973933,1.0000000000000002
task-v2-780e1209d403,g-e0c69f84d376b633,v2-S5-b001-g-e0c69f84d376b633,S5,D7,19,2.288818359375e-05,4.640388671568018,P3_CONTINUATION_B4,2207,3,480,terminal,"[6.691982500144679, 4.523376040828194, 0.37795000954078395, 2.446262149067473, 0.31517246813805055, -0.22496682384640238]",1.2934650381553503,0.028941054619329262,0.004414761449813798,0.15254321267426274,3.1019030244398413,0.9999999999999994,0.11633882183835818,1.089598095569675,0.08752812074731905,1.177126216316994,1.293465038155352,1.7763568394002505e-15,0.028941054619329262,0.8860012169003354,0.0,0.08505772848033474,0.9710589453806702,0.08505772848033474,0.9999999999999994
task-v2-780e1209d403,g-e0c69f84d376b633,v2-S5-b001-g-e0c69f84d376b633,S5,D7,19,2.288818359375e-05,4.640388671568018,P3_NELDER_MEAD_B1,2207,3,120,terminal,"[7.434926718967981, 4.385106098904685, -3.18583499627732e-05, 2.4322544740091336, 0.08434744933854621, -0.0007442937601035088]",1.2901532552983315,0.026958470889773576,0.004296575359576044,0.15937756177431808,3.0710839265319327,1.0000000000000018,0.10904870346429964,1.0896936809582995,0.09141087087573416,1.1811045518340337,1.2901532552983335,1.9984014443252818e-15,0.026958470889773573,0.885176023906072,0.0,0.08786550520415642,0.9730415291102282,0.08786550520415642,1.000000000000002
task-v2-780e1209d403,g-e0c69f84d376b633,v2-S5-b001-g-e0c69f84d376b633,S5,D7,19,2.288818359375e-05,4.640388671568018,P3_RANDOM_ORIGINAL,1103,3,120,terminal,"[2.392458526876399, 4.9920905474675195, 4.500634816942559, 0.8308884742020896, 3.547140782216511, 1.9560198736321117]",1.2818126348389423,0.0020726492359950475,0.0005112825307578788,0.24668068377349908,1.956914482218926,0.9999999999999998,0.07391310750852978,1.1125924465533603,0.09530708077704886,1.2078995273304092,1.281812634838939,-3.3306690738754696e-15,0.0020726492359950475,0.9063593939651866,0.0,0.09156795679881821,0.9979273507640047,0.09156795679881821,0.9999999999999999
task-v2-780e1209d403,g-e0c69f84d376b633,v2-S5-b001-g-e0c69f84d376b633,S5,D7,19,2.288818359375e-05,4.640388671568018,P3_RANDOM_ORIGINAL,2207,3,120,terminal,"[5.413744196131737, 4.99776705117868, 3.056061074803539, 0.8288109330785688, -0.029114929699366153, 2.0577814947709485]",1.164529503018576,0.0018040101713187305,0.0005407019403769987,0.29972222383965047,1.8966276534076134,0.9999999999999988,0.04637555715882626,1.0850765826465705,0.0330773632131838,1.1181539458597543,1.1645295030185805,4.440892098500626e-15,0.0018040101713187305,0.9662217071077779,0.0,0.031974282720902164,0.9981959898286801,0.031974282720902164,0.9999999999999988
task-v2-780e1209d403,g-e0c69f84d376b633,v2-S5-b001-g-e0c69f84d376b633,S5,D7,19,2.288818359375e-05,4.640388671568018,P3_RANDOM_ORIGINAL,3301,3,120,terminal,"[2.759740703195896, 3.787803835684073, 3.169891413506781, 0.35861681904940906, 2.9160234471363853, 2.5043191594275167]",1.3879970569560551,0.012127168089987657,0.0026130405603029664,0.21546997130025153,2.7241480687676307,1.0000000000000018,0.09365380927679894,1.1034513099614318,0.19089193771782745,1.2943432476792593,1.3879970569560582,3.1086244689504383e-15,0.012127168089987657,0.8044834811911894,0.0,0.1833893507188246,0.9878728319100141,0.1833893507188246,1.0000000000000018
