run_id,task_id,base_graph_id,base_instance_id,size_stratum,stress_level,n_edges,feasible_state_fraction,dilution_score,arm,optimizer,source_p2_seed,eval_budget,budget_multiplier,reused_from_continuation,initial_parameters,terminal_parameters,best_evaluated_parameters,objective_start,objective_final,terminal_objective,best_evaluated_objective,objective_improvement,best_evaluated_objective_improvement,p_feas_start,p_feas_final,p_feas_best_evaluated,p_opt_start,p_opt_final,p_opt_best_evaluated,p_opt_given_feasible_start,p_opt_given_feasible_final,p_opt_given_feasible_best_evaluated,G_feas_start,G_feas_final,G_feas_best_evaluated,state_norm_start,state_norm_final,state_norm_best_evaluated,expected_routing_component,expected_flow_penalty,expected_resource_penalty,expected_total_penalty,component_sum,component_sum_error,mass_valid_flow_resource_feasible,mass_flow_invalid_resource_feasible,mass_flow_valid_resource_violating,mass_both_flow_and_resource_violating,mass_flow_invalid,mass_resource_violating,mass_category_sum,classification,optimizer_nfev,tracked_optimizer_evaluations,diagnostic_start_evaluations,total_objective_evaluations,optimizer_status,optimizer_message,scipy_success,numerically_valid,runtime_s,peak_memory_mb,execution_status,failure_reason,config_sha256
diag-run-ad1d92d6fbbeab31c852,task-v2-07b8f456a957,g-3ff7063ef9ea5cfb,v2-S4-b000-g-3ff7063ef9ea5cfb,S4,D6,16,0.0001220703125,3.9133899436317554,P3_CONTINUATION_B1_SELECTED,COBYLA,2207,120,1,True,"[5.437078136252932, 4.171705917822636, 0.0, 2.4287773603919556, 0.11332324323113886, 0.0]","[6.321788126875408, 4.241860050347122, 0.0708692000962805, 2.4707723041137646, 0.1219430572671619, -0.02617791623030647]","[6.321788126875408, 4.241860050347122, 0.0708692000962805, 2.4707723041137646, 0.1219430572671619, -0.02617791623030647]",1.579760419530829,1.3786348177288883,1.3786348177288883,1.3786348177288883,0.2011256018019405,0.2011256018019405,0.0148475636082494,0.0228166989917394,0.0228166989917394,0.0062492155491638,0.0093311101556837,0.0093311101556837,0.420891650242985,0.4089596904031542,0.4089596904031542,2.0850451381400057,2.2716427566600044,2.2716427566600044,1.0000000000000022,1.0000000000000002,1.0000000000000002,0.1155503019133427,1.096470357745206,0.1666141580703391,1.263084515815545,1.3786348177288876,-8.881784197001252e-16,0.0228166989917394,0.8146718246528253,0.0020002873217209,0.1605111890337143,0.9751830136865396,0.1625114763554352,1.0,OBJECTIVE_AND_FEASIBILITY_IMPROVE,120,120,1,121,3,Return from COBYLA because the objective function has been evaluated MAXFUN times.,False,True,5.926521045155823,154.98046875,SUCCESS,,4125a14ecf0cf9f70644007cd1634ecf6f1e07fa3cd07fca5698b5513f958820
diag-run-2edaa53f40d360277be3,task-v2-095187356858,g-3ff7063ef9ea5cfb,v2-S4-b000-g-3ff7063ef9ea5cfb,S4,D2,16,3.0517578125e-05,4.515449934959718,P3_CONTINUATION_B1_SELECTED,COBYLA,1103,120,1,True,"[2.2653518965550097, 5.2307998085259095, 0.0, 3.252486969482005, -0.8185802628619073, 0.0]","[2.7003696657005056, 5.234205748305231, -0.5095159176420869, 3.1613517509894407, -0.9411607555686312, 0.181312875590286]","[2.7003696657005056, 5.234205748305231, -0.5095159176420869, 3.1613517509894407, -0.9411607555686312, 0.181312875590286]",1.6678211694716716,1.5760613067653573,1.5760613067653573,1.5760613067653573,0.0917598627063143,0.0917598627063143,0.001884664389846,0.0033747821400627,0.0033747821400627,0.0014234701970546,0.0025510940878667,0.0025510940878667,0.7552910771402223,0.7559285257505208,0.7559285257505208,1.7906839597324833,2.0436956770386185,2.0436956770386185,1.0000000000000022,1.000000000000001,1.000000000000001,0.0776394588839265,1.1010200082669697,0.3974018396144605,1.4984218478814302,1.5760613067653566,-6.661338147750939e-16,0.0033747821400627,0.6088123209394878,0.0061372916285884,0.3816756052918625,0.9904879262313502,0.3878128969204509,1.000000000000001,OBJECTIVE_AND_FEASIBILITY_IMPROVE,120,120,1,121,3,Return from COBYLA because the objective function has been evaluated MAXFUN times.,False,True,5.913037495687604,154.3203125,SUCCESS,,4125a14ecf0cf9f70644007cd1634ecf6f1e07fa3cd07fca5698b5513f958820
diag-run-b6c06bef20b55c289dbe,task-v2-0b71cbcaebc2,g-3ff7063ef9ea5cfb,v2-S4-b000-g-3ff7063ef9ea5cfb,S4,D3,16,4.57763671875e-05,4.339358675904037,P3_CONTINUATION_B1_SELECTED,COBYLA,1103,120,1,True,"[3.176230981602957, 5.674042409120552, 0.0, 3.7979473976669467, -1.0383617347001624, 0.0]","[4.037882079316276, 6.347932818379035, -0.6893145564743652, 3.9489351784141595, -1.2562159757354234, 0.18779426254589665]","[4.037882079316276, 6.347932818379035, -0.6893145564743652, 3.9489351784141595, -1.2562159757354234, 0.18779426254589665]",1.5682571975225854,1.3727250642647302,1.3727250642647302,1.3727250642647302,0.1955321332578552,0.1955321332578552,0.0012391277545523,0.0017012864497189,0.0017012864497189,0.000442523332109,0.0002500087447151,0.0002500087447151,0.3571248650377487,0.1469527631613709,0.1469527631613709,1.432474760518087,1.5701361188867544,1.5701361188867544,0.999999999999998,0.999999999999998,0.999999999999998,0.0636692246751417,1.0958386571232677,0.2132171824663206,1.3090558395895884,1.3727250642647302,0.0,0.0017012864497189,0.7875823224174364,0.0011833672243045,0.209533023908538,0.9971153463259744,0.2107163911328425,0.999999999999998,OBJECTIVE_AND_FEASIBILITY_IMPROVE,120,120,1,121,3,Return from COBYLA because the objective function has been evaluated MAXFUN times.,False,True,6.064244531095028,154.87890625,SUCCESS,,4125a14ecf0cf9f70644007cd1634ecf6f1e07fa3cd07fca5698b5513f958820
diag-run-d39ddc6432918328225e,task-v2-0c6c4504c3d3,g-8a16a856f5377a40,v2-S3-b000-g-8a16a856f5377a40,S3,D5,13,0.0006103515625,3.2144199392957367,P3_CONTINUATION_B1_SELECTED,COBYLA,2207,120,1,True,"[5.633014571174835, 4.166480396683977, 0.0, 2.4485288277994526, 0.12896163233685734, 0.0]","[6.323973188684103, 4.632034433132568, 0.06267440667000913, 2.458500500391587, 0.15754605997894983, -0.04137969260524426]","[6.323973188684103, 4.632034433132568, 0.06267440667000913, 2.458500500391587, 0.15754605997894983, -0.04137969260524426]",1.5069255612077626,1.3818848379630095,1.3818848379630095,1.3818848379630095,0.125040723244753,0.125040723244753,0.0357096089109574,0.0594315954172992,0.0594315954172992,0.0087005428264611,0.018221719642884,0.018221719642884,0.2436471048494579,0.3065998736015767,0.3065998736015767,1.767205033152949,1.9884373281712988,1.9884373281712988,0.9999999999999996,1.0000000000000022,1.0000000000000022,0.0829085461074977,1.0627426163063167,0.2362336755491946,1.2989762918555114,1.381884837963009,-2.220446049250313e-16,0.0594315954172992,0.7140088614808027,0.0143521548195665,0.2122073882823336,0.9262162497631364,0.2265595431019001,1.0000000000000022,OBJECTIVE_AND_FEASIBILITY_IMPROVE,120,120,1,121,3,Return from COBYLA because the objective function has been evaluated MAXFUN times.,False,True,0.7198332641273737,135.79296875,SUCCESS,,4125a14ecf0cf9f70644007cd1634ecf6f1e07fa3cd07fca5698b5513f958820
diag-run-6e3345e81fa78ee3e1e3,task-v2-11173062a501,g-a87f1b9ac089cc45,v2-S5-b000-g-a87f1b9ac089cc45,S5,D5,19,1.1444091796875e-05,4.941418667231999,P3_CONTINUATION_B1_SELECTED,COBYLA,1103,120,1,True,"[3.1749066575287777, 5.437569107023978, 0.0, 3.4120280287950466, -0.890396999791317, 0.0]","[4.592464442995022, 6.430744806445671, 0.9441405529729892, 3.695938272288876, -0.8522681383271544, -0.12988264038296676]","[4.592464442995022, 6.430744806445671, 0.9441405529729892, 3.695938272288876, -0.8522681383271544, -0.12988264038296676]",1.5637343724398405,1.2440000007213836,1.2440000007213836,1.2440000007213836,0.3197343717184568,0.3197343717184568,0.0031708231760073,0.0108770702696158,0.0108770702696158,0.0013883516769821,0.0046191706900304,0.0046191706900304,0.4378521285852194,0.4246704834603902,0.4246704834603902,2.44259069108644,2.977930601465551,2.977930601465551,0.999999999999998,0.9999999999999996,0.9999999999999996,0.0639113069608629,1.0714141869293756,0.1086745068311447,1.1800886937605204,1.2440000007213834,-2.220446049250313e-16,0.0108770702696158,0.8822257410930421,0.0008057866122051,0.1060914020251367,0.9883171431181786,0.1068971886373419,0.9999999999999998,OBJECTIVE_AND_FEASIBILITY_IMPROVE,120,120,1,121,3,Return from COBYLA because the objective function has been evaluated MAXFUN times.,False,True,128.61953016091138,209.75,SUCCESS,,4125a14ecf0cf9f70644007cd1634ecf6f1e07fa3cd07fca5698b5513f958820
diag-run-4a16d04617c774663b62,task-v2-2d64318cb7be,g-6aa6775bed3bc2cc,v2-S2-b001-g-6aa6775bed3bc2cc,S2,D2,10,0.001953125,2.709269960975831,P3_CONTINUATION_B1_SELECTED,COBYLA,2207,120,1,True,"[2.135855943816076, 6.043253439112003, 0.0, 2.5173232462610784, -0.42044304575646113, 0.0]","[1.4582299004410693, 6.673536245952339, 0.5200739739336435, 2.3602112308474363, -0.23479651934645762, -0.15451144333576897]","[1.4582299004410693, 6.673536245952339, 0.5200739739336435, 2.3602112308474363, -0.23479651934645762, -0.15451144333576897]",1.564057493309508,1.4122457098897476,1.4122457098897476,1.4122457098897476,0.1518117834197603,0.1518117834197603,0.0134284105747309,0.0453660624894026,0.0453660624894026,0.008505523714043,0.0291564009038673,0.0291564009038673,0.6333976509512105,0.6426919001550605,0.6426919001550605,0.8372945723434444,1.3660010476402722,1.3660010476402722,1.0000000000000004,0.999999999999999,0.999999999999999,0.0672290612499154,1.1253370826175553,0.219679566022277,1.3450166486398325,1.4122457098897476,0.0,0.0453660624894026,0.749920270708236,0.005647353437311,0.1990663133650492,0.9489865840732854,0.2047136668023603,0.9999999999999988,OBJECTIVE_AND_FEASIBILITY_IMPROVE,120,120,1,121,3,Return from COBYLA because the objective function has been evaluated MAXFUN times.,False,True,0.3473872514441609,134.5859375,SUCCESS,,4125a14ecf0cf9f70644007cd1634ecf6f1e07fa3cd07fca5698b5513f958820
diag-run-8773e7ccc382e1ce1c6c,task-v2-3cd2eda112d3,g-6aa6775bed3bc2cc,v2-S2-b001-g-6aa6775bed3bc2cc,S2,D3,10,0.0029296875,2.533178701920149,P3_CONTINUATION_B1_SELECTED,COBYLA,2207,120,1,True,"[6.289045021028471, 4.266169369375171, 0.0, 2.5852374279898886, 0.1238655085588723, 0.0]","[6.3817346642216215, 4.3664650856253555, -0.020328013324839123, 2.585595975579392, 0.10954990940193374, 0.013371452862212576]","[6.3817346642216215, 4.3664650856253555, -0.020328013324839123, 2.585595975579392, 0.10954990940193374, 0.013371452862212576]",1.3145104902933211,1.3100103531321745,1.3100103531321745,1.3100103531321745,0.0045001371611466,0.0045001371611466,0.0819841059638221,0.0823824288543792,0.0823824288543792,0.0556558061479468,0.0557221796299239,0.0557221796299239,0.6788609266838445,0.6763842776281764,0.6763842776281764,1.446908366971341,1.449013293892386,1.449013293892386,1.000000000000001,0.9999999999999996,0.9999999999999996,0.0944241931134928,1.092127267229113,0.1234588927895691,1.215586160018682,1.3100103531321747,2.220446049250313e-16,0.0823824288543792,0.7971139361866031,0.0140818098452048,0.1064218251138124,0.9035357613004154,0.1205036349590172,0.9999999999999996,OBJECTIVE_AND_FEASIBILITY_IMPROVE,120,120,1,121,3,Return from COBYLA because the objective function has been evaluated MAXFUN times.,False,True,0.3442851100116968,135.09765625,SUCCESS,,4125a14ecf0cf9f70644007cd1634ecf6f1e07fa3cd07fca5698b5513f958820
diag-run-ce6c84e770bbe85bec15,task-v2-3f11ce371857,g-3ff7063ef9ea5cfb,v2-S4-b000-g-3ff7063ef9ea5cfb,S4,D1,16,1.52587890625e-05,4.816479930623699,P3_CONTINUATION_B1_SELECTED,COBYLA,1103,120,1,True,"[4.206576848588073, 3.6833823222925894, 0.0, 0.4480349083452544, -1.0714407406078148, 0.0]","[4.834726745602966, 4.545189823598627, 1.0842579019745875, 0.7071644086105813, -1.0665198444210418, -0.1898052863597936]","[4.834726745602966, 4.545189823598627, 1.0842579019745875, 0.7071644086105813, -1.0665198444210418, -0.1898052863597936]",1.8543460248744967,1.601944742471454,1.601944742471454,1.601944742471454,0.2524012824030426,0.2524012824030426,0.0011415392461981,0.0043850217112904,0.0043850217112904,0.0011415392461981,0.0043850217112904,0.0043850217112904,1.0,1.0,1.0,1.8739707777809247,2.458451678626854,2.458451678626854,1.0000000000000009,0.9999999999999966,0.9999999999999966,0.061197245793335,1.086543349694024,0.4542041469840956,1.5407474966781196,1.6019447424714546,4.440892098500626e-16,0.0043850217112904,0.5486528249828628,0.0035043696123824,0.4434577836934605,0.9921106086763234,0.4469621533058431,0.9999999999999964,OBJECTIVE_AND_FEASIBILITY_IMPROVE,120,120,1,121,3,Return from COBYLA because the objective function has been evaluated MAXFUN times.,False,True,5.912970184348524,154.296875,SUCCESS,,4125a14ecf0cf9f70644007cd1634ecf6f1e07fa3cd07fca5698b5513f958820
diag-run-891051aec1f8040de79e,task-v2-3f363bac5736,g-60667963f6db3f1b,v2-S2-b000-g-60667963f6db3f1b,S2,D1,10,0.0009765625,3.010299956639812,P3_CONTINUATION_B1_SELECTED,COBYLA,2207,120,1,True,"[4.784719897843099, 3.929300037215576, 0.0, 2.515327043692428, 0.14820513845737432, 0.0]","[5.5893484284335315, 4.0190426224411135, -0.020185405678734097, 2.5436737613734035, 0.1275010650187834, 0.008396546564441248]","[5.5893484284335315, 4.0190426224411135, -0.020185405678734097, 2.5436737613734035, 0.1275010650187834, 0.008396546564441248]",1.8763979305029184,1.7528666243413893,1.7528666243413893,1.7528666243413893,0.1235313061615293,0.1235313061615293,0.0155399771465292,0.0254181109118392,0.0254181109118392,0.0155399771465292,0.0254181109118392,0.0254181109118392,1.0,1.0,1.0,1.201750332421082,1.4154432270493689,1.4154432270493689,0.9999999999999988,0.9999999999999994,0.9999999999999994,0.1060085036096937,1.1594590439244732,0.4873990768072223,1.6468581207316957,1.7528666243413893,0.0,0.0254181109118392,0.5089462132853433,0.0956922364752073,0.3699434393276096,0.8788896526129529,0.465635675802817,0.9999999999999994,OBJECTIVE_AND_FEASIBILITY_IMPROVE,120,120,1,121,3,Return from COBYLA because the objective function has been evaluated MAXFUN times.,False,True,0.3407156737521291,135.30078125,SUCCESS,,4125a14ecf0cf9f70644007cd1634ecf6f1e07fa3cd07fca5698b5513f958820
diag-run-316f39eb8e86279ed8a2,task-v2-420d9636beee,g-e0c69f84d376b633,v2-S5-b001-g-e0c69f84d376b633,S5,D1,19,1.9073486328125e-06,5.719569917615643,P3_CONTINUATION_B1_SELECTED,COBYLA,1103,120,1,True,"[4.612840705462802, 4.410757818983318, 0.0, 0.5539584149385368, -1.1370973824703121, 0.0]","[5.115729234231051, 5.302522268090343, 0.63630629706898, 0.7472997521196892, -1.0654119576346623, -0.1617125902749346]","[5.115729234231051, 5.302522268090343, 0.63630629706898, 0.7472997521196892, -1.0654119576346623, -0.1617125902749346]",1.6363143864257583,1.430296780991104,1.430296780991104,1.430296780991104,0.2060176054346545,0.2060176054346545,0.0008834380034333,0.0022351139992961,0.0022351139992961,0.0008834380034333,0.0022351139992961,0.0022351139992961,1.0,1.0,1.0,2.6657459952710743,3.068869596315217,3.068869596315217,1.0000000000000009,1.0000000000000022,1.0000000000000022,0.0474632381706438,1.081037634566824,0.3017959082536375,1.3828335428204617,1.4302967809911054,1.3322676295501878e-15,0.0022351139992961,0.6990763496068376,0.0030898410148232,0.2955986953790452,0.9946750449858826,0.2986885363938684,1.0000000000000022,OBJECTIVE_AND_FEASIBILITY_IMPROVE,120,120,1,121,3,Return from COBYLA because the objective function has been evaluated MAXFUN times.,False,True,129.3224922819063,209.75,SUCCESS,,4125a14ecf0cf9f70644007cd1634ecf6f1e07fa3cd07fca5698b5513f958820
diag-run-1dfad8113cb75dcfed63,task-v2-4746dcc3bd93,g-a87f1b9ac089cc45,v2-S5-b000-g-a87f1b9ac089cc45,S5,D1,19,1.9073486328125e-06,5.719569917615643,P3_CONTINUATION_B1_SELECTED,COBYLA,1103,120,1,True,"[3.8102321809137987, 6.314816841899302, 0.0, 3.5202669297640834, -0.9771540043965765, 0.0]","[4.58336850927939, 7.136100009263115, 0.6922111681453553, 3.8026159101309234, -0.8903752760318846, -0.17288586211964152]","[4.58336850927939, 7.136100009263115, 0.6922111681453553, 3.8026159101309234, -0.8903752760318846, -0.17288586211964152]",1.5411848323389508,1.2776703661110784,1.2776703661110784,1.2776703661110784,0.2635144662278723,0.2635144662278723,0.0013405078361813,0.0020493527473411,0.0020493527473411,0.0013405078361813,0.0020493527473411,0.0020493527473411,1.0,1.0,1.0,2.846839274689028,3.0311866359184845,3.0311866359184845,1.0000000000000004,0.999999999999998,0.999999999999998,0.0421786187611393,1.062274693906312,0.1732170534436287,1.2354917473499407,1.2776703661110802,1.7763568394002505e-15,0.0020493527473411,0.8267421895173438,0.0016089254127518,0.1695995323225613,0.9963417218399052,0.1712084577353131,0.999999999999998,OBJECTIVE_AND_FEASIBILITY_IMPROVE,120,120,1,121,3,Return from COBYLA because the objective function has been evaluated MAXFUN times.,False,True,125.30847038980572,209.44140625,SUCCESS,,4125a14ecf0cf9f70644007cd1634ecf6f1e07fa3cd07fca5698b5513f958820
diag-run-7a426ffca1816fde53b5,task-v2-4968f3a685c2,g-8a16a856f5377a40,v2-S3-b000-g-8a16a856f5377a40,S3,D1,13,0.0001220703125,3.9133899436317554,P3_CONTINUATION_B1_SELECTED,COBYLA,1103,120,1,True,"[2.3572979579313866, 5.058713558072617, 0.0, 3.71953118117793, -0.9818183631331936, 0.0]","[3.2754066719459916, 5.696030862403348, 0.7964327068323276, 3.9456665639908413, -0.8764869420615133, -0.2006026959629187]","[3.2754066719459916, 5.696030862403348, 0.7964327068323276, 3.9456665639908413, -0.8764869420615133, -0.2006026959629187]",1.5661662043649591,1.35518580831047,1.35518580831047,1.35518580831047,0.2109803960544891,0.2109803960544891,0.000757162743766,0.0016950581864339,0.0016950581864339,0.000757162743766,0.0016950581864339,0.0016950581864339,1.0,1.0,1.0,0.7925791799656814,1.1425745544973889,1.1425745544973889,0.9999999999999996,0.9999999999999984,0.9999999999999984,0.0405870836405623,1.0930799394367503,0.2215187852331563,1.314598724669907,1.355185808310469,-8.881784197001252e-16,0.0016950581864339,0.7812812416117566,0.0113281156355545,0.2056955845662531,0.9869768261780096,0.2170237002018077,0.9999999999999984,OBJECTIVE_AND_FEASIBILITY_IMPROVE,120,120,1,121,3,Return from COBYLA because the objective function has been evaluated MAXFUN times.,False,True,0.6990048885345459,136.78515625,SUCCESS,,4125a14ecf0cf9f70644007cd1634ecf6f1e07fa3cd07fca5698b5513f958820
diag-run-4570a438b2a1347007c3,task-v2-4d2b9f5eb099,g-6aa6775bed3bc2cc,v2-S2-b001-g-6aa6775bed3bc2cc,S2,D1,10,0.0009765625,3.010299956639812,P3_CONTINUATION_B1_SELECTED,COBYLA,2207,120,1,True,"[3.3845201324537864, 6.764256654954441, 0.0, 2.4656432901734386, -0.3924608655984018, 0.0]","[2.541435396200047, 6.545458456934564, -0.6605062863060563, 2.4058286861193503, -0.5782086075262346, 0.19618264266057686]","[2.541435396200047, 6.545458456934564, -0.6605062863060563, 2.4058286861193503, -0.5782086075262346, 0.19618264266057686]",1.6436858706178623,1.518138438970197,1.518138438970197,1.518138438970197,0.1255474316476654,0.1255474316476654,0.0066963918651979,0.0087072146676146,0.0087072146676146,0.0066963918651979,0.0087072146676146,0.0087072146676146,1.0,1.0,1.0,0.8361408167853355,0.9501792083246856,0.9501792083246856,1.0,0.9999999999999992,0.9999999999999992,0.0638467268060121,1.155949188351781,0.2983425238124039,1.454291712164185,1.518138438970197,0.0,0.0087072146676146,0.7159746667596161,0.0170379473660924,0.2582801712066759,0.974254837966292,0.2753181185727684,0.9999999999999992,OBJECTIVE_AND_FEASIBILITY_IMPROVE,120,120,1,121,3,Return from COBYLA because the objective function has been evaluated MAXFUN times.,False,True,0.3517142422497272,135.171875,SUCCESS,,4125a14ecf0cf9f70644007cd1634ecf6f1e07fa3cd07fca5698b5513f958820
diag-run-e140c0b574861d356612,task-v2-4e78b3f98433,g-553bb3c5ba0f2136,v2-S1-b001-g-553bb3c5ba0f2136,S1,D1,7,0.0078125,2.1072099696478683,P3_CONTINUATION_B1_SELECTED,COBYLA,3301,120,1,True,"[1.307318752691071, 1.2991391804027617, 0.0, 2.67102286333235, -0.3163059091851462, 0.0]","[0.9519604968838986, 0.9936566016347889, 0.9787610956601508, 2.7086269823648403, -0.3786333011627684, -0.23563701507750037]","[0.9519604968838986, 0.9936566016347889, 0.9787610956601508, 2.7086269823648403, -0.3786333011627684, -0.23563701507750037]",1.4079863839740818,1.240018148374048,1.240018148374048,1.240018148374048,0.1679682356000338,0.1679682356000338,0.1002946856020147,0.1385015721301386,0.1385015721301386,0.1002946856020147,0.1385015721301386,0.1385015721301386,1.0,1.0,1.0,1.1084878909547582,1.2486646727491948,1.2486646727491948,1.0000000000000002,1.0000000000000004,1.0000000000000004,0.0437734594434764,1.0179267927088622,0.1783178962217093,1.1962446889305716,1.240018148374048,0.0,0.1385015721301386,0.7027996822130533,0.0525829887449973,0.106115756911811,0.8089154391248644,0.1586987456568083,1.0000000000000002,OBJECTIVE_AND_FEASIBILITY_IMPROVE,120,120,1,121,3,Return from COBYLA because the objective function has been evaluated MAXFUN times.,False,True,0.2666617929935455,134.76171875,SUCCESS,,4125a14ecf0cf9f70644007cd1634ecf6f1e07fa3cd07fca5698b5513f958820
diag-run-5842e5288ad9df93ff61,task-v2-526a936f38d9,g-e0c69f84d376b633,v2-S5-b001-g-e0c69f84d376b633,S5,D4,19,7.62939453125e-06,5.11750992628768,P3_CONTINUATION_B1_SELECTED,COBYLA,1103,120,1,True,"[4.546961637857658, 3.7207730821589418, 0.0, 0.4932665102013446, -1.1240530393861021, 0.0]","[5.17170470254167, 4.586512888520083, 0.4079819483795092, 0.6920132886196129, -1.0373564804978912, -0.16693827871461075]","[5.17170470254167, 4.586512888520083, 0.4079819483795092, 0.6920132886196129, -1.0373564804978912, -0.16693827871461075]",1.5713309703445288,1.3860756364316091,1.3860756364316091,1.3860756364316091,0.1852553339129197,0.1852553339129197,0.0028269043281469,0.0059138249316307,0.0059138249316307,0.0006836105127935,0.0013836497394781,0.0013836497394781,0.2418230097095916,0.2339686675670054,0.2339686675670054,2.5688210370549065,2.889378390144994,2.889378390144994,0.9999999999999978,1.000000000000001,1.000000000000001,0.054737955285677,1.082550886291594,0.2487867948543355,1.3313376811459297,1.3860756364316067,-2.4424906541753444e-15,0.0059138249316307,0.7478474733363085,0.0018612770613998,0.2443774246706621,0.9922248980069708,0.2462387017320619,1.000000000000001,OBJECTIVE_AND_FEASIBILITY_IMPROVE,120,120,1,121,3,Return from COBYLA because the objective function has been evaluated MAXFUN times.,False,True,127.16541846841574,208.9609375,SUCCESS,,4125a14ecf0cf9f70644007cd1634ecf6f1e07fa3cd07fca5698b5513f958820
diag-run-32e85c0017d400fb44b8,task-v2-59a464f36e13,g-bd62d2d752385cc7,v2-S4-b001-g-bd62d2d752385cc7,S4,D1,16,1.52587890625e-05,4.816479930623699,P3_CONTINUATION_B1_SELECTED,COBYLA,1103,120,1,True,"[4.512211673038156, 3.9304391078697862, 0.0, 0.42840996606582415, -1.0352903038052013, 0.0]","[5.2447289424005, 4.600263663349119, 0.4533297187476489, 0.6171159717936815, -0.9825378965148791, -0.1765861188288323]","[5.2447289424005, 4.600263663349119, 0.4533297187476489, 0.6171159717936815, -0.9825378965148791, -0.1765861188288323]",1.698750440470401,1.51181256356806,1.51181256356806,1.51181256356806,0.1869378769023411,0.1869378769023411,0.0014027996531793,0.0024640367152609,0.0024640367152609,0.0014027996531793,0.0024640367152609,0.0024640367152609,1.0,1.0,1.0,1.9634755804605448,2.2081271053484057,2.2081271053484057,1.0000000000000009,1.000000000000001,1.000000000000001,0.0553064999278865,1.083086514397947,0.3734195492422262,1.4565060636401728,1.5118125635680593,-6.661338147750939e-16,0.0024640367152609,0.6286209108154585,0.0030032062200306,0.3659118462492513,0.9945327570647098,0.3689150524692819,1.000000000000001,OBJECTIVE_AND_FEASIBILITY_IMPROVE,120,120,1,121,3,Return from COBYLA because the objective function has been evaluated MAXFUN times.,False,True,6.034765142947435,154.625,SUCCESS,,4125a14ecf0cf9f70644007cd1634ecf6f1e07fa3cd07fca5698b5513f958820
diag-run-f31b7081b649369fe875,task-v2-5acbf653f95a,g-a712031e7959d564,v2-S3-b001-g-a712031e7959d564,S3,D2,13,0.000244140625,3.612359947967774,P3_CONTINUATION_B1_SELECTED,COBYLA,1103,120,1,True,"[1.8096526448457124, 4.427765583131744, 0.0, 3.298075240497105, -0.7925145293331105, 0.0]","[1.7636829708276016, 4.2849396241740285, 0.21621080583948607, 3.333641381232542, -0.7384519718091709, -0.08973146321057981]","[1.7636829708276016, 4.2849396241740285, 0.21621080583948607, 3.333641381232542, -0.7384519718091709, -0.08973146321057981]",1.5454985842359965,1.5212758110814677,1.5212758110814677,1.5212758110814677,0.0242227731545288,0.0242227731545288,0.0112678715127597,0.0123372661721066,0.0123372661721066,0.0076071163492277,0.0081940618448052,0.0081940618448052,0.6751156454538434,0.6641716025654996,0.6641716025654996,1.6642018340612763,1.7035788825511513,1.7035788825511513,0.9999999999999988,1.0000000000000004,1.0000000000000004,0.042204889446329,1.111048671413182,0.3680222502219566,1.4790709216351383,1.521275811081468,4.440892098500626e-16,0.0123372661721066,0.633747780988247,0.0194081012503204,0.3345068515893262,0.9682546325775732,0.3539149528396467,1.0000000000000004,OBJECTIVE_AND_FEASIBILITY_IMPROVE,120,120,1,121,3,Return from COBYLA because the objective function has been evaluated MAXFUN times.,False,True,0.7141276709735394,136.7265625,SUCCESS,,4125a14ecf0cf9f70644007cd1634ecf6f1e07fa3cd07fca5698b5513f958820
diag-run-aa7533ce6313f70a74de,task-v2-5b0627539151,g-a712031e7959d564,v2-S3-b001-g-a712031e7959d564,S3,D5,13,0.0006103515625,3.2144199392957367,P3_CONTINUATION_B1_SELECTED,COBYLA,3301,120,1,True,"[5.977239576058943, 1.2087261362850337, 0.0, 2.5991040921869644, -0.1643585769637043, 0.0]","[6.478089696358356, 0.9805916760578591, -0.008413430964126474, 2.600605088770717, -0.19275336252719052, 0.035764518208263596]","[6.478089696358356, 0.9805916760578591, -0.008413430964126474, 2.600605088770717, -0.19275336252719052, 0.035764518208263596]",1.3261650789954538,1.2863288492755005,1.2863288492755005,1.2863288492755005,0.0398362297199534,0.0398362297199534,0.0696973986053847,0.0756226711195635,0.0756226711195635,0.0126895223707475,0.0148318833900557,0.0148318833900557,0.1820659396858351,0.1961301177342142,0.1961301177342142,2.057636508033484,2.093071952602592,2.093071952602592,0.999999999999999,0.9999999999999998,0.9999999999999998,0.0485309486144365,1.0410523565750176,0.1967455440860463,1.237797900661064,1.2863288492755005,2.220446049250313e-16,0.0756226711195635,0.7315327454176869,0.0111273044791357,0.1817172789836137,0.9132500244013004,0.1928445834627494,1.0,OBJECTIVE_AND_FEASIBILITY_IMPROVE,120,120,1,121,3,Return from COBYLA because the objective function has been evaluated MAXFUN times.,False,True,0.7194664292037487,135.79296875,SUCCESS,,4125a14ecf0cf9f70644007cd1634ecf6f1e07fa3cd07fca5698b5513f958820
diag-run-cb7005d24f2f4244b140,task-v2-5b5a3995de2b,g-bd62d2d752385cc7,v2-S4-b001-g-bd62d2d752385cc7,S4,D5,16,7.62939453125e-05,4.11750992628768,P3_CONTINUATION_B1_SELECTED,COBYLA,2207,120,1,True,"[5.698741696704778, 4.093949542587866, 0.0, 2.421309056216148, 0.10642663591831496, 0.0]","[6.518589063020158, 4.544945610018975, 0.08148698741862156, 2.4175980917879856, 0.17307902595094032, -0.07235122204827295]","[6.518589063020158, 4.544945610018975, 0.08148698741862156, 2.4175980917879856, 0.17307902595094032, -0.07235122204827295]",1.5700904745513848,1.3952958462295526,1.3952958462295526,1.3952958462295526,0.1747946283218322,0.1747946283218322,0.0112721749114478,0.0167958251921121,0.0167958251921121,0.0039003383357499,0.0054407215128249,0.0054407215128249,0.3460147102391745,0.3239329684962487,0.3239329684962487,2.1695176454314984,2.34271127221928,2.34271127221928,0.9999999999999992,0.9999999999999988,0.9999999999999988,0.1158783555669016,1.096497573221689,0.1829199174409629,1.279417490662652,1.3952958462295535,8.881784197001252e-16,0.0167958251921121,0.8048490871422247,0.0047101807414755,0.1736449069241861,0.978493994066411,0.1783550876656616,0.9999999999999988,OBJECTIVE_AND_FEASIBILITY_IMPROVE,120,120,1,121,3,Return from COBYLA because the objective function has been evaluated MAXFUN times.,False,True,6.538932202383876,155.91796875,SUCCESS,,4125a14ecf0cf9f70644007cd1634ecf6f1e07fa3cd07fca5698b5513f958820
diag-run-e8610540b2b92a3b0b89,task-v2-5d31ef4af595,g-bd62d2d752385cc7,v2-S4-b001-g-bd62d2d752385cc7,S4,D4,16,6.103515625e-05,4.214419939295737,P3_CONTINUATION_B1_SELECTED,COBYLA,3301,120,1,True,"[6.089635855056756, 1.270232980290997, 0.0, 2.5952946372317545, -0.34509165296780636, 0.0]","[6.883763029695233, 1.220313720760483, 0.15792658552527872, 2.505223724246676, -0.0839744486846133, -0.06324195186480645]","[6.883763029695233, 1.220313720760483, 0.15792658552527872, 2.505223724246676, -0.0839744486846133, -0.06324195186480645]",1.4537201462314218,1.3393885841037412,1.3393885841037412,1.3393885841037412,0.1143315621276805,0.1143315621276805,0.0052972315664891,0.0163207610533896,0.0163207610533896,0.0016164887921359,0.0052489678182208,0.0052489678182208,0.3051572829781611,0.3216129322064114,0.3216129322064114,1.9384688976665336,2.427160345771249,2.427160345771249,0.9999999999999978,0.9999999999999996,0.9999999999999996,0.0908805186931032,1.0893357158208898,0.1591723495897494,1.2485080654106393,1.3393885841037425,1.3322676295501878e-15,0.0163207610533896,0.8279293756523883,0.0038511536362195,0.1518987096580021,0.9798280853103906,0.1557498632942216,0.9999999999999996,OBJECTIVE_AND_FEASIBILITY_IMPROVE,120,120,1,121,3,Return from COBYLA because the objective function has been evaluated MAXFUN times.,False,True,6.333889204077423,155.92578125,SUCCESS,,4125a14ecf0cf9f70644007cd1634ecf6f1e07fa3cd07fca5698b5513f958820
diag-run-5f54c86c57c40c3abf3e,task-v2-5de325b6f026,g-8a16a856f5377a40,v2-S3-b000-g-8a16a856f5377a40,S3,D3,13,0.0003662109375,3.436268688912093,P3_CONTINUATION_B1_SELECTED,COBYLA,1103,120,1,True,"[2.0522876013912557, 4.8079350627351785, 0.0, 3.254631144510704, -0.7771932871610482, 0.0]","[2.067910367267188, 4.7801884633270975, -0.22666575496348434, 3.230033372377574, -0.8830160068498246, 0.13995414928879046]","[2.067910367267188, 4.7801884633270975, -0.22666575496348434, 3.230033372377574, -0.8830160068498246, 0.13995414928879046]",1.5459860591715722,1.51398918308655,1.51398918308655,1.51398918308655,0.0319968760850222,0.0319968760850222,0.009742829274044,0.0143260770529153,0.0143260770529153,0.0063252609773233,0.00933856749265,0.00933856749265,0.6492221919740025,0.6518579690837004,0.6518579690837004,1.4249537812812472,1.5923959715971825,1.5923959715971825,1.0,0.9999999999999972,0.9999999999999972,0.0626762391117432,1.0907183750377587,0.3605945689370483,1.451312943974807,1.5139891830865502,2.220446049250313e-16,0.0143260770529153,0.6362003827539539,0.0204377002628374,0.3290358399302905,0.9652362226842444,0.349473540193128,0.9999999999999972,OBJECTIVE_AND_FEASIBILITY_IMPROVE,120,120,1,121,3,Return from COBYLA because the objective function has been evaluated MAXFUN times.,False,True,0.7383273020386696,136.53125,SUCCESS,,4125a14ecf0cf9f70644007cd1634ecf6f1e07fa3cd07fca5698b5513f958820
diag-run-f9b69252b3d4cbc13b86,task-v2-5f165c277bb9,g-e0c69f84d376b633,v2-S5-b001-g-e0c69f84d376b633,S5,D6,19,1.52587890625e-05,4.816479930623699,P3_CONTINUATION_B1_SELECTED,COBYLA,3301,120,1,True,"[4.476824248759472, 3.5317757914776675, 0.0, 3.1776539669668233, -0.7687144975486355, 0.0]","[4.986497397398519, 3.496248458730934, 0.07037111207738996, 3.1650040056311526, -0.716227791281953, -0.04468266106271795]","[4.986497397398519, 3.496248458730934, 0.07037111207738996, 3.1650040056311526, -0.716227791281953, -0.04468266106271795]",1.4855773001892705,1.4748023209062435,1.4748023209062435,1.4748023209062435,0.0107749792830267,0.0107749792830267,0.0090981600918224,0.0100777668321826,0.0100777668321826,0.002091314957879,0.0024098836647729,0.0024098836647729,0.2298613056675851,0.2391287380332244,0.2391287380332244,2.7754335050590946,2.819844236551775,2.819844236551775,0.9999999999999996,1.0000000000000024,1.0000000000000024,0.0795889944861571,1.0998465595033171,0.2953667669167665,1.395213326420084,1.474802320906241,-2.664535259100376e-15,0.0100777668321826,0.7000611628402073,0.0016801609937761,0.2881809093338365,0.9882420721740438,0.2898610703276127,1.0000000000000029,OBJECTIVE_AND_FEASIBILITY_IMPROVE,120,120,1,121,3,Return from COBYLA because the objective function has been evaluated MAXFUN times.,False,True,78.5652565965429,209.75,SUCCESS,,4125a14ecf0cf9f70644007cd1634ecf6f1e07fa3cd07fca5698b5513f958820
diag-run-bb9b0a905bd23269dd72,task-v2-606c43f06406,g-3ff7063ef9ea5cfb,v2-S4-b000-g-3ff7063ef9ea5cfb,S4,D4,16,6.103515625e-05,4.214419939295737,P3_CONTINUATION_B1_SELECTED,COBYLA,1103,120,1,True,"[2.4084554011520796, 4.963910099709779, 0.0, 3.2261732434850257, -0.8010686431749112, 0.0]","[3.04949027575544, 4.871394863693739, -0.5539171439258082, 3.1562660264139075, -0.9375333222744737, 0.1803809028135727]","[3.04949027575544, 4.871394863693739, -0.5539171439258082, 3.1562660264139075, -0.9375333222744737, 0.1803809028135727]",1.618351920785332,1.5228660704232224,1.5228660704232224,1.5228660704232224,0.0954858503621094,0.0954858503621094,0.0039036974597187,0.0058535673869019,0.0058535673869019,0.0013724131225755,0.0016972285199537,0.0016972285199537,0.3515674912661995,0.2899477203852646,0.2899477203852646,1.8058960913574915,1.981840561660016,1.981840561660016,0.9999999999999968,1.000000000000004,1.000000000000004,0.078702772364702,1.1014574440752496,0.3427058539832725,1.4441632980585222,1.5228660704232242,1.7763568394002505e-15,0.0058535673869019,0.6603331187283785,0.0040496780957761,0.3297636357889474,0.990096754517326,0.3338133138847236,1.000000000000004,OBJECTIVE_AND_FEASIBILITY_IMPROVE,120,120,1,121,3,Return from COBYLA because the objective function has been evaluated MAXFUN times.,False,True,5.9253048757091165,154.87890625,SUCCESS,,4125a14ecf0cf9f70644007cd1634ecf6f1e07fa3cd07fca5698b5513f958820
diag-run-12a33719eb1d4293ab56,task-v2-69173fedcdae,g-8a16a856f5377a40,v2-S3-b000-g-8a16a856f5377a40,S3,D7,13,0.0008544921875,3.0682919036174985,P3_CONTINUATION_B1_SELECTED,COBYLA,2207,120,1,True,"[1.0066855960067225, 6.737128967179567, 0.0, 2.8781035626707694, -0.5777751815110356, 0.0]","[0.7422897833213317, 6.903344047427995, 0.26516713339264747, 2.899043118920492, -0.4217741995845111, -0.17812667132818852]","[0.7422897833213317, 6.903344047427995, 0.26516713339264747, 2.899043118920492, -0.4217741995845111, -0.17812667132818852]",1.252634297757721,1.2105800681757295,1.2105800681757295,1.2105800681757295,0.0420542295819912,0.0420542295819912,0.0452609953912153,0.064224652080595,0.064224652080595,0.014108682627872,0.0208523482125508,0.0208523482125508,0.3117183461371785,0.3246782588465156,0.3246782588465156,1.724016004454913,1.875993663891235,1.875993663891235,0.999999999999999,0.9999999999999992,0.9999999999999992,0.0663324773833254,1.0455827180979609,0.0986648726944443,1.144247590792405,1.2105800681757304,6.661338147750939e-16,0.064224652080595,0.8392627977427299,0.0,0.0965125501766744,0.9357753479194044,0.0965125501766744,0.9999999999999994,OBJECTIVE_AND_FEASIBILITY_IMPROVE,120,120,1,121,3,Return from COBYLA because the objective function has been evaluated MAXFUN times.,False,True,0.7066348968073726,135.93359375,SUCCESS,,4125a14ecf0cf9f70644007cd1634ecf6f1e07fa3cd07fca5698b5513f958820
diag-run-c9c196b908a4fb13e737,task-v2-6996479d6302,g-60667963f6db3f1b,v2-S2-b000-g-60667963f6db3f1b,S2,D4,10,0.00390625,2.4082399653118496,P3_CONTINUATION_B1_SELECTED,COBYLA,2207,120,1,True,"[6.357931285509614, 3.8449562185494717, 0.0, 2.6155911839506403, 0.12235468941507413, 0.0]","[6.3179899099790955, 4.292951304256797, 0.05840189714651484, 2.605611926985269, 0.1529248261423991, -0.03254468530049579]","[6.3179899099790955, 4.292951304256797, 0.05840189714651484, 2.605611926985269, 0.1529248261423991, -0.03254468530049579]",1.359232437207909,1.3489138730961896,1.3489138730961896,1.3489138730961896,0.0103185641117193,0.0103185641117193,0.166007622981611,0.1671055495543222,0.1671055495543222,0.0554235551986498,0.0528834243560825,0.0528834243560825,0.3338615070995215,0.3164671939209976,0.3164671939209976,1.628367996381045,1.6312308383099596,1.6312308383099596,1.0000000000000009,0.9999999999999992,0.9999999999999992,0.1163539015820679,1.0909813999949196,0.141578571519202,1.2325599715141216,1.3489138730961894,-2.220446049250313e-16,0.1671055495543222,0.694659342158549,0.0,0.1382351082871279,0.8328944504456768,0.1382351082871279,0.9999999999999992,OBJECTIVE_AND_FEASIBILITY_IMPROVE,120,120,1,121,3,Return from COBYLA because the objective function has been evaluated MAXFUN times.,False,True,0.345774264074862,134.4296875,SUCCESS,,4125a14ecf0cf9f70644007cd1634ecf6f1e07fa3cd07fca5698b5513f958820
diag-run-d3757e5a12a536ac0468,task-v2-6e79cb6720c5,g-e0c69f84d376b633,v2-S5-b001-g-e0c69f84d376b633,S5,D3,19,5.7220458984375e-06,5.24244866289598,P3_CONTINUATION_B1_SELECTED,COBYLA,3301,120,1,True,"[4.851866199560048, 3.4288866659457335, 0.0, 3.589289051834762, -1.1049385472890896, 0.0]","[5.410048398188887, 4.276808493369856, 0.704197739654969, 3.8455087044524072, -1.085108854571993, -0.16679763336872258]","[5.410048398188887, 4.276808493369856, 0.704197739654969, 3.8455087044524072, -1.085108854571993, -0.16679763336872258]",1.6020673986687362,1.382891630179395,1.382891630179395,1.382891630179395,0.2191757684893411,0.2191757684893411,0.0023315984168096,0.0070606076300206,0.0070606076300206,0.0010160432393623,0.0034478280640309,0.0034478280640309,0.4357711139436384,0.4883188876508749,0.4883188876508749,2.610102414651008,3.091290740578039,3.091290740578039,0.9999999999999982,0.9999999999999976,0.9999999999999976,0.0554821630521174,1.0791447166291528,0.248264750498126,1.327409467127279,1.3828916301793963,1.3322676295501878e-15,0.0070606076300206,0.7476392194258867,0.0040598614024865,0.2412403115416035,0.9888795309674904,0.2453001729440901,0.9999999999999976,OBJECTIVE_AND_FEASIBILITY_IMPROVE,120,120,1,121,3,Return from COBYLA because the objective function has been evaluated MAXFUN times.,False,True,80.73121580667794,209.54296875,SUCCESS,,4125a14ecf0cf9f70644007cd1634ecf6f1e07fa3cd07fca5698b5513f958820
diag-run-45c9b06e110f91c84c1d,task-v2-7133b996bac7,g-a87f1b9ac089cc45,v2-S5-b000-g-a87f1b9ac089cc45,S5,D3,19,5.7220458984375e-06,5.24244866289598,P3_CONTINUATION_B1_SELECTED,COBYLA,2207,120,1,True,"[5.5562435213009245, 5.685944369417065, 0.0, 3.642771129607981, -1.0505536819076824, 0.0]","[6.307743384084228, 6.476522517006378, 0.6285873390362807, 3.803656382926736, -0.9606610115851297, -0.17770235333428203]","[6.307743384084228, 6.476522517006378, 0.6285873390362807, 3.803656382926736, -0.9606610115851297, -0.17770235333428203]",1.4448078123453976,1.2538385200034343,1.2538385200034343,1.2538385200034343,0.190969292341963,0.190969292341963,0.0022064114852885,0.0027628503772803,0.0027628503772803,0.001515486952384,0.001864625133701,0.001864625133701,0.6868559933125569,0.674891825136238,0.674891825136238,2.5861351724168613,2.683806029144023,2.683806029144023,0.9999999999999992,1.0000000000000016,1.0000000000000016,0.0419470482326169,1.0614345402146987,0.1504569315561179,1.211891471770817,1.2538385200034337,-8.881784197001252e-16,0.0027628503772803,0.8481690566543172,0.0007794664487415,0.1482886265196626,0.9964576831739796,0.1490680929684041,1.0000000000000018,OBJECTIVE_AND_FEASIBILITY_IMPROVE,120,120,1,121,3,Return from COBYLA because the objective function has been evaluated MAXFUN times.,False,True,128.87962934188545,209.11328125,SUCCESS,,4125a14ecf0cf9f70644007cd1634ecf6f1e07fa3cd07fca5698b5513f958820
diag-run-99aa8603aa7da08cccec,task-v2-73f419868dc6,g-553bb3c5ba0f2136,v2-S1-b001-g-553bb3c5ba0f2136,S1,D3,7,0.0234375,1.630088714928206,P3_CONTINUATION_B1_SELECTED,COBYLA,1103,120,1,True,"[1.7438488525076061, 4.877360859857171, 0.0, 3.125380496550806, -0.4764872455989399, 0.0]","[1.7272974498069331, 4.894940496695847, -0.0036631354262039117, 3.124670070452152, -0.47674312995644363, 0.0020442547312915947]","[1.7272974498069331, 4.894940496695847, -0.0036631354262039117, 3.124670070452152, -0.47674312995644363, 0.0020442547312915947]",1.16418401734986,1.1640335944273337,1.1640335944273337,1.1640335944273337,0.0001504229225262,0.0001504229225262,0.2692989412267526,0.2693789267546866,0.2693789267546866,0.1084846192300934,0.1084377940177412,0.1084377940177412,0.4028408679807927,0.4025474276111119,0.4025474276111119,1.060323360874871,1.0604523332189524,1.0604523332189524,0.9999999999999992,1.0,1.0,0.0744924027628918,0.938690725962126,0.1508504657023159,1.089541191664442,1.164033594427334,2.220446049250313e-16,0.2693789267546866,0.5836353016447029,0.0,0.1469857716006104,0.7306210732453131,0.1469857716006104,1.0,OBJECTIVE_AND_FEASIBILITY_IMPROVE,120,120,1,121,3,Return from COBYLA because the objective function has been evaluated MAXFUN times.,False,True,0.2855452904477715,134.42578125,SUCCESS,,4125a14ecf0cf9f70644007cd1634ecf6f1e07fa3cd07fca5698b5513f958820
diag-run-cd1190cb1a29ee21d567,task-v2-780e1209d403,g-e0c69f84d376b633,v2-S5-b001-g-e0c69f84d376b633,S5,D7,19,2.288818359375e-05,4.640388671568018,P3_CONTINUATION_B1_SELECTED,COBYLA,2207,120,1,True,"[5.145699043434732, 3.9675356700938718, 0.0, 2.414351374012279, 0.0903440502029396, 0.0]","[6.048287168339986, 4.482449204235787, 0.13647606355504205, 2.4534382144680476, 0.19061958476675628, -0.09937737769907622]","[6.048287168339986, 4.482449204235787, 0.13647606355504205, 2.4534382144680476, 0.19061958476675628, -0.09937737769907622]",1.6284727185750805,1.3982465400800916,1.3982465400800916,1.3982465400800916,0.2302261784949888,0.2302261784949888,0.0101886776700694,0.0184221950457609,0.0184221950457609,0.0014860613500854,0.0025597972512018,0.0025597972512018,0.1458541920951087,0.1389518048659929,0.1389518048659929,2.6485064946464,2.905730047671278,2.905730047671278,0.9999999999999992,1.0000000000000018,1.0000000000000018,0.1365416462029575,1.1178358255937588,0.1438690682833726,1.2617048938771314,1.3982465400800888,-2.886579864025407e-15,0.0184221950457609,0.8418298977428091,0.0,0.1397479072114317,0.9815778049542409,0.1397479072114317,1.0000000000000018,OBJECTIVE_AND_FEASIBILITY_IMPROVE,120,120,1,121,3,Return from COBYLA because the objective function has been evaluated MAXFUN times.,False,True,119.02101413160564,209.11328125,SUCCESS,,4125a14ecf0cf9f70644007cd1634ecf6f1e07fa3cd07fca5698b5513f958820
diag-run-7ed96d0d228cc1657662,task-v2-7d4ec5aed494,g-a87f1b9ac089cc45,v2-S5-b000-g-a87f1b9ac089cc45,S5,D2,19,3.814697265625e-06,5.418539921951662,P3_CONTINUATION_B1_SELECTED,COBYLA,3301,120,1,True,"[5.96948073493069, 4.879706219990906, 0.0, 3.5865686657715794, -1.0513028615592015, 0.0]","[6.6138877979973305, 5.626361225612009, 0.42275888659318117, 3.743773827546675, -0.9556214431185892, -0.17889124253313388]","[6.6138877979973305, 5.626361225612009, 0.42275888659318117, 3.743773827546675, -0.9556214431185892, -0.17889124253313388]",1.4812518649174269,1.3139421696951634,1.3139421696951634,1.3139421696951634,0.1673096952222632,0.1673096952222632,0.0021003118887103,0.0028982974108346,0.0028982974108346,0.0017897741847382,0.0024012400072337,0.0024012400072337,0.8521468617869304,0.8285002078313884,0.8285002078313884,2.7408237126324027,2.880682870808354,2.880682870808354,0.999999999999998,1.0000000000000002,1.0000000000000002,0.0458009201418966,1.0640184156292414,0.2041228339240297,1.2681412495532711,1.313942169695168,4.440892098500626e-15,0.0028982974108346,0.7949349023066798,0.001552970888708,0.2006138293937777,0.9955487317004575,0.2021668002824858,1.0000000000000002,OBJECTIVE_AND_FEASIBILITY_IMPROVE,120,120,1,121,3,Return from COBYLA because the objective function has been evaluated MAXFUN times.,False,True,129.71589071583003,209.54296875,SUCCESS,,4125a14ecf0cf9f70644007cd1634ecf6f1e07fa3cd07fca5698b5513f958820
diag-run-1a13b557597d05c291ff,task-v2-8792ce3c54d5,g-a712031e7959d564,v2-S3-b001-g-a712031e7959d564,S3,D1,13,0.0001220703125,3.9133899436317554,P3_CONTINUATION_B1_SELECTED,COBYLA,2207,120,1,True,"[5.0029460925648035, 3.979640214938352, 0.0, 2.389496325220441, 0.14849377373478165, 0.0]","[5.672486710036282, 4.04254644782914, 0.007944094497754607, 2.4073699456484428, 0.154105699324919, -0.01105918807093277]","[5.672486710036282, 4.04254644782914, 0.007944094497754607, 2.4073699456484428, 0.154105699324919, -0.01105918807093277]",1.6704437635456042,1.6037100698716134,1.6037100698716134,1.6037100698716134,0.0667336936739908,0.0667336936739908,0.0063657223241751,0.0083921929355916,0.0083921929355916,0.0063657223241751,0.0083921929355916,0.0083921929355916,1.0,1.0,1.0,1.7172376341987676,1.8372654033143552,1.8372654033143552,1.0000000000000016,0.9999999999999996,0.9999999999999996,0.054320555554549,1.0902917939299166,0.4590977203871476,1.5493895143170642,1.6037100698716134,0.0,0.0083921929355916,0.5541893640741361,0.05327122979737,0.3841472131929018,0.938336577267038,0.4374184429902719,0.9999999999999996,OBJECTIVE_AND_FEASIBILITY_IMPROVE,120,120,1,121,3,Return from COBYLA because the objective function has been evaluated MAXFUN times.,False,True,0.7368224319070578,136.16015625,SUCCESS,,4125a14ecf0cf9f70644007cd1634ecf6f1e07fa3cd07fca5698b5513f958820
diag-run-1490b3330af629e9789e,task-v2-89b7591232ff,g-e0c69f84d376b633,v2-S5-b001-g-e0c69f84d376b633,S5,D5,19,1.1444091796875e-05,4.941418667231999,P3_CONTINUATION_B1_SELECTED,COBYLA,1103,120,1,True,"[4.124730436373567, 5.435781119745411, 0.0, 0.668255002243609, -1.1079747454416848, 0.0]","[4.620519304124852, 6.139486318097832, 0.468246082316408, 0.793528149129447, -1.0344795473137012, -0.15229734700377337]","[4.620519304124852, 6.139486318097832, 0.468246082316408, 0.793528149129447, -1.0344795473137012, -0.15229734700377337]",1.3848332393466691,1.2840792248895196,1.2840792248895196,1.2840792248895196,0.1007540144571494,0.1007540144571494,0.002497846144413,0.002927785548743,0.002927785548743,0.0003709432935997,0.0001238014935514,0.0001238014935514,0.1485052609943495,0.0422850278786907,0.0422850278786907,2.338984351594283,2.407957930052655,2.407957930052655,0.9999999999999988,1.000000000000001,1.000000000000001,0.0483864795750208,1.0837509214776455,0.151941823836858,1.2356927453145037,1.2840792248895243,4.884981308350689e-15,0.002927785548743,0.8463721260339139,0.0004349931911248,0.1502650952262197,0.9966372212601338,0.1507000884173446,1.0000000000000016,OBJECTIVE_AND_FEASIBILITY_IMPROVE,120,120,1,121,3,Return from COBYLA because the objective function has been evaluated MAXFUN times.,False,True,127.2065844181925,208.72265625,SUCCESS,,4125a14ecf0cf9f70644007cd1634ecf6f1e07fa3cd07fca5698b5513f958820
diag-run-5d7b50292502cdc9f955,task-v2-8c0a098a6f8b,g-a712031e7959d564,v2-S3-b001-g-a712031e7959d564,S3,D7,13,0.0008544921875,3.0682919036174985,P3_CONTINUATION_B1_SELECTED,COBYLA,2207,120,1,True,"[1.3488180561191172, 6.360526345375118, 0.0, 2.7133820627201475, -0.48986656290072805, 0.0]","[0.8141747012819418, 6.545663455564605, -0.4821962483276972, 2.8427331959509066, -0.7205870517363296, 0.18500604706478374]","[0.8141747012819418, 6.545663455564605, -0.4821962483276972, 2.8427331959509066, -0.7205870517363296, 0.18500604706478374]",1.2850374712580763,1.2001219614274192,1.2001219614274192,1.2001219614274192,0.0849155098306571,0.0849155098306571,0.0516444172323505,0.0857988205831076,0.0857988205831076,0.007742839323689,0.0143376026781468,0.0143376026781468,0.1499259695167754,0.1671072233942764,0.1671072233942764,1.7813152847252764,2.00177322156214,2.00177322156214,0.9999999999999998,0.9999999999999988,0.9999999999999988,0.0518147592583739,1.0306979621547876,0.1176092400142574,1.148307202169045,1.200121961427419,-2.220446049250313e-16,0.0857988205831076,0.7997588728600162,0.0,0.1144423065568747,0.9142011794168908,0.1144423065568747,0.9999999999999988,OBJECTIVE_AND_FEASIBILITY_IMPROVE,120,120,1,121,3,Return from COBYLA because the objective function has been evaluated MAXFUN times.,False,True,0.7286134567111731,135.93359375,SUCCESS,,4125a14ecf0cf9f70644007cd1634ecf6f1e07fa3cd07fca5698b5513f958820
diag-run-8ae62363035fc2de2123,task-v2-8f4071cbe937,g-8a16a856f5377a40,v2-S3-b000-g-8a16a856f5377a40,S3,D2,13,0.000244140625,3.612359947967774,P3_CONTINUATION_B1_SELECTED,COBYLA,1103,120,1,True,"[2.1168240366329436, 4.723762899386075, 0.0, 3.256906727770692, -0.7870703560194641, 0.0]","[2.235672699881083, 4.676766730269493, -0.19848829136225402, 3.221897206118447, -0.8523766080846071, 0.09775903021243706]","[2.235672699881083, 4.676766730269493, -0.19848829136225402, 3.221897206118447, -0.8523766080846071, 0.09775903021243706]",1.553451696088962,1.532127414646346,1.532127414646346,1.532127414646346,0.021324281442616,0.021324281442616,0.0063045427600074,0.00878418872176,0.00878418872176,0.0030173718268976,0.0042411043780332,0.0042411043780332,0.4786028014653404,0.4828111635998041,0.4828111635998041,1.4120135426030578,1.5560616056678906,1.5560616056678906,1.0000000000000002,1.0000000000000004,1.0000000000000004,0.0624857629401358,1.096824766402258,0.3728168853039526,1.4696416517062103,1.5321274146463464,4.440892098500626e-16,0.00878418872176,0.6297127308603089,0.0226431242298731,0.3388599561880582,0.9685726870483672,0.3615030804179314,1.0000000000000002,OBJECTIVE_AND_FEASIBILITY_IMPROVE,120,120,1,121,3,Return from COBYLA because the objective function has been evaluated MAXFUN times.,False,True,0.6806348375976086,136.7265625,SUCCESS,,4125a14ecf0cf9f70644007cd1634ecf6f1e07fa3cd07fca5698b5513f958820
diag-run-c2922e5cbe1f98cae724,task-v2-9f1427c2fbd8,g-3ff7063ef9ea5cfb,v2-S4-b000-g-3ff7063ef9ea5cfb,S4,D5,16,9.1552734375e-05,4.038328680240055,P3_CONTINUATION_B1_SELECTED,COBYLA,2207,120,1,True,"[5.303644729290461, 4.027358540448379, 0.0, 2.4010940755396004, 0.10583187323471438, 0.0]","[6.104575648753448, 4.53224060109211, 0.0819165245856447, 2.4131483904186726, 0.1743132611649207, -0.0650123331697672]","[6.104575648753448, 4.53224060109211, 0.0819165245856447, 2.4131483904186726, 0.1743132611649207, -0.0650123331697672]",1.642801402145231,1.4484159448785463,1.4484159448785463,1.4484159448785463,0.1943854572666847,0.1943854572666847,0.0100376317334309,0.0177117934411683,0.0177117934411683,0.0046130173645278,0.0083571261952198,0.0083571261952198,0.4595722862758439,0.4718396374132817,0.4718396374132817,2.039959938225596,2.2865912189664463,2.2865912189664463,1.0000000000000018,0.9999999999999988,0.9999999999999988,0.1142910229187458,1.1075942601873443,0.2265306617724556,1.3341249219598,1.448415944878546,-4.440892098500626e-16,0.0177117934411683,0.7626191097934782,0.003997074299947,0.2156720224654049,0.9782911322588832,0.219669096765352,0.9999999999999988,OBJECTIVE_AND_FEASIBILITY_IMPROVE,120,120,1,121,3,Return from COBYLA because the objective function has been evaluated MAXFUN times.,False,True,5.926360650919378,154.84765625,SUCCESS,,4125a14ecf0cf9f70644007cd1634ecf6f1e07fa3cd07fca5698b5513f958820
diag-run-efbb9da7d408a0e9d5ba,task-v2-a0f813383468,g-60667963f6db3f1b,v2-S2-b000-g-60667963f6db3f1b,S2,D3,10,0.0029296875,2.533178701920149,P3_CONTINUATION_B1_SELECTED,COBYLA,2207,120,1,True,"[1.448251790673219, 6.460818290119395, 0.0, 2.427962575891561, -0.4227616333666228, 0.0]","[1.2601109026522779, 6.512209359815549, 0.2396081067714385, 2.41831690880465, -0.27438788131256353, -0.13302428711913097]","[1.2601109026522779, 6.512209359815549, 0.2396081067714385, 2.41831690880465, -0.27438788131256353, -0.13302428711913097]",1.4862253921164332,1.4569166913173148,1.4569166913173148,1.4569166913173148,0.0293087007991184,0.0293087007991184,0.0565617081331557,0.076174141889041,0.076174141889041,0.0174692452770211,0.0247643368866644,0.0247643368866644,0.308852859179846,0.3251016194279857,0.3251016194279857,1.285701218366742,1.414986272462338,1.414986272462338,0.9999999999999992,1.0000000000000022,1.0000000000000022,0.0764103025875649,1.1474079871228304,0.2330984016069197,1.3805063887297502,1.456916691317315,2.220446049250313e-16,0.076174141889041,0.7026715221961615,0.007319711745712,0.2138346241690876,0.9165061463652492,0.2211543359147996,1.0000000000000022,OBJECTIVE_AND_FEASIBILITY_IMPROVE,120,120,1,121,3,Return from COBYLA because the objective function has been evaluated MAXFUN times.,False,True,0.3791613643988967,134.7734375,SUCCESS,,4125a14ecf0cf9f70644007cd1634ecf6f1e07fa3cd07fca5698b5513f958820
diag-run-5b7d38c2c8a47fd14ff1,task-v2-a2561503b5d0,g-bd62d2d752385cc7,v2-S4-b001-g-bd62d2d752385cc7,S4,D2,16,3.0517578125e-05,4.515449934959718,P3_CONTINUATION_B1_SELECTED,COBYLA,1103,120,1,True,"[2.68412702054293, 5.249363752773528, 0.0, 3.188827735811626, -0.7909104594807059, 0.0]","[3.2570923252803157, 5.163948488496895, -0.4805207681101778, 3.1418062427045297, -0.9697845029915197, 0.2133267983964785]","[3.2570923252803157, 5.163948488496895, -0.4805207681101778, 3.1418062427045297, -0.9697845029915197, 0.2133267983964785]",1.5606313946049768,1.471458518066532,1.471458518066532,1.471458518066532,0.0891728765384447,0.0891728765384447,0.0039389911785468,0.0052378826037714,0.0052378826037714,0.0022961116992394,0.0028848647109603,0.0028848647109603,0.5829187208503749,0.5507692571962449,0.5507692571962449,2.1108349431583666,2.2346056953517968,2.2346056953517968,1.0,1.000000000000001,1.000000000000001,0.0788749295343095,1.0961726261455569,0.296410962386665,1.3925835885322218,1.4714585180665312,-8.881784197001252e-16,0.0052378826037714,0.7055360239396211,0.0044649943394475,0.2847610991171609,0.990297123056782,0.2892260934566085,1.000000000000001,OBJECTIVE_AND_FEASIBILITY_IMPROVE,120,120,1,121,3,Return from COBYLA because the objective function has been evaluated MAXFUN times.,False,True,5.999839728698134,155.27734375,SUCCESS,,4125a14ecf0cf9f70644007cd1634ecf6f1e07fa3cd07fca5698b5513f958820
diag-run-0542c3054581007761ec,task-v2-ac528a9510be,g-a712031e7959d564,v2-S3-b001-g-a712031e7959d564,S3,D4,13,0.00048828125,3.311329952303793,P3_CONTINUATION_B1_SELECTED,COBYLA,1103,120,1,True,"[2.211330322619683, 4.142834361128571, 0.0, 3.250568861354951, -0.7625095119854509, 0.0]","[2.099421837959501, 4.18258753756746, 0.46370501675338077, 3.2198667241618457, -0.5095495126285406, -0.2279095811006685]","[2.099421837959501, 4.18258753756746, 0.46370501675338077, 3.2198667241618457, -0.5095495126285406, -0.2279095811006685]",1.4686282741603391,1.3784627899220805,1.3784627899220805,1.3784627899220805,0.0901654842382588,0.0901654842382588,0.0198077834232984,0.0427553576555398,0.0427553576555398,0.0037751730709685,0.0089190471671947,0.0089190471671947,0.1905903851174014,0.2086065386015815,0.2086065386015815,1.608165831129046,1.94232049603338,1.94232049603338,1.0000000000000002,1.000000000000002,1.000000000000002,0.0422535142222345,1.0598541095749523,0.2763551661248936,1.3362092756998458,1.3784627899220805,2.220446049250313e-16,0.0427553576555398,0.6875872392498317,0.0231610068378614,0.246496396256769,0.9340836355066008,0.2696574030946305,1.000000000000002,OBJECTIVE_AND_FEASIBILITY_IMPROVE,120,120,1,121,3,Return from COBYLA because the objective function has been evaluated MAXFUN times.,False,True,0.735700111836195,136.53125,SUCCESS,,4125a14ecf0cf9f70644007cd1634ecf6f1e07fa3cd07fca5698b5513f958820
diag-run-6c74222972cdecd0c5f3,task-v2-b5e00db3fe1a,g-3ff7063ef9ea5cfb,v2-S4-b000-g-3ff7063ef9ea5cfb,S4,D7,16,0.0001373291015625,3.8622374211843744,P3_CONTINUATION_B1_SELECTED,COBYLA,2207,120,1,True,"[5.535584271122773, 4.160638289638407, 0.0, 2.4431431169128643, 0.10750746679110089, 0.0]","[6.447059213417792, 4.650496506521095, 0.48425410853453615, 2.444916999219464, 0.29235519608515576, -0.18165913128368877]","[6.447059213417792, 4.650496506521095, 0.48425410853453615, 2.444916999219464, 0.29235519608515576, -0.18165913128368877]",1.543476268796984,1.3012890180956682,1.3012890180956682,1.3012890180956682,0.2421872507013156,0.2421872507013156,0.0159453503348824,0.0367226297559987,0.0367226297559987,0.0066844151798636,0.0141532945081059,0.0141532945081059,0.4192077965976486,0.3854107018518717,0.3854107018518717,2.0648714867410782,2.427171195228416,2.427171195228416,0.9999999999999992,0.9999999999999996,0.9999999999999996,0.1109950333006823,1.082049926055054,0.1082440587399327,1.1902939847949867,1.301289018095669,8.881784197001252e-16,0.0367226297559987,0.8581196954533699,0.0,0.105157674790631,0.9632773702440008,0.105157674790631,0.9999999999999998,OBJECTIVE_AND_FEASIBILITY_IMPROVE,120,120,1,121,3,Return from COBYLA because the objective function has been evaluated MAXFUN times.,False,True,6.192190853878856,155.546875,SUCCESS,,4125a14ecf0cf9f70644007cd1634ecf6f1e07fa3cd07fca5698b5513f958820
diag-run-2a0df489808de1fce55f,task-v2-b9b3757d64c0,g-a87f1b9ac089cc45,v2-S5-b000-g-a87f1b9ac089cc45,S5,D4,19,7.62939453125e-06,5.11750992628768,P3_CONTINUATION_B1_SELECTED,COBYLA,3301,120,1,True,"[5.530560640170587, 4.910928931805477, 0.0, 3.5357921849832588, -1.0149117847322668, 0.0]","[6.186887864440247, 5.541178697104269, 0.4021249875838579, 3.711865657836354, -0.9200932755439749, -0.20489914529188644]","[6.186887864440247, 5.541178697104269, 0.4021249875838579, 3.711865657836354, -0.9200932755439749, -0.20489914529188644]",1.5075165545486606,1.3283033902083514,1.3283033902083514,1.3283033902083514,0.1792131643403092,0.1792131643403092,0.0035961190546599,0.0045716456476987,0.0045716456476987,0.0018674160058223,0.0023759986078605,0.0023759986078605,0.519286480074262,0.5197250161014956,0.5197250161014956,2.673343987526288,2.77758248676571,2.77758248676571,0.9999999999999988,0.999999999999997,0.999999999999997,0.0468252267911957,1.0651470970112018,0.2163310664059541,1.281478163417156,1.3283033902083516,2.220446049250313e-16,0.0045716456476987,0.7811985753742019,0.0005909533968967,0.2136388255811995,0.9948374009554014,0.2142297789780962,0.9999999999999968,OBJECTIVE_AND_FEASIBILITY_IMPROVE,120,120,1,121,3,Return from COBYLA because the objective function has been evaluated MAXFUN times.,False,True,129.88830542284995,209.0703125,SUCCESS,,4125a14ecf0cf9f70644007cd1634ecf6f1e07fa3cd07fca5698b5513f958820
diag-run-230cd154d75986928465,task-v2-c5ed7c8b71f4,g-a712031e7959d564,v2-S3-b001-g-a712031e7959d564,S3,D6,13,0.000732421875,3.135238693248112,P3_CONTINUATION_B1_SELECTED,COBYLA,2207,120,1,True,"[1.968627019042767, 6.201683206494898, 0.0, 2.5794908705155093, -0.46207662941925265, 0.0]","[1.3758997818133445, 6.360625250027989, 0.2984041423042966, 2.5958178803541023, -0.2803588180874316, -0.17521200036702728]","[1.3758997818133445, 6.360625250027989, 0.2984041423042966, 2.5958178803541023, -0.2803588180874316, -0.17521200036702728]",1.3571879478504911,1.2566182888792197,1.2566182888792197,1.2566182888792197,0.1005696589712716,0.1005696589712716,0.0361619139248604,0.0683009834150155,0.0683009834150155,0.0049309073279703,0.0105250055773344,0.0105250055773344,0.1363563703573903,0.1540974236546733,0.1540974236546733,1.6934901013625228,1.9696656500576089,1.9696656500576089,1.0000000000000004,0.999999999999999,0.999999999999999,0.0571650076525003,1.0520660847828902,0.1473871964438293,1.1994532812267196,1.25661828887922,2.220446049250313e-16,0.0683009834150155,0.7917350660298296,0.0027685169223843,0.1371954336327695,0.9289304996625992,0.1399639505551538,0.999999999999999,OBJECTIVE_AND_FEASIBILITY_IMPROVE,120,120,1,121,3,Return from COBYLA because the objective function has been evaluated MAXFUN times.,False,True,0.7845569243654609,136.5078125,SUCCESS,,4125a14ecf0cf9f70644007cd1634ecf6f1e07fa3cd07fca5698b5513f958820
diag-run-cde930eee05a8b8b7bb0,task-v2-c95d7e1ff6e7,g-a87f1b9ac089cc45,v2-S5-b000-g-a87f1b9ac089cc45,S5,D6,19,1.52587890625e-05,4.816479930623699,P3_CONTINUATION_B1_SELECTED,COBYLA,2207,120,1,True,"[5.081952603947341, 3.127935499730127, 0.0, 3.1464629182892114, -0.754637417330586, 0.0]","[4.95216031708634, 3.0597105961196482, 0.19536945341580902, 3.152360620680431, -0.6665956141488077, -0.09742646961917023]","[4.95216031708634, 3.0597105961196482, 0.19536945341580902, 3.152360620680431, -0.6665956141488077, -0.09742646961917023]",1.4405345852132978,1.412615898623212,1.412615898623212,1.412615898623212,0.0279186865900857,0.0279186865900857,0.0037839597345418,0.004987803532022,0.004987803532022,0.0013719157989419,0.0017607419266161,0.0017607419266161,0.362560887320873,0.3530094790847506,0.3530094790847506,2.394426437011143,2.514389269047061,2.514389269047061,1.000000000000001,0.9999999999999998,0.9999999999999998,0.0968209210649529,1.110881365788137,0.2049136117701209,1.3157949775582578,1.412615898623211,-1.3322676295501878e-15,0.004987803532022,0.8004147208941633,0.0002549333629355,0.1943425422108789,0.9947572631050422,0.1945974755738145,1.0,OBJECTIVE_AND_FEASIBILITY_IMPROVE,120,120,1,121,3,Return from COBYLA because the objective function has been evaluated MAXFUN times.,False,True,126.68837268836796,208.9609375,SUCCESS,,4125a14ecf0cf9f70644007cd1634ecf6f1e07fa3cd07fca5698b5513f958820
diag-run-ea9079748b8e0c9d6ec6,task-v2-ce7fc44fc7b5,g-548c8c6335dd2a2e,v2-S1-b000-g-548c8c6335dd2a2e,S1,D3,7,0.0234375,1.630088714928206,P3_CONTINUATION_B1_SELECTED,COBYLA,2207,120,1,True,"[6.057428853187273, 4.377771129103387, 0.0, 2.7001753060835285, 0.12927775915703282, 0.0]","[6.105255901979322, 4.373888994771447, 0.0017303756358086244, 2.6998740366129894, 0.12657818951640518, -0.0032653094013129175]","[6.105255901979322, 4.373888994771447, 0.0017303756358086244, 2.6998740366129894, 0.12657818951640518, -0.0032653094013129175]",1.261482475324296,1.2602882371218822,1.2602882371218822,1.2602882371218822,0.0011942382024137,0.0011942382024137,0.297342946902572,0.2970689639076634,0.2970689639076634,0.1153029515555255,0.1158993787652253,0.1158993787652253,0.3877776579422477,0.3901430066630919,0.3901430066630919,1.1033463562413153,1.1029459964602044,1.1029459964602044,1.0,0.9999999999999996,0.9999999999999996,0.075969361188115,0.9210101173787985,0.2633087585549687,1.184318875933767,1.2602882371218822,0.0,0.2970689639076634,0.4497627513453514,0.0,0.2531682847469846,0.7029310360923361,0.2531682847469846,0.9999999999999994,OBJECTIVE_IMPROVES_FEASIBILITY_WORSENS,120,120,1,121,3,Return from COBYLA because the objective function has been evaluated MAXFUN times.,False,True,0.2631901884451508,134.7734375,SUCCESS,,4125a14ecf0cf9f70644007cd1634ecf6f1e07fa3cd07fca5698b5513f958820
diag-run-272bc2f223ef46dd557e,task-v2-cf1a83d8dbf9,g-bd62d2d752385cc7,v2-S4-b001-g-bd62d2d752385cc7,S4,D6,16,9.1552734375e-05,4.038328680240055,P3_CONTINUATION_B1_SELECTED,COBYLA,2207,120,1,True,"[6.201001262929512, 4.0711430130357975, 0.0, 2.423600647401147, 0.09792080092044632, 0.0]","[6.835127899582646, 4.5797793833651586, 0.5427256403277546, 2.416367475710195, 0.19745775954749137, -0.0980880562647036]","[6.835127899582646, 4.5797793833651586, 0.5427256403277546, 2.416367475710195, 0.19745775954749137, -0.0980880562647036]",1.4597950213728927,1.3330814828014057,1.3330814828014057,1.3330814828014057,0.126713538571487,0.126713538571487,0.014106868042303,0.0257337415569877,0.0257337415569877,0.0047156609372846,0.0078442884425534,0.0078442884425534,0.334281211332206,0.3048250261308555,0.3048250261308555,2.187759284148428,2.4488316152812963,2.4488316152812963,1.0000000000000004,1.0000000000000004,1.0000000000000004,0.1085575109818077,1.0831265109549395,0.1413974608646575,1.2245239718195973,1.333081482801405,-6.661338147750939e-16,0.0257337415569877,0.8367788112570522,0.0030946371005173,0.1343928100854429,0.971171621342495,0.1374874471859603,1.0000000000000004,OBJECTIVE_AND_FEASIBILITY_IMPROVE,120,120,1,121,3,Return from COBYLA because the objective function has been evaluated MAXFUN times.,False,True,6.34944711625576,154.95703125,SUCCESS,,4125a14ecf0cf9f70644007cd1634ecf6f1e07fa3cd07fca5698b5513f958820
diag-run-0423f9711f708adca7a8,task-v2-d7382a83ef13,g-548c8c6335dd2a2e,v2-S1-b000-g-548c8c6335dd2a2e,S1,D2,7,0.015625,1.806179973983887,P3_CONTINUATION_B1_SELECTED,COBYLA,2207,120,1,True,"[4.8842099188213615, 6.738175990251219, 0.0, 2.4882356625947186, -0.32227751464685306, 0.0]","[5.713097476069165, 6.838705741886849, -0.26189851981221557, 2.5066611881809764, -0.4725378580412556, 0.2052356132359491]","[5.713097476069165, 6.838705741886849, -0.26189851981221557, 2.5066611881809764, -0.4725378580412556, 0.2052356132359491]",1.4805575381283131,1.3651376944024782,1.3651376944024782,1.3651376944024782,0.1154198437258349,0.1154198437258349,0.150843954523465,0.196569425804615,0.196569425804615,0.0935704573434424,0.1129773092559736,0.1129773092559736,0.6203129428623327,0.5747450743854245,0.5747450743854245,0.9847078833261091,1.099695943039874,1.099695943039874,1.0000000000000009,1.0000000000000009,1.0000000000000009,0.0569408970486958,0.9832610226816282,0.324935774672154,1.3081967973537822,1.365137694402478,-2.220446049250313e-16,0.196569425804615,0.4901909232824035,0.056314617207902,0.2569250337050804,0.7471159569874839,0.3132396509129825,1.0000000000000009,OBJECTIVE_AND_FEASIBILITY_IMPROVE,120,120,1,121,3,Return from COBYLA because the objective function has been evaluated MAXFUN times.,False,True,0.2647293042391538,135.12890625,SUCCESS,,4125a14ecf0cf9f70644007cd1634ecf6f1e07fa3cd07fca5698b5513f958820
diag-run-f40e9183e6dbec3fd2bf,task-v2-e243a3cd3e64,g-bd62d2d752385cc7,v2-S4-b001-g-bd62d2d752385cc7,S4,D7,16,0.0001220703125,3.9133899436317554,P3_CONTINUATION_B1_SELECTED,COBYLA,3301,120,1,True,"[5.607334200093741, 2.055472429760336, 0.0, 3.148106631075005, -0.7441190841142521, 0.0]","[5.482589297984025, 2.084831403580622, -0.4044346958062795, 3.1606958596771375, -0.9299875293399263, 0.18375180715901704]","[5.482589297984025, 2.084831403580622, -0.4044346958062795, 3.1606958596771375, -0.9299875293399263, 0.18375180715901704]",1.374779677032396,1.32999934632616,1.32999934632616,1.32999934632616,0.0447803307062359,0.0447803307062359,0.0086239629563606,0.0112103952248079,0.0112103952248079,0.0024417702758207,0.0028469454871638,0.0028469454871638,0.2831378437241292,0.2539558534799664,0.2539558534799664,1.849096825996366,1.963010867638638,1.963010867638638,0.9999999999999978,1.000000000000001,1.000000000000001,0.094738062609326,1.1006406240877156,0.1346206596291196,1.235261283716835,1.329999346326161,8.881784197001252e-16,0.0112103952248079,0.859721305868223,0.0,0.1290682989069703,0.9887896047751934,0.1290682989069703,1.000000000000001,OBJECTIVE_AND_FEASIBILITY_IMPROVE,120,120,1,121,3,Return from COBYLA because the objective function has been evaluated MAXFUN times.,False,True,6.255147444084287,155.13671875,SUCCESS,,4125a14ecf0cf9f70644007cd1634ecf6f1e07fa3cd07fca5698b5513f958820
diag-run-44fad95d0d8531b7e885,task-v2-e442db508705,g-548c8c6335dd2a2e,v2-S1-b000-g-548c8c6335dd2a2e,S1,D1,7,0.0078125,2.1072099696478683,P3_CONTINUATION_B1_SELECTED,COBYLA,3301,120,1,True,"[2.7723638353221602, 3.568660695598161, 0.0, 3.0688492111878953, -0.4992284504091515, 0.0]","[2.680905561166849, 3.5056763867596046, 0.5259695758720643, 3.0544283694540417, -0.4101686224880786, -0.11569698587035417]","[2.680905561166849, 3.5056763867596046, 0.5259695758720643, 3.0544283694540417, -0.4101686224880786, -0.11569698587035417]",1.5859170053675018,1.5648622119105828,1.5648622119105828,1.5648622119105828,0.0210547934569189,0.0210547934569189,0.0955316564577685,0.0994848900082902,0.0994848900082902,0.0955316564577685,0.0994848900082902,0.0994848900082902,1.0,1.0,1.0,1.087357277847213,1.1049670937671032,1.1049670937671032,1.0,1.0000000000000004,1.0000000000000004,0.0658021075084569,1.0072352906796749,0.4918248137224512,1.499060104402126,1.5648622119105828,0.0,0.0994848900082902,0.4280664692158118,0.1227006400265539,0.3497480007493442,0.7778144699651561,0.4724486407758981,1.0000000000000002,OBJECTIVE_AND_FEASIBILITY_IMPROVE,120,120,1,121,3,Return from COBYLA because the objective function has been evaluated MAXFUN times.,False,True,0.2767477873712778,135.07421875,SUCCESS,,4125a14ecf0cf9f70644007cd1634ecf6f1e07fa3cd07fca5698b5513f958820
diag-run-bbc1ea56e33bbe3ae5c8,task-v2-e449b07a1126,g-e0c69f84d376b633,v2-S5-b001-g-e0c69f84d376b633,S5,D2,19,3.814697265625e-06,5.418539921951662,P3_CONTINUATION_B1_SELECTED,COBYLA,1103,120,1,True,"[4.690231578889802, 4.3110646063551235, 0.0, 0.5706562313838119, -1.1416019197896545, 0.0]","[5.172554734877988, 5.0393637484220815, 0.4146814184242169, 0.7129147474244272, -1.054999036707331, -0.16141755407809985]","[5.172554734877988, 5.0393637484220815, 0.4146814184242169, 0.7129147474244272, -1.054999036707331, -0.16141755407809985]",1.5647111707147203,1.4103711734454836,1.4103711734454836,1.4103711734454836,0.1543399972692369,0.1543399972692369,0.0015425371695886,0.0029748878603969,0.0029748878603969,0.0009785908186547,0.0018910039197715,0.0018910039197715,0.6344033958778066,0.6356555300606396,0.6356555300606396,2.606775559715444,2.8920105214183405,2.8920105214183405,1.0000000000000004,0.9999999999999968,0.9999999999999968,0.0503477360693722,1.0835126022821109,0.2765108350940121,1.3600234373761229,1.4103711734454951,1.176836406102666e-14,0.0029748878603969,0.7232962134773544,0.002410977395582,0.2713179212666632,0.9946141347440176,0.2737288986622452,0.9999999999999966,OBJECTIVE_AND_FEASIBILITY_IMPROVE,120,120,1,121,3,Return from COBYLA because the objective function has been evaluated MAXFUN times.,False,True,87.55350290518254,209.44140625,SUCCESS,,4125a14ecf0cf9f70644007cd1634ecf6f1e07fa3cd07fca5698b5513f958820
diag-run-96b160f2763e10f8e2ba,task-v2-eb1005d46905,g-8a16a856f5377a40,v2-S3-b000-g-8a16a856f5377a40,S3,D4,13,0.00048828125,3.311329952303793,P3_CONTINUATION_B1_SELECTED,COBYLA,2207,120,1,True,"[5.646268770461309, 4.087709939516235, 0.0, 2.451268107417907, 0.13357294455980182, 0.0]","[6.375009547100259, 4.534787505172351, 0.017418613187467954, 2.4688427188500985, 0.14121061099605303, -0.024762632562151544]","[6.375009547100259, 4.534787505172351, 0.017418613187467954, 2.4688427188500985, 0.14121061099605303, -0.024762632562151544]",1.515837039047168,1.392208428368228,1.392208428368228,1.392208428368228,0.1236286106789399,0.1236286106789399,0.0275997342222596,0.0484803814600285,0.0484803814600285,0.0077774862786999,0.0176856339520718,0.0176856339520718,0.2817956947001063,0.3647998101387349,0.3647998101387349,1.7522348522544526,1.9968959806512487,1.9968959806512487,0.9999999999999992,0.9999999999999992,0.9999999999999992,0.0824654281233852,1.0613143260267837,0.2484286742180587,1.3097430002448425,1.3922084283682277,-4.440892098500626e-16,0.0484803814600285,0.7127236598252025,0.0239737721453226,0.2148221865694455,0.927545846394648,0.2387959587147682,0.9999999999999992,OBJECTIVE_AND_FEASIBILITY_IMPROVE,120,120,1,121,3,Return from COBYLA because the objective function has been evaluated MAXFUN times.,False,True,0.7479066913947463,136.15234375,SUCCESS,,4125a14ecf0cf9f70644007cd1634ecf6f1e07fa3cd07fca5698b5513f958820
diag-run-db5af73a193a9e8a8e25,task-v2-ef23e17da545,g-a712031e7959d564,v2-S3-b001-g-a712031e7959d564,S3,D3,13,0.0003662109375,3.436268688912093,P3_CONTINUATION_B1_SELECTED,COBYLA,1103,120,1,True,"[2.2714872943911133, 4.250133703158532, 0.0, 3.2430257322725558, -0.7625701804350202, 0.0]","[2.0999222535639226, 4.049236899777224, 0.3806077611206724, 3.2471670823195127, -0.5648861467401389, -0.20282806818642463]","[2.0999222535639226, 4.049236899777224, 0.3806077611206724, 3.2471670823195127, -0.5648861467401389, -0.20282806818642463]",1.493807417621046,1.4165767151067548,1.4165767151067548,1.4165767151067548,0.0772307025142913,0.0772307025142913,0.0159821127216309,0.0283848760656733,0.0283848760656733,0.0084041043771827,0.0137635074674036,0.0137635074674036,0.5258443938896902,0.4848887638459067,0.4848887638459067,1.6399028783266807,1.889355691256802,1.889355691256802,0.999999999999998,1.000000000000002,1.000000000000002,0.0414730096070243,1.0773077685779266,0.2977959369218047,1.3751037054997313,1.4165767151067556,8.881784197001252e-16,0.0283848760656733,0.6823143841164746,0.0250471454041896,0.2642535944136644,0.946567978530139,0.289300739817854,1.000000000000002,OBJECTIVE_AND_FEASIBILITY_IMPROVE,120,120,1,121,3,Return from COBYLA because the objective function has been evaluated MAXFUN times.,False,True,0.7003606148064137,136.84375,SUCCESS,,4125a14ecf0cf9f70644007cd1634ecf6f1e07fa3cd07fca5698b5513f958820
diag-run-1f02c43b9b9678272aa9,task-v2-f0ef0f25a74e,g-8a16a856f5377a40,v2-S3-b000-g-8a16a856f5377a40,S3,D6,13,0.000732421875,3.135238693248112,P3_CONTINUATION_B1_SELECTED,COBYLA,2207,120,1,True,"[5.411947977517282, 4.118635098447074, 0.0, 2.457470432297963, 0.14401380171856928, 0.0]","[6.3915694427524254, 4.541600251419476, 0.12266899828650332, 2.4847652250765826, 0.2626375465444069, -0.1416009420177953]","[6.3915694427524254, 4.541600251419476, 0.12266899828650332, 2.4847652250765826, 0.2626375465444069, -0.1416009420177953]",1.5372532578913214,1.3064991606534662,1.3064991606534662,1.3064991606534662,0.2307540972378552,0.2307540972378552,0.0440126649001908,0.0808605483677423,0.0808605483677423,0.0146293224789591,0.0305063915389925,0.0305063915389925,0.3323889274174744,0.3772716380830589,0.3772716380830589,1.778816358480202,2.042975375487877,2.042975375487877,0.999999999999998,1.0000000000000009,1.0000000000000009,0.0866199563228392,1.0462958579426878,0.1735833463879394,1.2198792043306272,1.3064991606534666,4.440892098500626e-16,0.0808605483677423,0.7523309769797759,0.0065760642081033,0.1602324104443794,0.9125633874241552,0.1668084746524828,1.000000000000001,OBJECTIVE_AND_FEASIBILITY_IMPROVE,120,120,1,121,3,Return from COBYLA because the objective function has been evaluated MAXFUN times.,False,True,0.7272241795435548,136.5078125,SUCCESS,,4125a14ecf0cf9f70644007cd1634ecf6f1e07fa3cd07fca5698b5513f958820
diag-run-faacd8dd4667f6f76677,task-v2-f1a738d52e35,g-60667963f6db3f1b,v2-S2-b000-g-60667963f6db3f1b,S2,D2,10,0.001953125,2.709269960975831,P3_CONTINUATION_B1_SELECTED,COBYLA,2207,120,1,True,"[1.7807333527346352, 6.511052433574562, 0.0, 2.4245827064658805, -0.4038890372916536, 0.0]","[1.3304849682902533, 6.407306644671434, 0.6355870931576176, 2.385261937724801, -0.3403718184934731, -0.10995518482364867]","[1.3304849682902533, 6.407306644671434, 0.6355870931576176, 2.385261937724801, -0.3403718184934731, -0.10995518482364867]",1.5242604748595223,1.4719813714922196,1.4719813714922196,1.4719813714922196,0.0522791033673029,0.0522791033673029,0.0282440787250293,0.0547896297996338,0.0547896297996338,0.0120701078875866,0.028648685181793,0.028648685181793,0.4273500298981393,0.5228851752888558,0.5228851752888558,1.160197374314016,1.4479683269969728,1.4479683269969728,1.0000000000000009,0.9999999999999996,0.9999999999999996,0.0753724199927087,1.150822010050052,0.2457869414494586,1.3966089514995108,1.4719813714922196,0.0,0.0547896297996338,0.7118206668040188,0.0275469554556663,0.2058427479406806,0.9176634147446994,0.2333897033963469,0.9999999999999996,OBJECTIVE_AND_FEASIBILITY_IMPROVE,120,120,1,121,3,Return from COBYLA because the objective function has been evaluated MAXFUN times.,False,True,0.3489638352766633,135.40234375,SUCCESS,,4125a14ecf0cf9f70644007cd1634ecf6f1e07fa3cd07fca5698b5513f958820
diag-run-14cce91bb7e65c3d4715,task-v2-f4789f22d2c1,g-6aa6775bed3bc2cc,v2-S2-b001-g-6aa6775bed3bc2cc,S2,D4,10,0.00390625,2.4082399653118496,P3_CONTINUATION_B1_SELECTED,COBYLA,1103,120,1,True,"[1.251038109130302, 4.461620234289888, 0.0, 2.493187229475474, 0.05415861378670805, 0.0]","[1.2461465019706865, 4.411210155626915, 0.0020657839226955227, 2.4954291785474267, 0.05678897541984876, -0.0018531278548972515]","[1.2461465019706865, 4.411210155626915, 0.0020657839226955227, 2.4954291785474267, 0.05678897541984876, -0.0018531278548972515]",1.4475328873882962,1.4472692712522233,1.4472692712522233,1.4472692712522233,0.0002636161360729,0.0002636161360729,0.0132429488106605,0.0134571151704459,0.0134571151704459,0.0072645676774662,0.00741087249702,0.00741087249702,0.5485611838670148,0.5507029109251863,0.5507029109251863,0.5302246656425632,0.5371919345730127,0.5371919345730127,1.0000000000000002,1.000000000000001,1.000000000000001,0.106630608222513,1.2581398367349907,0.0824988262947195,1.3406386630297102,1.4472692712522233,0.0,0.0134571151704459,0.9103792818713936,0.0,0.0761636029581617,0.9865428848295554,0.0761636029581617,1.000000000000001,OBJECTIVE_AND_FEASIBILITY_IMPROVE,120,120,1,121,3,Return from COBYLA because the objective function has been evaluated MAXFUN times.,False,True,0.3606173722073436,134.80078125,SUCCESS,,4125a14ecf0cf9f70644007cd1634ecf6f1e07fa3cd07fca5698b5513f958820
diag-run-2274a1a6ed268ce30691,task-v2-f5c9b9bdeb27,g-a87f1b9ac089cc45,v2-S5-b000-g-a87f1b9ac089cc45,S5,D7,19,1.9073486328125e-05,4.719569917615643,P3_CONTINUATION_B1_SELECTED,COBYLA,2207,120,1,True,"[6.487422177937001, 4.489335658746522, 0.0, 2.4302172968027707, 0.09463589246260522, 0.0]","[7.231260715309553, 4.540096578082909, 0.021274348748935783, 2.387430247613423, 0.10170232843052894, -0.02233652419739887]","[7.231260715309553, 4.540096578082909, 0.021274348748935783, 2.387430247613423, 0.10170232843052894, -0.02233652419739887]",1.4127457292647132,1.3260430211283492,1.3260430211283492,1.3260430211283492,0.086702708136364,0.086702708136364,0.0068132273416553,0.0084463718304962,0.0084463718304962,0.0015204493637917,0.0025005728602707,0.0025005728602707,0.2231614017186675,0.2960528982683788,0.2960528982683788,2.552922798200298,2.646240113858948,2.646240113858948,1.0000000000000029,1.0000000000000004,1.0000000000000004,0.113487083706878,1.1154889978877316,0.0970669395337379,1.2125559374214696,1.3260430211283476,-1.5543122344752197e-15,0.0084463718304962,0.8992183895540761,0.0,0.092335238615428,0.991553628169504,0.092335238615428,1.0000000000000004,OBJECTIVE_AND_FEASIBILITY_IMPROVE,120,120,1,121,3,Return from COBYLA because the objective function has been evaluated MAXFUN times.,False,True,126.80698083620518,208.72265625,SUCCESS,,4125a14ecf0cf9f70644007cd1634ecf6f1e07fa3cd07fca5698b5513f958820
diag-run-4eedf746924fdba254a3,task-v2-f6d986d24578,g-bd62d2d752385cc7,v2-S4-b001-g-bd62d2d752385cc7,S4,D3,16,4.57763671875e-05,4.339358675904037,P3_CONTINUATION_B1_SELECTED,COBYLA,1103,120,1,True,"[2.647501350374748, 5.319563819718795, 0.0, 3.1790621588205346, -0.78739489745014, 0.0]","[3.1872217162409546, 5.31287139666951, 0.6248564507208789, 3.107353976876036, -0.5267090036225937, -0.217991205386327]","[3.1872217162409546, 5.31287139666951, 0.6248564507208789, 3.107353976876036, -0.5267090036225937, -0.217991205386327]",1.5510844743229253,1.448191028335852,1.448191028335852,1.448191028335852,0.1028934459870734,0.1028934459870734,0.0052136097810402,0.0130439332021348,0.0130439332021348,0.0023008172151225,0.0050075181316008,0.0050075181316008,0.4413098240473844,0.3838963335676452,0.3838963335676452,2.056497198654473,2.4547672420254965,2.4547672420254965,1.0000000000000004,1.0000000000000009,1.0000000000000009,0.07938867750968,1.0832771842916538,0.2855251665345176,1.3688023508261713,1.4481910283358514,-4.440892098500626e-16,0.0130439332021348,0.7084530901397519,0.0075091745795688,0.270993802078545,0.9794468922182968,0.2785029766581138,1.0000000000000004,OBJECTIVE_AND_FEASIBILITY_IMPROVE,120,120,1,121,3,Return from COBYLA because the objective function has been evaluated MAXFUN times.,False,True,6.021545651368797,155.30078125,SUCCESS,,4125a14ecf0cf9f70644007cd1634ecf6f1e07fa3cd07fca5698b5513f958820
diag-run-2990a3b717acd963433a,task-v2-f83834022ee2,g-553bb3c5ba0f2136,v2-S1-b001-g-553bb3c5ba0f2136,S1,D2,7,0.015625,1.806179973983887,P3_CONTINUATION_B1_SELECTED,COBYLA,1103,120,1,True,"[1.413635163902173, 4.73105758961043, 0.0, 2.584346588403444, 0.1602227979409323, 0.0]","[1.412396668108301, 4.734880973376411, -0.0007108946666977598, 2.5840854239505577, 0.16154826542242945, -0.0015616167266850258]","[1.412396668108301, 4.734880973376411, -0.0007108946666977598, 2.5840854239505577, 0.16154826542242945, -0.0015616167266850258]",1.5389477825874605,1.5389364989001957,1.5389364989001957,1.5389364989001957,1.128368726477369e-05,1.128368726477369e-05,0.1165600690762756,0.1165549475247032,0.1165549475247032,0.0503655621948515,0.0504001496250785,0.0504001496250785,0.4320996254891792,0.4324153602694261,0.4324153602694261,0.8727297701191603,0.8727106871650077,0.8727106871650077,0.9999999999999988,0.999999999999999,0.999999999999999,0.074441065051404,1.1754216853670272,0.2890737484817645,1.4644954338487917,1.5389364989001957,0.0,0.1165549475247032,0.6307207676801586,0.0202529754421272,0.2324713093530098,0.8631920770331687,0.2527242847951371,0.9999999999999988,OBJECTIVE_IMPROVES_FEASIBILITY_WORSENS,71,71,1,72,0,Return from COBYLA because the trust region radius reaches its lower bound.,True,True,0.1592083536088466,134.35546875,SUCCESS,,4125a14ecf0cf9f70644007cd1634ecf6f1e07fa3cd07fca5698b5513f958820
diag-run-328ef4a722e42457528b,task-v2-3cd2eda112d3,g-6aa6775bed3bc2cc,v2-S2-b001-g-6aa6775bed3bc2cc,S2,D3,10,0.0029296875,2.533178701920149,P3_CONTINUATION_B2,COBYLA,2207,240,2,False,"[6.289045021028471, 4.266169369375171, 0.0, 2.5852374279898886, 0.1238655085588723, 0.0]","[6.392535551029454, 4.440527583080991, -0.024107873523361068, 2.581342781250216, 0.11005945719527377, 0.013886922221094028]","[6.392535551029454, 4.440527583080991, -0.024107873523361068, 2.581342781250216, 0.11005945719527377, 0.013886922221094028]",1.3145104902933211,1.3089646458281547,1.3089646458281547,1.3089646458281547,0.0055458444651663,0.0055458444651663,0.0819841059638221,0.0822313691186839,0.0822313691186839,0.0556558061479468,0.0557645871031901,0.0557645871031901,0.6788609266838445,0.6781425105874803,0.6781425105874803,1.446908366971341,1.448216223065113,1.448216223065113,1.000000000000001,1.0,1.0,0.0942113318602477,1.093188748657126,0.1215645653107811,1.2147533139679072,1.308964645828155,2.220446049250313e-16,0.0822313691186839,0.7991175681001159,0.0137982177199796,0.1048528450612203,0.9039704131613364,0.1186510627812,1.0,OBJECTIVE_AND_FEASIBILITY_IMPROVE,240,240,1,241,3,Return from COBYLA because the objective function has been evaluated MAXFUN times.,False,True,0.8306348249316216,135.21875,SUCCESS,,4125a14ecf0cf9f70644007cd1634ecf6f1e07fa3cd07fca5698b5513f958820
diag-run-42ec82d88f92c39de48b,task-v2-3cd2eda112d3,g-6aa6775bed3bc2cc,v2-S2-b001-g-6aa6775bed3bc2cc,S2,D3,10,0.0029296875,2.533178701920149,P3_CONTINUATION_B4,COBYLA,2207,480,4,False,"[6.289045021028471, 4.266169369375171, 0.0, 2.5852374279898886, 0.1238655085588723, 0.0]","[6.397170850801772, 4.4962453474447335, -0.071198915548268, 2.579136090868406, 0.0866513670276862, 0.03872556262065297]","[6.397170850801772, 4.4962453474447335, -0.071198915548268, 2.579136090868406, 0.0866513670276862, 0.03872556262065297]",1.3145104902933211,1.3083472002100138,1.3083472002100138,1.3083472002100138,0.0061632900833072,0.0061632900833072,0.0819841059638221,0.0824894688669195,0.0824894688669195,0.0556558061479468,0.0560054182005776,0.0560054182005776,0.6788609266838445,0.6789402207320707,0.6789402207320707,1.446908366971341,1.4495772091983057,1.4495772091983057,1.000000000000001,0.9999999999999996,0.9999999999999996,0.0941969328391692,1.0934396081991709,0.120710659171674,1.2141502673708449,1.308347200210014,2.220446049250313e-16,0.0824894688669195,0.7996961234689047,0.0136676424062931,0.1041467652578822,0.9038428887267872,0.1178144076641753,0.9999999999999996,OBJECTIVE_AND_FEASIBILITY_IMPROVE,480,480,1,481,3,Return from COBYLA because the objective function has been evaluated MAXFUN times.,False,True,1.606247273273766,135.484375,SUCCESS,,4125a14ecf0cf9f70644007cd1634ecf6f1e07fa3cd07fca5698b5513f958820
diag-run-7a1b9418345916189bde,task-v2-2d64318cb7be,g-6aa6775bed3bc2cc,v2-S2-b001-g-6aa6775bed3bc2cc,S2,D2,10,0.001953125,2.709269960975831,P3_CONTINUATION_B2,COBYLA,2207,240,2,False,"[2.135855943816076, 6.043253439112003, 0.0, 2.5173232462610784, -0.42044304575646113, 0.0]","[1.24092199866209, 6.584753197451973, 1.0048282907134949, 2.328280244965471, -0.3177461924670838, -0.16418464955499315]","[1.24092199866209, 6.584753197451973, 1.0048282907134949, 2.328280244965471, -0.3177461924670838, -0.16418464955499315]",1.564057493309508,1.363327692999374,1.363327692999374,1.363327692999374,0.2007298003101338,0.2007298003101338,0.0134284105747309,0.0609591209177778,0.0609591209177778,0.008505523714043,0.0387947143303191,0.0387947143303191,0.6333976509512105,0.6364054098261328,0.6364054098261328,0.8372945723434444,1.4943086564577848,1.4943086564577848,1.0000000000000004,0.9999999999999996,0.9999999999999996,0.0651038379531506,1.1034789114160652,0.1947449436301584,1.2982238550462235,1.3633276929993745,2.220446049250313e-16,0.0609591209177778,0.7559756683536276,0.0079785648786661,0.1750866458499279,0.9310623142035556,0.183065210728594,0.9999999999999992,OBJECTIVE_AND_FEASIBILITY_IMPROVE,240,240,1,241,3,Return from COBYLA because the objective function has been evaluated MAXFUN times.,False,True,0.8212465532124043,135.1953125,SUCCESS,,4125a14ecf0cf9f70644007cd1634ecf6f1e07fa3cd07fca5698b5513f958820
diag-run-52792bc916ff9105f029,task-v2-2d64318cb7be,g-6aa6775bed3bc2cc,v2-S2-b001-g-6aa6775bed3bc2cc,S2,D2,10,0.001953125,2.709269960975831,P3_CONTINUATION_B4,COBYLA,2207,480,4,False,"[2.135855943816076, 6.043253439112003, 0.0, 2.5173232462610784, -0.42044304575646113, 0.0]","[1.2156383938252535, 6.64407918443198, 1.2538318241064845, 2.322902817939545, -0.3501691983962463, -0.15856423816149745]","[1.2156383938252535, 6.64407918443198, 1.2538318241064845, 2.322902817939545, -0.3501691983962463, -0.15856423816149745]",1.564057493309508,1.35542916938307,1.35542916938307,1.35542916938307,0.2086283239264379,0.2086283239264379,0.0134284105747309,0.0645063642742375,0.0645063642742375,0.008505523714043,0.0414115128773114,0.0414115128773114,0.6333976509512105,0.6419756150146307,0.6419756150146307,0.8372945723434444,1.5188725257324935,1.5188725257324935,1.0000000000000004,1.0000000000000009,1.0000000000000009,0.0640635332603714,1.0988663646555783,0.1924992714671207,1.291365636122699,1.3554291693830705,4.440892098500626e-16,0.0645063642742375,0.7542523632297193,0.0085932886914829,0.1726479838045608,0.9269003470342804,0.1812412724960438,1.0000000000000009,OBJECTIVE_AND_FEASIBILITY_IMPROVE,480,480,1,481,3,Return from COBYLA because the objective function has been evaluated MAXFUN times.,False,True,1.6260936725884676,135.47265625,SUCCESS,,4125a14ecf0cf9f70644007cd1634ecf6f1e07fa3cd07fca5698b5513f958820
diag-run-222c40e51ed3524a2011,task-v2-3f363bac5736,g-60667963f6db3f1b,v2-S2-b000-g-60667963f6db3f1b,S2,D1,10,0.0009765625,3.010299956639812,P3_CONTINUATION_B2,COBYLA,2207,240,2,False,"[4.784719897843099, 3.929300037215576, 0.0, 2.515327043692428, 0.14820513845737432, 0.0]","[5.827407855015489, 4.160929214113354, -0.038109257719680614, 2.546616406030604, 0.113931983767239, 0.012413002886728572]","[5.827407855015489, 4.160929214113354, -0.038109257719680614, 2.546616406030604, 0.113931983767239, 0.012413002886728572]",1.8763979305029184,1.73431049241351,1.73431049241351,1.73431049241351,0.1420874380894086,0.1420874380894086,0.0155399771465292,0.0285626067695536,0.0285626067695536,0.0155399771465292,0.0285626067695536,0.0285626067695536,1.0,1.0,1.0,1.201750332421082,1.4660977974880067,1.4660977974880067,0.9999999999999988,0.999999999999998,0.999999999999998,0.1036256507109823,1.1549655306325803,0.4757193110699472,1.6306848417025277,1.7343104924135098,-2.220446049250313e-16,0.0285626067695536,0.516041278748649,0.0945752267945463,0.3608208876872488,0.876862166435898,0.4553961144817952,0.999999999999998,OBJECTIVE_AND_FEASIBILITY_IMPROVE,240,240,1,241,3,Return from COBYLA because the objective function has been evaluated MAXFUN times.,False,True,0.8133666617795825,135.50390625,SUCCESS,,4125a14ecf0cf9f70644007cd1634ecf6f1e07fa3cd07fca5698b5513f958820
diag-run-583e9e7bed4c13bc24b4,task-v2-3f363bac5736,g-60667963f6db3f1b,v2-S2-b000-g-60667963f6db3f1b,S2,D1,10,0.0009765625,3.010299956639812,P3_CONTINUATION_B4,COBYLA,2207,480,4,False,"[4.784719897843099, 3.929300037215576, 0.0, 2.515327043692428, 0.14820513845737432, 0.0]","[5.955065704157801, 4.221612218690481, -0.053267589432662445, 2.543715199774392, 0.09870449840523444, 0.023227055713349976]","[5.955065704157801, 4.221612218690481, -0.053267589432662445, 2.543715199774392, 0.09870449840523444, 0.023227055713349976]",1.8763979305029184,1.7309714994763414,1.7309714994763414,1.7309714994763414,0.1454264310265771,0.1454264310265771,0.0155399771465292,0.0287790434847905,0.0287790434847905,0.0155399771465292,0.0287790434847905,0.0287790434847905,1.0,1.0,1.0,1.201750332421082,1.4693763120437118,1.4693763120437118,0.9999999999999988,1.0000000000000004,1.0000000000000004,0.1023853148582839,1.157153559233458,0.4714326253845991,1.6285861846180572,1.7309714994763412,-2.220446049250313e-16,0.0287790434847905,0.5195583004568042,0.0926748178667853,0.3589878381916205,0.8785461386484247,0.4516626560584059,1.0000000000000004,OBJECTIVE_AND_FEASIBILITY_IMPROVE,480,480,1,481,3,Return from COBYLA because the objective function has been evaluated MAXFUN times.,False,True,1.6521018808707597,135.50390625,SUCCESS,,4125a14ecf0cf9f70644007cd1634ecf6f1e07fa3cd07fca5698b5513f958820
diag-run-82832a36869b6d064249,task-v2-0c6c4504c3d3,g-8a16a856f5377a40,v2-S3-b000-g-8a16a856f5377a40,S3,D5,13,0.0006103515625,3.2144199392957367,P3_CONTINUATION_B2,COBYLA,2207,240,2,False,"[5.633014571174835, 4.166480396683977, 0.0, 2.4485288277994526, 0.12896163233685734, 0.0]","[6.556739347628954, 4.622062658932104, 0.21875248344455056, 2.467389871644448, 0.2733151072382381, -0.15418448201262805]","[6.556739347628954, 4.622062658932104, 0.21875248344455056, 2.467389871644448, 0.2733151072382381, -0.15418448201262805]",1.5069255612077626,1.3385118277668702,1.3385118277668702,1.3385118277668702,0.1684137334408924,0.1684137334408924,0.0357096089109574,0.0687499477902451,0.0687499477902451,0.0087005428264611,0.0199825441819598,0.0199825441819598,0.2436471048494579,0.2906554088291992,0.2906554088291992,1.767205033152949,2.051692311988335,2.051692311988335,0.9999999999999996,0.9999999999999988,0.9999999999999988,0.0802423292237654,1.0457263625160484,0.2125431360270558,1.2582694985431044,1.3385118277668695,-4.440892098500626e-16,0.0687499477902451,0.7274449208425937,0.015443585924721,0.1883615454424387,0.9158064662850324,0.2038051313671598,0.9999999999999988,OBJECTIVE_AND_FEASIBILITY_IMPROVE,240,240,1,241,3,Return from COBYLA because the objective function has been evaluated MAXFUN times.,False,True,1.8731596376746893,136.59375,SUCCESS,,4125a14ecf0cf9f70644007cd1634ecf6f1e07fa3cd07fca5698b5513f958820
diag-run-3f94936ae186485fb453,task-v2-0c6c4504c3d3,g-8a16a856f5377a40,v2-S3-b000-g-8a16a856f5377a40,S3,D5,13,0.0006103515625,3.2144199392957367,P3_CONTINUATION_B4,COBYLA,2207,480,4,False,"[5.633014571174835, 4.166480396683977, 0.0, 2.4485288277994526, 0.12896163233685734, 0.0]","[6.691636209233443, 4.717214902273099, 0.3194317548587821, 2.464509586257978, 0.3549596703692915, -0.23574515570396393]","[6.691636209233443, 4.717214902273099, 0.3194317548587821, 2.464509586257978, 0.3549596703692915, -0.23574515570396393]",1.5069255612077626,1.3243448958021868,1.3243448958021868,1.3243448958021868,0.1825806654055757,0.1825806654055757,0.0357096089109574,0.0731775814429449,0.0731775814429449,0.0087005428264611,0.0211924131687601,0.0211924131687601,0.2436471048494579,0.2896025360619962,0.2896025360619962,1.767205033152949,2.078797991025438,2.078797991025438,0.9999999999999996,0.9999999999999996,0.9999999999999996,0.0780623674744026,1.0385957965612622,0.2076867317665217,1.246282528327784,1.3243448958021866,-2.220446049250313e-16,0.0731775814429449,0.7277382647798247,0.0150921771490697,0.1839919766281602,0.9117302414079852,0.19908415377723,0.9999999999999996,OBJECTIVE_AND_FEASIBILITY_IMPROVE,480,480,1,481,3,Return from COBYLA because the objective function has been evaluated MAXFUN times.,False,True,3.824076861143112,136.8671875,SUCCESS,,4125a14ecf0cf9f70644007cd1634ecf6f1e07fa3cd07fca5698b5513f958820
diag-run-9a14c52b81b6ac896769,task-v2-4968f3a685c2,g-8a16a856f5377a40,v2-S3-b000-g-8a16a856f5377a40,S3,D1,13,0.0001220703125,3.9133899436317554,P3_CONTINUATION_B2,COBYLA,1103,240,2,False,"[2.3572979579313866, 5.058713558072617, 0.0, 3.71953118117793, -0.9818183631331936, 0.0]","[3.570723009419962, 5.630118521362268, 0.9783720463944693, 3.966878744970165, -0.9377982046808627, -0.17921872210071113]","[3.570723009419962, 5.630118521362268, 0.9783720463944693, 3.966878744970165, -0.9377982046808627, -0.17921872210071113]",1.5661662043649591,1.3355793197767845,1.3355793197767845,1.3355793197767845,0.2305868845881746,0.2305868845881746,0.000757162743766,0.001712038194821,0.001712038194821,0.000757162743766,0.001712038194821,0.001712038194821,1.0,1.0,1.0,0.7925791799656814,1.146903393000338,1.146903393000338,0.9999999999999996,0.9999999999999988,0.9999999999999988,0.0403943421501693,1.0949148373329196,0.200270140293695,1.2951849776266149,1.335579319776784,-4.440892098500626e-16,0.001712038194821,0.802431441190202,0.0090532978989514,0.1868032227160246,0.9892346639062264,0.195856520614976,0.9999999999999992,OBJECTIVE_AND_FEASIBILITY_IMPROVE,240,240,1,241,3,Return from COBYLA because the objective function has been evaluated MAXFUN times.,False,True,1.935254910029471,136.8671875,SUCCESS,,4125a14ecf0cf9f70644007cd1634ecf6f1e07fa3cd07fca5698b5513f958820
diag-run-3aea1643be97850850d1,task-v2-4968f3a685c2,g-8a16a856f5377a40,v2-S3-b000-g-8a16a856f5377a40,S3,D1,13,0.0001220703125,3.9133899436317554,P3_CONTINUATION_B4,COBYLA,1103,480,4,False,"[2.3572979579313866, 5.058713558072617, 0.0, 3.71953118117793, -0.9818183631331936, 0.0]","[3.9100428969666146, 5.46325593592314, 1.0601043823801442, 3.97704838531426, -0.9777316081916758, -0.17800515923348426]","[3.9100428969666146, 5.46325593592314, 1.0601043823801442, 3.97704838531426, -0.9777316081916758, -0.17800515923348426]",1.5661662043649591,1.3233003735019344,1.3233003735019344,1.3233003735019344,0.2428658308630247,0.2428658308630247,0.000757162743766,0.0018995575910778,0.0018995575910778,0.000757162743766,0.0018995575910778,0.0018995575910778,1.0,1.0,1.0,0.7925791799656814,1.1920424087286867,1.1920424087286867,0.9999999999999996,1.0000000000000009,1.0000000000000009,0.0406438003322863,1.096868531664723,0.1857880415049243,1.2826565731696475,1.323300373501934,-4.440892098500626e-16,0.0018995575910778,0.8168704065726892,0.0067617912165546,0.1744682446196792,0.9913386511923684,0.1812300358362339,1.0000000000000009,OBJECTIVE_AND_FEASIBILITY_IMPROVE,480,480,1,481,3,Return from COBYLA because the objective function has been evaluated MAXFUN times.,False,True,3.916410827077925,136.8671875,SUCCESS,,4125a14ecf0cf9f70644007cd1634ecf6f1e07fa3cd07fca5698b5513f958820
diag-run-bd6366159319f654d89d,task-v2-4d2b9f5eb099,g-6aa6775bed3bc2cc,v2-S2-b001-g-6aa6775bed3bc2cc,S2,D1,10,0.0009765625,3.010299956639812,P3_CONTINUATION_B2,COBYLA,2207,240,2,False,"[3.3845201324537864, 6.764256654954441, 0.0, 2.4656432901734386, -0.3924608655984018, 0.0]","[1.8951674116960657, 6.509008837907127, -0.9007925086624573, 2.3762565533265114, -0.4883214084648264, 0.17456054406803043]","[1.8951674116960657, 6.509008837907127, -0.9007925086624573, 2.3762565533265114, -0.4883214084648264, 0.17456054406803043]",1.6436858706178623,1.4561097503402116,1.4561097503402116,1.4561097503402116,0.1875761202776509,0.1875761202776509,0.0066963918651979,0.0201278141372789,0.0201278141372789,0.0066963918651979,0.0201278141372789,0.0201278141372789,1.0,1.0,1.0,0.8361408167853355,1.3140965700946317,1.3140965700946317,1.0,0.9999999999999984,0.9999999999999984,0.0651743016812362,1.1487564912667554,0.2421789573922199,1.3909354486589751,1.4561097503402116,0.0,0.0201278141372789,0.7583913837423473,0.0117270856520411,0.2097537164683309,0.968145100210678,0.221480802120372,0.9999999999999982,OBJECTIVE_AND_FEASIBILITY_IMPROVE,240,240,1,241,3,Return from COBYLA because the objective function has been evaluated MAXFUN times.,False,True,0.864787369966507,136.8671875,SUCCESS,,4125a14ecf0cf9f70644007cd1634ecf6f1e07fa3cd07fca5698b5513f958820
diag-run-8f5bd6f8409d9f7d3013,task-v2-4d2b9f5eb099,g-6aa6775bed3bc2cc,v2-S2-b001-g-6aa6775bed3bc2cc,S2,D1,10,0.0009765625,3.010299956639812,P3_CONTINUATION_B4,COBYLA,2207,480,4,False,"[3.3845201324537864, 6.764256654954441, 0.0, 2.4656432901734386, -0.3924608655984018, 0.0]","[1.5226354248907827, 6.57050925128453, -1.0984335263969023, 2.360201777240196, -0.4723180672557394, 0.16010785512924633]","[1.5226354248907827, 6.57050925128453, -1.0984335263969023, 2.360201777240196, -0.4723180672557394, 0.16010785512924633]",1.6436858706178623,1.4386943046044207,1.4386943046044207,1.4386943046044207,0.2049915660134418,0.2049915660134418,0.0066963918651979,0.0259051008106186,0.0259051008106186,0.0066963918651979,0.0259051008106186,0.0259051008106186,1.0,1.0,1.0,0.8361408167853355,1.4236852433386202,1.4236852433386202,1.0,1.0000000000000009,1.0000000000000009,0.0657909279284606,1.1385761973374429,0.2343271793385176,1.3729033766759606,1.4386943046044212,4.440892098500626e-16,0.0259051008106186,0.757492221322789,0.0150211919433377,0.2015814859232555,0.9590737072460443,0.2166026778665933,1.0000000000000009,OBJECTIVE_AND_FEASIBILITY_IMPROVE,480,480,1,481,3,Return from COBYLA because the objective function has been evaluated MAXFUN times.,False,True,1.6978935431689024,136.8671875,SUCCESS,,4125a14ecf0cf9f70644007cd1634ecf6f1e07fa3cd07fca5698b5513f958820
diag-run-b216d8ddb60dac5067c9,task-v2-4e78b3f98433,g-553bb3c5ba0f2136,v2-S1-b001-g-553bb3c5ba0f2136,S1,D1,7,0.0078125,2.1072099696478683,P3_CONTINUATION_B2,COBYLA,3301,240,2,False,"[1.307318752691071, 1.2991391804027617, 0.0, 2.67102286333235, -0.3163059091851462, 0.0]","[0.8857074124052404, 0.9975555086785161, 1.3457064817763664, 2.6904069741261436, -0.4224409250635784, -0.25142837109357735]","[0.8857074124052404, 0.9975555086785161, 1.3457064817763664, 2.6904069741261436, -0.4224409250635784, -0.25142837109357735]",1.4079863839740818,1.1859892931420446,1.1859892931420446,1.1859892931420446,0.2219970908320372,0.2219970908320372,0.1002946856020147,0.1496859295673072,0.1496859295673072,0.1002946856020147,0.1496859295673072,0.1496859295673072,1.0,1.0,1.0,1.1084878909547582,1.2823909483578546,1.2823909483578546,1.0000000000000002,0.9999999999999996,0.9999999999999996,0.0417032498745073,0.9982780670872676,0.1460079761802695,1.144286043267537,1.1859892931420444,-2.220446049250313e-16,0.1496859295673072,0.7200987881577963,0.0553332061511474,0.0748820761237485,0.7949808642815447,0.130215282274896,0.9999999999999994,OBJECTIVE_AND_FEASIBILITY_IMPROVE,240,240,1,241,3,Return from COBYLA because the objective function has been evaluated MAXFUN times.,False,True,0.6663558417931199,136.8671875,SUCCESS,,4125a14ecf0cf9f70644007cd1634ecf6f1e07fa3cd07fca5698b5513f958820
diag-run-4f5b32fb8b8078eed8b0,task-v2-4e78b3f98433,g-553bb3c5ba0f2136,v2-S1-b001-g-553bb3c5ba0f2136,S1,D1,7,0.0078125,2.1072099696478683,P3_CONTINUATION_B4,COBYLA,3301,480,4,False,"[1.307318752691071, 1.2991391804027617, 0.0, 2.67102286333235, -0.3163059091851462, 0.0]","[0.8961536628191163, 0.9903405700395019, 1.3799034735731133, 2.686002318460375, -0.42082023731458157, -0.25083829527555734]","[0.8961536628191163, 0.9903405700395019, 1.3799034735731133, 2.686002318460375, -0.42082023731458157, -0.25083829527555734]",1.4079863839740818,1.1855243787175922,1.1855243787175922,1.1855243787175922,0.2224620052564896,0.2224620052564896,0.1002946856020147,0.1501294936789284,0.1501294936789284,0.1002946856020147,0.1501294936789284,0.1501294936789284,1.0,1.0,1.0,1.1084878909547582,1.2836759895642722,1.2836759895642722,1.0000000000000002,0.9999999999999988,0.9999999999999988,0.0417236060580746,0.9969073745749748,0.1468933980845427,1.1438007726595176,1.1855243787175924,2.220446049250313e-16,0.1501294936789284,0.7188744351162645,0.0559414702947906,0.0750546009100153,0.7939290360262797,0.1309960712048059,0.9999999999999988,OBJECTIVE_AND_FEASIBILITY_IMPROVE,396,396,1,397,0,Return from COBYLA because the trust region radius reaches its lower bound.,True,True,1.112804178148508,136.8671875,SUCCESS,,4125a14ecf0cf9f70644007cd1634ecf6f1e07fa3cd07fca5698b5513f958820
diag-run-d1a4f543f87f21ff0a6b,task-v2-095187356858,g-3ff7063ef9ea5cfb,v2-S4-b000-g-3ff7063ef9ea5cfb,S4,D2,16,3.0517578125e-05,4.515449934959718,P3_CONTINUATION_B2,COBYLA,1103,240,2,False,"[2.2653518965550097, 5.2307998085259095, 0.0, 3.252486969482005, -0.8185802628619073, 0.0]","[2.663672184914427, 5.053913707512904, -0.9419788564772744, 3.1469398053191573, -0.8966389670271981, 0.1722721960428174]","[2.663672184914427, 5.053913707512904, -0.9419788564772744, 3.1469398053191573, -0.8966389670271981, 0.1722721960428174]",1.6678211694716716,1.5282871092675427,1.5282871092675427,1.5282871092675427,0.1395340602041288,0.1395340602041288,0.001884664389846,0.0050555548045714,0.0050555548045714,0.0014234701970546,0.0037937119349008,0.0037937119349008,0.7552910771402223,0.7504046700216674,0.7504046700216674,1.7906839597324833,2.21921875766466,2.21921875766466,1.0000000000000022,1.0000000000000022,1.0000000000000022,0.076696640019198,1.093939207639571,0.3576512616087728,1.451590469248344,1.528287109267542,-8.881784197001252e-16,0.0050555548045714,0.6459101032448943,0.0075571104770662,0.3414772314734704,0.9873873347183646,0.3490343419505366,1.0000000000000024,OBJECTIVE_AND_FEASIBILITY_IMPROVE,240,240,1,241,3,Return from COBYLA because the objective function has been evaluated MAXFUN times.,False,True,11.074829326942565,146.9375,SUCCESS,,4125a14ecf0cf9f70644007cd1634ecf6f1e07fa3cd07fca5698b5513f958820
diag-run-3ebc257c20c93ac81bf2,task-v2-095187356858,g-3ff7063ef9ea5cfb,v2-S4-b000-g-3ff7063ef9ea5cfb,S4,D2,16,3.0517578125e-05,4.515449934959718,P3_CONTINUATION_B4,COBYLA,1103,480,4,False,"[2.2653518965550097, 5.2307998085259095, 0.0, 3.252486969482005, -0.8185802628619073, 0.0]","[2.547384788714573, 4.857145731492278, -1.2750860903651327, 3.1584243516038675, -0.8503461495351865, 0.16011303875653224]","[2.547384788714573, 4.857145731492278, -1.2750860903651327, 3.1584243516038675, -0.8503461495351865, 0.16011303875653224]",1.6678211694716716,1.505845150316924,1.505845150316924,1.505845150316924,0.1619760191547476,0.1619760191547476,0.001884664389846,0.006765774903966,0.006765774903966,0.0014234701970546,0.005017913214266,0.005017913214266,0.7552910771402223,0.7416612709542799,0.7416612709542799,1.7906839597324833,2.3457674797578765,2.3457674797578765,1.0000000000000022,0.9999999999999994,0.9999999999999994,0.0778673926366347,1.0861321132923345,0.3418456443879559,1.4279777576802903,1.505845150316925,1.1102230246251563e-15,0.006765774903966,0.6595664236114029,0.010523732620887,0.3231440688637434,0.9827104924751464,0.3336678014846305,0.9999999999999994,OBJECTIVE_AND_FEASIBILITY_IMPROVE,480,480,1,481,3,Return from COBYLA because the objective function has been evaluated MAXFUN times.,False,True,25.399986977688968,155.0234375,SUCCESS,,4125a14ecf0cf9f70644007cd1634ecf6f1e07fa3cd07fca5698b5513f958820
diag-run-3cdeb189468e3df3a5e1,task-v2-3f11ce371857,g-3ff7063ef9ea5cfb,v2-S4-b000-g-3ff7063ef9ea5cfb,S4,D1,16,1.52587890625e-05,4.816479930623699,P3_CONTINUATION_B2,COBYLA,1103,240,2,False,"[4.206576848588073, 3.6833823222925894, 0.0, 0.4480349083452544, -1.0714407406078148, 0.0]","[4.885528202364654, 4.73724581391759, 1.3529636168879062, 0.7470633228893985, -1.1115823429545684, -0.18452922203622002]","[4.885528202364654, 4.73724581391759, 1.3529636168879062, 0.7470633228893985, -1.1115823429545684, -0.18452922203622002]",1.8543460248744967,1.5812563544968534,1.5812563544968534,1.5812563544968534,0.2730896703776433,0.2730896703776433,0.0011415392461981,0.0045762401687283,0.0045762401687283,0.0011415392461981,0.0045762401687283,0.0045762401687283,1.0,1.0,1.0,1.8739707777809247,2.4769887395066537,2.4769887395066537,1.0000000000000009,1.0,1.0,0.0613312604833873,1.0860196163027864,0.4339054777106795,1.519925094013466,1.5812563544968534,0.0,0.0045762401687283,0.5688523444587654,0.0032665544791391,0.4233048608933668,0.992157205352132,0.426571415372506,0.9999999999999998,OBJECTIVE_AND_FEASIBILITY_IMPROVE,240,240,1,241,3,Return from COBYLA because the objective function has been evaluated MAXFUN times.,False,True,11.506610513664782,146.94140625,SUCCESS,,4125a14ecf0cf9f70644007cd1634ecf6f1e07fa3cd07fca5698b5513f958820
diag-run-b3963dcbb05586e5fff2,task-v2-3f11ce371857,g-3ff7063ef9ea5cfb,v2-S4-b000-g-3ff7063ef9ea5cfb,S4,D1,16,1.52587890625e-05,4.816479930623699,P3_CONTINUATION_B4,COBYLA,1103,480,4,False,"[4.206576848588073, 3.6833823222925894, 0.0, 0.4480349083452544, -1.0714407406078148, 0.0]","[4.99481657374803, 5.058054208173836, 1.4357818358359813, 0.7708783405853897, -1.129404116156773, -0.17916259505927493]","[4.99481657374803, 5.058054208173836, 1.4357818358359813, 0.7708783405853897, -1.129404116156773, -0.17916259505927493]",1.8543460248744967,1.571016716657775,1.571016716657775,1.571016716657775,0.2833293082167214,0.2833293082167214,0.0011415392461981,0.0041286388599451,0.0041286388599451,0.0011415392461981,0.0041286388599451,0.0041286388599451,1.0,1.0,1.0,1.8739707777809247,2.4322868265784665,2.4322868265784665,1.0000000000000009,0.9999999999999992,0.9999999999999992,0.0602086458718019,1.086357365853266,0.424450704932707,1.5108080707859732,1.571016716657775,-2.220446049250313e-16,0.0041286388599451,0.5783785141262802,0.002514819068529,0.4149780279452449,0.9933565420715248,0.417492847013774,0.9999999999999992,OBJECTIVE_AND_FEASIBILITY_IMPROVE,480,480,1,481,3,Return from COBYLA because the objective function has been evaluated MAXFUN times.,False,True,25.516253497451544,154.9921875,SUCCESS,,4125a14ecf0cf9f70644007cd1634ecf6f1e07fa3cd07fca5698b5513f958820
diag-run-874d9f603138205aeb93,task-v2-07b8f456a957,g-3ff7063ef9ea5cfb,v2-S4-b000-g-3ff7063ef9ea5cfb,S4,D6,16,0.0001220703125,3.9133899436317554,P3_CONTINUATION_B2,COBYLA,2207,240,2,False,"[5.437078136252932, 4.171705917822636, 0.0, 2.4287773603919556, 0.11332324323113886, 0.0]","[6.534919006598717, 4.322560275078763, 0.12925772923604392, 2.449390550830835, 0.19246436151938454, -0.08860851237204695]","[6.534919006598717, 4.322560275078763, 0.12925772923604392, 2.449390550830835, 0.19246436151938454, -0.08860851237204695]",1.579760419530829,1.3413205483545072,1.3413205483545072,1.3413205483545072,0.2384398711763218,0.2384398711763218,0.0148475636082494,0.0262131587619962,0.0262131587619962,0.0062492155491638,0.0105272453331179,0.0105272453331179,0.420891650242985,0.4016015554897687,0.4016015554897687,2.0850451381400057,2.331909301482072,2.331909301482072,1.0000000000000022,1.0000000000000018,1.0000000000000018,0.1106472342799869,1.0912293310763812,0.1394439829981373,1.2306733140745183,1.3413205483545054,-1.7763568394002505e-15,0.0262131587619962,0.837899015316373,0.0019240971348238,0.1339637287868086,0.9718627441031816,0.1358878259216324,1.0000000000000016,OBJECTIVE_AND_FEASIBILITY_IMPROVE,240,240,1,241,3,Return from COBYLA because the objective function has been evaluated MAXFUN times.,False,True,11.977472154423594,146.9453125,SUCCESS,,4125a14ecf0cf9f70644007cd1634ecf6f1e07fa3cd07fca5698b5513f958820
diag-run-1dccd3b939e52539b3a1,task-v2-07b8f456a957,g-3ff7063ef9ea5cfb,v2-S4-b000-g-3ff7063ef9ea5cfb,S4,D6,16,0.0001220703125,3.9133899436317554,P3_CONTINUATION_B4,COBYLA,2207,480,4,False,"[5.437078136252932, 4.171705917822636, 0.0, 2.4287773603919556, 0.11332324323113886, 0.0]","[6.824178993426679, 4.452721747833489, 0.2733870376535773, 2.4467973871736475, 0.31736157832679174, -0.21360795417311904]","[6.824178993426679, 4.452721747833489, 0.2733870376535773, 2.4467973871736475, 0.31736157832679174, -0.21360795417311904]",1.579760419530829,1.301755984043548,1.301755984043548,1.301755984043548,0.278004435487281,0.278004435487281,0.0148475636082494,0.0326818847944268,0.0326818847944268,0.0062492155491638,0.0128123529738336,0.0128123529738336,0.420891650242985,0.3920322543949011,0.3920322543949011,2.0850451381400057,2.4276970383775445,2.4276970383775445,1.0000000000000022,1.000000000000001,1.000000000000001,0.1041773770580316,1.0794067547540176,0.1181718522314991,1.1975786069855168,1.3017559840435484,4.440892098500626e-16,0.0326818847944268,0.8524961254739436,0.0018402731572574,0.1129817165743733,0.9654778420483168,0.1148219897316307,1.000000000000001,OBJECTIVE_AND_FEASIBILITY_IMPROVE,480,480,1,481,3,Return from COBYLA because the objective function has been evaluated MAXFUN times.,False,True,25.36027079354972,155.19921875,SUCCESS,,4125a14ecf0cf9f70644007cd1634ecf6f1e07fa3cd07fca5698b5513f958820
diag-run-891f38c155bbf17fc447,task-v2-0b71cbcaebc2,g-3ff7063ef9ea5cfb,v2-S4-b000-g-3ff7063ef9ea5cfb,S4,D3,16,4.57763671875e-05,4.339358675904037,P3_CONTINUATION_B2,COBYLA,1103,240,2,False,"[3.176230981602957, 5.674042409120552, 0.0, 3.7979473976669467, -1.0383617347001624, 0.0]","[4.141253313851755, 6.360117209816176, -0.9076552787163484, 3.9573368588262365, -1.2446013579071928, 0.1716099293076467]","[4.141253313851755, 6.360117209816176, -0.9076552787163484, 3.9573368588262365, -1.2446013579071928, 0.1716099293076467]",1.5682571975225854,1.3525606042493827,1.3525606042493827,1.3525606042493827,0.2156965932732026,0.2156965932732026,0.0012391277545523,0.0019741629447588,0.0019741629447588,0.000442523332109,0.0002303378540125,0.0002303378540125,0.3571248650377487,0.1166762118719834,0.1166762118719834,1.432474760518087,1.6347416718005163,1.6347416718005163,0.999999999999998,1.0000000000000009,1.0000000000000009,0.0628775923526806,1.0943419548725326,0.1953410570241695,1.2896830118967022,1.3525606042493827,0.0,0.0019741629447588,0.8051349718651832,0.0012955231305801,0.1915953420594786,0.9967303139246616,0.1928908651900587,1.0000000000000009,OBJECTIVE_AND_FEASIBILITY_IMPROVE,240,240,1,241,3,Return from COBYLA because the objective function has been evaluated MAXFUN times.,False,True,12.616500194184482,146.9375,SUCCESS,,4125a14ecf0cf9f70644007cd1634ecf6f1e07fa3cd07fca5698b5513f958820
diag-run-2cb79aa23e0d0ac2d7bd,task-v2-0b71cbcaebc2,g-3ff7063ef9ea5cfb,v2-S4-b000-g-3ff7063ef9ea5cfb,S4,D3,16,4.57763671875e-05,4.339358675904037,P3_CONTINUATION_B4,COBYLA,1103,480,4,False,"[3.176230981602957, 5.674042409120552, 0.0, 3.7979473976669467, -1.0383617347001624, 0.0]","[4.408368805782152, 6.344316941642929, -1.116548757506366, 3.965900369897939, -1.2263531606316846, 0.15315232011178673]","[4.408368805782152, 6.344316941642929, -1.116548757506366, 3.965900369897939, -1.2263531606316846, 0.15315232011178673]",1.5682571975225854,1.3393289428797663,1.3393289428797663,1.3393289428797663,0.228928254642819,0.228928254642819,0.0012391277545523,0.0022767009580603,0.0022767009580603,0.000442523332109,0.00026367358732,0.00026367358732,0.3571248650377487,0.1158138869255473,0.1158138869255473,1.432474760518087,1.696664666205975,1.696664666205975,0.999999999999998,0.9999999999999996,0.9999999999999996,0.0622953930976301,1.0926061784467933,0.1844273713353447,1.277033549782138,1.339328942879768,1.7763568394002505e-15,0.0022767009580603,0.815603908007827,0.0014269540431915,0.1806924369909205,0.996296344998748,0.1821193910341121,0.9999999999999992,OBJECTIVE_AND_FEASIBILITY_IMPROVE,480,480,1,481,3,Return from COBYLA because the objective function has been evaluated MAXFUN times.,False,True,25.733800838701427,155.1953125,SUCCESS,,4125a14ecf0cf9f70644007cd1634ecf6f1e07fa3cd07fca5698b5513f958820
diag-run-70db04b1da6f052ca198,task-v2-5acbf653f95a,g-a712031e7959d564,v2-S3-b001-g-a712031e7959d564,S3,D2,13,0.000244140625,3.612359947967774,P3_CONTINUATION_B2,COBYLA,1103,240,2,False,"[1.8096526448457124, 4.427765583131744, 0.0, 3.298075240497105, -0.7925145293331105, 0.0]","[1.729271669745737, 4.199332428539378, 0.6765035684526678, 3.2649904267930268, -0.5667305535000463, -0.20678189813645426]","[1.729271669745737, 4.199332428539378, 0.6765035684526678, 3.2649904267930268, -0.5667305535000463, -0.20678189813645426]",1.5454985842359965,1.4393707285695,1.4393707285695,1.4393707285695,0.1061278556664961,0.1061278556664961,0.0112678715127597,0.0254853558713653,0.0254853558713653,0.0076071163492277,0.0161071282431723,0.0161071282431723,0.6751156454538434,0.6320150412837632,0.6320150412837632,1.6642018340612763,2.018650650318288,2.018650650318288,0.9999999999999988,1.0000000000000022,1.0000000000000022,0.0406952934229136,1.0618475955148945,0.3368278396316924,1.3986754351465869,1.4393707285695003,4.440892098500626e-16,0.0254853558713653,0.6476411521100606,0.0388724041623727,0.2880010878562035,0.9356422399662642,0.3268734920185763,1.0000000000000022,OBJECTIVE_AND_FEASIBILITY_IMPROVE,240,240,1,241,3,Return from COBYLA because the objective function has been evaluated MAXFUN times.,False,True,1.683102442882955,154.9921875,SUCCESS,,4125a14ecf0cf9f70644007cd1634ecf6f1e07fa3cd07fca5698b5513f958820
diag-run-0db8f8f8536e68c3cdb3,task-v2-5acbf653f95a,g-a712031e7959d564,v2-S3-b001-g-a712031e7959d564,S3,D2,13,0.000244140625,3.612359947967774,P3_CONTINUATION_B4,COBYLA,1103,480,4,False,"[1.8096526448457124, 4.427765583131744, 0.0, 3.298075240497105, -0.7925145293331105, 0.0]","[1.6320297873242737, 3.93651372690635, 0.8812357830113076, 3.2911740707664445, -0.6102099221084063, -0.19543749758422854]","[1.6320297873242737, 3.93651372690635, 0.8812357830113076, 3.2911740707664445, -0.6102099221084063, -0.19543749758422854]",1.5454985842359965,1.4230071949633851,1.4230071949633851,1.4230071949633851,0.1224913892726111,0.1224913892726111,0.0112678715127597,0.0251367750769846,0.0251367750769846,0.0076071163492277,0.015700349502135,0.015700349502135,0.6751156454538434,0.6245968090198821,0.6245968090198821,1.6642018340612763,2.012669507073117,2.012669507073117,0.9999999999999988,1.0000000000000004,1.0000000000000004,0.0412399018060709,1.0650511667677929,0.3167161263895209,1.3817672931573135,1.423007194963385,-4.440892098500626e-16,0.0251367750769846,0.6685324450151234,0.0385833273213037,0.2677474525865887,0.9362798976017124,0.3063307799078923,1.0000000000000004,OBJECTIVE_AND_FEASIBILITY_IMPROVE,480,480,1,481,3,Return from COBYLA because the objective function has been evaluated MAXFUN times.,False,True,3.4097712840884924,154.9921875,SUCCESS,,4125a14ecf0cf9f70644007cd1634ecf6f1e07fa3cd07fca5698b5513f958820
diag-run-a6b43d82705b11a533ba,task-v2-5b0627539151,g-a712031e7959d564,v2-S3-b001-g-a712031e7959d564,S3,D5,13,0.0006103515625,3.2144199392957367,P3_CONTINUATION_B2,COBYLA,3301,240,2,False,"[5.977239576058943, 1.2087261362850337, 0.0, 2.5991040921869644, -0.1643585769637043, 0.0]","[6.490208525121449, 0.8313149451703913, -0.014201682056683526, 2.6430392353310093, -0.21084512110379913, 0.031061392997751954]","[6.490208525121449, 0.8313149451703913, -0.014201682056683526, 2.6430392353310093, -0.21084512110379913, 0.031061392997751954]",1.3261650789954538,1.279511971028392,1.279511971028392,1.279511971028392,0.0466531079670617,0.0466531079670617,0.0696973986053847,0.078445727603518,0.078445727603518,0.0126895223707475,0.0171952782845131,0.0171952782845131,0.1820659396858351,0.2191996786800403,0.2191996786800403,2.057636508033484,2.1089892348446546,2.1089892348446546,0.999999999999999,1.0000000000000018,1.0000000000000018,0.0488026812890822,1.0346647286856263,0.1960445610536829,1.2307092897393097,1.2795119710283918,-2.220446049250313e-16,0.078445727603518,0.7294096232751274,0.0116602048251533,0.1804844442962032,0.9098940675713306,0.1921446491213566,1.000000000000002,OBJECTIVE_AND_FEASIBILITY_IMPROVE,240,240,1,241,3,Return from COBYLA because the objective function has been evaluated MAXFUN times.,False,True,1.6511311326175928,155.19921875,SUCCESS,,4125a14ecf0cf9f70644007cd1634ecf6f1e07fa3cd07fca5698b5513f958820
diag-run-cbcabd18368231759a36,task-v2-5b0627539151,g-a712031e7959d564,v2-S3-b001-g-a712031e7959d564,S3,D5,13,0.0006103515625,3.2144199392957367,P3_CONTINUATION_B4,COBYLA,3301,480,4,False,"[5.977239576058943, 1.2087261362850337, 0.0, 2.5991040921869644, -0.1643585769637043, 0.0]","[6.433475138600181, 0.6289582920812978, -0.2806197848699931, 2.700536618291245, -0.3810495548838899, 0.16756450117818483]","[6.433475138600181, 0.6289582920812978, -0.2806197848699931, 2.700536618291245, -0.3810495548838899, 0.16756450117818483]",1.3261650789954538,1.2613652536111797,1.2613652536111797,1.2613652536111797,0.0647998253842743,0.0647998253842743,0.0696973986053847,0.0828332402429422,0.0828332402429422,0.0126895223707475,0.0181289170148979,0.0181289170148979,0.1820659396858351,0.2188604111311774,0.2188604111311774,2.057636508033484,2.132624589573,2.132624589573,0.999999999999999,0.9999999999999978,0.9999999999999978,0.0489960869143676,1.0254673234021303,0.1869018432946814,1.212369166696812,1.2613652536111797,2.220446049250313e-16,0.0828332402429422,0.7341568093603414,0.0124786921303013,0.1705312582664128,0.904688067626754,0.1830099503967141,0.9999999999999978,OBJECTIVE_AND_FEASIBILITY_IMPROVE,480,480,1,481,3,Return from COBYLA because the objective function has been evaluated MAXFUN times.,False,True,3.342856479808688,155.19921875,SUCCESS,,4125a14ecf0cf9f70644007cd1634ecf6f1e07fa3cd07fca5698b5513f958820
diag-run-5924a9f408f9b98ca27b,task-v2-5de325b6f026,g-8a16a856f5377a40,v2-S3-b000-g-8a16a856f5377a40,S3,D3,13,0.0003662109375,3.436268688912093,P3_CONTINUATION_B2,COBYLA,1103,240,2,False,"[2.0522876013912557, 4.8079350627351785, 0.0, 3.254631144510704, -0.7771932871610482, 0.0]","[1.9840895988470826, 4.642986050458588, -0.8095241233480166, 3.214795051440177, -0.8659046048542873, 0.1686109294501774]","[1.9840895988470826, 4.642986050458588, -0.8095241233480166, 3.214795051440177, -0.8659046048542873, 0.1686109294501774]",1.5459860591715722,1.4468135280779395,1.4468135280779395,1.4468135280779395,0.0991725310936324,0.0991725310936324,0.009742829274044,0.0228699675544266,0.0228699675544266,0.0063252609773233,0.0148383990619163,0.0148383990619163,0.6492221919740025,0.6488159209934817,0.6488159209934817,1.4249537812812472,1.7955342373866392,1.7955342373866392,1.0,1.0000000000000004,1.0000000000000004,0.0619201326520143,1.0679558191571366,0.3169375762687892,1.3848933954259257,1.44681352807794,2.220446049250313e-16,0.0228699675544266,0.6699970711520642,0.0274721620143408,0.2796607992791686,0.949657870431233,0.3071329612935095,1.0000000000000004,OBJECTIVE_AND_FEASIBILITY_IMPROVE,240,240,1,241,3,Return from COBYLA because the objective function has been evaluated MAXFUN times.,False,True,1.7204000605270269,155.19921875,SUCCESS,,4125a14ecf0cf9f70644007cd1634ecf6f1e07fa3cd07fca5698b5513f958820
diag-run-e26af006a448902ac7c8,task-v2-5de325b6f026,g-8a16a856f5377a40,v2-S3-b000-g-8a16a856f5377a40,S3,D3,13,0.0003662109375,3.436268688912093,P3_CONTINUATION_B4,COBYLA,1103,480,4,False,"[2.0522876013912557, 4.8079350627351785, 0.0, 3.254631144510704, -0.7771932871610482, 0.0]","[1.833218527372026, 4.421602963909733, -1.2852614857894713, 3.2258437260053032, -0.7784885439255702, 0.15374101067919035]","[1.833218527372026, 4.421602963909733, -1.2852614857894713, 3.2258437260053032, -0.7784885439255702, 0.15374101067919035]",1.5459860591715722,1.4146388749795242,1.4146388749795242,1.4146388749795242,0.1313471841920479,0.1313471841920479,0.009742829274044,0.0329410246019401,0.0329410246019401,0.0063252609773233,0.0211396556711976,0.0211396556711976,0.6492221919740025,0.6417425057857064,0.6417425057857064,1.4249537812812472,1.954005792308316,1.954005792308316,1.0,1.0000000000000022,1.0000000000000022,0.065680560664951,1.0394173288889652,0.3095409854256079,1.3489583143145731,1.4146388749795242,0.0,0.0329410246019401,0.6669615274801008,0.0396330510419939,0.2604643968759672,0.927425924356068,0.3000974479179611,1.0000000000000022,OBJECTIVE_AND_FEASIBILITY_IMPROVE,480,480,1,481,3,Return from COBYLA because the objective function has been evaluated MAXFUN times.,False,True,3.447667583823204,155.19921875,SUCCESS,,4125a14ecf0cf9f70644007cd1634ecf6f1e07fa3cd07fca5698b5513f958820
diag-run-ecc3885aaf9fe32fae63,task-v2-59a464f36e13,g-bd62d2d752385cc7,v2-S4-b001-g-bd62d2d752385cc7,S4,D1,16,1.52587890625e-05,4.816479930623699,P3_CONTINUATION_B2,COBYLA,1103,240,2,False,"[4.512211673038156, 3.9304391078697862, 0.0, 0.42840996606582415, -1.0352903038052013, 0.0]","[5.322110699431517, 4.878527651619785, 1.1613568080336272, 0.7034754977235903, -1.0780377673868822, -0.1697111915512956]","[5.322110699431517, 4.878527651619785, 1.1613568080336272, 0.7034754977235903, -1.0780377673868822, -0.1697111915512956]",1.698750440470401,1.413658256102187,1.413658256102187,1.413658256102187,0.2850921843682137,0.2850921843682137,0.0014027996531793,0.003685171123071,0.003685171123071,0.0014027996531793,0.003685171123071,0.003685171123071,1.0,1.0,1.0,1.9634755804605448,2.382937590004643,2.382937590004643,1.0000000000000009,1.000000000000003,1.000000000000003,0.0516336319538808,1.078853249305387,0.2831713748429195,1.3620246241483065,1.413658256102187,0.0,0.003685171123071,0.7172654159002818,0.0030847597320471,0.275964653244603,0.9932300691448848,0.2790494129766501,1.0000000000000029,OBJECTIVE_AND_FEASIBILITY_IMPROVE,240,240,1,241,3,Return from COBYLA because the objective function has been evaluated MAXFUN times.,False,True,13.079064473509789,155.046875,SUCCESS,,4125a14ecf0cf9f70644007cd1634ecf6f1e07fa3cd07fca5698b5513f958820
diag-run-86f477357d8120222e39,task-v2-59a464f36e13,g-bd62d2d752385cc7,v2-S4-b001-g-bd62d2d752385cc7,S4,D1,16,1.52587890625e-05,4.816479930623699,P3_CONTINUATION_B4,COBYLA,1103,480,4,False,"[4.512211673038156, 3.9304391078697862, 0.0, 0.42840996606582415, -1.0352903038052013, 0.0]","[5.352225722906233, 5.298991010020529, 1.3000940397135476, 0.738190601447093, -1.1115029109103984, -0.15712082309768063]","[5.352225722906233, 5.298991010020529, 1.3000940397135476, 0.738190601447093, -1.1115029109103984, -0.15712082309768063]",1.698750440470401,1.3951436068701004,1.3951436068701004,1.3951436068701004,0.3036068336003006,0.3036068336003006,0.0014027996531793,0.0032068911506977,0.0032068911506977,0.0014027996531793,0.0032068911506977,0.0032068911506977,1.0,1.0,1.0,1.9634755804605448,2.3225641498431964,2.3225641498431964,1.0000000000000009,0.9999999999999968,0.9999999999999968,0.0503379516459973,1.0798202796340135,0.26498537559009,1.3448056552241034,1.3951436068701009,4.440892098500626e-16,0.0032068911506977,0.7356041122673525,0.0019419723193462,0.2592470242626,0.9948511365299528,0.2611889965819463,0.9999999999999966,OBJECTIVE_AND_FEASIBILITY_IMPROVE,480,480,1,481,3,Return from COBYLA because the objective function has been evaluated MAXFUN times.,False,True,26.549073540605605,155.13671875,SUCCESS,,4125a14ecf0cf9f70644007cd1634ecf6f1e07fa3cd07fca5698b5513f958820
diag-run-502579548c8bc8bafcdb,task-v2-5b5a3995de2b,g-bd62d2d752385cc7,v2-S4-b001-g-bd62d2d752385cc7,S4,D5,16,7.62939453125e-05,4.11750992628768,P3_CONTINUATION_B2,COBYLA,2207,240,2,False,"[5.698741696704778, 4.093949542587866, 0.0, 2.421309056216148, 0.10642663591831496, 0.0]","[6.7431996559192, 4.578172181744551, 0.2690574917269055, 2.4101514107445956, 0.26154360916999403, -0.16494291379112339]","[6.7431996559192, 4.578172181744551, 0.2690574917269055, 2.4101514107445956, 0.26154360916999403, -0.16494291379112339]",1.5700904745513848,1.344318460157743,1.344318460157743,1.344318460157743,0.2257720143936419,0.2257720143936419,0.0112721749114478,0.0204862817280642,0.0204862817280642,0.0039003383357499,0.0065897541356626,0.0065897541356626,0.3460147102391745,0.3216666754433687,0.3216666754433687,2.1695176454314984,2.4289730671427114,2.4289730671427114,0.9999999999999992,1.0000000000000004,1.0000000000000004,0.1081052758560899,1.0880297373632009,0.1481834469384524,1.2362131843016533,1.3443184601577434,4.440892098500626e-16,0.0204862817280642,0.8353505897967051,0.0046214428934167,0.1395416855818145,0.9748922753785196,0.1441631284752312,1.0000000000000004,OBJECTIVE_AND_FEASIBILITY_IMPROVE,240,240,1,241,3,Return from COBYLA because the objective function has been evaluated MAXFUN times.,False,True,12.689262937754393,155.1953125,SUCCESS,,4125a14ecf0cf9f70644007cd1634ecf6f1e07fa3cd07fca5698b5513f958820
diag-run-a601c789034a2235b3ce,task-v2-5b5a3995de2b,g-bd62d2d752385cc7,v2-S4-b001-g-bd62d2d752385cc7,S4,D5,16,7.62939453125e-05,4.11750992628768,P3_CONTINUATION_B4,COBYLA,2207,480,4,False,"[5.698741696704778, 4.093949542587866, 0.0, 2.421309056216148, 0.10642663591831496, 0.0]","[7.0195116715775425, 4.664787397942953, 0.45737341336297327, 2.4013236069009203, 0.292924793114246, -0.19073222187924968]","[7.0195116715775425, 4.664787397942953, 0.45737341336297327, 2.4013236069009203, 0.292924793114246, -0.19073222187924968]",1.5700904745513848,1.315641740253629,1.315641740253629,1.315641740253629,0.2544487342977559,0.2544487342977559,0.0112721749114478,0.0241218635088738,0.0241218635088738,0.0039003383357499,0.0076981680616326,0.0076981680616326,0.3460147102391745,0.3191365401267882,0.3191365401267882,2.1695176454314984,2.499920782009476,2.499920782009476,0.9999999999999992,1.000000000000001,1.000000000000001,0.1019436747553828,1.0811107583723545,0.132587307125891,1.2136980654982454,1.3156417402536285,-4.440892098500626e-16,0.0241218635088738,0.8474354257582979,0.0043979704534396,0.1240447402793899,0.9714801660376876,0.1284427107328296,1.000000000000001,OBJECTIVE_AND_FEASIBILITY_IMPROVE,480,480,1,481,3,Return from COBYLA because the objective function has been evaluated MAXFUN times.,False,True,25.7392054758966,155.26953125,SUCCESS,,4125a14ecf0cf9f70644007cd1634ecf6f1e07fa3cd07fca5698b5513f958820
diag-run-7ebcf240e4172af914df,task-v2-5d31ef4af595,g-bd62d2d752385cc7,v2-S4-b001-g-bd62d2d752385cc7,S4,D4,16,6.103515625e-05,4.214419939295737,P3_CONTINUATION_B2,COBYLA,3301,240,2,False,"[6.089635855056756, 1.270232980290997, 0.0, 2.5952946372317545, -0.34509165296780636, 0.0]","[7.058761641754777, 1.1872557879432992, 0.2294040205522125, 2.50262178528841, -0.0940773561456924, -0.05080692604188033]","[7.058761641754777, 1.1872557879432992, 0.2294040205522125, 2.50262178528841, -0.0940773561456924, -0.05080692604188033]",1.4537201462314218,1.3304213340466755,1.3304213340466755,1.3304213340466755,0.123298812184746,0.123298812184746,0.0052972315664891,0.0164116958273562,0.0164116958273562,0.0016164887921359,0.0052701102712904,0.0052701102712904,0.3051572829781611,0.3211191778552119,0.3211191778552119,1.9384688976665336,2.429573398496967,2.429573398496967,0.9999999999999978,1.000000000000001,1.000000000000001,0.0893299040183718,1.088916216968684,0.1521752130596202,1.2410914300283045,1.3304213340466764,6.661338147750939e-16,0.0164116958273562,0.8350678969079356,0.0037223697179003,0.1447980375468091,0.9798659344547448,0.1485204072647095,1.000000000000001,OBJECTIVE_AND_FEASIBILITY_IMPROVE,240,240,1,241,3,Return from COBYLA because the objective function has been evaluated MAXFUN times.,False,True,12.691164246760309,155.15625,SUCCESS,,4125a14ecf0cf9f70644007cd1634ecf6f1e07fa3cd07fca5698b5513f958820
diag-run-760e582081af097c4378,task-v2-5d31ef4af595,g-bd62d2d752385cc7,v2-S4-b001-g-bd62d2d752385cc7,S4,D4,16,6.103515625e-05,4.214419939295737,P3_CONTINUATION_B4,COBYLA,3301,480,4,False,"[6.089635855056756, 1.270232980290997, 0.0, 2.5952946372317545, -0.34509165296780636, 0.0]","[7.199381622984244, 1.0642978085378598, 0.4093616975959642, 2.5181340073809206, -0.10629205744194625, -0.07050987238694245]","[7.199381622984244, 1.0642978085378598, 0.4093616975959642, 2.5181340073809206, -0.10629205744194625, -0.07050987238694245]",1.4537201462314218,1.3229650304136311,1.3229650304136311,1.3229650304136311,0.1307551158177906,0.1307551158177906,0.0052972315664891,0.0169698877909363,0.0169698877909363,0.0016164887921359,0.0052849145253961,0.0052849145253961,0.3051572829781611,0.3114289611401449,0.3114289611401449,1.9384688976665336,2.444098909961186,2.444098909961186,0.9999999999999978,1.000000000000001,1.000000000000001,0.0867512653668738,1.0890594564357543,0.1471543086110052,1.2362137650467595,1.3229650304136336,2.4424906541753444e-15,0.0169698877909363,0.8399327432247709,0.0033866849072869,0.1397106840770071,0.979643427301778,0.1430973689842941,1.000000000000001,OBJECTIVE_AND_FEASIBILITY_IMPROVE,480,480,1,481,3,Return from COBYLA because the objective function has been evaluated MAXFUN times.,False,True,25.431587575003505,155.33203125,SUCCESS,,4125a14ecf0cf9f70644007cd1634ecf6f1e07fa3cd07fca5698b5513f958820
diag-run-ba1125499d6d7ecade69,task-v2-69173fedcdae,g-8a16a856f5377a40,v2-S3-b000-g-8a16a856f5377a40,S3,D7,13,0.0008544921875,3.0682919036174985,P3_CONTINUATION_B2,COBYLA,2207,240,2,False,"[1.0066855960067225, 6.737128967179567, 0.0, 2.8781035626707694, -0.5777751815110356, 0.0]","[0.5433659361022616, 6.753468337468632, 0.6469661454593065, 2.878167970483688, -0.41149118871028073, -0.18370596772520292]","[0.5433659361022616, 6.753468337468632, 0.6469661454593065, 2.878167970483688, -0.41149118871028073, -0.18370596772520292]",1.252634297757721,1.1779410590331572,1.1779410590331572,1.1779410590331572,0.0746932387245637,0.0746932387245637,0.0452609953912153,0.090472892299529,0.090472892299529,0.014108682627872,0.029622281537691,0.029622281537691,0.3117183461371785,0.3274160998370701,0.3274160998370701,1.724016004454913,2.0248103779802573,2.0248103779802573,0.999999999999999,0.9999999999999988,0.9999999999999988,0.0692075353614842,1.0162965000895063,0.0924370235821666,1.1087335236716729,1.1779410590331572,0.0,0.090472892299529,0.8187204868864926,0.0,0.0908066208139772,0.90952710770047,0.0908066208139772,0.9999999999999988,OBJECTIVE_AND_FEASIBILITY_IMPROVE,240,240,1,241,3,Return from COBYLA because the objective function has been evaluated MAXFUN times.,False,True,1.7153765503317118,155.26953125,SUCCESS,,4125a14ecf0cf9f70644007cd1634ecf6f1e07fa3cd07fca5698b5513f958820
diag-run-f074c8df471f1c93cfe9,task-v2-69173fedcdae,g-8a16a856f5377a40,v2-S3-b000-g-8a16a856f5377a40,S3,D7,13,0.0008544921875,3.0682919036174985,P3_CONTINUATION_B4,COBYLA,2207,480,4,False,"[1.0066855960067225, 6.737128967179567, 0.0, 2.8781035626707694, -0.5777751815110356, 0.0]","[0.4691863397056387, 6.673283336181647, 0.7678035038490272, 2.8662420176470804, -0.42659572498053744, -0.17787755688198542]","[0.4691863397056387, 6.673283336181647, 0.7678035038490272, 2.8662420176470804, -0.42659572498053744, -0.17787755688198542]",1.252634297757721,1.174900024167663,1.174900024167663,1.174900024167663,0.0777342735900579,0.0777342735900579,0.0452609953912153,0.0950931335698492,0.0950931335698492,0.014108682627872,0.0315192950109709,0.0315192950109709,0.3117183461371785,0.3314571076556109,0.3314571076556109,1.724016004454913,2.046441062401543,2.046441062401543,0.999999999999999,1.0000000000000004,1.0000000000000004,0.0703855065610759,1.012767478546828,0.0917470390597585,1.1045145176065865,1.1749000241676624,-6.661338147750939e-16,0.0950931335698492,0.8146846053779084,0.0,0.0902222610522427,0.9049068664301512,0.0902222610522427,1.0000000000000004,OBJECTIVE_AND_FEASIBILITY_IMPROVE,480,480,1,481,3,Return from COBYLA because the objective function has been evaluated MAXFUN times.,False,True,3.4016559943556786,155.26953125,SUCCESS,,4125a14ecf0cf9f70644007cd1634ecf6f1e07fa3cd07fca5698b5513f958820
diag-run-5f98abfb7c8dd7b1cf20,task-v2-6996479d6302,g-60667963f6db3f1b,v2-S2-b000-g-60667963f6db3f1b,S2,D4,10,0.00390625,2.4082399653118496,P3_CONTINUATION_B2,COBYLA,2207,240,2,False,"[6.357931285509614, 3.8449562185494717, 0.0, 2.6155911839506403, 0.12235468941507413, 0.0]","[6.272122026788139, 4.273180307988336, 0.23020801924745307, 2.6057991417339332, 0.31631264571581535, -0.19291157302192585]","[6.272122026788139, 4.273180307988336, 0.23020801924745307, 2.6057991417339332, 0.31631264571581535, -0.19291157302192585]",1.359232437207909,1.33086581115654,1.33086581115654,1.33086581115654,0.028366626051369,0.028366626051369,0.166007622981611,0.1808988761819973,0.1808988761819973,0.0554235551986498,0.0585444745211951,0.0585444745211951,0.3338615070995215,0.3236309465090051,0.3236309465090051,1.628367996381045,1.665675834164625,1.665675834164625,1.0000000000000009,1.0,1.0,0.11594562344359,1.073287917589652,0.1416322701232977,1.2149201877129496,1.3308658111565397,-2.220446049250313e-16,0.1808988761819973,0.6807917649605105,0.0,0.1383093588574921,0.8191011238180026,0.1383093588574921,1.0,OBJECTIVE_AND_FEASIBILITY_IMPROVE,240,240,1,241,3,Return from COBYLA because the objective function has been evaluated MAXFUN times.,False,True,0.7648562798276544,155.33203125,SUCCESS,,4125a14ecf0cf9f70644007cd1634ecf6f1e07fa3cd07fca5698b5513f958820
diag-run-29c2370076f0c6be0c11,task-v2-6996479d6302,g-60667963f6db3f1b,v2-S2-b000-g-60667963f6db3f1b,S2,D4,10,0.00390625,2.4082399653118496,P3_CONTINUATION_B4,COBYLA,2207,480,4,False,"[6.357931285509614, 3.8449562185494717, 0.0, 2.6155911839506403, 0.12235468941507413, 0.0]","[6.225614378150051, 4.337566571473012, 0.30548777467919963, 2.601170519971883, 0.40290352032768745, -0.2794436410238962]","[6.225614378150051, 4.337566571473012, 0.30548777467919963, 2.601170519971883, 0.40290352032768745, -0.2794436410238962]",1.359232437207909,1.3254204032651615,1.3254204032651615,1.3254204032651615,0.0338120339427474,0.0338120339427474,0.166007622981611,0.1845513421766268,0.1845513421766268,0.0554235551986498,0.0603581284115089,0.0603581284115089,0.3338615070995215,0.3270533158937555,0.3270533158937555,1.628367996381045,1.6743571733251466,1.6743571733251466,1.0000000000000009,1.000000000000001,1.000000000000001,0.1151927468126668,1.070580373026619,0.1396472834258756,1.2102276564524947,1.3254204032651615,0.0,0.1845513421766268,0.6790882449891239,0.0,0.1363604128342504,0.8154486578233743,0.1363604128342504,1.000000000000001,OBJECTIVE_AND_FEASIBILITY_IMPROVE,480,480,1,481,3,Return from COBYLA because the objective function has been evaluated MAXFUN times.,False,True,1.537643874064088,155.33203125,SUCCESS,,4125a14ecf0cf9f70644007cd1634ecf6f1e07fa3cd07fca5698b5513f958820
diag-run-1298583f094bc8a36bea,task-v2-606c43f06406,g-3ff7063ef9ea5cfb,v2-S4-b000-g-3ff7063ef9ea5cfb,S4,D4,16,6.103515625e-05,4.214419939295737,P3_CONTINUATION_B2,COBYLA,1103,240,2,False,"[2.4084554011520796, 4.963910099709779, 0.0, 3.2261732434850257, -0.8010686431749112, 0.0]","[2.9199017769343505, 4.765421567637133, -0.8970291994160338, 3.1511295152905365, -0.8844778632237956, 0.16638225382551958]","[2.9199017769343505, 4.765421567637133, -0.8970291994160338, 3.1511295152905365, -0.8844778632237956, 0.16638225382551958]",1.618351920785332,1.4850651944399529,1.4850651944399529,1.4850651944399529,0.1332867263453792,0.1332867263453792,0.0039036974597187,0.0089848799341612,0.0089848799341612,0.0013724131225755,0.0024996722928351,0.0024996722928351,0.3515674912661995,0.2782087586202685,0.2782087586202685,1.8058960913574915,2.167932217259411,2.167932217259411,0.9999999999999968,0.9999999999999984,0.9999999999999984,0.0785732172527562,1.0922789304404803,0.3142130467467166,1.4064919771871969,1.485065194439953,4.440892098500626e-16,0.0089848799341612,0.6846593765395786,0.0054353150800287,0.3009204284462295,0.9855798049858082,0.3063557435262583,0.999999999999998,OBJECTIVE_AND_FEASIBILITY_IMPROVE,240,240,1,241,3,Return from COBYLA because the objective function has been evaluated MAXFUN times.,False,True,13.157737009227276,155.26953125,SUCCESS,,4125a14ecf0cf9f70644007cd1634ecf6f1e07fa3cd07fca5698b5513f958820
diag-run-0b92ccc00014a89fb28f,task-v2-606c43f06406,g-3ff7063ef9ea5cfb,v2-S4-b000-g-3ff7063ef9ea5cfb,S4,D4,16,6.103515625e-05,4.214419939295737,P3_CONTINUATION_B4,COBYLA,1103,480,4,False,"[2.4084554011520796, 4.963910099709779, 0.0, 3.2261732434850257, -0.8010686431749112, 0.0]","[2.74802151146092, 4.647079008746398, -1.2278517825033193, 3.156616690930603, -0.8375229897380577, 0.15277869626679966]","[2.74802151146092, 4.647079008746398, -1.2278517825033193, 3.156616690930603, -0.8375229897380577, 0.15277869626679966]",1.618351920785332,1.46193114334223,1.46193114334223,1.46193114334223,0.1564207774431019,0.1564207774431019,0.0039036974597187,0.0121574512873391,0.0121574512873391,0.0013724131225755,0.0035123730929926,0.0035123730929926,0.3515674912661995,0.2889070258213165,0.2889070258213165,1.8058960913574915,2.2992624774016983,2.2992624774016983,0.9999999999999968,0.9999999999999998,0.9999999999999998,0.0797806678626224,1.0841976934011106,0.2979527820784969,1.3821504754796077,1.46193114334223,0.0,0.0121574512873391,0.6971573338859698,0.0073731529447654,0.2833120618819253,0.9804693957678952,0.2906852148266908,0.9999999999999998,OBJECTIVE_AND_FEASIBILITY_IMPROVE,480,480,1,481,3,Return from COBYLA because the objective function has been evaluated MAXFUN times.,False,True,26.335164615884423,155.29296875,SUCCESS,,4125a14ecf0cf9f70644007cd1634ecf6f1e07fa3cd07fca5698b5513f958820
diag-run-6182b98e883f749362e2,task-v2-73f419868dc6,g-553bb3c5ba0f2136,v2-S1-b001-g-553bb3c5ba0f2136,S1,D3,7,0.0234375,1.630088714928206,P3_CONTINUATION_B2,COBYLA,1103,240,2,False,"[1.7438488525076061, 4.877360859857171, 0.0, 3.125380496550806, -0.4764872455989399, 0.0]","[1.623620953397948, 4.827779252802025, -0.40633849999842075, 3.116886733950527, -0.669223061703947, 0.22458204931691111]","[1.623620953397948, 4.827779252802025, -0.40633849999842075, 3.116886733950527, -0.669223061703947, 0.22458204931691111]",1.16418401734986,1.1065341418751495,1.1065341418751495,1.1065341418751495,0.0576498754747103,0.0576498754747103,0.2692989412267526,0.3029750058558684,0.3029750058558684,0.1084846192300934,0.1205637533322878,0.1205637533322878,0.4028408679807927,0.3979330010794439,0.3979330010794439,1.060323360874871,1.111495517468128,1.111495517468128,0.9999999999999992,1.0000000000000018,1.0000000000000018,0.0742415483428667,0.8992258099488643,0.1330667835834184,1.0322925935322826,1.1065341418751495,0.0,0.3029750058558684,0.5675325623499526,0.0,0.1294924317941805,0.6970249941441333,0.1294924317941805,1.0000000000000016,OBJECTIVE_AND_FEASIBILITY_IMPROVE,240,240,1,241,3,Return from COBYLA because the objective function has been evaluated MAXFUN times.,False,True,0.6365066971629858,155.29296875,SUCCESS,,4125a14ecf0cf9f70644007cd1634ecf6f1e07fa3cd07fca5698b5513f958820
diag-run-2e5dc0e8b2d35d7883ac,task-v2-73f419868dc6,g-553bb3c5ba0f2136,v2-S1-b001-g-553bb3c5ba0f2136,S1,D3,7,0.0234375,1.630088714928206,P3_CONTINUATION_B4,COBYLA,1103,480,4,False,"[1.7438488525076061, 4.877360859857171, 0.0, 3.125380496550806, -0.4764872455989399, 0.0]","[1.3262368179899946, 4.920812084821406, -1.0526376169978995, 3.052320074980001, -0.47823305053782617, 0.21760959040311864]","[1.3262368179899946, 4.920812084821406, -1.0526376169978995, 3.052320074980001, -0.47823305053782617, 0.21760959040311864]",1.16418401734986,1.0489845584814803,1.0489845584814803,1.0489845584814803,0.1151994588683795,0.1151994588683795,0.2692989412267526,0.3392149162480248,0.3392149162480248,0.1084846192300934,0.1289739315966239,0.1289739315966239,0.4028408679807927,0.3802130313819149,0.3802130313819149,1.060323360874871,1.1605636561006674,1.1605636561006674,0.9999999999999992,0.9999999999999996,0.9999999999999996,0.0757578385562323,0.8636959548243619,0.1095307651008859,0.9732267199252478,1.0489845584814803,0.0,0.3392149162480248,0.5547651817628739,0.0,0.1060199019891008,0.6607850837519746,0.1060199019891008,0.9999999999999996,OBJECTIVE_AND_FEASIBILITY_IMPROVE,480,480,1,481,3,Return from COBYLA because the objective function has been evaluated MAXFUN times.,False,True,1.236015641130507,155.29296875,SUCCESS,,4125a14ecf0cf9f70644007cd1634ecf6f1e07fa3cd07fca5698b5513f958820
diag-run-a7a767ed8f61549ec340,task-v2-420d9636beee,g-e0c69f84d376b633,v2-S5-b001-g-e0c69f84d376b633,S5,D1,19,1.9073486328125e-06,5.719569917615643,P3_CONTINUATION_B2,COBYLA,1103,240,2,False,"[4.612840705462802, 4.410757818983318, 0.0, 0.5539584149385368, -1.1370973824703121, 0.0]","[5.060991181073298, 5.5521247911459, 0.9945621568471439, 0.7877225702750411, -1.112016211074556, -0.1385417995921721]","[5.060991181073298, 5.5521247911459, 0.9945621568471439, 0.7877225702750411, -1.112016211074556, -0.1385417995921721]",1.6363143864257583,1.3891161659128797,1.3891161659128797,1.3891161659128797,0.2471982205128791,0.2471982205128791,0.0008834380034333,0.0027419387060167,0.0027419387060167,0.0008834380034333,0.0027419387060167,0.0027419387060167,1.0,1.0,1.0,2.6657459952710743,3.1576276598502298,3.1576276598502298,1.0000000000000009,0.9999999999999988,0.9999999999999988,0.046925632981679,1.0791544284482018,0.2630361044829987,1.3421905329312005,1.3891161659128797,0.0,0.0027419387060167,0.7371854749172593,0.0033602788271246,0.2567123075495985,0.9938977824668576,0.2600725863767231,0.9999999999999992,OBJECTIVE_AND_FEASIBILITY_IMPROVE,240,240,1,241,3,Return from COBYLA because the objective function has been evaluated MAXFUN times.,False,True,244.25675628706813,207.0703125,SUCCESS,,4125a14ecf0cf9f70644007cd1634ecf6f1e07fa3cd07fca5698b5513f958820
diag-run-e01927999889dd0cb3f8,task-v2-420d9636beee,g-e0c69f84d376b633,v2-S5-b001-g-e0c69f84d376b633,S5,D1,19,1.9073486328125e-06,5.719569917615643,P3_CONTINUATION_B4,COBYLA,1103,480,4,False,"[4.612840705462802, 4.410757818983318, 0.0, 0.5539584149385368, -1.1370973824703121, 0.0]","[5.043491567809786, 5.740884314590889, 1.2091898172066171, 0.8087991792498053, -1.1364160711225937, -0.1274286535578883]","[5.043491567809786, 5.740884314590889, 1.2091898172066171, 0.8087991792498053, -1.1364160711225937, -0.1274286535578883]",1.6363143864257583,1.3759652496355217,1.3759652496355217,1.3759652496355217,0.2603491367902371,0.2603491367902371,0.0008834380034333,0.0027524099670792,0.0027524099670792,0.0008834380034333,0.0027524099670792,0.0027524099670792,1.0,1.0,1.0,2.6657459952710743,3.159283039468264,3.159283039468264,1.0000000000000009,0.9999999999999966,0.9999999999999966,0.0468613382832002,1.0788069644251457,0.2502969469271727,1.3291039113523184,1.3759652496355186,-2.886579864025407e-15,0.0027524099670792,0.7498790660657976,0.0033939422759362,0.2439745816911837,0.993853647756981,0.2473685239671199,0.9999999999999968,OBJECTIVE_AND_FEASIBILITY_IMPROVE,480,480,1,481,3,Return from COBYLA because the objective function has been evaluated MAXFUN times.,False,True,514.0396018223837,208.625,SUCCESS,,4125a14ecf0cf9f70644007cd1634ecf6f1e07fa3cd07fca5698b5513f958820
diag-run-b61674eeba257c284819,task-v2-4746dcc3bd93,g-a87f1b9ac089cc45,v2-S5-b000-g-a87f1b9ac089cc45,S5,D1,19,1.9073486328125e-06,5.719569917615643,P3_CONTINUATION_B2,COBYLA,1103,240,2,False,"[3.8102321809137987, 6.314816841899302, 0.0, 3.5202669297640834, -0.9771540043965765, 0.0]","[4.731080090260499, 7.287995404729159, 0.9596931299329416, 3.8277635693345067, -0.9425950211394388, -0.15337509663798687]","[4.731080090260499, 7.287995404729159, 0.9596931299329416, 3.8277635693345067, -0.9425950211394388, -0.15337509663798687]",1.5411848323389508,1.2460692555575288,1.2460692555575288,1.2460692555575288,0.295115576781422,0.295115576781422,0.0013405078361813,0.0019150671869625,0.0019150671869625,0.0013405078361813,0.0019150671869625,0.0019150671869625,1.0,1.0,1.0,2.846839274689028,3.00175393269064,3.00175393269064,1.0000000000000004,0.9999999999999996,0.9999999999999996,0.0406020180514589,1.061635945555955,0.1438312919501088,1.2054672375060638,1.2460692555575228,-5.9952043329758445e-15,0.0019150671869625,0.8560936383972197,0.0013853856646144,0.1406059087512026,0.9966995471484223,0.141991294415817,0.9999999999999992,OBJECTIVE_AND_FEASIBILITY_IMPROVE,240,240,1,241,3,Return from COBYLA because the objective function has been evaluated MAXFUN times.,False,True,246.7050232551992,207.09765625,SUCCESS,,4125a14ecf0cf9f70644007cd1634ecf6f1e07fa3cd07fca5698b5513f958820
diag-run-77335390b9df8454a48c,task-v2-4746dcc3bd93,g-a87f1b9ac089cc45,v2-S5-b000-g-a87f1b9ac089cc45,S5,D1,19,1.9073486328125e-06,5.719569917615643,P3_CONTINUATION_B4,COBYLA,1103,480,4,False,"[3.8102321809137987, 6.314816841899302, 0.0, 3.5202669297640834, -0.9771540043965765, 0.0]","[5.013398316077133, 7.528369381103679, 1.1273326081245016, 3.861703553394814, -0.99333748205116, -0.13848569606277444]","[5.013398316077133, 7.528369381103679, 1.1273326081245016, 3.861703553394814, -0.99333748205116, -0.13848569606277444]",1.5411848323389508,1.224726052045468,1.224726052045468,1.224726052045468,0.3164587802934828,0.3164587802934828,0.0013405078361813,0.0014948598232751,0.0014948598232751,0.0013405078361813,0.0014948598232751,0.0014948598232751,1.0,1.0,1.0,2.846839274689028,2.894170387311321,2.894170387311321,1.0000000000000004,0.9999999999999996,0.9999999999999996,0.0391116301038013,1.0613928589058237,0.1242215630358403,1.1856144219416638,1.224726052045465,-2.886579864025407e-15,0.0014948598232751,0.8758659478138539,0.0008889936604542,0.1217501987024165,0.9976161465162704,0.1226391923628707,0.9999999999999998,OBJECTIVE_AND_FEASIBILITY_IMPROVE,480,480,1,481,3,Return from COBYLA because the objective function has been evaluated MAXFUN times.,False,True,510.0143380491063,208.63671875,SUCCESS,,4125a14ecf0cf9f70644007cd1634ecf6f1e07fa3cd07fca5698b5513f958820
diag-run-571867d19816b500121b,task-v2-11173062a501,g-a87f1b9ac089cc45,v2-S5-b000-g-a87f1b9ac089cc45,S5,D5,19,1.1444091796875e-05,4.941418667231999,P3_CONTINUATION_B2,COBYLA,1103,240,2,False,"[3.1749066575287777, 5.437569107023978, 0.0, 3.4120280287950466, -0.890396999791317, 0.0]","[4.82977518746098, 6.634139885968139, 1.1887198125305156, 3.774648874134752, -0.913126232096376, -0.1256735226018941]","[4.82977518746098, 6.634139885968139, 1.1887198125305156, 3.774648874134752, -0.913126232096376, -0.1256735226018941]",1.5637343724398405,1.2118252848788127,1.2118252848788127,1.2118252848788127,0.3519090875610278,0.3519090875610278,0.0031708231760073,0.0096019104079707,0.0096019104079707,0.0013883516769821,0.0043503903843717,0.0043503903843717,0.4378521285852194,0.4530755026375161,0.4530755026375161,2.44259069108644,2.923776316635875,2.923776316635875,0.999999999999998,1.000000000000001,1.000000000000001,0.0603156906964089,1.0708131992254204,0.0806963949569804,1.1515095941824007,1.2118252848788098,-2.886579864025407e-15,0.0096019104079707,0.911099525956348,0.000443218503088,0.0788553451325944,0.9899548710889422,0.0792985636356824,1.000000000000001,OBJECTIVE_AND_FEASIBILITY_IMPROVE,240,240,1,241,3,Return from COBYLA because the objective function has been evaluated MAXFUN times.,False,True,244.91423666477203,204.54296875,SUCCESS,,4125a14ecf0cf9f70644007cd1634ecf6f1e07fa3cd07fca5698b5513f958820
diag-run-2276d6cab4a9bb63832e,task-v2-11173062a501,g-a87f1b9ac089cc45,v2-S5-b000-g-a87f1b9ac089cc45,S5,D5,19,1.1444091796875e-05,4.941418667231999,P3_CONTINUATION_B4,COBYLA,1103,480,4,False,"[3.1749066575287777, 5.437569107023978, 0.0, 3.4120280287950466, -0.890396999791317, 0.0]","[5.3223738011957495, 6.8889736416881275, 1.2466061184685928, 3.8124489013771696, -0.9706766799896307, -0.12365507926244702]","[5.3223738011957495, 6.8889736416881275, 1.2466061184685928, 3.8124489013771696, -0.9706766799896307, -0.12365507926244702]",1.5637343724398405,1.1847513916532588,1.1847513916532588,1.1847513916532588,0.3789829807865816,0.3789829807865816,0.0031708231760073,0.0076088492667084,0.0076088492667084,0.0013883516769821,0.0036638441783337,0.0036638441783337,0.4378521285852194,0.4815240846423964,0.4815240846423964,2.44259069108644,2.8227376479306328,2.8227376479306328,0.999999999999998,1.0000000000000004,1.0000000000000004,0.0549129196120118,1.0693593960920125,0.0604790759492362,1.1298384720412489,1.1847513916532604,1.5543122344752197e-15,0.0076088492667084,0.9329300805609376,0.0002314819744644,0.05922958819789,0.9921596687588276,0.0594610701723545,1.0000000000000004,OBJECTIVE_AND_FEASIBILITY_IMPROVE,480,480,1,481,3,Return from COBYLA because the objective function has been evaluated MAXFUN times.,False,True,516.9405903210863,209.62109375,SUCCESS,,4125a14ecf0cf9f70644007cd1634ecf6f1e07fa3cd07fca5698b5513f958820
diag-run-7a0925ca19e9fa4d863a,task-v2-8792ce3c54d5,g-a712031e7959d564,v2-S3-b001-g-a712031e7959d564,S3,D1,13,0.0001220703125,3.9133899436317554,P3_CONTINUATION_B2,COBYLA,2207,240,2,False,"[5.0029460925648035, 3.979640214938352, 0.0, 2.389496325220441, 0.14849377373478165, 0.0]","[5.845024069001269, 4.146941001601841, -0.0022122641029575256, 2.411320702927396, 0.15943793962764585, -0.015301996128484865]","[5.845024069001269, 4.146941001601841, -0.0022122641029575256, 2.411320702927396, 0.15943793962764585, -0.015301996128484865]",1.6704437635456042,1.590720778349683,1.590720778349683,1.590720778349683,0.0797229851959211,0.0797229851959211,0.0063657223241751,0.0104371312689123,0.0104371312689123,0.0063657223241751,0.0104371312689123,0.0104371312689123,1.0,1.0,1.0,1.7172376341987676,1.9319710893013409,1.9319710893013409,1.0000000000000016,0.9999999999999992,0.9999999999999992,0.0532555367246839,1.0839599259085233,0.4535053157164759,1.5374652416249992,1.590720778349683,0.0,0.0104371312689123,0.5569449719403639,0.0548527790141409,0.377765117776582,0.934710089716946,0.432617896790723,0.9999999999999992,OBJECTIVE_AND_FEASIBILITY_IMPROVE,240,240,1,241,3,Return from COBYLA because the objective function has been evaluated MAXFUN times.,False,True,1.7548048701137304,208.63671875,SUCCESS,,4125a14ecf0cf9f70644007cd1634ecf6f1e07fa3cd07fca5698b5513f958820
diag-run-06279fc90513f4287807,task-v2-8792ce3c54d5,g-a712031e7959d564,v2-S3-b001-g-a712031e7959d564,S3,D1,13,0.0001220703125,3.9133899436317554,P3_CONTINUATION_B4,COBYLA,2207,480,4,False,"[5.0029460925648035, 3.979640214938352, 0.0, 2.389496325220441, 0.14849377373478165, 0.0]","[6.123590228174915, 4.232922970852432, -0.027283813341192665, 2.4155680992966184, 0.12833090175963088, 0.013520844200052394]","[6.123590228174915, 4.232922970852432, -0.027283813341192665, 2.4155680992966184, 0.12833090175963088, 0.013520844200052394]",1.6704437635456042,1.5796104235271096,1.5796104235271096,1.5796104235271096,0.0908333400184946,0.0908333400184946,0.0063657223241751,0.0120812344042822,0.0120812344042822,0.0063657223241751,0.0120812344042822,0.0120812344042822,1.0,1.0,1.0,1.7172376341987676,1.995501254372119,1.995501254372119,1.0000000000000016,1.0,1.0,0.0515021574956559,1.078527167992663,0.4495810980387904,1.528108266031453,1.5796104235271091,-4.440892098500626e-16,0.0120812344042822,0.5582366719293905,0.055136304728978,0.3745457889373492,0.9327824608667395,0.4296820936663273,1.0,OBJECTIVE_AND_FEASIBILITY_IMPROVE,480,480,1,481,3,Return from COBYLA because the objective function has been evaluated MAXFUN times.,False,True,3.5620582811534405,208.63671875,SUCCESS,,4125a14ecf0cf9f70644007cd1634ecf6f1e07fa3cd07fca5698b5513f958820
diag-run-5d658825715ef536d30e,task-v2-8c0a098a6f8b,g-a712031e7959d564,v2-S3-b001-g-a712031e7959d564,S3,D7,13,0.0008544921875,3.0682919036174985,P3_CONTINUATION_B2,COBYLA,2207,240,2,False,"[1.3488180561191172, 6.360526345375118, 0.0, 2.7133820627201475, -0.48986656290072805, 0.0]","[0.49296984538216737, 6.545229813379338, -0.9605166336930971, 2.848488979646786, -0.6643759525338686, 0.15336177010731392]","[0.49296984538216737, 6.545229813379338, -0.9605166336930971, 2.848488979646786, -0.6643759525338686, 0.15336177010731392]",1.2850374712580763,1.157452449258194,1.157452449258194,1.157452449258194,0.1275850219998824,0.1275850219998824,0.0516444172323505,0.119771716779445,0.119771716779445,0.007742839323689,0.022014777224918,0.022014777224918,0.1499259695167754,0.1838061423587787,0.1838061423587787,1.7813152847252764,2.146646178291801,2.146646178291801,0.9999999999999998,0.9999999999999996,0.9999999999999996,0.0551745190794005,0.9938859062713524,0.1083920239074404,1.102277930178793,1.1574524492581937,-2.220446049250313e-16,0.119771716779445,0.7742246344507238,0.0,0.1060036487698307,0.8802282832205546,0.1060036487698307,0.9999999999999996,OBJECTIVE_AND_FEASIBILITY_IMPROVE,240,240,1,241,3,Return from COBYLA because the objective function has been evaluated MAXFUN times.,False,True,1.784706061705947,208.63671875,SUCCESS,,4125a14ecf0cf9f70644007cd1634ecf6f1e07fa3cd07fca5698b5513f958820
diag-run-3828b3c4bfa6c66603e2,task-v2-8c0a098a6f8b,g-a712031e7959d564,v2-S3-b001-g-a712031e7959d564,S3,D7,13,0.0008544921875,3.0682919036174985,P3_CONTINUATION_B4,COBYLA,2207,480,4,False,"[1.3488180561191172, 6.360526345375118, 0.0, 2.7133820627201475, -0.48986656290072805, 0.0]","[0.387367880678393, 6.483505423514087, -1.2854483085628343, 2.8275320502657437, -0.6323738783781525, 0.15124322729460685]","[0.387367880678393, 6.483505423514087, -1.2854483085628343, 2.8275320502657437, -0.6323738783781525, 0.15124322729460685]",1.2850374712580763,1.1468871628366497,1.1468871628366497,1.1468871628366497,0.1381503084214268,0.1381503084214268,0.0516444172323505,0.1363514941625437,0.1363514941625437,0.007742839323689,0.025818283020312,0.025818283020312,0.1499259695167754,0.1893509358213138,0.1893509358213138,1.7813152847252764,2.2029518049930013,2.2029518049930013,0.9999999999999998,1.0,1.0,0.0584592437154797,0.9784262354305112,0.1100016836906583,1.0884279191211697,1.1468871628366493,-2.220446049250313e-16,0.1363514941625438,0.7561341611538848,0.0,0.1075143446835716,0.8636485058374563,0.1075143446835716,1.0000000000000002,OBJECTIVE_AND_FEASIBILITY_IMPROVE,480,480,1,481,3,Return from COBYLA because the objective function has been evaluated MAXFUN times.,False,True,3.5744567895308137,208.63671875,SUCCESS,,4125a14ecf0cf9f70644007cd1634ecf6f1e07fa3cd07fca5698b5513f958820
diag-run-7626f2fdcf085aa0775f,task-v2-8f4071cbe937,g-8a16a856f5377a40,v2-S3-b000-g-8a16a856f5377a40,S3,D2,13,0.000244140625,3.612359947967774,P3_CONTINUATION_B2,COBYLA,1103,240,2,False,"[2.1168240366329436, 4.723762899386075, 0.0, 3.256906727770692, -0.7870703560194641, 0.0]","[2.1161073558906165, 4.513419541413337, -0.7514781211896742, 3.2252803739217315, -0.924283551129821, 0.19822120486329645]","[2.1161073558906165, 4.513419541413337, -0.7514781211896742, 3.2252803739217315, -0.924283551129821, 0.19822120486329645]",1.553451696088962,1.4624365623603526,1.4624365623603526,1.4624365623603526,0.0910151337286093,0.0910151337286093,0.0063045427600074,0.0126409893610916,0.0126409893610916,0.0030173718268976,0.0060470783117035,0.0060470783117035,0.4786028014653404,0.4783706511387563,0.4783706511387563,1.4120135426030578,1.7141410137850115,1.7141410137850115,1.0000000000000002,0.9999999999999986,0.9999999999999986,0.0602379868125425,1.080890546164176,0.3213080293836333,1.4021985755478092,1.462436562360352,-6.661338147750939e-16,0.0126409893610916,0.6762036880066835,0.0275936764871168,0.2835616461451064,0.95976533415179,0.3111553226322232,0.9999999999999984,OBJECTIVE_AND_FEASIBILITY_IMPROVE,240,240,1,241,3,Return from COBYLA because the objective function has been evaluated MAXFUN times.,False,True,1.7750141434371471,208.63671875,SUCCESS,,4125a14ecf0cf9f70644007cd1634ecf6f1e07fa3cd07fca5698b5513f958820
diag-run-848a19d5c118036b7406,task-v2-8f4071cbe937,g-8a16a856f5377a40,v2-S3-b000-g-8a16a856f5377a40,S3,D2,13,0.000244140625,3.612359947967774,P3_CONTINUATION_B4,COBYLA,1103,480,4,False,"[2.1168240366329436, 4.723762899386075, 0.0, 3.256906727770692, -0.7870703560194641, 0.0]","[1.9611845918514819, 4.221696817539652, -1.2109939531094833, 3.241082678190162, -0.8198796274781441, 0.15351706277365576]","[1.9611845918514819, 4.221696817539652, -1.2109939531094833, 3.241082678190162, -0.8198796274781441, 0.15351706277365576]",1.553451696088962,1.4280381845886838,1.4280381845886838,1.4280381845886838,0.1254135115002781,0.1254135115002781,0.0063045427600074,0.0193419852752114,0.0193419852752114,0.0030173718268976,0.0091531062803102,0.0091531062803102,0.4786028014653404,0.4732247569250704,0.4732247569250704,1.4120135426030578,1.898860996299026,1.898860996299026,1.0000000000000002,0.9999999999999998,0.9999999999999998,0.0638083979954348,1.0552985310944274,0.3089312554988218,1.3642297865932491,1.4280381845886845,4.440892098500626e-16,0.0193419852752114,0.6811668386107095,0.040722802612316,0.2587683735017629,0.9399352121124724,0.299491176114079,1.0,OBJECTIVE_AND_FEASIBILITY_IMPROVE,480,480,1,481,3,Return from COBYLA because the objective function has been evaluated MAXFUN times.,False,True,3.592482754960656,208.63671875,SUCCESS,,4125a14ecf0cf9f70644007cd1634ecf6f1e07fa3cd07fca5698b5513f958820
diag-run-7727a617459d3a3baa8d,task-v2-526a936f38d9,g-e0c69f84d376b633,v2-S5-b001-g-e0c69f84d376b633,S5,D4,19,7.62939453125e-06,5.11750992628768,P3_CONTINUATION_B2,COBYLA,1103,240,2,False,"[4.546961637857658, 3.7207730821589418, 0.0, 0.4932665102013446, -1.1240530393861021, 0.0]","[5.147528076473478, 4.791024064267474, 0.8072621389515645, 0.7438695977652581, -1.1038273236063905, -0.14792353883883952]","[5.147528076473478, 4.791024064267474, 0.8072621389515645, 0.7438695977652581, -1.1038273236063905, -0.14792353883883952]",1.5713309703445288,1.330573884077356,1.330573884077356,1.330573884077356,0.2407570862671728,0.2407570862671728,0.0028269043281469,0.0085917784394414,0.0085917784394414,0.0006836105127935,0.0019401910745547,0.0019401910745547,0.2418230097095916,0.2258194957225746,0.2258194957225746,2.5688210370549065,3.0515929954149645,3.0515929954149645,0.9999999999999978,1.000000000000001,1.000000000000001,0.0538616887239486,1.078505045748023,0.1982071496053871,1.2767121953534102,1.3305738840773589,2.886579864025407e-15,0.0085917784394414,0.7955370161935067,0.0020018406346541,0.1938693647323991,0.989406380925906,0.1958712053670533,1.000000000000001,OBJECTIVE_AND_FEASIBILITY_IMPROVE,240,240,1,241,3,Return from COBYLA because the objective function has been evaluated MAXFUN times.,False,True,250.3626592978835,207.50390625,SUCCESS,,4125a14ecf0cf9f70644007cd1634ecf6f1e07fa3cd07fca5698b5513f958820
diag-run-967fe55a498d20027241,task-v2-526a936f38d9,g-e0c69f84d376b633,v2-S5-b001-g-e0c69f84d376b633,S5,D4,19,7.62939453125e-06,5.11750992628768,P3_CONTINUATION_B4,COBYLA,1103,480,4,False,"[4.546961637857658, 3.7207730821589418, 0.0, 0.4932665102013446, -1.1240530393861021, 0.0]","[5.07961425623681, 4.984295632784159, 1.0936085075793691, 0.7720231418704758, -1.1390319531986068, -0.13311178730723525]","[5.07961425623681, 4.984295632784159, 1.0936085075793691, 0.7720231418704758, -1.1390319531986068, -0.13311178730723525]",1.5713309703445288,1.3078320523827598,1.3078320523827598,1.3078320523827598,0.263498917961769,0.263498917961769,0.0028269043281469,0.0095343034057297,0.0095343034057297,0.0006836105127935,0.0020646200355633,0.0020646200355633,0.2418230097095916,0.2165465003266622,0.2165465003266622,2.5688210370549065,3.096798894451138,3.096798894451138,0.9999999999999978,1.0000000000000004,1.0000000000000004,0.0539121431352144,1.0771051046558937,0.1768148045916557,1.2539199092475493,1.3078320523827638,3.9968028886505635e-15,0.0095343034057297,0.8159085844839042,0.0020518848972435,0.1725052272131228,0.9884138116970272,0.1745571121103664,1.0000000000000004,OBJECTIVE_AND_FEASIBILITY_IMPROVE,480,480,1,481,3,Return from COBYLA because the objective function has been evaluated MAXFUN times.,False,True,514.5705465478823,209.00390625,SUCCESS,,4125a14ecf0cf9f70644007cd1634ecf6f1e07fa3cd07fca5698b5513f958820
diag-run-497c8fe3d8cbcdd510d1,task-v2-a0f813383468,g-60667963f6db3f1b,v2-S2-b000-g-60667963f6db3f1b,S2,D3,10,0.0029296875,2.533178701920149,P3_CONTINUATION_B2,COBYLA,2207,240,2,False,"[1.448251790673219, 6.460818290119395, 0.0, 2.427962575891561, -0.4227616333666228, 0.0]","[1.1371345052715154, 6.367408969720445, 0.4780525977232157, 2.3692584504712584, -0.30826055761149646, -0.13727155509804548]","[1.1371345052715154, 6.367408969720445, 0.4780525977232157, 2.3692584504712584, -0.30826055761149646, -0.13727155509804548]",1.4862253921164332,1.438025353047643,1.438025353047643,1.438025353047643,0.0482000390687902,0.0482000390687902,0.0565617081331557,0.0951604807438198,0.0951604807438198,0.0174692452770211,0.0345663411759442,0.0345663411759442,0.308852859179846,0.3632426077060261,0.3632426077060261,1.285701218366742,1.5116353293150206,1.5116353293150206,0.9999999999999992,0.9999999999999992,0.9999999999999992,0.0793393325486653,1.1267556821459557,0.2319303383530218,1.3586860204989777,1.4380253530476428,-2.220446049250313e-16,0.0951604807438198,0.6836282317386648,0.0095196355349942,0.2116916519825201,0.8953198837211851,0.2212112875175144,0.9999999999999992,OBJECTIVE_AND_FEASIBILITY_IMPROVE,240,240,1,241,3,Return from COBYLA because the objective function has been evaluated MAXFUN times.,False,True,0.784950029104948,209.00390625,SUCCESS,,4125a14ecf0cf9f70644007cd1634ecf6f1e07fa3cd07fca5698b5513f958820
diag-run-3040f26c8643c6da5689,task-v2-a0f813383468,g-60667963f6db3f1b,v2-S2-b000-g-60667963f6db3f1b,S2,D3,10,0.0029296875,2.533178701920149,P3_CONTINUATION_B4,COBYLA,2207,480,4,False,"[1.448251790673219, 6.460818290119395, 0.0, 2.427962575891561, -0.4227616333666228, 0.0]","[1.0427899979799848, 6.275814195300052, 0.8971666640010093, 2.2964201885046687, -0.3755237370102599, -0.1258017322951911]","[1.0427899979799848, 6.275814195300052, 0.8971666640010093, 2.2964201885046687, -0.3755237370102599, -0.1258017322951911]",1.4862253921164332,1.4167136051152,1.4167136051152,1.4167136051152,0.0695117870012331,0.0695117870012331,0.0565617081331557,0.1199962132398941,0.1199962132398941,0.0174692452770211,0.0469459475557076,0.0469459475557076,0.308852859179846,0.3912285753705758,0.3912285753705758,1.285701218366742,1.6123462430097153,1.6123462430097153,0.9999999999999992,1.0000000000000009,1.0000000000000009,0.0824690134425956,1.1007618422049028,0.2334827494677013,1.3342445916726042,1.4167136051151998,-2.220446049250313e-16,0.1199962132398941,0.6565066309187124,0.012457335313215,0.2110398205281791,0.8675464514468916,0.2234971558413941,1.0000000000000009,OBJECTIVE_AND_FEASIBILITY_IMPROVE,480,480,1,481,3,Return from COBYLA because the objective function has been evaluated MAXFUN times.,False,True,1.5690180603414774,209.00390625,SUCCESS,,4125a14ecf0cf9f70644007cd1634ecf6f1e07fa3cd07fca5698b5513f958820
diag-run-44361e65359840b82054,task-v2-5f165c277bb9,g-e0c69f84d376b633,v2-S5-b001-g-e0c69f84d376b633,S5,D6,19,1.52587890625e-05,4.816479930623699,P3_CONTINUATION_B2,COBYLA,3301,240,2,False,"[4.476824248759472, 3.5317757914776675, 0.0, 3.1776539669668233, -0.7687144975486355, 0.0]","[4.942783030319368, 3.408516173121372, 0.4854839834605547, 3.129434937029976, -0.5446803509307137, -0.18203513087096082]","[4.942783030319368, 3.408516173121372, 0.4854839834605547, 3.129434937029976, -0.5446803509307137, -0.18203513087096082]",1.4855773001892705,1.420560803378169,1.420560803378169,1.420560803378169,0.0650164968111015,0.0650164968111015,0.0090981600918224,0.020188779998005,0.020188779998005,0.002091314957879,0.0042341319864423,0.0042341319864423,0.2298613056675851,0.2097269863191727,0.2097269863191727,2.7754335050590946,3.1215900060733786,3.1215900060733786,0.9999999999999996,0.999999999999999,0.999999999999999,0.0774661368995641,1.0819465048173396,0.2611481616612673,1.343094666478607,1.4205608033781711,2.220446049250313e-15,0.020188779998005,0.7235447615054875,0.003288754488309,0.2529777040081973,0.976522465513685,0.2562664584965063,0.999999999999999,OBJECTIVE_AND_FEASIBILITY_IMPROVE,240,240,1,241,3,Return from COBYLA because the objective function has been evaluated MAXFUN times.,False,True,250.7514128126204,207.8125,SUCCESS,,4125a14ecf0cf9f70644007cd1634ecf6f1e07fa3cd07fca5698b5513f958820
diag-run-0a1765eb47c699b3a0e3,task-v2-5f165c277bb9,g-e0c69f84d376b633,v2-S5-b001-g-e0c69f84d376b633,S5,D6,19,1.52587890625e-05,4.816479930623699,P3_CONTINUATION_B4,COBYLA,3301,480,4,False,"[4.476824248759472, 3.5317757914776675, 0.0, 3.1776539669668233, -0.7687144975486355, 0.0]","[4.70980191103045, 3.205848514609459, 0.7666352793045087, 3.13816711206237, -0.5889618923851837, -0.15703012558799506]","[4.70980191103045, 3.205848514609459, 0.7666352793045087, 3.13816711206237, -0.5889618923851837, -0.15703012558799506]",1.4855773001892705,1.3994762366449425,1.3994762366449425,1.3994762366449425,0.086101063544328,0.086101063544328,0.0090981600918224,0.023285021515071,0.023285021515071,0.002091314957879,0.0045182294606721,0.0045182294606721,0.2298613056675851,0.194040166883583,0.194040166883583,2.7754335050590946,3.183556574175348,3.183556574175348,0.9999999999999996,0.9999999999999976,0.9999999999999976,0.0781313549819934,1.0791133422837058,0.242231539379239,1.3213448816629447,1.3994762366449385,-4.218847493575595e-15,0.023285021515071,0.7390312390018245,0.0035761829855314,0.2341075564975704,0.9731387954993952,0.2376837394831019,0.9999999999999976,OBJECTIVE_AND_FEASIBILITY_IMPROVE,480,480,1,481,3,Return from COBYLA because the objective function has been evaluated MAXFUN times.,False,True,511.2912269672379,208.296875,SUCCESS,,4125a14ecf0cf9f70644007cd1634ecf6f1e07fa3cd07fca5698b5513f958820
diag-run-3dbc4e358f5989cad762,task-v2-ac528a9510be,g-a712031e7959d564,v2-S3-b001-g-a712031e7959d564,S3,D4,13,0.00048828125,3.311329952303793,P3_CONTINUATION_B2,COBYLA,1103,240,2,False,"[2.211330322619683, 4.142834361128571, 0.0, 3.250568861354951, -0.7625095119854509, 0.0]","[2.016678223676149, 4.079046199197037, 0.6735035090037633, 3.221839797883613, -0.5210425792474391, -0.2221471324736706]","[2.016678223676149, 4.079046199197037, 0.6735035090037633, 3.221839797883613, -0.5210425792474391, -0.2221471324736706]",1.4686282741603391,1.3541339161068209,1.3541339161068209,1.3541339161068209,0.1144943580535184,0.1144943580535184,0.0198077834232984,0.0491003927918695,0.0491003927918695,0.0037751730709685,0.0103199779424937,0.0103199779424937,0.1905903851174014,0.2101811687380762,0.2101811687380762,1.608165831129046,2.002414918696805,2.002414918696805,1.0000000000000002,1.0000000000000022,1.0000000000000022,0.0421288552822038,1.0488185150542924,0.2631865457703244,1.3120050608246168,1.3541339161068209,0.0,0.0491003927918695,0.6940687925692905,0.0255595772944404,0.2312712373444016,0.925340029913692,0.256830814638842,1.0000000000000022,OBJECTIVE_AND_FEASIBILITY_IMPROVE,240,240,1,241,3,Return from COBYLA because the objective function has been evaluated MAXFUN times.,False,True,1.653567816130817,208.296875,SUCCESS,,4125a14ecf0cf9f70644007cd1634ecf6f1e07fa3cd07fca5698b5513f958820
diag-run-b94ef294cc4e0c8948a0,task-v2-ac528a9510be,g-a712031e7959d564,v2-S3-b001-g-a712031e7959d564,S3,D4,13,0.00048828125,3.311329952303793,P3_CONTINUATION_B4,COBYLA,1103,480,4,False,"[2.211330322619683, 4.142834361128571, 0.0, 3.250568861354951, -0.7625095119854509, 0.0]","[1.8544145487993908, 3.8577191371353448, 0.8313774678624326, 3.257809752232004, -0.5493094146146023, -0.222015403895507]","[1.8544145487993908, 3.8577191371353448, 0.8313774678624326, 3.257809752232004, -0.5493094146146023, -0.222015403895507]",1.4686282741603391,1.3406096913670558,1.3406096913670558,1.3406096913670558,0.1280185827932833,0.1280185827932833,0.0198077834232984,0.0488879241890041,0.0488879241890041,0.0037751730709685,0.0101399634228175,0.0101399634228175,0.1905903851174014,0.2074124355048451,0.2074124355048451,1.608165831129046,2.000531549551263,2.000531549551263,1.0000000000000002,1.0000000000000004,1.0000000000000004,0.0420859911181027,1.0490580241834369,0.2494656760655153,1.2985237002489525,1.340609691367055,-6.661338147750939e-16,0.0488879241890041,0.7082836480199382,0.0258351940488092,0.2169932337422488,0.9252768817621868,0.2428284277910581,1.0000000000000004,OBJECTIVE_AND_FEASIBILITY_IMPROVE,480,480,1,481,3,Return from COBYLA because the objective function has been evaluated MAXFUN times.,False,True,3.3376960828900337,208.296875,SUCCESS,,4125a14ecf0cf9f70644007cd1634ecf6f1e07fa3cd07fca5698b5513f958820
diag-run-7f4e20cba8b44427193e,task-v2-9f1427c2fbd8,g-3ff7063ef9ea5cfb,v2-S4-b000-g-3ff7063ef9ea5cfb,S4,D5,16,9.1552734375e-05,4.038328680240055,P3_CONTINUATION_B2,COBYLA,2207,240,2,False,"[5.303644729290461, 4.027358540448379, 0.0, 2.4010940755396004, 0.10583187323471438, 0.0]","[6.4132403174922805, 4.511842124535527, 0.24173768116417657, 2.419632140955466, 0.26926783812574767, -0.15840405395099025]","[6.4132403174922805, 4.511842124535527, 0.24173768116417657, 2.419632140955466, 0.26926783812574767, -0.15840405395099025]",1.642801402145231,1.375942054771314,1.375942054771314,1.375942054771314,0.2668593473739171,0.2668593473739171,0.0100376317334309,0.0235648475672959,0.0235648475672959,0.0046130173645278,0.010729908438462,0.010729908438462,0.4595722862758439,0.4553353637370176,0.4553353637370176,2.039959938225596,2.4105933150466647,2.4105933150466647,1.0000000000000018,0.999999999999998,0.999999999999998,0.1071430143773773,1.092791066185803,0.1760079742081346,1.268799040393937,1.3759420547713146,6.661338147750939e-16,0.0235648475672959,0.8055730701411294,0.0044548427779245,0.1664072395136479,0.9719803096547774,0.1708620822915725,0.999999999999998,OBJECTIVE_AND_FEASIBILITY_IMPROVE,240,240,1,241,3,Return from COBYLA because the objective function has been evaluated MAXFUN times.,False,True,13.728523381985724,208.63671875,SUCCESS,,4125a14ecf0cf9f70644007cd1634ecf6f1e07fa3cd07fca5698b5513f958820
diag-run-bac5de5192492fb5810b,task-v2-9f1427c2fbd8,g-3ff7063ef9ea5cfb,v2-S4-b000-g-3ff7063ef9ea5cfb,S4,D5,16,9.1552734375e-05,4.038328680240055,P3_CONTINUATION_B4,COBYLA,2207,480,4,False,"[5.303644729290461, 4.027358540448379, 0.0, 2.4010940755396004, 0.10583187323471438, 0.0]","[6.746750964828491, 4.613690198439389, 0.41417374639024346, 2.4200094492930866, 0.3169715608800809, -0.20475701608536084]","[6.746750964828491, 4.613690198439389, 0.41417374639024346, 2.4200094492930866, 0.3169715608800809, -0.20475701608536084]",1.642801402145231,1.3360482329207728,1.3360482329207728,1.3360482329207728,0.3067531692244583,0.3067531692244583,0.0100376317334309,0.0280367066709195,0.0280367066709195,0.0046130173645278,0.0122051810476426,0.0122051810476426,0.4595722862758439,0.4353286279626492,0.4353286279626492,2.039959938225596,2.4860556781706618,2.4860556781706618,1.0000000000000018,0.9999999999999972,0.9999999999999972,0.1009428881162178,1.0823767172760803,0.1527286275284753,1.235105344804556,1.3360482329207737,8.881784197001252e-16,0.0280367066709195,0.8237561794444106,0.0044630492340873,0.1437440646505795,0.9675002440949902,0.1482071138846669,0.999999999999997,OBJECTIVE_AND_FEASIBILITY_IMPROVE,480,480,1,481,3,Return from COBYLA because the objective function has been evaluated MAXFUN times.,False,True,27.329411229118705,208.63671875,SUCCESS,,4125a14ecf0cf9f70644007cd1634ecf6f1e07fa3cd07fca5698b5513f958820
diag-run-8729ffbe8be8f16aa772,task-v2-a2561503b5d0,g-bd62d2d752385cc7,v2-S4-b001-g-bd62d2d752385cc7,S4,D2,16,3.0517578125e-05,4.515449934959718,P3_CONTINUATION_B2,COBYLA,1103,240,2,False,"[2.68412702054293, 5.249363752773528, 0.0, 3.188827735811626, -0.7909104594807059, 0.0]","[3.1848726626137216, 5.041631488386955, -1.0222904989889308, 3.133483910209076, -0.8810562758011778, 0.16740793035299995]","[3.1848726626137216, 5.041631488386955, -1.0222904989889308, 3.133483910209076, -0.8810562758011778, 0.16740793035299995]",1.5606313946049768,1.4253032090366624,1.4253032090366624,1.4253032090366624,0.1353281855683143,0.1353281855683143,0.0039389911785468,0.0071666276919944,0.0071666276919944,0.0022961116992394,0.0031691737500466,0.0031691737500466,0.5829187208503749,0.4422126956011439,0.4422126956011439,2.1108349431583666,2.3707647783141144,2.3707647783141144,1.0,0.9999999999999998,0.9999999999999998,0.0784802415928903,1.0885998866427224,0.2582230808010464,1.3468229674437688,1.4253032090366593,-3.108624468950439e-15,0.0071666276919944,0.740910094613499,0.0062863335244488,0.2456369441700576,0.9865470387835564,0.2519232776945064,1.0,OBJECTIVE_AND_FEASIBILITY_IMPROVE,240,240,1,241,3,Return from COBYLA because the objective function has been evaluated MAXFUN times.,False,True,13.908270633779466,209.00390625,SUCCESS,,4125a14ecf0cf9f70644007cd1634ecf6f1e07fa3cd07fca5698b5513f958820
diag-run-3485c80a2e024d0f0b27,task-v2-a2561503b5d0,g-bd62d2d752385cc7,v2-S4-b001-g-bd62d2d752385cc7,S4,D2,16,3.0517578125e-05,4.515449934959718,P3_CONTINUATION_B4,COBYLA,1103,480,4,False,"[2.68412702054293, 5.249363752773528, 0.0, 3.188827735811626, -0.7909104594807059, 0.0]","[3.0600307893428096, 4.8794838252591655, -1.3241351789499916, 3.1451759540923545, -0.8172331718305061, 0.1425035568432989]","[3.0600307893428096, 4.8794838252591655, -1.3241351789499916, 3.1451759540923545, -0.8172331718305061, 0.1425035568432989]",1.5606313946049768,1.4136567870718206,1.4136567870718206,1.4136567870718206,0.1469746075331561,0.1469746075331561,0.0039389911785468,0.0097530577748182,0.0097530577748182,0.0022961116992394,0.0040957340717485,0.0040957340717485,0.5829187208503749,0.4199435875714208,0.4199435875714208,2.1108349431583666,2.5045907318413985,2.5045907318413985,1.0,1.0000000000000029,1.0000000000000029,0.0810391348047972,1.079836216355882,0.2527814359111402,1.332617652267022,1.4136567870718193,-1.3322676295501878e-15,0.0097530577748182,0.7433621869665794,0.0091723451756291,0.2377124100829756,0.9810745970495552,0.2468847552586048,1.0000000000000024,OBJECTIVE_AND_FEASIBILITY_IMPROVE,480,480,1,481,3,Return from COBYLA because the objective function has been evaluated MAXFUN times.,False,True,27.89859725534916,209.00390625,SUCCESS,,4125a14ecf0cf9f70644007cd1634ecf6f1e07fa3cd07fca5698b5513f958820
diag-run-480ed3dd2c191268f657,task-v2-c5ed7c8b71f4,g-a712031e7959d564,v2-S3-b001-g-a712031e7959d564,S3,D6,13,0.000732421875,3.135238693248112,P3_CONTINUATION_B2,COBYLA,2207,240,2,False,"[1.968627019042767, 6.201683206494898, 0.0, 2.5794908705155093, -0.46207662941925265, 0.0]","[0.952887437529151, 6.518842841037327, 0.6525528381884325, 2.4797049825289403, -0.318722814138696, -0.1679310964297781]","[0.952887437529151, 6.518842841037327, 0.6525528381884325, 2.4797049825289403, -0.318722814138696, -0.1679310964297781]",1.3571879478504911,1.1904499174265195,1.1904499174265195,1.1904499174265195,0.1667380304239716,0.1667380304239716,0.0361619139248604,0.0972704600792247,0.0972704600792247,0.0049309073279703,0.0159978737606142,0.0159978737606142,0.1363563703573903,0.16446795612547,0.16446795612547,1.6934901013625228,2.123219663296474,2.123219663296474,1.0000000000000004,1.000000000000001,1.000000000000001,0.0563527391744845,1.0148117822967666,0.1192853959552685,1.134097178252035,1.1904499174265195,-2.220446049250313e-16,0.0972704600792247,0.7882494881929669,0.0039212447690594,0.1105588069587501,0.8988082951517171,0.1144800517278095,1.000000000000001,OBJECTIVE_AND_FEASIBILITY_IMPROVE,240,240,1,241,3,Return from COBYLA because the objective function has been evaluated MAXFUN times.,False,True,1.6570460880175233,209.00390625,SUCCESS,,4125a14ecf0cf9f70644007cd1634ecf6f1e07fa3cd07fca5698b5513f958820
diag-run-6198a97d8abe38428382,task-v2-c5ed7c8b71f4,g-a712031e7959d564,v2-S3-b001-g-a712031e7959d564,S3,D6,13,0.000732421875,3.135238693248112,P3_CONTINUATION_B4,COBYLA,2207,480,4,False,"[1.968627019042767, 6.201683206494898, 0.0, 2.5794908705155093, -0.46207662941925265, 0.0]","[0.7339330959414172, 6.63973129982454, 0.8662492818402723, 2.3475313401379445, -0.34609810934530066, -0.17531860741397032]","[0.7339330959414172, 6.63973129982454, 0.8662492818402723, 2.3475313401379445, -0.34609810934530066, -0.17531860741397032]",1.3571879478504911,1.1737331468263918,1.1737331468263918,1.1737331468263918,0.1834548010240995,0.1834548010240995,0.0361619139248604,0.1103091982099142,0.1103091982099142,0.0049309073279703,0.0184108738160063,0.0184108738160063,0.1363563703573903,0.1669024352889516,0.1669024352889516,1.6934901013625228,2.177850421148436,2.177850421148436,1.0000000000000004,0.9999999999999958,0.9999999999999958,0.0555604910333276,0.9978624347260412,0.1203102210670221,1.1181726557930634,1.1737331468263912,-6.661338147750939e-16,0.1103091982099142,0.773223963887476,0.0052437510076485,0.111223086894957,0.8844470507824331,0.1164668379026056,0.999999999999996,OBJECTIVE_AND_FEASIBILITY_IMPROVE,480,480,1,481,3,Return from COBYLA because the objective function has been evaluated MAXFUN times.,False,True,3.3521412275731564,209.00390625,SUCCESS,,4125a14ecf0cf9f70644007cd1634ecf6f1e07fa3cd07fca5698b5513f958820
diag-run-17424e219409a38e9f1b,task-v2-7133b996bac7,g-a87f1b9ac089cc45,v2-S5-b000-g-a87f1b9ac089cc45,S5,D3,19,5.7220458984375e-06,5.24244866289598,P3_CONTINUATION_B2,COBYLA,2207,240,2,False,"[5.5562435213009245, 5.685944369417065, 0.0, 3.642771129607981, -1.0505536819076824, 0.0]","[6.380053533518654, 6.713603347144765, 1.015035209067364, 3.8536200964929184, -1.0380552086235069, -0.15277513966990602]","[6.380053533518654, 6.713603347144765, 1.015035209067364, 3.8536200964929184, -1.0380552086235069, -0.15277513966990602]",1.4448078123453976,1.2220656163828212,1.2220656163828212,1.2220656163828212,0.2227421959625763,0.2227421959625763,0.0022064114852885,0.0029960641981112,0.0029960641981112,0.001515486952384,0.0021303586934546,0.0021303586934546,0.6868559933125569,0.7110524183018729,0.7110524183018729,2.5861351724168613,2.7189997778602426,2.7189997778602426,0.9999999999999992,1.0,1.0,0.0407497817773663,1.0602080497888329,0.1211077848166225,1.1813158346054553,1.2220656163828216,4.440892098500626e-16,0.0029960641981112,0.8772006969998363,0.0006525091577082,0.1191507296443441,0.9963514266441804,0.1198032388020524,1.0,OBJECTIVE_AND_FEASIBILITY_IMPROVE,240,240,1,241,3,Return from COBYLA because the objective function has been evaluated MAXFUN times.,False,True,254.50619139429185,207.828125,SUCCESS,,4125a14ecf0cf9f70644007cd1634ecf6f1e07fa3cd07fca5698b5513f958820
diag-run-8e09780d21ca84c33ee4,task-v2-7133b996bac7,g-a87f1b9ac089cc45,v2-S5-b000-g-a87f1b9ac089cc45,S5,D3,19,5.7220458984375e-06,5.24244866289598,P3_CONTINUATION_B4,COBYLA,2207,480,4,False,"[5.5562435213009245, 5.685944369417065, 0.0, 3.642771129607981, -1.0505536819076824, 0.0]","[6.446409594293738, 6.968352472522596, 1.1054207408360266, 3.8705275283709195, -1.0589829482200424, -0.14713855492725111]","[6.446409594293738, 6.968352472522596, 1.1054207408360266, 3.8705275283709195, -1.0589829482200424, -0.14713855492725111]",1.4448078123453976,1.213063593703233,1.213063593703233,1.213063593703233,0.2317442186421645,0.2317442186421645,0.0022064114852885,0.0026356618470342,0.0026356618470342,0.001515486952384,0.0019278362682151,0.0019278362682151,0.6868559933125569,0.7314429468197632,0.7314429468197632,2.5861351724168613,2.66333835281357,2.66333835281357,0.9999999999999992,0.9999999999999956,0.9999999999999956,0.0398748816326148,1.060185566725309,0.1130031453453103,1.1731887120706197,1.2130635937032344,1.3322676295501878e-15,0.0026356618470342,0.8855724172833771,0.000502888989954,0.1112890318796302,0.9968614491630072,0.1117919208695843,0.9999999999999956,OBJECTIVE_AND_FEASIBILITY_IMPROVE,480,480,1,481,3,Return from COBYLA because the objective function has been evaluated MAXFUN times.,False,True,502.5143918553367,208.30859375,SUCCESS,,4125a14ecf0cf9f70644007cd1634ecf6f1e07fa3cd07fca5698b5513f958820
diag-run-da76429541431d330dcc,task-v2-ce7fc44fc7b5,g-548c8c6335dd2a2e,v2-S1-b000-g-548c8c6335dd2a2e,S1,D3,7,0.0234375,1.630088714928206,P3_CONTINUATION_B2,COBYLA,2207,240,2,False,"[6.057428853187273, 4.377771129103387, 0.0, 2.7001753060835285, 0.12927775915703282, 0.0]","[6.122137130927386, 4.357334398315218, 0.019913452078069774, 2.701885104928857, 0.13702846227192517, -0.014850469041828527]","[6.122137130927386, 4.357334398315218, 0.019913452078069774, 2.701885104928857, 0.13702846227192517, -0.014850469041828527]",1.261482475324296,1.2599712440211557,1.2599712440211557,1.2599712440211557,0.0015112313031404,0.0015112313031404,0.297342946902572,0.2976010907628769,0.2976010907628769,0.1153029515555255,0.1162579880527167,0.1162579880527167,0.3877776579422477,0.3906504097639511,0.3906504097639511,1.1033463562413153,1.1037232335743266,1.1037232335743266,1.0,0.9999999999999994,0.9999999999999994,0.0759398744295814,0.9203609606896126,0.2636704089019616,1.1840313695915743,1.2599712440211557,0.0,0.2976010907628769,0.4488534378116749,0.0,0.2535454714254476,0.7023989092371226,0.2535454714254476,0.9999999999999996,OBJECTIVE_AND_FEASIBILITY_IMPROVE,240,240,1,241,3,Return from COBYLA because the objective function has been evaluated MAXFUN times.,False,True,0.6284830691292882,208.30859375,SUCCESS,,4125a14ecf0cf9f70644007cd1634ecf6f1e07fa3cd07fca5698b5513f958820
diag-run-b298984263ce0ce66d50,task-v2-ce7fc44fc7b5,g-548c8c6335dd2a2e,v2-S1-b000-g-548c8c6335dd2a2e,S1,D3,7,0.0234375,1.630088714928206,P3_CONTINUATION_B4,COBYLA,2207,480,4,False,"[6.057428853187273, 4.377771129103387, 0.0, 2.7001753060835285, 0.12927775915703282, 0.0]","[6.128318730274686, 4.445584294667101, 0.18697563041665186, 2.708244171432363, 0.3488690403497976, -0.2277450940041486]","[6.128318730274686, 4.445584294667101, 0.18697563041665186, 2.708244171432363, 0.3488690403497976, -0.2277450940041486]",1.261482475324296,1.2389880148915422,1.2389880148915422,1.2389880148915422,0.0224944604327537,0.0224944604327537,0.297342946902572,0.3111233660562703,0.3111233660562703,0.1153029515555255,0.1197343305874258,0.1197343305874258,0.3877776579422477,0.3848451889202385,0.3848451889202385,1.1033463562413153,1.1230213437425771,1.1230213437425771,1.0,0.9999999999999992,0.9999999999999992,0.0759492677982884,0.9037056186079616,0.259333128485292,1.1630387470932535,1.2389880148915422,0.0,0.3111233660562702,0.4392630077430597,0.0,0.2496136262006693,0.688876633943729,0.2496136262006693,0.9999999999999992,OBJECTIVE_AND_FEASIBILITY_IMPROVE,480,480,1,481,3,Return from COBYLA because the objective function has been evaluated MAXFUN times.,False,True,1.1992772305384278,208.30859375,SUCCESS,,4125a14ecf0cf9f70644007cd1634ecf6f1e07fa3cd07fca5698b5513f958820
diag-run-d74f91756d9d110c0b41,task-v2-6e79cb6720c5,g-e0c69f84d376b633,v2-S5-b001-g-e0c69f84d376b633,S5,D3,19,5.7220458984375e-06,5.24244866289598,P3_CONTINUATION_B2,COBYLA,3301,240,2,False,"[4.851866199560048, 3.4288866659457335, 0.0, 3.589289051834762, -1.1049385472890896, 0.0]","[5.408665465853876, 4.369222863516737, 0.889954934995809, 3.8695363638024407, -1.1231730478589637, -0.15500775401716166]","[5.408665465853876, 4.369222863516737, 0.889954934995809, 3.8695363638024407, -1.1231730478589637, -0.15500775401716166]",1.6020673986687362,1.361528530031022,1.361528530031022,1.361528530031022,0.2405388686377141,0.2405388686377141,0.0023315984168096,0.0081670058694931,0.0081670058694931,0.0010160432393623,0.0040289049445759,0.0040289049445759,0.4357711139436384,0.4933148094854977,0.4933148094854977,2.610102414651008,3.154511530604915,3.154511530604915,0.9999999999999982,1.0000000000000022,1.0000000000000022,0.0555501190061163,1.0773780249608529,0.2286003860640538,1.3059784110249066,1.361528530031023,8.881784197001252e-16,0.0081670058694931,0.7661534556115315,0.0043953988354608,0.2212841396835168,0.9874375952950484,0.2256795385189776,1.0000000000000022,OBJECTIVE_AND_FEASIBILITY_IMPROVE,240,240,1,241,3,Return from COBYLA because the objective function has been evaluated MAXFUN times.,False,True,254.40173166710883,207.7890625,SUCCESS,,4125a14ecf0cf9f70644007cd1634ecf6f1e07fa3cd07fca5698b5513f958820
diag-run-6bb2b711f75d07b15c57,task-v2-6e79cb6720c5,g-e0c69f84d376b633,v2-S5-b001-g-e0c69f84d376b633,S5,D3,19,5.7220458984375e-06,5.24244866289598,P3_CONTINUATION_B4,COBYLA,3301,480,4,False,"[4.851866199560048, 3.4288866659457335, 0.0, 3.589289051834762, -1.1049385472890896, 0.0]","[5.336886305060775, 4.674407163416616, 1.1575765132682563, 3.906390100229559, -1.1629261930645696, -0.13698843874577063]","[5.336886305060775, 4.674407163416616, 1.1575765132682563, 3.906390100229559, -1.1629261930645696, -0.13698843874577063]",1.6020673986687362,1.3343462511439823,1.3343462511439823,1.3343462511439823,0.2677211475247536,0.2677211475247536,0.0023315984168096,0.0087432308195409,0.0087432308195409,0.0010160432393623,0.0044228335841641,0.0044228335841641,0.4357711139436384,0.5058580375436541,0.5058580375436541,2.610102414651008,3.1841206067229804,3.1841206067229804,0.9999999999999982,0.9999999999999976,0.9999999999999976,0.0552855776866393,1.0759570110979686,0.2031036623593695,1.2790606734573382,1.3343462511439776,-4.884981308350689e-15,0.0087432308195409,0.7909223587381065,0.0044216339475318,0.1959127764948184,0.9868351352329248,0.2003344104423502,0.9999999999999978,OBJECTIVE_AND_FEASIBILITY_IMPROVE,480,480,1,481,3,Return from COBYLA because the objective function has been evaluated MAXFUN times.,False,True,514.1177338752896,208.29296875,SUCCESS,,4125a14ecf0cf9f70644007cd1634ecf6f1e07fa3cd07fca5698b5513f958820
diag-run-dbbdfb52cdffc2535dbb,task-v2-d7382a83ef13,g-548c8c6335dd2a2e,v2-S1-b000-g-548c8c6335dd2a2e,S1,D2,7,0.015625,1.806179973983887,P3_CONTINUATION_B2,COBYLA,2207,240,2,False,"[4.8842099188213615, 6.738175990251219, 0.0, 2.4882356625947186, -0.32227751464685306, 0.0]","[5.863041846165946, 6.769714497826122, -0.34948122400143655, 2.5101701878653713, -0.49746904074694986, 0.2541214451313107]","[5.863041846165946, 6.769714497826122, -0.34948122400143655, 2.5101701878653713, -0.49746904074694986, 0.2541214451313107]",1.4805575381283131,1.3511155951615004,1.3511155951615004,1.3511155951615004,0.1294419429668127,0.1294419429668127,0.150843954523465,0.2052811670564627,0.2052811670564627,0.0935704573434424,0.1182081460887929,0.1182081460887929,0.6203129428623327,0.5758353178900221,0.5758353178900221,0.9847078833261091,1.118529082055763,1.118529082055763,1.0000000000000009,1.0000000000000004,1.0000000000000004,0.0563572713213468,0.972361326715482,0.3223969971246715,1.2947583238401537,1.3511155951615006,2.220446049250313e-16,0.2052811670564627,0.4834980231499706,0.0573782651021429,0.253842544691424,0.7373405678413946,0.311220809793567,1.0000000000000002,OBJECTIVE_AND_FEASIBILITY_IMPROVE,240,240,1,241,3,Return from COBYLA because the objective function has been evaluated MAXFUN times.,False,True,0.6004927596077323,208.29296875,SUCCESS,,4125a14ecf0cf9f70644007cd1634ecf6f1e07fa3cd07fca5698b5513f958820
diag-run-8ac3b81f5085604d78a6,task-v2-d7382a83ef13,g-548c8c6335dd2a2e,v2-S1-b000-g-548c8c6335dd2a2e,S1,D2,7,0.015625,1.806179973983887,P3_CONTINUATION_B4,COBYLA,2207,480,4,False,"[4.8842099188213615, 6.738175990251219, 0.0, 2.4882356625947186, -0.32227751464685306, 0.0]","[5.8981578156210475, 6.76081672281824, -0.3593735646168864, 2.512724821362827, -0.48887276508853983, 0.25035197237408247]","[5.8981578156210475, 6.76081672281824, -0.3593735646168864, 2.512724821362827, -0.48887276508853983, 0.25035197237408247]",1.4805575381283131,1.3508235151087655,1.3508235151087655,1.3508235151087655,0.1297340230195476,0.1297340230195476,0.150843954523465,0.206399218978334,0.206399218978334,0.0935704573434424,0.1185460100367683,0.1185460100367683,0.6203129428623327,0.574352997184608,0.574352997184608,0.9847078833261091,1.1208880235570766,1.1208880235570766,1.0000000000000009,1.0000000000000009,1.0000000000000009,0.0564504937822394,0.9698864003035194,0.3244866210230064,1.294373021326526,1.3508235151087653,-2.220446049250313e-16,0.206399218978334,0.4802694179691622,0.0584242539599974,0.2549071090925069,0.7351765270616692,0.3133313630525044,1.0000000000000009,OBJECTIVE_AND_FEASIBILITY_IMPROVE,480,480,1,481,3,Return from COBYLA because the objective function has been evaluated MAXFUN times.,False,True,1.2304910337552428,208.29296875,SUCCESS,,4125a14ecf0cf9f70644007cd1634ecf6f1e07fa3cd07fca5698b5513f958820
diag-run-58de21beebff1942e80c,task-v2-b5e00db3fe1a,g-3ff7063ef9ea5cfb,v2-S4-b000-g-3ff7063ef9ea5cfb,S4,D7,16,0.0001373291015625,3.8622374211843744,P3_CONTINUATION_B2,COBYLA,2207,240,2,False,"[5.535584271122773, 4.160638289638407, 0.0, 2.4431431169128643, 0.10750746679110089, 0.0]","[6.635447689036535, 4.721119896673996, 0.47074554828923376, 2.43745639071352, 0.31864066232693117, -0.21021808897072367]","[6.635447689036535, 4.721119896673996, 0.47074554828923376, 2.43745639071352, 0.31864066232693117, -0.21021808897072367]",1.543476268796984,1.2851597321490258,1.2851597321490258,1.2851597321490258,0.258316536647958,0.258316536647958,0.0159453503348824,0.0369350763450069,0.0369350763450069,0.0066844151798636,0.0140212407547061,0.0140212407547061,0.4192077965976486,0.3796185670156772,0.3796185670156772,2.0648714867410782,2.4296764222314025,2.4296764222314025,0.9999999999999992,1.0000000000000016,1.0000000000000016,0.1066394704445587,1.0792083602665317,0.0993119014379352,1.1785202617044668,1.2851597321490256,-2.220446049250313e-16,0.0369350763450069,0.8666041166561644,0.0,0.0964608069988301,0.9630649236549944,0.0964608069988301,1.0000000000000016,OBJECTIVE_AND_FEASIBILITY_IMPROVE,240,240,1,241,3,Return from COBYLA because the objective function has been evaluated MAXFUN times.,False,True,13.562188811600208,208.296875,SUCCESS,,4125a14ecf0cf9f70644007cd1634ecf6f1e07fa3cd07fca5698b5513f958820
diag-run-fd16a2dd7f01f857bf0d,task-v2-b5e00db3fe1a,g-3ff7063ef9ea5cfb,v2-S4-b000-g-3ff7063ef9ea5cfb,S4,D7,16,0.0001373291015625,3.8622374211843744,P3_CONTINUATION_B4,COBYLA,2207,480,4,False,"[5.535584271122773, 4.160638289638407, 0.0, 2.4431431169128643, 0.10750746679110089, 0.0]","[6.79492403850831, 4.769881408591267, 0.4703193069264626, 2.4301395558699985, 0.3024910183265985, -0.19677539866557414]","[6.79492403850831, 4.769881408591267, 0.4703193069264626, 2.4301395558699985, 0.3024910183265985, -0.19677539866557414]",1.543476268796984,1.2782616052309717,1.2782616052309717,1.2782616052309717,0.2652146635660122,0.2652146635660122,0.0159453503348824,0.0372411426335431,0.0372411426335431,0.0066844151798636,0.013855374207436,0.013855374207436,0.4192077965976486,0.3720448199931584,0.3720448199931584,2.0648714867410782,2.4332604187307822,2.4332604187307822,0.9999999999999992,1.0000000000000002,1.0000000000000002,0.1043077071672878,1.077862926980372,0.0960909710833114,1.1739538980636832,1.278261605230971,-6.661338147750939e-16,0.0372411426335431,0.8695659161675979,0.0,0.0931929411988591,0.962758857366457,0.0931929411988591,1.0,OBJECTIVE_AND_FEASIBILITY_IMPROVE,480,480,1,481,3,Return from COBYLA because the objective function has been evaluated MAXFUN times.,False,True,27.13546887692064,208.296875,SUCCESS,,4125a14ecf0cf9f70644007cd1634ecf6f1e07fa3cd07fca5698b5513f958820
diag-run-caef85823bd3ba1436e2,task-v2-e442db508705,g-548c8c6335dd2a2e,v2-S1-b000-g-548c8c6335dd2a2e,S1,D1,7,0.0078125,2.1072099696478683,P3_CONTINUATION_B2,COBYLA,3301,240,2,False,"[2.7723638353221602, 3.568660695598161, 0.0, 3.0688492111878953, -0.4992284504091515, 0.0]","[2.660851691179496, 3.4913362719296943, 0.5237116484485305, 3.0571436018557976, -0.40379786288929637, -0.12345250117005166]","[2.660851691179496, 3.4913362719296943, 0.5237116484485305, 3.0571436018557976, -0.40379786288929637, -0.12345250117005166]",1.5859170053675018,1.564602864759968,1.564602864759968,1.564602864759968,0.0213141406075336,0.0213141406075336,0.0955316564577685,0.0997230459935713,0.0997230459935713,0.0955316564577685,0.0997230459935713,0.0997230459935713,1.0,1.0,1.0,1.087357277847213,1.1060055050030368,1.1060055050030368,1.0,1.0,1.0,0.0658986948844682,1.0062696697227642,0.4924345001527356,1.4987041698755,1.564602864759968,-2.220446049250313e-16,0.0997230459935713,0.4272393573076174,0.1233211811083465,0.3497164155904646,0.7769557728980824,0.4730375966988112,1.0,OBJECTIVE_AND_FEASIBILITY_IMPROVE,240,240,1,241,3,Return from COBYLA because the objective function has been evaluated MAXFUN times.,False,True,0.6208354234695435,208.296875,SUCCESS,,4125a14ecf0cf9f70644007cd1634ecf6f1e07fa3cd07fca5698b5513f958820
diag-run-fb42ee4e22468696bddf,task-v2-e442db508705,g-548c8c6335dd2a2e,v2-S1-b000-g-548c8c6335dd2a2e,S1,D1,7,0.0078125,2.1072099696478683,P3_CONTINUATION_B4,COBYLA,3301,480,4,False,"[2.7723638353221602, 3.568660695598161, 0.0, 3.0688492111878953, -0.4992284504091515, 0.0]","[2.6539600730348463, 3.4890182067641926, 0.5043527735992739, 3.057639105422904, -0.39660051546770897, -0.1299528944021622]","[2.6539600730348463, 3.4890182067641926, 0.5043527735992739, 3.057639105422904, -0.39660051546770897, -0.1299528944021622]",1.5859170053675018,1.5645354958323137,1.5645354958323137,1.5645354958323137,0.0213815095351881,0.0213815095351881,0.0955316564577685,0.0998026335305434,0.0998026335305434,0.0955316564577685,0.0998026335305434,0.0998026335305434,1.0,1.0,1.0,1.087357277847213,1.1063519709822618,1.1063519709822618,1.0,1.0,1.0,0.0659530003104613,1.005578110979371,0.4930043845424809,1.498582495521852,1.5645354958323134,-2.220446049250313e-16,0.0998026335305434,0.4266103986126583,0.123671897749926,0.3499150701068722,0.7765254687195307,0.4735869678567983,1.0,OBJECTIVE_AND_FEASIBILITY_IMPROVE,480,480,1,481,3,Return from COBYLA because the objective function has been evaluated MAXFUN times.,False,True,1.2548985444009304,208.296875,SUCCESS,,4125a14ecf0cf9f70644007cd1634ecf6f1e07fa3cd07fca5698b5513f958820
diag-run-6cc420ed3f4992fe8e25,task-v2-780e1209d403,g-e0c69f84d376b633,v2-S5-b001-g-e0c69f84d376b633,S5,D7,19,2.288818359375e-05,4.640388671568018,P3_CONTINUATION_B2,COBYLA,2207,240,2,False,"[5.145699043434732, 3.9675356700938718, 0.0, 2.414351374012279, 0.0903440502029396, 0.0]","[6.32541963339676, 4.41653600779842, 0.20545737775705494, 2.443850878001212, 0.2574298522769602, -0.16508970917846622]","[6.32541963339676, 4.41653600779842, 0.20545737775705494, 2.443850878001212, 0.2574298522769602, -0.16508970917846622]",1.6284727185750805,1.3417466995437572,1.3417466995437572,1.3417466995437572,0.2867260190313232,0.2867260190313232,0.0101886776700694,0.0228961630102509,0.0228961630102509,0.0014860613500854,0.0033454919614831,0.0033454919614831,0.1458541920951087,0.14611583434243,0.14611583434243,2.6485064946464,3.0001513799736066,3.0001513799736066,0.9999999999999992,1.0000000000000004,1.0000000000000004,0.1270944836347577,1.1057451864368826,0.1089070294721157,1.2146522159089983,1.341746699543756,-1.3322676295501878e-15,0.0228961630102509,0.87126267898001,0.0,0.1058411580097393,0.9771038369897496,0.1058411580097393,1.0000000000000002,OBJECTIVE_AND_FEASIBILITY_IMPROVE,240,240,1,241,3,Return from COBYLA because the objective function has been evaluated MAXFUN times.,False,True,257.36640061158687,207.8125,SUCCESS,,4125a14ecf0cf9f70644007cd1634ecf6f1e07fa3cd07fca5698b5513f958820
diag-run-6786141ef7ff86162310,task-v2-780e1209d403,g-e0c69f84d376b633,v2-S5-b001-g-e0c69f84d376b633,S5,D7,19,2.288818359375e-05,4.640388671568018,P3_CONTINUATION_B4,COBYLA,2207,480,4,False,"[5.145699043434732, 3.9675356700938718, 0.0, 2.414351374012279, 0.0903440502029396, 0.0]","[6.691982500144679, 4.523376040828194, 0.37795000954078395, 2.446262149067473, 0.31517246813805055, -0.22496682384640238]","[6.691982500144679, 4.523376040828194, 0.37795000954078395, 2.446262149067473, 0.31517246813805055, -0.22496682384640238]",1.6284727185750805,1.2934650381553503,1.2934650381553503,1.2934650381553503,0.3350076804197301,0.3350076804197301,0.0101886776700694,0.0289410546193292,0.0289410546193292,0.0014860613500854,0.0044147614498137,0.0044147614498137,0.1458541920951087,0.1525432126742627,0.1525432126742627,2.6485064946464,3.1019030244398413,3.1019030244398413,0.9999999999999992,0.9999999999999994,0.9999999999999994,0.1163388218383581,1.089598095569675,0.087528120747319,1.177126216316994,1.293465038155352,1.7763568394002505e-15,0.0289410546193292,0.8860012169003354,0.0,0.0850577284803347,0.9710589453806702,0.0850577284803347,0.9999999999999994,OBJECTIVE_AND_FEASIBILITY_IMPROVE,480,480,1,481,3,Return from COBYLA because the objective function has been evaluated MAXFUN times.,False,True,505.129123819992,208.29296875,SUCCESS,,4125a14ecf0cf9f70644007cd1634ecf6f1e07fa3cd07fca5698b5513f958820
diag-run-fb2da011bd4199c1bc50,task-v2-cf1a83d8dbf9,g-bd62d2d752385cc7,v2-S4-b001-g-bd62d2d752385cc7,S4,D6,16,9.1552734375e-05,4.038328680240055,P3_CONTINUATION_B2,COBYLA,2207,240,2,False,"[6.201001262929512, 4.0711430130357975, 0.0, 2.423600647401147, 0.09792080092044632, 0.0]","[6.915221090861957, 4.647682487511286, 0.5390209900002295, 2.409585245971171, 0.2843201372342375, -0.1815860196019333]","[6.915221090861957, 4.647682487511286, 0.5390209900002295, 2.409585245971171, 0.2843201372342375, -0.1815860196019333]",1.4597950213728927,1.3128000102672874,1.3128000102672874,1.3128000102672874,0.1469950111056053,0.1469950111056053,0.014106868042303,0.0286275905805867,0.0286275905805867,0.0047156609372846,0.0088061475463566,0.0088061475463566,0.334281211332206,0.3076105032858891,0.3076105032858891,2.187759284148428,2.4951134777346144,2.4951134777346144,1.0000000000000004,0.999999999999999,0.999999999999999,0.1037663775469461,1.0780517382685009,0.1309818944518407,1.2090336327203417,1.3128000102672877,2.220446049250313e-16,0.0286275905805867,0.8443388602873623,0.0028299239202436,0.1242036252118062,0.9685424854991684,0.1270335491320499,0.999999999999999,OBJECTIVE_AND_FEASIBILITY_IMPROVE,240,240,1,241,3,Return from COBYLA because the objective function has been evaluated MAXFUN times.,False,True,13.468879223801196,208.30859375,SUCCESS,,4125a14ecf0cf9f70644007cd1634ecf6f1e07fa3cd07fca5698b5513f958820
diag-run-6f9d62607178b5c6b542,task-v2-cf1a83d8dbf9,g-bd62d2d752385cc7,v2-S4-b001-g-bd62d2d752385cc7,S4,D6,16,9.1552734375e-05,4.038328680240055,P3_CONTINUATION_B4,COBYLA,2207,480,4,False,"[6.201001262929512, 4.0711430130357975, 0.0, 2.423600647401147, 0.09792080092044632, 0.0]","[7.06959945236556, 4.752370948999929, 0.5273708775342405, 2.3971538809156625, 0.28640646355614874, -0.18466730242263485]","[7.06959945236556, 4.752370948999929, 0.5273708775342405, 2.3971538809156625, 0.28640646355614874, -0.18466730242263485]",1.4597950213728927,1.304963493195611,1.304963493195611,1.304963493195611,0.1548315281772818,0.1548315281772818,0.014106868042303,0.0278935875879642,0.0278935875879642,0.0047156609372846,0.0084376853589129,0.0084376853589129,0.334281211332206,0.3024955227542595,0.3024955227542595,2.187759284148428,2.483833055727146,2.483833055727146,1.0000000000000004,0.9999999999999992,0.9999999999999992,0.1012950015609795,1.0788997448835207,0.1247687467511094,1.20366849163463,1.3049634931956096,-1.3322676295501878e-15,0.0278935875879642,0.851469881774193,0.0026080361289895,0.1180284945088524,0.9694983762830454,0.120636530637842,0.9999999999999992,OBJECTIVE_AND_FEASIBILITY_IMPROVE,480,480,1,481,3,Return from COBYLA because the objective function has been evaluated MAXFUN times.,False,True,26.76036377716809,208.30859375,SUCCESS,,4125a14ecf0cf9f70644007cd1634ecf6f1e07fa3cd07fca5698b5513f958820
diag-run-b23a2f721b4ec0e1e6dd,task-v2-eb1005d46905,g-8a16a856f5377a40,v2-S3-b000-g-8a16a856f5377a40,S3,D4,13,0.00048828125,3.311329952303793,P3_CONTINUATION_B2,COBYLA,2207,240,2,False,"[5.646268770461309, 4.087709939516235, 0.0, 2.451268107417907, 0.13357294455980182, 0.0]","[6.5765565531666, 4.580733636567525, 0.17184974006172918, 2.465056498558118, 0.2649851148089734, -0.14302498797221685]","[6.5765565531666, 4.580733636567525, 0.17184974006172918, 2.465056498558118, 0.2649851148089734, -0.14302498797221685]",1.515837039047168,1.3588743799262764,1.3588743799262764,1.3588743799262764,0.1569626591208917,0.1569626591208917,0.0275997342222596,0.0553571983251965,0.0553571983251965,0.0077774862786999,0.0195361860111679,0.0195361860111679,0.2817956947001063,0.3529113936800492,0.3529113936800492,1.7522348522544526,2.05450405429626,2.05450405429626,0.9999999999999992,0.9999999999999992,0.9999999999999992,0.0801375961103018,1.050653993663245,0.2280827901527289,1.278736783815974,1.358874379926276,-4.440892098500626e-16,0.0553571983251965,0.7256437995632092,0.0243846438961004,0.1946143582154927,0.920258157778702,0.2189990021115933,0.999999999999999,OBJECTIVE_AND_FEASIBILITY_IMPROVE,240,240,1,241,3,Return from COBYLA because the objective function has been evaluated MAXFUN times.,False,True,1.720506734214723,208.29296875,SUCCESS,,4125a14ecf0cf9f70644007cd1634ecf6f1e07fa3cd07fca5698b5513f958820
diag-run-818b56b766b458212c55,task-v2-eb1005d46905,g-8a16a856f5377a40,v2-S3-b000-g-8a16a856f5377a40,S3,D4,13,0.00048828125,3.311329952303793,P3_CONTINUATION_B4,COBYLA,2207,480,4,False,"[5.646268770461309, 4.087709939516235, 0.0, 2.451268107417907, 0.13357294455980182, 0.0]","[6.69324622694027, 4.68913869273064, 0.31790147408064284, 2.4615545370979013, 0.36219571063661216, -0.24322419842311307]","[6.69324622694027, 4.68913869273064, 0.31790147408064284, 2.4615545370979013, 0.36219571063661216, -0.24322419842311307]",1.515837039047168,1.3420580449965134,1.3420580449965134,1.3420580449965134,0.1737789940506546,0.1737789940506546,0.0275997342222596,0.0598839576629525,0.0598839576629525,0.0077774862786999,0.0208536450355108,0.0208536450355108,0.2817956947001063,0.3482342491937882,0.3482342491937882,1.7522348522544526,2.0886404469538293,2.0886404469538293,0.9999999999999992,1.0000000000000009,1.0000000000000009,0.0775269932026764,1.0437877046471251,0.2207433471467116,1.2645310517938368,1.3420580449965134,0.0,0.0598839576629525,0.7282145763150526,0.0232085696837094,0.188692896338286,0.9169074726533386,0.2119014660219954,1.0000000000000009,OBJECTIVE_AND_FEASIBILITY_IMPROVE,480,480,1,481,3,Return from COBYLA because the objective function has been evaluated MAXFUN times.,False,True,3.400509420782328,208.29296875,SUCCESS,,4125a14ecf0cf9f70644007cd1634ecf6f1e07fa3cd07fca5698b5513f958820
diag-run-dffa9d4c47938d69515d,task-v2-ef23e17da545,g-a712031e7959d564,v2-S3-b001-g-a712031e7959d564,S3,D3,13,0.0003662109375,3.436268688912093,P3_CONTINUATION_B2,COBYLA,1103,240,2,False,"[2.2714872943911133, 4.250133703158532, 0.0, 3.2430257322725558, -0.7625701804350202, 0.0]","[1.9331814312646707, 3.915724313218439, 0.7156609152111437, 3.2551403097300358, -0.5455999969103367, -0.22178586476205173]","[1.9331814312646707, 3.915724313218439, 0.7156609152111437, 3.2551403097300358, -0.5455999969103367, -0.22178586476205173]",1.493807417621046,1.3756491467116407,1.3756491467116407,1.3756491467116407,0.1181582709094053,0.1181582709094053,0.0159821127216309,0.0362670575729008,0.0362670575729008,0.0084041043771827,0.0172982567524842,0.0172982567524842,0.5258443938896902,0.4769688502496471,0.4769688502496471,1.6399028783266807,1.9957810106438985,1.9957810106438985,0.999999999999998,1.0000000000000009,1.0000000000000009,0.0410755763995216,1.057213162794524,0.2773604075175955,1.3345735703121195,1.3756491467116412,4.440892098500626e-16,0.0362670575729008,0.6942765060695468,0.0310531422011443,0.2384032941564085,0.9326798002259552,0.2694564363575528,1.0000000000000004,OBJECTIVE_AND_FEASIBILITY_IMPROVE,240,240,1,241,3,Return from COBYLA because the objective function has been evaluated MAXFUN times.,False,True,1.6892213551327586,208.30859375,SUCCESS,,4125a14ecf0cf9f70644007cd1634ecf6f1e07fa3cd07fca5698b5513f958820
diag-run-74d5f6e6ebdb36b87048,task-v2-ef23e17da545,g-a712031e7959d564,v2-S3-b001-g-a712031e7959d564,S3,D3,13,0.0003662109375,3.436268688912093,P3_CONTINUATION_B4,COBYLA,1103,480,4,False,"[2.2714872943911133, 4.250133703158532, 0.0, 3.2430257322725558, -0.7625701804350202, 0.0]","[1.832141113149444, 3.7265637172741766, 0.8593581239908843, 3.274953076834036, -0.569676204665709, -0.2169266569338944]","[1.832141113149444, 3.7265637172741766, 0.8593581239908843, 3.274953076834036, -0.569676204665709, -0.2169266569338944]",1.493807417621046,1.367970243824971,1.367970243824971,1.367970243824971,0.125837173796075,0.125837173796075,0.0159821127216309,0.0366406278740601,0.0366406278740601,0.0084041043771827,0.0172522649797469,0.0172522649797469,0.5258443938896902,0.4708506917252023,0.4708506917252023,1.6399028783266807,2.0002315960450043,2.0002315960450043,0.999999999999998,0.9999999999999992,0.9999999999999992,0.041611370843102,1.0578085032419342,0.2685503697399338,1.326358872981868,1.36797024382497,-8.881784197001252e-16,0.0366406278740601,0.7030611705747125,0.0311345555943112,0.2291636459569151,0.9322248165316278,0.2602982015512264,0.9999999999999992,OBJECTIVE_AND_FEASIBILITY_IMPROVE,480,480,1,481,3,Return from COBYLA because the objective function has been evaluated MAXFUN times.,False,True,3.4386635469272733,208.30859375,SUCCESS,,4125a14ecf0cf9f70644007cd1634ecf6f1e07fa3cd07fca5698b5513f958820
diag-run-20efc47fc1fc8fa6dd36,task-v2-f1a738d52e35,g-60667963f6db3f1b,v2-S2-b000-g-60667963f6db3f1b,S2,D2,10,0.001953125,2.709269960975831,P3_CONTINUATION_B2,COBYLA,2207,240,2,False,"[1.7807333527346352, 6.511052433574562, 0.0, 2.4245827064658805, -0.4038890372916536, 0.0]","[1.1996868837660748, 6.271259053141975, 0.8658576909068391, 2.3229241439476938, -0.3554548925885653, -0.12332415258717856]","[1.1996868837660748, 6.271259053141975, 0.8658576909068391, 2.3229241439476938, -0.3554548925885653, -0.12332415258717856]",1.5242604748595223,1.4584474215765026,1.4584474215765026,1.4584474215765026,0.0658130532830199,0.0658130532830199,0.0282440787250293,0.0709677404945372,0.0709677404945372,0.0120701078875866,0.0399428483901102,0.0399428483901102,0.4273500298981393,0.5628310569248695,0.5628310569248695,1.160197374314016,1.5603309391457416,1.5603309391457416,1.0000000000000009,0.999999999999998,0.999999999999998,0.0791081189120301,1.1271244449909483,0.2522148576735233,1.379339302664472,1.4584474215765022,-4.440892098500626e-16,0.0709677404945372,0.6882802130202405,0.0350221298608592,0.2057299166243612,0.8940101296446017,0.2407520464852204,0.9999999999999982,OBJECTIVE_AND_FEASIBILITY_IMPROVE,240,240,1,241,3,Return from COBYLA because the objective function has been evaluated MAXFUN times.,False,True,0.7629304369911551,208.30859375,SUCCESS,,4125a14ecf0cf9f70644007cd1634ecf6f1e07fa3cd07fca5698b5513f958820
diag-run-2faa739984150689e5fc,task-v2-f1a738d52e35,g-60667963f6db3f1b,v2-S2-b000-g-60667963f6db3f1b,S2,D2,10,0.001953125,2.709269960975831,P3_CONTINUATION_B4,COBYLA,2207,480,4,False,"[1.7807333527346352, 6.511052433574562, 0.0, 2.4245827064658805, -0.4038890372916536, 0.0]","[1.188788584720707, 6.276027942364403, 1.1242278218521602, 2.3242549375769133, -0.3899418408487202, -0.11758148642088784]","[1.188788584720707, 6.276027942364403, 1.1242278218521602, 2.3242549375769133, -0.3899418408487202, -0.11758148642088784]",1.5242604748595223,1.4525186034537243,1.4525186034537243,1.4525186034537243,0.0717418714057982,0.0717418714057982,0.0282440787250293,0.073057634570198,0.073057634570198,0.0120701078875866,0.0409436287804058,0.0409436287804058,0.4273500298981393,0.5604291600909251,0.5604291600909251,1.160197374314016,1.572935567672687,1.572935567672687,1.0000000000000009,1.0000000000000004,1.0000000000000004,0.0784630722784069,1.1267242530995478,0.2473312780757696,1.3740555311753175,1.4525186034537243,2.220446049250313e-16,0.073057634570198,0.690675309430508,0.0347986090985401,0.2014684469007543,0.8921437563312624,0.2362670559992945,1.0000000000000004,OBJECTIVE_AND_FEASIBILITY_IMPROVE,480,480,1,481,3,Return from COBYLA because the objective function has been evaluated MAXFUN times.,False,True,1.52629098854959,208.30859375,SUCCESS,,4125a14ecf0cf9f70644007cd1634ecf6f1e07fa3cd07fca5698b5513f958820
diag-run-0d0f64de5170cff2a59e,task-v2-f0ef0f25a74e,g-8a16a856f5377a40,v2-S3-b000-g-8a16a856f5377a40,S3,D6,13,0.000732421875,3.135238693248112,P3_CONTINUATION_B2,COBYLA,2207,240,2,False,"[5.411947977517282, 4.118635098447074, 0.0, 2.457470432297963, 0.14401380171856928, 0.0]","[6.525286278887406, 4.620709949757027, 0.2616097873408746, 2.483737379397155, 0.3312579052055303, -0.20818724609406936]","[6.525286278887406, 4.620709949757027, 0.2616097873408746, 2.483737379397155, 0.3312579052055303, -0.20818724609406936]",1.5372532578913214,1.2773972585547844,1.2773972585547844,1.2773972585547844,0.259855999336537,0.259855999336537,0.0440126649001908,0.0904942450762064,0.0904942450762064,0.0146293224789591,0.0331811498310773,0.0331811498310773,0.3323889274174744,0.3666658559683554,0.3666658559683554,1.778816358480202,2.091859654650914,2.091859654650914,0.999999999999998,1.0,1.0,0.0841518417905228,1.03231348877613,0.1609319279881315,1.1932454167642617,1.2773972585547846,2.220446049250313e-16,0.0904942450762064,0.7548927964924088,0.0066157962791082,0.1479971621522765,0.9028899586446852,0.1546129584313848,1.0,OBJECTIVE_AND_FEASIBILITY_IMPROVE,240,240,1,241,3,Return from COBYLA because the objective function has been evaluated MAXFUN times.,False,True,1.7042182749137282,208.29296875,SUCCESS,,4125a14ecf0cf9f70644007cd1634ecf6f1e07fa3cd07fca5698b5513f958820
diag-run-7eefe2a8d7b03a70d491,task-v2-f0ef0f25a74e,g-8a16a856f5377a40,v2-S3-b000-g-8a16a856f5377a40,S3,D6,13,0.000732421875,3.135238693248112,P3_CONTINUATION_B4,COBYLA,2207,480,4,False,"[5.411947977517282, 4.118635098447074, 0.0, 2.457470432297963, 0.14401380171856928, 0.0]","[6.742353142724865, 4.752206715617571, 0.3351070398178108, 2.476758087368083, 0.3526065632098343, -0.23364934778544008]","[6.742353142724865, 4.752206715617571, 0.3351070398178108, 2.476758087368083, 0.3526065632098343, -0.23364934778544008]",1.5372532578913214,1.2638383373921174,1.2638383373921174,1.2638383373921174,0.273414920499204,0.273414920499204,0.0440126649001908,0.093612920793579,0.093612920793579,0.0146293224789591,0.0344552298135202,0.0344552298135202,0.3323889274174744,0.3680606215620136,0.3680606215620136,1.778816358480202,2.106574489016992,2.106574489016992,0.999999999999998,0.9999999999999998,0.9999999999999998,0.0808982617562803,1.025927527391424,0.1570125482444133,1.1829400756358377,1.2638383373921178,4.440892098500626e-16,0.0936129207935791,0.7554639253235544,0.0062527435086942,0.144670410374172,0.9001343356977264,0.1509231538828662,0.9999999999999998,OBJECTIVE_AND_FEASIBILITY_IMPROVE,480,480,1,481,3,Return from COBYLA because the objective function has been evaluated MAXFUN times.,False,True,3.360928550362587,208.29296875,SUCCESS,,4125a14ecf0cf9f70644007cd1634ecf6f1e07fa3cd07fca5698b5513f958820
diag-run-2cb0a187aa0575b5fa64,task-v2-f4789f22d2c1,g-6aa6775bed3bc2cc,v2-S2-b001-g-6aa6775bed3bc2cc,S2,D4,10,0.00390625,2.4082399653118496,P3_CONTINUATION_B2,COBYLA,1103,240,2,False,"[1.251038109130302, 4.461620234289888, 0.0, 2.493187229475474, 0.05415861378670805, 0.0]","[1.2444911052271919, 4.385219766558689, 0.0037302331627562914, 2.4962511379321453, 0.05694786697961945, -0.0022053964209141743]","[1.2444911052271919, 4.385219766558689, 0.0037302331627562914, 2.4962511379321453, 0.05694786697961945, -0.0022053964209141743]",1.4475328873882962,1.4471761864150197,1.4471761864150197,1.4471761864150197,0.0003567009732765,0.0003567009732765,0.0132429488106605,0.0134820647217175,0.0134820647217175,0.0072645676774662,0.0074390003505226,0.0074390003505226,0.5485611838670148,0.5517701111862732,0.5517701111862732,0.5302246656425632,0.5379963729846222,0.5379963729846222,1.0000000000000002,1.0000000000000004,1.0000000000000004,0.1066437767803313,1.2579851705586529,0.0825472390760361,1.340532409634689,1.44717618641502,4.440892098500626e-16,0.0134820647217175,0.9102839111356528,0.0,0.0762340241426302,0.9865179352782828,0.0762340241426302,1.0000000000000009,OBJECTIVE_AND_FEASIBILITY_IMPROVE,240,240,1,241,3,Return from COBYLA because the objective function has been evaluated MAXFUN times.,False,True,0.7367839803919196,208.30859375,SUCCESS,,4125a14ecf0cf9f70644007cd1634ecf6f1e07fa3cd07fca5698b5513f958820
diag-run-53ca7760eee7c4e0f27e,task-v2-f4789f22d2c1,g-6aa6775bed3bc2cc,v2-S2-b001-g-6aa6775bed3bc2cc,S2,D4,10,0.00390625,2.4082399653118496,P3_CONTINUATION_B4,COBYLA,1103,480,4,False,"[1.251038109130302, 4.461620234289888, 0.0, 2.493187229475474, 0.05415861378670805, 0.0]","[1.2445198716984487, 4.346971823004108, 0.006755920291129545, 2.498260383079851, 0.06024353175723608, -0.005238254952357339]","[1.2445198716984487, 4.346971823004108, 0.006755920291129545, 2.498260383079851, 0.06024353175723608, -0.005238254952357339]",1.4475328873882962,1.4470886242708754,1.4470886242708754,1.4470886242708754,0.0004442631174208,0.0004442631174208,0.0132429488106605,0.0135944068525013,0.0135944068525013,0.0072645676774662,0.0075227252761349,0.0075227252761349,0.5485611838670148,0.5533691434835022,0.5533691434835022,0.5302246656425632,0.5416002286288732,0.5416002286288732,1.0000000000000002,1.0,1.0,0.1066980828933027,1.2577479203825523,0.0826426209950202,1.3403905413775723,1.4470886242708754,0.0,0.0135944068525013,0.9100658582269338,0.0,0.0763397349205648,0.9864055931474984,0.0763397349205648,1.0,OBJECTIVE_AND_FEASIBILITY_IMPROVE,480,480,1,481,3,Return from COBYLA because the objective function has been evaluated MAXFUN times.,False,True,1.544972775503993,208.30859375,SUCCESS,,4125a14ecf0cf9f70644007cd1634ecf6f1e07fa3cd07fca5698b5513f958820
diag-run-dae19f26be97a86302d5,task-v2-e243a3cd3e64,g-bd62d2d752385cc7,v2-S4-b001-g-bd62d2d752385cc7,S4,D7,16,0.0001220703125,3.9133899436317554,P3_CONTINUATION_B2,COBYLA,3301,240,2,False,"[5.607334200093741, 2.055472429760336, 0.0, 3.148106631075005, -0.7441190841142521, 0.0]","[5.397810023006997, 2.0253843748000286, -0.6538965789039732, 3.148923526569338, -0.9131005497368011, 0.18938023001015522]","[5.397810023006997, 2.0253843748000286, -0.6538965789039732, 3.148923526569338, -0.9131005497368011, 0.18938023001015522]",1.374779677032396,1.3033653321352276,1.3033653321352276,1.3033653321352276,0.0714143448971684,0.0714143448971684,0.0086239629563606,0.0134050965495772,0.0134050965495772,0.0024417702758207,0.0032052651707913,0.0032052651707913,0.2831378437241292,0.2391079511391054,0.2391079511391054,1.849096825996366,2.040659889947492,2.040659889947492,0.9999999999999978,1.0000000000000004,1.0000000000000004,0.0928827710363996,1.0947881557608934,0.1156944053379351,1.2104825610988286,1.303365332135228,4.440892098500626e-16,0.0134050965495772,0.8751450153073821,0.0,0.1114498881430412,0.9865949034504232,0.1114498881430412,1.0000000000000009,OBJECTIVE_AND_FEASIBILITY_IMPROVE,240,240,1,241,3,Return from COBYLA because the objective function has been evaluated MAXFUN times.,False,True,13.51586996205151,208.29296875,SUCCESS,,4125a14ecf0cf9f70644007cd1634ecf6f1e07fa3cd07fca5698b5513f958820
diag-run-ad306751a9aec4ce7330,task-v2-e243a3cd3e64,g-bd62d2d752385cc7,v2-S4-b001-g-bd62d2d752385cc7,S4,D7,16,0.0001220703125,3.9133899436317554,P3_CONTINUATION_B4,COBYLA,3301,480,4,False,"[5.607334200093741, 2.055472429760336, 0.0, 3.148106631075005, -0.7441190841142521, 0.0]","[5.309209295698161, 1.9588111771611738, -0.9394272270753302, 3.1470212106202107, -0.8239916242418611, 0.14165460519988535]","[5.309209295698161, 1.9588111771611738, -0.9394272270753302, 3.1470212106202107, -0.8239916242418611, 0.14165460519988535]",1.374779677032396,1.2828106997695563,1.2828106997695563,1.2828106997695563,0.0919689772628395,0.0919689772628395,0.0086239629563606,0.0207527087362119,0.0207527087362119,0.0024417702758207,0.0048082405477632,0.0048082405477632,0.2831378437241292,0.2316921905897161,0.2316921905897161,1.849096825996366,2.230464734434695,2.230464734434695,0.9999999999999978,1.0000000000000009,1.0000000000000009,0.0960517560487385,1.0835418927221006,0.1032170509987182,1.1867589437208188,1.2828106997695574,8.881784197001252e-16,0.0207527087362119,0.8793926547268374,0.0,0.0998546365369514,0.9792472912637886,0.0998546365369514,1.0000000000000009,OBJECTIVE_AND_FEASIBILITY_IMPROVE,480,480,1,481,3,Return from COBYLA because the objective function has been evaluated MAXFUN times.,False,True,27.27622851356864,208.29296875,SUCCESS,,4125a14ecf0cf9f70644007cd1634ecf6f1e07fa3cd07fca5698b5513f958820
diag-run-8090e6989bad8ff2e7ab,task-v2-f83834022ee2,g-553bb3c5ba0f2136,v2-S1-b001-g-553bb3c5ba0f2136,S1,D2,7,0.015625,1.806179973983887,P3_CONTINUATION_B2,COBYLA,1103,240,2,False,"[1.413635163902173, 4.73105758961043, 0.0, 2.584346588403444, 0.1602227979409323, 0.0]","[1.412396668108301, 4.734880973376411, -0.0007108946666977598, 2.5840854239505577, 0.16154826542242945, -0.0015616167266850258]","[1.412396668108301, 4.734880973376411, -0.0007108946666977598, 2.5840854239505577, 0.16154826542242945, -0.0015616167266850258]",1.5389477825874605,1.5389364989001957,1.5389364989001957,1.5389364989001957,1.128368726477369e-05,1.128368726477369e-05,0.1165600690762756,0.1165549475247032,0.1165549475247032,0.0503655621948515,0.0504001496250785,0.0504001496250785,0.4320996254891792,0.4324153602694261,0.4324153602694261,0.8727297701191603,0.8727106871650077,0.8727106871650077,0.9999999999999988,0.999999999999999,0.999999999999999,0.074441065051404,1.1754216853670272,0.2890737484817645,1.4644954338487917,1.5389364989001957,0.0,0.1165549475247032,0.6307207676801586,0.0202529754421272,0.2324713093530098,0.8631920770331687,0.2527242847951371,0.9999999999999988,OBJECTIVE_IMPROVES_FEASIBILITY_WORSENS,71,71,1,72,0,Return from COBYLA because the trust region radius reaches its lower bound.,True,True,0.1571987615898251,208.29296875,SUCCESS,,4125a14ecf0cf9f70644007cd1634ecf6f1e07fa3cd07fca5698b5513f958820
diag-run-fb9fab257f05fae55bea,task-v2-f83834022ee2,g-553bb3c5ba0f2136,v2-S1-b001-g-553bb3c5ba0f2136,S1,D2,7,0.015625,1.806179973983887,P3_CONTINUATION_B4,COBYLA,1103,480,4,False,"[1.413635163902173, 4.73105758961043, 0.0, 2.584346588403444, 0.1602227979409323, 0.0]","[1.412396668108301, 4.734880973376411, -0.0007108946666977598, 2.5840854239505577, 0.16154826542242945, -0.0015616167266850258]","[1.412396668108301, 4.734880973376411, -0.0007108946666977598, 2.5840854239505577, 0.16154826542242945, -0.0015616167266850258]",1.5389477825874605,1.5389364989001957,1.5389364989001957,1.5389364989001957,1.128368726477369e-05,1.128368726477369e-05,0.1165600690762756,0.1165549475247032,0.1165549475247032,0.0503655621948515,0.0504001496250785,0.0504001496250785,0.4320996254891792,0.4324153602694261,0.4324153602694261,0.8727297701191603,0.8727106871650077,0.8727106871650077,0.9999999999999988,0.999999999999999,0.999999999999999,0.074441065051404,1.1754216853670272,0.2890737484817645,1.4644954338487917,1.5389364989001957,0.0,0.1165549475247032,0.6307207676801586,0.0202529754421272,0.2324713093530098,0.8631920770331687,0.2527242847951371,0.9999999999999988,OBJECTIVE_IMPROVES_FEASIBILITY_WORSENS,71,71,1,72,0,Return from COBYLA because the trust region radius reaches its lower bound.,True,True,0.1491316091269254,208.29296875,SUCCESS,,4125a14ecf0cf9f70644007cd1634ecf6f1e07fa3cd07fca5698b5513f958820
diag-run-dcdd322dbc20ce0243f3,task-v2-f6d986d24578,g-bd62d2d752385cc7,v2-S4-b001-g-bd62d2d752385cc7,S4,D3,16,4.57763671875e-05,4.339358675904037,P3_CONTINUATION_B2,COBYLA,1103,240,2,False,"[2.647501350374748, 5.319563819718795, 0.0, 3.1790621588205346, -0.78739489745014, 0.0]","[3.1521943751662636, 5.166094748967427, 0.888944899993916, 3.124368751531464, -0.6100722765558201, -0.16626073598578736]","[3.1521943751662636, 5.166094748967427, 0.888944899993916, 3.124368751531464, -0.6100722765558201, -0.16626073598578736]",1.5510844743229253,1.4268846120948129,1.4268846120948129,1.4268846120948129,0.1241998622281124,0.1241998622281124,0.0052136097810402,0.0128372229452574,0.0128372229452574,0.0023008172151225,0.0044668259003902,0.0044668259003902,0.4413098240473844,0.3479588941812722,0.3479588941812722,2.056497198654473,2.447829759606214,2.447829759606214,1.0000000000000004,1.000000000000001,1.000000000000001,0.0791201935822146,1.0852561025275715,0.2625083159850266,1.347764418512598,1.4268846120948129,0.0,0.0128372229452574,0.731670216789422,0.0076330443375844,0.2478595159277376,0.9795297327171596,0.2554925602653221,1.0000000000000016,OBJECTIVE_AND_FEASIBILITY_IMPROVE,240,240,1,241,3,Return from COBYLA because the objective function has been evaluated MAXFUN times.,False,True,13.403083902783692,208.30859375,SUCCESS,,4125a14ecf0cf9f70644007cd1634ecf6f1e07fa3cd07fca5698b5513f958820
diag-run-9a216019ff65e1673690,task-v2-f6d986d24578,g-bd62d2d752385cc7,v2-S4-b001-g-bd62d2d752385cc7,S4,D3,16,4.57763671875e-05,4.339358675904037,P3_CONTINUATION_B4,COBYLA,1103,480,4,False,"[2.647501350374748, 5.319563819718795, 0.0, 3.1790621588205346, -0.78739489745014, 0.0]","[2.9946292099135943, 5.054404373602434, 1.0384746713186943, 3.1380697673461344, -0.6340554078386264, -0.15600321367899267]","[2.9946292099135943, 5.054404373602434, 1.0384746713186943, 3.1380697673461344, -0.6340554078386264, -0.15600321367899267]",1.5510844743229253,1.4195587310854534,1.4195587310854534,1.4195587310854534,0.1315257432374719,0.1315257432374719,0.0052136097810402,0.0124997351988365,0.0124997351988365,0.0023008172151225,0.0041560793529557,0.0041560793529557,0.4413098240473844,0.3324933918074207,0.3324933918074207,2.056497198654473,2.4362594886799163,2.4362594886799163,1.0000000000000004,1.0,1.0,0.0791527460077998,1.0853846269237457,0.2550213581539069,1.3404059850776526,1.4195587310854525,-8.881784197001252e-16,0.0124997351988365,0.7392841165835002,0.0078276410092465,0.2403885072084167,0.9796726237919168,0.2482161482176632,1.0,OBJECTIVE_AND_FEASIBILITY_IMPROVE,480,480,1,481,3,Return from COBYLA because the objective function has been evaluated MAXFUN times.,False,True,26.85651818756014,208.30859375,SUCCESS,,4125a14ecf0cf9f70644007cd1634ecf6f1e07fa3cd07fca5698b5513f958820
diag-run-f1844358056a6557bb66,task-v2-89b7591232ff,g-e0c69f84d376b633,v2-S5-b001-g-e0c69f84d376b633,S5,D5,19,1.1444091796875e-05,4.941418667231999,P3_CONTINUATION_B2,COBYLA,1103,240,2,False,"[4.124730436373567, 5.435781119745411, 0.0, 0.668255002243609, -1.1079747454416848, 0.0]","[4.668888394011291, 6.194074922208598, 0.7112484860790628, 0.8246212236263963, -1.0714436545743002, -0.11621030040325023]","[4.668888394011291, 6.194074922208598, 0.7112484860790628, 0.8246212236263963, -1.0714436545743002, -0.11621030040325023]",1.3848332393466691,1.2687733349748973,1.2687733349748973,1.2687733349748973,0.1160599043717718,0.1160599043717718,0.002497846144413,0.003799750597295,0.003799750597295,0.0003709432935997,0.000178994734674,0.000178994734674,0.1485052609943495,0.0471069692841205,0.0471069692841205,2.338984351594283,2.5211737591716687,2.5211737591716687,0.9999999999999988,1.0,1.0,0.0489256060074442,1.0826328124109894,0.1372149165564551,1.2198477289674443,1.2687733349748889,-8.437694987151191e-15,0.003799750597295,0.8602068785112807,0.0004991588256624,0.1354942120657616,0.9957010905770424,0.135993370891424,1.0,OBJECTIVE_AND_FEASIBILITY_IMPROVE,240,240,1,241,3,Return from COBYLA because the objective function has been evaluated MAXFUN times.,False,True,205.05559334065765,209.62109375,SUCCESS,,4125a14ecf0cf9f70644007cd1634ecf6f1e07fa3cd07fca5698b5513f958820
diag-run-ec9d6e94782c92ae2f47,task-v2-89b7591232ff,g-e0c69f84d376b633,v2-S5-b001-g-e0c69f84d376b633,S5,D5,19,1.1444091796875e-05,4.941418667231999,P3_CONTINUATION_B4,COBYLA,1103,480,4,False,"[4.124730436373567, 5.435781119745411, 0.0, 0.668255002243609, -1.1079747454416848, 0.0]","[4.676752665960217, 6.202461477003481, 0.902808468629217, 0.8303094269338095, -1.0985013195376663, -0.10392355866307064]","[4.676752665960217, 6.202461477003481, 0.902808468629217, 0.8303094269338095, -1.0985013195376663, -0.10392355866307064]",1.3848332393466691,1.2630922561616271,1.2630922561616271,1.2630922561616271,0.121740983185042,0.121740983185042,0.002497846144413,0.0044570856680043,0.0044570856680043,0.0003709432935997,0.0002382935521874,0.0002382935521874,0.1485052609943495,0.0534639829559622,0.0534639829559622,2.338984351594283,2.590469648812906,2.590469648812906,0.9999999999999988,1.0000000000000036,1.0000000000000036,0.0494352791856833,1.0821842763360223,0.1314727006399237,1.2136569769759462,1.2630922561616296,2.4424906541753444e-15,0.0044570856680043,0.8653065908143803,0.0004982108101431,0.1297381127074755,0.9950447035218564,0.1302363235176187,1.000000000000003,OBJECTIVE_AND_FEASIBILITY_IMPROVE,480,480,1,481,3,Return from COBYLA because the objective function has been evaluated MAXFUN times.,False,True,318.42369343712926,209.62109375,SUCCESS,,4125a14ecf0cf9f70644007cd1634ecf6f1e07fa3cd07fca5698b5513f958820
diag-run-500fb34e3af8aab48c39,task-v2-b9b3757d64c0,g-a87f1b9ac089cc45,v2-S5-b000-g-a87f1b9ac089cc45,S5,D4,19,7.62939453125e-06,5.11750992628768,P3_CONTINUATION_B2,COBYLA,3301,240,2,False,"[5.530560640170587, 4.910928931805477, 0.0, 3.5357921849832588, -1.0149117847322668, 0.0]","[6.367400206708684, 5.742075143185665, 0.8619378654973646, 3.782295190726341, -1.0062630369289407, -0.16917887987759633]","[6.367400206708684, 5.742075143185665, 0.8619378654973646, 3.782295190726341, -1.0062630369289407, -0.16917887987759633]",1.5075165545486606,1.2598381495746185,1.2598381495746185,1.2598381495746185,0.2476784049740423,0.2476784049740423,0.0035961190546599,0.0061209624207289,0.0061209624207289,0.0018674160058223,0.0032313917894731,0.0032313917894731,0.519286480074262,0.5279221742204877,0.5279221742204877,2.673343987526288,2.904329639470882,2.904329639470882,0.9999999999999988,0.9999999999999962,0.9999999999999962,0.0446559420548248,1.0602179469778426,0.1549642605419525,1.215182207519795,1.25983814957462,1.7763568394002505e-15,0.0061209624207289,0.8407413332001816,0.0008141626532937,0.152323541725792,0.9930648749259734,0.1531377043790857,0.9999999999999962,OBJECTIVE_AND_FEASIBILITY_IMPROVE,240,240,1,241,3,Return from COBYLA because the objective function has been evaluated MAXFUN times.,False,True,194.183395864442,209.0234375,SUCCESS,,4125a14ecf0cf9f70644007cd1634ecf6f1e07fa3cd07fca5698b5513f958820
diag-run-daa19d31a00f26337183,task-v2-b9b3757d64c0,g-a87f1b9ac089cc45,v2-S5-b000-g-a87f1b9ac089cc45,S5,D4,19,7.62939453125e-06,5.11750992628768,P3_CONTINUATION_B4,COBYLA,3301,480,4,False,"[5.530560640170587, 4.910928931805477, 0.0, 3.5357921849832588, -1.0149117847322668, 0.0]","[6.493734992617767, 6.071767737104991, 1.1326447841406269, 3.827042963835575, -1.0631831455974476, -0.15304406026721368]","[6.493734992617767, 6.071767737104991, 1.1326447841406269, 3.827042963835575, -1.0631831455974476, -0.15304406026721368]",1.5075165545486606,1.236749214888924,1.236749214888924,1.236749214888924,0.2707673396597367,0.2707673396597367,0.0035961190546599,0.0057952832972534,0.0057952832972534,0.0018674160058223,0.0031867823625612,0.0031867823625612,0.519286480074262,0.5498924209747454,0.5498924209747454,2.673343987526288,2.880584597204493,2.880584597204493,0.9999999999999988,0.999999999999998,0.999999999999998,0.0435109395864261,1.059627545494589,0.1336107298079062,1.193238275302495,1.2367492148889214,-2.4424906541753444e-15,0.0057952832972534,0.862288246920444,0.0006853599591993,0.1312311098231013,0.9935193567435452,0.1319164697823006,0.999999999999998,OBJECTIVE_AND_FEASIBILITY_IMPROVE,480,480,1,481,3,Return from COBYLA because the objective function has been evaluated MAXFUN times.,False,True,317.1997076915577,209.0234375,SUCCESS,,4125a14ecf0cf9f70644007cd1634ecf6f1e07fa3cd07fca5698b5513f958820
diag-run-e14ae8629c65a1fec4ae,task-v2-7d4ec5aed494,g-a87f1b9ac089cc45,v2-S5-b000-g-a87f1b9ac089cc45,S5,D2,19,3.814697265625e-06,5.418539921951662,P3_CONTINUATION_B2,COBYLA,3301,240,2,False,"[5.96948073493069, 4.879706219990906, 0.0, 3.5865686657715794, -1.0513028615592015, 0.0]","[6.654724109380017, 5.727040831355587, 0.7808459141222962, 3.7914267389764897, -1.0126812260320528, -0.16663680508553075]","[6.654724109380017, 5.727040831355587, 0.7808459141222962, 3.7914267389764897, -1.0126812260320528, -0.16663680508553075]",1.4812518649174269,1.2671359702299645,1.2671359702299645,1.2671359702299645,0.2141158946874621,0.2141158946874621,0.0021003118887103,0.0036786023719629,0.0036786023719629,0.0017897741847382,0.0030224699555759,0.0030224699555759,0.8521468617869304,0.8216354065914182,0.8216354065914182,2.7408237126324027,2.9842227684957328,2.9842227684957328,0.999999999999998,0.9999999999999998,0.9999999999999998,0.0442187889415836,1.0614140382509667,0.1615031430374152,1.222917181288382,1.2671359702299656,1.1102230246251563e-15,0.0036786023719629,0.8366463664272152,0.0015883566570828,0.1580866745437386,0.994733040970954,0.1596750312008215,0.9999999999999998,OBJECTIVE_AND_FEASIBILITY_IMPROVE,240,240,1,241,3,Return from COBYLA because the objective function has been evaluated MAXFUN times.,False,True,244.7050910294056,208.625,SUCCESS,,4125a14ecf0cf9f70644007cd1634ecf6f1e07fa3cd07fca5698b5513f958820
diag-run-f204330e65969f1eb4aa,task-v2-7d4ec5aed494,g-a87f1b9ac089cc45,v2-S5-b000-g-a87f1b9ac089cc45,S5,D2,19,3.814697265625e-06,5.418539921951662,P3_CONTINUATION_B4,COBYLA,3301,480,4,False,"[5.96948073493069, 4.879706219990906, 0.0, 3.5865686657715794, -1.0513028615592015, 0.0]","[6.709772395199662, 6.04553677041727, 1.1041016738179468, 3.830085325700973, -1.0697123871857608, -0.15502129252228322]","[6.709772395199662, 6.04553677041727, 1.1041016738179468, 3.830085325700973, -1.0697123871857608, -0.15502129252228322]",1.4812518649174269,1.2407886826726415,1.2407886826726415,1.2407886826726415,0.2404631822447851,0.2404631822447851,0.0021003118887103,0.0037672465381792,0.0037672465381792,0.0017897741847382,0.0031131677495422,0.0031131677495422,0.8521468617869304,0.8263774929492431,0.8263774929492431,2.7408237126324027,2.9945639644186075,2.9945639644186075,0.999999999999998,1.0000000000000009,1.0000000000000009,0.042870105793701,1.060709512759714,0.1372090641192295,1.197918576878943,1.2407886826726444,2.886579864025407e-15,0.0037672465381792,0.8607573927413044,0.0013144740989603,0.1341608866215567,0.994918279362861,0.135475360720517,1.0000000000000009,OBJECTIVE_AND_FEASIBILITY_IMPROVE,480,480,1,481,3,Return from COBYLA because the objective function has been evaluated MAXFUN times.,False,True,418.9874426098541,208.625,SUCCESS,,4125a14ecf0cf9f70644007cd1634ecf6f1e07fa3cd07fca5698b5513f958820
diag-run-51e26b9abd1bdb39d1e1,task-v2-c95d7e1ff6e7,g-a87f1b9ac089cc45,v2-S5-b000-g-a87f1b9ac089cc45,S5,D6,19,1.52587890625e-05,4.816479930623699,P3_CONTINUATION_B2,COBYLA,2207,240,2,False,"[5.081952603947341, 3.127935499730127, 0.0, 3.1464629182892114, -0.754637417330586, 0.0]","[4.896129260627401, 3.0085546209582557, 0.3875385716037642, 3.150458424922407, -0.6058252721467134, -0.1481117618688861]","[4.896129260627401, 3.0085546209582557, 0.3875385716037642, 3.150458424922407, -0.6058252721467134, -0.1481117618688861]",1.4405345852132978,1.3833785706946666,1.3833785706946666,1.3833785706946666,0.0571560145186311,0.0571560145186311,0.0037839597345418,0.0072268221624363,0.0072268221624363,0.0013719157989419,0.0024934327305612,0.0024934327305612,0.362560887320873,0.3450247805351636,0.3450247805351636,2.394426437011143,2.675427298359163,2.675427298359163,1.000000000000001,0.9999999999999986,0.9999999999999986,0.0954303781322037,1.105196131086187,0.1827520614762754,1.2879481925624623,1.3833785706946662,-4.440892098500626e-16,0.0072268221624363,0.8192590043479541,0.0003052723545799,0.173208901135028,0.992467905482982,0.1735141734896079,0.9999999999999984,OBJECTIVE_AND_FEASIBILITY_IMPROVE,240,240,1,241,3,Return from COBYLA because the objective function has been evaluated MAXFUN times.,False,True,247.64168778061867,209.0234375,SUCCESS,,4125a14ecf0cf9f70644007cd1634ecf6f1e07fa3cd07fca5698b5513f958820
diag-run-c4064f0a689d85a69705,task-v2-c95d7e1ff6e7,g-a87f1b9ac089cc45,v2-S5-b000-g-a87f1b9ac089cc45,S5,D6,19,1.52587890625e-05,4.816479930623699,P3_CONTINUATION_B4,COBYLA,2207,480,4,False,"[5.081952603947341, 3.127935499730127, 0.0, 3.1464629182892114, -0.754637417330586, 0.0]","[4.843772877839341, 2.9087736616217725, 0.679834784579102, 3.147755881620619, -0.5983503677768622, -0.15017259335622385]","[4.843772877839341, 2.9087736616217725, 0.679834784579102, 3.147755881620619, -0.5983503677768622, -0.15017259335622385]",1.4405345852132978,1.352531063178197,1.352531063178197,1.352531063178197,0.0880035220351007,0.0880035220351007,0.0037839597345418,0.0100359705876379,0.0100359705876379,0.0013719157989419,0.0034227825405542,0.0034227825405542,0.362560887320873,0.3410514718696319,0.3410514718696319,2.394426437011143,2.818039310483764,2.818039310483764,1.000000000000001,0.999999999999998,0.999999999999998,0.094259436476149,1.099515562782145,0.1587560639199006,1.2582716267020453,1.3525310631781944,-2.664535259100376e-15,0.0100359705876379,0.839163136775497,0.0003738153657217,0.1504270772711412,0.9895902140466384,0.150800892636863,0.999999999999998,OBJECTIVE_AND_FEASIBILITY_IMPROVE,480,480,1,481,3,Return from COBYLA because the objective function has been evaluated MAXFUN times.,False,True,403.4428828330711,209.0234375,SUCCESS,,4125a14ecf0cf9f70644007cd1634ecf6f1e07fa3cd07fca5698b5513f958820
diag-run-79406703cfd2d6329c36,task-v2-e449b07a1126,g-e0c69f84d376b633,v2-S5-b001-g-e0c69f84d376b633,S5,D2,19,3.814697265625e-06,5.418539921951662,P3_CONTINUATION_B2,COBYLA,1103,240,2,False,"[4.690231578889802, 4.3110646063551235, 0.0, 0.5706562313838119, -1.1416019197896545, 0.0]","[5.199294935628137, 5.234097379874099, 0.7301259846708804, 0.7604723036553851, -1.0968629099177185, -0.14605431107597416]","[5.199294935628137, 5.234097379874099, 0.7301259846708804, 0.7604723036553851, -1.0968629099177185, -0.14605431107597416]",1.5647111707147203,1.363695436745111,1.363695436745111,1.363695436745111,0.2010157339696094,0.2010157339696094,0.0015425371695886,0.0041238800927455,0.0041238800927455,0.0009785908186547,0.0025883879299907,0.0025883879299907,0.6344033958778066,0.6276583876781596,0.6276583876781596,2.606775559715444,3.033845951061683,3.033845951061683,1.0000000000000004,0.9999999999999972,0.9999999999999972,0.049417600266501,1.0804120875005403,0.2338657489780763,1.3142778364786167,1.3636954367451175,6.661338147750939e-15,0.0041238800927455,0.764632625672492,0.0027192952139249,0.2285241990208346,0.9931568246933268,0.2312434942347596,0.9999999999999972,OBJECTIVE_AND_FEASIBILITY_IMPROVE,240,240,1,241,3,Return from COBYLA because the objective function has been evaluated MAXFUN times.,False,True,250.2550336187705,209.046875,SUCCESS,,4125a14ecf0cf9f70644007cd1634ecf6f1e07fa3cd07fca5698b5513f958820
diag-run-705fa82914c9a73468ee,task-v2-e449b07a1126,g-e0c69f84d376b633,v2-S5-b001-g-e0c69f84d376b633,S5,D2,19,3.814697265625e-06,5.418539921951662,P3_CONTINUATION_B4,COBYLA,1103,480,4,False,"[4.690231578889802, 4.3110646063551235, 0.0, 0.5706562313838119, -1.1416019197896545, 0.0]","[5.10250481416103, 5.485812946819493, 1.0549028347159595, 0.7970295924394432, -1.1335843833364614, -0.12604537548224243]","[5.10250481416103, 5.485812946819493, 1.0549028347159595, 0.7970295924394432, -1.1335843833364614, -0.12604537548224243]",1.5647111707147203,1.3332928329021605,1.3332928329021605,1.3332928329021605,0.2314183378125602,0.2314183378125602,0.0015425371695886,0.0046264913672609,0.0046264913672609,0.0009785908186547,0.0028792535638187,0.0028792535638187,0.6344033958778066,0.6223406325133485,0.6223406325133485,2.606775559715444,3.0837916780899826,3.0837916780899826,1.0000000000000004,0.9999999999999984,0.9999999999999984,0.0492602132450747,1.0789990356321812,0.2050335840249066,1.284032619657088,1.3332928329021627,2.4424906541753444e-15,0.0046264913672609,0.792817926289682,0.0028749317703911,0.1996806505726642,0.9924985768623462,0.2025555823430554,0.9999999999999984,OBJECTIVE_AND_FEASIBILITY_IMPROVE,480,480,1,481,3,Return from COBYLA because the objective function has been evaluated MAXFUN times.,False,True,374.4946971070021,209.046875,SUCCESS,,4125a14ecf0cf9f70644007cd1634ecf6f1e07fa3cd07fca5698b5513f958820
diag-run-112949dbc71a8c7ad0e1,task-v2-f5c9b9bdeb27,g-a87f1b9ac089cc45,v2-S5-b000-g-a87f1b9ac089cc45,S5,D7,19,1.9073486328125e-05,4.719569917615643,P3_CONTINUATION_B2,COBYLA,2207,240,2,False,"[6.487422177937001, 4.489335658746522, 0.0, 2.4302172968027707, 0.09463589246260522, 0.0]","[7.313731452124091, 4.609986104071727, 0.14495495079035206, 2.400307411754112, 0.20956446768250958, -0.1267784899772107]","[7.313731452124091, 4.609986104071727, 0.14495495079035206, 2.400307411754112, 0.20956446768250958, -0.1267784899772107]",1.4127457292647132,1.316762858803158,1.316762858803158,1.316762858803158,0.09598287046155529,0.09598287046155529,0.006813227341655313,0.010598155718931065,0.010598155718931065,0.0015204493637917507,0.0030791276069221133,0.0030791276069221133,0.22316140171866755,0.2905342862081173,0.2905342862081173,2.552922798200298,2.744800213939043,2.744800213939043,1.0000000000000029,1.0000000000000013,1.0000000000000013,0.1128747420422246,1.1101733540868728,0.09371476267406112,1.2038881167609339,1.3167628588031586,6.661338147750939e-16,0.010598155718931067,0.9007916065791117,0.0,0.08861023770195844,0.98940184428107,0.08861023770195844,1.0000000000000013,OBJECTIVE_AND_FEASIBILITY_IMPROVE,240,240,1,241,3,Return from COBYLA because the objective function has been evaluated MAXFUN times.,False,True,250.07539811823517,208.328125,SUCCESS,,4125a14ecf0cf9f70644007cd1634ecf6f1e07fa3cd07fca5698b5513f958820
diag-run-f7e3600c479b067a3a04,task-v2-f5c9b9bdeb27,g-a87f1b9ac089cc45,v2-S5-b000-g-a87f1b9ac089cc45,S5,D7,19,1.9073486328125e-05,4.719569917615643,P3_CONTINUATION_B4,COBYLA,2207,480,4,False,"[6.487422177937001, 4.489335658746522, 0.0, 2.4302172968027707, 0.09463589246260522, 0.0]","[7.293565401533964, 4.682684669152869, 0.4011430582374051, 2.3860729962171514, 0.2797050745578238, -0.1873172213403813]","[7.293565401533964, 4.682684669152869, 0.4011430582374051, 2.3860729962171514, 0.2797050745578238, -0.1873172213403813]",1.4127457292647132,1.3034452051253225,1.3034452051253225,1.3034452051253225,0.10930052413939073,0.10930052413939073,0.006813227341655313,0.012352579880086869,0.012352579880086869,0.0015204493637917507,0.0034982120955315186,0.0034982120955315186,0.22316140171866755,0.2831968810961389,0.2831968810961389,2.552922798200298,2.811327588626299,2.811327588626299,1.0000000000000029,1.0000000000000044,1.0000000000000044,0.11043577742400866,1.1068821734717733,0.08612725422954244,1.1930094277013157,1.3034452051253242,1.7763568394002505e-15,0.012352579880086869,0.9064601304069391,0.0,0.0811872897129785,0.9876474201199177,0.0811872897129785,1.0000000000000044,OBJECTIVE_AND_FEASIBILITY_IMPROVE,480,480,1,481,3,Return from COBYLA because the objective function has been evaluated MAXFUN times.,False,True,359.5314056966454,208.328125,SUCCESS,,4125a14ecf0cf9f70644007cd1634ecf6f1e07fa3cd07fca5698b5513f958820
